user_id,interest_id,affinity_score,source
U0001,INT33,95,Engagement-inferred
U0001,INT19,84,Lookalike model
U0001,INT35,80,Engagement-inferred
U0001,INT34,76,Engagement-inferred
U0001,INT38,74,Declared
U0001,INT47,73,Engagement-inferred
U0001,INT10,71,Engagement-inferred
U0001,INT07,68,Engagement-inferred
U0001,INT20,67,Engagement-inferred
U0001,INT09,66,Engagement-inferred
U0001,INT21,66,Engagement-inferred
U0001,INT18,63,Engagement-inferred
U0001,INT08,61,Declared
U0001,INT05,61,Engagement-inferred
U0002,INT25,89,Engagement-inferred
U0002,INT34,82,Declared
U0002,INT46,78,Declared
U0002,INT33,78,Engagement-inferred
U0002,INT47,77,Lookalike model
U0002,INT44,71,Engagement-inferred
U0002,INT35,70,Declared
U0002,INT14,68,Engagement-inferred
U0002,INT49,67,Engagement-inferred
U0002,INT38,67,Declared
U0002,INT10,65,Engagement-inferred
U0002,INT01,64,Engagement-inferred
U0002,INT11,64,Declared
U0002,INT16,54,Lookalike model
U0003,INT40,93,Engagement-inferred
U0003,INT03,88,Engagement-inferred
U0003,INT47,88,Engagement-inferred
U0003,INT41,87,Engagement-inferred
U0003,INT36,86,Engagement-inferred
U0003,INT38,84,Lookalike model
U0003,INT42,83,Engagement-inferred
U0003,INT37,80,Engagement-inferred
U0003,INT04,80,Engagement-inferred
U0003,INT14,79,Engagement-inferred
U0003,INT26,79,Declared
U0003,INT05,78,Lookalike model
U0003,INT10,75,Lookalike model
U0003,INT39,74,Engagement-inferred
U0004,INT16,100,Engagement-inferred
U0004,INT17,94,Engagement-inferred
U0004,INT44,84,Declared
U0004,INT12,81,Engagement-inferred
U0004,INT43,78,Lookalike model
U0004,INT10,77,Engagement-inferred
U0004,INT40,70,Engagement-inferred
U0004,INT32,63,Engagement-inferred
U0004,INT01,63,Engagement-inferred
U0004,INT26,63,Engagement-inferred
U0004,INT42,61,Engagement-inferred
U0004,INT46,61,Engagement-inferred
U0004,INT06,60,Engagement-inferred
U0004,INT28,57,Engagement-inferred
U0005,INT25,78,Engagement-inferred
U0005,INT26,75,Engagement-inferred
U0005,INT10,68,Engagement-inferred
U0005,INT47,66,Declared
U0005,INT27,61,Engagement-inferred
U0005,INT31,59,Lookalike model
U0005,INT29,59,Engagement-inferred
U0005,INT22,58,Engagement-inferred
U0005,INT28,58,Declared
U0005,INT46,58,Lookalike model
U0005,INT24,58,Engagement-inferred
U0005,INT38,55,Declared
U0005,INT23,54,Engagement-inferred
U0005,INT16,52,Engagement-inferred
U0006,INT21,91,Engagement-inferred
U0006,INT18,90,Engagement-inferred
U0006,INT19,89,Declared
U0006,INT26,87,Engagement-inferred
U0006,INT44,82,Engagement-inferred
U0006,INT28,76,Declared
U0006,INT32,74,Engagement-inferred
U0006,INT20,74,Engagement-inferred
U0006,INT27,74,Engagement-inferred
U0006,INT29,72,Declared
U0006,INT31,71,Engagement-inferred
U0006,INT47,71,Lookalike model
U0006,INT30,70,Declared
U0006,INT43,67,Engagement-inferred
U0007,INT04,91,Engagement-inferred
U0007,INT22,86,Engagement-inferred
U0007,INT24,84,Engagement-inferred
U0007,INT03,82,Engagement-inferred
U0007,INT23,82,Engagement-inferred
U0007,INT07,82,Declared
U0007,INT08,73,Declared
U0007,INT15,68,Lookalike model
U0007,INT05,66,Engagement-inferred
U0007,INT42,65,Declared
U0007,INT47,63,Engagement-inferred
U0007,INT09,61,Declared
U0007,INT41,61,Engagement-inferred
U0007,INT46,60,Engagement-inferred
U0008,INT10,98,Engagement-inferred
U0008,INT40,88,Lookalike model
U0008,INT41,86,Lookalike model
U0008,INT42,85,Engagement-inferred
U0008,INT17,80,Engagement-inferred
U0008,INT25,80,Engagement-inferred
U0008,INT49,76,Engagement-inferred
U0008,INT48,76,Engagement-inferred
U0008,INT16,75,Declared
U0008,INT11,74,Engagement-inferred
U0008,INT26,68,Engagement-inferred
U0008,INT30,68,Engagement-inferred
U0008,INT33,67,Lookalike model
U0008,INT05,67,Engagement-inferred
U0009,INT33,94,Lookalike model
U0009,INT34,90,Engagement-inferred
U0009,INT07,90,Engagement-inferred
U0009,INT16,88,Engagement-inferred
U0009,INT17,84,Engagement-inferred
U0009,INT35,83,Declared
U0009,INT12,80,Engagement-inferred
U0009,INT08,78,Engagement-inferred
U0009,INT47,70,Lookalike model
U0009,INT09,65,Engagement-inferred
U0009,INT26,61,Lookalike model
U0009,INT38,61,Lookalike model
U0009,INT50,60,Engagement-inferred
U0009,INT48,59,Declared
U0010,INT16,92,Engagement-inferred
U0010,INT03,88,Engagement-inferred
U0010,INT05,87,Engagement-inferred
U0010,INT27,81,Engagement-inferred
U0010,INT26,81,Engagement-inferred
U0010,INT28,78,Engagement-inferred
U0010,INT18,74,Lookalike model
U0010,INT04,72,Lookalike model
U0010,INT07,72,Engagement-inferred
U0010,INT10,71,Engagement-inferred
U0010,INT30,69,Engagement-inferred
U0010,INT31,66,Declared
U0010,INT29,66,Lookalike model
U0010,INT19,65,Engagement-inferred
U0011,INT24,93,Lookalike model
U0011,INT22,92,Lookalike model
U0011,INT23,81,Engagement-inferred
U0011,INT07,72,Engagement-inferred
U0011,INT15,70,Engagement-inferred
U0011,INT36,68,Engagement-inferred
U0011,INT03,65,Declared
U0011,INT42,62,Engagement-inferred
U0011,INT10,59,Lookalike model
U0011,INT25,57,Engagement-inferred
U0011,INT06,56,Lookalike model
U0011,INT01,55,Engagement-inferred
U0011,INT41,54,Engagement-inferred
U0011,INT38,54,Engagement-inferred
U0012,INT23,94,Lookalike model
U0012,INT22,93,Engagement-inferred
U0012,INT25,92,Lookalike model
U0012,INT26,91,Engagement-inferred
U0012,INT27,90,Declared
U0012,INT24,85,Lookalike model
U0012,INT30,85,Engagement-inferred
U0012,INT32,80,Engagement-inferred
U0012,INT15,78,Engagement-inferred
U0012,INT31,74,Declared
U0012,INT28,73,Engagement-inferred
U0012,INT29,73,Lookalike model
U0012,INT45,65,Engagement-inferred
U0012,INT49,62,Engagement-inferred
U0013,INT47,91,Lookalike model
U0013,INT03,88,Declared
U0013,INT19,86,Lookalike model
U0013,INT04,78,Declared
U0013,INT07,74,Declared
U0013,INT38,73,Engagement-inferred
U0013,INT26,73,Engagement-inferred
U0013,INT20,71,Engagement-inferred
U0013,INT01,71,Engagement-inferred
U0013,INT05,71,Engagement-inferred
U0013,INT33,71,Lookalike model
U0013,INT18,69,Declared
U0013,INT28,68,Engagement-inferred
U0013,INT34,65,Engagement-inferred
U0014,INT33,100,Engagement-inferred
U0014,INT34,81,Engagement-inferred
U0014,INT26,81,Engagement-inferred
U0014,INT09,79,Engagement-inferred
U0014,INT07,76,Lookalike model
U0014,INT35,75,Lookalike model
U0014,INT38,73,Engagement-inferred
U0014,INT47,72,Lookalike model
U0014,INT01,71,Declared
U0014,INT44,67,Engagement-inferred
U0014,INT10,65,Engagement-inferred
U0014,INT27,64,Engagement-inferred
U0014,INT29,63,Engagement-inferred
U0014,INT08,61,Engagement-inferred
U0015,INT44,98,Declared
U0015,INT22,96,Declared
U0015,INT16,95,Engagement-inferred
U0015,INT07,88,Engagement-inferred
U0015,INT04,85,Declared
U0015,INT46,85,Declared
U0015,INT24,84,Engagement-inferred
U0015,INT23,82,Engagement-inferred
U0015,INT09,82,Engagement-inferred
U0015,INT08,81,Engagement-inferred
U0015,INT43,78,Engagement-inferred
U0015,INT03,75,Lookalike model
U0015,INT17,73,Engagement-inferred
U0015,INT19,73,Lookalike model
U0016,INT07,100,Engagement-inferred
U0016,INT22,93,Engagement-inferred
U0016,INT40,88,Engagement-inferred
U0016,INT08,84,Declared
U0016,INT26,82,Lookalike model
U0016,INT16,82,Engagement-inferred
U0016,INT41,80,Engagement-inferred
U0016,INT30,79,Engagement-inferred
U0016,INT23,75,Lookalike model
U0016,INT24,75,Engagement-inferred
U0016,INT29,74,Declared
U0016,INT27,74,Engagement-inferred
U0016,INT14,73,Engagement-inferred
U0016,INT11,72,Engagement-inferred
U0017,INT36,90,Engagement-inferred
U0017,INT40,85,Engagement-inferred
U0017,INT39,80,Lookalike model
U0017,INT11,80,Declared
U0017,INT37,74,Engagement-inferred
U0017,INT23,74,Engagement-inferred
U0017,INT07,70,Engagement-inferred
U0017,INT14,68,Lookalike model
U0017,INT24,67,Declared
U0017,INT22,66,Engagement-inferred
U0017,INT42,65,Engagement-inferred
U0017,INT25,65,Lookalike model
U0017,INT10,63,Declared
U0017,INT16,63,Engagement-inferred
U0018,INT40,98,Engagement-inferred
U0018,INT26,95,Engagement-inferred
U0018,INT41,79,Declared
U0018,INT44,79,Engagement-inferred
U0018,INT42,79,Lookalike model
U0018,INT11,78,Lookalike model
U0018,INT27,78,Lookalike model
U0018,INT32,77,Lookalike model
U0018,INT28,71,Engagement-inferred
U0018,INT29,71,Lookalike model
U0018,INT03,70,Lookalike model
U0018,INT36,68,Engagement-inferred
U0018,INT17,62,Declared
U0018,INT30,62,Engagement-inferred
U0019,INT38,92,Engagement-inferred
U0019,INT47,92,Engagement-inferred
U0019,INT07,86,Engagement-inferred
U0019,INT14,83,Engagement-inferred
U0019,INT40,80,Engagement-inferred
U0019,INT08,76,Engagement-inferred
U0019,INT11,74,Declared
U0019,INT09,69,Lookalike model
U0019,INT22,69,Lookalike model
U0019,INT42,66,Lookalike model
U0019,INT10,66,Engagement-inferred
U0019,INT25,66,Engagement-inferred
U0019,INT23,63,Declared
U0019,INT41,63,Engagement-inferred
U0020,INT10,80,Engagement-inferred
U0020,INT25,74,Engagement-inferred
U0020,INT14,74,Engagement-inferred
U0020,INT11,74,Engagement-inferred
U0020,INT04,72,Declared
U0020,INT03,69,Declared
U0020,INT05,64,Lookalike model
U0020,INT16,60,Engagement-inferred
U0020,INT08,59,Engagement-inferred
U0020,INT07,59,Declared
U0020,INT24,57,Engagement-inferred
U0020,INT12,56,Engagement-inferred
U0020,INT26,56,Declared
U0020,INT15,52,Engagement-inferred
U0021,INT16,91,Engagement-inferred
U0021,INT43,87,Engagement-inferred
U0021,INT44,84,Engagement-inferred
U0021,INT26,83,Declared
U0021,INT38,83,Engagement-inferred
U0021,INT47,80,Engagement-inferred
U0021,INT30,80,Engagement-inferred
U0021,INT27,76,Engagement-inferred
U0021,INT17,75,Declared
U0021,INT10,75,Engagement-inferred
U0021,INT29,74,Engagement-inferred
U0021,INT32,74,Engagement-inferred
U0021,INT12,73,Engagement-inferred
U0021,INT46,73,Engagement-inferred
U0022,INT44,97,Engagement-inferred
U0022,INT04,82,Lookalike model
U0022,INT43,82,Engagement-inferred
U0022,INT03,78,Engagement-inferred
U0022,INT05,76,Engagement-inferred
U0022,INT16,76,Lookalike model
U0022,INT10,75,Lookalike model
U0022,INT46,73,Engagement-inferred
U0022,INT29,71,Engagement-inferred
U0022,INT22,71,Lookalike model
U0022,INT27,69,Lookalike model
U0022,INT26,68,Declared
U0022,INT23,66,Engagement-inferred
U0022,INT17,65,Engagement-inferred
U0023,INT36,89,Engagement-inferred
U0023,INT07,81,Engagement-inferred
U0023,INT44,79,Engagement-inferred
U0023,INT39,73,Declared
U0023,INT37,70,Engagement-inferred
U0023,INT43,70,Declared
U0023,INT14,68,Lookalike model
U0023,INT08,67,Engagement-inferred
U0023,INT11,63,Engagement-inferred
U0023,INT09,61,Engagement-inferred
U0023,INT03,61,Engagement-inferred
U0023,INT47,55,Engagement-inferred
U0023,INT04,54,Declared
U0023,INT38,53,Declared
U0024,INT19,85,Declared
U0024,INT21,80,Engagement-inferred
U0024,INT26,76,Engagement-inferred
U0024,INT17,74,Lookalike model
U0024,INT40,73,Engagement-inferred
U0024,INT25,72,Engagement-inferred
U0024,INT45,72,Engagement-inferred
U0024,INT20,72,Lookalike model
U0024,INT38,71,Lookalike model
U0024,INT05,71,Declared
U0024,INT16,70,Engagement-inferred
U0024,INT42,70,Engagement-inferred
U0024,INT41,69,Engagement-inferred
U0024,INT18,67,Engagement-inferred
U0025,INT07,100,Engagement-inferred
U0025,INT08,95,Lookalike model
U0025,INT34,90,Lookalike model
U0025,INT33,88,Engagement-inferred
U0025,INT41,83,Lookalike model
U0025,INT04,83,Engagement-inferred
U0025,INT09,80,Declared
U0025,INT03,74,Engagement-inferred
U0025,INT40,73,Engagement-inferred
U0025,INT35,69,Engagement-inferred
U0025,INT10,68,Declared
U0025,INT37,67,Engagement-inferred
U0025,INT49,66,Engagement-inferred
U0025,INT42,66,Engagement-inferred
U0026,INT33,100,Engagement-inferred
U0026,INT26,100,Lookalike model
U0026,INT19,94,Declared
U0026,INT40,93,Engagement-inferred
U0026,INT01,93,Engagement-inferred
U0026,INT18,90,Lookalike model
U0026,INT28,90,Lookalike model
U0026,INT20,89,Engagement-inferred
U0026,INT27,88,Engagement-inferred
U0026,INT21,87,Engagement-inferred
U0026,INT32,84,Engagement-inferred
U0026,INT35,82,Engagement-inferred
U0026,INT02,82,Declared
U0026,INT41,81,Declared
U0027,INT16,81,Declared
U0027,INT44,79,Engagement-inferred
U0027,INT33,78,Declared
U0027,INT36,77,Lookalike model
U0027,INT14,77,Engagement-inferred
U0027,INT11,76,Lookalike model
U0027,INT43,73,Engagement-inferred
U0027,INT17,68,Engagement-inferred
U0027,INT24,68,Engagement-inferred
U0027,INT34,66,Engagement-inferred
U0027,INT10,64,Engagement-inferred
U0027,INT48,62,Engagement-inferred
U0027,INT23,62,Lookalike model
U0027,INT22,61,Engagement-inferred
U0028,INT11,83,Engagement-inferred
U0028,INT44,76,Lookalike model
U0028,INT14,76,Engagement-inferred
U0028,INT25,75,Engagement-inferred
U0028,INT08,65,Engagement-inferred
U0028,INT07,63,Engagement-inferred
U0028,INT17,62,Engagement-inferred
U0028,INT12,62,Declared
U0028,INT04,61,Engagement-inferred
U0028,INT16,60,Engagement-inferred
U0028,INT09,56,Declared
U0028,INT03,55,Declared
U0028,INT43,50,Declared
U0028,INT40,46,Engagement-inferred
U0029,INT49,95,Engagement-inferred
U0029,INT26,89,Engagement-inferred
U0029,INT27,84,Engagement-inferred
U0029,INT47,83,Engagement-inferred
U0029,INT29,83,Engagement-inferred
U0029,INT48,82,Engagement-inferred
U0029,INT07,80,Lookalike model
U0029,INT38,73,Engagement-inferred
U0029,INT50,70,Engagement-inferred
U0029,INT28,70,Engagement-inferred
U0029,INT30,69,Engagement-inferred
U0029,INT31,69,Engagement-inferred
U0029,INT08,68,Declared
U0029,INT44,68,Lookalike model
U0030,INT44,96,Engagement-inferred
U0030,INT33,89,Engagement-inferred
U0030,INT11,89,Lookalike model
U0030,INT43,84,Engagement-inferred
U0030,INT14,83,Engagement-inferred
U0030,INT35,81,Declared
U0030,INT01,75,Engagement-inferred
U0030,INT07,75,Lookalike model
U0030,INT03,74,Declared
U0030,INT34,70,Declared
U0030,INT36,70,Engagement-inferred
U0030,INT05,67,Lookalike model
U0030,INT04,64,Engagement-inferred
U0030,INT37,61,Engagement-inferred
U0031,INT33,81,Engagement-inferred
U0031,INT34,81,Engagement-inferred
U0031,INT35,80,Declared
U0031,INT46,67,Declared
U0031,INT19,66,Lookalike model
U0031,INT45,65,Engagement-inferred
U0031,INT21,62,Engagement-inferred
U0031,INT10,61,Engagement-inferred
U0031,INT25,60,Engagement-inferred
U0031,INT01,57,Engagement-inferred
U0031,INT20,57,Engagement-inferred
U0031,INT18,56,Engagement-inferred
U0031,INT40,56,Engagement-inferred
U0031,INT06,55,Engagement-inferred
U0032,INT33,100,Engagement-inferred
U0032,INT07,100,Engagement-inferred
U0032,INT09,96,Engagement-inferred
U0032,INT44,95,Engagement-inferred
U0032,INT08,87,Declared
U0032,INT43,87,Engagement-inferred
U0032,INT27,76,Engagement-inferred
U0032,INT41,75,Engagement-inferred
U0032,INT34,75,Engagement-inferred
U0032,INT25,74,Engagement-inferred
U0032,INT35,69,Declared
U0032,INT24,68,Engagement-inferred
U0032,INT18,68,Engagement-inferred
U0032,INT26,67,Engagement-inferred
U0033,INT44,93,Declared
U0033,INT03,84,Engagement-inferred
U0033,INT04,82,Declared
U0033,INT01,79,Engagement-inferred
U0033,INT02,71,Engagement-inferred
U0033,INT49,71,Engagement-inferred
U0033,INT43,71,Engagement-inferred
U0033,INT48,69,Declared
U0033,INT14,68,Engagement-inferred
U0033,INT05,67,Lookalike model
U0033,INT36,64,Engagement-inferred
U0033,INT50,64,Engagement-inferred
U0033,INT46,61,Engagement-inferred
U0033,INT37,59,Engagement-inferred
U0034,INT26,100,Declared
U0034,INT28,88,Declared
U0034,INT10,77,Declared
U0034,INT27,74,Declared
U0034,INT30,71,Engagement-inferred
U0034,INT29,71,Engagement-inferred
U0034,INT32,69,Engagement-inferred
U0034,INT31,62,Engagement-inferred
U0034,INT34,57,Engagement-inferred
U0034,INT19,57,Declared
U0034,INT33,56,Lookalike model
U0034,INT07,54,Declared
U0034,INT18,53,Engagement-inferred
U0034,INT44,49,Engagement-inferred
U0035,INT49,100,Engagement-inferred
U0035,INT48,93,Lookalike model
U0035,INT22,84,Lookalike model
U0035,INT23,83,Engagement-inferred
U0035,INT33,82,Engagement-inferred
U0035,INT24,81,Lookalike model
U0035,INT50,81,Engagement-inferred
U0035,INT36,80,Engagement-inferred
U0035,INT34,77,Engagement-inferred
U0035,INT15,75,Lookalike model
U0035,INT01,73,Engagement-inferred
U0035,INT26,73,Declared
U0035,INT21,71,Engagement-inferred
U0035,INT20,69,Engagement-inferred
U0036,INT03,100,Engagement-inferred
U0036,INT18,98,Engagement-inferred
U0036,INT19,97,Engagement-inferred
U0036,INT21,95,Engagement-inferred
U0036,INT26,92,Declared
U0036,INT20,89,Engagement-inferred
U0036,INT04,88,Declared
U0036,INT05,87,Engagement-inferred
U0036,INT40,86,Engagement-inferred
U0036,INT32,75,Engagement-inferred
U0036,INT27,75,Engagement-inferred
U0036,INT10,72,Lookalike model
U0036,INT42,70,Declared
U0036,INT29,70,Lookalike model
U0037,INT26,82,Engagement-inferred
U0037,INT24,80,Lookalike model
U0037,INT22,79,Declared
U0037,INT30,77,Engagement-inferred
U0037,INT03,73,Engagement-inferred
U0037,INT34,71,Lookalike model
U0037,INT23,69,Lookalike model
U0037,INT25,68,Declared
U0037,INT27,67,Engagement-inferred
U0037,INT33,67,Declared
U0037,INT04,66,Engagement-inferred
U0037,INT35,65,Engagement-inferred
U0037,INT28,65,Engagement-inferred
U0037,INT31,64,Engagement-inferred
U0038,INT10,96,Engagement-inferred
U0038,INT11,83,Engagement-inferred
U0038,INT38,81,Engagement-inferred
U0038,INT47,80,Lookalike model
U0038,INT16,78,Declared
U0038,INT17,75,Engagement-inferred
U0038,INT01,74,Declared
U0038,INT05,69,Declared
U0038,INT14,69,Lookalike model
U0038,INT02,64,Engagement-inferred
U0038,INT04,64,Lookalike model
U0038,INT25,63,Declared
U0038,INT44,62,Engagement-inferred
U0038,INT06,61,Engagement-inferred
U0039,INT26,100,Engagement-inferred
U0039,INT47,93,Engagement-inferred
U0039,INT28,89,Engagement-inferred
U0039,INT38,81,Engagement-inferred
U0039,INT43,80,Engagement-inferred
U0039,INT27,77,Engagement-inferred
U0039,INT11,76,Engagement-inferred
U0039,INT01,74,Engagement-inferred
U0039,INT14,71,Lookalike model
U0039,INT32,70,Declared
U0039,INT30,70,Engagement-inferred
U0039,INT44,69,Engagement-inferred
U0039,INT31,69,Engagement-inferred
U0039,INT29,68,Lookalike model
U0040,INT11,81,Engagement-inferred
U0040,INT14,80,Lookalike model
U0040,INT46,80,Engagement-inferred
U0040,INT26,79,Engagement-inferred
U0040,INT16,74,Engagement-inferred
U0040,INT03,73,Engagement-inferred
U0040,INT44,71,Engagement-inferred
U0040,INT05,71,Engagement-inferred
U0040,INT32,71,Engagement-inferred
U0040,INT35,68,Lookalike model
U0040,INT33,67,Engagement-inferred
U0040,INT27,67,Engagement-inferred
U0040,INT28,65,Engagement-inferred
U0040,INT43,64,Engagement-inferred
U0041,INT24,100,Lookalike model
U0041,INT33,90,Declared
U0041,INT22,89,Declared
U0041,INT10,89,Lookalike model
U0041,INT23,84,Declared
U0041,INT01,83,Engagement-inferred
U0041,INT26,79,Engagement-inferred
U0041,INT47,78,Engagement-inferred
U0041,INT06,76,Engagement-inferred
U0041,INT25,74,Declared
U0041,INT38,74,Declared
U0041,INT16,73,Declared
U0041,INT07,73,Engagement-inferred
U0041,INT15,73,Engagement-inferred
U0042,INT33,89,Lookalike model
U0042,INT07,80,Engagement-inferred
U0042,INT08,75,Engagement-inferred
U0042,INT25,75,Engagement-inferred
U0042,INT34,74,Engagement-inferred
U0042,INT38,70,Engagement-inferred
U0042,INT03,69,Engagement-inferred
U0042,INT45,67,Engagement-inferred
U0042,INT09,63,Declared
U0042,INT41,62,Lookalike model
U0042,INT35,61,Engagement-inferred
U0042,INT16,58,Engagement-inferred
U0042,INT40,57,Lookalike model
U0042,INT17,56,Lookalike model
U0043,INT24,86,Engagement-inferred
U0043,INT23,83,Engagement-inferred
U0043,INT10,81,Engagement-inferred
U0043,INT11,81,Lookalike model
U0043,INT03,78,Engagement-inferred
U0043,INT14,76,Declared
U0043,INT22,72,Engagement-inferred
U0043,INT33,72,Engagement-inferred
U0043,INT05,71,Declared
U0043,INT35,70,Engagement-inferred
U0043,INT26,70,Engagement-inferred
U0043,INT29,69,Engagement-inferred
U0043,INT04,69,Lookalike model
U0043,INT06,66,Engagement-inferred
U0044,INT07,79,Engagement-inferred
U0044,INT34,70,Engagement-inferred
U0044,INT19,69,Engagement-inferred
U0044,INT04,69,Engagement-inferred
U0044,INT25,68,Engagement-inferred
U0044,INT33,65,Engagement-inferred
U0044,INT18,64,Engagement-inferred
U0044,INT09,63,Declared
U0044,INT08,63,Lookalike model
U0044,INT05,59,Lookalike model
U0044,INT03,59,Engagement-inferred
U0044,INT11,59,Lookalike model
U0044,INT15,58,Engagement-inferred
U0044,INT10,58,Declared
U0045,INT33,82,Lookalike model
U0045,INT48,80,Engagement-inferred
U0045,INT49,79,Declared
U0045,INT11,77,Engagement-inferred
U0045,INT04,76,Engagement-inferred
U0045,INT40,73,Engagement-inferred
U0045,INT14,72,Engagement-inferred
U0045,INT50,70,Lookalike model
U0045,INT03,70,Lookalike model
U0045,INT35,69,Engagement-inferred
U0045,INT42,66,Declared
U0045,INT34,66,Engagement-inferred
U0045,INT07,66,Engagement-inferred
U0045,INT05,65,Engagement-inferred
U0046,INT20,83,Engagement-inferred
U0046,INT18,76,Engagement-inferred
U0046,INT11,72,Lookalike model
U0046,INT19,72,Engagement-inferred
U0046,INT43,72,Engagement-inferred
U0046,INT21,72,Engagement-inferred
U0046,INT46,69,Lookalike model
U0046,INT40,67,Engagement-inferred
U0046,INT42,63,Declared
U0046,INT44,62,Declared
U0046,INT14,62,Declared
U0046,INT48,59,Engagement-inferred
U0046,INT41,58,Lookalike model
U0046,INT49,57,Lookalike model
U0047,INT03,98,Engagement-inferred
U0047,INT19,95,Engagement-inferred
U0047,INT04,93,Declared
U0047,INT20,89,Engagement-inferred
U0047,INT18,77,Lookalike model
U0047,INT05,77,Lookalike model
U0047,INT21,74,Engagement-inferred
U0047,INT23,70,Engagement-inferred
U0047,INT22,67,Lookalike model
U0047,INT29,62,Declared
U0047,INT26,60,Engagement-inferred
U0047,INT24,57,Engagement-inferred
U0047,INT15,52,Engagement-inferred
U0047,INT30,52,Declared
U0048,INT07,100,Lookalike model
U0048,INT44,93,Lookalike model
U0048,INT09,92,Lookalike model
U0048,INT08,92,Engagement-inferred
U0048,INT46,87,Engagement-inferred
U0048,INT26,87,Engagement-inferred
U0048,INT24,86,Engagement-inferred
U0048,INT43,86,Engagement-inferred
U0048,INT27,79,Engagement-inferred
U0048,INT10,73,Engagement-inferred
U0048,INT23,72,Lookalike model
U0048,INT28,72,Declared
U0048,INT22,70,Engagement-inferred
U0048,INT25,68,Engagement-inferred
U0049,INT16,97,Declared
U0049,INT03,84,Engagement-inferred
U0049,INT26,83,Engagement-inferred
U0049,INT29,82,Lookalike model
U0049,INT17,80,Engagement-inferred
U0049,INT05,79,Declared
U0049,INT33,79,Engagement-inferred
U0049,INT01,77,Engagement-inferred
U0049,INT32,76,Declared
U0049,INT04,75,Engagement-inferred
U0049,INT35,73,Engagement-inferred
U0049,INT28,73,Engagement-inferred
U0049,INT44,71,Engagement-inferred
U0049,INT27,71,Engagement-inferred
U0050,INT08,82,Lookalike model
U0050,INT07,80,Engagement-inferred
U0050,INT26,77,Declared
U0050,INT36,72,Declared
U0050,INT14,71,Engagement-inferred
U0050,INT29,70,Engagement-inferred
U0050,INT09,70,Engagement-inferred
U0050,INT27,70,Engagement-inferred
U0050,INT11,69,Lookalike model
U0050,INT47,68,Engagement-inferred
U0050,INT30,68,Engagement-inferred
U0050,INT49,67,Lookalike model
U0050,INT28,66,Engagement-inferred
U0050,INT50,65,Engagement-inferred
U0051,INT26,88,Declared
U0051,INT17,84,Engagement-inferred
U0051,INT16,79,Declared
U0051,INT38,79,Declared
U0051,INT29,76,Declared
U0051,INT33,75,Declared
U0051,INT19,75,Engagement-inferred
U0051,INT11,74,Declared
U0051,INT28,71,Declared
U0051,INT34,70,Lookalike model
U0051,INT27,69,Declared
U0051,INT35,69,Engagement-inferred
U0051,INT47,68,Lookalike model
U0051,INT10,67,Engagement-inferred
U0052,INT28,91,Engagement-inferred
U0052,INT26,91,Engagement-inferred
U0052,INT10,85,Engagement-inferred
U0052,INT29,76,Engagement-inferred
U0052,INT27,76,Declared
U0052,INT47,74,Lookalike model
U0052,INT44,73,Engagement-inferred
U0052,INT32,73,Engagement-inferred
U0052,INT30,71,Engagement-inferred
U0052,INT38,70,Declared
U0052,INT31,68,Lookalike model
U0052,INT43,65,Lookalike model
U0052,INT36,57,Lookalike model
U0052,INT19,56,Engagement-inferred
U0053,INT26,100,Engagement-inferred
U0053,INT24,91,Lookalike model
U0053,INT22,88,Declared
U0053,INT36,86,Engagement-inferred
U0053,INT23,83,Engagement-inferred
U0053,INT04,79,Engagement-inferred
U0053,INT32,79,Lookalike model
U0053,INT15,79,Engagement-inferred
U0053,INT07,79,Engagement-inferred
U0053,INT03,75,Lookalike model
U0053,INT08,75,Declared
U0053,INT29,74,Engagement-inferred
U0053,INT01,73,Engagement-inferred
U0053,INT37,72,Declared
U0054,INT26,100,Lookalike model
U0054,INT40,91,Engagement-inferred
U0054,INT48,90,Engagement-inferred
U0054,INT17,89,Engagement-inferred
U0054,INT28,88,Engagement-inferred
U0054,INT16,85,Engagement-inferred
U0054,INT42,84,Engagement-inferred
U0054,INT19,83,Engagement-inferred
U0054,INT49,80,Declared
U0054,INT29,76,Declared
U0054,INT32,75,Engagement-inferred
U0054,INT41,74,Engagement-inferred
U0054,INT27,74,Engagement-inferred
U0054,INT30,73,Engagement-inferred
U0055,INT07,92,Engagement-inferred
U0055,INT49,91,Lookalike model
U0055,INT48,84,Lookalike model
U0055,INT09,80,Engagement-inferred
U0055,INT25,76,Engagement-inferred
U0055,INT08,74,Declared
U0055,INT47,68,Lookalike model
U0055,INT50,66,Engagement-inferred
U0055,INT38,63,Engagement-inferred
U0055,INT33,60,Lookalike model
U0055,INT01,54,Engagement-inferred
U0055,INT02,53,Declared
U0055,INT34,53,Declared
U0055,INT20,53,Lookalike model
U0056,INT26,90,Engagement-inferred
U0056,INT28,84,Engagement-inferred
U0056,INT45,82,Declared
U0056,INT33,81,Engagement-inferred
U0056,INT32,78,Engagement-inferred
U0056,INT19,76,Engagement-inferred
U0056,INT29,76,Engagement-inferred
U0056,INT27,76,Declared
U0056,INT18,74,Engagement-inferred
U0056,INT07,72,Lookalike model
U0056,INT25,71,Engagement-inferred
U0056,INT20,70,Engagement-inferred
U0056,INT04,69,Engagement-inferred
U0056,INT30,68,Engagement-inferred
U0057,INT26,88,Engagement-inferred
U0057,INT34,88,Engagement-inferred
U0057,INT33,86,Declared
U0057,INT28,85,Engagement-inferred
U0057,INT27,78,Engagement-inferred
U0057,INT29,75,Declared
U0057,INT10,75,Lookalike model
U0057,INT25,75,Lookalike model
U0057,INT35,72,Engagement-inferred
U0057,INT30,71,Engagement-inferred
U0057,INT32,69,Engagement-inferred
U0057,INT11,67,Engagement-inferred
U0057,INT31,66,Engagement-inferred
U0057,INT22,64,Engagement-inferred
U0058,INT26,90,Engagement-inferred
U0058,INT07,89,Engagement-inferred
U0058,INT38,83,Declared
U0058,INT27,81,Engagement-inferred
U0058,INT17,80,Engagement-inferred
U0058,INT14,77,Lookalike model
U0058,INT19,77,Engagement-inferred
U0058,INT16,75,Engagement-inferred
U0058,INT12,75,Engagement-inferred
U0058,INT11,74,Lookalike model
U0058,INT08,74,Declared
U0058,INT20,74,Engagement-inferred
U0058,INT28,72,Declared
U0058,INT47,71,Engagement-inferred
U0059,INT26,93,Declared
U0059,INT07,89,Engagement-inferred
U0059,INT30,88,Lookalike model
U0059,INT19,87,Lookalike model
U0059,INT28,86,Declared
U0059,INT29,86,Declared
U0059,INT21,80,Engagement-inferred
U0059,INT25,80,Engagement-inferred
U0059,INT11,78,Lookalike model
U0059,INT27,76,Lookalike model
U0059,INT01,74,Declared
U0059,INT32,74,Engagement-inferred
U0059,INT31,73,Engagement-inferred
U0059,INT02,72,Declared
U0060,INT26,100,Engagement-inferred
U0060,INT29,91,Lookalike model
U0060,INT19,84,Lookalike model
U0060,INT28,84,Engagement-inferred
U0060,INT01,84,Engagement-inferred
U0060,INT06,83,Engagement-inferred
U0060,INT30,79,Lookalike model
U0060,INT32,79,Lookalike model
U0060,INT16,79,Engagement-inferred
U0060,INT27,77,Declared
U0060,INT21,77,Declared
U0060,INT12,76,Declared
U0060,INT20,76,Declared
U0060,INT31,75,Engagement-inferred
U0061,INT26,100,Engagement-inferred
U0061,INT28,96,Engagement-inferred
U0061,INT40,92,Engagement-inferred
U0061,INT27,90,Declared
U0061,INT11,89,Engagement-inferred
U0061,INT30,85,Engagement-inferred
U0061,INT14,84,Engagement-inferred
U0061,INT25,81,Engagement-inferred
U0061,INT23,80,Engagement-inferred
U0061,INT24,80,Engagement-inferred
U0061,INT22,78,Engagement-inferred
U0061,INT29,77,Engagement-inferred
U0061,INT32,76,Engagement-inferred
U0061,INT42,74,Engagement-inferred
U0062,INT07,100,Engagement-inferred
U0062,INT08,89,Engagement-inferred
U0062,INT09,83,Engagement-inferred
U0062,INT47,82,Engagement-inferred
U0062,INT49,81,Engagement-inferred
U0062,INT26,79,Engagement-inferred
U0062,INT19,77,Lookalike model
U0062,INT48,75,Engagement-inferred
U0062,INT50,74,Declared
U0062,INT27,72,Declared
U0062,INT38,71,Engagement-inferred
U0062,INT32,71,Declared
U0062,INT17,71,Lookalike model
U0062,INT11,71,Engagement-inferred
U0063,INT07,88,Engagement-inferred
U0063,INT40,85,Lookalike model
U0063,INT47,85,Engagement-inferred
U0063,INT08,85,Lookalike model
U0063,INT28,84,Engagement-inferred
U0063,INT42,82,Declared
U0063,INT41,81,Engagement-inferred
U0063,INT26,79,Engagement-inferred
U0063,INT23,77,Lookalike model
U0063,INT22,76,Engagement-inferred
U0063,INT10,76,Lookalike model
U0063,INT01,74,Engagement-inferred
U0063,INT29,72,Declared
U0063,INT36,72,Engagement-inferred
U0064,INT07,77,Declared
U0064,INT08,73,Engagement-inferred
U0064,INT10,72,Engagement-inferred
U0064,INT40,70,Engagement-inferred
U0064,INT20,68,Lookalike model
U0064,INT09,68,Lookalike model
U0064,INT19,67,Declared
U0064,INT11,65,Declared
U0064,INT14,62,Declared
U0064,INT42,60,Engagement-inferred
U0064,INT25,57,Declared
U0064,INT28,55,Engagement-inferred
U0064,INT18,54,Lookalike model
U0064,INT41,54,Declared
U0065,INT26,100,Lookalike model
U0065,INT24,79,Engagement-inferred
U0065,INT31,79,Engagement-inferred
U0065,INT28,76,Engagement-inferred
U0065,INT32,76,Lookalike model
U0065,INT33,73,Lookalike model
U0065,INT22,72,Engagement-inferred
U0065,INT27,72,Engagement-inferred
U0065,INT15,66,Declared
U0065,INT30,65,Lookalike model
U0065,INT35,64,Engagement-inferred
U0065,INT29,63,Engagement-inferred
U0065,INT19,62,Lookalike model
U0065,INT23,62,Declared
U0066,INT07,81,Engagement-inferred
U0066,INT24,80,Engagement-inferred
U0066,INT08,77,Declared
U0066,INT26,76,Engagement-inferred
U0066,INT19,71,Engagement-inferred
U0066,INT34,70,Declared
U0066,INT15,70,Engagement-inferred
U0066,INT02,68,Engagement-inferred
U0066,INT01,68,Declared
U0066,INT22,68,Engagement-inferred
U0066,INT23,67,Engagement-inferred
U0066,INT10,67,Engagement-inferred
U0066,INT27,66,Engagement-inferred
U0066,INT25,65,Engagement-inferred
U0067,INT26,100,Engagement-inferred
U0067,INT28,98,Engagement-inferred
U0067,INT29,94,Declared
U0067,INT05,91,Lookalike model
U0067,INT04,91,Declared
U0067,INT03,86,Engagement-inferred
U0067,INT25,82,Lookalike model
U0067,INT27,79,Engagement-inferred
U0067,INT01,77,Engagement-inferred
U0067,INT07,76,Engagement-inferred
U0067,INT02,74,Lookalike model
U0067,INT32,74,Declared
U0067,INT30,73,Engagement-inferred
U0067,INT09,72,Engagement-inferred
U0068,INT07,78,Declared
U0068,INT47,71,Lookalike model
U0068,INT36,71,Declared
U0068,INT08,67,Engagement-inferred
U0068,INT25,64,Engagement-inferred
U0068,INT42,64,Engagement-inferred
U0068,INT09,63,Engagement-inferred
U0068,INT41,62,Engagement-inferred
U0068,INT40,61,Lookalike model
U0068,INT10,59,Lookalike model
U0068,INT38,57,Declared
U0068,INT05,57,Engagement-inferred
U0068,INT39,56,Engagement-inferred
U0068,INT24,55,Engagement-inferred
U0069,INT03,92,Declared
U0069,INT47,91,Declared
U0069,INT26,91,Engagement-inferred
U0069,INT28,90,Engagement-inferred
U0069,INT04,87,Engagement-inferred
U0069,INT27,80,Engagement-inferred
U0069,INT38,80,Engagement-inferred
U0069,INT05,79,Declared
U0069,INT30,76,Lookalike model
U0069,INT29,76,Engagement-inferred
U0069,INT32,74,Lookalike model
U0069,INT31,74,Engagement-inferred
U0069,INT10,71,Engagement-inferred
U0069,INT07,68,Declared
U0070,INT22,92,Engagement-inferred
U0070,INT07,90,Engagement-inferred
U0070,INT27,88,Engagement-inferred
U0070,INT08,87,Declared
U0070,INT24,86,Engagement-inferred
U0070,INT47,85,Engagement-inferred
U0070,INT26,84,Engagement-inferred
U0070,INT23,83,Declared
U0070,INT09,79,Lookalike model
U0070,INT28,79,Declared
U0070,INT31,78,Engagement-inferred
U0070,INT30,74,Lookalike model
U0070,INT15,72,Engagement-inferred
U0070,INT48,71,Engagement-inferred
U0071,INT01,79,Engagement-inferred
U0071,INT16,78,Engagement-inferred
U0071,INT07,78,Lookalike model
U0071,INT40,76,Engagement-inferred
U0071,INT38,75,Engagement-inferred
U0071,INT08,74,Engagement-inferred
U0071,INT19,73,Engagement-inferred
U0071,INT23,73,Lookalike model
U0071,INT20,73,Declared
U0071,INT22,70,Engagement-inferred
U0071,INT49,69,Declared
U0071,INT24,69,Declared
U0071,INT48,68,Engagement-inferred
U0071,INT02,66,Lookalike model
U0072,INT23,100,Engagement-inferred
U0072,INT16,98,Declared
U0072,INT22,92,Declared
U0072,INT24,87,Engagement-inferred
U0072,INT17,87,Engagement-inferred
U0072,INT26,85,Declared
U0072,INT40,80,Engagement-inferred
U0072,INT15,79,Engagement-inferred
U0072,INT28,78,Engagement-inferred
U0072,INT27,75,Lookalike model
U0072,INT29,70,Engagement-inferred
U0072,INT42,70,Engagement-inferred
U0072,INT30,70,Declared
U0072,INT19,69,Engagement-inferred
U0073,INT16,100,Declared
U0073,INT04,84,Engagement-inferred
U0073,INT03,83,Engagement-inferred
U0073,INT38,83,Engagement-inferred
U0073,INT47,81,Engagement-inferred
U0073,INT17,80,Engagement-inferred
U0073,INT12,77,Engagement-inferred
U0073,INT05,69,Declared
U0073,INT14,66,Declared
U0073,INT11,63,Engagement-inferred
U0073,INT27,55,Engagement-inferred
U0073,INT43,55,Engagement-inferred
U0073,INT24,54,Engagement-inferred
U0073,INT44,52,Lookalike model
U0074,INT26,100,Engagement-inferred
U0074,INT29,94,Declared
U0074,INT42,90,Declared
U0074,INT40,89,Engagement-inferred
U0074,INT27,87,Engagement-inferred
U0074,INT28,86,Declared
U0074,INT31,86,Engagement-inferred
U0074,INT47,84,Engagement-inferred
U0074,INT22,80,Lookalike model
U0074,INT36,79,Engagement-inferred
U0074,INT38,77,Declared
U0074,INT45,76,Engagement-inferred
U0074,INT01,75,Engagement-inferred
U0074,INT32,72,Declared
U0075,INT14,82,Declared
U0075,INT11,82,Engagement-inferred
U0075,INT50,76,Declared
U0075,INT47,75,Engagement-inferred
U0075,INT16,74,Engagement-inferred
U0075,INT49,73,Declared
U0075,INT38,71,Engagement-inferred
U0075,INT46,70,Engagement-inferred
U0075,INT30,69,Engagement-inferred
U0075,INT27,68,Lookalike model
U0075,INT26,68,Engagement-inferred
U0075,INT34,66,Engagement-inferred
U0075,INT48,65,Lookalike model
U0075,INT35,62,Engagement-inferred
U0076,INT43,79,Engagement-inferred
U0076,INT44,79,Engagement-inferred
U0076,INT22,77,Lookalike model
U0076,INT05,75,Engagement-inferred
U0076,INT04,74,Engagement-inferred
U0076,INT03,72,Engagement-inferred
U0076,INT10,65,Engagement-inferred
U0076,INT26,64,Engagement-inferred
U0076,INT25,64,Engagement-inferred
U0076,INT33,63,Engagement-inferred
U0076,INT23,62,Declared
U0076,INT27,62,Lookalike model
U0076,INT34,62,Lookalike model
U0076,INT24,60,Engagement-inferred
U0077,INT24,100,Engagement-inferred
U0077,INT16,100,Engagement-inferred
U0077,INT23,92,Engagement-inferred
U0077,INT22,85,Engagement-inferred
U0077,INT12,82,Lookalike model
U0077,INT17,79,Engagement-inferred
U0077,INT20,79,Lookalike model
U0077,INT11,78,Declared
U0077,INT15,69,Engagement-inferred
U0077,INT19,68,Lookalike model
U0077,INT10,68,Engagement-inferred
U0077,INT48,68,Engagement-inferred
U0077,INT50,68,Engagement-inferred
U0077,INT21,65,Engagement-inferred
U0078,INT08,87,Engagement-inferred
U0078,INT09,86,Engagement-inferred
U0078,INT07,79,Declared
U0078,INT24,76,Engagement-inferred
U0078,INT23,73,Declared
U0078,INT13,72,Engagement-inferred
U0078,INT01,72,Engagement-inferred
U0078,INT22,69,Engagement-inferred
U0078,INT26,68,Lookalike model
U0078,INT11,68,Engagement-inferred
U0078,INT15,64,Lookalike model
U0078,INT30,63,Engagement-inferred
U0078,INT10,63,Engagement-inferred
U0078,INT46,60,Engagement-inferred
U0079,INT47,100,Engagement-inferred
U0079,INT26,97,Declared
U0079,INT27,84,Engagement-inferred
U0079,INT38,81,Engagement-inferred
U0079,INT33,79,Engagement-inferred
U0079,INT07,77,Lookalike model
U0079,INT32,77,Engagement-inferred
U0079,INT25,75,Engagement-inferred
U0079,INT44,75,Engagement-inferred
U0079,INT30,70,Declared
U0079,INT28,70,Declared
U0079,INT46,69,Declared
U0079,INT29,67,Engagement-inferred
U0079,INT09,67,Engagement-inferred
U0080,INT36,100,Engagement-inferred
U0080,INT03,97,Declared
U0080,INT04,97,Lookalike model
U0080,INT05,80,Engagement-inferred
U0080,INT37,74,Engagement-inferred
U0080,INT39,71,Engagement-inferred
U0080,INT40,67,Engagement-inferred
U0080,INT44,67,Engagement-inferred
U0080,INT08,62,Engagement-inferred
U0080,INT07,60,Declared
U0080,INT41,59,Engagement-inferred
U0080,INT46,58,Declared
U0080,INT47,57,Lookalike model
U0080,INT11,56,Engagement-inferred
U0081,INT19,94,Engagement-inferred
U0081,INT20,81,Engagement-inferred
U0081,INT18,80,Lookalike model
U0081,INT34,75,Engagement-inferred
U0081,INT33,74,Lookalike model
U0081,INT35,72,Lookalike model
U0081,INT36,71,Declared
U0081,INT25,71,Declared
U0081,INT23,70,Lookalike model
U0081,INT37,70,Engagement-inferred
U0081,INT21,69,Engagement-inferred
U0081,INT24,68,Lookalike model
U0081,INT07,68,Engagement-inferred
U0081,INT43,62,Engagement-inferred
U0082,INT47,91,Lookalike model
U0082,INT38,90,Lookalike model
U0082,INT36,87,Engagement-inferred
U0082,INT37,86,Engagement-inferred
U0082,INT39,83,Engagement-inferred
U0082,INT26,75,Declared
U0082,INT29,73,Engagement-inferred
U0082,INT33,72,Declared
U0082,INT25,71,Engagement-inferred
U0082,INT27,69,Engagement-inferred
U0082,INT30,68,Engagement-inferred
U0082,INT02,63,Declared
U0082,INT34,63,Declared
U0082,INT28,61,Engagement-inferred
U0083,INT47,93,Lookalike model
U0083,INT03,93,Lookalike model
U0083,INT38,82,Declared
U0083,INT22,80,Declared
U0083,INT05,79,Declared
U0083,INT04,75,Engagement-inferred
U0083,INT25,70,Engagement-inferred
U0083,INT24,67,Lookalike model
U0083,INT11,62,Engagement-inferred
U0083,INT07,60,Engagement-inferred
U0083,INT23,58,Lookalike model
U0083,INT15,56,Lookalike model
U0083,INT08,53,Engagement-inferred
U0083,INT45,50,Lookalike model
U0084,INT38,99,Lookalike model
U0084,INT47,89,Engagement-inferred
U0084,INT04,81,Engagement-inferred
U0084,INT11,72,Engagement-inferred
U0084,INT25,72,Engagement-inferred
U0084,INT19,69,Lookalike model
U0084,INT03,68,Engagement-inferred
U0084,INT14,67,Engagement-inferred
U0084,INT18,65,Engagement-inferred
U0084,INT41,64,Engagement-inferred
U0084,INT37,62,Declared
U0084,INT05,61,Engagement-inferred
U0084,INT33,56,Engagement-inferred
U0084,INT24,55,Engagement-inferred
U0085,INT07,100,Engagement-inferred
U0085,INT01,86,Lookalike model
U0085,INT09,74,Lookalike model
U0085,INT10,70,Lookalike model
U0085,INT08,67,Engagement-inferred
U0085,INT43,63,Engagement-inferred
U0085,INT44,63,Lookalike model
U0085,INT02,62,Engagement-inferred
U0085,INT39,60,Engagement-inferred
U0085,INT06,59,Engagement-inferred
U0085,INT36,59,Engagement-inferred
U0085,INT37,55,Engagement-inferred
U0085,INT40,54,Engagement-inferred
U0085,INT11,52,Engagement-inferred
U0086,INT49,89,Engagement-inferred
U0086,INT48,87,Lookalike model
U0086,INT05,81,Engagement-inferred
U0086,INT07,80,Declared
U0086,INT50,77,Engagement-inferred
U0086,INT03,75,Lookalike model
U0086,INT33,74,Engagement-inferred
U0086,INT17,73,Engagement-inferred
U0086,INT04,71,Lookalike model
U0086,INT16,70,Declared
U0086,INT24,68,Engagement-inferred
U0086,INT40,67,Declared
U0086,INT46,66,Declared
U0086,INT26,64,Engagement-inferred
U0087,INT47,89,Engagement-inferred
U0087,INT03,85,Engagement-inferred
U0087,INT04,79,Engagement-inferred
U0087,INT33,79,Declared
U0087,INT40,76,Declared
U0087,INT34,73,Engagement-inferred
U0087,INT42,73,Declared
U0087,INT38,71,Engagement-inferred
U0087,INT05,71,Engagement-inferred
U0087,INT41,70,Engagement-inferred
U0087,INT24,68,Engagement-inferred
U0087,INT35,65,Engagement-inferred
U0087,INT10,63,Engagement-inferred
U0087,INT50,53,Declared
U0088,INT24,95,Engagement-inferred
U0088,INT26,88,Engagement-inferred
U0088,INT14,79,Lookalike model
U0088,INT23,78,Declared
U0088,INT15,78,Engagement-inferred
U0088,INT22,78,Engagement-inferred
U0088,INT41,75,Declared
U0088,INT40,72,Engagement-inferred
U0088,INT46,72,Engagement-inferred
U0088,INT32,71,Engagement-inferred
U0088,INT29,71,Engagement-inferred
U0088,INT44,69,Engagement-inferred
U0088,INT27,67,Engagement-inferred
U0088,INT11,67,Declared
U0089,INT33,100,Declared
U0089,INT35,92,Engagement-inferred
U0089,INT34,90,Engagement-inferred
U0089,INT10,83,Engagement-inferred
U0089,INT01,70,Engagement-inferred
U0089,INT11,70,Engagement-inferred
U0089,INT25,67,Engagement-inferred
U0089,INT24,65,Engagement-inferred
U0089,INT23,61,Engagement-inferred
U0089,INT22,59,Engagement-inferred
U0089,INT14,56,Engagement-inferred
U0089,INT02,56,Engagement-inferred
U0089,INT05,52,Engagement-inferred
U0089,INT48,52,Lookalike model
U0090,INT03,92,Engagement-inferred
U0090,INT05,87,Lookalike model
U0090,INT33,82,Engagement-inferred
U0090,INT04,78,Lookalike model
U0090,INT35,77,Lookalike model
U0090,INT44,64,Declared
U0090,INT08,64,Declared
U0090,INT25,62,Declared
U0090,INT34,62,Lookalike model
U0090,INT23,61,Declared
U0090,INT24,61,Engagement-inferred
U0090,INT22,56,Lookalike model
U0090,INT07,54,Engagement-inferred
U0090,INT46,50,Engagement-inferred
U0091,INT19,96,Engagement-inferred
U0091,INT21,87,Declared
U0091,INT01,86,Engagement-inferred
U0091,INT18,83,Engagement-inferred
U0091,INT26,81,Engagement-inferred
U0091,INT06,78,Engagement-inferred
U0091,INT20,78,Lookalike model
U0091,INT02,74,Engagement-inferred
U0091,INT29,74,Engagement-inferred
U0091,INT14,73,Engagement-inferred
U0091,INT31,72,Engagement-inferred
U0091,INT27,70,Engagement-inferred
U0091,INT11,66,Engagement-inferred
U0091,INT07,64,Engagement-inferred
U0092,INT33,91,Engagement-inferred
U0092,INT34,86,Declared
U0092,INT44,84,Declared
U0092,INT43,80,Engagement-inferred
U0092,INT25,77,Engagement-inferred
U0092,INT40,70,Lookalike model
U0092,INT09,69,Declared
U0092,INT26,68,Engagement-inferred
U0092,INT11,67,Engagement-inferred
U0092,INT22,66,Lookalike model
U0092,INT07,66,Declared
U0092,INT35,63,Engagement-inferred
U0092,INT47,62,Engagement-inferred
U0092,INT36,62,Engagement-inferred
U0093,INT03,87,Engagement-inferred
U0093,INT25,79,Engagement-inferred
U0093,INT26,78,Declared
U0093,INT10,78,Engagement-inferred
U0093,INT19,72,Engagement-inferred
U0093,INT05,71,Engagement-inferred
U0093,INT04,69,Lookalike model
U0093,INT18,69,Engagement-inferred
U0093,INT27,63,Engagement-inferred
U0093,INT29,63,Engagement-inferred
U0093,INT28,54,Engagement-inferred
U0093,INT32,53,Engagement-inferred
U0093,INT43,53,Engagement-inferred
U0093,INT31,51,Declared
U0094,INT20,95,Declared
U0094,INT21,94,Engagement-inferred
U0094,INT03,92,Engagement-inferred
U0094,INT19,91,Lookalike model
U0094,INT25,89,Engagement-inferred
U0094,INT04,89,Lookalike model
U0094,INT49,87,Declared
U0094,INT18,83,Engagement-inferred
U0094,INT48,81,Engagement-inferred
U0094,INT07,81,Engagement-inferred
U0094,INT50,81,Declared
U0094,INT16,77,Lookalike model
U0094,INT05,72,Engagement-inferred
U0094,INT08,69,Engagement-inferred
U0095,INT26,89,Engagement-inferred
U0095,INT44,84,Engagement-inferred
U0095,INT47,83,Engagement-inferred
U0095,INT23,82,Engagement-inferred
U0095,INT30,79,Engagement-inferred
U0095,INT19,78,Lookalike model
U0095,INT22,77,Declared
U0095,INT18,77,Engagement-inferred
U0095,INT24,76,Engagement-inferred
U0095,INT27,75,Engagement-inferred
U0095,INT38,74,Engagement-inferred
U0095,INT20,74,Engagement-inferred
U0095,INT15,74,Declared
U0095,INT46,69,Engagement-inferred
U0096,INT44,76,Engagement-inferred
U0096,INT14,75,Declared
U0096,INT11,73,Declared
U0096,INT16,67,Lookalike model
U0096,INT12,61,Engagement-inferred
U0096,INT17,61,Engagement-inferred
U0096,INT03,60,Declared
U0096,INT43,59,Engagement-inferred
U0096,INT10,56,Lookalike model
U0096,INT26,53,Engagement-inferred
U0096,INT04,49,Engagement-inferred
U0096,INT28,46,Engagement-inferred
U0096,INT24,45,Lookalike model
U0096,INT30,44,Lookalike model
U0097,INT26,94,Engagement-inferred
U0097,INT28,88,Engagement-inferred
U0097,INT27,82,Declared
U0097,INT08,77,Engagement-inferred
U0097,INT48,75,Engagement-inferred
U0097,INT07,73,Lookalike model
U0097,INT29,72,Engagement-inferred
U0097,INT10,70,Lookalike model
U0097,INT24,69,Declared
U0097,INT16,68,Engagement-inferred
U0097,INT34,67,Engagement-inferred
U0097,INT01,67,Engagement-inferred
U0097,INT33,66,Lookalike model
U0097,INT02,65,Declared
U0098,INT19,93,Engagement-inferred
U0098,INT20,85,Engagement-inferred
U0098,INT16,80,Declared
U0098,INT18,80,Declared
U0098,INT01,78,Engagement-inferred
U0098,INT42,77,Engagement-inferred
U0098,INT36,77,Engagement-inferred
U0098,INT34,75,Engagement-inferred
U0098,INT21,75,Declared
U0098,INT17,70,Engagement-inferred
U0098,INT33,70,Engagement-inferred
U0098,INT35,68,Engagement-inferred
U0098,INT40,67,Engagement-inferred
U0098,INT02,63,Engagement-inferred
U0099,INT48,98,Lookalike model
U0099,INT49,85,Engagement-inferred
U0099,INT50,75,Declared
U0099,INT16,74,Engagement-inferred
U0099,INT33,70,Lookalike model
U0099,INT12,70,Engagement-inferred
U0099,INT14,69,Engagement-inferred
U0099,INT26,66,Engagement-inferred
U0099,INT27,64,Lookalike model
U0099,INT02,61,Lookalike model
U0099,INT06,59,Engagement-inferred
U0099,INT32,59,Engagement-inferred
U0099,INT07,58,Declared
U0099,INT34,58,Engagement-inferred
U0100,INT01,83,Engagement-inferred
U0100,INT10,80,Declared
U0100,INT44,77,Declared
U0100,INT25,74,Engagement-inferred
U0100,INT33,70,Engagement-inferred
U0100,INT29,68,Engagement-inferred
U0100,INT26,67,Engagement-inferred
U0100,INT46,66,Engagement-inferred
U0100,INT11,65,Engagement-inferred
U0100,INT28,64,Engagement-inferred
U0100,INT43,64,Lookalike model
U0100,INT02,63,Engagement-inferred
U0100,INT14,62,Engagement-inferred
U0100,INT07,62,Engagement-inferred
U0101,INT40,95,Engagement-inferred
U0101,INT42,91,Engagement-inferred
U0101,INT33,89,Engagement-inferred
U0101,INT41,81,Declared
U0101,INT35,74,Engagement-inferred
U0101,INT04,74,Engagement-inferred
U0101,INT36,73,Lookalike model
U0101,INT16,72,Engagement-inferred
U0101,INT03,68,Engagement-inferred
U0101,INT34,67,Engagement-inferred
U0101,INT17,66,Lookalike model
U0101,INT37,63,Lookalike model
U0101,INT19,61,Engagement-inferred
U0101,INT20,61,Engagement-inferred
U0102,INT07,100,Engagement-inferred
U0102,INT47,97,Declared
U0102,INT08,89,Engagement-inferred
U0102,INT26,84,Engagement-inferred
U0102,INT38,81,Engagement-inferred
U0102,INT28,80,Engagement-inferred
U0102,INT01,80,Engagement-inferred
U0102,INT33,79,Declared
U0102,INT35,73,Declared
U0102,INT22,73,Engagement-inferred
U0102,INT09,72,Lookalike model
U0102,INT03,71,Lookalike model
U0102,INT29,70,Engagement-inferred
U0102,INT19,70,Engagement-inferred
U0103,INT16,97,Lookalike model
U0103,INT10,95,Engagement-inferred
U0103,INT14,81,Engagement-inferred
U0103,INT27,81,Engagement-inferred
U0103,INT03,80,Lookalike model
U0103,INT11,80,Engagement-inferred
U0103,INT17,80,Engagement-inferred
U0103,INT26,77,Engagement-inferred
U0103,INT33,76,Declared
U0103,INT28,76,Engagement-inferred
U0103,INT29,74,Declared
U0103,INT07,71,Engagement-inferred
U0103,INT19,71,Engagement-inferred
U0103,INT08,69,Lookalike model
U0104,INT16,100,Engagement-inferred
U0104,INT11,87,Engagement-inferred
U0104,INT14,85,Declared
U0104,INT12,76,Declared
U0104,INT17,75,Engagement-inferred
U0104,INT22,72,Engagement-inferred
U0104,INT10,71,Lookalike model
U0104,INT24,69,Lookalike model
U0104,INT26,67,Engagement-inferred
U0104,INT25,62,Declared
U0104,INT31,59,Engagement-inferred
U0104,INT29,59,Engagement-inferred
U0104,INT06,57,Lookalike model
U0104,INT30,56,Declared
U0105,INT03,94,Lookalike model
U0105,INT04,92,Lookalike model
U0105,INT05,80,Declared
U0105,INT25,74,Engagement-inferred
U0105,INT33,72,Declared
U0105,INT20,72,Declared
U0105,INT47,68,Engagement-inferred
U0105,INT14,66,Engagement-inferred
U0105,INT38,65,Engagement-inferred
U0105,INT22,63,Engagement-inferred
U0105,INT19,62,Engagement-inferred
U0105,INT16,61,Engagement-inferred
U0105,INT24,61,Declared
U0105,INT18,60,Lookalike model
U0106,INT36,97,Engagement-inferred
U0106,INT37,87,Engagement-inferred
U0106,INT11,81,Engagement-inferred
U0106,INT43,79,Lookalike model
U0106,INT44,77,Engagement-inferred
U0106,INT14,74,Lookalike model
U0106,INT16,71,Declared
U0106,INT39,68,Lookalike model
U0106,INT17,64,Declared
U0106,INT19,63,Declared
U0106,INT40,62,Engagement-inferred
U0106,INT09,62,Declared
U0106,INT01,62,Engagement-inferred
U0106,INT04,61,Engagement-inferred
U0107,INT33,91,Engagement-inferred
U0107,INT34,84,Engagement-inferred
U0107,INT40,78,Engagement-inferred
U0107,INT42,77,Lookalike model
U0107,INT01,75,Engagement-inferred
U0107,INT23,74,Engagement-inferred
U0107,INT35,67,Lookalike model
U0107,INT24,66,Engagement-inferred
U0107,INT22,66,Engagement-inferred
U0107,INT03,64,Engagement-inferred
U0107,INT41,63,Declared
U0107,INT10,63,Engagement-inferred
U0107,INT17,59,Engagement-inferred
U0107,INT02,59,Engagement-inferred
U0108,INT44,89,Declared
U0108,INT10,77,Engagement-inferred
U0108,INT33,70,Engagement-inferred
U0108,INT40,67,Engagement-inferred
U0108,INT16,63,Engagement-inferred
U0108,INT45,61,Engagement-inferred
U0108,INT41,60,Declared
U0108,INT25,60,Declared
U0108,INT42,59,Engagement-inferred
U0108,INT11,59,Lookalike model
U0108,INT43,58,Engagement-inferred
U0108,INT14,57,Lookalike model
U0108,INT46,57,Engagement-inferred
U0108,INT34,51,Lookalike model
U0109,INT33,87,Declared
U0109,INT36,81,Engagement-inferred
U0109,INT37,80,Lookalike model
U0109,INT34,78,Lookalike model
U0109,INT04,76,Lookalike model
U0109,INT03,70,Declared
U0109,INT39,67,Engagement-inferred
U0109,INT19,66,Engagement-inferred
U0109,INT35,65,Engagement-inferred
U0109,INT10,63,Engagement-inferred
U0109,INT28,62,Engagement-inferred
U0109,INT26,62,Engagement-inferred
U0109,INT18,62,Lookalike model
U0109,INT14,60,Declared
U0110,INT11,82,Engagement-inferred
U0110,INT04,70,Engagement-inferred
U0110,INT14,68,Lookalike model
U0110,INT16,68,Engagement-inferred
U0110,INT38,68,Lookalike model
U0110,INT05,68,Engagement-inferred
U0110,INT03,67,Engagement-inferred
U0110,INT47,60,Engagement-inferred
U0110,INT17,59,Lookalike model
U0110,INT12,58,Engagement-inferred
U0110,INT25,58,Lookalike model
U0110,INT44,57,Declared
U0110,INT42,57,Engagement-inferred
U0110,INT40,55,Engagement-inferred
U0111,INT26,91,Engagement-inferred
U0111,INT25,81,Engagement-inferred
U0111,INT07,79,Lookalike model
U0111,INT29,79,Engagement-inferred
U0111,INT23,77,Declared
U0111,INT22,75,Engagement-inferred
U0111,INT28,75,Engagement-inferred
U0111,INT27,72,Declared
U0111,INT36,68,Declared
U0111,INT31,67,Declared
U0111,INT37,66,Engagement-inferred
U0111,INT24,66,Declared
U0111,INT30,63,Declared
U0111,INT32,61,Engagement-inferred
U0112,INT26,95,Engagement-inferred
U0112,INT11,84,Engagement-inferred
U0112,INT14,83,Engagement-inferred
U0112,INT27,79,Lookalike model
U0112,INT29,75,Declared
U0112,INT28,71,Declared
U0112,INT32,68,Engagement-inferred
U0112,INT44,67,Engagement-inferred
U0112,INT30,65,Lookalike model
U0112,INT46,62,Engagement-inferred
U0112,INT31,60,Engagement-inferred
U0112,INT43,60,Engagement-inferred
U0112,INT10,57,Engagement-inferred
U0112,INT34,56,Engagement-inferred
U0113,INT40,95,Engagement-inferred
U0113,INT49,87,Engagement-inferred
U0113,INT07,85,Lookalike model
U0113,INT09,83,Lookalike model
U0113,INT08,83,Engagement-inferred
U0113,INT42,82,Lookalike model
U0113,INT50,78,Lookalike model
U0113,INT48,76,Lookalike model
U0113,INT33,74,Declared
U0113,INT41,72,Declared
U0113,INT10,68,Engagement-inferred
U0113,INT17,66,Engagement-inferred
U0113,INT16,66,Engagement-inferred
U0113,INT29,65,Engagement-inferred
U0114,INT16,100,Engagement-inferred
U0114,INT17,98,Declared
U0114,INT40,84,Engagement-inferred
U0114,INT42,80,Lookalike model
U0114,INT03,79,Declared
U0114,INT07,77,Declared
U0114,INT26,77,Engagement-inferred
U0114,INT04,76,Engagement-inferred
U0114,INT33,76,Declared
U0114,INT41,74,Declared
U0114,INT44,72,Declared
U0114,INT27,70,Engagement-inferred
U0114,INT43,70,Engagement-inferred
U0114,INT12,69,Lookalike model
U0115,INT33,100,Engagement-inferred
U0115,INT34,99,Engagement-inferred
U0115,INT26,98,Engagement-inferred
U0115,INT35,93,Engagement-inferred
U0115,INT29,91,Engagement-inferred
U0115,INT27,88,Engagement-inferred
U0115,INT28,86,Lookalike model
U0115,INT30,75,Engagement-inferred
U0115,INT14,73,Engagement-inferred
U0115,INT09,72,Engagement-inferred
U0115,INT32,71,Engagement-inferred
U0115,INT24,71,Lookalike model
U0115,INT03,69,Engagement-inferred
U0115,INT23,69,Engagement-inferred
U0116,INT26,94,Lookalike model
U0116,INT19,86,Engagement-inferred
U0116,INT21,85,Engagement-inferred
U0116,INT04,84,Engagement-inferred
U0116,INT20,83,Lookalike model
U0116,INT07,82,Engagement-inferred
U0116,INT11,81,Declared
U0116,INT14,81,Engagement-inferred
U0116,INT03,78,Lookalike model
U0116,INT09,76,Declared
U0116,INT28,74,Engagement-inferred
U0116,INT08,73,Engagement-inferred
U0116,INT23,72,Declared
U0116,INT18,70,Engagement-inferred
U0117,INT48,100,Declared
U0117,INT49,98,Engagement-inferred
U0117,INT03,94,Engagement-inferred
U0117,INT04,92,Engagement-inferred
U0117,INT01,91,Lookalike model
U0117,INT44,83,Engagement-inferred
U0117,INT50,79,Lookalike model
U0117,INT05,77,Lookalike model
U0117,INT46,76,Declared
U0117,INT06,69,Lookalike model
U0117,INT02,68,Lookalike model
U0117,INT10,65,Engagement-inferred
U0117,INT40,64,Engagement-inferred
U0117,INT33,64,Engagement-inferred
U0118,INT47,96,Engagement-inferred
U0118,INT10,92,Engagement-inferred
U0118,INT14,83,Engagement-inferred
U0118,INT02,80,Engagement-inferred
U0118,INT01,76,Engagement-inferred
U0118,INT06,73,Engagement-inferred
U0118,INT38,73,Engagement-inferred
U0118,INT03,70,Engagement-inferred
U0118,INT11,70,Engagement-inferred
U0118,INT04,67,Declared
U0118,INT05,67,Engagement-inferred
U0118,INT24,66,Engagement-inferred
U0118,INT13,66,Engagement-inferred
U0118,INT22,63,Lookalike model
U0119,INT49,94,Engagement-inferred
U0119,INT48,82,Lookalike model
U0119,INT26,77,Lookalike model
U0119,INT27,74,Engagement-inferred
U0119,INT44,70,Declared
U0119,INT47,69,Engagement-inferred
U0119,INT50,68,Engagement-inferred
U0119,INT16,67,Engagement-inferred
U0119,INT38,64,Engagement-inferred
U0119,INT39,64,Lookalike model
U0119,INT07,63,Engagement-inferred
U0119,INT03,63,Engagement-inferred
U0119,INT11,63,Engagement-inferred
U0119,INT30,61,Engagement-inferred
U0120,INT01,98,Engagement-inferred
U0120,INT26,95,Engagement-inferred
U0120,INT11,87,Lookalike model
U0120,INT10,85,Declared
U0120,INT31,83,Engagement-inferred
U0120,INT14,77,Engagement-inferred
U0120,INT46,77,Engagement-inferred
U0120,INT27,75,Lookalike model
U0120,INT29,74,Declared
U0120,INT28,73,Engagement-inferred
U0120,INT06,72,Engagement-inferred
U0120,INT30,71,Engagement-inferred
U0120,INT02,71,Engagement-inferred
U0120,INT32,65,Engagement-inferred
U0121,INT26,100,Declared
U0121,INT27,94,Engagement-inferred
U0121,INT01,90,Engagement-inferred
U0121,INT28,87,Lookalike model
U0121,INT29,86,Engagement-inferred
U0121,INT31,85,Declared
U0121,INT30,80,Engagement-inferred
U0121,INT02,79,Engagement-inferred
U0121,INT10,72,Lookalike model
U0121,INT16,72,Declared
U0121,INT32,72,Lookalike model
U0121,INT44,71,Engagement-inferred
U0121,INT18,71,Engagement-inferred
U0121,INT06,67,Engagement-inferred
U0122,INT19,97,Declared
U0122,INT18,94,Engagement-inferred
U0122,INT47,88,Declared
U0122,INT38,88,Engagement-inferred
U0122,INT21,85,Declared
U0122,INT20,83,Engagement-inferred
U0122,INT26,81,Engagement-inferred
U0122,INT02,77,Lookalike model
U0122,INT06,72,Lookalike model
U0122,INT28,71,Lookalike model
U0122,INT01,71,Lookalike model
U0122,INT31,70,Engagement-inferred
U0122,INT33,70,Engagement-inferred
U0122,INT10,69,Declared
U0123,INT38,90,Declared
U0123,INT10,88,Lookalike model
U0123,INT11,88,Engagement-inferred
U0123,INT47,87,Engagement-inferred
U0123,INT33,85,Engagement-inferred
U0123,INT14,81,Lookalike model
U0123,INT30,80,Declared
U0123,INT07,79,Engagement-inferred
U0123,INT08,78,Engagement-inferred
U0123,INT26,78,Engagement-inferred
U0123,INT27,77,Engagement-inferred
U0123,INT01,77,Engagement-inferred
U0123,INT40,74,Lookalike model
U0123,INT42,71,Lookalike model
U0124,INT19,93,Engagement-inferred
U0124,INT20,91,Lookalike model
U0124,INT18,87,Engagement-inferred
U0124,INT14,82,Lookalike model
U0124,INT11,82,Lookalike model
U0124,INT21,81,Engagement-inferred
U0124,INT03,81,Engagement-inferred
U0124,INT10,81,Engagement-inferred
U0124,INT22,79,Lookalike model
U0124,INT24,77,Lookalike model
U0124,INT09,74,Engagement-inferred
U0124,INT07,74,Engagement-inferred
U0124,INT27,73,Declared
U0124,INT08,71,Declared
U0125,INT26,97,Engagement-inferred
U0125,INT28,94,Engagement-inferred
U0125,INT27,92,Engagement-inferred
U0125,INT30,84,Declared
U0125,INT29,83,Engagement-inferred
U0125,INT31,75,Lookalike model
U0125,INT32,75,Engagement-inferred
U0125,INT40,74,Engagement-inferred
U0125,INT42,72,Lookalike model
U0125,INT38,71,Engagement-inferred
U0125,INT41,70,Engagement-inferred
U0125,INT25,62,Engagement-inferred
U0125,INT36,61,Engagement-inferred
U0125,INT50,58,Engagement-inferred
U0126,INT08,93,Lookalike model
U0126,INT07,92,Engagement-inferred
U0126,INT44,90,Engagement-inferred
U0126,INT09,89,Engagement-inferred
U0126,INT40,89,Engagement-inferred
U0126,INT42,83,Engagement-inferred
U0126,INT41,76,Lookalike model
U0126,INT25,73,Engagement-inferred
U0126,INT43,72,Lookalike model
U0126,INT45,69,Engagement-inferred
U0126,INT26,61,Engagement-inferred
U0126,INT23,54,Declared
U0126,INT22,52,Declared
U0126,INT50,51,Engagement-inferred
U0127,INT07,93,Declared
U0127,INT38,85,Engagement-inferred
U0127,INT49,84,Engagement-inferred
U0127,INT26,77,Engagement-inferred
U0127,INT09,75,Engagement-inferred
U0127,INT08,75,Declared
U0127,INT47,74,Declared
U0127,INT24,73,Declared
U0127,INT48,71,Engagement-inferred
U0127,INT33,71,Declared
U0127,INT50,69,Declared
U0127,INT27,68,Engagement-inferred
U0127,INT23,68,Engagement-inferred
U0127,INT22,64,Engagement-inferred
U0128,INT49,86,Engagement-inferred
U0128,INT23,83,Lookalike model
U0128,INT22,79,Engagement-inferred
U0128,INT50,79,Declared
U0128,INT48,77,Engagement-inferred
U0128,INT44,74,Declared
U0128,INT07,73,Engagement-inferred
U0128,INT18,70,Engagement-inferred
U0128,INT36,70,Lookalike model
U0128,INT40,69,Engagement-inferred
U0128,INT34,66,Engagement-inferred
U0128,INT24,66,Engagement-inferred
U0128,INT08,66,Engagement-inferred
U0128,INT19,64,Engagement-inferred
U0129,INT47,100,Declared
U0129,INT38,88,Engagement-inferred
U0129,INT03,77,Engagement-inferred
U0129,INT04,76,Declared
U0129,INT05,75,Lookalike model
U0129,INT10,64,Engagement-inferred
U0129,INT33,63,Engagement-inferred
U0129,INT44,57,Engagement-inferred
U0129,INT16,57,Engagement-inferred
U0129,INT46,57,Lookalike model
U0129,INT11,57,Engagement-inferred
U0129,INT27,54,Lookalike model
U0129,INT43,53,Engagement-inferred
U0129,INT49,53,Declared
U0130,INT03,77,Lookalike model
U0130,INT04,76,Engagement-inferred
U0130,INT11,76,Lookalike model
U0130,INT44,75,Declared
U0130,INT14,72,Engagement-inferred
U0130,INT05,60,Engagement-inferred
U0130,INT19,56,Declared
U0130,INT09,55,Declared
U0130,INT07,54,Engagement-inferred
U0130,INT08,51,Engagement-inferred
U0130,INT43,47,Engagement-inferred
U0130,INT20,46,Engagement-inferred
U0130,INT45,45,Engagement-inferred
U0130,INT18,44,Engagement-inferred
U0131,INT10,90,Engagement-inferred
U0131,INT04,82,Lookalike model
U0131,INT02,82,Engagement-inferred
U0131,INT01,80,Lookalike model
U0131,INT40,78,Declared
U0131,INT03,74,Engagement-inferred
U0131,INT47,67,Engagement-inferred
U0131,INT41,65,Declared
U0131,INT05,64,Engagement-inferred
U0131,INT49,61,Engagement-inferred
U0131,INT06,59,Engagement-inferred
U0131,INT33,58,Engagement-inferred
U0131,INT11,57,Engagement-inferred
U0131,INT42,55,Engagement-inferred
U0132,INT26,99,Engagement-inferred
U0132,INT22,98,Engagement-inferred
U0132,INT11,90,Declared
U0132,INT03,88,Engagement-inferred
U0132,INT24,87,Lookalike model
U0132,INT05,83,Engagement-inferred
U0132,INT32,82,Engagement-inferred
U0132,INT23,81,Engagement-inferred
U0132,INT36,81,Engagement-inferred
U0132,INT19,81,Engagement-inferred
U0132,INT14,79,Lookalike model
U0132,INT28,77,Lookalike model
U0132,INT04,77,Declared
U0132,INT30,73,Lookalike model
U0133,INT16,100,Declared
U0133,INT33,95,Engagement-inferred
U0133,INT44,86,Lookalike model
U0133,INT17,83,Engagement-inferred
U0133,INT35,81,Lookalike model
U0133,INT03,72,Lookalike model
U0133,INT48,71,Engagement-inferred
U0133,INT26,70,Engagement-inferred
U0133,INT34,68,Lookalike model
U0133,INT12,66,Declared
U0133,INT29,64,Engagement-inferred
U0133,INT05,63,Engagement-inferred
U0133,INT43,63,Lookalike model
U0133,INT42,62,Declared
U0134,INT11,91,Engagement-inferred
U0134,INT07,87,Declared
U0134,INT14,86,Engagement-inferred
U0134,INT27,86,Engagement-inferred
U0134,INT01,86,Engagement-inferred
U0134,INT08,85,Engagement-inferred
U0134,INT26,84,Declared
U0134,INT28,83,Lookalike model
U0134,INT09,83,Engagement-inferred
U0134,INT16,78,Lookalike model
U0134,INT29,76,Declared
U0134,INT36,75,Lookalike model
U0134,INT17,75,Engagement-inferred
U0134,INT02,72,Engagement-inferred
U0135,INT26,96,Declared
U0135,INT29,84,Lookalike model
U0135,INT07,83,Declared
U0135,INT25,83,Engagement-inferred
U0135,INT30,81,Engagement-inferred
U0135,INT28,79,Lookalike model
U0135,INT27,77,Declared
U0135,INT36,75,Engagement-inferred
U0135,INT45,75,Engagement-inferred
U0135,INT32,70,Declared
U0135,INT37,70,Engagement-inferred
U0135,INT08,69,Engagement-inferred
U0135,INT22,69,Declared
U0135,INT16,67,Engagement-inferred
U0136,INT33,94,Engagement-inferred
U0136,INT26,91,Lookalike model
U0136,INT27,86,Lookalike model
U0136,INT35,83,Declared
U0136,INT28,83,Engagement-inferred
U0136,INT40,80,Lookalike model
U0136,INT03,80,Engagement-inferred
U0136,INT04,79,Engagement-inferred
U0136,INT30,77,Engagement-inferred
U0136,INT34,76,Engagement-inferred
U0136,INT29,75,Lookalike model
U0136,INT41,74,Declared
U0136,INT05,73,Lookalike model
U0136,INT10,72,Engagement-inferred
U0137,INT33,100,Engagement-inferred
U0137,INT38,93,Engagement-inferred
U0137,INT34,93,Engagement-inferred
U0137,INT35,87,Lookalike model
U0137,INT10,86,Engagement-inferred
U0137,INT47,82,Engagement-inferred
U0137,INT11,78,Engagement-inferred
U0137,INT14,72,Lookalike model
U0137,INT40,64,Engagement-inferred
U0137,INT03,63,Engagement-inferred
U0137,INT04,59,Engagement-inferred
U0137,INT15,56,Engagement-inferred
U0137,INT42,56,Engagement-inferred
U0137,INT24,56,Lookalike model
U0138,INT07,74,Engagement-inferred
U0138,INT44,72,Lookalike model
U0138,INT11,71,Engagement-inferred
U0138,INT14,70,Engagement-inferred
U0138,INT16,65,Engagement-inferred
U0138,INT26,62,Declared
U0138,INT09,61,Engagement-inferred
U0138,INT19,60,Engagement-inferred
U0138,INT08,59,Lookalike model
U0138,INT47,58,Declared
U0138,INT18,58,Declared
U0138,INT10,56,Engagement-inferred
U0138,INT01,53,Engagement-inferred
U0138,INT27,53,Engagement-inferred
U0139,INT03,96,Lookalike model
U0139,INT26,84,Declared
U0139,INT04,81,Engagement-inferred
U0139,INT28,74,Lookalike model
U0139,INT25,73,Lookalike model
U0139,INT44,71,Engagement-inferred
U0139,INT27,69,Lookalike model
U0139,INT30,68,Engagement-inferred
U0139,INT05,68,Engagement-inferred
U0139,INT29,68,Engagement-inferred
U0139,INT31,65,Engagement-inferred
U0139,INT32,59,Lookalike model
U0139,INT43,57,Engagement-inferred
U0139,INT10,56,Lookalike model
U0140,INT36,76,Declared
U0140,INT37,72,Engagement-inferred
U0140,INT01,71,Lookalike model
U0140,INT14,71,Engagement-inferred
U0140,INT11,65,Engagement-inferred
U0140,INT22,64,Engagement-inferred
U0140,INT23,62,Engagement-inferred
U0140,INT16,62,Engagement-inferred
U0140,INT24,60,Lookalike model
U0140,INT02,56,Declared
U0140,INT44,53,Engagement-inferred
U0140,INT06,52,Engagement-inferred
U0140,INT41,52,Engagement-inferred
U0140,INT47,52,Engagement-inferred
U0141,INT07,92,Lookalike model
U0141,INT08,86,Engagement-inferred
U0141,INT28,82,Lookalike model
U0141,INT27,82,Lookalike model
U0141,INT47,80,Engagement-inferred
U0141,INT10,79,Engagement-inferred
U0141,INT26,79,Engagement-inferred
U0141,INT43,73,Lookalike model
U0141,INT49,72,Lookalike model
U0141,INT38,72,Declared
U0141,INT48,71,Declared
U0141,INT29,70,Engagement-inferred
U0141,INT44,67,Engagement-inferred
U0141,INT09,66,Engagement-inferred
U0142,INT23,90,Lookalike model
U0142,INT26,90,Engagement-inferred
U0142,INT10,88,Declared
U0142,INT11,84,Engagement-inferred
U0142,INT22,82,Engagement-inferred
U0142,INT14,81,Engagement-inferred
U0142,INT27,78,Engagement-inferred
U0142,INT28,77,Engagement-inferred
U0142,INT32,74,Engagement-inferred
U0142,INT30,72,Engagement-inferred
U0142,INT31,70,Declared
U0142,INT24,70,Engagement-inferred
U0142,INT15,68,Engagement-inferred
U0142,INT29,67,Engagement-inferred
U0143,INT01,96,Engagement-inferred
U0143,INT44,84,Lookalike model
U0143,INT02,83,Engagement-inferred
U0143,INT33,79,Declared
U0143,INT06,78,Engagement-inferred
U0143,INT26,77,Declared
U0143,INT43,76,Engagement-inferred
U0143,INT36,75,Engagement-inferred
U0143,INT11,74,Engagement-inferred
U0143,INT35,73,Lookalike model
U0143,INT27,72,Engagement-inferred
U0143,INT16,71,Declared
U0143,INT32,71,Declared
U0143,INT12,70,Engagement-inferred
U0144,INT22,84,Lookalike model
U0144,INT17,83,Engagement-inferred
U0144,INT01,82,Lookalike model
U0144,INT26,82,Engagement-inferred
U0144,INT49,78,Declared
U0144,INT48,75,Engagement-inferred
U0144,INT18,74,Engagement-inferred
U0144,INT24,72,Declared
U0144,INT19,72,Engagement-inferred
U0144,INT16,71,Engagement-inferred
U0144,INT50,69,Declared
U0144,INT02,69,Engagement-inferred
U0144,INT12,68,Engagement-inferred
U0144,INT27,68,Declared
U0145,INT33,100,Lookalike model
U0145,INT27,95,Engagement-inferred
U0145,INT07,87,Engagement-inferred
U0145,INT26,86,Declared
U0145,INT25,78,Engagement-inferred
U0145,INT08,77,Engagement-inferred
U0145,INT34,76,Engagement-inferred
U0145,INT35,71,Engagement-inferred
U0145,INT29,71,Engagement-inferred
U0145,INT28,70,Declared
U0145,INT31,69,Engagement-inferred
U0145,INT49,64,Engagement-inferred
U0145,INT02,63,Engagement-inferred
U0145,INT30,63,Engagement-inferred
U0146,INT22,98,Engagement-inferred
U0146,INT07,98,Engagement-inferred
U0146,INT08,80,Lookalike model
U0146,INT33,80,Declared
U0146,INT09,76,Lookalike model
U0146,INT24,72,Engagement-inferred
U0146,INT23,71,Lookalike model
U0146,INT05,70,Engagement-inferred
U0146,INT11,69,Engagement-inferred
U0146,INT16,67,Engagement-inferred
U0146,INT17,67,Declared
U0146,INT26,67,Engagement-inferred
U0146,INT14,65,Declared
U0146,INT28,65,Declared
U0147,INT07,100,Engagement-inferred
U0147,INT47,91,Lookalike model
U0147,INT19,76,Lookalike model
U0147,INT36,74,Engagement-inferred
U0147,INT11,74,Engagement-inferred
U0147,INT37,73,Engagement-inferred
U0147,INT14,72,Engagement-inferred
U0147,INT09,72,Engagement-inferred
U0147,INT08,71,Engagement-inferred
U0147,INT16,70,Engagement-inferred
U0147,INT39,70,Engagement-inferred
U0147,INT21,69,Engagement-inferred
U0147,INT38,67,Engagement-inferred
U0147,INT17,63,Engagement-inferred
U0148,INT07,91,Engagement-inferred
U0148,INT26,89,Engagement-inferred
U0148,INT19,88,Engagement-inferred
U0148,INT20,87,Engagement-inferred
U0148,INT32,85,Declared
U0148,INT02,80,Lookalike model
U0148,INT16,77,Engagement-inferred
U0148,INT27,74,Engagement-inferred
U0148,INT31,74,Engagement-inferred
U0148,INT21,72,Engagement-inferred
U0148,INT01,72,Lookalike model
U0148,INT18,71,Engagement-inferred
U0148,INT08,70,Declared
U0148,INT28,70,Engagement-inferred
U0149,INT33,100,Engagement-inferred
U0149,INT11,100,Lookalike model
U0149,INT14,88,Engagement-inferred
U0149,INT20,88,Engagement-inferred
U0149,INT19,88,Lookalike model
U0149,INT47,86,Engagement-inferred
U0149,INT44,85,Lookalike model
U0149,INT07,84,Engagement-inferred
U0149,INT18,83,Engagement-inferred
U0149,INT35,83,Engagement-inferred
U0149,INT25,80,Lookalike model
U0149,INT09,78,Engagement-inferred
U0149,INT21,77,Engagement-inferred
U0149,INT16,77,Engagement-inferred
U0150,INT25,94,Declared
U0150,INT22,90,Declared
U0150,INT01,83,Engagement-inferred
U0150,INT26,82,Engagement-inferred
U0150,INT11,82,Declared
U0150,INT38,78,Declared
U0150,INT23,77,Lookalike model
U0150,INT24,77,Lookalike model
U0150,INT15,72,Lookalike model
U0150,INT02,69,Lookalike model
U0150,INT47,69,Lookalike model
U0150,INT28,68,Engagement-inferred
U0150,INT14,67,Engagement-inferred
U0150,INT06,66,Lookalike model
U0151,INT36,95,Declared
U0151,INT37,89,Engagement-inferred
U0151,INT44,70,Engagement-inferred
U0151,INT07,68,Lookalike model
U0151,INT39,61,Engagement-inferred
U0151,INT16,60,Lookalike model
U0151,INT08,58,Engagement-inferred
U0151,INT43,58,Engagement-inferred
U0151,INT25,53,Lookalike model
U0151,INT28,52,Engagement-inferred
U0151,INT48,51,Engagement-inferred
U0151,INT27,51,Engagement-inferred
U0151,INT29,50,Declared
U0151,INT26,50,Engagement-inferred
U0152,INT47,100,Lookalike model
U0152,INT10,100,Lookalike model
U0152,INT33,91,Engagement-inferred
U0152,INT05,90,Engagement-inferred
U0152,INT38,88,Engagement-inferred
U0152,INT04,87,Lookalike model
U0152,INT28,87,Declared
U0152,INT03,87,Engagement-inferred
U0152,INT26,87,Engagement-inferred
U0152,INT29,83,Declared
U0152,INT21,79,Engagement-inferred
U0152,INT19,77,Declared
U0152,INT20,75,Engagement-inferred
U0152,INT27,73,Lookalike model
U0153,INT38,81,Declared
U0153,INT24,77,Lookalike model
U0153,INT47,72,Lookalike model
U0153,INT01,71,Lookalike model
U0153,INT16,71,Lookalike model
U0153,INT03,71,Declared
U0153,INT17,69,Engagement-inferred
U0153,INT44,69,Engagement-inferred
U0153,INT22,68,Declared
U0153,INT02,65,Lookalike model
U0153,INT29,64,Engagement-inferred
U0153,INT15,63,Engagement-inferred
U0153,INT11,63,Lookalike model
U0153,INT45,63,Declared
U0154,INT47,89,Engagement-inferred
U0154,INT38,86,Lookalike model
U0154,INT26,81,Lookalike model
U0154,INT11,81,Engagement-inferred
U0154,INT27,72,Lookalike model
U0154,INT21,70,Engagement-inferred
U0154,INT19,68,Engagement-inferred
U0154,INT18,67,Engagement-inferred
U0154,INT20,66,Engagement-inferred
U0154,INT28,66,Engagement-inferred
U0154,INT14,59,Declared
U0154,INT43,58,Declared
U0154,INT44,58,Declared
U0154,INT33,54,Engagement-inferred
U0155,INT41,94,Engagement-inferred
U0155,INT40,93,Lookalike model
U0155,INT18,85,Engagement-inferred
U0155,INT47,85,Engagement-inferred
U0155,INT19,82,Engagement-inferred
U0155,INT42,80,Engagement-inferred
U0155,INT44,79,Engagement-inferred
U0155,INT01,77,Engagement-inferred
U0155,INT10,73,Declared
U0155,INT20,72,Engagement-inferred
U0155,INT02,72,Engagement-inferred
U0155,INT06,71,Engagement-inferred
U0155,INT16,69,Lookalike model
U0155,INT17,68,Engagement-inferred
U0156,INT26,89,Declared
U0156,INT27,86,Engagement-inferred
U0156,INT11,85,Engagement-inferred
U0156,INT07,79,Lookalike model
U0156,INT29,76,Declared
U0156,INT32,74,Lookalike model
U0156,INT09,74,Engagement-inferred
U0156,INT08,72,Engagement-inferred
U0156,INT14,72,Engagement-inferred
U0156,INT30,70,Engagement-inferred
U0156,INT03,69,Engagement-inferred
U0156,INT48,66,Engagement-inferred
U0156,INT28,65,Engagement-inferred
U0156,INT04,64,Lookalike model
U0157,INT07,97,Declared
U0157,INT03,91,Engagement-inferred
U0157,INT49,90,Engagement-inferred
U0157,INT04,87,Engagement-inferred
U0157,INT08,84,Declared
U0157,INT43,82,Declared
U0157,INT44,81,Declared
U0157,INT48,77,Engagement-inferred
U0157,INT09,74,Lookalike model
U0157,INT26,74,Declared
U0157,INT50,73,Declared
U0157,INT10,72,Engagement-inferred
U0157,INT05,72,Lookalike model
U0157,INT14,71,Engagement-inferred
U0158,INT02,97,Declared
U0158,INT01,90,Declared
U0158,INT26,89,Declared
U0158,INT34,85,Declared
U0158,INT24,83,Engagement-inferred
U0158,INT22,82,Engagement-inferred
U0158,INT23,82,Engagement-inferred
U0158,INT33,78,Engagement-inferred
U0158,INT29,77,Engagement-inferred
U0158,INT36,77,Lookalike model
U0158,INT35,76,Lookalike model
U0158,INT07,74,Engagement-inferred
U0158,INT06,74,Engagement-inferred
U0158,INT40,74,Lookalike model
U0159,INT11,91,Engagement-inferred
U0159,INT22,82,Engagement-inferred
U0159,INT14,81,Declared
U0159,INT17,79,Lookalike model
U0159,INT16,77,Engagement-inferred
U0159,INT33,74,Declared
U0159,INT25,74,Lookalike model
U0159,INT07,73,Declared
U0159,INT05,72,Declared
U0159,INT49,71,Lookalike model
U0159,INT26,70,Engagement-inferred
U0159,INT40,67,Declared
U0159,INT48,67,Engagement-inferred
U0159,INT36,66,Engagement-inferred
U0160,INT47,91,Declared
U0160,INT40,90,Engagement-inferred
U0160,INT38,88,Lookalike model
U0160,INT01,85,Lookalike model
U0160,INT08,82,Lookalike model
U0160,INT03,81,Lookalike model
U0160,INT07,79,Engagement-inferred
U0160,INT10,78,Lookalike model
U0160,INT02,77,Engagement-inferred
U0160,INT24,75,Engagement-inferred
U0160,INT41,72,Engagement-inferred
U0160,INT42,69,Engagement-inferred
U0160,INT06,69,Engagement-inferred
U0160,INT23,69,Engagement-inferred
U0161,INT47,91,Engagement-inferred
U0161,INT43,88,Engagement-inferred
U0161,INT24,85,Engagement-inferred
U0161,INT16,80,Engagement-inferred
U0161,INT11,79,Engagement-inferred
U0161,INT44,78,Lookalike model
U0161,INT42,77,Lookalike model
U0161,INT23,77,Engagement-inferred
U0161,INT40,75,Engagement-inferred
U0161,INT22,74,Lookalike model
U0161,INT01,74,Engagement-inferred
U0161,INT41,72,Declared
U0161,INT17,72,Engagement-inferred
U0161,INT38,69,Declared
U0162,INT33,100,Lookalike model
U0162,INT07,100,Declared
U0162,INT03,100,Engagement-inferred
U0162,INT44,94,Engagement-inferred
U0162,INT04,93,Engagement-inferred
U0162,INT26,87,Engagement-inferred
U0162,INT43,86,Lookalike model
U0162,INT19,83,Declared
U0162,INT05,78,Engagement-inferred
U0162,INT18,77,Engagement-inferred
U0162,INT08,77,Lookalike model
U0162,INT29,76,Engagement-inferred
U0162,INT22,73,Engagement-inferred
U0162,INT09,73,Lookalike model
U0163,INT01,100,Engagement-inferred
U0163,INT23,88,Engagement-inferred
U0163,INT24,86,Declared
U0163,INT22,80,Engagement-inferred
U0163,INT02,80,Engagement-inferred
U0163,INT18,78,Engagement-inferred
U0163,INT03,78,Engagement-inferred
U0163,INT04,77,Engagement-inferred
U0163,INT06,73,Engagement-inferred
U0163,INT40,72,Lookalike model
U0163,INT15,71,Lookalike model
U0163,INT41,68,Engagement-inferred
U0163,INT47,67,Engagement-inferred
U0163,INT05,67,Engagement-inferred
U0164,INT36,100,Declared
U0164,INT49,99,Lookalike model
U0164,INT48,93,Lookalike model
U0164,INT37,87,Engagement-inferred
U0164,INT07,82,Engagement-inferred
U0164,INT44,80,Engagement-inferred
U0164,INT43,78,Engagement-inferred
U0164,INT40,77,Declared
U0164,INT03,75,Declared
U0164,INT14,73,Lookalike model
U0164,INT04,73,Engagement-inferred
U0164,INT39,73,Engagement-inferred
U0164,INT47,73,Engagement-inferred
U0164,INT09,72,Lookalike model
U0165,INT26,100,Engagement-inferred
U0165,INT25,87,Engagement-inferred
U0165,INT27,84,Declared
U0165,INT10,80,Engagement-inferred
U0165,INT16,79,Engagement-inferred
U0165,INT28,79,Engagement-inferred
U0165,INT30,77,Declared
U0165,INT41,74,Lookalike model
U0165,INT33,74,Lookalike model
U0165,INT46,74,Engagement-inferred
U0165,INT24,74,Engagement-inferred
U0165,INT40,73,Engagement-inferred
U0165,INT11,72,Engagement-inferred
U0165,INT15,69,Lookalike model
U0166,INT33,94,Engagement-inferred
U0166,INT23,93,Lookalike model
U0166,INT49,93,Declared
U0166,INT48,93,Engagement-inferred
U0166,INT24,90,Lookalike model
U0166,INT01,88,Declared
U0166,INT35,87,Engagement-inferred
U0166,INT22,87,Engagement-inferred
U0166,INT34,86,Lookalike model
U0166,INT25,79,Lookalike model
U0166,INT50,78,Engagement-inferred
U0166,INT06,74,Engagement-inferred
U0166,INT44,74,Lookalike model
U0166,INT02,74,Engagement-inferred
U0167,INT07,100,Lookalike model
U0167,INT08,96,Engagement-inferred
U0167,INT11,93,Lookalike model
U0167,INT40,86,Lookalike model
U0167,INT06,86,Lookalike model
U0167,INT01,79,Engagement-inferred
U0167,INT23,77,Engagement-inferred
U0167,INT24,76,Declared
U0167,INT42,75,Engagement-inferred
U0167,INT09,74,Engagement-inferred
U0167,INT14,73,Engagement-inferred
U0167,INT41,72,Engagement-inferred
U0167,INT05,72,Declared
U0167,INT22,72,Lookalike model
U0168,INT44,87,Engagement-inferred
U0168,INT49,85,Engagement-inferred
U0168,INT43,79,Engagement-inferred
U0168,INT40,75,Engagement-inferred
U0168,INT48,75,Declared
U0168,INT26,71,Lookalike model
U0168,INT29,71,Engagement-inferred
U0168,INT14,70,Engagement-inferred
U0168,INT50,68,Engagement-inferred
U0168,INT36,66,Engagement-inferred
U0168,INT41,66,Engagement-inferred
U0168,INT16,64,Engagement-inferred
U0168,INT24,64,Engagement-inferred
U0168,INT22,63,Lookalike model
U0169,INT22,95,Engagement-inferred
U0169,INT44,84,Lookalike model
U0169,INT24,82,Declared
U0169,INT47,81,Engagement-inferred
U0169,INT14,79,Engagement-inferred
U0169,INT23,78,Engagement-inferred
U0169,INT26,76,Engagement-inferred
U0169,INT38,75,Engagement-inferred
U0169,INT11,74,Lookalike model
U0169,INT15,71,Engagement-inferred
U0169,INT43,70,Lookalike model
U0169,INT37,68,Engagement-inferred
U0169,INT16,68,Engagement-inferred
U0169,INT36,65,Lookalike model
U0170,INT03,87,Engagement-inferred
U0170,INT47,80,Engagement-inferred
U0170,INT05,78,Engagement-inferred
U0170,INT04,76,Lookalike model
U0170,INT19,74,Engagement-inferred
U0170,INT38,74,Declared
U0170,INT11,70,Engagement-inferred
U0170,INT23,60,Engagement-inferred
U0170,INT14,58,Engagement-inferred
U0170,INT34,58,Engagement-inferred
U0170,INT20,56,Engagement-inferred
U0170,INT33,56,Engagement-inferred
U0170,INT35,55,Engagement-inferred
U0170,INT06,55,Declared
U0171,INT40,89,Lookalike model
U0171,INT34,83,Lookalike model
U0171,INT25,80,Engagement-inferred
U0171,INT41,78,Engagement-inferred
U0171,INT42,76,Engagement-inferred
U0171,INT33,73,Declared
U0171,INT44,70,Lookalike model
U0171,INT27,68,Declared
U0171,INT01,65,Lookalike model
U0171,INT32,63,Declared
U0171,INT50,62,Engagement-inferred
U0171,INT26,61,Engagement-inferred
U0171,INT16,58,Lookalike model
U0171,INT11,58,Lookalike model
U0172,INT44,91,Engagement-inferred
U0172,INT25,78,Lookalike model
U0172,INT43,75,Lookalike model
U0172,INT28,73,Engagement-inferred
U0172,INT26,72,Lookalike model
U0172,INT13,71,Lookalike model
U0172,INT30,71,Engagement-inferred
U0172,INT29,70,Engagement-inferred
U0172,INT47,69,Declared
U0172,INT27,64,Engagement-inferred
U0172,INT36,63,Engagement-inferred
U0172,INT37,61,Engagement-inferred
U0172,INT10,61,Engagement-inferred
U0172,INT04,60,Engagement-inferred
U0173,INT26,91,Lookalike model
U0173,INT19,87,Engagement-inferred
U0173,INT38,86,Declared
U0173,INT28,82,Engagement-inferred
U0173,INT29,78,Declared
U0173,INT27,77,Engagement-inferred
U0173,INT18,74,Engagement-inferred
U0173,INT47,72,Engagement-inferred
U0173,INT30,72,Engagement-inferred
U0173,INT21,71,Declared
U0173,INT44,70,Engagement-inferred
U0173,INT10,70,Lookalike model
U0173,INT31,69,Declared
U0173,INT40,68,Declared
U0174,INT11,76,Engagement-inferred
U0174,INT25,74,Lookalike model
U0174,INT33,73,Lookalike model
U0174,INT28,71,Engagement-inferred
U0174,INT01,71,Lookalike model
U0174,INT14,70,Lookalike model
U0174,INT44,69,Engagement-inferred
U0174,INT49,68,Lookalike model
U0174,INT02,64,Engagement-inferred
U0174,INT43,64,Engagement-inferred
U0174,INT32,60,Engagement-inferred
U0174,INT30,59,Lookalike model
U0174,INT34,59,Engagement-inferred
U0174,INT29,58,Declared
U0175,INT16,98,Lookalike model
U0175,INT01,89,Engagement-inferred
U0175,INT17,89,Lookalike model
U0175,INT07,86,Engagement-inferred
U0175,INT33,79,Engagement-inferred
U0175,INT02,77,Engagement-inferred
U0175,INT24,77,Declared
U0175,INT12,73,Lookalike model
U0175,INT08,72,Engagement-inferred
U0175,INT46,68,Engagement-inferred
U0175,INT09,68,Declared
U0175,INT35,67,Engagement-inferred
U0175,INT23,66,Declared
U0175,INT49,64,Engagement-inferred
U0176,INT10,97,Engagement-inferred
U0176,INT47,95,Lookalike model
U0176,INT03,93,Engagement-inferred
U0176,INT38,88,Engagement-inferred
U0176,INT22,87,Engagement-inferred
U0176,INT24,85,Lookalike model
U0176,INT23,80,Lookalike model
U0176,INT25,71,Engagement-inferred
U0176,INT05,70,Engagement-inferred
U0176,INT07,70,Engagement-inferred
U0176,INT14,68,Engagement-inferred
U0176,INT04,68,Engagement-inferred
U0176,INT08,65,Engagement-inferred
U0176,INT15,64,Engagement-inferred
U0177,INT25,95,Engagement-inferred
U0177,INT33,95,Engagement-inferred
U0177,INT17,74,Engagement-inferred
U0177,INT40,73,Lookalike model
U0177,INT16,71,Declared
U0177,INT47,70,Lookalike model
U0177,INT42,68,Declared
U0177,INT41,66,Engagement-inferred
U0177,INT34,66,Engagement-inferred
U0177,INT35,65,Declared
U0177,INT12,60,Declared
U0177,INT38,58,Engagement-inferred
U0177,INT09,57,Engagement-inferred
U0177,INT19,57,Engagement-inferred
U0178,INT11,100,Engagement-inferred
U0178,INT14,80,Engagement-inferred
U0178,INT36,74,Engagement-inferred
U0178,INT01,72,Declared
U0178,INT44,70,Declared
U0178,INT37,70,Declared
U0178,INT26,68,Engagement-inferred
U0178,INT27,62,Engagement-inferred
U0178,INT06,62,Lookalike model
U0178,INT42,59,Engagement-inferred
U0178,INT49,58,Engagement-inferred
U0178,INT34,58,Engagement-inferred
U0178,INT40,57,Declared
U0178,INT31,56,Declared
U0179,INT22,89,Engagement-inferred
U0179,INT47,89,Engagement-inferred
U0179,INT38,72,Engagement-inferred
U0179,INT03,67,Lookalike model
U0179,INT24,66,Declared
U0179,INT04,63,Engagement-inferred
U0179,INT20,62,Declared
U0179,INT44,62,Engagement-inferred
U0179,INT40,60,Lookalike model
U0179,INT43,60,Lookalike model
U0179,INT16,59,Lookalike model
U0179,INT23,57,Declared
U0179,INT33,55,Declared
U0179,INT34,54,Lookalike model
U0180,INT11,82,Engagement-inferred
U0180,INT10,81,Engagement-inferred
U0180,INT14,65,Engagement-inferred
U0180,INT15,61,Engagement-inferred
U0180,INT40,59,Engagement-inferred
U0180,INT24,58,Engagement-inferred
U0180,INT43,55,Declared
U0180,INT44,53,Engagement-inferred
U0180,INT46,49,Engagement-inferred
U0180,INT41,48,Engagement-inferred
U0180,INT42,47,Engagement-inferred
U0180,INT25,47,Engagement-inferred
U0180,INT22,46,Engagement-inferred
U0180,INT01,44,Engagement-inferred
U0181,INT01,100,Engagement-inferred
U0181,INT26,89,Declared
U0181,INT37,85,Declared
U0181,INT36,85,Engagement-inferred
U0181,INT02,81,Lookalike model
U0181,INT38,77,Engagement-inferred
U0181,INT06,75,Engagement-inferred
U0181,INT22,74,Engagement-inferred
U0181,INT39,73,Engagement-inferred
U0181,INT27,73,Declared
U0181,INT29,72,Declared
U0181,INT44,72,Lookalike model
U0181,INT07,71,Lookalike model
U0181,INT15,70,Declared
U0182,INT01,94,Declared
U0182,INT38,84,Engagement-inferred
U0182,INT11,82,Engagement-inferred
U0182,INT44,81,Engagement-inferred
U0182,INT02,81,Engagement-inferred
U0182,INT26,80,Engagement-inferred
U0182,INT47,80,Engagement-inferred
U0182,INT27,76,Engagement-inferred
U0182,INT07,76,Engagement-inferred
U0182,INT29,75,Lookalike model
U0182,INT28,75,Engagement-inferred
U0182,INT30,74,Lookalike model
U0182,INT31,70,Engagement-inferred
U0182,INT14,69,Declared
U0183,INT48,92,Engagement-inferred
U0183,INT40,89,Declared
U0183,INT47,85,Lookalike model
U0183,INT11,80,Engagement-inferred
U0183,INT14,76,Engagement-inferred
U0183,INT49,75,Engagement-inferred
U0183,INT50,72,Declared
U0183,INT38,71,Engagement-inferred
U0183,INT41,71,Engagement-inferred
U0183,INT42,70,Declared
U0183,INT04,62,Lookalike model
U0183,INT03,61,Lookalike model
U0183,INT35,59,Engagement-inferred
U0183,INT33,58,Engagement-inferred
U0184,INT40,97,Engagement-inferred
U0184,INT42,83,Engagement-inferred
U0184,INT19,77,Engagement-inferred
U0184,INT03,74,Engagement-inferred
U0184,INT41,72,Engagement-inferred
U0184,INT04,70,Engagement-inferred
U0184,INT33,68,Lookalike model
U0184,INT05,66,Engagement-inferred
U0184,INT11,63,Declared
U0184,INT46,62,Engagement-inferred
U0184,INT18,62,Declared
U0184,INT20,59,Engagement-inferred
U0184,INT21,57,Engagement-inferred
U0184,INT35,56,Declared
U0185,INT02,96,Engagement-inferred
U0185,INT01,95,Engagement-inferred
U0185,INT26,94,Declared
U0185,INT28,89,Lookalike model
U0185,INT11,89,Declared
U0185,INT10,88,Engagement-inferred
U0185,INT29,86,Lookalike model
U0185,INT24,85,Lookalike model
U0185,INT32,84,Lookalike model
U0185,INT06,82,Declared
U0185,INT23,82,Declared
U0185,INT14,81,Lookalike model
U0185,INT27,78,Declared
U0185,INT33,76,Engagement-inferred
U0186,INT01,98,Engagement-inferred
U0186,INT07,93,Lookalike model
U0186,INT26,89,Declared
U0186,INT47,88,Declared
U0186,INT08,86,Engagement-inferred
U0186,INT09,84,Engagement-inferred
U0186,INT40,83,Engagement-inferred
U0186,INT29,82,Lookalike model
U0186,INT02,81,Engagement-inferred
U0186,INT27,81,Engagement-inferred
U0186,INT28,80,Engagement-inferred
U0186,INT10,79,Engagement-inferred
U0186,INT06,76,Engagement-inferred
U0186,INT42,75,Declared
U0187,INT40,94,Engagement-inferred
U0187,INT26,91,Engagement-inferred
U0187,INT16,90,Engagement-inferred
U0187,INT03,85,Declared
U0187,INT50,85,Declared
U0187,INT05,81,Engagement-inferred
U0187,INT17,79,Engagement-inferred
U0187,INT27,77,Lookalike model
U0187,INT19,77,Lookalike model
U0187,INT41,77,Engagement-inferred
U0187,INT49,76,Lookalike model
U0187,INT42,76,Lookalike model
U0187,INT32,75,Lookalike model
U0187,INT21,74,Engagement-inferred
U0188,INT44,96,Lookalike model
U0188,INT43,82,Engagement-inferred
U0188,INT10,80,Engagement-inferred
U0188,INT36,72,Engagement-inferred
U0188,INT16,68,Declared
U0188,INT17,63,Lookalike model
U0188,INT37,62,Engagement-inferred
U0188,INT26,60,Engagement-inferred
U0188,INT50,60,Engagement-inferred
U0188,INT12,54,Engagement-inferred
U0188,INT11,52,Lookalike model
U0188,INT29,52,Engagement-inferred
U0188,INT33,51,Declared
U0188,INT24,51,Lookalike model
U0189,INT25,75,Engagement-inferred
U0189,INT19,73,Engagement-inferred
U0189,INT33,72,Engagement-inferred
U0189,INT11,72,Engagement-inferred
U0189,INT22,70,Lookalike model
U0189,INT01,68,Declared
U0189,INT14,66,Declared
U0189,INT46,63,Engagement-inferred
U0189,INT23,59,Declared
U0189,INT03,59,Engagement-inferred
U0189,INT21,58,Engagement-inferred
U0189,INT20,58,Engagement-inferred
U0189,INT35,56,Lookalike model
U0189,INT18,55,Engagement-inferred
U0190,INT11,79,Engagement-inferred
U0190,INT22,75,Engagement-inferred
U0190,INT06,75,Engagement-inferred
U0190,INT24,73,Engagement-inferred
U0190,INT23,70,Declared
U0190,INT01,69,Engagement-inferred
U0190,INT25,68,Engagement-inferred
U0190,INT20,68,Engagement-inferred
U0190,INT36,67,Engagement-inferred
U0190,INT14,64,Engagement-inferred
U0190,INT21,62,Engagement-inferred
U0190,INT19,61,Engagement-inferred
U0190,INT38,60,Lookalike model
U0190,INT15,58,Declared
U0191,INT07,100,Declared
U0191,INT08,98,Declared
U0191,INT16,89,Engagement-inferred
U0191,INT17,87,Engagement-inferred
U0191,INT20,85,Engagement-inferred
U0191,INT09,80,Engagement-inferred
U0191,INT19,79,Declared
U0191,INT10,75,Engagement-inferred
U0191,INT21,68,Engagement-inferred
U0191,INT18,67,Declared
U0191,INT25,64,Engagement-inferred
U0191,INT43,63,Engagement-inferred
U0191,INT44,62,Engagement-inferred
U0191,INT12,62,Engagement-inferred
U0192,INT36,100,Lookalike model
U0192,INT49,90,Engagement-inferred
U0192,INT11,86,Declared
U0192,INT37,84,Engagement-inferred
U0192,INT48,84,Engagement-inferred
U0192,INT18,82,Engagement-inferred
U0192,INT19,82,Lookalike model
U0192,INT39,81,Engagement-inferred
U0192,INT03,79,Engagement-inferred
U0192,INT50,78,Declared
U0192,INT14,76,Engagement-inferred
U0192,INT20,75,Engagement-inferred
U0192,INT21,75,Engagement-inferred
U0192,INT24,72,Lookalike model
U0193,INT49,82,Engagement-inferred
U0193,INT36,77,Engagement-inferred
U0193,INT50,76,Declared
U0193,INT26,76,Engagement-inferred
U0193,INT27,74,Engagement-inferred
U0193,INT03,73,Engagement-inferred
U0193,INT29,71,Lookalike model
U0193,INT48,70,Lookalike model
U0193,INT31,67,Engagement-inferred
U0193,INT38,67,Engagement-inferred
U0193,INT28,66,Engagement-inferred
U0193,INT32,64,Declared
U0193,INT37,63,Declared
U0193,INT39,63,Engagement-inferred
U0194,INT19,93,Engagement-inferred
U0194,INT03,89,Engagement-inferred
U0194,INT43,84,Engagement-inferred
U0194,INT18,84,Engagement-inferred
U0194,INT46,83,Engagement-inferred
U0194,INT38,81,Engagement-inferred
U0194,INT11,81,Engagement-inferred
U0194,INT44,80,Engagement-inferred
U0194,INT20,78,Engagement-inferred
U0194,INT04,78,Lookalike model
U0194,INT21,73,Declared
U0194,INT26,73,Lookalike model
U0194,INT47,73,Engagement-inferred
U0194,INT25,72,Engagement-inferred
U0195,INT27,81,Engagement-inferred
U0195,INT26,81,Engagement-inferred
U0195,INT28,80,Engagement-inferred
U0195,INT49,80,Lookalike model
U0195,INT48,80,Engagement-inferred
U0195,INT29,71,Engagement-inferred
U0195,INT50,70,Declared
U0195,INT10,69,Engagement-inferred
U0195,INT30,66,Declared
U0195,INT31,66,Declared
U0195,INT32,59,Declared
U0195,INT16,57,Engagement-inferred
U0195,INT01,51,Declared
U0195,INT06,50,Engagement-inferred
U0196,INT16,100,Engagement-inferred
U0196,INT07,99,Engagement-inferred
U0196,INT11,91,Engagement-inferred
U0196,INT40,90,Lookalike model
U0196,INT17,90,Engagement-inferred
U0196,INT08,85,Declared
U0196,INT42,85,Engagement-inferred
U0196,INT41,85,Engagement-inferred
U0196,INT09,77,Engagement-inferred
U0196,INT14,75,Lookalike model
U0196,INT22,75,Engagement-inferred
U0196,INT12,74,Engagement-inferred
U0196,INT10,74,Engagement-inferred
U0196,INT24,73,Engagement-inferred
U0197,INT26,94,Lookalike model
U0197,INT27,84,Lookalike model
U0197,INT44,80,Engagement-inferred
U0197,INT29,79,Engagement-inferred
U0197,INT31,79,Engagement-inferred
U0197,INT25,78,Engagement-inferred
U0197,INT03,77,Engagement-inferred
U0197,INT28,75,Engagement-inferred
U0197,INT32,75,Engagement-inferred
U0197,INT30,75,Engagement-inferred
U0197,INT33,69,Lookalike model
U0197,INT11,66,Engagement-inferred
U0197,INT43,59,Engagement-inferred
U0197,INT46,58,Lookalike model
U0198,INT07,100,Engagement-inferred
U0198,INT08,87,Engagement-inferred
U0198,INT22,83,Lookalike model
U0198,INT33,81,Engagement-inferred
U0198,INT09,77,Lookalike model
U0198,INT47,77,Lookalike model
U0198,INT24,76,Declared
U0198,INT35,76,Engagement-inferred
U0198,INT40,75,Declared
U0198,INT28,73,Lookalike model
U0198,INT38,73,Engagement-inferred
U0198,INT26,72,Engagement-inferred
U0198,INT23,69,Engagement-inferred
U0198,INT18,68,Engagement-inferred
U0199,INT47,100,Lookalike model
U0199,INT38,89,Lookalike model
U0199,INT36,86,Engagement-inferred
U0199,INT33,86,Engagement-inferred
U0199,INT07,85,Engagement-inferred
U0199,INT08,84,Engagement-inferred
U0199,INT44,81,Engagement-inferred
U0199,INT34,76,Engagement-inferred
U0199,INT01,75,Declared
U0199,INT35,73,Lookalike model
U0199,INT25,72,Lookalike model
U0199,INT43,69,Lookalike model
U0199,INT37,68,Engagement-inferred
U0199,INT02,65,Declared
U0200,INT33,100,Lookalike model
U0200,INT35,87,Declared
U0200,INT47,87,Engagement-inferred
U0200,INT11,81,Declared
U0200,INT16,80,Lookalike model
U0200,INT25,80,Engagement-inferred
U0200,INT38,79,Lookalike model
U0200,INT24,78,Engagement-inferred
U0200,INT34,77,Engagement-inferred
U0200,INT14,77,Lookalike model
U0200,INT22,76,Engagement-inferred
U0200,INT30,74,Engagement-inferred
U0200,INT10,73,Declared
U0200,INT23,70,Engagement-inferred
U0201,INT08,100,Lookalike model
U0201,INT07,99,Engagement-inferred
U0201,INT19,92,Engagement-inferred
U0201,INT20,92,Engagement-inferred
U0201,INT36,91,Engagement-inferred
U0201,INT11,88,Engagement-inferred
U0201,INT21,88,Engagement-inferred
U0201,INT14,87,Engagement-inferred
U0201,INT18,86,Engagement-inferred
U0201,INT09,85,Engagement-inferred
U0201,INT01,79,Engagement-inferred
U0201,INT06,76,Engagement-inferred
U0201,INT04,74,Engagement-inferred
U0201,INT37,72,Lookalike model
U0202,INT19,100,Engagement-inferred
U0202,INT16,100,Engagement-inferred
U0202,INT49,89,Engagement-inferred
U0202,INT26,86,Declared
U0202,INT18,86,Declared
U0202,INT48,85,Engagement-inferred
U0202,INT22,84,Lookalike model
U0202,INT20,83,Engagement-inferred
U0202,INT17,81,Engagement-inferred
U0202,INT50,80,Lookalike model
U0202,INT21,79,Engagement-inferred
U0202,INT24,78,Engagement-inferred
U0202,INT10,78,Engagement-inferred
U0202,INT27,70,Engagement-inferred
U0203,INT44,85,Engagement-inferred
U0203,INT43,83,Engagement-inferred
U0203,INT26,81,Lookalike model
U0203,INT40,77,Engagement-inferred
U0203,INT16,77,Lookalike model
U0203,INT27,73,Engagement-inferred
U0203,INT46,72,Engagement-inferred
U0203,INT03,72,Engagement-inferred
U0203,INT29,70,Declared
U0203,INT32,70,Declared
U0203,INT42,69,Engagement-inferred
U0203,INT30,69,Declared
U0203,INT25,66,Engagement-inferred
U0203,INT28,64,Engagement-inferred
U0204,INT33,74,Lookalike model
U0204,INT26,67,Engagement-inferred
U0204,INT34,65,Engagement-inferred
U0204,INT27,63,Engagement-inferred
U0204,INT47,61,Engagement-inferred
U0204,INT35,61,Engagement-inferred
U0204,INT46,59,Lookalike model
U0204,INT07,59,Declared
U0204,INT44,58,Declared
U0204,INT50,58,Engagement-inferred
U0204,INT25,58,Engagement-inferred
U0204,INT31,58,Engagement-inferred
U0204,INT38,56,Lookalike model
U0204,INT48,56,Engagement-inferred
U0205,INT33,100,Lookalike model
U0205,INT34,90,Engagement-inferred
U0205,INT35,87,Lookalike model
U0205,INT07,86,Declared
U0205,INT08,71,Declared
U0205,INT44,69,Engagement-inferred
U0205,INT47,67,Lookalike model
U0205,INT43,65,Engagement-inferred
U0205,INT10,63,Engagement-inferred
U0205,INT04,63,Lookalike model
U0205,INT09,62,Lookalike model
U0205,INT05,61,Lookalike model
U0205,INT26,59,Engagement-inferred
U0205,INT27,57,Lookalike model
U0206,INT07,100,Declared
U0206,INT26,97,Lookalike model
U0206,INT09,89,Declared
U0206,INT27,82,Engagement-inferred
U0206,INT08,81,Lookalike model
U0206,INT48,81,Declared
U0206,INT47,78,Engagement-inferred
U0206,INT40,72,Engagement-inferred
U0206,INT49,71,Engagement-inferred
U0206,INT25,70,Engagement-inferred
U0206,INT30,70,Engagement-inferred
U0206,INT32,69,Declared
U0206,INT31,67,Declared
U0206,INT28,67,Declared
U0207,INT26,100,Engagement-inferred
U0207,INT11,90,Engagement-inferred
U0207,INT27,90,Engagement-inferred
U0207,INT28,87,Engagement-inferred
U0207,INT33,85,Declared
U0207,INT29,81,Lookalike model
U0207,INT32,78,Lookalike model
U0207,INT14,77,Lookalike model
U0207,INT37,75,Lookalike model
U0207,INT10,74,Engagement-inferred
U0207,INT36,73,Engagement-inferred
U0207,INT30,73,Engagement-inferred
U0207,INT39,72,Lookalike model
U0207,INT31,70,Engagement-inferred
U0208,INT19,94,Declared
U0208,INT20,92,Engagement-inferred
U0208,INT29,89,Engagement-inferred
U0208,INT26,89,Engagement-inferred
U0208,INT18,88,Declared
U0208,INT21,88,Declared
U0208,INT30,80,Engagement-inferred
U0208,INT32,80,Lookalike model
U0208,INT27,80,Declared
U0208,INT25,79,Declared
U0208,INT10,79,Lookalike model
U0208,INT03,78,Engagement-inferred
U0208,INT28,76,Engagement-inferred
U0208,INT14,75,Lookalike model
U0209,INT10,98,Engagement-inferred
U0209,INT44,93,Lookalike model
U0209,INT19,80,Engagement-inferred
U0209,INT43,80,Lookalike model
U0209,INT21,75,Engagement-inferred
U0209,INT33,73,Engagement-inferred
U0209,INT47,73,Engagement-inferred
U0209,INT18,71,Engagement-inferred
U0209,INT46,71,Engagement-inferred
U0209,INT26,69,Lookalike model
U0209,INT41,69,Engagement-inferred
U0209,INT38,67,Engagement-inferred
U0209,INT40,67,Lookalike model
U0209,INT20,63,Engagement-inferred
U0210,INT22,99,Engagement-inferred
U0210,INT26,93,Engagement-inferred
U0210,INT03,90,Engagement-inferred
U0210,INT04,86,Engagement-inferred
U0210,INT40,82,Lookalike model
U0210,INT24,82,Lookalike model
U0210,INT42,81,Engagement-inferred
U0210,INT23,80,Engagement-inferred
U0210,INT27,80,Lookalike model
U0210,INT41,79,Lookalike model
U0210,INT15,75,Engagement-inferred
U0210,INT06,75,Declared
U0210,INT01,75,Engagement-inferred
U0210,INT02,72,Declared
U0211,INT33,92,Lookalike model
U0211,INT35,90,Declared
U0211,INT34,80,Declared
U0211,INT40,79,Engagement-inferred
U0211,INT07,73,Engagement-inferred
U0211,INT01,72,Declared
U0211,INT31,72,Declared
U0211,INT26,71,Engagement-inferred
U0211,INT10,69,Engagement-inferred
U0211,INT27,68,Lookalike model
U0211,INT41,66,Engagement-inferred
U0211,INT08,65,Engagement-inferred
U0211,INT28,65,Engagement-inferred
U0211,INT16,64,Declared
U0212,INT11,95,Engagement-inferred
U0212,INT03,92,Engagement-inferred
U0212,INT44,84,Engagement-inferred
U0212,INT43,84,Lookalike model
U0212,INT05,83,Engagement-inferred
U0212,INT04,81,Declared
U0212,INT37,79,Engagement-inferred
U0212,INT36,78,Engagement-inferred
U0212,INT16,76,Engagement-inferred
U0212,INT17,76,Engagement-inferred
U0212,INT19,74,Engagement-inferred
U0212,INT14,73,Engagement-inferred
U0212,INT02,69,Engagement-inferred
U0212,INT20,67,Engagement-inferred
U0213,INT07,100,Declared
U0213,INT16,91,Engagement-inferred
U0213,INT33,88,Engagement-inferred
U0213,INT08,83,Engagement-inferred
U0213,INT12,77,Declared
U0213,INT17,76,Engagement-inferred
U0213,INT34,75,Engagement-inferred
U0213,INT19,72,Declared
U0213,INT09,71,Lookalike model
U0213,INT47,71,Engagement-inferred
U0213,INT38,70,Lookalike model
U0213,INT35,68,Engagement-inferred
U0213,INT36,64,Declared
U0213,INT03,63,Engagement-inferred
U0214,INT23,86,Engagement-inferred
U0214,INT24,84,Lookalike model
U0214,INT04,83,Engagement-inferred
U0214,INT22,81,Lookalike model
U0214,INT16,78,Lookalike model
U0214,INT14,76,Declared
U0214,INT10,76,Declared
U0214,INT11,74,Engagement-inferred
U0214,INT03,72,Engagement-inferred
U0214,INT26,71,Engagement-inferred
U0214,INT15,68,Engagement-inferred
U0214,INT40,67,Engagement-inferred
U0214,INT17,67,Declared
U0214,INT47,62,Engagement-inferred
U0215,INT10,88,Engagement-inferred
U0215,INT33,86,Engagement-inferred
U0215,INT04,79,Lookalike model
U0215,INT01,73,Declared
U0215,INT47,70,Engagement-inferred
U0215,INT44,69,Engagement-inferred
U0215,INT38,68,Engagement-inferred
U0215,INT34,66,Lookalike model
U0215,INT03,66,Engagement-inferred
U0215,INT05,65,Engagement-inferred
U0215,INT28,64,Lookalike model
U0215,INT26,63,Engagement-inferred
U0215,INT43,61,Lookalike model
U0215,INT11,59,Engagement-inferred
U0216,INT22,88,Engagement-inferred
U0216,INT24,80,Declared
U0216,INT44,79,Engagement-inferred
U0216,INT23,71,Engagement-inferred
U0216,INT01,71,Engagement-inferred
U0216,INT11,70,Engagement-inferred
U0216,INT06,67,Lookalike model
U0216,INT08,66,Engagement-inferred
U0216,INT46,63,Lookalike model
U0216,INT43,63,Engagement-inferred
U0216,INT14,60,Engagement-inferred
U0216,INT07,58,Engagement-inferred
U0216,INT15,58,Engagement-inferred
U0216,INT03,56,Engagement-inferred
U0217,INT22,94,Lookalike model
U0217,INT24,87,Declared
U0217,INT33,86,Engagement-inferred
U0217,INT23,81,Lookalike model
U0217,INT15,81,Engagement-inferred
U0217,INT07,80,Lookalike model
U0217,INT34,76,Engagement-inferred
U0217,INT44,75,Engagement-inferred
U0217,INT04,74,Lookalike model
U0217,INT08,71,Lookalike model
U0217,INT35,68,Engagement-inferred
U0217,INT03,68,Engagement-inferred
U0217,INT25,67,Declared
U0217,INT36,66,Engagement-inferred
U0218,INT40,100,Engagement-inferred
U0218,INT16,98,Engagement-inferred
U0218,INT26,96,Engagement-inferred
U0218,INT41,94,Engagement-inferred
U0218,INT42,93,Engagement-inferred
U0218,INT17,91,Lookalike model
U0218,INT07,90,Engagement-inferred
U0218,INT28,90,Lookalike model
U0218,INT27,89,Engagement-inferred
U0218,INT47,76,Engagement-inferred
U0218,INT08,76,Engagement-inferred
U0218,INT33,75,Engagement-inferred
U0218,INT03,74,Engagement-inferred
U0218,INT29,74,Engagement-inferred
U0219,INT07,82,Engagement-inferred
U0219,INT28,81,Engagement-inferred
U0219,INT27,80,Engagement-inferred
U0219,INT08,77,Engagement-inferred
U0219,INT11,74,Lookalike model
U0219,INT26,73,Engagement-inferred
U0219,INT20,72,Engagement-inferred
U0219,INT19,72,Lookalike model
U0219,INT03,71,Lookalike model
U0219,INT14,71,Declared
U0219,INT09,68,Engagement-inferred
U0219,INT21,68,Engagement-inferred
U0219,INT30,66,Engagement-inferred
U0219,INT01,66,Engagement-inferred
U0220,INT16,84,Declared
U0220,INT26,83,Declared
U0220,INT33,78,Engagement-inferred
U0220,INT11,77,Engagement-inferred
U0220,INT27,77,Lookalike model
U0220,INT44,77,Engagement-inferred
U0220,INT01,76,Engagement-inferred
U0220,INT40,74,Engagement-inferred
U0220,INT28,72,Engagement-inferred
U0220,INT31,70,Declared
U0220,INT14,70,Engagement-inferred
U0220,INT29,70,Lookalike model
U0220,INT30,67,Engagement-inferred
U0220,INT41,67,Declared
U0221,INT33,99,Lookalike model
U0221,INT26,97,Engagement-inferred
U0221,INT04,94,Lookalike model
U0221,INT19,91,Engagement-inferred
U0221,INT43,83,Engagement-inferred
U0221,INT20,81,Lookalike model
U0221,INT44,80,Engagement-inferred
U0221,INT35,77,Declared
U0221,INT03,77,Engagement-inferred
U0221,INT28,75,Declared
U0221,INT30,73,Declared
U0221,INT18,73,Lookalike model
U0221,INT27,72,Declared
U0221,INT21,71,Engagement-inferred
U0222,INT01,92,Engagement-inferred
U0222,INT28,87,Engagement-inferred
U0222,INT26,84,Declared
U0222,INT02,77,Engagement-inferred
U0222,INT27,76,Lookalike model
U0222,INT07,74,Engagement-inferred
U0222,INT29,72,Declared
U0222,INT19,71,Declared
U0222,INT31,68,Declared
U0222,INT44,67,Engagement-inferred
U0222,INT18,66,Lookalike model
U0222,INT32,65,Engagement-inferred
U0222,INT09,64,Lookalike model
U0222,INT21,64,Declared
U0223,INT22,98,Engagement-inferred
U0223,INT23,96,Lookalike model
U0223,INT24,92,Declared
U0223,INT48,83,Engagement-inferred
U0223,INT49,78,Engagement-inferred
U0223,INT15,74,Engagement-inferred
U0223,INT10,70,Declared
U0223,INT50,70,Engagement-inferred
U0223,INT19,67,Lookalike model
U0223,INT07,64,Engagement-inferred
U0223,INT26,64,Declared
U0223,INT20,63,Engagement-inferred
U0223,INT44,63,Engagement-inferred
U0223,INT43,61,Engagement-inferred
U0224,INT26,90,Engagement-inferred
U0224,INT16,85,Lookalike model
U0224,INT11,82,Engagement-inferred
U0224,INT27,81,Declared
U0224,INT07,77,Engagement-inferred
U0224,INT12,77,Engagement-inferred
U0224,INT44,77,Lookalike model
U0224,INT04,75,Engagement-inferred
U0224,INT46,75,Engagement-inferred
U0224,INT29,73,Engagement-inferred
U0224,INT28,73,Declared
U0224,INT10,73,Lookalike model
U0224,INT03,73,Engagement-inferred
U0224,INT43,70,Engagement-inferred
U0225,INT16,95,Lookalike model
U0225,INT17,95,Engagement-inferred
U0225,INT44,85,Engagement-inferred
U0225,INT10,78,Engagement-inferred
U0225,INT47,78,Engagement-inferred
U0225,INT38,75,Engagement-inferred
U0225,INT12,74,Lookalike model
U0225,INT43,70,Engagement-inferred
U0225,INT22,64,Engagement-inferred
U0225,INT36,63,Lookalike model
U0225,INT46,61,Engagement-inferred
U0225,INT15,58,Engagement-inferred
U0225,INT23,57,Engagement-inferred
U0225,INT24,57,Declared
U0226,INT01,96,Engagement-inferred
U0226,INT02,86,Engagement-inferred
U0226,INT11,83,Engagement-inferred
U0226,INT48,76,Engagement-inferred
U0226,INT49,74,Engagement-inferred
U0226,INT39,72,Lookalike model
U0226,INT07,72,Engagement-inferred
U0226,INT36,72,Declared
U0226,INT37,70,Declared
U0226,INT14,68,Engagement-inferred
U0226,INT08,68,Engagement-inferred
U0226,INT06,66,Engagement-inferred
U0226,INT09,60,Engagement-inferred
U0226,INT50,59,Engagement-inferred
U0227,INT07,81,Engagement-inferred
U0227,INT10,79,Engagement-inferred
U0227,INT08,79,Engagement-inferred
U0227,INT46,76,Engagement-inferred
U0227,INT01,75,Engagement-inferred
U0227,INT02,75,Engagement-inferred
U0227,INT22,74,Engagement-inferred
U0227,INT33,72,Lookalike model
U0227,INT06,71,Engagement-inferred
U0227,INT09,71,Declared
U0227,INT34,70,Engagement-inferred
U0227,INT26,70,Engagement-inferred
U0227,INT24,66,Lookalike model
U0227,INT43,60,Engagement-inferred
U0228,INT01,100,Engagement-inferred
U0228,INT02,81,Declared
U0228,INT44,80,Engagement-inferred
U0228,INT33,80,Lookalike model
U0228,INT47,74,Lookalike model
U0228,INT09,73,Lookalike model
U0228,INT06,71,Declared
U0228,INT34,71,Engagement-inferred
U0228,INT43,70,Engagement-inferred
U0228,INT22,65,Engagement-inferred
U0228,INT07,65,Lookalike model
U0228,INT35,64,Declared
U0228,INT14,62,Engagement-inferred
U0228,INT38,61,Declared
U0229,INT48,89,Engagement-inferred
U0229,INT49,87,Engagement-inferred
U0229,INT44,82,Declared
U0229,INT22,76,Engagement-inferred
U0229,INT50,76,Engagement-inferred
U0229,INT47,73,Engagement-inferred
U0229,INT38,71,Engagement-inferred
U0229,INT11,69,Engagement-inferred
U0229,INT24,66,Declared
U0229,INT43,64,Lookalike model
U0229,INT46,63,Engagement-inferred
U0229,INT23,61,Engagement-inferred
U0229,INT15,59,Declared
U0229,INT37,59,Declared
U0230,INT40,100,Lookalike model
U0230,INT47,95,Lookalike model
U0230,INT38,90,Engagement-inferred
U0230,INT07,85,Engagement-inferred
U0230,INT42,74,Lookalike model
U0230,INT43,74,Engagement-inferred
U0230,INT11,73,Engagement-inferred
U0230,INT26,72,Engagement-inferred
U0230,INT41,72,Engagement-inferred
U0230,INT44,71,Declared
U0230,INT09,69,Engagement-inferred
U0230,INT14,67,Declared
U0230,INT08,66,Engagement-inferred
U0230,INT31,63,Engagement-inferred
U0231,INT14,94,Engagement-inferred
U0231,INT07,92,Engagement-inferred
U0231,INT08,90,Engagement-inferred
U0231,INT40,86,Lookalike model
U0231,INT42,83,Engagement-inferred
U0231,INT38,83,Engagement-inferred
U0231,INT41,82,Engagement-inferred
U0231,INT47,80,Declared
U0231,INT11,79,Engagement-inferred
U0231,INT26,76,Engagement-inferred
U0231,INT29,75,Engagement-inferred
U0231,INT25,75,Lookalike model
U0231,INT05,72,Engagement-inferred
U0231,INT27,72,Engagement-inferred
U0232,INT44,99,Engagement-inferred
U0232,INT26,98,Lookalike model
U0232,INT28,91,Engagement-inferred
U0232,INT32,83,Engagement-inferred
U0232,INT29,81,Lookalike model
U0232,INT33,81,Engagement-inferred
U0232,INT11,81,Engagement-inferred
U0232,INT27,79,Declared
U0232,INT43,79,Engagement-inferred
U0232,INT30,77,Engagement-inferred
U0232,INT01,75,Engagement-inferred
U0232,INT02,75,Declared
U0232,INT34,74,Lookalike model
U0232,INT31,73,Lookalike model
U0233,INT44,83,Engagement-inferred
U0233,INT08,79,Lookalike model
U0233,INT26,78,Engagement-inferred
U0233,INT25,77,Engagement-inferred
U0233,INT29,74,Declared
U0233,INT07,73,Engagement-inferred
U0233,INT03,71,Lookalike model
U0233,INT43,68,Engagement-inferred
U0233,INT16,67,Engagement-inferred
U0233,INT28,66,Engagement-inferred
U0233,INT11,66,Engagement-inferred
U0233,INT14,66,Lookalike model
U0233,INT46,65,Engagement-inferred
U0233,INT32,64,Declared
U0234,INT40,97,Declared
U0234,INT33,87,Lookalike model
U0234,INT42,83,Declared
U0234,INT41,80,Engagement-inferred
U0234,INT19,79,Lookalike model
U0234,INT35,75,Engagement-inferred
U0234,INT34,75,Engagement-inferred
U0234,INT18,75,Engagement-inferred
U0234,INT37,75,Engagement-inferred
U0234,INT21,73,Engagement-inferred
U0234,INT04,71,Engagement-inferred
U0234,INT10,70,Engagement-inferred
U0234,INT29,67,Engagement-inferred
U0234,INT26,65,Engagement-inferred
U0235,INT22,92,Engagement-inferred
U0235,INT36,90,Engagement-inferred
U0235,INT33,85,Engagement-inferred
U0235,INT26,82,Lookalike model
U0235,INT25,82,Engagement-inferred
U0235,INT27,79,Engagement-inferred
U0235,INT42,78,Lookalike model
U0235,INT24,78,Engagement-inferred
U0235,INT23,76,Engagement-inferred
U0235,INT31,75,Declared
U0235,INT28,72,Engagement-inferred
U0235,INT29,71,Engagement-inferred
U0235,INT37,71,Engagement-inferred
U0235,INT39,71,Engagement-inferred
U0236,INT07,100,Engagement-inferred
U0236,INT08,85,Engagement-inferred
U0236,INT09,80,Lookalike model
U0236,INT10,72,Engagement-inferred
U0236,INT23,68,Engagement-inferred
U0236,INT16,66,Engagement-inferred
U0236,INT14,63,Engagement-inferred
U0236,INT11,62,Lookalike model
U0236,INT46,62,Engagement-inferred
U0236,INT12,61,Engagement-inferred
U0236,INT22,60,Declared
U0236,INT44,60,Lookalike model
U0236,INT17,57,Lookalike model
U0236,INT27,55,Engagement-inferred
U0237,INT04,85,Declared
U0237,INT33,84,Engagement-inferred
U0237,INT03,78,Declared
U0237,INT21,77,Declared
U0237,INT07,77,Declared
U0237,INT35,73,Lookalike model
U0237,INT30,72,Engagement-inferred
U0237,INT26,71,Declared
U0237,INT45,70,Declared
U0237,INT05,69,Declared
U0237,INT28,64,Engagement-inferred
U0237,INT19,64,Engagement-inferred
U0237,INT47,63,Declared
U0237,INT20,63,Declared
U0238,INT22,88,Engagement-inferred
U0238,INT23,86,Engagement-inferred
U0238,INT19,84,Lookalike model
U0238,INT20,79,Engagement-inferred
U0238,INT24,79,Engagement-inferred
U0238,INT18,76,Lookalike model
U0238,INT04,74,Engagement-inferred
U0238,INT10,70,Engagement-inferred
U0238,INT21,69,Engagement-inferred
U0238,INT15,68,Engagement-inferred
U0238,INT40,66,Engagement-inferred
U0238,INT03,66,Engagement-inferred
U0238,INT32,65,Engagement-inferred
U0238,INT26,63,Declared
U0239,INT07,91,Engagement-inferred
U0239,INT01,81,Engagement-inferred
U0239,INT06,80,Declared
U0239,INT26,78,Engagement-inferred
U0239,INT22,77,Lookalike model
U0239,INT02,77,Engagement-inferred
U0239,INT27,75,Engagement-inferred
U0239,INT08,75,Declared
U0239,INT24,71,Declared
U0239,INT09,70,Engagement-inferred
U0239,INT31,63,Engagement-inferred
U0239,INT45,63,Lookalike model
U0239,INT29,59,Declared
U0239,INT47,58,Engagement-inferred
U0240,INT01,94,Engagement-inferred
U0240,INT26,90,Declared
U0240,INT28,89,Lookalike model
U0240,INT02,87,Engagement-inferred
U0240,INT29,86,Engagement-inferred
U0240,INT06,84,Engagement-inferred
U0240,INT07,84,Declared
U0240,INT08,77,Declared
U0240,INT27,77,Engagement-inferred
U0240,INT24,73,Engagement-inferred
U0240,INT32,70,Engagement-inferred
U0240,INT30,70,Engagement-inferred
U0240,INT03,70,Lookalike model
U0240,INT09,69,Engagement-inferred
U0241,INT07,84,Engagement-inferred
U0241,INT19,80,Engagement-inferred
U0241,INT40,79,Declared
U0241,INT20,73,Declared
U0241,INT08,71,Declared
U0241,INT21,70,Engagement-inferred
U0241,INT41,70,Declared
U0241,INT44,66,Engagement-inferred
U0241,INT42,64,Declared
U0241,INT26,63,Engagement-inferred
U0241,INT10,62,Lookalike model
U0241,INT18,60,Engagement-inferred
U0241,INT09,60,Lookalike model
U0241,INT38,59,Engagement-inferred
U0242,INT03,86,Declared
U0242,INT05,84,Engagement-inferred
U0242,INT04,83,Declared
U0242,INT47,83,Declared
U0242,INT01,82,Engagement-inferred
U0242,INT45,77,Engagement-inferred
U0242,INT02,72,Lookalike model
U0242,INT16,68,Engagement-inferred
U0242,INT11,66,Declared
U0242,INT06,66,Engagement-inferred
U0242,INT38,63,Engagement-inferred
U0242,INT17,57,Lookalike model
U0242,INT10,55,Engagement-inferred
U0242,INT12,55,Engagement-inferred
U0243,INT08,89,Lookalike model
U0243,INT07,89,Engagement-inferred
U0243,INT11,77,Lookalike model
U0243,INT09,71,Lookalike model
U0243,INT10,70,Engagement-inferred
U0243,INT36,68,Engagement-inferred
U0243,INT27,67,Engagement-inferred
U0243,INT44,66,Engagement-inferred
U0243,INT30,65,Engagement-inferred
U0243,INT26,64,Engagement-inferred
U0243,INT14,64,Lookalike model
U0243,INT33,64,Declared
U0243,INT19,62,Engagement-inferred
U0243,INT29,61,Engagement-inferred
U0244,INT33,100,Lookalike model
U0244,INT01,99,Engagement-inferred
U0244,INT25,85,Declared
U0244,INT35,84,Lookalike model
U0244,INT34,82,Engagement-inferred
U0244,INT02,79,Declared
U0244,INT28,75,Engagement-inferred
U0244,INT47,73,Engagement-inferred
U0244,INT10,72,Lookalike model
U0244,INT26,70,Engagement-inferred
U0244,INT06,68,Engagement-inferred
U0244,INT32,67,Lookalike model
U0244,INT15,67,Declared
U0244,INT12,65,Engagement-inferred
U0245,INT01,89,Engagement-inferred
U0245,INT04,84,Engagement-inferred
U0245,INT03,83,Declared
U0245,INT05,81,Lookalike model
U0245,INT10,71,Lookalike model
U0245,INT33,70,Engagement-inferred
U0245,INT19,67,Engagement-inferred
U0245,INT25,67,Engagement-inferred
U0245,INT35,66,Lookalike model
U0245,INT36,65,Engagement-inferred
U0245,INT02,65,Lookalike model
U0245,INT26,63,Engagement-inferred
U0245,INT20,63,Engagement-inferred
U0245,INT07,62,Engagement-inferred
U0246,INT25,72,Engagement-inferred
U0246,INT26,71,Engagement-inferred
U0246,INT49,68,Lookalike model
U0246,INT30,68,Lookalike model
U0246,INT05,66,Engagement-inferred
U0246,INT50,61,Engagement-inferred
U0246,INT38,60,Lookalike model
U0246,INT40,60,Engagement-inferred
U0246,INT48,59,Engagement-inferred
U0246,INT07,58,Engagement-inferred
U0246,INT27,57,Lookalike model
U0246,INT41,55,Declared
U0246,INT12,55,Declared
U0246,INT04,54,Engagement-inferred
U0247,INT07,78,Lookalike model
U0247,INT08,71,Engagement-inferred
U0247,INT17,70,Engagement-inferred
U0247,INT09,69,Engagement-inferred
U0247,INT16,67,Engagement-inferred
U0247,INT22,61,Engagement-inferred
U0247,INT24,60,Engagement-inferred
U0247,INT15,59,Declared
U0247,INT10,57,Engagement-inferred
U0247,INT14,57,Lookalike model
U0247,INT23,55,Engagement-inferred
U0247,INT48,54,Engagement-inferred
U0247,INT06,49,Declared
U0247,INT50,49,Declared
U0248,INT27,100,Engagement-inferred
U0248,INT26,100,Engagement-inferred
U0248,INT07,98,Engagement-inferred
U0248,INT09,87,Lookalike model
U0248,INT32,85,Engagement-inferred
U0248,INT29,83,Engagement-inferred
U0248,INT28,78,Declared
U0248,INT16,76,Lookalike model
U0248,INT08,76,Declared
U0248,INT31,74,Lookalike model
U0248,INT30,73,Lookalike model
U0248,INT33,72,Engagement-inferred
U0248,INT01,72,Lookalike model
U0248,INT17,68,Engagement-inferred
U0249,INT04,86,Engagement-inferred
U0249,INT11,85,Engagement-inferred
U0249,INT47,80,Declared
U0249,INT01,77,Engagement-inferred
U0249,INT40,77,Lookalike model
U0249,INT10,76,Engagement-inferred
U0249,INT03,75,Engagement-inferred
U0249,INT38,73,Engagement-inferred
U0249,INT36,73,Engagement-inferred
U0249,INT44,70,Engagement-inferred
U0249,INT39,66,Lookalike model
U0249,INT14,66,Engagement-inferred
U0249,INT37,60,Engagement-inferred
U0249,INT42,59,Lookalike model
U0250,INT43,91,Lookalike model
U0250,INT26,90,Lookalike model
U0250,INT44,89,Declared
U0250,INT11,80,Engagement-inferred
U0250,INT28,78,Engagement-inferred
U0250,INT27,78,Engagement-inferred
U0250,INT07,73,Declared
U0250,INT31,68,Engagement-inferred
U0250,INT29,68,Engagement-inferred
U0250,INT09,68,Engagement-inferred
U0250,INT25,67,Engagement-inferred
U0250,INT48,67,Engagement-inferred
U0250,INT30,64,Declared
U0250,INT40,63,Engagement-inferred
U0251,INT26,100,Engagement-inferred
U0251,INT28,94,Declared
U0251,INT27,87,Engagement-inferred
U0251,INT47,84,Engagement-inferred
U0251,INT22,84,Engagement-inferred
U0251,INT11,78,Engagement-inferred
U0251,INT32,76,Engagement-inferred
U0251,INT29,76,Lookalike model
U0251,INT10,74,Engagement-inferred
U0251,INT23,73,Engagement-inferred
U0251,INT38,71,Engagement-inferred
U0251,INT16,70,Engagement-inferred
U0251,INT14,69,Lookalike model
U0251,INT24,68,Lookalike model
U0252,INT44,97,Lookalike model
U0252,INT47,96,Engagement-inferred
U0252,INT38,95,Engagement-inferred
U0252,INT43,89,Engagement-inferred
U0252,INT26,87,Declared
U0252,INT27,78,Declared
U0252,INT03,77,Lookalike model
U0252,INT16,75,Engagement-inferred
U0252,INT01,74,Declared
U0252,INT05,69,Engagement-inferred
U0252,INT46,68,Lookalike model
U0252,INT20,68,Engagement-inferred
U0252,INT04,66,Engagement-inferred
U0252,INT34,65,Engagement-inferred
U0253,INT27,88,Lookalike model
U0253,INT01,88,Declared
U0253,INT26,84,Lookalike model
U0253,INT38,79,Engagement-inferred
U0253,INT47,73,Lookalike model
U0253,INT19,71,Engagement-inferred
U0253,INT28,71,Lookalike model
U0253,INT07,68,Engagement-inferred
U0253,INT29,68,Engagement-inferred
U0253,INT21,67,Engagement-inferred
U0253,INT20,67,Engagement-inferred
U0253,INT06,66,Engagement-inferred
U0253,INT18,65,Engagement-inferred
U0253,INT02,65,Engagement-inferred
U0254,INT03,97,Engagement-inferred
U0254,INT38,96,Lookalike model
U0254,INT47,88,Lookalike model
U0254,INT26,82,Engagement-inferred
U0254,INT04,81,Lookalike model
U0254,INT05,75,Engagement-inferred
U0254,INT01,71,Engagement-inferred
U0254,INT45,70,Declared
U0254,INT27,70,Engagement-inferred
U0254,INT31,65,Engagement-inferred
U0254,INT10,63,Engagement-inferred
U0254,INT44,61,Engagement-inferred
U0254,INT24,61,Engagement-inferred
U0254,INT32,60,Engagement-inferred
U0255,INT36,100,Engagement-inferred
U0255,INT16,84,Declared
U0255,INT44,80,Engagement-inferred
U0255,INT33,80,Declared
U0255,INT39,80,Lookalike model
U0255,INT37,77,Engagement-inferred
U0255,INT04,71,Lookalike model
U0255,INT03,69,Engagement-inferred
U0255,INT05,69,Engagement-inferred
U0255,INT35,68,Engagement-inferred
U0255,INT25,68,Declared
U0255,INT34,63,Lookalike model
U0255,INT17,61,Engagement-inferred
U0255,INT47,61,Declared
U0256,INT49,90,Lookalike model
U0256,INT26,85,Lookalike model
U0256,INT02,80,Engagement-inferred
U0256,INT27,75,Engagement-inferred
U0256,INT22,73,Lookalike model
U0256,INT01,71,Engagement-inferred
U0256,INT11,70,Engagement-inferred
U0256,INT24,69,Engagement-inferred
U0256,INT48,69,Engagement-inferred
U0256,INT06,68,Lookalike model
U0256,INT23,67,Engagement-inferred
U0256,INT30,67,Lookalike model
U0256,INT29,66,Engagement-inferred
U0256,INT14,65,Engagement-inferred
U0257,INT03,99,Lookalike model
U0257,INT33,96,Engagement-inferred
U0257,INT35,91,Engagement-inferred
U0257,INT19,87,Engagement-inferred
U0257,INT43,86,Lookalike model
U0257,INT34,85,Engagement-inferred
U0257,INT11,84,Engagement-inferred
U0257,INT04,81,Engagement-inferred
U0257,INT44,79,Lookalike model
U0257,INT14,79,Engagement-inferred
U0257,INT05,76,Engagement-inferred
U0257,INT25,76,Declared
U0257,INT01,73,Lookalike model
U0257,INT50,73,Engagement-inferred
U0258,INT01,97,Lookalike model
U0258,INT02,71,Lookalike model
U0258,INT10,70,Engagement-inferred
U0258,INT06,68,Lookalike model
U0258,INT26,56,Engagement-inferred
U0258,INT03,55,Declared
U0258,INT09,54,Engagement-inferred
U0258,INT49,53,Declared
U0258,INT04,51,Engagement-inferred
U0258,INT36,50,Lookalike model
U0258,INT33,49,Declared
U0258,INT27,49,Lookalike model
U0258,INT11,47,Engagement-inferred
U0258,INT46,46,Engagement-inferred
U0259,INT07,86,Engagement-inferred
U0259,INT08,81,Engagement-inferred
U0259,INT09,78,Lookalike model
U0259,INT33,73,Declared
U0259,INT45,71,Engagement-inferred
U0259,INT40,71,Engagement-inferred
U0259,INT38,68,Lookalike model
U0259,INT11,67,Engagement-inferred
U0259,INT28,67,Engagement-inferred
U0259,INT47,66,Engagement-inferred
U0259,INT02,66,Lookalike model
U0259,INT41,63,Lookalike model
U0259,INT14,63,Engagement-inferred
U0259,INT42,60,Engagement-inferred
U0260,INT16,100,Lookalike model
U0260,INT17,86,Declared
U0260,INT12,76,Engagement-inferred
U0260,INT11,74,Engagement-inferred
U0260,INT09,74,Engagement-inferred
U0260,INT04,74,Declared
U0260,INT03,73,Lookalike model
U0260,INT33,73,Engagement-inferred
U0260,INT07,70,Engagement-inferred
U0260,INT05,69,Engagement-inferred
U0260,INT08,68,Engagement-inferred
U0260,INT34,66,Engagement-inferred
U0260,INT35,62,Engagement-inferred
U0260,INT01,60,Lookalike model
U0261,INT26,80,Engagement-inferred
U0261,INT16,80,Lookalike model
U0261,INT27,80,Engagement-inferred
U0261,INT29,74,Declared
U0261,INT48,72,Engagement-inferred
U0261,INT30,70,Lookalike model
U0261,INT01,69,Lookalike model
U0261,INT28,68,Engagement-inferred
U0261,INT02,66,Lookalike model
U0261,INT32,64,Engagement-inferred
U0261,INT50,60,Declared
U0261,INT12,60,Lookalike model
U0261,INT17,59,Lookalike model
U0261,INT25,59,Engagement-inferred
U0262,INT47,82,Lookalike model
U0262,INT38,78,Engagement-inferred
U0262,INT09,74,Lookalike model
U0262,INT07,73,Declared
U0262,INT45,72,Lookalike model
U0262,INT11,66,Lookalike model
U0262,INT08,66,Engagement-inferred
U0262,INT36,62,Engagement-inferred
U0262,INT26,59,Engagement-inferred
U0262,INT42,59,Lookalike model
U0262,INT40,59,Engagement-inferred
U0262,INT48,59,Lookalike model
U0262,INT14,59,Engagement-inferred
U0262,INT44,57,Engagement-inferred
U0263,INT03,84,Lookalike model
U0263,INT04,83,Engagement-inferred
U0263,INT05,79,Engagement-inferred
U0263,INT28,77,Engagement-inferred
U0263,INT27,76,Engagement-inferred
U0263,INT26,73,Lookalike model
U0263,INT31,64,Engagement-inferred
U0263,INT11,64,Declared
U0263,INT13,63,Lookalike model
U0263,INT40,61,Engagement-inferred
U0263,INT30,61,Engagement-inferred
U0263,INT32,61,Engagement-inferred
U0263,INT14,61,Declared
U0263,INT10,58,Engagement-inferred
U0264,INT24,86,Engagement-inferred
U0264,INT22,82,Engagement-inferred
U0264,INT35,74,Declared
U0264,INT40,73,Lookalike model
U0264,INT42,73,Engagement-inferred
U0264,INT33,73,Lookalike model
U0264,INT37,72,Engagement-inferred
U0264,INT23,70,Engagement-inferred
U0264,INT16,69,Engagement-inferred
U0264,INT36,67,Engagement-inferred
U0264,INT02,66,Lookalike model
U0264,INT01,65,Lookalike model
U0264,INT15,65,Engagement-inferred
U0264,INT06,62,Declared
U0265,INT33,88,Lookalike model
U0265,INT11,87,Engagement-inferred
U0265,INT21,84,Engagement-inferred
U0265,INT20,84,Engagement-inferred
U0265,INT14,82,Declared
U0265,INT19,81,Engagement-inferred
U0265,INT22,81,Engagement-inferred
U0265,INT35,75,Engagement-inferred
U0265,INT24,75,Engagement-inferred
U0265,INT26,74,Declared
U0265,INT18,73,Lookalike model
U0265,INT23,73,Declared
U0265,INT34,71,Lookalike model
U0265,INT30,70,Engagement-inferred
U0266,INT26,85,Engagement-inferred
U0266,INT29,84,Engagement-inferred
U0266,INT13,78,Lookalike model
U0266,INT28,76,Engagement-inferred
U0266,INT27,76,Engagement-inferred
U0266,INT03,69,Engagement-inferred
U0266,INT11,68,Engagement-inferred
U0266,INT16,65,Lookalike model
U0266,INT33,64,Lookalike model
U0266,INT32,62,Engagement-inferred
U0266,INT30,62,Declared
U0266,INT14,61,Lookalike model
U0266,INT01,60,Declared
U0266,INT38,58,Engagement-inferred
U0267,INT01,94,Engagement-inferred
U0267,INT25,90,Lookalike model
U0267,INT40,89,Engagement-inferred
U0267,INT10,88,Engagement-inferred
U0267,INT36,80,Engagement-inferred
U0267,INT42,76,Declared
U0267,INT02,74,Engagement-inferred
U0267,INT38,69,Engagement-inferred
U0267,INT46,69,Lookalike model
U0267,INT49,69,Lookalike model
U0267,INT41,66,Declared
U0267,INT06,66,Declared
U0267,INT44,65,Lookalike model
U0267,INT37,64,Lookalike model
U0268,INT16,95,Engagement-inferred
U0268,INT26,95,Engagement-inferred
U0268,INT07,88,Engagement-inferred
U0268,INT03,87,Lookalike model
U0268,INT17,83,Declared
U0268,INT42,83,Lookalike model
U0268,INT11,81,Engagement-inferred
U0268,INT27,81,Lookalike model
U0268,INT12,77,Engagement-inferred
U0268,INT08,77,Lookalike model
U0268,INT05,75,Declared
U0268,INT40,74,Engagement-inferred
U0268,INT41,72,Declared
U0268,INT30,70,Lookalike model
U0269,INT44,99,Lookalike model
U0269,INT28,90,Engagement-inferred
U0269,INT10,90,Engagement-inferred
U0269,INT26,88,Engagement-inferred
U0269,INT27,82,Declared
U0269,INT01,81,Lookalike model
U0269,INT29,81,Engagement-inferred
U0269,INT33,77,Engagement-inferred
U0269,INT30,74,Lookalike model
U0269,INT02,72,Lookalike model
U0269,INT43,71,Lookalike model
U0269,INT06,69,Engagement-inferred
U0269,INT32,63,Engagement-inferred
U0269,INT34,63,Engagement-inferred
U0270,INT34,86,Engagement-inferred
U0270,INT33,84,Engagement-inferred
U0270,INT40,82,Engagement-inferred
U0270,INT26,81,Declared
U0270,INT47,80,Declared
U0270,INT46,76,Engagement-inferred
U0270,INT27,75,Engagement-inferred
U0270,INT17,69,Declared
U0270,INT32,69,Engagement-inferred
U0270,INT42,68,Engagement-inferred
U0270,INT31,67,Lookalike model
U0270,INT41,67,Declared
U0270,INT25,66,Engagement-inferred
U0270,INT01,66,Lookalike model
U0271,INT26,88,Engagement-inferred
U0271,INT07,80,Engagement-inferred
U0271,INT03,80,Lookalike model
U0271,INT27,79,Lookalike model
U0271,INT44,77,Engagement-inferred
U0271,INT05,77,Engagement-inferred
U0271,INT25,74,Engagement-inferred
U0271,INT33,72,Engagement-inferred
U0271,INT32,70,Engagement-inferred
U0271,INT28,69,Declared
U0271,INT09,68,Declared
U0271,INT30,68,Declared
U0271,INT29,67,Lookalike model
U0271,INT08,66,Declared
U0272,INT44,89,Engagement-inferred
U0272,INT22,80,Declared
U0272,INT11,78,Lookalike model
U0272,INT14,71,Lookalike model
U0272,INT49,71,Declared
U0272,INT01,71,Declared
U0272,INT48,69,Engagement-inferred
U0272,INT43,69,Lookalike model
U0272,INT02,68,Lookalike model
U0272,INT34,68,Declared
U0272,INT26,67,Lookalike model
U0272,INT24,66,Declared
U0272,INT23,65,Declared
U0272,INT27,64,Engagement-inferred
U0273,INT26,97,Engagement-inferred
U0273,INT27,92,Lookalike model
U0273,INT01,92,Engagement-inferred
U0273,INT28,87,Lookalike model
U0273,INT29,86,Lookalike model
U0273,INT22,85,Engagement-inferred
U0273,INT18,83,Engagement-inferred
U0273,INT19,83,Lookalike model
U0273,INT36,81,Engagement-inferred
U0273,INT24,79,Engagement-inferred
U0273,INT06,76,Lookalike model
U0273,INT30,76,Lookalike model
U0273,INT23,76,Lookalike model
U0273,INT02,74,Lookalike model
U0274,INT33,100,Engagement-inferred
U0274,INT03,77,Declared
U0274,INT04,74,Lookalike model
U0274,INT01,74,Engagement-inferred
U0274,INT40,73,Engagement-inferred
U0274,INT14,72,Engagement-inferred
U0274,INT19,71,Declared
U0274,INT34,70,Lookalike model
U0274,INT35,66,Declared
U0274,INT10,65,Declared
U0274,INT42,64,Engagement-inferred
U0274,INT21,63,Engagement-inferred
U0274,INT11,62,Lookalike model
U0274,INT06,61,Declared
U0275,INT16,100,Engagement-inferred
U0275,INT26,94,Declared
U0275,INT19,78,Engagement-inferred
U0275,INT30,77,Lookalike model
U0275,INT17,74,Engagement-inferred
U0275,INT32,74,Declared
U0275,INT28,73,Engagement-inferred
U0275,INT10,72,Engagement-inferred
U0275,INT44,71,Engagement-inferred
U0275,INT20,70,Declared
U0275,INT18,69,Declared
U0275,INT29,69,Engagement-inferred
U0275,INT27,68,Engagement-inferred
U0275,INT07,67,Engagement-inferred
U0276,INT26,100,Engagement-inferred
U0276,INT30,95,Lookalike model
U0276,INT29,86,Declared
U0276,INT27,83,Engagement-inferred
U0276,INT32,83,Engagement-inferred
U0276,INT44,81,Declared
U0276,INT07,80,Declared
U0276,INT28,80,Declared
U0276,INT14,73,Engagement-inferred
U0276,INT43,71,Lookalike model
U0276,INT31,70,Lookalike model
U0276,INT42,69,Engagement-inferred
U0276,INT11,69,Lookalike model
U0276,INT25,66,Engagement-inferred
U0277,INT16,94,Engagement-inferred
U0277,INT22,93,Lookalike model
U0277,INT24,91,Engagement-inferred
U0277,INT23,86,Engagement-inferred
U0277,INT08,76,Lookalike model
U0277,INT17,76,Engagement-inferred
U0277,INT07,76,Declared
U0277,INT12,72,Engagement-inferred
U0277,INT11,69,Engagement-inferred
U0277,INT15,69,Engagement-inferred
U0277,INT48,66,Engagement-inferred
U0277,INT26,66,Lookalike model
U0277,INT34,62,Engagement-inferred
U0277,INT33,60,Engagement-inferred
U0278,INT26,100,Engagement-inferred
U0278,INT33,96,Engagement-inferred
U0278,INT47,90,Engagement-inferred
U0278,INT29,88,Engagement-inferred
U0278,INT07,88,Declared
U0278,INT28,81,Engagement-inferred
U0278,INT30,81,Lookalike model
U0278,INT31,77,Lookalike model
U0278,INT25,75,Engagement-inferred
U0278,INT22,75,Declared
U0278,INT32,73,Engagement-inferred
U0278,INT11,73,Lookalike model
U0278,INT27,73,Declared
U0278,INT23,71,Lookalike model
U0279,INT49,92,Declared
U0279,INT48,85,Engagement-inferred
U0279,INT50,79,Engagement-inferred
U0279,INT10,77,Engagement-inferred
U0279,INT36,76,Engagement-inferred
U0279,INT24,76,Engagement-inferred
U0279,INT37,74,Engagement-inferred
U0279,INT33,72,Lookalike model
U0279,INT01,69,Engagement-inferred
U0279,INT39,69,Lookalike model
U0279,INT15,65,Engagement-inferred
U0279,INT23,65,Engagement-inferred
U0279,INT04,64,Lookalike model
U0279,INT16,63,Engagement-inferred
U0280,INT22,83,Engagement-inferred
U0280,INT47,82,Engagement-inferred
U0280,INT44,81,Engagement-inferred
U0280,INT24,80,Engagement-inferred
U0280,INT14,74,Engagement-inferred
U0280,INT38,73,Lookalike model
U0280,INT46,72,Declared
U0280,INT11,71,Engagement-inferred
U0280,INT15,70,Engagement-inferred
U0280,INT50,69,Engagement-inferred
U0280,INT23,68,Engagement-inferred
U0280,INT01,65,Engagement-inferred
U0280,INT08,65,Engagement-inferred
U0280,INT49,64,Engagement-inferred
U0281,INT44,90,Engagement-inferred
U0281,INT47,77,Engagement-inferred
U0281,INT43,73,Lookalike model
U0281,INT06,69,Engagement-inferred
U0281,INT38,67,Engagement-inferred
U0281,INT01,63,Lookalike model
U0281,INT02,62,Engagement-inferred
U0281,INT36,61,Declared
U0281,INT25,58,Engagement-inferred
U0281,INT37,58,Engagement-inferred
U0281,INT10,58,Engagement-inferred
U0281,INT39,55,Lookalike model
U0281,INT29,55,Engagement-inferred
U0281,INT14,51,Engagement-inferred
U0282,INT47,98,Engagement-inferred
U0282,INT24,97,Engagement-inferred
U0282,INT01,88,Engagement-inferred
U0282,INT33,85,Engagement-inferred
U0282,INT38,85,Declared
U0282,INT22,83,Engagement-inferred
U0282,INT23,80,Engagement-inferred
U0282,INT11,79,Engagement-inferred
U0282,INT02,75,Declared
U0282,INT16,69,Lookalike model
U0282,INT36,67,Engagement-inferred
U0282,INT15,65,Engagement-inferred
U0282,INT34,64,Engagement-inferred
U0282,INT06,64,Declared
U0283,INT03,97,Lookalike model
U0283,INT16,95,Lookalike model
U0283,INT04,90,Declared
U0283,INT05,89,Engagement-inferred
U0283,INT27,82,Lookalike model
U0283,INT26,81,Lookalike model
U0283,INT30,77,Lookalike model
U0283,INT49,75,Engagement-inferred
U0283,INT44,74,Declared
U0283,INT50,73,Engagement-inferred
U0283,INT19,71,Declared
U0283,INT17,71,Declared
U0283,INT28,70,Lookalike model
U0283,INT08,70,Engagement-inferred
U0284,INT04,90,Engagement-inferred
U0284,INT11,89,Engagement-inferred
U0284,INT03,89,Declared
U0284,INT01,77,Declared
U0284,INT05,77,Engagement-inferred
U0284,INT06,69,Engagement-inferred
U0284,INT47,68,Engagement-inferred
U0284,INT14,68,Engagement-inferred
U0284,INT31,67,Engagement-inferred
U0284,INT33,67,Lookalike model
U0284,INT10,66,Engagement-inferred
U0284,INT26,66,Lookalike model
U0284,INT48,66,Lookalike model
U0284,INT02,65,Declared
U0285,INT01,88,Engagement-inferred
U0285,INT49,87,Declared
U0285,INT48,87,Engagement-inferred
U0285,INT44,81,Declared
U0285,INT33,78,Engagement-inferred
U0285,INT42,77,Lookalike model
U0285,INT40,75,Engagement-inferred
U0285,INT34,73,Lookalike model
U0285,INT02,73,Lookalike model
U0285,INT50,71,Engagement-inferred
U0285,INT10,71,Engagement-inferred
U0285,INT41,68,Engagement-inferred
U0285,INT16,67,Engagement-inferred
U0285,INT43,65,Lookalike model
U0286,INT47,100,Engagement-inferred
U0286,INT36,100,Declared
U0286,INT14,96,Engagement-inferred
U0286,INT23,90,Engagement-inferred
U0286,INT37,88,Engagement-inferred
U0286,INT24,88,Engagement-inferred
U0286,INT38,87,Engagement-inferred
U0286,INT28,83,Engagement-inferred
U0286,INT11,82,Engagement-inferred
U0286,INT10,82,Engagement-inferred
U0286,INT22,76,Engagement-inferred
U0286,INT17,71,Engagement-inferred
U0286,INT04,71,Declared
U0286,INT03,70,Lookalike model
U0287,INT19,80,Engagement-inferred
U0287,INT38,79,Declared
U0287,INT22,79,Engagement-inferred
U0287,INT20,78,Engagement-inferred
U0287,INT33,75,Declared
U0287,INT23,71,Lookalike model
U0287,INT47,70,Engagement-inferred
U0287,INT24,69,Engagement-inferred
U0287,INT34,68,Lookalike model
U0287,INT44,64,Declared
U0287,INT15,63,Engagement-inferred
U0287,INT10,63,Engagement-inferred
U0287,INT43,61,Engagement-inferred
U0287,INT40,59,Declared
U0288,INT14,93,Lookalike model
U0288,INT42,89,Engagement-inferred
U0288,INT03,89,Engagement-inferred
U0288,INT40,89,Engagement-inferred
U0288,INT44,88,Lookalike model
U0288,INT11,85,Declared
U0288,INT41,80,Lookalike model
U0288,INT02,79,Engagement-inferred
U0288,INT01,72,Engagement-inferred
U0288,INT22,70,Engagement-inferred
U0288,INT43,69,Engagement-inferred
U0288,INT10,69,Engagement-inferred
U0288,INT26,68,Declared
U0288,INT04,67,Lookalike model
U0289,INT26,85,Lookalike model
U0289,INT30,78,Engagement-inferred
U0289,INT22,75,Lookalike model
U0289,INT27,75,Declared
U0289,INT24,72,Engagement-inferred
U0289,INT29,71,Engagement-inferred
U0289,INT28,68,Engagement-inferred
U0289,INT32,65,Engagement-inferred
U0289,INT03,65,Declared
U0289,INT38,65,Lookalike model
U0289,INT47,63,Engagement-inferred
U0289,INT31,62,Engagement-inferred
U0289,INT50,59,Engagement-inferred
U0289,INT23,58,Engagement-inferred
U0290,INT49,100,Engagement-inferred
U0290,INT48,100,Engagement-inferred
U0290,INT36,98,Declared
U0290,INT03,96,Engagement-inferred
U0290,INT16,94,Engagement-inferred
U0290,INT35,91,Engagement-inferred
U0290,INT33,90,Engagement-inferred
U0290,INT40,88,Lookalike model
U0290,INT17,87,Declared
U0290,INT34,87,Declared
U0290,INT37,86,Engagement-inferred
U0290,INT42,83,Engagement-inferred
U0290,INT04,83,Engagement-inferred
U0290,INT25,81,Engagement-inferred
U0291,INT26,100,Engagement-inferred
U0291,INT01,97,Engagement-inferred
U0291,INT32,94,Engagement-inferred
U0291,INT41,92,Declared
U0291,INT02,90,Engagement-inferred
U0291,INT40,86,Engagement-inferred
U0291,INT27,81,Engagement-inferred
U0291,INT28,75,Engagement-inferred
U0291,INT42,75,Engagement-inferred
U0291,INT33,75,Engagement-inferred
U0291,INT06,74,Engagement-inferred
U0291,INT29,71,Declared
U0291,INT30,69,Engagement-inferred
U0291,INT08,64,Engagement-inferred
U0292,INT33,100,Engagement-inferred
U0292,INT16,95,Declared
U0292,INT07,86,Engagement-inferred
U0292,INT17,84,Engagement-inferred
U0292,INT35,75,Engagement-inferred
U0292,INT34,74,Engagement-inferred
U0292,INT19,73,Declared
U0292,INT12,68,Lookalike model
U0292,INT09,66,Lookalike model
U0292,INT22,65,Engagement-inferred
U0292,INT21,65,Engagement-inferred
U0292,INT03,63,Engagement-inferred
U0292,INT08,63,Engagement-inferred
U0292,INT20,62,Declared
U0293,INT19,96,Engagement-inferred
U0293,INT07,92,Declared
U0293,INT10,86,Engagement-inferred
U0293,INT21,79,Engagement-inferred
U0293,INT18,79,Lookalike model
U0293,INT14,75,Lookalike model
U0293,INT08,73,Engagement-inferred
U0293,INT09,73,Declared
U0293,INT20,71,Declared
U0293,INT11,60,Declared
U0293,INT03,57,Declared
U0293,INT40,56,Engagement-inferred
U0293,INT26,56,Declared
U0293,INT44,54,Engagement-inferred
U0294,INT49,92,Engagement-inferred
U0294,INT44,80,Engagement-inferred
U0294,INT23,79,Engagement-inferred
U0294,INT14,76,Lookalike model
U0294,INT48,74,Lookalike model
U0294,INT40,72,Engagement-inferred
U0294,INT22,69,Lookalike model
U0294,INT38,67,Engagement-inferred
U0294,INT11,65,Lookalike model
U0294,INT50,64,Engagement-inferred
U0294,INT24,64,Declared
U0294,INT47,63,Engagement-inferred
U0294,INT07,61,Engagement-inferred
U0294,INT06,60,Declared
U0295,INT28,94,Engagement-inferred
U0295,INT26,91,Engagement-inferred
U0295,INT11,89,Lookalike model
U0295,INT29,85,Engagement-inferred
U0295,INT27,78,Engagement-inferred
U0295,INT32,77,Lookalike model
U0295,INT33,76,Engagement-inferred
U0295,INT14,75,Engagement-inferred
U0295,INT47,73,Lookalike model
U0295,INT30,73,Lookalike model
U0295,INT24,72,Engagement-inferred
U0295,INT38,68,Lookalike model
U0295,INT35,65,Engagement-inferred
U0295,INT22,63,Lookalike model
U0296,INT26,100,Lookalike model
U0296,INT27,98,Engagement-inferred
U0296,INT29,89,Engagement-inferred
U0296,INT44,83,Engagement-inferred
U0296,INT32,80,Engagement-inferred
U0296,INT28,78,Engagement-inferred
U0296,INT11,76,Engagement-inferred
U0296,INT30,74,Declared
U0296,INT31,74,Engagement-inferred
U0296,INT43,73,Engagement-inferred
U0296,INT07,72,Engagement-inferred
U0296,INT25,71,Declared
U0296,INT14,68,Lookalike model
U0296,INT09,68,Declared
U0297,INT33,95,Engagement-inferred
U0297,INT34,84,Engagement-inferred
U0297,INT02,83,Engagement-inferred
U0297,INT42,82,Engagement-inferred
U0297,INT01,79,Engagement-inferred
U0297,INT07,79,Lookalike model
U0297,INT35,78,Engagement-inferred
U0297,INT16,78,Declared
U0297,INT17,73,Lookalike model
U0297,INT40,73,Declared
U0297,INT10,69,Lookalike model
U0297,INT06,69,Engagement-inferred
U0297,INT12,69,Declared
U0297,INT09,67,Declared
U0298,INT48,77,Engagement-inferred
U0298,INT49,75,Engagement-inferred
U0298,INT11,75,Engagement-inferred
U0298,INT07,74,Declared
U0298,INT01,73,Engagement-inferred
U0298,INT40,71,Engagement-inferred
U0298,INT42,70,Declared
U0298,INT08,70,Engagement-inferred
U0298,INT16,67,Lookalike model
U0298,INT50,66,Lookalike model
U0298,INT26,65,Engagement-inferred
U0298,INT03,65,Engagement-inferred
U0298,INT10,64,Lookalike model
U0298,INT09,63,Engagement-inferred
U0299,INT26,90,Engagement-inferred
U0299,INT47,86,Declared
U0299,INT30,83,Lookalike model
U0299,INT27,82,Engagement-inferred
U0299,INT31,79,Engagement-inferred
U0299,INT29,77,Declared
U0299,INT28,73,Lookalike model
U0299,INT40,72,Engagement-inferred
U0299,INT38,71,Engagement-inferred
U0299,INT32,67,Lookalike model
U0299,INT46,66,Lookalike model
U0299,INT42,66,Engagement-inferred
U0299,INT33,62,Engagement-inferred
U0299,INT41,61,Lookalike model
U0300,INT11,94,Declared
U0300,INT24,88,Lookalike model
U0300,INT22,87,Engagement-inferred
U0300,INT14,86,Engagement-inferred
U0300,INT07,77,Lookalike model
U0300,INT25,77,Engagement-inferred
U0300,INT15,75,Engagement-inferred
U0300,INT23,71,Declared
U0300,INT08,69,Declared
U0300,INT46,67,Lookalike model
U0300,INT40,65,Lookalike model
U0300,INT04,63,Engagement-inferred
U0300,INT38,62,Engagement-inferred
U0300,INT27,61,Declared
U0301,INT40,86,Declared
U0301,INT33,74,Lookalike model
U0301,INT34,70,Engagement-inferred
U0301,INT35,68,Engagement-inferred
U0301,INT25,68,Engagement-inferred
U0301,INT42,66,Engagement-inferred
U0301,INT07,64,Engagement-inferred
U0301,INT10,63,Engagement-inferred
U0301,INT41,62,Engagement-inferred
U0301,INT19,62,Engagement-inferred
U0301,INT38,57,Engagement-inferred
U0301,INT09,56,Engagement-inferred
U0301,INT08,54,Engagement-inferred
U0301,INT28,54,Lookalike model
U0302,INT04,92,Lookalike model
U0302,INT03,85,Lookalike model
U0302,INT12,77,Engagement-inferred
U0302,INT16,76,Engagement-inferred
U0302,INT17,74,Engagement-inferred
U0302,INT05,73,Engagement-inferred
U0302,INT27,70,Declared
U0302,INT38,67,Lookalike model
U0302,INT26,64,Engagement-inferred
U0302,INT42,60,Engagement-inferred
U0302,INT10,59,Lookalike model
U0302,INT33,58,Engagement-inferred
U0302,INT47,58,Lookalike model
U0302,INT24,55,Engagement-inferred
U0303,INT19,81,Engagement-inferred
U0303,INT40,74,Declared
U0303,INT43,69,Declared
U0303,INT44,68,Engagement-inferred
U0303,INT21,67,Engagement-inferred
U0303,INT42,66,Declared
U0303,INT18,66,Declared
U0303,INT20,65,Engagement-inferred
U0303,INT22,63,Engagement-inferred
U0303,INT41,63,Declared
U0303,INT49,60,Engagement-inferred
U0303,INT26,60,Declared
U0303,INT24,59,Declared
U0303,INT11,59,Engagement-inferred
U0304,INT33,99,Engagement-inferred
U0304,INT34,89,Engagement-inferred
U0304,INT03,88,Lookalike model
U0304,INT35,87,Declared
U0304,INT21,85,Lookalike model
U0304,INT04,85,Engagement-inferred
U0304,INT26,85,Declared
U0304,INT05,82,Engagement-inferred
U0304,INT11,78,Engagement-inferred
U0304,INT19,77,Declared
U0304,INT28,76,Lookalike model
U0304,INT20,76,Lookalike model
U0304,INT18,75,Engagement-inferred
U0304,INT27,74,Engagement-inferred
U0305,INT07,100,Engagement-inferred
U0305,INT14,89,Engagement-inferred
U0305,INT26,86,Engagement-inferred
U0305,INT49,85,Lookalike model
U0305,INT08,85,Engagement-inferred
U0305,INT11,81,Engagement-inferred
U0305,INT41,79,Engagement-inferred
U0305,INT42,79,Declared
U0305,INT09,78,Declared
U0305,INT40,77,Engagement-inferred
U0305,INT19,76,Engagement-inferred
U0305,INT46,75,Declared
U0305,INT20,75,Lookalike model
U0305,INT48,74,Declared
U0306,INT40,100,Declared
U0306,INT07,94,Engagement-inferred
U0306,INT41,92,Declared
U0306,INT26,84,Engagement-inferred
U0306,INT42,84,Engagement-inferred
U0306,INT08,83,Engagement-inferred
U0306,INT16,80,Lookalike model
U0306,INT43,79,Engagement-inferred
U0306,INT44,75,Engagement-inferred
U0306,INT09,74,Lookalike model
U0306,INT17,72,Declared
U0306,INT28,71,Engagement-inferred
U0306,INT27,67,Engagement-inferred
U0306,INT31,67,Engagement-inferred
U0307,INT26,100,Lookalike model
U0307,INT49,98,Engagement-inferred
U0307,INT28,98,Declared
U0307,INT27,87,Engagement-inferred
U0307,INT30,83,Engagement-inferred
U0307,INT36,82,Engagement-inferred
U0307,INT48,82,Engagement-inferred
U0307,INT19,80,Lookalike model
U0307,INT18,80,Engagement-inferred
U0307,INT29,77,Declared
U0307,INT21,75,Engagement-inferred
U0307,INT01,75,Engagement-inferred
U0307,INT31,73,Engagement-inferred
U0307,INT20,73,Lookalike model
U0308,INT16,88,Engagement-inferred
U0308,INT17,82,Engagement-inferred
U0308,INT11,78,Declared
U0308,INT41,72,Declared
U0308,INT46,70,Lookalike model
U0308,INT22,70,Engagement-inferred
U0308,INT14,70,Declared
U0308,INT49,69,Engagement-inferred
U0308,INT26,68,Engagement-inferred
U0308,INT40,67,Engagement-inferred
U0308,INT48,67,Engagement-inferred
U0308,INT23,66,Engagement-inferred
U0308,INT01,66,Engagement-inferred
U0308,INT42,66,Engagement-inferred
U0309,INT04,100,Declared
U0309,INT03,100,Engagement-inferred
U0309,INT22,87,Engagement-inferred
U0309,INT44,86,Engagement-inferred
U0309,INT05,83,Engagement-inferred
U0309,INT11,82,Engagement-inferred
U0309,INT23,80,Engagement-inferred
U0309,INT01,76,Lookalike model
U0309,INT16,75,Engagement-inferred
U0309,INT24,74,Engagement-inferred
U0309,INT10,73,Engagement-inferred
U0309,INT17,73,Engagement-inferred
U0309,INT12,71,Lookalike model
U0309,INT14,71,Lookalike model
U0310,INT26,82,Declared
U0310,INT27,79,Engagement-inferred
U0310,INT33,75,Lookalike model
U0310,INT47,70,Lookalike model
U0310,INT43,70,Engagement-inferred
U0310,INT28,69,Declared
U0310,INT30,68,Declared
U0310,INT04,67,Engagement-inferred
U0310,INT03,67,Lookalike model
U0310,INT34,66,Engagement-inferred
U0310,INT06,66,Lookalike model
U0310,INT19,65,Engagement-inferred
U0310,INT44,64,Declared
U0310,INT01,64,Engagement-inferred
U0311,INT44,86,Engagement-inferred
U0311,INT20,84,Engagement-inferred
U0311,INT47,84,Lookalike model
U0311,INT03,82,Declared
U0311,INT48,79,Lookalike model
U0311,INT05,77,Lookalike model
U0311,INT19,77,Lookalike model
U0311,INT04,72,Declared
U0311,INT38,71,Engagement-inferred
U0311,INT21,68,Engagement-inferred
U0311,INT50,68,Declared
U0311,INT49,67,Declared
U0311,INT01,66,Engagement-inferred
U0311,INT18,65,Engagement-inferred
U0312,INT40,86,Engagement-inferred
U0312,INT42,86,Engagement-inferred
U0312,INT22,79,Engagement-inferred
U0312,INT01,78,Engagement-inferred
U0312,INT41,78,Engagement-inferred
U0312,INT47,77,Engagement-inferred
U0312,INT38,74,Declared
U0312,INT03,74,Lookalike model
U0312,INT15,73,Declared
U0312,INT23,72,Engagement-inferred
U0312,INT04,70,Engagement-inferred
U0312,INT07,68,Lookalike model
U0312,INT48,67,Engagement-inferred
U0312,INT17,66,Engagement-inferred
U0313,INT18,84,Engagement-inferred
U0313,INT34,79,Engagement-inferred
U0313,INT44,79,Declared
U0313,INT08,78,Engagement-inferred
U0313,INT33,78,Engagement-inferred
U0313,INT19,76,Engagement-inferred
U0313,INT21,73,Lookalike model
U0313,INT07,72,Engagement-inferred
U0313,INT20,72,Engagement-inferred
U0313,INT45,67,Declared
U0313,INT35,63,Engagement-inferred
U0313,INT46,62,Engagement-inferred
U0313,INT26,60,Declared
U0313,INT10,60,Declared
U0314,INT44,86,Engagement-inferred
U0314,INT26,83,Lookalike model
U0314,INT47,81,Declared
U0314,INT29,80,Engagement-inferred
U0314,INT43,78,Engagement-inferred
U0314,INT27,76,Engagement-inferred
U0314,INT24,75,Declared
U0314,INT23,75,Engagement-inferred
U0314,INT03,73,Declared
U0314,INT40,73,Engagement-inferred
U0314,INT41,73,Engagement-inferred
U0314,INT46,72,Engagement-inferred
U0314,INT25,70,Engagement-inferred
U0314,INT30,69,Engagement-inferred
U0315,INT07,84,Engagement-inferred
U0315,INT11,81,Declared
U0315,INT46,81,Engagement-inferred
U0315,INT44,78,Engagement-inferred
U0315,INT26,77,Declared
U0315,INT27,69,Engagement-inferred
U0315,INT31,67,Declared
U0315,INT43,67,Engagement-inferred
U0315,INT08,65,Engagement-inferred
U0315,INT50,62,Lookalike model
U0315,INT14,60,Engagement-inferred
U0315,INT28,59,Engagement-inferred
U0315,INT29,56,Lookalike model
U0315,INT19,56,Lookalike model
U0316,INT48,96,Engagement-inferred
U0316,INT03,89,Lookalike model
U0316,INT49,86,Engagement-inferred
U0316,INT24,85,Engagement-inferred
U0316,INT36,76,Engagement-inferred
U0316,INT04,75,Engagement-inferred
U0316,INT33,75,Engagement-inferred
U0316,INT50,74,Engagement-inferred
U0316,INT23,74,Engagement-inferred
U0316,INT22,74,Engagement-inferred
U0316,INT05,74,Engagement-inferred
U0316,INT11,72,Engagement-inferred
U0316,INT37,72,Declared
U0316,INT47,69,Declared
U0317,INT47,96,Engagement-inferred
U0317,INT07,92,Engagement-inferred
U0317,INT01,89,Lookalike model
U0317,INT38,88,Declared
U0317,INT22,85,Lookalike model
U0317,INT23,84,Declared
U0317,INT09,82,Lookalike model
U0317,INT40,80,Declared
U0317,INT10,78,Lookalike model
U0317,INT36,77,Engagement-inferred
U0317,INT48,76,Declared
U0317,INT24,75,Engagement-inferred
U0317,INT02,75,Engagement-inferred
U0317,INT49,74,Declared
U0318,INT48,92,Engagement-inferred
U0318,INT33,89,Engagement-inferred
U0318,INT49,82,Engagement-inferred
U0318,INT50,80,Engagement-inferred
U0318,INT24,74,Lookalike model
U0318,INT07,74,Engagement-inferred
U0318,INT47,72,Declared
U0318,INT23,72,Engagement-inferred
U0318,INT16,70,Declared
U0318,INT34,70,Engagement-inferred
U0318,INT22,69,Engagement-inferred
U0318,INT35,68,Engagement-inferred
U0318,INT36,67,Engagement-inferred
U0318,INT46,64,Engagement-inferred
U0319,INT16,91,Engagement-inferred
U0319,INT17,88,Engagement-inferred
U0319,INT03,84,Engagement-inferred
U0319,INT24,83,Engagement-inferred
U0319,INT12,83,Engagement-inferred
U0319,INT22,80,Engagement-inferred
U0319,INT04,80,Engagement-inferred
U0319,INT23,78,Engagement-inferred
U0319,INT40,77,Engagement-inferred
U0319,INT02,70,Engagement-inferred
U0319,INT36,70,Engagement-inferred
U0319,INT18,68,Engagement-inferred
U0319,INT01,68,Engagement-inferred
U0319,INT19,66,Declared
U0320,INT16,79,Engagement-inferred
U0320,INT26,75,Engagement-inferred
U0320,INT22,71,Engagement-inferred
U0320,INT28,70,Engagement-inferred
U0320,INT17,69,Declared
U0320,INT27,68,Declared
U0320,INT23,68,Lookalike model
U0320,INT30,66,Engagement-inferred
U0320,INT15,62,Engagement-inferred
U0320,INT12,62,Engagement-inferred
U0320,INT01,61,Declared
U0320,INT24,61,Lookalike model
U0320,INT46,60,Engagement-inferred
U0320,INT10,59,Engagement-inferred
U0321,INT44,96,Engagement-inferred
U0321,INT43,83,Declared
U0321,INT22,78,Engagement-inferred
U0321,INT33,76,Engagement-inferred
U0321,INT46,75,Declared
U0321,INT24,73,Engagement-inferred
U0321,INT01,69,Engagement-inferred
U0321,INT23,69,Engagement-inferred
U0321,INT48,63,Engagement-inferred
U0321,INT37,62,Lookalike model
U0321,INT06,62,Engagement-inferred
U0321,INT07,60,Declared
U0321,INT15,59,Lookalike model
U0321,INT02,58,Engagement-inferred
U0322,INT16,100,Engagement-inferred
U0322,INT03,87,Lookalike model
U0322,INT28,85,Engagement-inferred
U0322,INT33,83,Engagement-inferred
U0322,INT12,83,Engagement-inferred
U0322,INT26,80,Engagement-inferred
U0322,INT07,79,Engagement-inferred
U0322,INT08,77,Declared
U0322,INT11,75,Engagement-inferred
U0322,INT17,74,Declared
U0322,INT38,73,Declared
U0322,INT27,72,Engagement-inferred
U0322,INT30,68,Engagement-inferred
U0322,INT24,67,Declared
U0323,INT07,85,Engagement-inferred
U0323,INT46,84,Engagement-inferred
U0323,INT26,80,Engagement-inferred
U0323,INT16,77,Engagement-inferred
U0323,INT30,71,Engagement-inferred
U0323,INT11,71,Engagement-inferred
U0323,INT44,69,Lookalike model
U0323,INT17,66,Declared
U0323,INT08,65,Lookalike model
U0323,INT36,64,Engagement-inferred
U0323,INT43,64,Engagement-inferred
U0323,INT28,64,Lookalike model
U0323,INT09,64,Engagement-inferred
U0323,INT27,62,Lookalike model
U0324,INT27,89,Engagement-inferred
U0324,INT26,85,Declared
U0324,INT18,83,Engagement-inferred
U0324,INT19,81,Engagement-inferred
U0324,INT20,77,Engagement-inferred
U0324,INT43,73,Engagement-inferred
U0324,INT29,73,Lookalike model
U0324,INT47,72,Declared
U0324,INT44,72,Declared
U0324,INT28,71,Engagement-inferred
U0324,INT36,70,Engagement-inferred
U0324,INT21,69,Lookalike model
U0324,INT33,67,Declared
U0324,INT38,67,Engagement-inferred
U0325,INT48,77,Engagement-inferred
U0325,INT10,77,Engagement-inferred
U0325,INT49,74,Engagement-inferred
U0325,INT47,73,Engagement-inferred
U0325,INT38,70,Engagement-inferred
U0325,INT50,67,Engagement-inferred
U0325,INT21,67,Engagement-inferred
U0325,INT24,65,Engagement-inferred
U0325,INT06,65,Engagement-inferred
U0325,INT33,64,Engagement-inferred
U0325,INT23,64,Lookalike model
U0325,INT25,62,Declared
U0325,INT22,61,Declared
U0325,INT35,59,Engagement-inferred
U0326,INT07,100,Engagement-inferred
U0326,INT08,77,Lookalike model
U0326,INT09,77,Engagement-inferred
U0326,INT22,73,Declared
U0326,INT26,71,Declared
U0326,INT44,65,Engagement-inferred
U0326,INT49,62,Engagement-inferred
U0326,INT40,61,Declared
U0326,INT29,60,Engagement-inferred
U0326,INT48,60,Engagement-inferred
U0326,INT27,60,Engagement-inferred
U0326,INT42,58,Declared
U0326,INT43,56,Lookalike model
U0326,INT24,55,Engagement-inferred
U0327,INT44,84,Declared
U0327,INT11,75,Engagement-inferred
U0327,INT14,73,Lookalike model
U0327,INT26,73,Engagement-inferred
U0327,INT01,72,Engagement-inferred
U0327,INT27,69,Declared
U0327,INT02,66,Engagement-inferred
U0327,INT06,63,Engagement-inferred
U0327,INT46,63,Engagement-inferred
U0327,INT40,62,Engagement-inferred
U0327,INT43,60,Declared
U0327,INT28,56,Engagement-inferred
U0327,INT32,55,Engagement-inferred
U0327,INT29,54,Declared
U0328,INT23,94,Engagement-inferred
U0328,INT22,94,Engagement-inferred
U0328,INT07,94,Lookalike model
U0328,INT33,88,Engagement-inferred
U0328,INT09,86,Declared
U0328,INT34,85,Engagement-inferred
U0328,INT03,83,Engagement-inferred
U0328,INT24,82,Engagement-inferred
U0328,INT08,81,Engagement-inferred
U0328,INT47,78,Declared
U0328,INT15,77,Engagement-inferred
U0328,INT04,76,Engagement-inferred
U0328,INT35,74,Engagement-inferred
U0328,INT11,71,Engagement-inferred
U0329,INT10,100,Engagement-inferred
U0329,INT23,91,Engagement-inferred
U0329,INT07,88,Declared
U0329,INT11,86,Engagement-inferred
U0329,INT16,84,Declared
U0329,INT49,84,Engagement-inferred
U0329,INT08,82,Engagement-inferred
U0329,INT14,79,Engagement-inferred
U0329,INT22,78,Engagement-inferred
U0329,INT24,76,Engagement-inferred
U0329,INT48,72,Engagement-inferred
U0329,INT09,71,Lookalike model
U0329,INT46,71,Declared
U0329,INT33,69,Engagement-inferred
U0330,INT11,99,Engagement-inferred
U0330,INT14,84,Engagement-inferred
U0330,INT22,69,Declared
U0330,INT07,65,Engagement-inferred
U0330,INT47,63,Lookalike model
U0330,INT24,62,Engagement-inferred
U0330,INT10,59,Engagement-inferred
U0330,INT08,58,Engagement-inferred
U0330,INT33,53,Engagement-inferred
U0330,INT38,53,Lookalike model
U0330,INT45,51,Engagement-inferred
U0330,INT23,50,Declared
U0330,INT02,50,Engagement-inferred
U0331,INT33,100,Engagement-inferred
U0331,INT03,85,Engagement-inferred
U0331,INT26,84,Declared
U0331,INT25,81,Engagement-inferred
U0331,INT07,80,Lookalike model
U0331,INT04,79,Declared
U0331,INT34,76,Lookalike model
U0331,INT27,74,Lookalike model
U0331,INT35,72,Engagement-inferred
U0331,INT08,68,Lookalike model
U0331,INT09,66,Declared
U0331,INT40,66,Lookalike model
U0331,INT28,65,Engagement-inferred
U0331,INT31,64,Engagement-inferred
U0332,INT07,100,Lookalike model
U0332,INT08,93,Declared
U0332,INT09,77,Lookalike model
U0332,INT48,74,Engagement-inferred
U0332,INT11,67,Engagement-inferred
U0332,INT49,67,Lookalike model
U0332,INT50,62,Engagement-inferred
U0332,INT04,61,Declared
U0332,INT03,59,Engagement-inferred
U0332,INT17,56,Engagement-inferred
U0332,INT27,54,Lookalike model
U0332,INT30,53,Lookalike model
U0332,INT16,52,Engagement-inferred
U0332,INT26,52,Engagement-inferred
U0333,INT49,92,Engagement-inferred
U0333,INT07,83,Engagement-inferred
U0333,INT38,81,Engagement-inferred
U0333,INT22,80,Engagement-inferred
U0333,INT14,76,Declared
U0333,INT08,73,Engagement-inferred
U0333,INT48,72,Engagement-inferred
U0333,INT25,72,Declared
U0333,INT24,70,Lookalike model
U0333,INT10,69,Engagement-inferred
U0333,INT11,69,Engagement-inferred
U0333,INT47,66,Declared
U0333,INT20,66,Engagement-inferred
U0333,INT09,66,Engagement-inferred
U0334,INT48,100,Lookalike model
U0334,INT49,93,Engagement-inferred
U0334,INT50,78,Engagement-inferred
U0334,INT01,75,Engagement-inferred
U0334,INT22,71,Engagement-inferred
U0334,INT40,71,Lookalike model
U0334,INT42,69,Engagement-inferred
U0334,INT26,66,Declared
U0334,INT02,66,Engagement-inferred
U0334,INT24,64,Engagement-inferred
U0334,INT47,63,Engagement-inferred
U0334,INT23,61,Engagement-inferred
U0334,INT06,61,Engagement-inferred
U0334,INT07,58,Engagement-inferred
U0335,INT04,86,Lookalike model
U0335,INT03,85,Engagement-inferred
U0335,INT07,74,Engagement-inferred
U0335,INT05,73,Lookalike model
U0335,INT36,69,Declared
U0335,INT48,66,Declared
U0335,INT37,66,Engagement-inferred
U0335,INT49,66,Lookalike model
U0335,INT08,62,Engagement-inferred
U0335,INT40,62,Engagement-inferred
U0335,INT50,62,Engagement-inferred
U0335,INT24,62,Declared
U0335,INT11,61,Engagement-inferred
U0335,INT15,55,Engagement-inferred
U0336,INT16,91,Engagement-inferred
U0336,INT40,90,Engagement-inferred
U0336,INT26,89,Engagement-inferred
U0336,INT29,89,Declared
U0336,INT30,86,Engagement-inferred
U0336,INT41,86,Engagement-inferred
U0336,INT27,84,Lookalike model
U0336,INT01,83,Engagement-inferred
U0336,INT32,79,Engagement-inferred
U0336,INT28,78,Declared
U0336,INT42,76,Engagement-inferred
U0336,INT33,76,Engagement-inferred
U0336,INT36,76,Declared
U0336,INT17,74,Declared
U0337,INT07,100,Lookalike model
U0337,INT09,85,Declared
U0337,INT11,81,Engagement-inferred
U0337,INT04,79,Engagement-inferred
U0337,INT08,77,Declared
U0337,INT24,76,Engagement-inferred
U0337,INT14,74,Engagement-inferred
U0337,INT03,74,Lookalike model
U0337,INT02,74,Engagement-inferred
U0337,INT01,71,Lookalike model
U0337,INT47,67,Engagement-inferred
U0337,INT06,66,Engagement-inferred
U0337,INT49,63,Engagement-inferred
U0337,INT48,62,Engagement-inferred
U0338,INT40,81,Declared
U0338,INT03,81,Engagement-inferred
U0338,INT04,80,Lookalike model
U0338,INT41,79,Engagement-inferred
U0338,INT44,70,Declared
U0338,INT11,70,Engagement-inferred
U0338,INT14,69,Engagement-inferred
U0338,INT42,66,Engagement-inferred
U0338,INT33,66,Declared
U0338,INT18,63,Engagement-inferred
U0338,INT05,62,Engagement-inferred
U0338,INT19,62,Engagement-inferred
U0338,INT21,62,Engagement-inferred
U0338,INT34,60,Declared
U0339,INT16,98,Declared
U0339,INT07,97,Lookalike model
U0339,INT22,95,Engagement-inferred
U0339,INT23,89,Lookalike model
U0339,INT26,87,Engagement-inferred
U0339,INT44,84,Engagement-inferred
U0339,INT24,82,Engagement-inferred
U0339,INT08,81,Lookalike model
U0339,INT15,81,Engagement-inferred
U0339,INT47,79,Lookalike model
U0339,INT38,79,Engagement-inferred
U0339,INT27,78,Engagement-inferred
U0339,INT28,76,Engagement-inferred
U0339,INT03,75,Engagement-inferred
U0340,INT27,95,Engagement-inferred
U0340,INT26,91,Lookalike model
U0340,INT30,87,Engagement-inferred
U0340,INT28,86,Engagement-inferred
U0340,INT01,85,Declared
U0340,INT33,84,Engagement-inferred
U0340,INT02,82,Engagement-inferred
U0340,INT32,78,Engagement-inferred
U0340,INT29,78,Lookalike model
U0340,INT07,77,Engagement-inferred
U0340,INT11,76,Engagement-inferred
U0340,INT47,72,Lookalike model
U0340,INT34,72,Engagement-inferred
U0340,INT40,71,Engagement-inferred
U0341,INT38,86,Engagement-inferred
U0341,INT47,82,Engagement-inferred
U0341,INT49,71,Lookalike model
U0341,INT33,70,Declared
U0341,INT35,65,Engagement-inferred
U0341,INT29,65,Declared
U0341,INT48,65,Engagement-inferred
U0341,INT50,63,Engagement-inferred
U0341,INT26,63,Engagement-inferred
U0341,INT43,62,Lookalike model
U0341,INT02,60,Lookalike model
U0341,INT30,58,Engagement-inferred
U0341,INT46,57,Engagement-inferred
U0341,INT07,57,Engagement-inferred
U0342,INT01,95,Declared
U0342,INT07,93,Declared
U0342,INT16,85,Engagement-inferred
U0342,INT02,84,Engagement-inferred
U0342,INT27,80,Declared
U0342,INT41,77,Engagement-inferred
U0342,INT26,76,Engagement-inferred
U0342,INT40,76,Engagement-inferred
U0342,INT42,73,Engagement-inferred
U0342,INT06,71,Engagement-inferred
U0342,INT32,70,Engagement-inferred
U0342,INT29,69,Engagement-inferred
U0342,INT31,69,Declared
U0342,INT08,68,Engagement-inferred
U0343,INT47,88,Engagement-inferred
U0343,INT24,86,Engagement-inferred
U0343,INT38,75,Declared
U0343,INT44,75,Engagement-inferred
U0343,INT22,73,Engagement-inferred
U0343,INT23,73,Lookalike model
U0343,INT01,72,Declared
U0343,INT06,71,Lookalike model
U0343,INT33,70,Engagement-inferred
U0343,INT30,69,Declared
U0343,INT03,68,Engagement-inferred
U0343,INT14,67,Declared
U0343,INT26,66,Engagement-inferred
U0343,INT28,65,Lookalike model
U0344,INT01,100,Lookalike model
U0344,INT26,97,Declared
U0344,INT24,96,Lookalike model
U0344,INT02,96,Engagement-inferred
U0344,INT23,94,Engagement-inferred
U0344,INT27,88,Declared
U0344,INT22,87,Engagement-inferred
U0344,INT15,82,Engagement-inferred
U0344,INT50,81,Engagement-inferred
U0344,INT06,80,Engagement-inferred
U0344,INT25,78,Engagement-inferred
U0344,INT29,76,Engagement-inferred
U0344,INT44,76,Lookalike model
U0344,INT49,74,Engagement-inferred
U0345,INT33,99,Engagement-inferred
U0345,INT07,94,Engagement-inferred
U0345,INT01,83,Lookalike model
U0345,INT24,82,Declared
U0345,INT34,81,Declared
U0345,INT10,80,Declared
U0345,INT48,79,Engagement-inferred
U0345,INT23,78,Engagement-inferred
U0345,INT19,77,Declared
U0345,INT08,77,Declared
U0345,INT26,77,Engagement-inferred
U0345,INT22,73,Engagement-inferred
U0345,INT02,72,Engagement-inferred
U0345,INT06,72,Declared
U0346,INT19,100,Engagement-inferred
U0346,INT26,93,Engagement-inferred
U0346,INT18,91,Lookalike model
U0346,INT03,90,Lookalike model
U0346,INT20,88,Engagement-inferred
U0346,INT27,81,Engagement-inferred
U0346,INT05,76,Declared
U0346,INT21,75,Engagement-inferred
U0346,INT04,75,Lookalike model
U0346,INT29,72,Lookalike model
U0346,INT10,62,Engagement-inferred
U0346,INT31,60,Engagement-inferred
U0346,INT32,59,Engagement-inferred
U0346,INT44,58,Engagement-inferred
U0347,INT27,100,Engagement-inferred
U0347,INT26,97,Engagement-inferred
U0347,INT07,97,Declared
U0347,INT28,92,Declared
U0347,INT30,87,Engagement-inferred
U0347,INT40,84,Declared
U0347,INT32,82,Engagement-inferred
U0347,INT49,81,Engagement-inferred
U0347,INT29,80,Lookalike model
U0347,INT34,78,Declared
U0347,INT33,77,Engagement-inferred
U0347,INT31,75,Declared
U0347,INT42,74,Engagement-inferred
U0347,INT35,74,Engagement-inferred
U0348,INT33,98,Engagement-inferred
U0348,INT03,83,Lookalike model
U0348,INT11,82,Lookalike model
U0348,INT20,70,Lookalike model
U0348,INT47,69,Declared
U0348,INT34,69,Engagement-inferred
U0348,INT14,66,Declared
U0348,INT38,65,Engagement-inferred
U0348,INT35,63,Lookalike model
U0348,INT21,62,Engagement-inferred
U0348,INT19,62,Engagement-inferred
U0348,INT04,59,Engagement-inferred
U0348,INT49,59,Declared
U0348,INT13,59,Engagement-inferred
U0349,INT43,89,Engagement-inferred
U0349,INT44,89,Declared
U0349,INT10,88,Engagement-inferred
U0349,INT26,87,Lookalike model
U0349,INT27,81,Engagement-inferred
U0349,INT31,80,Engagement-inferred
U0349,INT29,79,Engagement-inferred
U0349,INT28,72,Engagement-inferred
U0349,INT30,70,Engagement-inferred
U0349,INT32,68,Engagement-inferred
U0349,INT47,67,Engagement-inferred
U0349,INT02,63,Engagement-inferred
U0349,INT22,61,Declared
U0349,INT11,59,Engagement-inferred
U0350,INT26,85,Lookalike model
U0350,INT44,77,Lookalike model
U0350,INT46,75,Lookalike model
U0350,INT28,74,Lookalike model
U0350,INT33,74,Lookalike model
U0350,INT40,70,Engagement-inferred
U0350,INT35,69,Engagement-inferred
U0350,INT41,69,Engagement-inferred
U0350,INT01,68,Engagement-inferred
U0350,INT24,67,Declared
U0350,INT27,66,Engagement-inferred
U0350,INT23,66,Engagement-inferred
U0350,INT32,65,Engagement-inferred
U0350,INT29,65,Engagement-inferred
U0351,INT07,96,Engagement-inferred
U0351,INT33,91,Lookalike model
U0351,INT08,82,Engagement-inferred
U0351,INT34,80,Engagement-inferred
U0351,INT11,79,Engagement-inferred
U0351,INT49,77,Engagement-inferred
U0351,INT09,69,Engagement-inferred
U0351,INT35,69,Engagement-inferred
U0351,INT38,69,Engagement-inferred
U0351,INT14,66,Engagement-inferred
U0351,INT19,64,Lookalike model
U0351,INT47,64,Engagement-inferred
U0351,INT21,61,Engagement-inferred
U0351,INT18,58,Lookalike model
U0352,INT44,97,Engagement-inferred
U0352,INT26,84,Engagement-inferred
U0352,INT03,83,Engagement-inferred
U0352,INT43,83,Lookalike model
U0352,INT04,80,Engagement-inferred
U0352,INT05,77,Engagement-inferred
U0352,INT11,76,Engagement-inferred
U0352,INT22,75,Lookalike model
U0352,INT15,72,Declared
U0352,INT23,71,Lookalike model
U0352,INT24,70,Engagement-inferred
U0352,INT20,70,Engagement-inferred
U0352,INT09,68,Engagement-inferred
U0352,INT14,68,Lookalike model
U0353,INT26,83,Engagement-inferred
U0353,INT44,81,Engagement-inferred
U0353,INT29,81,Engagement-inferred
U0353,INT07,78,Engagement-inferred
U0353,INT27,75,Engagement-inferred
U0353,INT43,74,Engagement-inferred
U0353,INT22,72,Declared
U0353,INT08,67,Lookalike model
U0353,INT28,67,Engagement-inferred
U0353,INT31,67,Declared
U0353,INT10,64,Engagement-inferred
U0353,INT25,64,Engagement-inferred
U0353,INT30,62,Declared
U0353,INT24,61,Engagement-inferred
U0354,INT01,86,Lookalike model
U0354,INT40,75,Engagement-inferred
U0354,INT07,73,Lookalike model
U0354,INT25,70,Declared
U0354,INT03,67,Engagement-inferred
U0354,INT42,67,Engagement-inferred
U0354,INT41,67,Engagement-inferred
U0354,INT38,66,Engagement-inferred
U0354,INT09,64,Engagement-inferred
U0354,INT18,63,Engagement-inferred
U0354,INT08,63,Engagement-inferred
U0354,INT14,63,Engagement-inferred
U0354,INT11,62,Declared
U0354,INT05,62,Lookalike model
U0355,INT08,90,Engagement-inferred
U0355,INT07,90,Engagement-inferred
U0355,INT09,86,Engagement-inferred
U0355,INT44,81,Lookalike model
U0355,INT01,75,Engagement-inferred
U0355,INT10,71,Engagement-inferred
U0355,INT26,71,Declared
U0355,INT03,71,Engagement-inferred
U0355,INT43,71,Engagement-inferred
U0355,INT27,71,Engagement-inferred
U0355,INT04,69,Engagement-inferred
U0355,INT30,66,Engagement-inferred
U0355,INT46,65,Declared
U0355,INT28,62,Engagement-inferred
U0356,INT11,94,Declared
U0356,INT24,91,Engagement-inferred
U0356,INT22,90,Engagement-inferred
U0356,INT23,82,Engagement-inferred
U0356,INT14,80,Declared
U0356,INT03,79,Engagement-inferred
U0356,INT33,71,Lookalike model
U0356,INT04,70,Engagement-inferred
U0356,INT15,67,Lookalike model
U0356,INT20,64,Lookalike model
U0356,INT01,62,Engagement-inferred
U0356,INT05,60,Engagement-inferred
U0356,INT35,60,Engagement-inferred
U0356,INT47,58,Engagement-inferred
U0357,INT13,88,Engagement-inferred
U0357,INT10,76,Engagement-inferred
U0357,INT44,74,Lookalike model
U0357,INT43,74,Engagement-inferred
U0357,INT40,66,Engagement-inferred
U0357,INT07,66,Engagement-inferred
U0357,INT42,59,Engagement-inferred
U0357,INT04,59,Engagement-inferred
U0357,INT25,58,Lookalike model
U0357,INT09,57,Declared
U0357,INT41,55,Engagement-inferred
U0357,INT39,54,Lookalike model
U0357,INT48,52,Engagement-inferred
U0357,INT46,52,Engagement-inferred
U0358,INT03,97,Engagement-inferred
U0358,INT19,86,Lookalike model
U0358,INT26,82,Declared
U0358,INT04,80,Lookalike model
U0358,INT33,79,Engagement-inferred
U0358,INT47,75,Lookalike model
U0358,INT21,74,Engagement-inferred
U0358,INT20,73,Declared
U0358,INT38,73,Declared
U0358,INT16,71,Engagement-inferred
U0358,INT43,70,Engagement-inferred
U0358,INT27,69,Engagement-inferred
U0358,INT44,68,Lookalike model
U0358,INT07,67,Engagement-inferred
U0359,INT33,91,Engagement-inferred
U0359,INT07,90,Lookalike model
U0359,INT34,79,Declared
U0359,INT11,78,Engagement-inferred
U0359,INT35,76,Declared
U0359,INT09,72,Engagement-inferred
U0359,INT08,72,Engagement-inferred
U0359,INT10,71,Engagement-inferred
U0359,INT16,71,Lookalike model
U0359,INT17,62,Engagement-inferred
U0359,INT01,58,Engagement-inferred
U0359,INT43,57,Lookalike model
U0359,INT49,56,Engagement-inferred
U0359,INT02,55,Engagement-inferred
U0360,INT07,100,Engagement-inferred
U0360,INT08,99,Lookalike model
U0360,INT09,94,Lookalike model
U0360,INT24,78,Engagement-inferred
U0360,INT25,74,Declared
U0360,INT23,72,Engagement-inferred
U0360,INT22,71,Engagement-inferred
U0360,INT33,68,Declared
U0360,INT15,66,Declared
U0360,INT47,62,Engagement-inferred
U0360,INT38,59,Engagement-inferred
U0360,INT26,59,Engagement-inferred
U0360,INT11,56,Engagement-inferred
U0360,INT14,55,Lookalike model
U0361,INT16,97,Lookalike model
U0361,INT01,89,Engagement-inferred
U0361,INT22,84,Engagement-inferred
U0361,INT10,84,Engagement-inferred
U0361,INT33,80,Engagement-inferred
U0361,INT26,79,Engagement-inferred
U0361,INT04,79,Engagement-inferred
U0361,INT34,78,Engagement-inferred
U0361,INT17,75,Lookalike model
U0361,INT29,73,Engagement-inferred
U0361,INT23,73,Lookalike model
U0361,INT24,71,Engagement-inferred
U0361,INT02,70,Declared
U0361,INT47,69,Declared
U0362,INT26,92,Engagement-inferred
U0362,INT28,74,Declared
U0362,INT25,70,Declared
U0362,INT27,66,Engagement-inferred
U0362,INT44,66,Engagement-inferred
U0362,INT40,65,Engagement-inferred
U0362,INT10,65,Engagement-inferred
U0362,INT47,65,Declared
U0362,INT43,64,Engagement-inferred
U0362,INT33,64,Engagement-inferred
U0362,INT31,64,Engagement-inferred
U0362,INT32,64,Engagement-inferred
U0362,INT30,63,Engagement-inferred
U0362,INT29,62,Engagement-inferred
U0363,INT07,99,Engagement-inferred
U0363,INT08,87,Engagement-inferred
U0363,INT33,82,Engagement-inferred
U0363,INT11,81,Declared
U0363,INT14,81,Engagement-inferred
U0363,INT29,74,Declared
U0363,INT26,72,Engagement-inferred
U0363,INT30,71,Engagement-inferred
U0363,INT09,71,Lookalike model
U0363,INT49,67,Engagement-inferred
U0363,INT31,65,Engagement-inferred
U0363,INT28,64,Declared
U0363,INT27,64,Declared
U0363,INT34,62,Engagement-inferred
U0364,INT33,100,Declared
U0364,INT03,91,Engagement-inferred
U0364,INT35,87,Engagement-inferred
U0364,INT44,85,Declared
U0364,INT26,83,Engagement-inferred
U0364,INT43,80,Engagement-inferred
U0364,INT34,78,Engagement-inferred
U0364,INT29,76,Engagement-inferred
U0364,INT30,76,Engagement-inferred
U0364,INT40,72,Engagement-inferred
U0364,INT28,72,Lookalike model
U0364,INT42,71,Lookalike model
U0364,INT05,70,Lookalike model
U0364,INT31,67,Engagement-inferred
U0365,INT19,96,Engagement-inferred
U0365,INT17,93,Engagement-inferred
U0365,INT33,90,Lookalike model
U0365,INT11,85,Engagement-inferred
U0365,INT44,84,Engagement-inferred
U0365,INT21,82,Engagement-inferred
U0365,INT16,81,Declared
U0365,INT20,77,Engagement-inferred
U0365,INT18,77,Engagement-inferred
U0365,INT38,76,Engagement-inferred
U0365,INT43,75,Engagement-inferred
U0365,INT47,73,Engagement-inferred
U0365,INT34,73,Engagement-inferred
U0365,INT12,67,Lookalike model
U0366,INT27,96,Lookalike model
U0366,INT26,92,Lookalike model
U0366,INT28,90,Engagement-inferred
U0366,INT31,82,Engagement-inferred
U0366,INT10,80,Declared
U0366,INT29,77,Engagement-inferred
U0366,INT30,76,Engagement-inferred
U0366,INT14,75,Engagement-inferred
U0366,INT33,71,Lookalike model
U0366,INT01,69,Engagement-inferred
U0366,INT11,67,Engagement-inferred
U0366,INT32,65,Lookalike model
U0366,INT04,64,Engagement-inferred
U0366,INT03,62,Lookalike model
U0367,INT47,92,Engagement-inferred
U0367,INT01,87,Engagement-inferred
U0367,INT38,83,Declared
U0367,INT44,79,Engagement-inferred
U0367,INT33,73,Engagement-inferred
U0367,INT02,71,Lookalike model
U0367,INT27,70,Engagement-inferred
U0367,INT10,70,Declared
U0367,INT26,67,Declared
U0367,INT06,66,Declared
U0367,INT40,63,Engagement-inferred
U0367,INT28,62,Engagement-inferred
U0367,INT42,62,Declared
U0367,INT35,58,Declared
U0368,INT42,81,Engagement-inferred
U0368,INT04,80,Engagement-inferred
U0368,INT40,79,Engagement-inferred
U0368,INT41,79,Engagement-inferred
U0368,INT38,74,Engagement-inferred
U0368,INT14,73,Lookalike model
U0368,INT03,68,Engagement-inferred
U0368,INT49,64,Lookalike model
U0368,INT34,64,Engagement-inferred
U0368,INT11,63,Declared
U0368,INT48,63,Engagement-inferred
U0368,INT50,62,Lookalike model
U0368,INT47,62,Engagement-inferred
U0368,INT33,61,Engagement-inferred
U0369,INT33,92,Engagement-inferred
U0369,INT16,83,Engagement-inferred
U0369,INT35,75,Engagement-inferred
U0369,INT49,72,Declared
U0369,INT23,72,Engagement-inferred
U0369,INT34,70,Lookalike model
U0369,INT12,69,Engagement-inferred
U0369,INT48,69,Declared
U0369,INT27,69,Engagement-inferred
U0369,INT24,68,Engagement-inferred
U0369,INT03,66,Engagement-inferred
U0369,INT42,66,Engagement-inferred
U0369,INT20,65,Engagement-inferred
U0369,INT17,64,Lookalike model
U0370,INT26,98,Engagement-inferred
U0370,INT30,85,Engagement-inferred
U0370,INT28,85,Engagement-inferred
U0370,INT22,83,Lookalike model
U0370,INT40,82,Declared
U0370,INT27,78,Engagement-inferred
U0370,INT29,74,Engagement-inferred
U0370,INT32,73,Engagement-inferred
U0370,INT14,71,Lookalike model
U0370,INT31,71,Engagement-inferred
U0370,INT33,67,Engagement-inferred
U0370,INT10,67,Engagement-inferred
U0370,INT11,64,Lookalike model
U0370,INT24,64,Declared
U0371,INT33,91,Declared
U0371,INT23,86,Declared
U0371,INT22,86,Lookalike model
U0371,INT24,85,Lookalike model
U0371,INT34,85,Engagement-inferred
U0371,INT26,85,Engagement-inferred
U0371,INT27,82,Declared
U0371,INT47,81,Declared
U0371,INT43,79,Engagement-inferred
U0371,INT29,78,Engagement-inferred
U0371,INT35,75,Engagement-inferred
U0371,INT11,74,Engagement-inferred
U0371,INT15,73,Declared
U0371,INT30,72,Engagement-inferred
U0372,INT26,78,Engagement-inferred
U0372,INT27,72,Declared
U0372,INT30,70,Lookalike model
U0372,INT32,69,Lookalike model
U0372,INT28,68,Declared
U0372,INT36,66,Lookalike model
U0372,INT01,64,Lookalike model
U0372,INT31,64,Engagement-inferred
U0372,INT23,63,Declared
U0372,INT24,61,Lookalike model
U0372,INT03,60,Engagement-inferred
U0372,INT29,59,Declared
U0372,INT47,59,Engagement-inferred
U0372,INT10,59,Lookalike model
U0373,INT03,85,Engagement-inferred
U0373,INT10,84,Engagement-inferred
U0373,INT04,83,Engagement-inferred
U0373,INT42,83,Engagement-inferred
U0373,INT40,83,Engagement-inferred
U0373,INT26,81,Lookalike model
U0373,INT05,79,Declared
U0373,INT28,75,Declared
U0373,INT41,74,Engagement-inferred
U0373,INT36,73,Engagement-inferred
U0373,INT24,71,Declared
U0373,INT33,69,Engagement-inferred
U0373,INT37,68,Engagement-inferred
U0373,INT27,67,Lookalike model
U0374,INT33,91,Engagement-inferred
U0374,INT26,88,Engagement-inferred
U0374,INT28,85,Engagement-inferred
U0374,INT29,83,Engagement-inferred
U0374,INT11,77,Lookalike model
U0374,INT32,76,Engagement-inferred
U0374,INT30,75,Engagement-inferred
U0374,INT35,74,Declared
U0374,INT34,74,Lookalike model
U0374,INT40,71,Engagement-inferred
U0374,INT14,70,Engagement-inferred
U0374,INT27,68,Engagement-inferred
U0374,INT19,63,Engagement-inferred
U0374,INT41,61,Engagement-inferred
U0375,INT04,88,Declared
U0375,INT03,88,Declared
U0375,INT42,82,Engagement-inferred
U0375,INT11,82,Declared
U0375,INT01,80,Declared
U0375,INT40,78,Declared
U0375,INT05,74,Engagement-inferred
U0375,INT25,72,Engagement-inferred
U0375,INT49,72,Declared
U0375,INT09,71,Engagement-inferred
U0375,INT07,70,Engagement-inferred
U0375,INT16,70,Engagement-inferred
U0375,INT41,69,Declared
U0375,INT18,63,Lookalike model
U0376,INT33,81,Engagement-inferred
U0376,INT04,65,Engagement-inferred
U0376,INT26,62,Engagement-inferred
U0376,INT03,61,Engagement-inferred
U0376,INT35,60,Engagement-inferred
U0376,INT05,60,Engagement-inferred
U0376,INT34,57,Lookalike model
U0376,INT29,54,Engagement-inferred
U0376,INT49,54,Engagement-inferred
U0376,INT14,52,Lookalike model
U0376,INT10,51,Engagement-inferred
U0376,INT37,51,Engagement-inferred
U0376,INT30,51,Declared
U0376,INT27,51,Lookalike model
U0377,INT03,91,Engagement-inferred
U0377,INT04,86,Declared
U0377,INT14,83,Engagement-inferred
U0377,INT27,82,Engagement-inferred
U0377,INT26,80,Engagement-inferred
U0377,INT11,79,Engagement-inferred
U0377,INT29,75,Engagement-inferred
U0377,INT33,74,Engagement-inferred
U0377,INT32,71,Engagement-inferred
U0377,INT05,69,Engagement-inferred
U0377,INT10,68,Declared
U0377,INT25,68,Engagement-inferred
U0377,INT28,66,Engagement-inferred
U0377,INT49,65,Lookalike model
U0378,INT03,99,Engagement-inferred
U0378,INT19,92,Engagement-inferred
U0378,INT18,90,Declared
U0378,INT05,83,Declared
U0378,INT04,83,Engagement-inferred
U0378,INT25,82,Declared
U0378,INT20,80,Engagement-inferred
U0378,INT36,80,Lookalike model
U0378,INT33,78,Engagement-inferred
U0378,INT37,76,Declared
U0378,INT39,76,Engagement-inferred
U0378,INT07,71,Lookalike model
U0378,INT21,71,Declared
U0378,INT34,69,Engagement-inferred
U0379,INT16,87,Declared
U0379,INT06,83,Engagement-inferred
U0379,INT01,81,Engagement-inferred
U0379,INT26,78,Engagement-inferred
U0379,INT02,74,Engagement-inferred
U0379,INT32,72,Declared
U0379,INT27,69,Lookalike model
U0379,INT28,69,Engagement-inferred
U0379,INT29,67,Declared
U0379,INT10,67,Engagement-inferred
U0379,INT22,61,Engagement-inferred
U0379,INT31,58,Declared
U0379,INT30,58,Engagement-inferred
U0379,INT17,57,Engagement-inferred
U0380,INT26,100,Declared
U0380,INT27,93,Engagement-inferred
U0380,INT32,90,Engagement-inferred
U0380,INT29,88,Declared
U0380,INT25,88,Engagement-inferred
U0380,INT48,84,Lookalike model
U0380,INT30,84,Engagement-inferred
U0380,INT16,83,Engagement-inferred
U0380,INT11,81,Engagement-inferred
U0380,INT28,80,Declared
U0380,INT14,80,Engagement-inferred
U0380,INT49,79,Engagement-inferred
U0380,INT31,70,Engagement-inferred
U0380,INT17,69,Lookalike model
U0381,INT33,87,Engagement-inferred
U0381,INT01,87,Declared
U0381,INT35,82,Engagement-inferred
U0381,INT36,80,Lookalike model
U0381,INT39,77,Engagement-inferred
U0381,INT44,74,Lookalike model
U0381,INT37,73,Lookalike model
U0381,INT34,72,Lookalike model
U0381,INT02,68,Engagement-inferred
U0381,INT43,63,Engagement-inferred
U0381,INT06,63,Engagement-inferred
U0381,INT24,58,Engagement-inferred
U0381,INT07,57,Lookalike model
U0381,INT22,57,Engagement-inferred
U0382,INT07,87,Declared
U0382,INT36,82,Engagement-inferred
U0382,INT16,82,Declared
U0382,INT17,77,Declared
U0382,INT09,76,Lookalike model
U0382,INT08,75,Lookalike model
U0382,INT44,72,Engagement-inferred
U0382,INT03,70,Lookalike model
U0382,INT47,68,Engagement-inferred
U0382,INT33,65,Engagement-inferred
U0382,INT38,64,Engagement-inferred
U0382,INT25,64,Lookalike model
U0382,INT12,63,Lookalike model
U0382,INT43,63,Engagement-inferred
U0383,INT47,75,Engagement-inferred
U0383,INT02,71,Declared
U0383,INT01,66,Lookalike model
U0383,INT07,65,Engagement-inferred
U0383,INT27,64,Lookalike model
U0383,INT29,60,Engagement-inferred
U0383,INT26,60,Lookalike model
U0383,INT46,58,Engagement-inferred
U0383,INT25,56,Engagement-inferred
U0383,INT42,54,Engagement-inferred
U0383,INT31,53,Declared
U0383,INT30,53,Engagement-inferred
U0383,INT06,53,Engagement-inferred
U0383,INT38,52,Declared
U0384,INT03,100,Engagement-inferred
U0384,INT04,88,Engagement-inferred
U0384,INT28,87,Engagement-inferred
U0384,INT47,85,Engagement-inferred
U0384,INT05,82,Engagement-inferred
U0384,INT33,81,Declared
U0384,INT27,81,Engagement-inferred
U0384,INT49,79,Engagement-inferred
U0384,INT26,77,Engagement-inferred
U0384,INT29,77,Engagement-inferred
U0384,INT48,75,Engagement-inferred
U0384,INT35,75,Engagement-inferred
U0384,INT10,75,Engagement-inferred
U0384,INT38,70,Engagement-inferred
U0385,INT11,99,Declared
U0385,INT26,96,Lookalike model
U0385,INT28,91,Engagement-inferred
U0385,INT27,87,Engagement-inferred
U0385,INT16,85,Engagement-inferred
U0385,INT32,81,Engagement-inferred
U0385,INT29,81,Declared
U0385,INT14,81,Declared
U0385,INT17,77,Declared
U0385,INT47,76,Engagement-inferred
U0385,INT12,75,Lookalike model
U0385,INT10,74,Engagement-inferred
U0385,INT31,74,Declared
U0385,INT30,73,Lookalike model
U0386,INT44,100,Engagement-inferred
U0386,INT43,94,Lookalike model
U0386,INT01,93,Engagement-inferred
U0386,INT02,90,Declared
U0386,INT24,89,Engagement-inferred
U0386,INT23,86,Engagement-inferred
U0386,INT22,83,Engagement-inferred
U0386,INT07,79,Engagement-inferred
U0386,INT26,78,Engagement-inferred
U0386,INT06,77,Engagement-inferred
U0386,INT47,75,Engagement-inferred
U0386,INT15,72,Engagement-inferred
U0386,INT10,70,Engagement-inferred
U0386,INT16,68,Declared
U0387,INT26,95,Engagement-inferred
U0387,INT31,68,Declared
U0387,INT27,66,Engagement-inferred
U0387,INT28,66,Engagement-inferred
U0387,INT01,66,Engagement-inferred
U0387,INT02,65,Declared
U0387,INT16,64,Lookalike model
U0387,INT22,64,Engagement-inferred
U0387,INT10,64,Engagement-inferred
U0387,INT32,63,Engagement-inferred
U0387,INT29,61,Engagement-inferred
U0387,INT30,60,Declared
U0387,INT07,59,Declared
U0387,INT19,58,Lookalike model
U0388,INT46,92,Lookalike model
U0388,INT01,91,Engagement-inferred
U0388,INT11,91,Engagement-inferred
U0388,INT02,87,Engagement-inferred
U0388,INT44,83,Lookalike model
U0388,INT43,83,Lookalike model
U0388,INT14,81,Engagement-inferred
U0388,INT33,72,Engagement-inferred
U0388,INT06,71,Declared
U0388,INT16,61,Engagement-inferred
U0388,INT38,60,Engagement-inferred
U0388,INT09,59,Engagement-inferred
U0388,INT07,58,Declared
U0388,INT05,57,Engagement-inferred
U0389,INT26,85,Engagement-inferred
U0389,INT19,85,Lookalike model
U0389,INT29,80,Declared
U0389,INT27,79,Engagement-inferred
U0389,INT20,79,Engagement-inferred
U0389,INT18,78,Engagement-inferred
U0389,INT21,76,Lookalike model
U0389,INT31,75,Engagement-inferred
U0389,INT25,74,Engagement-inferred
U0389,INT36,73,Engagement-inferred
U0389,INT30,73,Declared
U0389,INT28,69,Engagement-inferred
U0389,INT32,67,Engagement-inferred
U0389,INT14,66,Engagement-inferred
U0390,INT27,100,Lookalike model
U0390,INT26,100,Lookalike model
U0390,INT32,90,Engagement-inferred
U0390,INT02,86,Engagement-inferred
U0390,INT31,84,Declared
U0390,INT01,83,Engagement-inferred
U0390,INT44,81,Engagement-inferred
U0390,INT03,79,Engagement-inferred
U0390,INT28,77,Engagement-inferred
U0390,INT25,75,Engagement-inferred
U0390,INT29,74,Engagement-inferred
U0390,INT05,73,Lookalike model
U0390,INT18,73,Declared
U0390,INT11,73,Lookalike model
U0391,INT36,100,Lookalike model
U0391,INT33,97,Engagement-inferred
U0391,INT34,88,Lookalike model
U0391,INT37,83,Engagement-inferred
U0391,INT10,82,Engagement-inferred
U0391,INT39,81,Lookalike model
U0391,INT26,80,Engagement-inferred
U0391,INT27,78,Engagement-inferred
U0391,INT35,77,Lookalike model
U0391,INT14,74,Engagement-inferred
U0391,INT28,73,Engagement-inferred
U0391,INT11,71,Lookalike model
U0391,INT47,71,Engagement-inferred
U0391,INT19,68,Declared
U0392,INT06,95,Engagement-inferred
U0392,INT01,90,Engagement-inferred
U0392,INT49,85,Engagement-inferred
U0392,INT50,83,Engagement-inferred
U0392,INT10,81,Lookalike model
U0392,INT07,79,Engagement-inferred
U0392,INT02,76,Engagement-inferred
U0392,INT08,73,Engagement-inferred
U0392,INT48,71,Engagement-inferred
U0392,INT33,69,Engagement-inferred
U0392,INT25,69,Engagement-inferred
U0392,INT28,66,Declared
U0392,INT44,64,Lookalike model
U0392,INT29,62,Engagement-inferred
U0393,INT24,79,Engagement-inferred
U0393,INT19,78,Engagement-inferred
U0393,INT23,76,Declared
U0393,INT18,76,Engagement-inferred
U0393,INT25,76,Lookalike model
U0393,INT22,73,Lookalike model
U0393,INT20,72,Engagement-inferred
U0393,INT21,71,Lookalike model
U0393,INT11,64,Engagement-inferred
U0393,INT05,61,Declared
U0393,INT48,60,Engagement-inferred
U0393,INT10,59,Engagement-inferred
U0393,INT15,58,Engagement-inferred
U0393,INT01,57,Engagement-inferred
U0394,INT10,91,Lookalike model
U0394,INT23,88,Engagement-inferred
U0394,INT04,88,Engagement-inferred
U0394,INT03,86,Engagement-inferred
U0394,INT24,84,Lookalike model
U0394,INT22,83,Lookalike model
U0394,INT07,80,Engagement-inferred
U0394,INT16,79,Engagement-inferred
U0394,INT25,79,Engagement-inferred
U0394,INT26,79,Lookalike model
U0394,INT05,76,Declared
U0394,INT15,75,Engagement-inferred
U0394,INT09,72,Engagement-inferred
U0394,INT30,72,Engagement-inferred
U0395,INT07,100,Engagement-inferred
U0395,INT40,95,Engagement-inferred
U0395,INT24,90,Engagement-inferred
U0395,INT42,89,Declared
U0395,INT41,85,Lookalike model
U0395,INT11,84,Engagement-inferred
U0395,INT47,83,Engagement-inferred
U0395,INT09,82,Engagement-inferred
U0395,INT08,81,Engagement-inferred
U0395,INT14,78,Declared
U0395,INT23,76,Engagement-inferred
U0395,INT22,74,Engagement-inferred
U0395,INT38,69,Engagement-inferred
U0395,INT16,66,Lookalike model
U0396,INT11,94,Engagement-inferred
U0396,INT47,82,Declared
U0396,INT38,82,Engagement-inferred
U0396,INT01,81,Engagement-inferred
U0396,INT14,72,Engagement-inferred
U0396,INT10,71,Engagement-inferred
U0396,INT02,68,Engagement-inferred
U0396,INT48,67,Engagement-inferred
U0396,INT06,67,Engagement-inferred
U0396,INT45,65,Lookalike model
U0396,INT40,65,Engagement-inferred
U0396,INT24,63,Engagement-inferred
U0396,INT44,62,Engagement-inferred
U0396,INT42,61,Engagement-inferred
U0397,INT44,82,Lookalike model
U0397,INT40,80,Declared
U0397,INT10,78,Declared
U0397,INT02,78,Engagement-inferred
U0397,INT42,76,Engagement-inferred
U0397,INT46,74,Engagement-inferred
U0397,INT01,72,Lookalike model
U0397,INT43,71,Lookalike model
U0397,INT41,69,Engagement-inferred
U0397,INT33,67,Engagement-inferred
U0397,INT26,65,Engagement-inferred
U0397,INT14,64,Declared
U0397,INT35,58,Declared
U0397,INT11,56,Lookalike model
U0398,INT47,100,Engagement-inferred
U0398,INT49,90,Declared
U0398,INT38,81,Engagement-inferred
U0398,INT48,76,Declared
U0398,INT03,75,Declared
U0398,INT04,68,Declared
U0398,INT50,67,Engagement-inferred
U0398,INT05,65,Engagement-inferred
U0398,INT18,63,Engagement-inferred
U0398,INT21,63,Declared
U0398,INT01,63,Engagement-inferred
U0398,INT19,59,Engagement-inferred
U0398,INT20,58,Engagement-inferred
U0398,INT11,57,Declared
U0399,INT01,98,Engagement-inferred
U0399,INT07,87,Engagement-inferred
U0399,INT06,87,Lookalike model
U0399,INT02,84,Engagement-inferred
U0399,INT24,74,Declared
U0399,INT22,73,Declared
U0399,INT23,70,Engagement-inferred
U0399,INT49,69,Engagement-inferred
U0399,INT15,66,Declared
U0399,INT09,65,Engagement-inferred
U0399,INT50,65,Declared
U0399,INT47,65,Declared
U0399,INT08,64,Engagement-inferred
U0399,INT11,62,Engagement-inferred
U0400,INT47,88,Declared
U0400,INT26,84,Engagement-inferred
U0400,INT40,80,Lookalike model
U0400,INT35,77,Declared
U0400,INT28,75,Engagement-inferred
U0400,INT33,74,Engagement-inferred
U0400,INT27,73,Lookalike model
U0400,INT30,72,Engagement-inferred
U0400,INT41,71,Engagement-inferred
U0400,INT29,71,Engagement-inferred
U0400,INT38,71,Declared
U0400,INT32,67,Engagement-inferred
U0400,INT31,67,Lookalike model
U0400,INT34,66,Engagement-inferred
U0401,INT01,83,Engagement-inferred
U0401,INT02,80,Engagement-inferred
U0401,INT25,77,Engagement-inferred
U0401,INT33,75,Declared
U0401,INT06,75,Engagement-inferred
U0401,INT40,68,Engagement-inferred
U0401,INT22,68,Lookalike model
U0401,INT35,68,Engagement-inferred
U0401,INT24,68,Engagement-inferred
U0401,INT42,67,Engagement-inferred
U0401,INT19,63,Engagement-inferred
U0401,INT16,61,Lookalike model
U0401,INT34,60,Engagement-inferred
U0401,INT41,59,Engagement-inferred
U0402,INT44,86,Engagement-inferred
U0402,INT37,83,Engagement-inferred
U0402,INT07,77,Declared
U0402,INT36,76,Engagement-inferred
U0402,INT01,75,Engagement-inferred
U0402,INT09,69,Engagement-inferred
U0402,INT02,66,Lookalike model
U0402,INT13,64,Declared
U0402,INT39,63,Declared
U0402,INT43,60,Engagement-inferred
U0402,INT38,58,Lookalike model
U0402,INT06,56,Engagement-inferred
U0402,INT10,53,Engagement-inferred
U0402,INT08,53,Declared
U0403,INT04,88,Engagement-inferred
U0403,INT03,83,Lookalike model
U0403,INT05,78,Declared
U0403,INT16,73,Engagement-inferred
U0403,INT25,70,Engagement-inferred
U0403,INT07,67,Engagement-inferred
U0403,INT08,66,Lookalike model
U0403,INT27,64,Engagement-inferred
U0403,INT29,64,Declared
U0403,INT49,64,Declared
U0403,INT26,64,Engagement-inferred
U0403,INT38,63,Engagement-inferred
U0403,INT32,62,Lookalike model
U0403,INT47,62,Engagement-inferred
U0404,INT19,100,Lookalike model
U0404,INT18,100,Engagement-inferred
U0404,INT40,96,Engagement-inferred
U0404,INT41,87,Engagement-inferred
U0404,INT36,83,Engagement-inferred
U0404,INT05,82,Engagement-inferred
U0404,INT04,82,Engagement-inferred
U0404,INT03,81,Engagement-inferred
U0404,INT16,80,Engagement-inferred
U0404,INT42,79,Declared
U0404,INT20,79,Engagement-inferred
U0404,INT21,78,Lookalike model
U0404,INT45,67,Declared
U0404,INT26,67,Engagement-inferred
U0405,INT11,95,Lookalike model
U0405,INT14,82,Declared
U0405,INT07,77,Lookalike model
U0405,INT03,71,Engagement-inferred
U0405,INT10,69,Engagement-inferred
U0405,INT44,66,Engagement-inferred
U0405,INT09,65,Lookalike model
U0405,INT04,64,Engagement-inferred
U0405,INT26,63,Engagement-inferred
U0405,INT05,62,Engagement-inferred
U0405,INT27,61,Engagement-inferred
U0405,INT08,60,Engagement-inferred
U0405,INT49,58,Engagement-inferred
U0405,INT46,58,Declared
U0406,INT16,99,Engagement-inferred
U0406,INT03,96,Declared
U0406,INT11,87,Lookalike model
U0406,INT17,81,Engagement-inferred
U0406,INT44,80,Engagement-inferred
U0406,INT07,78,Lookalike model
U0406,INT05,77,Engagement-inferred
U0406,INT04,76,Lookalike model
U0406,INT14,76,Engagement-inferred
U0406,INT40,75,Engagement-inferred
U0406,INT42,74,Engagement-inferred
U0406,INT06,73,Engagement-inferred
U0406,INT12,73,Lookalike model
U0406,INT01,72,Lookalike model
U0407,INT47,91,Declared
U0407,INT38,84,Engagement-inferred
U0407,INT44,82,Engagement-inferred
U0407,INT26,80,Engagement-inferred
U0407,INT10,74,Declared
U0407,INT30,73,Lookalike model
U0407,INT11,71,Declared
U0407,INT03,70,Engagement-inferred
U0407,INT14,70,Lookalike model
U0407,INT36,68,Engagement-inferred
U0407,INT43,68,Engagement-inferred
U0407,INT27,67,Declared
U0407,INT31,67,Declared
U0407,INT05,65,Engagement-inferred
U0408,INT07,100,Engagement-inferred
U0408,INT10,94,Engagement-inferred
U0408,INT09,94,Engagement-inferred
U0408,INT08,93,Engagement-inferred
U0408,INT26,90,Engagement-inferred
U0408,INT37,87,Engagement-inferred
U0408,INT36,85,Engagement-inferred
U0408,INT27,79,Declared
U0408,INT28,76,Engagement-inferred
U0408,INT39,72,Engagement-inferred
U0408,INT29,72,Engagement-inferred
U0408,INT30,68,Engagement-inferred
U0408,INT32,67,Declared
U0408,INT40,65,Lookalike model
U0409,INT11,94,Engagement-inferred
U0409,INT14,89,Engagement-inferred
U0409,INT22,86,Engagement-inferred
U0409,INT26,83,Declared
U0409,INT24,78,Engagement-inferred
U0409,INT33,69,Engagement-inferred
U0409,INT29,65,Engagement-inferred
U0409,INT23,63,Engagement-inferred
U0409,INT25,63,Engagement-inferred
U0409,INT35,61,Engagement-inferred
U0409,INT10,60,Engagement-inferred
U0409,INT28,58,Declared
U0409,INT36,58,Declared
U0409,INT44,57,Engagement-inferred
U0410,INT07,100,Declared
U0410,INT47,90,Engagement-inferred
U0410,INT04,88,Lookalike model
U0410,INT08,88,Lookalike model
U0410,INT22,86,Declared
U0410,INT26,81,Declared
U0410,INT24,81,Engagement-inferred
U0410,INT09,81,Engagement-inferred
U0410,INT03,81,Declared
U0410,INT23,78,Lookalike model
U0410,INT27,77,Engagement-inferred
U0410,INT38,74,Engagement-inferred
U0410,INT29,74,Lookalike model
U0410,INT05,73,Engagement-inferred
U0411,INT33,90,Declared
U0411,INT11,82,Engagement-inferred
U0411,INT47,81,Engagement-inferred
U0411,INT25,80,Declared
U0411,INT38,78,Engagement-inferred
U0411,INT14,73,Engagement-inferred
U0411,INT44,72,Declared
U0411,INT10,71,Engagement-inferred
U0411,INT35,65,Engagement-inferred
U0411,INT34,61,Engagement-inferred
U0411,INT37,58,Engagement-inferred
U0411,INT15,56,Declared
U0411,INT43,56,Declared
U0411,INT22,55,Lookalike model
U0412,INT26,100,Engagement-inferred
U0412,INT27,94,Engagement-inferred
U0412,INT28,94,Declared
U0412,INT32,88,Engagement-inferred
U0412,INT29,87,Engagement-inferred
U0412,INT25,85,Declared
U0412,INT07,83,Engagement-inferred
U0412,INT05,79,Lookalike model
U0412,INT30,78,Engagement-inferred
U0412,INT37,69,Engagement-inferred
U0412,INT36,69,Lookalike model
U0412,INT04,69,Engagement-inferred
U0412,INT31,68,Engagement-inferred
U0412,INT47,67,Lookalike model
U0413,INT38,88,Engagement-inferred
U0413,INT01,85,Engagement-inferred
U0413,INT47,83,Engagement-inferred
U0413,INT08,77,Engagement-inferred
U0413,INT07,76,Engagement-inferred
U0413,INT09,66,Engagement-inferred
U0413,INT02,66,Declared
U0413,INT36,63,Engagement-inferred
U0413,INT37,62,Engagement-inferred
U0413,INT19,62,Engagement-inferred
U0413,INT10,62,Engagement-inferred
U0413,INT14,59,Engagement-inferred
U0413,INT06,58,Engagement-inferred
U0413,INT40,57,Engagement-inferred
U0414,INT07,90,Engagement-inferred
U0414,INT10,88,Lookalike model
U0414,INT33,84,Engagement-inferred
U0414,INT03,83,Engagement-inferred
U0414,INT05,81,Engagement-inferred
U0414,INT04,79,Lookalike model
U0414,INT08,75,Lookalike model
U0414,INT16,72,Engagement-inferred
U0414,INT09,71,Engagement-inferred
U0414,INT40,69,Declared
U0414,INT34,65,Engagement-inferred
U0414,INT35,62,Lookalike model
U0414,INT39,59,Declared
U0414,INT14,57,Engagement-inferred
U0415,INT11,86,Lookalike model
U0415,INT14,86,Engagement-inferred
U0415,INT25,83,Lookalike model
U0415,INT24,77,Engagement-inferred
U0415,INT41,71,Lookalike model
U0415,INT22,69,Engagement-inferred
U0415,INT27,68,Engagement-inferred
U0415,INT23,66,Engagement-inferred
U0415,INT30,66,Engagement-inferred
U0415,INT26,65,Engagement-inferred
U0415,INT07,63,Engagement-inferred
U0415,INT28,61,Engagement-inferred
U0415,INT40,61,Declared
U0415,INT42,60,Engagement-inferred
U0416,INT49,91,Engagement-inferred
U0416,INT33,83,Engagement-inferred
U0416,INT50,77,Lookalike model
U0416,INT48,73,Declared
U0416,INT43,72,Declared
U0416,INT35,69,Engagement-inferred
U0416,INT34,68,Engagement-inferred
U0416,INT15,68,Engagement-inferred
U0416,INT17,66,Lookalike model
U0416,INT44,65,Lookalike model
U0416,INT16,65,Lookalike model
U0416,INT23,62,Engagement-inferred
U0416,INT04,59,Declared
U0416,INT03,58,Engagement-inferred
U0417,INT16,100,Engagement-inferred
U0417,INT01,97,Engagement-inferred
U0417,INT11,90,Engagement-inferred
U0417,INT06,82,Engagement-inferred
U0417,INT47,80,Engagement-inferred
U0417,INT02,79,Engagement-inferred
U0417,INT12,79,Engagement-inferred
U0417,INT38,76,Declared
U0417,INT10,73,Engagement-inferred
U0417,INT17,72,Lookalike model
U0417,INT14,66,Engagement-inferred
U0417,INT27,66,Engagement-inferred
U0417,INT32,63,Engagement-inferred
U0417,INT26,59,Lookalike model
U0418,INT26,88,Declared
U0418,INT37,84,Engagement-inferred
U0418,INT27,83,Engagement-inferred
U0418,INT36,78,Engagement-inferred
U0418,INT28,75,Declared
U0418,INT33,69,Declared
U0418,INT39,69,Engagement-inferred
U0418,INT29,69,Engagement-inferred
U0418,INT31,69,Declared
U0418,INT34,68,Lookalike model
U0418,INT24,67,Engagement-inferred
U0418,INT10,67,Declared
U0418,INT14,67,Engagement-inferred
U0418,INT30,65,Declared
U0419,INT03,78,Declared
U0419,INT05,78,Declared
U0419,INT04,75,Engagement-inferred
U0419,INT44,62,Lookalike model
U0419,INT49,59,Declared
U0419,INT43,58,Declared
U0419,INT28,55,Declared
U0419,INT29,55,Engagement-inferred
U0419,INT11,53,Engagement-inferred
U0419,INT26,53,Declared
U0419,INT27,53,Engagement-inferred
U0419,INT42,52,Lookalike model
U0419,INT39,51,Engagement-inferred
U0419,INT14,51,Engagement-inferred
U0420,INT36,100,Declared
U0420,INT07,97,Engagement-inferred
U0420,INT24,94,Engagement-inferred
U0420,INT08,93,Engagement-inferred
U0420,INT23,91,Lookalike model
U0420,INT22,89,Engagement-inferred
U0420,INT01,86,Engagement-inferred
U0420,INT19,84,Engagement-inferred
U0420,INT44,84,Engagement-inferred
U0420,INT47,82,Engagement-inferred
U0420,INT33,79,Engagement-inferred
U0420,INT37,75,Declared
U0420,INT06,74,Declared
U0420,INT15,72,Engagement-inferred
U0421,INT03,97,Engagement-inferred
U0421,INT05,94,Engagement-inferred
U0421,INT33,94,Lookalike model
U0421,INT04,90,Declared
U0421,INT35,86,Engagement-inferred
U0421,INT44,85,Declared
U0421,INT34,83,Engagement-inferred
U0421,INT26,75,Engagement-inferred
U0421,INT32,71,Engagement-inferred
U0421,INT29,70,Engagement-inferred
U0421,INT09,67,Engagement-inferred
U0421,INT43,67,Engagement-inferred
U0421,INT10,66,Declared
U0421,INT24,64,Lookalike model
U0422,INT26,84,Engagement-inferred
U0422,INT28,77,Declared
U0422,INT27,75,Engagement-inferred
U0422,INT30,73,Engagement-inferred
U0422,INT01,73,Engagement-inferred
U0422,INT40,73,Lookalike model
U0422,INT07,72,Engagement-inferred
U0422,INT02,67,Engagement-inferred
U0422,INT29,66,Engagement-inferred
U0422,INT41,66,Engagement-inferred
U0422,INT32,66,Lookalike model
U0422,INT16,62,Engagement-inferred
U0422,INT47,61,Lookalike model
U0422,INT04,61,Engagement-inferred
U0423,INT36,90,Engagement-inferred
U0423,INT39,75,Engagement-inferred
U0423,INT38,73,Lookalike model
U0423,INT11,73,Engagement-inferred
U0423,INT37,72,Engagement-inferred
U0423,INT33,70,Declared
U0423,INT26,69,Engagement-inferred
U0423,INT03,68,Engagement-inferred
U0423,INT27,67,Engagement-inferred
U0423,INT05,65,Engagement-inferred
U0423,INT14,64,Engagement-inferred
U0423,INT04,63,Engagement-inferred
U0423,INT34,61,Engagement-inferred
U0423,INT47,57,Engagement-inferred
U0424,INT26,95,Engagement-inferred
U0424,INT01,93,Engagement-inferred
U0424,INT02,90,Lookalike model
U0424,INT03,88,Declared
U0424,INT06,87,Declared
U0424,INT47,82,Declared
U0424,INT11,80,Engagement-inferred
U0424,INT30,79,Lookalike model
U0424,INT27,79,Declared
U0424,INT38,75,Lookalike model
U0424,INT28,72,Lookalike model
U0424,INT44,69,Lookalike model
U0424,INT14,67,Lookalike model
U0424,INT29,65,Lookalike model
U0425,INT46,89,Engagement-inferred
U0425,INT40,87,Declared
U0425,INT14,86,Engagement-inferred
U0425,INT01,80,Declared
U0425,INT33,80,Engagement-inferred
U0425,INT11,76,Declared
U0425,INT34,73,Declared
U0425,INT03,73,Engagement-inferred
U0425,INT42,71,Engagement-inferred
U0425,INT02,71,Lookalike model
U0425,INT44,70,Engagement-inferred
U0425,INT04,68,Declared
U0425,INT05,67,Declared
U0425,INT41,66,Engagement-inferred
U0426,INT07,83,Engagement-inferred
U0426,INT01,81,Lookalike model
U0426,INT19,79,Engagement-inferred
U0426,INT20,78,Lookalike model
U0426,INT03,76,Declared
U0426,INT33,75,Declared
U0426,INT16,68,Lookalike model
U0426,INT09,64,Declared
U0426,INT25,64,Engagement-inferred
U0426,INT02,63,Engagement-inferred
U0426,INT34,62,Engagement-inferred
U0426,INT18,62,Declared
U0426,INT35,61,Lookalike model
U0426,INT05,60,Lookalike model
U0427,INT03,94,Lookalike model
U0427,INT04,87,Engagement-inferred
U0427,INT36,84,Declared
U0427,INT05,84,Engagement-inferred
U0427,INT24,77,Engagement-inferred
U0427,INT23,77,Engagement-inferred
U0427,INT22,77,Lookalike model
U0427,INT33,74,Lookalike model
U0427,INT39,68,Engagement-inferred
U0427,INT08,68,Engagement-inferred
U0427,INT29,66,Engagement-inferred
U0427,INT26,66,Engagement-inferred
U0427,INT37,66,Engagement-inferred
U0427,INT27,64,Engagement-inferred
U0428,INT20,83,Declared
U0428,INT19,80,Engagement-inferred
U0428,INT18,76,Lookalike model
U0428,INT43,74,Engagement-inferred
U0428,INT44,74,Lookalike model
U0428,INT21,72,Engagement-inferred
U0428,INT41,71,Engagement-inferred
U0428,INT04,71,Engagement-inferred
U0428,INT48,69,Lookalike model
U0428,INT03,67,Engagement-inferred
U0428,INT40,66,Engagement-inferred
U0428,INT42,66,Declared
U0428,INT49,65,Engagement-inferred
U0428,INT10,63,Declared
U0429,INT01,100,Declared
U0429,INT11,87,Engagement-inferred
U0429,INT02,86,Engagement-inferred
U0429,INT22,84,Engagement-inferred
U0429,INT14,79,Engagement-inferred
U0429,INT23,76,Engagement-inferred
U0429,INT24,74,Lookalike model
U0429,INT15,69,Engagement-inferred
U0429,INT06,68,Engagement-inferred
U0429,INT33,62,Engagement-inferred
U0429,INT18,60,Engagement-inferred
U0429,INT34,59,Engagement-inferred
U0429,INT20,57,Engagement-inferred
U0429,INT19,57,Engagement-inferred
U0430,INT40,94,Engagement-inferred
U0430,INT19,90,Engagement-inferred
U0430,INT42,85,Engagement-inferred
U0430,INT20,82,Engagement-inferred
U0430,INT18,81,Engagement-inferred
U0430,INT41,81,Engagement-inferred
U0430,INT21,78,Engagement-inferred
U0430,INT44,73,Declared
U0430,INT48,61,Declared
U0430,INT33,60,Engagement-inferred
U0430,INT49,58,Engagement-inferred
U0430,INT46,57,Lookalike model
U0430,INT36,54,Engagement-inferred
U0430,INT43,53,Engagement-inferred
U0431,INT33,80,Engagement-inferred
U0431,INT36,77,Declared
U0431,INT20,76,Lookalike model
U0431,INT11,74,Lookalike model
U0431,INT25,71,Engagement-inferred
U0431,INT37,67,Lookalike model
U0431,INT22,66,Engagement-inferred
U0431,INT07,65,Engagement-inferred
U0431,INT19,65,Engagement-inferred
U0431,INT39,65,Engagement-inferred
U0431,INT14,63,Engagement-inferred
U0431,INT27,61,Engagement-inferred
U0431,INT23,60,Declared
U0431,INT32,58,Declared
U0432,INT03,95,Engagement-inferred
U0432,INT16,91,Engagement-inferred
U0432,INT04,86,Engagement-inferred
U0432,INT36,86,Lookalike model
U0432,INT05,83,Engagement-inferred
U0432,INT17,79,Lookalike model
U0432,INT19,74,Declared
U0432,INT25,74,Engagement-inferred
U0432,INT21,73,Engagement-inferred
U0432,INT33,73,Declared
U0432,INT07,71,Lookalike model
U0432,INT37,70,Engagement-inferred
U0432,INT08,69,Engagement-inferred
U0432,INT10,68,Lookalike model
U0433,INT03,90,Engagement-inferred
U0433,INT04,87,Engagement-inferred
U0433,INT05,84,Engagement-inferred
U0433,INT40,78,Engagement-inferred
U0433,INT23,74,Declared
U0433,INT33,73,Engagement-inferred
U0433,INT41,71,Engagement-inferred
U0433,INT42,70,Lookalike model
U0433,INT09,67,Engagement-inferred
U0433,INT07,66,Lookalike model
U0433,INT26,66,Engagement-inferred
U0433,INT10,65,Engagement-inferred
U0433,INT22,64,Engagement-inferred
U0433,INT48,63,Engagement-inferred
U0434,INT20,87,Engagement-inferred
U0434,INT19,84,Engagement-inferred
U0434,INT36,83,Engagement-inferred
U0434,INT23,76,Declared
U0434,INT33,74,Engagement-inferred
U0434,INT39,71,Declared
U0434,INT22,71,Declared
U0434,INT37,68,Lookalike model
U0434,INT18,67,Engagement-inferred
U0434,INT21,63,Engagement-inferred
U0434,INT49,62,Engagement-inferred
U0434,INT24,61,Lookalike model
U0434,INT34,58,Engagement-inferred
U0434,INT10,58,Declared
U0435,INT11,84,Engagement-inferred
U0435,INT01,83,Declared
U0435,INT19,82,Engagement-inferred
U0435,INT34,79,Engagement-inferred
U0435,INT21,79,Engagement-inferred
U0435,INT33,78,Engagement-inferred
U0435,INT18,76,Engagement-inferred
U0435,INT28,72,Engagement-inferred
U0435,INT20,70,Engagement-inferred
U0435,INT26,69,Lookalike model
U0435,INT14,67,Lookalike model
U0435,INT35,67,Declared
U0435,INT27,67,Lookalike model
U0435,INT22,63,Engagement-inferred
U0436,INT10,88,Declared
U0436,INT38,84,Engagement-inferred
U0436,INT47,81,Declared
U0436,INT44,76,Engagement-inferred
U0436,INT23,75,Declared
U0436,INT22,73,Engagement-inferred
U0436,INT19,69,Engagement-inferred
U0436,INT21,66,Engagement-inferred
U0436,INT41,66,Engagement-inferred
U0436,INT40,66,Engagement-inferred
U0436,INT46,66,Lookalike model
U0436,INT24,65,Lookalike model
U0436,INT18,64,Lookalike model
U0436,INT20,62,Engagement-inferred
U0437,INT44,82,Engagement-inferred
U0437,INT04,78,Lookalike model
U0437,INT03,76,Declared
U0437,INT36,72,Engagement-inferred
U0437,INT26,70,Lookalike model
U0437,INT43,65,Lookalike model
U0437,INT01,65,Lookalike model
U0437,INT31,64,Engagement-inferred
U0437,INT05,64,Declared
U0437,INT47,62,Lookalike model
U0437,INT29,62,Engagement-inferred
U0437,INT17,61,Engagement-inferred
U0437,INT27,60,Engagement-inferred
U0437,INT39,58,Engagement-inferred
U0438,INT40,92,Engagement-inferred
U0438,INT10,84,Engagement-inferred
U0438,INT24,80,Declared
U0438,INT22,79,Lookalike model
U0438,INT44,78,Engagement-inferred
U0438,INT41,76,Engagement-inferred
U0438,INT14,76,Engagement-inferred
U0438,INT42,72,Engagement-inferred
U0438,INT11,72,Engagement-inferred
U0438,INT43,71,Engagement-inferred
U0438,INT23,71,Lookalike model
U0438,INT25,70,Engagement-inferred
U0438,INT47,68,Declared
U0438,INT08,59,Engagement-inferred
U0439,INT08,100,Lookalike model
U0439,INT07,99,Engagement-inferred
U0439,INT33,91,Lookalike model
U0439,INT44,84,Declared
U0439,INT50,78,Engagement-inferred
U0439,INT47,76,Engagement-inferred
U0439,INT09,76,Engagement-inferred
U0439,INT46,67,Engagement-inferred
U0439,INT35,66,Declared
U0439,INT48,65,Lookalike model
U0439,INT43,65,Engagement-inferred
U0439,INT38,63,Engagement-inferred
U0439,INT49,62,Declared
U0439,INT34,61,Lookalike model
U0440,INT33,77,Engagement-inferred
U0440,INT35,72,Engagement-inferred
U0440,INT34,71,Engagement-inferred
U0440,INT43,71,Engagement-inferred
U0440,INT03,70,Lookalike model
U0440,INT16,70,Engagement-inferred
U0440,INT44,69,Lookalike model
U0440,INT19,66,Engagement-inferred
U0440,INT04,65,Declared
U0440,INT47,65,Engagement-inferred
U0440,INT20,64,Engagement-inferred
U0440,INT48,64,Lookalike model
U0440,INT50,62,Lookalike model
U0440,INT05,62,Engagement-inferred
U0441,INT24,93,Engagement-inferred
U0441,INT22,91,Engagement-inferred
U0441,INT11,81,Engagement-inferred
U0441,INT19,80,Lookalike model
U0441,INT14,75,Declared
U0441,INT10,75,Declared
U0441,INT23,73,Engagement-inferred
U0441,INT20,72,Lookalike model
U0441,INT15,66,Engagement-inferred
U0441,INT25,65,Engagement-inferred
U0441,INT18,65,Engagement-inferred
U0441,INT21,60,Engagement-inferred
U0441,INT12,60,Engagement-inferred
U0441,INT16,60,Engagement-inferred
U0442,INT44,90,Engagement-inferred
U0442,INT03,90,Engagement-inferred
U0442,INT05,83,Declared
U0442,INT10,79,Engagement-inferred
U0442,INT04,78,Engagement-inferred
U0442,INT24,74,Declared
U0442,INT07,73,Declared
U0442,INT25,73,Engagement-inferred
U0442,INT46,71,Engagement-inferred
U0442,INT16,70,Lookalike model
U0442,INT17,69,Engagement-inferred
U0442,INT22,69,Engagement-inferred
U0442,INT43,68,Lookalike model
U0442,INT23,67,Lookalike model
U0443,INT19,100,Engagement-inferred
U0443,INT34,92,Engagement-inferred
U0443,INT33,91,Declared
U0443,INT26,90,Lookalike model
U0443,INT38,82,Engagement-inferred
U0443,INT14,81,Lookalike model
U0443,INT11,80,Lookalike model
U0443,INT18,79,Engagement-inferred
U0443,INT35,77,Lookalike model
U0443,INT47,76,Engagement-inferred
U0443,INT04,76,Engagement-inferred
U0443,INT29,76,Lookalike model
U0443,INT20,75,Engagement-inferred
U0443,INT32,74,Engagement-inferred
U0444,INT16,100,Lookalike model
U0444,INT17,82,Engagement-inferred
U0444,INT07,79,Engagement-inferred
U0444,INT04,77,Lookalike model
U0444,INT05,75,Engagement-inferred
U0444,INT10,71,Engagement-inferred
U0444,INT12,70,Engagement-inferred
U0444,INT25,65,Lookalike model
U0444,INT03,62,Lookalike model
U0444,INT08,56,Engagement-inferred
U0444,INT26,54,Engagement-inferred
U0444,INT18,53,Engagement-inferred
U0444,INT44,53,Engagement-inferred
U0444,INT28,51,Engagement-inferred
U0445,INT16,100,Declared
U0445,INT17,93,Engagement-inferred
U0445,INT44,89,Lookalike model
U0445,INT36,88,Engagement-inferred
U0445,INT43,81,Engagement-inferred
U0445,INT19,81,Engagement-inferred
U0445,INT01,80,Lookalike model
U0445,INT11,79,Engagement-inferred
U0445,INT33,79,Declared
U0445,INT18,78,Engagement-inferred
U0445,INT47,74,Engagement-inferred
U0445,INT07,74,Engagement-inferred
U0445,INT12,73,Engagement-inferred
U0445,INT37,71,Lookalike model
U0446,INT03,100,Declared
U0446,INT44,99,Declared
U0446,INT26,98,Engagement-inferred
U0446,INT04,95,Engagement-inferred
U0446,INT43,93,Engagement-inferred
U0446,INT05,91,Engagement-inferred
U0446,INT27,83,Engagement-inferred
U0446,INT29,80,Engagement-inferred
U0446,INT28,78,Engagement-inferred
U0446,INT10,76,Engagement-inferred
U0446,INT40,76,Engagement-inferred
U0446,INT46,73,Engagement-inferred
U0446,INT30,71,Engagement-inferred
U0446,INT32,70,Engagement-inferred
U0447,INT20,98,Lookalike model
U0447,INT19,91,Engagement-inferred
U0447,INT18,91,Engagement-inferred
U0447,INT03,90,Engagement-inferred
U0447,INT21,84,Lookalike model
U0447,INT04,84,Engagement-inferred
U0447,INT01,83,Engagement-inferred
U0447,INT05,78,Engagement-inferred
U0447,INT06,77,Declared
U0447,INT47,75,Lookalike model
U0447,INT49,74,Engagement-inferred
U0447,INT50,72,Engagement-inferred
U0447,INT11,71,Engagement-inferred
U0447,INT25,71,Lookalike model
U0448,INT33,100,Engagement-inferred
U0448,INT03,94,Engagement-inferred
U0448,INT01,92,Engagement-inferred
U0448,INT02,86,Engagement-inferred
U0448,INT04,85,Lookalike model
U0448,INT05,84,Engagement-inferred
U0448,INT35,82,Engagement-inferred
U0448,INT34,79,Engagement-inferred
U0448,INT06,79,Lookalike model
U0448,INT44,78,Engagement-inferred
U0448,INT16,75,Engagement-inferred
U0448,INT10,67,Engagement-inferred
U0448,INT43,66,Engagement-inferred
U0448,INT17,63,Lookalike model
U0449,INT33,93,Engagement-inferred
U0449,INT03,91,Engagement-inferred
U0449,INT04,87,Lookalike model
U0449,INT05,78,Lookalike model
U0449,INT01,76,Lookalike model
U0449,INT40,74,Engagement-inferred
U0449,INT41,73,Lookalike model
U0449,INT42,73,Engagement-inferred
U0449,INT02,72,Declared
U0449,INT26,71,Engagement-inferred
U0449,INT27,69,Engagement-inferred
U0449,INT16,69,Engagement-inferred
U0449,INT35,66,Engagement-inferred
U0449,INT34,66,Lookalike model
U0450,INT07,89,Lookalike model
U0450,INT08,88,Engagement-inferred
U0450,INT25,85,Engagement-inferred
U0450,INT09,83,Engagement-inferred
U0450,INT20,68,Engagement-inferred
U0450,INT02,67,Engagement-inferred
U0450,INT40,65,Engagement-inferred
U0450,INT06,64,Lookalike model
U0450,INT01,63,Engagement-inferred
U0450,INT10,63,Declared
U0450,INT42,61,Engagement-inferred
U0450,INT17,60,Engagement-inferred
U0450,INT29,59,Declared
U0450,INT36,58,Declared
U0451,INT26,89,Engagement-inferred
U0451,INT44,89,Engagement-inferred
U0451,INT43,86,Engagement-inferred
U0451,INT28,74,Lookalike model
U0451,INT25,72,Lookalike model
U0451,INT50,71,Engagement-inferred
U0451,INT49,70,Engagement-inferred
U0451,INT27,69,Engagement-inferred
U0451,INT30,69,Engagement-inferred
U0451,INT29,68,Engagement-inferred
U0451,INT48,68,Engagement-inferred
U0451,INT07,67,Lookalike model
U0451,INT19,66,Engagement-inferred
U0451,INT14,64,Engagement-inferred
U0452,INT29,88,Engagement-inferred
U0452,INT26,86,Engagement-inferred
U0452,INT36,85,Lookalike model
U0452,INT27,83,Engagement-inferred
U0452,INT37,83,Declared
U0452,INT01,82,Lookalike model
U0452,INT10,81,Engagement-inferred
U0452,INT28,80,Lookalike model
U0452,INT32,80,Engagement-inferred
U0452,INT02,78,Lookalike model
U0452,INT06,73,Engagement-inferred
U0452,INT31,68,Engagement-inferred
U0452,INT20,67,Engagement-inferred
U0452,INT30,66,Engagement-inferred
U0453,INT44,86,Engagement-inferred
U0453,INT11,83,Lookalike model
U0453,INT43,82,Engagement-inferred
U0453,INT19,76,Lookalike model
U0453,INT49,76,Engagement-inferred
U0453,INT36,76,Engagement-inferred
U0453,INT20,74,Engagement-inferred
U0453,INT39,73,Engagement-inferred
U0453,INT37,73,Engagement-inferred
U0453,INT10,71,Engagement-inferred
U0453,INT48,71,Engagement-inferred
U0453,INT02,69,Declared
U0453,INT46,68,Declared
U0453,INT18,67,Engagement-inferred
U0454,INT24,94,Engagement-inferred
U0454,INT22,86,Declared
U0454,INT40,84,Engagement-inferred
U0454,INT07,81,Engagement-inferred
U0454,INT14,80,Declared
U0454,INT42,78,Declared
U0454,INT04,77,Engagement-inferred
U0454,INT15,74,Engagement-inferred
U0454,INT23,74,Engagement-inferred
U0454,INT11,71,Declared
U0454,INT08,69,Lookalike model
U0454,INT03,67,Lookalike model
U0454,INT47,66,Engagement-inferred
U0454,INT48,63,Lookalike model
U0455,INT03,98,Engagement-inferred
U0455,INT04,91,Declared
U0455,INT05,82,Engagement-inferred
U0455,INT11,79,Declared
U0455,INT33,73,Engagement-inferred
U0455,INT35,68,Engagement-inferred
U0455,INT34,66,Engagement-inferred
U0455,INT14,61,Engagement-inferred
U0455,INT49,49,Engagement-inferred
U0455,INT48,49,Lookalike model
U0455,INT22,48,Lookalike model
U0456,INT47,93,Engagement-inferred
U0456,INT19,87,Engagement-inferred
U0456,INT44,86,Lookalike model
U0456,INT21,72,Engagement-inferred
U0456,INT25,72,Engagement-inferred
U0456,INT38,71,Lookalike model
U0456,INT46,70,Engagement-inferred
U0456,INT23,70,Engagement-inferred
U0456,INT26,69,Engagement-inferred
U0456,INT22,68,Engagement-inferred
U0456,INT20,66,Engagement-inferred
U0456,INT28,63,Engagement-inferred
U0456,INT08,63,Engagement-inferred
U0456,INT43,63,Engagement-inferred
U0457,INT01,100,Engagement-inferred
U0457,INT33,96,Lookalike model
U0457,INT02,96,Declared
U0457,INT29,93,Lookalike model
U0457,INT35,92,Engagement-inferred
U0457,INT49,90,Engagement-inferred
U0457,INT06,90,Engagement-inferred
U0457,INT26,86,Engagement-inferred
U0457,INT34,86,Declared
U0457,INT27,85,Engagement-inferred
U0457,INT48,84,Engagement-inferred
U0457,INT36,80,Engagement-inferred
U0457,INT28,78,Engagement-inferred
U0457,INT11,78,Engagement-inferred
U0458,INT11,91,Engagement-inferred
U0458,INT03,91,Engagement-inferred
U0458,INT05,90,Engagement-inferred
U0458,INT40,90,Engagement-inferred
U0458,INT04,90,Engagement-inferred
U0458,INT42,88,Engagement-inferred
U0458,INT10,84,Engagement-inferred
U0458,INT41,79,Engagement-inferred
U0458,INT26,71,Lookalike model
U0458,INT14,69,Lookalike model
U0458,INT33,68,Lookalike model
U0458,INT34,65,Engagement-inferred
U0458,INT32,63,Engagement-inferred
U0458,INT47,61,Declared
U0459,INT33,87,Lookalike model
U0459,INT40,86,Lookalike model
U0459,INT24,80,Engagement-inferred
U0459,INT47,77,Engagement-inferred
U0459,INT22,76,Engagement-inferred
U0459,INT42,75,Lookalike model
U0459,INT34,74,Engagement-inferred
U0459,INT25,71,Engagement-inferred
U0459,INT23,64,Lookalike model
U0459,INT35,60,Engagement-inferred
U0459,INT10,60,Engagement-inferred
U0459,INT49,60,Engagement-inferred
U0459,INT41,59,Lookalike model
U0459,INT38,58,Lookalike model
U0460,INT36,100,Engagement-inferred
U0460,INT37,99,Engagement-inferred
U0460,INT07,89,Lookalike model
U0460,INT39,80,Engagement-inferred
U0460,INT43,79,Engagement-inferred
U0460,INT40,79,Declared
U0460,INT10,73,Declared
U0460,INT44,73,Lookalike model
U0460,INT11,73,Engagement-inferred
U0460,INT47,71,Engagement-inferred
U0460,INT22,69,Engagement-inferred
U0460,INT04,68,Lookalike model
U0460,INT08,67,Engagement-inferred
U0460,INT42,66,Declared
U0461,INT26,89,Engagement-inferred
U0461,INT28,87,Lookalike model
U0461,INT29,83,Engagement-inferred
U0461,INT03,76,Declared
U0461,INT23,75,Engagement-inferred
U0461,INT27,74,Declared
U0461,INT31,74,Engagement-inferred
U0461,INT10,73,Engagement-inferred
U0461,INT22,73,Engagement-inferred
U0461,INT32,70,Engagement-inferred
U0461,INT47,69,Declared
U0461,INT24,69,Engagement-inferred
U0461,INT04,68,Engagement-inferred
U0461,INT38,66,Engagement-inferred
U0462,INT44,84,Lookalike model
U0462,INT43,82,Engagement-inferred
U0462,INT10,76,Engagement-inferred
U0462,INT42,75,Engagement-inferred
U0462,INT07,74,Engagement-inferred
U0462,INT09,74,Lookalike model
U0462,INT40,72,Engagement-inferred
U0462,INT08,71,Engagement-inferred
U0462,INT17,68,Engagement-inferred
U0462,INT25,63,Engagement-inferred
U0462,INT41,61,Engagement-inferred
U0462,INT47,60,Engagement-inferred
U0462,INT03,59,Declared
U0462,INT39,59,Declared
U0463,INT18,80,Declared
U0463,INT03,76,Engagement-inferred
U0463,INT04,73,Declared
U0463,INT23,72,Engagement-inferred
U0463,INT44,72,Declared
U0463,INT24,71,Declared
U0463,INT22,69,Engagement-inferred
U0463,INT20,69,Engagement-inferred
U0463,INT43,68,Engagement-inferred
U0463,INT19,68,Engagement-inferred
U0463,INT32,65,Lookalike model
U0463,INT05,63,Declared
U0463,INT10,63,Engagement-inferred
U0463,INT26,61,Engagement-inferred
U0464,INT33,100,Engagement-inferred
U0464,INT07,100,Engagement-inferred
U0464,INT04,89,Engagement-inferred
U0464,INT03,89,Engagement-inferred
U0464,INT41,87,Engagement-inferred
U0464,INT48,85,Engagement-inferred
U0464,INT42,84,Declared
U0464,INT11,84,Lookalike model
U0464,INT40,83,Engagement-inferred
U0464,INT08,83,Engagement-inferred
U0464,INT34,81,Lookalike model
U0464,INT49,79,Declared
U0464,INT05,78,Lookalike model
U0464,INT26,75,Engagement-inferred
U0465,INT16,100,Engagement-inferred
U0465,INT17,95,Lookalike model
U0465,INT01,88,Lookalike model
U0465,INT12,84,Engagement-inferred
U0465,INT07,80,Lookalike model
U0465,INT06,75,Declared
U0465,INT03,74,Lookalike model
U0465,INT26,72,Engagement-inferred
U0465,INT04,70,Engagement-inferred
U0465,INT02,67,Engagement-inferred
U0465,INT32,67,Engagement-inferred
U0465,INT28,64,Engagement-inferred
U0465,INT05,61,Lookalike model
U0465,INT46,59,Engagement-inferred
U0466,INT33,89,Engagement-inferred
U0466,INT09,88,Declared
U0466,INT07,87,Lookalike model
U0466,INT40,84,Engagement-inferred
U0466,INT08,73,Lookalike model
U0466,INT41,73,Engagement-inferred
U0466,INT34,72,Engagement-inferred
U0466,INT42,71,Engagement-inferred
U0466,INT03,69,Engagement-inferred
U0466,INT01,67,Engagement-inferred
U0466,INT35,61,Engagement-inferred
U0466,INT02,56,Engagement-inferred
U0466,INT25,51,Lookalike model
U0466,INT04,50,Engagement-inferred
U0467,INT36,97,Engagement-inferred
U0467,INT37,84,Declared
U0467,INT18,78,Engagement-inferred
U0467,INT03,78,Engagement-inferred
U0467,INT25,77,Engagement-inferred
U0467,INT19,75,Declared
U0467,INT26,74,Engagement-inferred
U0467,INT30,71,Lookalike model
U0467,INT05,71,Engagement-inferred
U0467,INT29,70,Lookalike model
U0467,INT20,69,Engagement-inferred
U0467,INT39,68,Engagement-inferred
U0467,INT28,67,Engagement-inferred
U0467,INT07,66,Engagement-inferred
U0468,INT07,98,Engagement-inferred
U0468,INT28,95,Engagement-inferred
U0468,INT26,94,Engagement-inferred
U0468,INT20,88,Engagement-inferred
U0468,INT27,88,Lookalike model
U0468,INT47,84,Declared
U0468,INT19,82,Lookalike model
U0468,INT32,77,Engagement-inferred
U0468,INT08,75,Lookalike model
U0468,INT29,74,Engagement-inferred
U0468,INT18,73,Engagement-inferred
U0468,INT30,72,Engagement-inferred
U0468,INT21,71,Engagement-inferred
U0468,INT25,71,Engagement-inferred
U0469,INT26,100,Lookalike model
U0469,INT28,93,Lookalike model
U0469,INT27,88,Lookalike model
U0469,INT29,73,Engagement-inferred
U0469,INT40,70,Engagement-inferred
U0469,INT30,70,Engagement-inferred
U0469,INT32,65,Lookalike model
U0469,INT31,64,Engagement-inferred
U0469,INT04,62,Declared
U0469,INT03,59,Engagement-inferred
U0469,INT16,59,Declared
U0469,INT01,59,Engagement-inferred
U0469,INT38,58,Engagement-inferred
U0469,INT05,55,Engagement-inferred
U0470,INT01,88,Engagement-inferred
U0470,INT29,79,Engagement-inferred
U0470,INT05,76,Engagement-inferred
U0470,INT02,76,Engagement-inferred
U0470,INT03,73,Engagement-inferred
U0470,INT26,72,Declared
U0470,INT04,72,Engagement-inferred
U0470,INT19,72,Engagement-inferred
U0470,INT21,70,Engagement-inferred
U0470,INT32,69,Engagement-inferred
U0470,INT20,69,Lookalike model
U0470,INT43,69,Engagement-inferred
U0470,INT27,68,Declared
U0470,INT06,66,Engagement-inferred
U0471,INT11,87,Engagement-inferred
U0471,INT26,86,Engagement-inferred
U0471,INT44,85,Declared
U0471,INT43,76,Lookalike model
U0471,INT46,76,Lookalike model
U0471,INT03,73,Lookalike model
U0471,INT28,70,Engagement-inferred
U0471,INT27,70,Declared
U0471,INT32,69,Engagement-inferred
U0471,INT14,69,Engagement-inferred
U0471,INT35,66,Lookalike model
U0471,INT33,65,Engagement-inferred
U0471,INT31,65,Engagement-inferred
U0471,INT05,65,Engagement-inferred
U0472,INT38,94,Engagement-inferred
U0472,INT01,93,Engagement-inferred
U0472,INT44,92,Declared
U0472,INT43,83,Lookalike model
U0472,INT33,80,Engagement-inferred
U0472,INT02,78,Engagement-inferred
U0472,INT47,76,Engagement-inferred
U0472,INT46,64,Lookalike model
U0472,INT34,64,Engagement-inferred
U0472,INT20,64,Engagement-inferred
U0472,INT35,63,Declared
U0472,INT11,61,Engagement-inferred
U0472,INT19,61,Engagement-inferred
U0472,INT18,60,Engagement-inferred
U0473,INT26,97,Lookalike model
U0473,INT04,96,Engagement-inferred
U0473,INT03,88,Engagement-inferred
U0473,INT28,82,Lookalike model
U0473,INT32,81,Engagement-inferred
U0473,INT05,80,Engagement-inferred
U0473,INT19,75,Engagement-inferred
U0473,INT27,71,Engagement-inferred
U0473,INT18,68,Engagement-inferred
U0473,INT29,66,Declared
U0473,INT21,66,Declared
U0473,INT11,63,Engagement-inferred
U0473,INT20,63,Engagement-inferred
U0473,INT30,60,Lookalike model
U0474,INT33,93,Declared
U0474,INT47,78,Declared
U0474,INT38,74,Lookalike model
U0474,INT34,71,Engagement-inferred
U0474,INT35,69,Lookalike model
U0474,INT04,69,Engagement-inferred
U0474,INT03,69,Engagement-inferred
U0474,INT07,66,Lookalike model
U0474,INT37,64,Engagement-inferred
U0474,INT36,62,Declared
U0474,INT05,60,Lookalike model
U0474,INT14,58,Engagement-inferred
U0474,INT39,58,Declared
U0474,INT08,57,Lookalike model
U0475,INT07,90,Engagement-inferred
U0475,INT08,84,Engagement-inferred
U0475,INT27,82,Engagement-inferred
U0475,INT26,77,Engagement-inferred
U0475,INT36,77,Declared
U0475,INT37,76,Engagement-inferred
U0475,INT10,74,Engagement-inferred
U0475,INT03,71,Engagement-inferred
U0475,INT11,70,Engagement-inferred
U0475,INT09,69,Lookalike model
U0475,INT14,69,Declared
U0475,INT39,64,Engagement-inferred
U0475,INT30,64,Engagement-inferred
U0475,INT41,60,Engagement-inferred
U0476,INT26,96,Engagement-inferred
U0476,INT27,88,Declared
U0476,INT28,83,Engagement-inferred
U0476,INT49,79,Engagement-inferred
U0476,INT19,79,Lookalike model
U0476,INT11,77,Engagement-inferred
U0476,INT29,75,Engagement-inferred
U0476,INT04,75,Declared
U0476,INT03,74,Lookalike model
U0476,INT01,73,Engagement-inferred
U0476,INT38,71,Engagement-inferred
U0476,INT18,68,Engagement-inferred
U0476,INT14,67,Engagement-inferred
U0476,INT10,67,Engagement-inferred
U0477,INT33,100,Engagement-inferred
U0477,INT40,88,Declared
U0477,INT07,86,Declared
U0477,INT42,83,Declared
U0477,INT34,80,Engagement-inferred
U0477,INT35,78,Engagement-inferred
U0477,INT46,71,Engagement-inferred
U0477,INT49,70,Declared
U0477,INT50,68,Lookalike model
U0477,INT48,67,Declared
U0477,INT26,66,Lookalike model
U0477,INT47,64,Engagement-inferred
U0477,INT01,64,Engagement-inferred
U0477,INT09,63,Engagement-inferred
U0478,INT33,93,Engagement-inferred
U0478,INT01,80,Lookalike model
U0478,INT26,79,Lookalike model
U0478,INT34,78,Engagement-inferred
U0478,INT35,75,Declared
U0478,INT11,71,Engagement-inferred
U0478,INT02,69,Engagement-inferred
U0478,INT42,68,Engagement-inferred
U0478,INT06,66,Declared
U0478,INT32,64,Engagement-inferred
U0478,INT40,63,Engagement-inferred
U0478,INT44,60,Declared
U0478,INT27,59,Engagement-inferred
U0478,INT36,58,Engagement-inferred
U0479,INT33,100,Engagement-inferred
U0479,INT19,91,Engagement-inferred
U0479,INT34,87,Engagement-inferred
U0479,INT44,79,Engagement-inferred
U0479,INT35,78,Engagement-inferred
U0479,INT11,76,Lookalike model
U0479,INT22,72,Engagement-inferred
U0479,INT07,72,Engagement-inferred
U0479,INT20,71,Engagement-inferred
U0479,INT09,70,Engagement-inferred
U0479,INT43,68,Lookalike model
U0479,INT21,67,Engagement-inferred
U0479,INT08,67,Engagement-inferred
U0479,INT04,64,Engagement-inferred
U0480,INT29,89,Lookalike model
U0480,INT26,84,Lookalike model
U0480,INT33,83,Lookalike model
U0480,INT27,78,Lookalike model
U0480,INT11,73,Declared
U0480,INT30,70,Lookalike model
U0480,INT28,68,Engagement-inferred
U0480,INT07,68,Engagement-inferred
U0480,INT32,65,Engagement-inferred
U0480,INT34,64,Engagement-inferred
U0480,INT01,64,Engagement-inferred
U0480,INT36,64,Lookalike model
U0480,INT35,63,Engagement-inferred
U0480,INT37,63,Engagement-inferred
U0481,INT26,85,Declared
U0481,INT17,80,Engagement-inferred
U0481,INT42,75,Engagement-inferred
U0481,INT24,74,Engagement-inferred
U0481,INT32,74,Lookalike model
U0481,INT16,73,Engagement-inferred
U0481,INT10,73,Engagement-inferred
U0481,INT23,72,Engagement-inferred
U0481,INT40,71,Lookalike model
U0481,INT45,70,Lookalike model
U0481,INT27,69,Engagement-inferred
U0481,INT28,68,Engagement-inferred
U0481,INT30,67,Engagement-inferred
U0481,INT09,63,Declared
U0482,INT33,89,Engagement-inferred
U0482,INT49,82,Engagement-inferred
U0482,INT40,77,Declared
U0482,INT01,76,Engagement-inferred
U0482,INT48,75,Engagement-inferred
U0482,INT50,73,Lookalike model
U0482,INT34,70,Engagement-inferred
U0482,INT35,70,Engagement-inferred
U0482,INT07,70,Engagement-inferred
U0482,INT11,67,Engagement-inferred
U0482,INT18,66,Declared
U0482,INT06,65,Engagement-inferred
U0482,INT45,65,Engagement-inferred
U0482,INT42,64,Engagement-inferred
U0483,INT47,91,Lookalike model
U0483,INT22,89,Declared
U0483,INT24,89,Declared
U0483,INT44,88,Engagement-inferred
U0483,INT17,81,Engagement-inferred
U0483,INT01,80,Engagement-inferred
U0483,INT16,79,Engagement-inferred
U0483,INT10,79,Engagement-inferred
U0483,INT33,77,Engagement-inferred
U0483,INT15,75,Engagement-inferred
U0483,INT35,73,Engagement-inferred
U0483,INT25,72,Declared
U0483,INT23,72,Lookalike model
U0483,INT38,70,Engagement-inferred
U0484,INT33,98,Engagement-inferred
U0484,INT34,87,Lookalike model
U0484,INT35,87,Lookalike model
U0484,INT07,86,Lookalike model
U0484,INT08,70,Engagement-inferred
U0484,INT09,66,Engagement-inferred
U0484,INT10,64,Engagement-inferred
U0484,INT44,61,Lookalike model
U0484,INT45,61,Engagement-inferred
U0484,INT04,58,Lookalike model
U0484,INT01,57,Engagement-inferred
U0484,INT03,56,Engagement-inferred
U0484,INT22,55,Engagement-inferred
U0484,INT24,53,Engagement-inferred
U0485,INT16,96,Engagement-inferred
U0485,INT47,95,Engagement-inferred
U0485,INT38,85,Engagement-inferred
U0485,INT17,79,Declared
U0485,INT08,76,Declared
U0485,INT07,75,Declared
U0485,INT01,73,Engagement-inferred
U0485,INT11,72,Engagement-inferred
U0485,INT45,69,Declared
U0485,INT03,67,Declared
U0485,INT40,66,Lookalike model
U0485,INT14,66,Engagement-inferred
U0485,INT05,64,Lookalike model
U0485,INT12,64,Engagement-inferred
U0486,INT44,100,Engagement-inferred
U0486,INT46,92,Lookalike model
U0486,INT43,87,Engagement-inferred
U0486,INT01,80,Engagement-inferred
U0486,INT16,79,Lookalike model
U0486,INT17,74,Declared
U0486,INT12,73,Engagement-inferred
U0486,INT47,70,Declared
U0486,INT38,69,Engagement-inferred
U0486,INT11,67,Engagement-inferred
U0486,INT02,67,Declared
U0486,INT06,65,Engagement-inferred
U0486,INT36,63,Engagement-inferred
U0486,INT10,62,Engagement-inferred
U0487,INT11,100,Engagement-inferred
U0487,INT26,99,Lookalike model
U0487,INT07,91,Lookalike model
U0487,INT27,88,Lookalike model
U0487,INT31,86,Engagement-inferred
U0487,INT14,84,Engagement-inferred
U0487,INT43,83,Lookalike model
U0487,INT44,83,Declared
U0487,INT28,79,Engagement-inferred
U0487,INT08,75,Engagement-inferred
U0487,INT29,72,Lookalike model
U0487,INT19,72,Engagement-inferred
U0487,INT20,72,Engagement-inferred
U0487,INT33,72,Engagement-inferred
U0488,INT22,88,Engagement-inferred
U0488,INT33,84,Engagement-inferred
U0488,INT24,80,Declared
U0488,INT44,80,Declared
U0488,INT15,79,Engagement-inferred
U0488,INT23,79,Engagement-inferred
U0488,INT36,78,Engagement-inferred
U0488,INT34,77,Engagement-inferred
U0488,INT39,71,Engagement-inferred
U0488,INT35,71,Declared
U0488,INT26,70,Engagement-inferred
U0488,INT37,65,Lookalike model
U0488,INT08,63,Engagement-inferred
U0488,INT16,63,Engagement-inferred
U0489,INT23,93,Engagement-inferred
U0489,INT22,93,Engagement-inferred
U0489,INT07,84,Lookalike model
U0489,INT24,83,Lookalike model
U0489,INT09,78,Engagement-inferred
U0489,INT42,75,Lookalike model
U0489,INT41,74,Declared
U0489,INT15,71,Engagement-inferred
U0489,INT48,70,Declared
U0489,INT40,70,Engagement-inferred
U0489,INT08,69,Declared
U0489,INT13,68,Lookalike model
U0489,INT02,67,Engagement-inferred
U0489,INT50,65,Engagement-inferred
U0490,INT19,100,Engagement-inferred
U0490,INT26,94,Engagement-inferred
U0490,INT44,90,Lookalike model
U0490,INT18,90,Engagement-inferred
U0490,INT20,87,Engagement-inferred
U0490,INT28,85,Engagement-inferred
U0490,INT21,83,Declared
U0490,INT27,80,Declared
U0490,INT29,73,Lookalike model
U0490,INT45,72,Declared
U0490,INT43,72,Engagement-inferred
U0490,INT24,70,Declared
U0490,INT23,70,Engagement-inferred
U0490,INT01,68,Engagement-inferred
U0491,INT47,85,Engagement-inferred
U0491,INT33,82,Lookalike model
U0491,INT36,81,Engagement-inferred
U0491,INT04,75,Engagement-inferred
U0491,INT07,71,Engagement-inferred
U0491,INT37,71,Declared
U0491,INT01,70,Engagement-inferred
U0491,INT38,69,Engagement-inferred
U0491,INT46,68,Engagement-inferred
U0491,INT08,66,Declared
U0491,INT48,65,Engagement-inferred
U0491,INT40,63,Engagement-inferred
U0491,INT03,61,Engagement-inferred
U0491,INT09,61,Engagement-inferred
U0492,INT26,74,Engagement-inferred
U0492,INT21,74,Engagement-inferred
U0492,INT27,70,Engagement-inferred
U0492,INT30,70,Lookalike model
U0492,INT18,68,Engagement-inferred
U0492,INT20,65,Engagement-inferred
U0492,INT19,65,Engagement-inferred
U0492,INT23,64,Engagement-inferred
U0492,INT03,63,Engagement-inferred
U0492,INT28,62,Engagement-inferred
U0492,INT14,61,Engagement-inferred
U0492,INT25,60,Engagement-inferred
U0492,INT10,59,Engagement-inferred
U0492,INT04,59,Declared
U0493,INT49,86,Lookalike model
U0493,INT22,86,Declared
U0493,INT48,86,Engagement-inferred
U0493,INT11,82,Engagement-inferred
U0493,INT50,82,Engagement-inferred
U0493,INT14,80,Engagement-inferred
U0493,INT03,80,Lookalike model
U0493,INT42,73,Engagement-inferred
U0493,INT23,73,Engagement-inferred
U0493,INT04,73,Engagement-inferred
U0493,INT24,72,Declared
U0493,INT46,70,Engagement-inferred
U0493,INT33,69,Lookalike model
U0493,INT43,66,Lookalike model
U0494,INT16,98,Engagement-inferred
U0494,INT07,88,Engagement-inferred
U0494,INT08,88,Declared
U0494,INT17,87,Engagement-inferred
U0494,INT03,84,Engagement-inferred
U0494,INT23,82,Engagement-inferred
U0494,INT24,80,Engagement-inferred
U0494,INT22,79,Declared
U0494,INT04,78,Engagement-inferred
U0494,INT15,78,Engagement-inferred
U0494,INT25,68,Lookalike model
U0494,INT05,68,Engagement-inferred
U0494,INT09,65,Engagement-inferred
U0494,INT38,63,Engagement-inferred
U0495,INT07,90,Engagement-inferred
U0495,INT03,87,Lookalike model
U0495,INT42,78,Engagement-inferred
U0495,INT22,77,Engagement-inferred
U0495,INT26,77,Declared
U0495,INT05,76,Lookalike model
U0495,INT04,76,Engagement-inferred
U0495,INT44,76,Declared
U0495,INT09,72,Engagement-inferred
U0495,INT28,71,Engagement-inferred
U0495,INT43,70,Declared
U0495,INT08,70,Engagement-inferred
U0495,INT46,70,Lookalike model
U0495,INT40,69,Engagement-inferred
U0496,INT49,100,Declared
U0496,INT50,91,Engagement-inferred
U0496,INT47,91,Engagement-inferred
U0496,INT19,89,Engagement-inferred
U0496,INT38,84,Engagement-inferred
U0496,INT11,81,Engagement-inferred
U0496,INT48,81,Lookalike model
U0496,INT21,76,Engagement-inferred
U0496,INT40,76,Engagement-inferred
U0496,INT44,74,Engagement-inferred
U0496,INT18,73,Engagement-inferred
U0496,INT20,72,Lookalike model
U0496,INT42,71,Lookalike model
U0496,INT26,71,Engagement-inferred
U0497,INT19,90,Lookalike model
U0497,INT21,87,Engagement-inferred
U0497,INT16,78,Declared
U0497,INT46,76,Engagement-inferred
U0497,INT26,76,Declared
U0497,INT18,76,Engagement-inferred
U0497,INT01,72,Engagement-inferred
U0497,INT24,70,Engagement-inferred
U0497,INT20,67,Engagement-inferred
U0497,INT27,67,Declared
U0497,INT29,66,Engagement-inferred
U0497,INT14,64,Engagement-inferred
U0497,INT06,63,Engagement-inferred
U0497,INT22,61,Engagement-inferred
U0498,INT26,97,Engagement-inferred
U0498,INT33,93,Engagement-inferred
U0498,INT03,81,Lookalike model
U0498,INT32,78,Engagement-inferred
U0498,INT30,75,Engagement-inferred
U0498,INT16,74,Engagement-inferred
U0498,INT25,74,Engagement-inferred
U0498,INT29,73,Engagement-inferred
U0498,INT34,72,Lookalike model
U0498,INT27,70,Engagement-inferred
U0498,INT40,70,Engagement-inferred
U0498,INT28,69,Engagement-inferred
U0498,INT04,69,Engagement-inferred
U0498,INT17,66,Engagement-inferred
U0499,INT40,98,Engagement-inferred
U0499,INT42,95,Engagement-inferred
U0499,INT04,91,Engagement-inferred
U0499,INT03,81,Engagement-inferred
U0499,INT41,81,Lookalike model
U0499,INT20,80,Engagement-inferred
U0499,INT21,74,Engagement-inferred
U0499,INT05,73,Engagement-inferred
U0499,INT19,72,Declared
U0499,INT01,72,Engagement-inferred
U0499,INT16,64,Declared
U0499,INT45,60,Engagement-inferred
U0499,INT06,58,Declared
U0499,INT02,57,Engagement-inferred
U0500,INT11,98,Declared
U0500,INT22,92,Engagement-inferred
U0500,INT07,84,Lookalike model
U0500,INT08,80,Engagement-inferred
U0500,INT16,79,Declared
U0500,INT23,78,Engagement-inferred
U0500,INT17,78,Lookalike model
U0500,INT26,75,Engagement-inferred
U0500,INT14,74,Declared
U0500,INT33,74,Declared
U0500,INT24,74,Lookalike model
U0500,INT03,73,Declared
U0500,INT44,71,Lookalike model
U0500,INT12,70,Engagement-inferred
U0501,INT46,97,Declared
U0501,INT26,84,Engagement-inferred
U0501,INT10,77,Engagement-inferred
U0501,INT16,76,Engagement-inferred
U0501,INT03,73,Engagement-inferred
U0501,INT44,72,Engagement-inferred
U0501,INT32,71,Engagement-inferred
U0501,INT17,70,Engagement-inferred
U0501,INT28,67,Engagement-inferred
U0501,INT12,67,Lookalike model
U0501,INT27,66,Declared
U0501,INT04,66,Declared
U0501,INT05,65,Engagement-inferred
U0501,INT30,64,Engagement-inferred
U0502,INT44,94,Lookalike model
U0502,INT26,82,Engagement-inferred
U0502,INT11,82,Engagement-inferred
U0502,INT36,80,Engagement-inferred
U0502,INT10,80,Lookalike model
U0502,INT14,78,Engagement-inferred
U0502,INT29,78,Engagement-inferred
U0502,INT31,74,Engagement-inferred
U0502,INT07,73,Lookalike model
U0502,INT27,73,Engagement-inferred
U0502,INT28,73,Declared
U0502,INT43,72,Engagement-inferred
U0502,INT33,72,Engagement-inferred
U0502,INT35,65,Engagement-inferred
U0503,INT16,84,Declared
U0503,INT10,76,Engagement-inferred
U0503,INT25,73,Lookalike model
U0503,INT17,67,Lookalike model
U0503,INT14,62,Engagement-inferred
U0503,INT36,58,Engagement-inferred
U0503,INT12,58,Engagement-inferred
U0503,INT49,55,Lookalike model
U0503,INT27,55,Engagement-inferred
U0503,INT41,54,Engagement-inferred
U0503,INT11,53,Lookalike model
U0503,INT37,50,Declared
U0503,INT40,50,Engagement-inferred
U0503,INT42,50,Engagement-inferred
U0504,INT22,93,Engagement-inferred
U0504,INT26,87,Engagement-inferred
U0504,INT47,86,Declared
U0504,INT24,85,Declared
U0504,INT44,80,Engagement-inferred
U0504,INT30,78,Engagement-inferred
U0504,INT17,77,Engagement-inferred
U0504,INT27,77,Engagement-inferred
U0504,INT23,74,Lookalike model
U0504,INT14,72,Engagement-inferred
U0504,INT16,72,Engagement-inferred
U0504,INT29,72,Engagement-inferred
U0504,INT38,71,Engagement-inferred
U0504,INT11,69,Engagement-inferred
U0505,INT16,92,Declared
U0505,INT17,86,Engagement-inferred
U0505,INT41,85,Declared
U0505,INT22,82,Engagement-inferred
U0505,INT40,81,Lookalike model
U0505,INT42,79,Lookalike model
U0505,INT49,78,Lookalike model
U0505,INT50,76,Engagement-inferred
U0505,INT44,73,Engagement-inferred
U0505,INT26,73,Engagement-inferred
U0505,INT12,72,Engagement-inferred
U0505,INT11,68,Engagement-inferred
U0505,INT47,66,Engagement-inferred
U0505,INT48,66,Engagement-inferred
U0506,INT03,79,Declared
U0506,INT04,76,Declared
U0506,INT47,65,Engagement-inferred
U0506,INT10,58,Declared
U0506,INT05,57,Engagement-inferred
U0506,INT19,54,Engagement-inferred
U0506,INT11,53,Engagement-inferred
U0506,INT33,52,Engagement-inferred
U0506,INT02,48,Engagement-inferred
U0506,INT45,47,Engagement-inferred
U0506,INT16,46,Engagement-inferred
U0506,INT38,46,Engagement-inferred
U0506,INT01,45,Declared
U0506,INT14,42,Engagement-inferred
U0507,INT33,81,Lookalike model
U0507,INT11,81,Engagement-inferred
U0507,INT48,75,Lookalike model
U0507,INT49,70,Engagement-inferred
U0507,INT14,68,Engagement-inferred
U0507,INT34,65,Engagement-inferred
U0507,INT45,64,Lookalike model
U0507,INT50,63,Lookalike model
U0507,INT25,62,Engagement-inferred
U0507,INT23,60,Engagement-inferred
U0507,INT01,58,Lookalike model
U0507,INT44,57,Engagement-inferred
U0507,INT22,55,Lookalike model
U0507,INT20,54,Engagement-inferred
U0508,INT33,90,Engagement-inferred
U0508,INT10,89,Engagement-inferred
U0508,INT44,85,Engagement-inferred
U0508,INT24,81,Engagement-inferred
U0508,INT34,79,Engagement-inferred
U0508,INT19,75,Engagement-inferred
U0508,INT16,73,Declared
U0508,INT18,71,Engagement-inferred
U0508,INT15,68,Engagement-inferred
U0508,INT43,67,Engagement-inferred
U0508,INT22,66,Engagement-inferred
U0508,INT35,66,Engagement-inferred
U0508,INT20,64,Engagement-inferred
U0508,INT46,64,Engagement-inferred
U0509,INT01,92,Engagement-inferred
U0509,INT07,85,Engagement-inferred
U0509,INT08,83,Engagement-inferred
U0509,INT23,82,Engagement-inferred
U0509,INT24,81,Declared
U0509,INT19,75,Engagement-inferred
U0509,INT22,74,Engagement-inferred
U0509,INT26,73,Engagement-inferred
U0509,INT20,72,Engagement-inferred
U0509,INT47,70,Engagement-inferred
U0509,INT18,69,Declared
U0509,INT02,69,Lookalike model
U0509,INT33,69,Lookalike model
U0509,INT21,67,Engagement-inferred
U0510,INT01,100,Engagement-inferred
U0510,INT02,88,Engagement-inferred
U0510,INT36,85,Engagement-inferred
U0510,INT06,79,Declared
U0510,INT03,74,Lookalike model
U0510,INT39,73,Engagement-inferred
U0510,INT40,72,Declared
U0510,INT04,71,Engagement-inferred
U0510,INT37,69,Lookalike model
U0510,INT11,68,Declared
U0510,INT25,67,Engagement-inferred
U0510,INT41,65,Engagement-inferred
U0510,INT14,65,Engagement-inferred
U0510,INT16,64,Engagement-inferred
U0511,INT04,94,Lookalike model
U0511,INT03,91,Engagement-inferred
U0511,INT33,85,Engagement-inferred
U0511,INT05,83,Engagement-inferred
U0511,INT40,81,Engagement-inferred
U0511,INT01,80,Engagement-inferred
U0511,INT46,77,Engagement-inferred
U0511,INT34,76,Declared
U0511,INT35,75,Engagement-inferred
U0511,INT42,73,Declared
U0511,INT22,72,Lookalike model
U0511,INT06,70,Engagement-inferred
U0511,INT02,69,Engagement-inferred
U0511,INT16,68,Engagement-inferred
U0512,INT22,92,Lookalike model
U0512,INT26,88,Engagement-inferred
U0512,INT40,87,Engagement-inferred
U0512,INT43,86,Engagement-inferred
U0512,INT27,81,Engagement-inferred
U0512,INT24,81,Declared
U0512,INT23,78,Engagement-inferred
U0512,INT32,78,Engagement-inferred
U0512,INT11,78,Engagement-inferred
U0512,INT29,77,Engagement-inferred
U0512,INT44,76,Declared
U0512,INT30,75,Declared
U0512,INT25,74,Declared
U0512,INT10,74,Engagement-inferred
U0513,INT44,95,Engagement-inferred
U0513,INT04,89,Lookalike model
U0513,INT43,83,Lookalike model
U0513,INT03,80,Lookalike model
U0513,INT05,77,Lookalike model
U0513,INT10,76,Engagement-inferred
U0513,INT16,75,Engagement-inferred
U0513,INT07,75,Engagement-inferred
U0513,INT12,72,Engagement-inferred
U0513,INT08,68,Engagement-inferred
U0513,INT09,67,Engagement-inferred
U0513,INT33,66,Engagement-inferred
U0513,INT34,65,Engagement-inferred
U0513,INT11,64,Engagement-inferred
U0514,INT33,100,Engagement-inferred
U0514,INT34,86,Engagement-inferred
U0514,INT23,81,Declared
U0514,INT35,77,Engagement-inferred
U0514,INT01,73,Lookalike model
U0514,INT22,67,Engagement-inferred
U0514,INT06,67,Engagement-inferred
U0514,INT24,66,Engagement-inferred
U0514,INT11,65,Lookalike model
U0514,INT10,64,Engagement-inferred
U0514,INT15,64,Lookalike model
U0514,INT38,62,Engagement-inferred
U0514,INT14,61,Declared
U0514,INT43,61,Engagement-inferred
U0515,INT26,100,Declared
U0515,INT11,85,Engagement-inferred
U0515,INT02,84,Engagement-inferred
U0515,INT01,83,Engagement-inferred
U0515,INT16,81,Lookalike model
U0515,INT30,80,Engagement-inferred
U0515,INT29,78,Engagement-inferred
U0515,INT27,78,Engagement-inferred
U0515,INT32,74,Engagement-inferred
U0515,INT31,74,Engagement-inferred
U0515,INT07,71,Lookalike model
U0515,INT28,70,Declared
U0515,INT17,70,Engagement-inferred
U0515,INT14,68,Engagement-inferred
U0516,INT40,81,Engagement-inferred
U0516,INT16,75,Lookalike model
U0516,INT44,74,Declared
U0516,INT18,73,Lookalike model
U0516,INT19,72,Lookalike model
U0516,INT42,71,Engagement-inferred
U0516,INT38,71,Engagement-inferred
U0516,INT41,71,Engagement-inferred
U0516,INT46,67,Engagement-inferred
U0516,INT20,63,Engagement-inferred
U0516,INT17,62,Declared
U0516,INT33,60,Engagement-inferred
U0516,INT45,59,Engagement-inferred
U0516,INT47,57,Declared
U0517,INT16,88,Engagement-inferred
U0517,INT14,86,Engagement-inferred
U0517,INT11,85,Engagement-inferred
U0517,INT44,83,Engagement-inferred
U0517,INT33,80,Lookalike model
U0517,INT43,74,Declared
U0517,INT46,68,Engagement-inferred
U0517,INT10,65,Engagement-inferred
U0517,INT17,61,Engagement-inferred
U0517,INT34,59,Engagement-inferred
U0517,INT18,58,Engagement-inferred
U0517,INT04,57,Lookalike model
U0517,INT35,56,Lookalike model
U0517,INT20,55,Engagement-inferred
U0518,INT44,84,Declared
U0518,INT10,81,Engagement-inferred
U0518,INT04,80,Engagement-inferred
U0518,INT14,78,Engagement-inferred
U0518,INT11,78,Lookalike model
U0518,INT22,76,Engagement-inferred
U0518,INT05,73,Engagement-inferred
U0518,INT03,72,Engagement-inferred
U0518,INT43,72,Engagement-inferred
U0518,INT24,70,Declared
U0518,INT07,69,Engagement-inferred
U0518,INT23,67,Lookalike model
U0518,INT42,66,Engagement-inferred
U0518,INT08,63,Engagement-inferred
U0519,INT44,86,Engagement-inferred
U0519,INT40,83,Engagement-inferred
U0519,INT03,79,Engagement-inferred
U0519,INT07,79,Lookalike model
U0519,INT26,78,Engagement-inferred
U0519,INT42,77,Engagement-inferred
U0519,INT08,77,Declared
U0519,INT43,73,Lookalike model
U0519,INT18,68,Declared
U0519,INT48,67,Declared
U0519,INT21,65,Lookalike model
U0519,INT27,65,Engagement-inferred
U0519,INT34,65,Declared
U0519,INT50,65,Declared
U0520,INT44,85,Engagement-inferred
U0520,INT26,82,Engagement-inferred
U0520,INT07,81,Engagement-inferred
U0520,INT27,81,Engagement-inferred
U0520,INT01,78,Engagement-inferred
U0520,INT47,75,Declared
U0520,INT14,74,Engagement-inferred
U0520,INT08,74,Engagement-inferred
U0520,INT10,71,Declared
U0520,INT43,68,Engagement-inferred
U0520,INT02,67,Lookalike model
U0520,INT38,65,Engagement-inferred
U0520,INT29,65,Engagement-inferred
U0520,INT25,64,Engagement-inferred
U0521,INT01,99,Declared
U0521,INT02,96,Engagement-inferred
U0521,INT44,94,Declared
U0521,INT11,84,Engagement-inferred
U0521,INT26,82,Engagement-inferred
U0521,INT19,82,Engagement-inferred
U0521,INT03,80,Lookalike model
U0521,INT10,78,Engagement-inferred
U0521,INT47,76,Declared
U0521,INT43,75,Engagement-inferred
U0521,INT06,75,Engagement-inferred
U0521,INT28,75,Declared
U0521,INT04,74,Lookalike model
U0521,INT29,73,Engagement-inferred
U0522,INT48,98,Declared
U0522,INT49,94,Declared
U0522,INT07,86,Engagement-inferred
U0522,INT40,85,Engagement-inferred
U0522,INT42,77,Engagement-inferred
U0522,INT50,76,Lookalike model
U0522,INT22,74,Engagement-inferred
U0522,INT47,72,Engagement-inferred
U0522,INT25,70,Declared
U0522,INT24,69,Declared
U0522,INT08,68,Engagement-inferred
U0522,INT41,67,Engagement-inferred
U0522,INT15,67,Lookalike model
U0522,INT38,66,Engagement-inferred
U0523,INT16,100,Engagement-inferred
U0523,INT36,99,Engagement-inferred
U0523,INT17,81,Engagement-inferred
U0523,INT07,81,Engagement-inferred
U0523,INT37,80,Engagement-inferred
U0523,INT08,73,Declared
U0523,INT12,71,Engagement-inferred
U0523,INT39,67,Declared
U0523,INT09,62,Engagement-inferred
U0523,INT06,59,Declared
U0523,INT26,59,Engagement-inferred
U0523,INT02,58,Engagement-inferred
U0523,INT28,57,Engagement-inferred
U0523,INT30,53,Lookalike model
U0524,INT26,100,Engagement-inferred
U0524,INT11,94,Declared
U0524,INT28,87,Engagement-inferred
U0524,INT27,84,Lookalike model
U0524,INT38,83,Lookalike model
U0524,INT14,80,Lookalike model
U0524,INT47,75,Declared
U0524,INT45,73,Lookalike model
U0524,INT32,71,Engagement-inferred
U0524,INT29,71,Engagement-inferred
U0524,INT05,70,Engagement-inferred
U0524,INT30,70,Engagement-inferred
U0524,INT31,68,Engagement-inferred
U0524,INT40,64,Engagement-inferred
U0525,INT07,100,Engagement-inferred
U0525,INT08,91,Engagement-inferred
U0525,INT36,91,Lookalike model
U0525,INT09,88,Engagement-inferred
U0525,INT03,87,Engagement-inferred
U0525,INT04,84,Engagement-inferred
U0525,INT01,84,Declared
U0525,INT11,79,Declared
U0525,INT37,78,Declared
U0525,INT06,78,Engagement-inferred
U0525,INT16,78,Engagement-inferred
U0525,INT10,73,Engagement-inferred
U0525,INT02,72,Declared
U0525,INT14,70,Engagement-inferred
U0526,INT11,93,Engagement-inferred
U0526,INT40,89,Engagement-inferred
U0526,INT26,81,Engagement-inferred
U0526,INT33,79,Declared
U0526,INT30,77,Engagement-inferred
U0526,INT27,76,Lookalike model
U0526,INT32,75,Engagement-inferred
U0526,INT42,74,Engagement-inferred
U0526,INT22,74,Lookalike model
U0526,INT28,74,Declared
U0526,INT34,74,Engagement-inferred
U0526,INT35,73,Engagement-inferred
U0526,INT25,72,Lookalike model
U0526,INT41,72,Declared
U0527,INT47,100,Engagement-inferred
U0527,INT38,100,Lookalike model
U0527,INT26,94,Lookalike model
U0527,INT33,89,Engagement-inferred
U0527,INT10,83,Engagement-inferred
U0527,INT44,83,Engagement-inferred
U0527,INT29,76,Engagement-inferred
U0527,INT32,75,Declared
U0527,INT35,74,Engagement-inferred
U0527,INT28,72,Lookalike model
U0527,INT25,70,Engagement-inferred
U0527,INT34,70,Engagement-inferred
U0527,INT43,69,Lookalike model
U0527,INT22,68,Engagement-inferred
U0528,INT28,94,Engagement-inferred
U0528,INT48,92,Lookalike model
U0528,INT40,91,Engagement-inferred
U0528,INT26,89,Lookalike model
U0528,INT49,85,Engagement-inferred
U0528,INT11,84,Engagement-inferred
U0528,INT27,81,Engagement-inferred
U0528,INT32,80,Engagement-inferred
U0528,INT42,79,Engagement-inferred
U0528,INT50,77,Engagement-inferred
U0528,INT07,77,Declared
U0528,INT41,75,Declared
U0528,INT29,74,Declared
U0528,INT30,73,Engagement-inferred
U0529,INT26,100,Engagement-inferred
U0529,INT27,99,Engagement-inferred
U0529,INT28,92,Engagement-inferred
U0529,INT31,91,Engagement-inferred
U0529,INT01,90,Engagement-inferred
U0529,INT14,87,Declared
U0529,INT32,86,Engagement-inferred
U0529,INT30,85,Engagement-inferred
U0529,INT11,85,Engagement-inferred
U0529,INT29,79,Lookalike model
U0529,INT21,78,Lookalike model
U0529,INT18,72,Declared
U0529,INT06,72,Engagement-inferred
U0529,INT19,72,Declared
U0530,INT34,90,Lookalike model
U0530,INT16,89,Declared
U0530,INT07,87,Lookalike model
U0530,INT05,85,Engagement-inferred
U0530,INT33,84,Engagement-inferred
U0530,INT03,77,Declared
U0530,INT04,77,Declared
U0530,INT08,73,Declared
U0530,INT35,70,Engagement-inferred
U0530,INT27,66,Engagement-inferred
U0530,INT09,66,Lookalike model
U0530,INT37,66,Engagement-inferred
U0530,INT36,65,Engagement-inferred
U0530,INT46,64,Engagement-inferred
U0531,INT10,96,Engagement-inferred
U0531,INT08,88,Engagement-inferred
U0531,INT47,87,Engagement-inferred
U0531,INT07,83,Engagement-inferred
U0531,INT38,67,Engagement-inferred
U0531,INT40,64,Lookalike model
U0531,INT44,63,Engagement-inferred
U0531,INT01,63,Engagement-inferred
U0531,INT26,62,Lookalike model
U0531,INT06,61,Engagement-inferred
U0531,INT09,60,Engagement-inferred
U0531,INT02,60,Engagement-inferred
U0531,INT42,56,Lookalike model
U0531,INT30,55,Engagement-inferred
U0532,INT36,85,Lookalike model
U0532,INT38,84,Engagement-inferred
U0532,INT37,83,Engagement-inferred
U0532,INT49,82,Lookalike model
U0532,INT14,81,Declared
U0532,INT39,81,Lookalike model
U0532,INT47,77,Engagement-inferred
U0532,INT11,75,Engagement-inferred
U0532,INT50,70,Engagement-inferred
U0532,INT48,67,Engagement-inferred
U0532,INT24,65,Engagement-inferred
U0532,INT23,59,Engagement-inferred
U0532,INT22,57,Engagement-inferred
U0532,INT10,54,Engagement-inferred
U0533,INT46,82,Engagement-inferred
U0533,INT41,80,Engagement-inferred
U0533,INT25,76,Declared
U0533,INT42,75,Lookalike model
U0533,INT47,75,Engagement-inferred
U0533,INT24,74,Engagement-inferred
U0533,INT44,73,Engagement-inferred
U0533,INT33,72,Engagement-inferred
U0533,INT40,71,Engagement-inferred
U0533,INT38,64,Engagement-inferred
U0533,INT23,64,Lookalike model
U0533,INT22,64,Declared
U0533,INT43,60,Engagement-inferred
U0533,INT05,51,Engagement-inferred
U0534,INT24,81,Engagement-inferred
U0534,INT22,76,Lookalike model
U0534,INT23,72,Engagement-inferred
U0534,INT38,72,Lookalike model
U0534,INT18,72,Engagement-inferred
U0534,INT21,68,Engagement-inferred
U0534,INT19,66,Engagement-inferred
U0534,INT47,62,Engagement-inferred
U0534,INT20,61,Engagement-inferred
U0534,INT33,59,Engagement-inferred
U0534,INT25,57,Engagement-inferred
U0534,INT44,57,Engagement-inferred
U0534,INT15,53,Engagement-inferred
U0534,INT49,52,Lookalike model
U0535,INT26,90,Lookalike model
U0535,INT29,81,Engagement-inferred
U0535,INT27,80,Engagement-inferred
U0535,INT07,78,Declared
U0535,INT30,77,Lookalike model
U0535,INT43,75,Declared
U0535,INT46,75,Engagement-inferred
U0535,INT44,74,Lookalike model
U0535,INT08,74,Lookalike model
U0535,INT32,73,Engagement-inferred
U0535,INT28,72,Engagement-inferred
U0535,INT11,69,Engagement-inferred
U0535,INT03,67,Engagement-inferred
U0535,INT04,67,Engagement-inferred
U0536,INT44,94,Engagement-inferred
U0536,INT16,88,Engagement-inferred
U0536,INT38,81,Engagement-inferred
U0536,INT47,79,Engagement-inferred
U0536,INT49,78,Lookalike model
U0536,INT17,74,Engagement-inferred
U0536,INT43,73,Engagement-inferred
U0536,INT33,73,Engagement-inferred
U0536,INT40,69,Engagement-inferred
U0536,INT12,62,Engagement-inferred
U0536,INT46,60,Engagement-inferred
U0536,INT39,60,Engagement-inferred
U0536,INT22,60,Engagement-inferred
U0536,INT42,59,Engagement-inferred
U0537,INT01,92,Declared
U0537,INT33,88,Lookalike model
U0537,INT24,86,Engagement-inferred
U0537,INT04,81,Engagement-inferred
U0537,INT23,80,Declared
U0537,INT22,79,Declared
U0537,INT26,77,Engagement-inferred
U0537,INT35,72,Engagement-inferred
U0537,INT31,72,Engagement-inferred
U0537,INT44,71,Declared
U0537,INT03,70,Lookalike model
U0537,INT34,70,Engagement-inferred
U0537,INT18,69,Engagement-inferred
U0537,INT29,69,Engagement-inferred
U0538,INT33,100,Engagement-inferred
U0538,INT26,85,Engagement-inferred
U0538,INT29,80,Engagement-inferred
U0538,INT25,79,Engagement-inferred
U0538,INT11,77,Declared
U0538,INT07,76,Engagement-inferred
U0538,INT28,71,Declared
U0538,INT27,70,Engagement-inferred
U0538,INT30,69,Engagement-inferred
U0538,INT01,67,Engagement-inferred
U0538,INT42,66,Lookalike model
U0538,INT31,64,Engagement-inferred
U0538,INT34,63,Engagement-inferred
U0538,INT40,63,Engagement-inferred
U0539,INT47,80,Engagement-inferred
U0539,INT17,80,Engagement-inferred
U0539,INT41,74,Engagement-inferred
U0539,INT38,73,Engagement-inferred
U0539,INT16,69,Lookalike model
U0539,INT40,66,Engagement-inferred
U0539,INT42,65,Lookalike model
U0539,INT20,62,Engagement-inferred
U0539,INT14,60,Engagement-inferred
U0539,INT13,60,Engagement-inferred
U0539,INT19,57,Engagement-inferred
U0539,INT24,55,Engagement-inferred
U0539,INT12,52,Declared
U0539,INT21,52,Declared
U0540,INT27,100,Lookalike model
U0540,INT07,100,Engagement-inferred
U0540,INT26,96,Lookalike model
U0540,INT40,92,Engagement-inferred
U0540,INT29,91,Engagement-inferred
U0540,INT09,91,Lookalike model
U0540,INT08,90,Engagement-inferred
U0540,INT22,87,Engagement-inferred
U0540,INT30,86,Declared
U0540,INT28,84,Lookalike model
U0540,INT32,81,Lookalike model
U0540,INT11,80,Engagement-inferred
U0540,INT31,73,Lookalike model
U0540,INT42,72,Engagement-inferred
U0541,INT21,73,Engagement-inferred
U0541,INT37,68,Lookalike model
U0541,INT20,66,Engagement-inferred
U0541,INT19,66,Declared
U0541,INT36,60,Engagement-inferred
U0541,INT03,60,Lookalike model
U0541,INT06,58,Engagement-inferred
U0541,INT18,58,Engagement-inferred
U0541,INT04,58,Engagement-inferred
U0541,INT48,56,Lookalike model
U0541,INT01,55,Engagement-inferred
U0541,INT33,52,Engagement-inferred
U0541,INT49,48,Declared
U0541,INT05,47,Engagement-inferred
U0542,INT26,96,Declared
U0542,INT22,94,Engagement-inferred
U0542,INT32,81,Engagement-inferred
U0542,INT27,80,Declared
U0542,INT24,80,Declared
U0542,INT01,80,Engagement-inferred
U0542,INT30,80,Declared
U0542,INT40,79,Engagement-inferred
U0542,INT23,77,Engagement-inferred
U0542,INT36,77,Declared
U0542,INT28,74,Engagement-inferred
U0542,INT06,74,Engagement-inferred
U0542,INT29,74,Engagement-inferred
U0542,INT11,74,Declared
U0543,INT03,95,Lookalike model
U0543,INT01,85,Declared
U0543,INT04,83,Lookalike model
U0543,INT05,77,Declared
U0543,INT06,76,Engagement-inferred
U0543,INT02,73,Engagement-inferred
U0543,INT11,70,Engagement-inferred
U0543,INT07,70,Engagement-inferred
U0543,INT50,69,Declared
U0543,INT47,69,Engagement-inferred
U0543,INT42,66,Engagement-inferred
U0543,INT09,66,Engagement-inferred
U0543,INT16,64,Engagement-inferred
U0543,INT08,64,Engagement-inferred
U0544,INT03,90,Engagement-inferred
U0544,INT36,88,Declared
U0544,INT48,88,Declared
U0544,INT02,84,Engagement-inferred
U0544,INT37,84,Lookalike model
U0544,INT01,83,Lookalike model
U0544,INT49,77,Engagement-inferred
U0544,INT04,77,Engagement-inferred
U0544,INT50,75,Lookalike model
U0544,INT14,70,Lookalike model
U0544,INT05,67,Lookalike model
U0544,INT26,66,Declared
U0544,INT06,66,Engagement-inferred
U0544,INT28,65,Engagement-inferred
U0545,INT07,84,Engagement-inferred
U0545,INT14,77,Lookalike model
U0545,INT47,73,Declared
U0545,INT08,73,Lookalike model
U0545,INT11,70,Lookalike model
U0545,INT25,67,Declared
U0545,INT38,67,Engagement-inferred
U0545,INT16,65,Declared
U0545,INT09,59,Engagement-inferred
U0545,INT17,57,Engagement-inferred
U0545,INT40,54,Engagement-inferred
U0545,INT33,53,Declared
U0545,INT24,49,Declared
U0545,INT50,49,Engagement-inferred
U0546,INT01,95,Engagement-inferred
U0546,INT33,86,Engagement-inferred
U0546,INT47,84,Engagement-inferred
U0546,INT38,79,Engagement-inferred
U0546,INT02,78,Engagement-inferred
U0546,INT19,77,Declared
U0546,INT18,75,Engagement-inferred
U0546,INT21,74,Engagement-inferred
U0546,INT20,70,Engagement-inferred
U0546,INT34,69,Engagement-inferred
U0546,INT06,69,Lookalike model
U0546,INT35,68,Engagement-inferred
U0546,INT44,60,Lookalike model
U0546,INT13,59,Engagement-inferred
U0547,INT40,88,Engagement-inferred
U0547,INT33,81,Engagement-inferred
U0547,INT42,76,Engagement-inferred
U0547,INT34,76,Declared
U0547,INT35,75,Engagement-inferred
U0547,INT11,75,Engagement-inferred
U0547,INT23,72,Engagement-inferred
U0547,INT41,71,Lookalike model
U0547,INT22,70,Engagement-inferred
U0547,INT14,69,Engagement-inferred
U0547,INT26,69,Declared
U0547,INT07,69,Declared
U0547,INT32,64,Declared
U0547,INT04,63,Declared
U0548,INT26,88,Lookalike model
U0548,INT33,77,Engagement-inferred
U0548,INT30,71,Declared
U0548,INT01,70,Engagement-inferred
U0548,INT42,69,Lookalike model
U0548,INT27,69,Engagement-inferred
U0548,INT32,66,Engagement-inferred
U0548,INT40,65,Engagement-inferred
U0548,INT02,65,Lookalike model
U0548,INT37,61,Engagement-inferred
U0548,INT34,60,Engagement-inferred
U0548,INT38,59,Engagement-inferred
U0548,INT06,59,Engagement-inferred
U0548,INT47,59,Lookalike model
U0549,INT11,90,Engagement-inferred
U0549,INT14,87,Declared
U0549,INT44,85,Lookalike model
U0549,INT26,78,Engagement-inferred
U0549,INT43,70,Declared
U0549,INT20,69,Engagement-inferred
U0549,INT49,68,Engagement-inferred
U0549,INT47,68,Declared
U0549,INT01,67,Lookalike model
U0549,INT21,67,Engagement-inferred
U0549,INT19,63,Engagement-inferred
U0549,INT27,61,Engagement-inferred
U0549,INT02,61,Declared
U0549,INT18,60,Declared
U0550,INT01,100,Lookalike model
U0550,INT07,100,Engagement-inferred
U0550,INT38,93,Engagement-inferred
U0550,INT44,92,Engagement-inferred
U0550,INT19,90,Engagement-inferred
U0550,INT33,84,Engagement-inferred
U0550,INT06,84,Engagement-inferred
U0550,INT21,84,Engagement-inferred
U0550,INT02,84,Declared
U0550,INT18,82,Engagement-inferred
U0550,INT40,80,Engagement-inferred
U0550,INT08,78,Engagement-inferred
U0550,INT47,78,Engagement-inferred
U0550,INT09,76,Engagement-inferred
U0551,INT44,100,Engagement-inferred
U0551,INT03,86,Engagement-inferred
U0551,INT43,81,Engagement-inferred
U0551,INT26,77,Lookalike model
U0551,INT05,73,Engagement-inferred
U0551,INT28,72,Engagement-inferred
U0551,INT04,68,Engagement-inferred
U0551,INT07,67,Engagement-inferred
U0551,INT31,67,Lookalike model
U0551,INT25,67,Declared
U0551,INT46,67,Engagement-inferred
U0551,INT32,67,Lookalike model
U0551,INT22,66,Engagement-inferred
U0551,INT14,65,Declared
U0552,INT26,91,Engagement-inferred
U0552,INT28,90,Engagement-inferred
U0552,INT07,90,Engagement-inferred
U0552,INT44,87,Engagement-inferred
U0552,INT43,80,Engagement-inferred
U0552,INT27,80,Lookalike model
U0552,INT08,74,Lookalike model
U0552,INT29,72,Engagement-inferred
U0552,INT31,72,Declared
U0552,INT46,70,Engagement-inferred
U0552,INT32,69,Lookalike model
U0552,INT30,68,Engagement-inferred
U0552,INT49,66,Engagement-inferred
U0552,INT48,64,Engagement-inferred
U0553,INT07,100,Engagement-inferred
U0553,INT28,87,Lookalike model
U0553,INT44,79,Engagement-inferred
U0553,INT26,78,Engagement-inferred
U0553,INT27,77,Lookalike model
U0553,INT08,76,Engagement-inferred
U0553,INT48,72,Engagement-inferred
U0553,INT29,71,Declared
U0553,INT33,70,Lookalike model
U0553,INT30,70,Engagement-inferred
U0553,INT46,69,Engagement-inferred
U0553,INT22,69,Engagement-inferred
U0553,INT32,67,Engagement-inferred
U0553,INT36,67,Lookalike model
U0554,INT07,85,Engagement-inferred
U0554,INT23,84,Engagement-inferred
U0554,INT24,84,Engagement-inferred
U0554,INT10,84,Engagement-inferred
U0554,INT08,78,Engagement-inferred
U0554,INT22,77,Engagement-inferred
U0554,INT26,74,Declared
U0554,INT09,73,Lookalike model
U0554,INT11,71,Declared
U0554,INT44,69,Engagement-inferred
U0554,INT14,66,Engagement-inferred
U0554,INT18,65,Declared
U0554,INT28,65,Engagement-inferred
U0554,INT29,65,Engagement-inferred
U0555,INT11,85,Engagement-inferred
U0555,INT47,84,Declared
U0555,INT38,83,Engagement-inferred
U0555,INT44,82,Engagement-inferred
U0555,INT04,78,Engagement-inferred
U0555,INT43,77,Engagement-inferred
U0555,INT03,77,Engagement-inferred
U0555,INT19,76,Engagement-inferred
U0555,INT25,72,Engagement-inferred
U0555,INT07,71,Lookalike model
U0555,INT08,70,Declared
U0555,INT21,70,Engagement-inferred
U0555,INT46,69,Engagement-inferred
U0555,INT10,68,Engagement-inferred
U0556,INT33,100,Declared
U0556,INT26,91,Engagement-inferred
U0556,INT34,90,Declared
U0556,INT22,79,Declared
U0556,INT27,78,Engagement-inferred
U0556,INT29,76,Engagement-inferred
U0556,INT19,75,Declared
U0556,INT35,73,Lookalike model
U0556,INT28,71,Engagement-inferred
U0556,INT44,70,Lookalike model
U0556,INT18,68,Engagement-inferred
U0556,INT38,67,Declared
U0556,INT24,66,Engagement-inferred
U0556,INT32,66,Engagement-inferred
U0557,INT03,100,Engagement-inferred
U0557,INT05,92,Lookalike model
U0557,INT04,81,Declared
U0557,INT07,76,Engagement-inferred
U0557,INT44,71,Declared
U0557,INT11,69,Lookalike model
U0557,INT08,62,Lookalike model
U0557,INT09,59,Declared
U0557,INT46,57,Engagement-inferred
U0557,INT43,57,Engagement-inferred
U0557,INT26,56,Engagement-inferred
U0557,INT10,56,Lookalike model
U0557,INT38,54,Lookalike model
U0557,INT47,54,Engagement-inferred
U0558,INT47,90,Lookalike model
U0558,INT40,84,Engagement-inferred
U0558,INT24,84,Declared
U0558,INT38,83,Engagement-inferred
U0558,INT11,81,Engagement-inferred
U0558,INT14,80,Engagement-inferred
U0558,INT43,80,Lookalike model
U0558,INT22,78,Engagement-inferred
U0558,INT07,78,Engagement-inferred
U0558,INT33,78,Engagement-inferred
U0558,INT42,76,Lookalike model
U0558,INT26,75,Engagement-inferred
U0558,INT01,75,Engagement-inferred
U0558,INT23,75,Engagement-inferred
U0559,INT26,100,Lookalike model
U0559,INT27,91,Lookalike model
U0559,INT01,85,Engagement-inferred
U0559,INT07,85,Engagement-inferred
U0559,INT29,84,Engagement-inferred
U0559,INT30,82,Lookalike model
U0559,INT28,81,Engagement-inferred
U0559,INT25,80,Engagement-inferred
U0559,INT32,79,Engagement-inferred
U0559,INT31,74,Lookalike model
U0559,INT11,71,Engagement-inferred
U0559,INT08,70,Engagement-inferred
U0559,INT19,69,Declared
U0559,INT14,66,Engagement-inferred
U0560,INT44,86,Engagement-inferred
U0560,INT10,85,Engagement-inferred
U0560,INT22,79,Declared
U0560,INT43,76,Lookalike model
U0560,INT23,72,Engagement-inferred
U0560,INT03,71,Lookalike model
U0560,INT08,68,Engagement-inferred
U0560,INT04,68,Engagement-inferred
U0560,INT05,67,Engagement-inferred
U0560,INT24,66,Engagement-inferred
U0560,INT26,64,Engagement-inferred
U0560,INT16,61,Lookalike model
U0560,INT11,57,Lookalike model
U0560,INT14,56,Engagement-inferred
U0561,INT27,86,Engagement-inferred
U0561,INT26,84,Engagement-inferred
U0561,INT01,84,Engagement-inferred
U0561,INT02,82,Engagement-inferred
U0561,INT33,80,Lookalike model
U0561,INT28,78,Engagement-inferred
U0561,INT41,76,Engagement-inferred
U0561,INT06,72,Declared
U0561,INT42,72,Lookalike model
U0561,INT11,71,Engagement-inferred
U0561,INT29,71,Engagement-inferred
U0561,INT30,71,Lookalike model
U0561,INT40,65,Engagement-inferred
U0561,INT32,65,Engagement-inferred
U0562,INT47,100,Engagement-inferred
U0562,INT44,100,Engagement-inferred
U0562,INT40,88,Engagement-inferred
U0562,INT26,87,Engagement-inferred
U0562,INT46,86,Engagement-inferred
U0562,INT43,80,Declared
U0562,INT38,80,Engagement-inferred
U0562,INT28,79,Declared
U0562,INT16,76,Engagement-inferred
U0562,INT27,75,Lookalike model
U0562,INT07,74,Engagement-inferred
U0562,INT08,73,Declared
U0562,INT41,71,Lookalike model
U0562,INT32,68,Declared
U0563,INT26,95,Engagement-inferred
U0563,INT28,85,Declared
U0563,INT17,82,Lookalike model
U0563,INT16,80,Engagement-inferred
U0563,INT42,77,Lookalike model
U0563,INT12,77,Engagement-inferred
U0563,INT33,76,Engagement-inferred
U0563,INT44,76,Engagement-inferred
U0563,INT27,74,Engagement-inferred
U0563,INT25,73,Engagement-inferred
U0563,INT11,72,Engagement-inferred
U0563,INT29,72,Lookalike model
U0563,INT24,71,Engagement-inferred
U0563,INT14,69,Declared
U0564,INT26,97,Engagement-inferred
U0564,INT44,81,Engagement-inferred
U0564,INT01,79,Lookalike model
U0564,INT33,78,Lookalike model
U0564,INT30,77,Lookalike model
U0564,INT27,74,Engagement-inferred
U0564,INT03,73,Lookalike model
U0564,INT34,73,Lookalike model
U0564,INT07,71,Engagement-inferred
U0564,INT47,70,Lookalike model
U0564,INT28,69,Declared
U0564,INT05,69,Engagement-inferred
U0564,INT35,68,Engagement-inferred
U0564,INT04,68,Engagement-inferred
U0565,INT25,82,Engagement-inferred
U0565,INT11,78,Engagement-inferred
U0565,INT10,78,Engagement-inferred
U0565,INT16,77,Declared
U0565,INT33,76,Declared
U0565,INT20,73,Declared
U0565,INT18,71,Declared
U0565,INT19,70,Engagement-inferred
U0565,INT07,66,Lookalike model
U0565,INT14,64,Declared
U0565,INT12,63,Declared
U0565,INT17,62,Engagement-inferred
U0565,INT08,61,Engagement-inferred
U0565,INT48,60,Declared
U0566,INT44,92,Declared
U0566,INT33,82,Engagement-inferred
U0566,INT22,79,Engagement-inferred
U0566,INT10,79,Engagement-inferred
U0566,INT24,79,Engagement-inferred
U0566,INT43,78,Lookalike model
U0566,INT35,76,Engagement-inferred
U0566,INT19,75,Engagement-inferred
U0566,INT23,71,Engagement-inferred
U0566,INT18,71,Declared
U0566,INT42,68,Engagement-inferred
U0566,INT20,68,Engagement-inferred
U0566,INT01,67,Engagement-inferred
U0566,INT46,65,Engagement-inferred
U0567,INT11,84,Engagement-inferred
U0567,INT14,81,Engagement-inferred
U0567,INT38,76,Declared
U0567,INT47,69,Declared
U0567,INT44,66,Engagement-inferred
U0567,INT10,66,Engagement-inferred
U0567,INT16,62,Engagement-inferred
U0567,INT46,62,Declared
U0567,INT43,61,Engagement-inferred
U0567,INT45,60,Engagement-inferred
U0567,INT17,59,Engagement-inferred
U0567,INT22,57,Engagement-inferred
U0567,INT04,55,Lookalike model
U0567,INT12,55,Engagement-inferred
U0568,INT07,94,Declared
U0568,INT08,88,Engagement-inferred
U0568,INT34,84,Engagement-inferred
U0568,INT33,84,Engagement-inferred
U0568,INT22,82,Declared
U0568,INT01,80,Declared
U0568,INT47,79,Engagement-inferred
U0568,INT24,77,Engagement-inferred
U0568,INT37,77,Engagement-inferred
U0568,INT02,76,Engagement-inferred
U0568,INT36,73,Lookalike model
U0568,INT35,71,Engagement-inferred
U0568,INT23,70,Lookalike model
U0568,INT18,69,Lookalike model
U0569,INT33,100,Engagement-inferred
U0569,INT44,94,Declared
U0569,INT11,91,Lookalike model
U0569,INT36,87,Engagement-inferred
U0569,INT34,84,Engagement-inferred
U0569,INT14,84,Engagement-inferred
U0569,INT43,79,Lookalike model
U0569,INT47,77,Lookalike model
U0569,INT35,76,Lookalike model
U0569,INT38,76,Engagement-inferred
U0569,INT22,75,Engagement-inferred
U0569,INT37,74,Engagement-inferred
U0569,INT24,73,Declared
U0569,INT23,73,Lookalike model
U0570,INT47,88,Engagement-inferred
U0570,INT22,80,Lookalike model
U0570,INT49,77,Declared
U0570,INT23,75,Engagement-inferred
U0570,INT48,75,Engagement-inferred
U0570,INT38,72,Lookalike model
U0570,INT11,72,Declared
U0570,INT24,72,Engagement-inferred
U0570,INT50,72,Engagement-inferred
U0570,INT44,66,Engagement-inferred
U0570,INT14,64,Lookalike model
U0570,INT43,60,Engagement-inferred
U0570,INT46,58,Lookalike model
U0570,INT15,57,Lookalike model
U0571,INT16,100,Declared
U0571,INT48,91,Declared
U0571,INT49,91,Engagement-inferred
U0571,INT07,89,Lookalike model
U0571,INT01,83,Engagement-inferred
U0571,INT08,81,Engagement-inferred
U0571,INT33,81,Lookalike model
U0571,INT17,80,Engagement-inferred
U0571,INT50,77,Declared
U0571,INT09,75,Engagement-inferred
U0571,INT44,75,Engagement-inferred
U0571,INT11,68,Declared
U0571,INT12,66,Engagement-inferred
U0571,INT14,65,Engagement-inferred
U0572,INT24,92,Lookalike model
U0572,INT36,91,Lookalike model
U0572,INT03,89,Engagement-inferred
U0572,INT04,79,Lookalike model
U0572,INT26,77,Declared
U0572,INT05,73,Lookalike model
U0572,INT22,72,Engagement-inferred
U0572,INT08,71,Engagement-inferred
U0572,INT01,70,Engagement-inferred
U0572,INT47,70,Engagement-inferred
U0572,INT02,69,Engagement-inferred
U0572,INT27,68,Engagement-inferred
U0572,INT15,68,Engagement-inferred
U0572,INT37,66,Lookalike model
U0573,INT26,100,Declared
U0573,INT36,90,Lookalike model
U0573,INT30,89,Declared
U0573,INT27,89,Engagement-inferred
U0573,INT28,82,Engagement-inferred
U0573,INT29,77,Declared
U0573,INT31,76,Engagement-inferred
U0573,INT25,74,Engagement-inferred
U0573,INT32,73,Declared
U0573,INT11,72,Engagement-inferred
U0573,INT16,70,Engagement-inferred
U0573,INT39,69,Engagement-inferred
U0573,INT17,68,Engagement-inferred
U0573,INT02,68,Lookalike model
U0574,INT03,99,Engagement-inferred
U0574,INT42,86,Engagement-inferred
U0574,INT40,83,Declared
U0574,INT05,82,Engagement-inferred
U0574,INT07,77,Engagement-inferred
U0574,INT04,76,Engagement-inferred
U0574,INT22,74,Engagement-inferred
U0574,INT01,74,Declared
U0574,INT10,71,Engagement-inferred
U0574,INT06,68,Engagement-inferred
U0574,INT25,67,Engagement-inferred
U0574,INT41,66,Engagement-inferred
U0574,INT27,62,Engagement-inferred
U0574,INT02,61,Lookalike model
U0575,INT33,82,Engagement-inferred
U0575,INT19,77,Lookalike model
U0575,INT37,75,Engagement-inferred
U0575,INT47,74,Engagement-inferred
U0575,INT20,73,Engagement-inferred
U0575,INT25,71,Engagement-inferred
U0575,INT12,70,Lookalike model
U0575,INT38,70,Engagement-inferred
U0575,INT36,68,Declared
U0575,INT17,66,Engagement-inferred
U0575,INT40,66,Declared
U0575,INT46,66,Declared
U0575,INT34,65,Engagement-inferred
U0575,INT18,65,Declared
U0576,INT28,100,Declared
U0576,INT26,100,Declared
U0576,INT29,88,Engagement-inferred
U0576,INT01,88,Lookalike model
U0576,INT30,84,Engagement-inferred
U0576,INT27,83,Engagement-inferred
U0576,INT21,81,Engagement-inferred
U0576,INT32,80,Lookalike model
U0576,INT07,79,Engagement-inferred
U0576,INT19,78,Declared
U0576,INT02,75,Engagement-inferred
U0576,INT11,74,Lookalike model
U0576,INT09,73,Engagement-inferred
U0576,INT08,73,Declared
U0577,INT11,92,Engagement-inferred
U0577,INT14,81,Engagement-inferred
U0577,INT40,78,Engagement-inferred
U0577,INT19,76,Engagement-inferred
U0577,INT41,74,Lookalike model
U0577,INT42,71,Engagement-inferred
U0577,INT01,68,Engagement-inferred
U0577,INT26,67,Engagement-inferred
U0577,INT08,64,Engagement-inferred
U0577,INT06,63,Engagement-inferred
U0577,INT07,62,Engagement-inferred
U0577,INT02,61,Engagement-inferred
U0577,INT10,60,Engagement-inferred
U0577,INT24,60,Engagement-inferred
U0578,INT33,95,Engagement-inferred
U0578,INT50,95,Engagement-inferred
U0578,INT49,92,Engagement-inferred
U0578,INT07,92,Engagement-inferred
U0578,INT48,92,Engagement-inferred
U0578,INT16,91,Lookalike model
U0578,INT34,81,Engagement-inferred
U0578,INT47,76,Engagement-inferred
U0578,INT17,76,Engagement-inferred
U0578,INT26,76,Lookalike model
U0578,INT38,73,Engagement-inferred
U0578,INT32,73,Lookalike model
U0578,INT12,72,Lookalike model
U0578,INT01,69,Engagement-inferred
U0579,INT33,94,Engagement-inferred
U0579,INT22,78,Engagement-inferred
U0579,INT25,75,Engagement-inferred
U0579,INT16,72,Engagement-inferred
U0579,INT34,70,Engagement-inferred
U0579,INT35,69,Engagement-inferred
U0579,INT40,68,Engagement-inferred
U0579,INT24,68,Engagement-inferred
U0579,INT23,65,Engagement-inferred
U0579,INT42,61,Lookalike model
U0579,INT41,61,Engagement-inferred
U0579,INT46,60,Declared
U0579,INT01,59,Engagement-inferred
U0579,INT17,58,Declared
U0580,INT33,91,Engagement-inferred
U0580,INT07,89,Lookalike model
U0580,INT35,76,Lookalike model
U0580,INT28,74,Lookalike model
U0580,INT34,72,Declared
U0580,INT26,71,Declared
U0580,INT08,70,Engagement-inferred
U0580,INT27,70,Engagement-inferred
U0580,INT22,68,Engagement-inferred
U0580,INT09,68,Lookalike model
U0580,INT30,67,Engagement-inferred
U0580,INT04,67,Engagement-inferred
U0580,INT32,63,Lookalike model
U0580,INT11,63,Engagement-inferred
U0581,INT22,90,Declared
U0581,INT49,88,Engagement-inferred
U0581,INT44,88,Engagement-inferred
U0581,INT23,87,Engagement-inferred
U0581,INT24,85,Engagement-inferred
U0581,INT03,80,Declared
U0581,INT04,79,Engagement-inferred
U0581,INT33,78,Declared
U0581,INT27,78,Declared
U0581,INT26,72,Declared
U0581,INT43,72,Declared
U0581,INT48,71,Declared
U0581,INT28,70,Engagement-inferred
U0581,INT35,67,Declared
U0582,INT33,97,Engagement-inferred
U0582,INT03,94,Engagement-inferred
U0582,INT25,93,Engagement-inferred
U0582,INT16,85,Lookalike model
U0582,INT10,84,Engagement-inferred
U0582,INT04,83,Declared
U0582,INT01,83,Declared
U0582,INT47,80,Engagement-inferred
U0582,INT05,77,Lookalike model
U0582,INT38,71,Engagement-inferred
U0582,INT02,69,Declared
U0582,INT36,68,Lookalike model
U0582,INT35,66,Engagement-inferred
U0582,INT34,66,Declared
U0583,INT07,94,Engagement-inferred
U0583,INT08,92,Lookalike model
U0583,INT03,92,Engagement-inferred
U0583,INT05,90,Declared
U0583,INT36,90,Engagement-inferred
U0583,INT21,83,Declared
U0583,INT09,82,Engagement-inferred
U0583,INT19,79,Lookalike model
U0583,INT04,79,Engagement-inferred
U0583,INT10,72,Lookalike model
U0583,INT44,70,Engagement-inferred
U0583,INT37,69,Engagement-inferred
U0583,INT20,69,Declared
U0583,INT11,68,Lookalike model
U0584,INT43,83,Declared
U0584,INT03,82,Engagement-inferred
U0584,INT44,81,Engagement-inferred
U0584,INT04,75,Declared
U0584,INT42,73,Engagement-inferred
U0584,INT40,73,Declared
U0584,INT01,71,Engagement-inferred
U0584,INT25,71,Engagement-inferred
U0584,INT46,70,Engagement-inferred
U0584,INT21,70,Declared
U0584,INT33,70,Engagement-inferred
U0584,INT06,70,Engagement-inferred
U0584,INT36,68,Engagement-inferred
U0584,INT19,67,Declared
U0585,INT42,98,Engagement-inferred
U0585,INT40,90,Lookalike model
U0585,INT14,88,Declared
U0585,INT41,81,Engagement-inferred
U0585,INT27,80,Engagement-inferred
U0585,INT11,79,Engagement-inferred
U0585,INT26,75,Lookalike model
U0585,INT32,75,Declared
U0585,INT10,74,Engagement-inferred
U0585,INT28,70,Engagement-inferred
U0585,INT35,69,Lookalike model
U0585,INT30,66,Declared
U0585,INT33,65,Engagement-inferred
U0585,INT44,64,Engagement-inferred
U0586,INT47,98,Engagement-inferred
U0586,INT38,88,Engagement-inferred
U0586,INT26,70,Engagement-inferred
U0586,INT10,67,Lookalike model
U0586,INT16,60,Declared
U0586,INT14,57,Lookalike model
U0586,INT01,56,Engagement-inferred
U0586,INT25,56,Declared
U0586,INT11,55,Engagement-inferred
U0586,INT44,55,Engagement-inferred
U0586,INT02,54,Engagement-inferred
U0586,INT29,53,Engagement-inferred
U0586,INT28,52,Lookalike model
U0586,INT41,52,Lookalike model
U0587,INT01,100,Engagement-inferred
U0587,INT44,88,Engagement-inferred
U0587,INT02,83,Lookalike model
U0587,INT08,80,Engagement-inferred
U0587,INT26,80,Engagement-inferred
U0587,INT06,77,Engagement-inferred
U0587,INT11,75,Lookalike model
U0587,INT28,75,Engagement-inferred
U0587,INT30,74,Engagement-inferred
U0587,INT07,73,Lookalike model
U0587,INT29,72,Engagement-inferred
U0587,INT43,71,Engagement-inferred
U0587,INT27,70,Engagement-inferred
U0587,INT14,67,Engagement-inferred
U0588,INT24,81,Engagement-inferred
U0588,INT23,80,Lookalike model
U0588,INT40,74,Engagement-inferred
U0588,INT11,72,Engagement-inferred
U0588,INT19,70,Declared
U0588,INT49,68,Declared
U0588,INT33,66,Engagement-inferred
U0588,INT41,66,Engagement-inferred
U0588,INT21,66,Engagement-inferred
U0588,INT04,66,Engagement-inferred
U0588,INT10,65,Engagement-inferred
U0588,INT22,65,Engagement-inferred
U0588,INT35,63,Engagement-inferred
U0588,INT03,60,Engagement-inferred
U0589,INT19,89,Engagement-inferred
U0589,INT10,87,Declared
U0589,INT20,84,Declared
U0589,INT07,79,Engagement-inferred
U0589,INT18,75,Engagement-inferred
U0589,INT24,74,Engagement-inferred
U0589,INT44,74,Engagement-inferred
U0589,INT34,74,Lookalike model
U0589,INT33,73,Engagement-inferred
U0589,INT21,71,Engagement-inferred
U0589,INT22,70,Engagement-inferred
U0589,INT47,66,Engagement-inferred
U0589,INT43,66,Declared
U0589,INT23,66,Declared
U0590,INT26,100,Engagement-inferred
U0590,INT07,100,Engagement-inferred
U0590,INT01,90,Engagement-inferred
U0590,INT11,89,Engagement-inferred
U0590,INT03,84,Engagement-inferred
U0590,INT02,82,Declared
U0590,INT49,78,Declared
U0590,INT31,76,Engagement-inferred
U0590,INT04,76,Declared
U0590,INT50,75,Engagement-inferred
U0590,INT30,75,Declared
U0590,INT08,74,Engagement-inferred
U0590,INT05,74,Engagement-inferred
U0590,INT27,74,Engagement-inferred
U0591,INT07,88,Engagement-inferred
U0591,INT03,86,Engagement-inferred
U0591,INT26,81,Engagement-inferred
U0591,INT01,78,Declared
U0591,INT04,78,Engagement-inferred
U0591,INT27,77,Declared
U0591,INT29,77,Engagement-inferred
U0591,INT30,76,Engagement-inferred
U0591,INT28,76,Engagement-inferred
U0591,INT11,74,Engagement-inferred
U0591,INT05,73,Engagement-inferred
U0591,INT25,71,Engagement-inferred
U0591,INT47,71,Engagement-inferred
U0591,INT32,70,Lookalike model
U0592,INT05,85,Declared
U0592,INT38,84,Engagement-inferred
U0592,INT03,83,Engagement-inferred
U0592,INT44,80,Engagement-inferred
U0592,INT47,80,Engagement-inferred
U0592,INT04,76,Engagement-inferred
U0592,INT46,69,Engagement-inferred
U0592,INT25,69,Declared
U0592,INT19,66,Engagement-inferred
U0592,INT01,65,Engagement-inferred
U0592,INT35,62,Engagement-inferred
U0592,INT22,58,Lookalike model
U0592,INT06,56,Engagement-inferred
U0592,INT11,56,Engagement-inferred
U0593,INT04,100,Declared
U0593,INT03,98,Engagement-inferred
U0593,INT01,94,Engagement-inferred
U0593,INT05,84,Engagement-inferred
U0593,INT11,80,Engagement-inferred
U0593,INT33,78,Declared
U0593,INT49,75,Engagement-inferred
U0593,INT34,72,Lookalike model
U0593,INT06,70,Engagement-inferred
U0593,INT14,69,Engagement-inferred
U0593,INT02,69,Engagement-inferred
U0593,INT36,64,Engagement-inferred
U0593,INT44,63,Engagement-inferred
U0593,INT48,62,Lookalike model
U0594,INT07,99,Lookalike model
U0594,INT40,92,Engagement-inferred
U0594,INT09,90,Engagement-inferred
U0594,INT33,90,Declared
U0594,INT42,82,Engagement-inferred
U0594,INT08,80,Engagement-inferred
U0594,INT41,78,Engagement-inferred
U0594,INT10,74,Lookalike model
U0594,INT35,72,Engagement-inferred
U0594,INT34,70,Lookalike model
U0594,INT26,61,Declared
U0594,INT44,61,Lookalike model
U0594,INT27,57,Declared
U0594,INT02,57,Engagement-inferred
U0595,INT03,89,Engagement-inferred
U0595,INT36,87,Lookalike model
U0595,INT04,86,Engagement-inferred
U0595,INT37,82,Engagement-inferred
U0595,INT19,78,Engagement-inferred
U0595,INT05,75,Lookalike model
U0595,INT18,73,Declared
U0595,INT47,73,Engagement-inferred
U0595,INT38,73,Engagement-inferred
U0595,INT44,73,Engagement-inferred
U0595,INT39,67,Engagement-inferred
U0595,INT41,66,Lookalike model
U0595,INT23,64,Declared
U0595,INT11,62,Engagement-inferred
U0596,INT01,98,Declared
U0596,INT24,91,Engagement-inferred
U0596,INT23,89,Engagement-inferred
U0596,INT02,83,Lookalike model
U0596,INT40,81,Engagement-inferred
U0596,INT22,80,Lookalike model
U0596,INT06,78,Lookalike model
U0596,INT44,76,Engagement-inferred
U0596,INT42,74,Engagement-inferred
U0596,INT43,67,Declared
U0596,INT41,66,Engagement-inferred
U0596,INT07,63,Lookalike model
U0596,INT26,62,Declared
U0596,INT15,62,Engagement-inferred
U0597,INT14,95,Declared
U0597,INT26,95,Engagement-inferred
U0597,INT36,84,Lookalike model
U0597,INT11,82,Engagement-inferred
U0597,INT29,80,Engagement-inferred
U0597,INT28,80,Lookalike model
U0597,INT03,78,Engagement-inferred
U0597,INT27,77,Lookalike model
U0597,INT31,75,Lookalike model
U0597,INT30,70,Lookalike model
U0597,INT39,69,Declared
U0597,INT40,68,Engagement-inferred
U0597,INT04,67,Engagement-inferred
U0597,INT32,67,Engagement-inferred
U0598,INT47,95,Lookalike model
U0598,INT44,95,Lookalike model
U0598,INT38,88,Engagement-inferred
U0598,INT01,88,Declared
U0598,INT18,86,Engagement-inferred
U0598,INT25,86,Engagement-inferred
U0598,INT19,84,Engagement-inferred
U0598,INT43,77,Engagement-inferred
U0598,INT02,76,Engagement-inferred
U0598,INT06,75,Engagement-inferred
U0598,INT26,73,Lookalike model
U0598,INT20,73,Engagement-inferred
U0598,INT21,71,Engagement-inferred
U0598,INT34,65,Declared
U0599,INT36,89,Engagement-inferred
U0599,INT22,77,Lookalike model
U0599,INT24,75,Declared
U0599,INT44,73,Engagement-inferred
U0599,INT15,72,Engagement-inferred
U0599,INT37,70,Declared
U0599,INT23,69,Engagement-inferred
U0599,INT43,67,Engagement-inferred
U0599,INT47,64,Lookalike model
U0599,INT41,61,Lookalike model
U0599,INT40,61,Engagement-inferred
U0599,INT39,61,Lookalike model
U0599,INT42,61,Engagement-inferred
U0599,INT26,60,Lookalike model
U0600,INT05,96,Engagement-inferred
U0600,INT03,87,Engagement-inferred
U0600,INT33,84,Declared
U0600,INT26,84,Lookalike model
U0600,INT28,81,Lookalike model
U0600,INT42,80,Engagement-inferred
U0600,INT40,79,Engagement-inferred
U0600,INT04,79,Engagement-inferred
U0600,INT14,79,Engagement-inferred
U0600,INT22,77,Declared
U0600,INT08,76,Declared
U0600,INT30,76,Engagement-inferred
U0600,INT27,75,Engagement-inferred
U0600,INT23,74,Declared
U0601,INT11,93,Engagement-inferred
U0601,INT27,86,Engagement-inferred
U0601,INT10,80,Engagement-inferred
U0601,INT14,79,Lookalike model
U0601,INT30,76,Declared
U0601,INT26,75,Engagement-inferred
U0601,INT35,74,Engagement-inferred
U0601,INT33,73,Engagement-inferred
U0601,INT28,70,Engagement-inferred
U0601,INT09,64,Engagement-inferred
U0601,INT08,63,Engagement-inferred
U0601,INT32,63,Engagement-inferred
U0601,INT29,63,Engagement-inferred
U0601,INT07,61,Engagement-inferred
U0602,INT26,100,Engagement-inferred
U0602,INT27,96,Engagement-inferred
U0602,INT31,82,Engagement-inferred
U0602,INT16,81,Engagement-inferred
U0602,INT32,80,Engagement-inferred
U0602,INT11,78,Engagement-inferred
U0602,INT29,77,Engagement-inferred
U0602,INT28,74,Engagement-inferred
U0602,INT14,72,Lookalike model
U0602,INT17,71,Lookalike model
U0602,INT30,69,Engagement-inferred
U0602,INT07,67,Lookalike model
U0602,INT12,67,Lookalike model
U0602,INT22,66,Engagement-inferred
U0603,INT26,99,Engagement-inferred
U0603,INT27,98,Engagement-inferred
U0603,INT29,91,Engagement-inferred
U0603,INT01,87,Declared
U0603,INT14,86,Lookalike model
U0603,INT28,82,Engagement-inferred
U0603,INT44,81,Engagement-inferred
U0603,INT32,80,Engagement-inferred
U0603,INT46,77,Lookalike model
U0603,INT38,76,Engagement-inferred
U0603,INT11,74,Engagement-inferred
U0603,INT47,74,Declared
U0603,INT06,72,Lookalike model
U0603,INT48,72,Engagement-inferred
U0604,INT28,100,Engagement-inferred
U0604,INT26,100,Engagement-inferred
U0604,INT47,98,Engagement-inferred
U0604,INT27,94,Engagement-inferred
U0604,INT32,92,Engagement-inferred
U0604,INT22,91,Engagement-inferred
U0604,INT23,86,Engagement-inferred
U0604,INT15,83,Engagement-inferred
U0604,INT24,81,Declared
U0604,INT49,81,Lookalike model
U0604,INT29,78,Declared
U0604,INT38,75,Engagement-inferred
U0604,INT30,75,Declared
U0604,INT08,73,Engagement-inferred
U0605,INT26,100,Declared
U0605,INT28,81,Engagement-inferred
U0605,INT19,81,Engagement-inferred
U0605,INT24,79,Engagement-inferred
U0605,INT23,79,Engagement-inferred
U0605,INT32,78,Engagement-inferred
U0605,INT29,77,Lookalike model
U0605,INT27,76,Declared
U0605,INT20,70,Lookalike model
U0605,INT33,70,Declared
U0605,INT18,68,Declared
U0605,INT21,68,Engagement-inferred
U0605,INT40,67,Engagement-inferred
U0605,INT22,64,Engagement-inferred
U0606,INT07,94,Lookalike model
U0606,INT08,78,Engagement-inferred
U0606,INT35,77,Lookalike model
U0606,INT10,76,Lookalike model
U0606,INT44,76,Engagement-inferred
U0606,INT26,75,Declared
U0606,INT33,74,Engagement-inferred
U0606,INT25,72,Lookalike model
U0606,INT11,72,Lookalike model
U0606,INT22,70,Engagement-inferred
U0606,INT24,70,Engagement-inferred
U0606,INT23,70,Engagement-inferred
U0606,INT34,68,Engagement-inferred
U0606,INT30,67,Lookalike model
U0607,INT03,91,Engagement-inferred
U0607,INT04,80,Declared
U0607,INT26,79,Engagement-inferred
U0607,INT34,78,Engagement-inferred
U0607,INT33,74,Engagement-inferred
U0607,INT01,71,Lookalike model
U0607,INT28,71,Engagement-inferred
U0607,INT15,70,Engagement-inferred
U0607,INT06,70,Declared
U0607,INT47,70,Declared
U0607,INT35,69,Engagement-inferred
U0607,INT05,69,Engagement-inferred
U0607,INT32,68,Engagement-inferred
U0607,INT27,67,Lookalike model
U0608,INT26,98,Engagement-inferred
U0608,INT07,98,Declared
U0608,INT22,96,Engagement-inferred
U0608,INT29,95,Engagement-inferred
U0608,INT27,90,Lookalike model
U0608,INT32,87,Engagement-inferred
U0608,INT24,87,Engagement-inferred
U0608,INT08,81,Engagement-inferred
U0608,INT31,81,Declared
U0608,INT44,80,Engagement-inferred
U0608,INT23,80,Lookalike model
U0608,INT30,80,Lookalike model
U0608,INT28,78,Engagement-inferred
U0608,INT09,77,Engagement-inferred
U0609,INT07,91,Engagement-inferred
U0609,INT36,88,Engagement-inferred
U0609,INT47,80,Lookalike model
U0609,INT08,78,Declared
U0609,INT10,78,Engagement-inferred
U0609,INT41,73,Engagement-inferred
U0609,INT38,70,Lookalike model
U0609,INT48,69,Engagement-inferred
U0609,INT09,69,Engagement-inferred
U0609,INT49,67,Lookalike model
U0609,INT40,67,Engagement-inferred
U0609,INT37,61,Declared
U0609,INT42,61,Lookalike model
U0609,INT23,58,Lookalike model
U0610,INT26,91,Engagement-inferred
U0610,INT14,83,Engagement-inferred
U0610,INT10,80,Lookalike model
U0610,INT07,76,Engagement-inferred
U0610,INT33,76,Engagement-inferred
U0610,INT19,73,Engagement-inferred
U0610,INT11,73,Engagement-inferred
U0610,INT18,71,Engagement-inferred
U0610,INT28,71,Engagement-inferred
U0610,INT27,70,Lookalike model
U0610,INT37,70,Declared
U0610,INT29,67,Engagement-inferred
U0610,INT25,66,Engagement-inferred
U0610,INT30,65,Declared
U0611,INT01,91,Declared
U0611,INT07,87,Engagement-inferred
U0611,INT03,87,Engagement-inferred
U0611,INT11,84,Engagement-inferred
U0611,INT40,82,Engagement-inferred
U0611,INT36,81,Engagement-inferred
U0611,INT42,78,Engagement-inferred
U0611,INT33,77,Engagement-inferred
U0611,INT04,75,Lookalike model
U0611,INT14,74,Engagement-inferred
U0611,INT08,73,Engagement-inferred
U0611,INT09,72,Lookalike model
U0611,INT10,70,Engagement-inferred
U0611,INT05,69,Engagement-inferred
U0612,INT48,92,Lookalike model
U0612,INT11,87,Declared
U0612,INT49,81,Engagement-inferred
U0612,INT33,78,Engagement-inferred
U0612,INT47,77,Declared
U0612,INT14,75,Declared
U0612,INT41,74,Engagement-inferred
U0612,INT50,73,Lookalike model
U0612,INT36,72,Engagement-inferred
U0612,INT25,71,Lookalike model
U0612,INT40,68,Declared
U0612,INT38,67,Lookalike model
U0612,INT01,66,Declared
U0612,INT37,66,Engagement-inferred
U0613,INT40,100,Declared
U0613,INT42,94,Lookalike model
U0613,INT25,91,Engagement-inferred
U0613,INT33,89,Engagement-inferred
U0613,INT11,84,Engagement-inferred
U0613,INT41,82,Engagement-inferred
U0613,INT07,74,Declared
U0613,INT14,68,Lookalike model
U0613,INT34,65,Engagement-inferred
U0613,INT35,65,Engagement-inferred
U0613,INT22,63,Lookalike model
U0613,INT27,63,Engagement-inferred
U0613,INT26,59,Engagement-inferred
U0613,INT16,56,Engagement-inferred
U0614,INT33,91,Lookalike model
U0614,INT16,85,Engagement-inferred
U0614,INT01,84,Engagement-inferred
U0614,INT02,69,Engagement-inferred
U0614,INT34,66,Engagement-inferred
U0614,INT17,66,Engagement-inferred
U0614,INT03,64,Engagement-inferred
U0614,INT06,64,Declared
U0614,INT10,63,Declared
U0614,INT48,62,Declared
U0614,INT35,62,Engagement-inferred
U0614,INT07,62,Lookalike model
U0614,INT12,62,Lookalike model
U0614,INT50,61,Engagement-inferred
U0615,INT11,86,Engagement-inferred
U0615,INT28,73,Declared
U0615,INT26,72,Engagement-inferred
U0615,INT14,71,Declared
U0615,INT01,71,Declared
U0615,INT32,70,Lookalike model
U0615,INT25,66,Lookalike model
U0615,INT23,66,Declared
U0615,INT47,65,Engagement-inferred
U0615,INT02,64,Lookalike model
U0615,INT38,62,Engagement-inferred
U0615,INT29,59,Engagement-inferred
U0615,INT27,58,Declared
U0615,INT31,56,Lookalike model
U0616,INT17,98,Engagement-inferred
U0616,INT16,93,Engagement-inferred
U0616,INT04,90,Lookalike model
U0616,INT03,86,Engagement-inferred
U0616,INT12,77,Declared
U0616,INT05,77,Engagement-inferred
U0616,INT19,75,Declared
U0616,INT44,74,Engagement-inferred
U0616,INT01,69,Engagement-inferred
U0616,INT11,67,Engagement-inferred
U0616,INT18,66,Lookalike model
U0616,INT14,66,Engagement-inferred
U0616,INT25,62,Engagement-inferred
U0616,INT20,62,Engagement-inferred
U0617,INT24,84,Engagement-inferred
U0617,INT33,80,Engagement-inferred
U0617,INT07,80,Lookalike model
U0617,INT08,75,Engagement-inferred
U0617,INT09,74,Engagement-inferred
U0617,INT22,73,Declared
U0617,INT42,71,Engagement-inferred
U0617,INT20,69,Declared
U0617,INT41,67,Declared
U0617,INT11,66,Engagement-inferred
U0617,INT18,65,Engagement-inferred
U0617,INT23,64,Engagement-inferred
U0617,INT40,62,Engagement-inferred
U0617,INT34,61,Engagement-inferred
U0618,INT40,93,Engagement-inferred
U0618,INT42,90,Lookalike model
U0618,INT11,86,Engagement-inferred
U0618,INT41,86,Declared
U0618,INT07,80,Declared
U0618,INT01,75,Lookalike model
U0618,INT14,73,Declared
U0618,INT16,72,Lookalike model
U0618,INT19,72,Lookalike model
U0618,INT02,67,Declared
U0618,INT09,66,Engagement-inferred
U0618,INT26,65,Engagement-inferred
U0618,INT21,64,Engagement-inferred
U0618,INT17,62,Engagement-inferred
U0619,INT22,88,Engagement-inferred
U0619,INT24,75,Engagement-inferred
U0619,INT23,74,Lookalike model
U0619,INT10,72,Engagement-inferred
U0619,INT16,70,Lookalike model
U0619,INT47,66,Engagement-inferred
U0619,INT15,63,Declared
U0619,INT38,61,Engagement-inferred
U0619,INT12,58,Lookalike model
U0619,INT48,56,Engagement-inferred
U0619,INT17,54,Engagement-inferred
U0619,INT26,52,Lookalike model
U0619,INT07,49,Engagement-inferred
U0619,INT25,48,Engagement-inferred
U0620,INT07,100,Lookalike model
U0620,INT04,95,Lookalike model
U0620,INT03,93,Engagement-inferred
U0620,INT09,89,Engagement-inferred
U0620,INT01,89,Engagement-inferred
U0620,INT08,82,Declared
U0620,INT47,80,Engagement-inferred
U0620,INT05,78,Declared
U0620,INT10,76,Engagement-inferred
U0620,INT44,76,Engagement-inferred
U0620,INT27,74,Lookalike model
U0620,INT26,72,Engagement-inferred
U0620,INT38,71,Engagement-inferred
U0620,INT02,70,Engagement-inferred
U0621,INT44,97,Engagement-inferred
U0621,INT08,87,Lookalike model
U0621,INT01,86,Engagement-inferred
U0621,INT49,83,Engagement-inferred
U0621,INT48,83,Engagement-inferred
U0621,INT43,83,Engagement-inferred
U0621,INT11,80,Engagement-inferred
U0621,INT07,79,Engagement-inferred
U0621,INT50,78,Declared
U0621,INT02,73,Engagement-inferred
U0621,INT14,69,Engagement-inferred
U0621,INT16,68,Engagement-inferred
U0621,INT28,68,Engagement-inferred
U0621,INT10,66,Lookalike model
U0622,INT16,100,Declared
U0622,INT26,94,Engagement-inferred
U0622,INT34,94,Declared
U0622,INT17,93,Engagement-inferred
U0622,INT38,93,Engagement-inferred
U0622,INT47,89,Lookalike model
U0622,INT33,89,Declared
U0622,INT10,86,Declared
U0622,INT03,82,Engagement-inferred
U0622,INT40,80,Engagement-inferred
U0622,INT07,77,Engagement-inferred
U0622,INT35,75,Declared
U0622,INT04,74,Engagement-inferred
U0622,INT27,70,Lookalike model
U0623,INT47,74,Engagement-inferred
U0623,INT26,70,Declared
U0623,INT38,70,Engagement-inferred
U0623,INT16,70,Engagement-inferred
U0623,INT44,69,Engagement-inferred
U0623,INT27,68,Engagement-inferred
U0623,INT37,61,Engagement-inferred
U0623,INT36,60,Engagement-inferred
U0623,INT43,59,Lookalike model
U0623,INT31,58,Engagement-inferred
U0623,INT32,58,Engagement-inferred
U0623,INT34,58,Lookalike model
U0623,INT12,57,Engagement-inferred
U0623,INT45,57,Engagement-inferred
U0624,INT01,87,Engagement-inferred
U0624,INT41,83,Engagement-inferred
U0624,INT40,82,Engagement-inferred
U0624,INT07,81,Engagement-inferred
U0624,INT19,72,Engagement-inferred
U0624,INT10,71,Engagement-inferred
U0624,INT02,69,Declared
U0624,INT11,68,Engagement-inferred
U0624,INT42,68,Declared
U0624,INT44,67,Engagement-inferred
U0624,INT18,67,Engagement-inferred
U0624,INT06,65,Engagement-inferred
U0624,INT14,64,Engagement-inferred
U0624,INT25,62,Engagement-inferred
U0625,INT37,89,Engagement-inferred
U0625,INT36,88,Engagement-inferred
U0625,INT02,87,Declared
U0625,INT41,84,Lookalike model
U0625,INT24,84,Lookalike model
U0625,INT40,82,Engagement-inferred
U0625,INT01,81,Engagement-inferred
U0625,INT06,81,Engagement-inferred
U0625,INT11,75,Declared
U0625,INT42,73,Engagement-inferred
U0625,INT22,73,Lookalike model
U0625,INT14,70,Lookalike model
U0625,INT46,68,Engagement-inferred
U0625,INT03,66,Declared
U0626,INT03,89,Engagement-inferred
U0626,INT19,86,Engagement-inferred
U0626,INT20,84,Engagement-inferred
U0626,INT27,83,Declared
U0626,INT49,82,Engagement-inferred
U0626,INT26,80,Engagement-inferred
U0626,INT18,80,Engagement-inferred
U0626,INT04,79,Lookalike model
U0626,INT21,75,Engagement-inferred
U0626,INT28,75,Engagement-inferred
U0626,INT05,74,Lookalike model
U0626,INT30,72,Engagement-inferred
U0626,INT50,72,Engagement-inferred
U0626,INT48,71,Engagement-inferred
U0627,INT40,100,Engagement-inferred
U0627,INT44,96,Engagement-inferred
U0627,INT41,92,Engagement-inferred
U0627,INT07,90,Lookalike model
U0627,INT42,89,Declared
U0627,INT26,88,Engagement-inferred
U0627,INT27,82,Declared
U0627,INT28,82,Lookalike model
U0627,INT08,79,Engagement-inferred
U0627,INT29,75,Engagement-inferred
U0627,INT43,73,Declared
U0627,INT31,73,Engagement-inferred
U0627,INT32,72,Engagement-inferred
U0627,INT10,69,Declared
U0628,INT36,100,Engagement-inferred
U0628,INT49,91,Lookalike model
U0628,INT26,83,Lookalike model
U0628,INT22,83,Declared
U0628,INT37,81,Engagement-inferred
U0628,INT23,76,Declared
U0628,INT50,74,Engagement-inferred
U0628,INT48,74,Engagement-inferred
U0628,INT24,72,Engagement-inferred
U0628,INT28,72,Engagement-inferred
U0628,INT02,71,Declared
U0628,INT31,71,Declared
U0628,INT15,67,Lookalike model
U0628,INT29,66,Engagement-inferred
U0629,INT07,88,Declared
U0629,INT44,88,Engagement-inferred
U0629,INT22,83,Lookalike model
U0629,INT03,76,Lookalike model
U0629,INT23,76,Engagement-inferred
U0629,INT14,75,Lookalike model
U0629,INT08,75,Declared
U0629,INT47,75,Engagement-inferred
U0629,INT04,74,Engagement-inferred
U0629,INT38,74,Declared
U0629,INT24,74,Engagement-inferred
U0629,INT43,71,Engagement-inferred
U0629,INT09,69,Engagement-inferred
U0629,INT11,67,Engagement-inferred
U0630,INT19,81,Engagement-inferred
U0630,INT18,73,Engagement-inferred
U0630,INT21,68,Engagement-inferred
U0630,INT07,67,Lookalike model
U0630,INT08,67,Engagement-inferred
U0630,INT17,66,Declared
U0630,INT38,64,Engagement-inferred
U0630,INT09,63,Engagement-inferred
U0630,INT47,63,Engagement-inferred
U0630,INT20,63,Declared
U0630,INT27,61,Lookalike model
U0630,INT11,61,Declared
U0630,INT01,59,Engagement-inferred
U0630,INT26,59,Engagement-inferred
U0631,INT14,98,Lookalike model
U0631,INT11,97,Declared
U0631,INT25,79,Engagement-inferred
U0631,INT22,78,Engagement-inferred
U0631,INT21,76,Engagement-inferred
U0631,INT24,73,Engagement-inferred
U0631,INT19,72,Engagement-inferred
U0631,INT23,71,Engagement-inferred
U0631,INT20,67,Declared
U0631,INT15,66,Lookalike model
U0631,INT16,60,Declared
U0631,INT18,60,Engagement-inferred
U0631,INT10,59,Declared
U0631,INT17,55,Lookalike model
U0632,INT03,89,Engagement-inferred
U0632,INT04,89,Lookalike model
U0632,INT05,81,Declared
U0632,INT26,80,Engagement-inferred
U0632,INT49,76,Engagement-inferred
U0632,INT31,75,Lookalike model
U0632,INT07,73,Engagement-inferred
U0632,INT11,71,Engagement-inferred
U0632,INT01,69,Lookalike model
U0632,INT28,67,Declared
U0632,INT02,65,Engagement-inferred
U0632,INT30,65,Engagement-inferred
U0632,INT27,65,Declared
U0632,INT48,63,Engagement-inferred
U0633,INT25,96,Declared
U0633,INT14,88,Engagement-inferred
U0633,INT11,81,Engagement-inferred
U0633,INT27,78,Engagement-inferred
U0633,INT26,73,Engagement-inferred
U0633,INT44,70,Declared
U0633,INT01,70,Engagement-inferred
U0633,INT06,70,Engagement-inferred
U0633,INT07,69,Engagement-inferred
U0633,INT47,69,Engagement-inferred
U0633,INT02,63,Declared
U0633,INT38,62,Engagement-inferred
U0633,INT43,62,Engagement-inferred
U0633,INT32,61,Engagement-inferred
U0634,INT19,97,Engagement-inferred
U0634,INT07,92,Engagement-inferred
U0634,INT18,91,Engagement-inferred
U0634,INT33,88,Engagement-inferred
U0634,INT08,88,Lookalike model
U0634,INT20,87,Engagement-inferred
U0634,INT21,80,Engagement-inferred
U0634,INT45,80,Engagement-inferred
U0634,INT11,78,Lookalike model
U0634,INT47,75,Engagement-inferred
U0634,INT14,75,Declared
U0634,INT09,72,Declared
U0634,INT43,71,Engagement-inferred
U0634,INT34,69,Engagement-inferred
U0635,INT20,93,Declared
U0635,INT21,82,Engagement-inferred
U0635,INT19,81,Declared
U0635,INT44,77,Engagement-inferred
U0635,INT18,74,Engagement-inferred
U0635,INT14,70,Lookalike model
U0635,INT33,65,Engagement-inferred
U0635,INT11,64,Engagement-inferred
U0635,INT34,61,Engagement-inferred
U0635,INT48,59,Engagement-inferred
U0635,INT43,57,Engagement-inferred
U0635,INT10,57,Engagement-inferred
U0635,INT06,57,Engagement-inferred
U0635,INT01,56,Declared
U0636,INT33,100,Declared
U0636,INT26,100,Lookalike model
U0636,INT24,92,Declared
U0636,INT27,91,Engagement-inferred
U0636,INT28,90,Declared
U0636,INT35,85,Declared
U0636,INT22,83,Engagement-inferred
U0636,INT01,81,Engagement-inferred
U0636,INT44,80,Lookalike model
U0636,INT02,80,Engagement-inferred
U0636,INT29,79,Engagement-inferred
U0636,INT31,76,Engagement-inferred
U0636,INT34,75,Engagement-inferred
U0636,INT10,75,Engagement-inferred
U0637,INT01,95,Engagement-inferred
U0637,INT44,92,Engagement-inferred
U0637,INT02,82,Engagement-inferred
U0637,INT42,79,Declared
U0637,INT43,77,Engagement-inferred
U0637,INT07,76,Engagement-inferred
U0637,INT40,76,Engagement-inferred
U0637,INT41,75,Engagement-inferred
U0637,INT03,75,Engagement-inferred
U0637,INT26,74,Engagement-inferred
U0637,INT06,72,Declared
U0637,INT09,72,Engagement-inferred
U0637,INT10,68,Engagement-inferred
U0637,INT27,68,Engagement-inferred
U0638,INT01,100,Engagement-inferred
U0638,INT06,92,Lookalike model
U0638,INT07,90,Declared
U0638,INT08,90,Engagement-inferred
U0638,INT02,89,Engagement-inferred
U0638,INT33,87,Lookalike model
U0638,INT42,85,Engagement-inferred
U0638,INT37,84,Engagement-inferred
U0638,INT26,83,Declared
U0638,INT22,79,Engagement-inferred
U0638,INT09,77,Engagement-inferred
U0638,INT23,77,Lookalike model
U0638,INT30,75,Engagement-inferred
U0638,INT24,75,Engagement-inferred
U0639,INT25,81,Lookalike model
U0639,INT18,78,Declared
U0639,INT19,73,Engagement-inferred
U0639,INT20,71,Declared
U0639,INT38,68,Engagement-inferred
U0639,INT24,64,Engagement-inferred
U0639,INT47,64,Engagement-inferred
U0639,INT49,59,Declared
U0639,INT33,57,Engagement-inferred
U0639,INT21,56,Declared
U0639,INT37,55,Declared
U0639,INT35,53,Engagement-inferred
U0639,INT48,52,Engagement-inferred
U0639,INT23,51,Engagement-inferred
U0640,INT33,100,Engagement-inferred
U0640,INT24,94,Lookalike model
U0640,INT22,94,Engagement-inferred
U0640,INT34,93,Declared
U0640,INT40,92,Engagement-inferred
U0640,INT23,91,Declared
U0640,INT38,88,Engagement-inferred
U0640,INT47,88,Lookalike model
U0640,INT35,81,Lookalike model
U0640,INT42,74,Lookalike model
U0640,INT11,74,Declared
U0640,INT20,70,Engagement-inferred
U0640,INT15,70,Engagement-inferred
U0640,INT18,67,Lookalike model
U0641,INT03,92,Engagement-inferred
U0641,INT11,87,Lookalike model
U0641,INT04,87,Engagement-inferred
U0641,INT14,86,Engagement-inferred
U0641,INT42,86,Engagement-inferred
U0641,INT05,82,Declared
U0641,INT20,81,Engagement-inferred
U0641,INT48,79,Engagement-inferred
U0641,INT40,79,Engagement-inferred
U0641,INT22,78,Declared
U0641,INT10,76,Declared
U0641,INT41,71,Engagement-inferred
U0641,INT24,71,Engagement-inferred
U0641,INT47,69,Engagement-inferred
U0642,INT01,71,Lookalike model
U0642,INT33,71,Declared
U0642,INT47,70,Engagement-inferred
U0642,INT38,68,Engagement-inferred
U0642,INT35,65,Lookalike model
U0642,INT02,63,Lookalike model
U0642,INT22,60,Engagement-inferred
U0642,INT36,59,Engagement-inferred
U0642,INT24,59,Engagement-inferred
U0642,INT34,57,Declared
U0642,INT39,56,Engagement-inferred
U0642,INT26,54,Lookalike model
U0642,INT23,53,Declared
U0642,INT12,52,Lookalike model
U0643,INT44,96,Engagement-inferred
U0643,INT11,90,Engagement-inferred
U0643,INT43,80,Engagement-inferred
U0643,INT33,80,Engagement-inferred
U0643,INT26,76,Engagement-inferred
U0643,INT14,74,Engagement-inferred
U0643,INT35,69,Engagement-inferred
U0643,INT47,68,Engagement-inferred
U0643,INT34,67,Engagement-inferred
U0643,INT17,64,Engagement-inferred
U0643,INT16,63,Engagement-inferred
U0643,INT30,63,Lookalike model
U0643,INT03,62,Engagement-inferred
U0643,INT22,61,Engagement-inferred
U0644,INT07,94,Lookalike model
U0644,INT01,81,Declared
U0644,INT08,80,Engagement-inferred
U0644,INT09,80,Lookalike model
U0644,INT48,79,Lookalike model
U0644,INT49,79,Engagement-inferred
U0644,INT11,78,Lookalike model
U0644,INT14,74,Engagement-inferred
U0644,INT50,62,Engagement-inferred
U0644,INT26,61,Engagement-inferred
U0644,INT28,60,Lookalike model
U0644,INT04,60,Engagement-inferred
U0644,INT44,59,Engagement-inferred
U0644,INT03,59,Declared
U0645,INT40,94,Declared
U0645,INT41,75,Engagement-inferred
U0645,INT42,74,Engagement-inferred
U0645,INT03,70,Engagement-inferred
U0645,INT07,69,Engagement-inferred
U0645,INT04,68,Lookalike model
U0645,INT10,65,Engagement-inferred
U0645,INT09,61,Engagement-inferred
U0645,INT08,59,Engagement-inferred
U0645,INT05,58,Declared
U0645,INT17,56,Engagement-inferred
U0645,INT16,55,Engagement-inferred
U0645,INT11,48,Engagement-inferred
U0645,INT22,46,Lookalike model
U0646,INT16,91,Engagement-inferred
U0646,INT11,91,Engagement-inferred
U0646,INT24,81,Engagement-inferred
U0646,INT14,79,Declared
U0646,INT17,77,Engagement-inferred
U0646,INT25,73,Engagement-inferred
U0646,INT02,73,Lookalike model
U0646,INT49,72,Lookalike model
U0646,INT01,71,Engagement-inferred
U0646,INT07,69,Engagement-inferred
U0646,INT27,69,Engagement-inferred
U0646,INT26,68,Declared
U0646,INT23,68,Engagement-inferred
U0646,INT32,68,Engagement-inferred
U0647,INT04,98,Declared
U0647,INT47,97,Lookalike model
U0647,INT05,97,Engagement-inferred
U0647,INT03,97,Declared
U0647,INT38,91,Engagement-inferred
U0647,INT28,82,Engagement-inferred
U0647,INT13,78,Engagement-inferred
U0647,INT26,77,Engagement-inferred
U0647,INT27,72,Lookalike model
U0647,INT29,70,Engagement-inferred
U0647,INT31,67,Engagement-inferred
U0647,INT11,60,Engagement-inferred
U0647,INT30,60,Declared
U0647,INT32,57,Engagement-inferred
U0648,INT01,90,Engagement-inferred
U0648,INT16,84,Engagement-inferred
U0648,INT17,77,Engagement-inferred
U0648,INT22,69,Declared
U0648,INT06,69,Engagement-inferred
U0648,INT47,66,Engagement-inferred
U0648,INT12,64,Engagement-inferred
U0648,INT23,64,Declared
U0648,INT02,64,Declared
U0648,INT24,62,Declared
U0648,INT33,61,Lookalike model
U0648,INT26,59,Engagement-inferred
U0648,INT38,57,Engagement-inferred
U0648,INT49,56,Engagement-inferred
U0649,INT26,91,Engagement-inferred
U0649,INT11,90,Lookalike model
U0649,INT28,83,Engagement-inferred
U0649,INT07,80,Engagement-inferred
U0649,INT14,78,Engagement-inferred
U0649,INT30,77,Engagement-inferred
U0649,INT27,74,Declared
U0649,INT31,72,Declared
U0649,INT10,72,Engagement-inferred
U0649,INT08,72,Lookalike model
U0649,INT09,71,Engagement-inferred
U0649,INT29,64,Engagement-inferred
U0649,INT32,63,Engagement-inferred
U0649,INT36,62,Declared
U0650,INT16,79,Engagement-inferred
U0650,INT44,77,Lookalike model
U0650,INT47,74,Declared
U0650,INT26,74,Lookalike model
U0650,INT22,74,Declared
U0650,INT24,72,Engagement-inferred
U0650,INT48,71,Engagement-inferred
U0650,INT23,70,Engagement-inferred
U0650,INT49,68,Engagement-inferred
U0650,INT32,68,Lookalike model
U0650,INT38,66,Lookalike model
U0650,INT17,66,Engagement-inferred
U0650,INT09,64,Engagement-inferred
U0650,INT15,63,Engagement-inferred
U0651,INT16,88,Engagement-inferred
U0651,INT07,88,Engagement-inferred
U0651,INT11,84,Lookalike model
U0651,INT08,81,Engagement-inferred
U0651,INT40,78,Engagement-inferred
U0651,INT17,76,Engagement-inferred
U0651,INT10,76,Declared
U0651,INT43,75,Engagement-inferred
U0651,INT14,73,Lookalike model
U0651,INT05,73,Engagement-inferred
U0651,INT03,71,Engagement-inferred
U0651,INT36,71,Engagement-inferred
U0651,INT09,71,Engagement-inferred
U0651,INT42,71,Engagement-inferred
U0652,INT10,92,Declared
U0652,INT11,85,Lookalike model
U0652,INT40,78,Lookalike model
U0652,INT01,78,Declared
U0652,INT49,75,Engagement-inferred
U0652,INT48,75,Declared
U0652,INT26,70,Engagement-inferred
U0652,INT02,69,Lookalike model
U0652,INT50,68,Declared
U0652,INT03,68,Lookalike model
U0652,INT42,66,Engagement-inferred
U0652,INT41,66,Engagement-inferred
U0652,INT06,63,Engagement-inferred
U0652,INT27,61,Declared
U0653,INT36,90,Engagement-inferred
U0653,INT26,86,Declared
U0653,INT31,80,Engagement-inferred
U0653,INT04,78,Engagement-inferred
U0653,INT47,76,Engagement-inferred
U0653,INT03,76,Declared
U0653,INT18,76,Declared
U0653,INT33,75,Declared
U0653,INT30,74,Lookalike model
U0653,INT21,73,Engagement-inferred
U0653,INT27,72,Engagement-inferred
U0653,INT19,72,Lookalike model
U0653,INT38,71,Engagement-inferred
U0653,INT20,71,Declared
U0654,INT38,76,Engagement-inferred
U0654,INT37,75,Engagement-inferred
U0654,INT11,72,Lookalike model
U0654,INT26,71,Engagement-inferred
U0654,INT20,71,Lookalike model
U0654,INT07,69,Engagement-inferred
U0654,INT44,66,Lookalike model
U0654,INT36,66,Engagement-inferred
U0654,INT19,66,Engagement-inferred
U0654,INT14,65,Lookalike model
U0654,INT16,62,Declared
U0654,INT47,61,Lookalike model
U0654,INT39,57,Lookalike model
U0654,INT03,57,Engagement-inferred
U0655,INT26,100,Declared
U0655,INT27,86,Engagement-inferred
U0655,INT37,82,Engagement-inferred
U0655,INT32,81,Declared
U0655,INT30,80,Declared
U0655,INT36,79,Declared
U0655,INT03,77,Declared
U0655,INT28,77,Lookalike model
U0655,INT04,77,Engagement-inferred
U0655,INT47,76,Lookalike model
U0655,INT29,74,Engagement-inferred
U0655,INT31,73,Engagement-inferred
U0655,INT33,73,Engagement-inferred
U0655,INT45,72,Engagement-inferred
U0656,INT33,100,Declared
U0656,INT11,88,Engagement-inferred
U0656,INT26,85,Declared
U0656,INT34,76,Engagement-inferred
U0656,INT25,74,Lookalike model
U0656,INT27,74,Engagement-inferred
U0656,INT30,74,Lookalike model
U0656,INT03,74,Engagement-inferred
U0656,INT16,72,Engagement-inferred
U0656,INT05,72,Engagement-inferred
U0656,INT35,72,Engagement-inferred
U0656,INT14,71,Lookalike model
U0656,INT29,68,Engagement-inferred
U0656,INT04,64,Engagement-inferred
U0657,INT33,80,Engagement-inferred
U0657,INT03,72,Declared
U0657,INT35,72,Engagement-inferred
U0657,INT14,71,Lookalike model
U0657,INT47,71,Engagement-inferred
U0657,INT05,67,Lookalike model
U0657,INT11,67,Engagement-inferred
U0657,INT38,67,Engagement-inferred
U0657,INT27,62,Declared
U0657,INT04,62,Declared
U0657,INT34,59,Engagement-inferred
U0657,INT32,54,Engagement-inferred
U0657,INT26,54,Lookalike model
U0657,INT10,50,Engagement-inferred
U0658,INT49,95,Declared
U0658,INT01,85,Lookalike model
U0658,INT26,84,Engagement-inferred
U0658,INT48,82,Engagement-inferred
U0658,INT02,81,Lookalike model
U0658,INT33,81,Lookalike model
U0658,INT40,70,Engagement-inferred
U0658,INT06,69,Lookalike model
U0658,INT42,69,Engagement-inferred
U0658,INT50,65,Lookalike model
U0658,INT43,65,Engagement-inferred
U0658,INT44,65,Lookalike model
U0658,INT30,63,Declared
U0658,INT41,63,Lookalike model
U0659,INT07,94,Engagement-inferred
U0659,INT16,91,Lookalike model
U0659,INT08,88,Declared
U0659,INT04,85,Engagement-inferred
U0659,INT03,83,Engagement-inferred
U0659,INT27,83,Engagement-inferred
U0659,INT09,82,Engagement-inferred
U0659,INT26,81,Lookalike model
U0659,INT48,81,Engagement-inferred
U0659,INT29,80,Engagement-inferred
U0659,INT10,80,Lookalike model
U0659,INT49,79,Declared
U0659,INT22,75,Engagement-inferred
U0659,INT23,72,Engagement-inferred
U0660,INT10,91,Engagement-inferred
U0660,INT24,82,Engagement-inferred
U0660,INT33,81,Engagement-inferred
U0660,INT22,77,Engagement-inferred
U0660,INT47,77,Declared
U0660,INT38,72,Lookalike model
U0660,INT15,69,Engagement-inferred
U0660,INT23,69,Engagement-inferred
U0660,INT44,68,Engagement-inferred
U0660,INT21,68,Engagement-inferred
U0660,INT18,66,Declared
U0660,INT46,64,Engagement-inferred
U0660,INT35,62,Lookalike model
U0660,INT08,60,Engagement-inferred
U0661,INT26,99,Engagement-inferred
U0661,INT14,92,Engagement-inferred
U0661,INT27,85,Lookalike model
U0661,INT11,83,Engagement-inferred
U0661,INT30,81,Engagement-inferred
U0661,INT29,78,Engagement-inferred
U0661,INT32,75,Declared
U0661,INT28,74,Declared
U0661,INT19,74,Engagement-inferred
U0661,INT18,73,Engagement-inferred
U0661,INT05,69,Engagement-inferred
U0661,INT10,69,Declared
U0661,INT31,67,Engagement-inferred
U0661,INT21,63,Declared
U0662,INT08,100,Engagement-inferred
U0662,INT07,97,Declared
U0662,INT09,97,Engagement-inferred
U0662,INT33,96,Declared
U0662,INT44,85,Engagement-inferred
U0662,INT11,82,Declared
U0662,INT35,80,Lookalike model
U0662,INT03,78,Lookalike model
U0662,INT14,77,Engagement-inferred
U0662,INT19,76,Engagement-inferred
U0662,INT43,76,Declared
U0662,INT34,74,Lookalike model
U0662,INT04,73,Engagement-inferred
U0662,INT18,73,Engagement-inferred
U0663,INT34,100,Engagement-inferred
U0663,INT33,100,Declared
U0663,INT47,88,Engagement-inferred
U0663,INT49,87,Engagement-inferred
U0663,INT23,85,Lookalike model
U0663,INT48,84,Lookalike model
U0663,INT07,84,Engagement-inferred
U0663,INT35,80,Lookalike model
U0663,INT22,80,Engagement-inferred
U0663,INT50,79,Engagement-inferred
U0663,INT15,78,Engagement-inferred
U0663,INT24,77,Engagement-inferred
U0663,INT38,76,Engagement-inferred
U0663,INT16,76,Engagement-inferred
U0664,INT19,84,Engagement-inferred
U0664,INT20,83,Lookalike model
U0664,INT18,82,Engagement-inferred
U0664,INT07,81,Engagement-inferred
U0664,INT21,75,Engagement-inferred
U0664,INT25,74,Engagement-inferred
U0664,INT44,70,Engagement-inferred
U0664,INT14,70,Declared
U0664,INT08,67,Declared
U0664,INT03,63,Engagement-inferred
U0664,INT46,62,Engagement-inferred
U0664,INT22,62,Engagement-inferred
U0664,INT05,61,Declared
U0664,INT11,61,Engagement-inferred
U0665,INT44,100,Engagement-inferred
U0665,INT21,88,Engagement-inferred
U0665,INT49,85,Declared
U0665,INT33,84,Lookalike model
U0665,INT19,83,Declared
U0665,INT11,80,Engagement-inferred
U0665,INT14,80,Engagement-inferred
U0665,INT43,79,Lookalike model
U0665,INT48,78,Lookalike model
U0665,INT03,78,Engagement-inferred
U0665,INT18,76,Declared
U0665,INT50,75,Engagement-inferred
U0665,INT40,73,Declared
U0665,INT20,73,Engagement-inferred
U0666,INT44,88,Declared
U0666,INT01,79,Declared
U0666,INT24,77,Engagement-inferred
U0666,INT11,77,Engagement-inferred
U0666,INT10,77,Engagement-inferred
U0666,INT14,75,Lookalike model
U0666,INT43,72,Declared
U0666,INT07,71,Engagement-inferred
U0666,INT16,63,Lookalike model
U0666,INT08,62,Declared
U0666,INT22,61,Engagement-inferred
U0666,INT06,60,Engagement-inferred
U0666,INT15,60,Lookalike model
U0666,INT12,58,Engagement-inferred
U0667,INT47,98,Engagement-inferred
U0667,INT49,92,Engagement-inferred
U0667,INT38,86,Engagement-inferred
U0667,INT23,79,Engagement-inferred
U0667,INT24,77,Lookalike model
U0667,INT19,76,Engagement-inferred
U0667,INT16,75,Lookalike model
U0667,INT48,75,Lookalike model
U0667,INT22,74,Declared
U0667,INT50,67,Engagement-inferred
U0667,INT36,65,Lookalike model
U0667,INT15,63,Declared
U0667,INT29,62,Engagement-inferred
U0667,INT04,61,Declared
U0668,INT07,85,Engagement-inferred
U0668,INT01,81,Engagement-inferred
U0668,INT44,80,Lookalike model
U0668,INT26,80,Lookalike model
U0668,INT43,80,Engagement-inferred
U0668,INT46,78,Engagement-inferred
U0668,INT28,75,Engagement-inferred
U0668,INT06,72,Engagement-inferred
U0668,INT24,71,Declared
U0668,INT14,69,Engagement-inferred
U0668,INT22,67,Engagement-inferred
U0668,INT23,67,Engagement-inferred
U0668,INT27,66,Engagement-inferred
U0668,INT32,66,Engagement-inferred
U0669,INT19,95,Engagement-inferred
U0669,INT18,86,Engagement-inferred
U0669,INT20,82,Engagement-inferred
U0669,INT03,81,Engagement-inferred
U0669,INT04,79,Engagement-inferred
U0669,INT05,78,Declared
U0669,INT21,78,Engagement-inferred
U0669,INT47,68,Engagement-inferred
U0669,INT41,68,Engagement-inferred
U0669,INT40,68,Lookalike model
U0669,INT38,67,Engagement-inferred
U0669,INT42,66,Engagement-inferred
U0669,INT30,64,Engagement-inferred
U0669,INT25,62,Engagement-inferred
U0670,INT10,85,Engagement-inferred
U0670,INT25,64,Engagement-inferred
U0670,INT14,61,Engagement-inferred
U0670,INT21,60,Engagement-inferred
U0670,INT11,59,Declared
U0670,INT07,59,Engagement-inferred
U0670,INT27,58,Engagement-inferred
U0670,INT48,57,Engagement-inferred
U0670,INT19,56,Engagement-inferred
U0670,INT20,56,Engagement-inferred
U0670,INT18,56,Lookalike model
U0670,INT31,51,Engagement-inferred
U0670,INT29,51,Engagement-inferred
U0670,INT01,50,Declared
U0671,INT16,97,Lookalike model
U0671,INT17,86,Engagement-inferred
U0671,INT43,81,Declared
U0671,INT27,81,Engagement-inferred
U0671,INT07,81,Engagement-inferred
U0671,INT26,77,Engagement-inferred
U0671,INT28,73,Engagement-inferred
U0671,INT44,69,Lookalike model
U0671,INT29,68,Engagement-inferred
U0671,INT30,67,Engagement-inferred
U0671,INT31,67,Engagement-inferred
U0671,INT08,65,Engagement-inferred
U0671,INT12,64,Lookalike model
U0671,INT32,63,Declared
U0672,INT44,82,Lookalike model
U0672,INT24,75,Engagement-inferred
U0672,INT46,68,Engagement-inferred
U0672,INT43,67,Declared
U0672,INT15,67,Lookalike model
U0672,INT40,65,Engagement-inferred
U0672,INT10,65,Lookalike model
U0672,INT23,64,Lookalike model
U0672,INT22,64,Engagement-inferred
U0672,INT20,60,Lookalike model
U0672,INT41,60,Engagement-inferred
U0672,INT14,59,Engagement-inferred
U0672,INT19,59,Engagement-inferred
U0672,INT18,57,Engagement-inferred
U0673,INT19,89,Engagement-inferred
U0673,INT07,83,Engagement-inferred
U0673,INT10,81,Engagement-inferred
U0673,INT26,80,Lookalike model
U0673,INT21,78,Lookalike model
U0673,INT20,77,Engagement-inferred
U0673,INT29,74,Engagement-inferred
U0673,INT44,72,Engagement-inferred
U0673,INT03,72,Engagement-inferred
U0673,INT18,70,Engagement-inferred
U0673,INT47,70,Engagement-inferred
U0673,INT05,68,Lookalike model
U0673,INT27,67,Declared
U0673,INT09,67,Engagement-inferred
U0674,INT26,97,Engagement-inferred
U0674,INT07,91,Engagement-inferred
U0674,INT08,89,Engagement-inferred
U0674,INT24,82,Engagement-inferred
U0674,INT09,80,Lookalike model
U0674,INT32,77,Engagement-inferred
U0674,INT22,74,Engagement-inferred
U0674,INT27,74,Engagement-inferred
U0674,INT44,73,Declared
U0674,INT33,72,Engagement-inferred
U0674,INT28,71,Engagement-inferred
U0674,INT29,71,Engagement-inferred
U0674,INT31,69,Lookalike model
U0674,INT46,68,Engagement-inferred
U0675,INT33,78,Engagement-inferred
U0675,INT11,78,Declared
U0675,INT01,70,Engagement-inferred
U0675,INT14,66,Engagement-inferred
U0675,INT34,64,Lookalike model
U0675,INT45,59,Engagement-inferred
U0675,INT35,58,Lookalike model
U0675,INT25,57,Engagement-inferred
U0675,INT24,57,Engagement-inferred
U0675,INT23,56,Lookalike model
U0675,INT08,54,Declared
U0675,INT09,53,Engagement-inferred
U0675,INT02,53,Engagement-inferred
U0675,INT07,53,Declared
U0676,INT38,98,Lookalike model
U0676,INT47,93,Lookalike model
U0676,INT02,84,Lookalike model
U0676,INT01,80,Engagement-inferred
U0676,INT06,73,Declared
U0676,INT14,73,Engagement-inferred
U0676,INT44,68,Engagement-inferred
U0676,INT11,66,Engagement-inferred
U0676,INT39,65,Engagement-inferred
U0676,INT49,64,Engagement-inferred
U0676,INT36,63,Engagement-inferred
U0676,INT50,61,Declared
U0676,INT07,59,Engagement-inferred
U0676,INT37,59,Engagement-inferred
U0677,INT40,97,Engagement-inferred
U0677,INT37,82,Lookalike model
U0677,INT11,82,Engagement-inferred
U0677,INT10,80,Engagement-inferred
U0677,INT36,80,Engagement-inferred
U0677,INT41,77,Engagement-inferred
U0677,INT01,76,Engagement-inferred
U0677,INT42,76,Lookalike model
U0677,INT02,73,Engagement-inferred
U0677,INT14,71,Lookalike model
U0677,INT26,69,Declared
U0677,INT03,69,Lookalike model
U0677,INT39,63,Engagement-inferred
U0677,INT30,62,Engagement-inferred
U0678,INT11,100,Declared
U0678,INT14,89,Engagement-inferred
U0678,INT24,75,Declared
U0678,INT18,73,Engagement-inferred
U0678,INT05,70,Engagement-inferred
U0678,INT23,66,Engagement-inferred
U0678,INT19,66,Engagement-inferred
U0678,INT48,65,Declared
U0678,INT20,64,Engagement-inferred
U0678,INT17,63,Engagement-inferred
U0678,INT33,63,Lookalike model
U0678,INT10,61,Engagement-inferred
U0678,INT15,61,Engagement-inferred
U0678,INT04,60,Engagement-inferred
U0679,INT01,83,Engagement-inferred
U0679,INT11,80,Engagement-inferred
U0679,INT47,80,Engagement-inferred
U0679,INT03,79,Declared
U0679,INT04,78,Engagement-inferred
U0679,INT06,78,Lookalike model
U0679,INT19,76,Declared
U0679,INT18,76,Lookalike model
U0679,INT05,73,Engagement-inferred
U0679,INT16,70,Engagement-inferred
U0679,INT02,69,Engagement-inferred
U0679,INT38,67,Engagement-inferred
U0679,INT14,67,Declared
U0679,INT20,66,Declared
U0680,INT26,92,Engagement-inferred
U0680,INT28,91,Lookalike model
U0680,INT03,89,Engagement-inferred
U0680,INT04,85,Engagement-inferred
U0680,INT47,85,Lookalike model
U0680,INT30,81,Engagement-inferred
U0680,INT38,80,Engagement-inferred
U0680,INT05,80,Engagement-inferred
U0680,INT27,79,Declared
U0680,INT25,77,Engagement-inferred
U0680,INT16,76,Lookalike model
U0680,INT32,76,Engagement-inferred
U0680,INT29,74,Engagement-inferred
U0680,INT31,73,Engagement-inferred
U0681,INT27,75,Engagement-inferred
U0681,INT44,74,Lookalike model
U0681,INT26,73,Engagement-inferred
U0681,INT33,71,Engagement-inferred
U0681,INT14,70,Lookalike model
U0681,INT43,69,Engagement-inferred
U0681,INT22,68,Declared
U0681,INT34,68,Lookalike model
U0681,INT28,67,Lookalike model
U0681,INT24,64,Engagement-inferred
U0681,INT23,64,Engagement-inferred
U0681,INT10,63,Lookalike model
U0681,INT11,62,Engagement-inferred
U0681,INT13,61,Engagement-inferred
U0682,INT33,100,Declared
U0682,INT16,88,Engagement-inferred
U0682,INT23,88,Declared
U0682,INT22,83,Engagement-inferred
U0682,INT34,82,Lookalike model
U0682,INT24,80,Engagement-inferred
U0682,INT11,78,Engagement-inferred
U0682,INT35,77,Lookalike model
U0682,INT01,76,Lookalike model
U0682,INT15,75,Declared
U0682,INT17,71,Engagement-inferred
U0682,INT40,71,Engagement-inferred
U0682,INT02,68,Engagement-inferred
U0682,INT12,68,Declared
U0683,INT36,100,Engagement-inferred
U0683,INT37,92,Engagement-inferred
U0683,INT16,92,Engagement-inferred
U0683,INT19,86,Engagement-inferred
U0683,INT14,86,Declared
U0683,INT18,82,Engagement-inferred
U0683,INT12,79,Lookalike model
U0683,INT21,77,Engagement-inferred
U0683,INT20,77,Lookalike model
U0683,INT39,76,Engagement-inferred
U0683,INT11,74,Engagement-inferred
U0683,INT24,73,Engagement-inferred
U0683,INT03,73,Lookalike model
U0683,INT17,71,Declared
U0684,INT04,82,Engagement-inferred
U0684,INT07,81,Engagement-inferred
U0684,INT10,77,Engagement-inferred
U0684,INT26,73,Engagement-inferred
U0684,INT08,71,Engagement-inferred
U0684,INT03,67,Engagement-inferred
U0684,INT09,67,Engagement-inferred
U0684,INT25,62,Engagement-inferred
U0684,INT49,57,Engagement-inferred
U0684,INT27,53,Engagement-inferred
U0684,INT50,53,Engagement-inferred
U0684,INT05,52,Engagement-inferred
U0684,INT47,52,Engagement-inferred
U0684,INT34,51,Engagement-inferred
U0685,INT33,99,Engagement-inferred
U0685,INT22,89,Engagement-inferred
U0685,INT15,78,Lookalike model
U0685,INT26,78,Engagement-inferred
U0685,INT24,75,Lookalike model
U0685,INT28,74,Declared
U0685,INT31,72,Engagement-inferred
U0685,INT35,70,Declared
U0685,INT27,70,Lookalike model
U0685,INT01,70,Engagement-inferred
U0685,INT23,66,Engagement-inferred
U0685,INT32,66,Declared
U0685,INT06,65,Engagement-inferred
U0685,INT02,63,Lookalike model
U0686,INT19,96,Engagement-inferred
U0686,INT10,94,Engagement-inferred
U0686,INT26,91,Declared
U0686,INT27,89,Engagement-inferred
U0686,INT21,88,Engagement-inferred
U0686,INT07,88,Engagement-inferred
U0686,INT20,87,Engagement-inferred
U0686,INT28,85,Engagement-inferred
U0686,INT22,85,Declared
U0686,INT31,85,Engagement-inferred
U0686,INT24,84,Engagement-inferred
U0686,INT18,83,Engagement-inferred
U0686,INT01,82,Engagement-inferred
U0686,INT08,82,Engagement-inferred
U0687,INT26,93,Lookalike model
U0687,INT27,86,Declared
U0687,INT29,81,Declared
U0687,INT30,79,Lookalike model
U0687,INT28,77,Engagement-inferred
U0687,INT14,74,Declared
U0687,INT24,73,Engagement-inferred
U0687,INT11,73,Engagement-inferred
U0687,INT49,71,Declared
U0687,INT03,70,Lookalike model
U0687,INT22,69,Lookalike model
U0687,INT32,69,Lookalike model
U0687,INT23,65,Engagement-inferred
U0687,INT31,64,Engagement-inferred
U0688,INT11,94,Engagement-inferred
U0688,INT47,88,Engagement-inferred
U0688,INT38,87,Declared
U0688,INT01,81,Engagement-inferred
U0688,INT26,74,Engagement-inferred
U0688,INT02,73,Lookalike model
U0688,INT14,70,Declared
U0688,INT32,67,Engagement-inferred
U0688,INT30,64,Declared
U0688,INT29,61,Engagement-inferred
U0688,INT28,60,Lookalike model
U0688,INT44,58,Engagement-inferred
U0688,INT25,57,Declared
U0688,INT46,57,Engagement-inferred
U0689,INT07,95,Lookalike model
U0689,INT47,93,Lookalike model
U0689,INT03,89,Engagement-inferred
U0689,INT08,86,Engagement-inferred
U0689,INT38,84,Declared
U0689,INT05,81,Engagement-inferred
U0689,INT10,80,Engagement-inferred
U0689,INT40,79,Engagement-inferred
U0689,INT11,78,Engagement-inferred
U0689,INT04,77,Engagement-inferred
U0689,INT41,73,Engagement-inferred
U0689,INT01,72,Engagement-inferred
U0689,INT35,72,Engagement-inferred
U0689,INT33,71,Lookalike model
U0690,INT26,91,Lookalike model
U0690,INT04,90,Lookalike model
U0690,INT28,90,Declared
U0690,INT27,88,Engagement-inferred
U0690,INT30,87,Engagement-inferred
U0690,INT47,84,Engagement-inferred
U0690,INT40,83,Engagement-inferred
U0690,INT33,83,Lookalike model
U0690,INT10,83,Engagement-inferred
U0690,INT03,82,Engagement-inferred
U0690,INT32,81,Engagement-inferred
U0690,INT05,78,Engagement-inferred
U0690,INT29,75,Engagement-inferred
U0690,INT42,75,Lookalike model
U0691,INT25,92,Engagement-inferred
U0691,INT40,83,Engagement-inferred
U0691,INT11,80,Engagement-inferred
U0691,INT14,79,Engagement-inferred
U0691,INT07,72,Engagement-inferred
U0691,INT42,67,Engagement-inferred
U0691,INT08,66,Engagement-inferred
U0691,INT47,63,Engagement-inferred
U0691,INT41,63,Engagement-inferred
U0691,INT21,61,Engagement-inferred
U0691,INT18,60,Engagement-inferred
U0691,INT09,59,Lookalike model
U0691,INT19,59,Lookalike model
U0691,INT01,58,Lookalike model
U0692,INT44,95,Lookalike model
U0692,INT36,85,Declared
U0692,INT19,84,Declared
U0692,INT43,77,Engagement-inferred
U0692,INT14,71,Engagement-inferred
U0692,INT47,70,Lookalike model
U0692,INT23,68,Lookalike model
U0692,INT13,68,Engagement-inferred
U0692,INT24,67,Lookalike model
U0692,INT07,67,Engagement-inferred
U0692,INT33,66,Lookalike model
U0692,INT38,66,Lookalike model
U0692,INT40,65,Lookalike model
U0692,INT20,65,Engagement-inferred
U0693,INT03,98,Declared
U0693,INT05,89,Engagement-inferred
U0693,INT17,86,Declared
U0693,INT47,85,Declared
U0693,INT04,83,Engagement-inferred
U0693,INT16,83,Engagement-inferred
U0693,INT07,79,Declared
U0693,INT44,73,Engagement-inferred
U0693,INT38,73,Engagement-inferred
U0693,INT12,73,Engagement-inferred
U0693,INT26,72,Engagement-inferred
U0693,INT19,65,Engagement-inferred
U0693,INT28,61,Engagement-inferred
U0693,INT11,60,Lookalike model
U0694,INT01,92,Lookalike model
U0694,INT06,81,Engagement-inferred
U0694,INT44,80,Engagement-inferred
U0694,INT20,74,Declared
U0694,INT19,74,Engagement-inferred
U0694,INT26,73,Declared
U0694,INT33,72,Engagement-inferred
U0694,INT29,70,Declared
U0694,INT43,69,Engagement-inferred
U0694,INT16,68,Declared
U0694,INT21,68,Lookalike model
U0694,INT02,68,Engagement-inferred
U0694,INT03,65,Engagement-inferred
U0694,INT18,64,Engagement-inferred
U0695,INT33,93,Declared
U0695,INT26,93,Lookalike model
U0695,INT44,92,Engagement-inferred
U0695,INT27,87,Declared
U0695,INT11,87,Lookalike model
U0695,INT14,85,Engagement-inferred
U0695,INT25,83,Lookalike model
U0695,INT28,77,Engagement-inferred
U0695,INT10,76,Lookalike model
U0695,INT32,74,Engagement-inferred
U0695,INT43,70,Declared
U0695,INT04,69,Engagement-inferred
U0695,INT31,69,Lookalike model
U0695,INT03,69,Engagement-inferred
U0696,INT07,100,Declared
U0696,INT08,91,Engagement-inferred
U0696,INT09,83,Engagement-inferred
U0696,INT26,76,Declared
U0696,INT11,75,Engagement-inferred
U0696,INT25,75,Engagement-inferred
U0696,INT30,72,Engagement-inferred
U0696,INT14,72,Lookalike model
U0696,INT03,71,Engagement-inferred
U0696,INT10,69,Engagement-inferred
U0696,INT04,66,Lookalike model
U0696,INT33,65,Declared
U0696,INT28,65,Lookalike model
U0696,INT27,65,Lookalike model
U0697,INT49,100,Lookalike model
U0697,INT48,100,Engagement-inferred
U0697,INT50,85,Lookalike model
U0697,INT35,75,Declared
U0697,INT33,74,Engagement-inferred
U0697,INT01,74,Engagement-inferred
U0697,INT26,71,Engagement-inferred
U0697,INT02,64,Engagement-inferred
U0697,INT27,62,Lookalike model
U0697,INT06,62,Engagement-inferred
U0697,INT36,61,Engagement-inferred
U0697,INT34,60,Engagement-inferred
U0697,INT31,60,Lookalike model
U0697,INT30,59,Engagement-inferred
U0698,INT07,92,Engagement-inferred
U0698,INT09,91,Engagement-inferred
U0698,INT08,80,Engagement-inferred
U0698,INT14,78,Declared
U0698,INT10,76,Engagement-inferred
U0698,INT26,76,Engagement-inferred
U0698,INT16,76,Engagement-inferred
U0698,INT46,75,Lookalike model
U0698,INT11,75,Engagement-inferred
U0698,INT27,63,Lookalike model
U0698,INT48,63,Engagement-inferred
U0698,INT31,62,Engagement-inferred
U0698,INT28,61,Declared
U0698,INT32,58,Declared
U0699,INT16,97,Engagement-inferred
U0699,INT01,84,Declared
U0699,INT02,80,Declared
U0699,INT44,79,Engagement-inferred
U0699,INT12,76,Lookalike model
U0699,INT46,73,Engagement-inferred
U0699,INT47,72,Engagement-inferred
U0699,INT43,71,Engagement-inferred
U0699,INT22,70,Engagement-inferred
U0699,INT38,65,Engagement-inferred
U0699,INT17,65,Declared
U0699,INT24,64,Engagement-inferred
U0699,INT26,64,Engagement-inferred
U0699,INT23,63,Engagement-inferred
U0700,INT40,95,Engagement-inferred
U0700,INT44,80,Engagement-inferred
U0700,INT42,79,Lookalike model
U0700,INT41,78,Engagement-inferred
U0700,INT19,67,Declared
U0700,INT43,67,Engagement-inferred
U0700,INT21,64,Engagement-inferred
U0700,INT35,63,Lookalike model
U0700,INT34,63,Lookalike model
U0700,INT20,62,Engagement-inferred
U0700,INT33,61,Lookalike model
U0700,INT18,60,Engagement-inferred
U0700,INT01,54,Engagement-inferred
U0700,INT16,53,Engagement-inferred
U0701,INT44,93,Lookalike model
U0701,INT03,93,Engagement-inferred
U0701,INT04,89,Engagement-inferred
U0701,INT14,88,Engagement-inferred
U0701,INT10,85,Declared
U0701,INT11,84,Engagement-inferred
U0701,INT43,81,Declared
U0701,INT05,80,Engagement-inferred
U0701,INT48,71,Engagement-inferred
U0701,INT27,68,Lookalike model
U0701,INT01,68,Engagement-inferred
U0701,INT26,67,Engagement-inferred
U0701,INT28,67,Engagement-inferred
U0701,INT23,65,Engagement-inferred
U0702,INT25,100,Engagement-inferred
U0702,INT48,99,Engagement-inferred
U0702,INT47,92,Engagement-inferred
U0702,INT38,86,Engagement-inferred
U0702,INT40,85,Engagement-inferred
U0702,INT49,83,Engagement-inferred
U0702,INT19,81,Engagement-inferred
U0702,INT11,80,Declared
U0702,INT36,76,Declared
U0702,INT14,75,Engagement-inferred
U0702,INT42,75,Engagement-inferred
U0702,INT21,74,Engagement-inferred
U0702,INT37,74,Engagement-inferred
U0702,INT18,69,Engagement-inferred
U0703,INT33,76,Lookalike model
U0703,INT46,68,Engagement-inferred
U0703,INT35,66,Engagement-inferred
U0703,INT48,62,Engagement-inferred
U0703,INT07,62,Engagement-inferred
U0703,INT24,61,Engagement-inferred
U0703,INT44,61,Engagement-inferred
U0703,INT49,60,Engagement-inferred
U0703,INT10,59,Engagement-inferred
U0703,INT22,58,Engagement-inferred
U0703,INT34,58,Engagement-inferred
U0703,INT23,55,Engagement-inferred
U0703,INT25,55,Engagement-inferred
U0703,INT43,54,Engagement-inferred
U0704,INT26,100,Lookalike model
U0704,INT16,96,Engagement-inferred
U0704,INT27,94,Engagement-inferred
U0704,INT28,92,Engagement-inferred
U0704,INT17,86,Engagement-inferred
U0704,INT03,83,Lookalike model
U0704,INT32,82,Declared
U0704,INT10,79,Declared
U0704,INT29,78,Lookalike model
U0704,INT04,78,Engagement-inferred
U0704,INT31,75,Engagement-inferred
U0704,INT30,73,Engagement-inferred
U0704,INT01,72,Engagement-inferred
U0704,INT25,71,Engagement-inferred
U0705,INT01,93,Engagement-inferred
U0705,INT02,90,Engagement-inferred
U0705,INT11,80,Engagement-inferred
U0705,INT07,78,Declared
U0705,INT26,77,Engagement-inferred
U0705,INT08,73,Lookalike model
U0705,INT06,72,Engagement-inferred
U0705,INT09,71,Engagement-inferred
U0705,INT40,64,Engagement-inferred
U0705,INT47,62,Declared
U0705,INT32,61,Engagement-inferred
U0705,INT16,59,Engagement-inferred
U0705,INT14,56,Lookalike model
U0705,INT38,55,Engagement-inferred
U0706,INT03,100,Engagement-inferred
U0706,INT26,88,Engagement-inferred
U0706,INT33,87,Engagement-inferred
U0706,INT04,87,Engagement-inferred
U0706,INT41,87,Engagement-inferred
U0706,INT42,86,Declared
U0706,INT19,81,Lookalike model
U0706,INT27,79,Lookalike model
U0706,INT40,77,Lookalike model
U0706,INT05,77,Engagement-inferred
U0706,INT18,77,Engagement-inferred
U0706,INT28,75,Declared
U0706,INT29,72,Declared
U0706,INT49,70,Engagement-inferred
U0707,INT11,89,Declared
U0707,INT10,86,Engagement-inferred
U0707,INT08,83,Engagement-inferred
U0707,INT14,83,Engagement-inferred
U0707,INT07,77,Engagement-inferred
U0707,INT01,69,Engagement-inferred
U0707,INT33,69,Engagement-inferred
U0707,INT09,68,Declared
U0707,INT34,67,Engagement-inferred
U0707,INT22,67,Engagement-inferred
U0707,INT38,65,Engagement-inferred
U0707,INT23,65,Lookalike model
U0707,INT24,64,Engagement-inferred
U0707,INT06,64,Engagement-inferred
U0708,INT03,100,Engagement-inferred
U0708,INT26,98,Engagement-inferred
U0708,INT04,97,Lookalike model
U0708,INT44,93,Declared
U0708,INT28,89,Engagement-inferred
U0708,INT24,89,Declared
U0708,INT49,86,Engagement-inferred
U0708,INT27,85,Engagement-inferred
U0708,INT05,84,Declared
U0708,INT29,84,Engagement-inferred
U0708,INT38,83,Lookalike model
U0708,INT23,81,Engagement-inferred
U0708,INT32,80,Engagement-inferred
U0708,INT30,79,Declared
U0709,INT22,91,Engagement-inferred
U0709,INT40,88,Lookalike model
U0709,INT37,88,Declared
U0709,INT11,85,Lookalike model
U0709,INT19,85,Declared
U0709,INT16,84,Engagement-inferred
U0709,INT41,82,Declared
U0709,INT42,82,Engagement-inferred
U0709,INT36,80,Engagement-inferred
U0709,INT17,79,Engagement-inferred
U0709,INT18,78,Engagement-inferred
U0709,INT21,77,Engagement-inferred
U0709,INT24,77,Engagement-inferred
U0709,INT12,75,Engagement-inferred
U0710,INT07,98,Engagement-inferred
U0710,INT47,89,Engagement-inferred
U0710,INT38,86,Engagement-inferred
U0710,INT09,75,Declared
U0710,INT25,75,Engagement-inferred
U0710,INT08,75,Engagement-inferred
U0710,INT26,71,Engagement-inferred
U0710,INT32,69,Engagement-inferred
U0710,INT10,68,Engagement-inferred
U0710,INT03,68,Lookalike model
U0710,INT11,67,Declared
U0710,INT28,66,Lookalike model
U0710,INT05,63,Engagement-inferred
U0710,INT43,62,Declared
U0711,INT27,90,Lookalike model
U0711,INT28,88,Engagement-inferred
U0711,INT32,86,Lookalike model
U0711,INT22,85,Engagement-inferred
U0711,INT26,85,Engagement-inferred
U0711,INT30,84,Engagement-inferred
U0711,INT23,82,Engagement-inferred
U0711,INT24,81,Engagement-inferred
U0711,INT10,79,Engagement-inferred
U0711,INT46,79,Declared
U0711,INT47,77,Declared
U0711,INT38,76,Declared
U0711,INT11,75,Declared
U0711,INT15,74,Lookalike model
U0712,INT49,85,Engagement-inferred
U0712,INT07,80,Engagement-inferred
U0712,INT13,77,Declared
U0712,INT24,77,Engagement-inferred
U0712,INT22,71,Engagement-inferred
U0712,INT08,69,Engagement-inferred
U0712,INT50,67,Engagement-inferred
U0712,INT23,64,Engagement-inferred
U0712,INT33,63,Engagement-inferred
U0712,INT15,62,Engagement-inferred
U0712,INT27,61,Lookalike model
U0712,INT48,59,Engagement-inferred
U0712,INT40,59,Engagement-inferred
U0712,INT09,58,Engagement-inferred
U0713,INT35,82,Engagement-inferred
U0713,INT33,82,Declared
U0713,INT40,77,Declared
U0713,INT28,76,Declared
U0713,INT25,75,Declared
U0713,INT34,75,Lookalike model
U0713,INT37,73,Engagement-inferred
U0713,INT26,72,Engagement-inferred
U0713,INT31,68,Declared
U0713,INT36,67,Engagement-inferred
U0713,INT41,66,Engagement-inferred
U0713,INT29,66,Engagement-inferred
U0713,INT27,64,Declared
U0713,INT42,62,Engagement-inferred
U0714,INT26,100,Engagement-inferred
U0714,INT27,85,Engagement-inferred
U0714,INT32,81,Lookalike model
U0714,INT07,80,Lookalike model
U0714,INT29,80,Engagement-inferred
U0714,INT25,80,Engagement-inferred
U0714,INT05,80,Engagement-inferred
U0714,INT33,80,Lookalike model
U0714,INT08,79,Engagement-inferred
U0714,INT38,78,Engagement-inferred
U0714,INT47,78,Lookalike model
U0714,INT14,75,Engagement-inferred
U0714,INT09,74,Engagement-inferred
U0714,INT03,73,Lookalike model
U0715,INT14,85,Engagement-inferred
U0715,INT11,84,Engagement-inferred
U0715,INT10,66,Lookalike model
U0715,INT22,64,Lookalike model
U0715,INT13,64,Lookalike model
U0715,INT24,58,Engagement-inferred
U0715,INT26,58,Engagement-inferred
U0715,INT15,56,Engagement-inferred
U0715,INT36,54,Engagement-inferred
U0715,INT23,54,Engagement-inferred
U0715,INT37,53,Engagement-inferred
U0715,INT29,53,Engagement-inferred
U0715,INT07,49,Engagement-inferred
U0715,INT46,49,Engagement-inferred
U0716,INT33,100,Engagement-inferred
U0716,INT35,93,Engagement-inferred
U0716,INT44,83,Lookalike model
U0716,INT10,82,Engagement-inferred
U0716,INT34,82,Engagement-inferred
U0716,INT26,81,Lookalike model
U0716,INT47,77,Lookalike model
U0716,INT01,75,Lookalike model
U0716,INT36,71,Engagement-inferred
U0716,INT38,69,Declared
U0716,INT29,68,Engagement-inferred
U0716,INT43,66,Engagement-inferred
U0716,INT30,65,Declared
U0716,INT11,63,Declared
U0717,INT16,100,Engagement-inferred
U0717,INT26,96,Declared
U0717,INT44,92,Engagement-inferred
U0717,INT12,79,Lookalike model
U0717,INT28,79,Engagement-inferred
U0717,INT17,79,Engagement-inferred
U0717,INT20,77,Declared
U0717,INT30,75,Lookalike model
U0717,INT43,75,Lookalike model
U0717,INT27,74,Engagement-inferred
U0717,INT01,74,Declared
U0717,INT02,68,Engagement-inferred
U0717,INT21,68,Lookalike model
U0717,INT40,68,Engagement-inferred
U0718,INT47,97,Lookalike model
U0718,INT16,88,Engagement-inferred
U0718,INT17,83,Engagement-inferred
U0718,INT38,78,Engagement-inferred
U0718,INT12,75,Engagement-inferred
U0718,INT19,72,Engagement-inferred
U0718,INT21,71,Engagement-inferred
U0718,INT25,66,Lookalike model
U0718,INT43,63,Lookalike model
U0718,INT10,61,Declared
U0718,INT46,61,Lookalike model
U0718,INT18,61,Engagement-inferred
U0718,INT22,60,Engagement-inferred
U0718,INT29,60,Engagement-inferred
U0719,INT01,99,Engagement-inferred
U0719,INT07,89,Declared
U0719,INT36,89,Engagement-inferred
U0719,INT37,87,Declared
U0719,INT33,84,Lookalike model
U0719,INT38,80,Engagement-inferred
U0719,INT09,78,Declared
U0719,INT35,78,Lookalike model
U0719,INT02,74,Engagement-inferred
U0719,INT08,74,Engagement-inferred
U0719,INT44,73,Engagement-inferred
U0719,INT34,70,Engagement-inferred
U0719,INT47,69,Engagement-inferred
U0719,INT28,67,Declared
U0720,INT11,92,Lookalike model
U0720,INT14,89,Engagement-inferred
U0720,INT48,84,Declared
U0720,INT38,83,Declared
U0720,INT47,80,Declared
U0720,INT49,73,Declared
U0720,INT03,68,Declared
U0720,INT04,67,Engagement-inferred
U0720,INT36,63,Lookalike model
U0720,INT44,62,Declared
U0720,INT33,61,Engagement-inferred
U0720,INT05,61,Engagement-inferred
U0720,INT19,56,Lookalike model
U0720,INT50,56,Engagement-inferred
U0721,INT26,100,Engagement-inferred
U0721,INT27,92,Lookalike model
U0721,INT01,92,Engagement-inferred
U0721,INT28,90,Engagement-inferred
U0721,INT32,89,Lookalike model
U0721,INT33,89,Engagement-inferred
U0721,INT22,84,Lookalike model
U0721,INT10,83,Engagement-inferred
U0721,INT11,80,Lookalike model
U0721,INT42,80,Engagement-inferred
U0721,INT02,79,Declared
U0721,INT29,79,Lookalike model
U0721,INT25,78,Engagement-inferred
U0721,INT31,77,Declared
U0722,INT04,96,Lookalike model
U0722,INT33,90,Lookalike model
U0722,INT03,86,Engagement-inferred
U0722,INT35,81,Lookalike model
U0722,INT05,76,Engagement-inferred
U0722,INT10,68,Declared
U0722,INT15,68,Lookalike model
U0722,INT25,66,Engagement-inferred
U0722,INT34,66,Engagement-inferred
U0722,INT47,65,Lookalike model
U0722,INT22,65,Engagement-inferred
U0722,INT14,63,Lookalike model
U0722,INT37,62,Lookalike model
U0722,INT27,62,Declared
U0723,INT49,89,Engagement-inferred
U0723,INT25,80,Engagement-inferred
U0723,INT48,80,Declared
U0723,INT08,73,Engagement-inferred
U0723,INT42,71,Engagement-inferred
U0723,INT47,69,Declared
U0723,INT22,68,Lookalike model
U0723,INT40,68,Engagement-inferred
U0723,INT07,67,Engagement-inferred
U0723,INT38,65,Declared
U0723,INT06,63,Engagement-inferred
U0723,INT41,62,Engagement-inferred
U0723,INT50,62,Engagement-inferred
U0723,INT24,62,Engagement-inferred
U0724,INT49,87,Lookalike model
U0724,INT48,84,Engagement-inferred
U0724,INT14,83,Declared
U0724,INT01,77,Lookalike model
U0724,INT46,76,Engagement-inferred
U0724,INT13,75,Lookalike model
U0724,INT50,75,Engagement-inferred
U0724,INT44,74,Lookalike model
U0724,INT19,74,Engagement-inferred
U0724,INT11,72,Lookalike model
U0724,INT07,71,Engagement-inferred
U0724,INT21,70,Engagement-inferred
U0724,INT02,68,Lookalike model
U0724,INT06,65,Engagement-inferred
U0725,INT04,94,Engagement-inferred
U0725,INT05,81,Lookalike model
U0725,INT03,78,Lookalike model
U0725,INT33,72,Engagement-inferred
U0725,INT46,62,Declared
U0725,INT36,61,Declared
U0725,INT50,61,Engagement-inferred
U0725,INT26,61,Engagement-inferred
U0725,INT27,60,Lookalike model
U0725,INT10,59,Declared
U0725,INT34,58,Engagement-inferred
U0725,INT48,58,Engagement-inferred
U0725,INT49,56,Engagement-inferred
U0725,INT37,56,Engagement-inferred
U0726,INT36,84,Engagement-inferred
U0726,INT05,72,Engagement-inferred
U0726,INT37,71,Engagement-inferred
U0726,INT39,70,Lookalike model
U0726,INT11,68,Engagement-inferred
U0726,INT27,66,Engagement-inferred
U0726,INT34,63,Engagement-inferred
U0726,INT04,62,Engagement-inferred
U0726,INT19,62,Engagement-inferred
U0726,INT41,61,Engagement-inferred
U0726,INT14,61,Declared
U0726,INT03,59,Lookalike model
U0726,INT26,59,Engagement-inferred
U0726,INT28,59,Engagement-inferred
U0727,INT49,94,Engagement-inferred
U0727,INT14,91,Engagement-inferred
U0727,INT50,91,Engagement-inferred
U0727,INT11,87,Lookalike model
U0727,INT19,86,Declared
U0727,INT48,85,Engagement-inferred
U0727,INT16,84,Declared
U0727,INT40,76,Engagement-inferred
U0727,INT20,75,Engagement-inferred
U0727,INT18,75,Lookalike model
U0727,INT17,74,Declared
U0727,INT38,70,Declared
U0727,INT27,69,Declared
U0727,INT26,65,Lookalike model
U0728,INT44,100,Engagement-inferred
U0728,INT33,92,Engagement-inferred
U0728,INT25,87,Lookalike model
U0728,INT34,78,Lookalike model
U0728,INT46,76,Engagement-inferred
U0728,INT43,76,Engagement-inferred
U0728,INT07,75,Engagement-inferred
U0728,INT19,72,Lookalike model
U0728,INT21,72,Engagement-inferred
U0728,INT26,70,Engagement-inferred
U0728,INT35,68,Engagement-inferred
U0728,INT20,68,Engagement-inferred
U0728,INT22,67,Engagement-inferred
U0728,INT24,66,Lookalike model
U0729,INT26,100,Engagement-inferred
U0729,INT07,100,Declared
U0729,INT47,91,Declared
U0729,INT38,89,Engagement-inferred
U0729,INT10,83,Engagement-inferred
U0729,INT19,82,Engagement-inferred
U0729,INT08,81,Engagement-inferred
U0729,INT09,80,Engagement-inferred
U0729,INT22,79,Engagement-inferred
U0729,INT24,78,Engagement-inferred
U0729,INT23,76,Lookalike model
U0729,INT21,76,Engagement-inferred
U0729,INT31,75,Engagement-inferred
U0729,INT45,73,Engagement-inferred
U0730,INT07,86,Engagement-inferred
U0730,INT14,82,Lookalike model
U0730,INT01,73,Lookalike model
U0730,INT11,66,Engagement-inferred
U0730,INT43,61,Lookalike model
U0730,INT06,59,Engagement-inferred
U0730,INT10,59,Lookalike model
U0730,INT18,58,Declared
U0730,INT02,56,Engagement-inferred
U0730,INT44,55,Declared
U0730,INT08,54,Engagement-inferred
U0730,INT09,53,Engagement-inferred
U0730,INT20,52,Engagement-inferred
U0730,INT19,52,Engagement-inferred
U0731,INT07,100,Declared
U0731,INT26,94,Engagement-inferred
U0731,INT27,84,Declared
U0731,INT14,82,Declared
U0731,INT11,81,Engagement-inferred
U0731,INT30,78,Declared
U0731,INT47,77,Engagement-inferred
U0731,INT08,77,Declared
U0731,INT10,77,Engagement-inferred
U0731,INT32,77,Lookalike model
U0731,INT03,76,Engagement-inferred
U0731,INT28,74,Declared
U0731,INT17,74,Engagement-inferred
U0731,INT05,74,Engagement-inferred
U0732,INT26,77,Engagement-inferred
U0732,INT27,77,Engagement-inferred
U0732,INT33,71,Declared
U0732,INT14,67,Engagement-inferred
U0732,INT29,67,Engagement-inferred
U0732,INT11,67,Engagement-inferred
U0732,INT31,65,Engagement-inferred
U0732,INT28,65,Engagement-inferred
U0732,INT30,64,Engagement-inferred
U0732,INT04,62,Engagement-inferred
U0732,INT32,62,Engagement-inferred
U0732,INT05,61,Lookalike model
U0732,INT35,55,Lookalike model
U0732,INT03,55,Engagement-inferred
U0733,INT36,100,Engagement-inferred
U0733,INT39,93,Engagement-inferred
U0733,INT37,85,Lookalike model
U0733,INT42,85,Lookalike model
U0733,INT10,84,Engagement-inferred
U0733,INT40,82,Engagement-inferred
U0733,INT26,81,Engagement-inferred
U0733,INT28,79,Declared
U0733,INT47,78,Declared
U0733,INT38,75,Engagement-inferred
U0733,INT03,74,Engagement-inferred
U0733,INT44,73,Engagement-inferred
U0733,INT05,73,Engagement-inferred
U0733,INT25,69,Lookalike model
U0734,INT40,95,Engagement-inferred
U0734,INT08,91,Engagement-inferred
U0734,INT41,86,Lookalike model
U0734,INT07,84,Engagement-inferred
U0734,INT42,84,Engagement-inferred
U0734,INT36,71,Engagement-inferred
U0734,INT10,70,Engagement-inferred
U0734,INT25,65,Engagement-inferred
U0734,INT09,64,Lookalike model
U0734,INT37,64,Engagement-inferred
U0734,INT26,61,Engagement-inferred
U0734,INT01,57,Declared
U0734,INT06,57,Engagement-inferred
U0734,INT14,54,Lookalike model
U0735,INT16,80,Lookalike model
U0735,INT26,79,Engagement-inferred
U0735,INT34,72,Engagement-inferred
U0735,INT29,72,Engagement-inferred
U0735,INT17,70,Lookalike model
U0735,INT22,68,Engagement-inferred
U0735,INT30,68,Engagement-inferred
U0735,INT12,68,Lookalike model
U0735,INT44,67,Engagement-inferred
U0735,INT33,66,Lookalike model
U0735,INT46,65,Declared
U0735,INT01,64,Lookalike model
U0735,INT19,64,Engagement-inferred
U0735,INT27,62,Engagement-inferred
U0736,INT26,98,Declared
U0736,INT27,96,Engagement-inferred
U0736,INT28,82,Declared
U0736,INT32,76,Lookalike model
U0736,INT29,75,Engagement-inferred
U0736,INT07,74,Engagement-inferred
U0736,INT49,74,Engagement-inferred
U0736,INT04,72,Lookalike model
U0736,INT30,72,Declared
U0736,INT08,72,Engagement-inferred
U0736,INT05,70,Declared
U0736,INT48,69,Declared
U0736,INT31,68,Declared
U0736,INT46,68,Declared
U0737,INT44,85,Declared
U0737,INT38,85,Engagement-inferred
U0737,INT26,79,Engagement-inferred
U0737,INT23,78,Declared
U0737,INT24,77,Declared
U0737,INT47,74,Engagement-inferred
U0737,INT40,73,Engagement-inferred
U0737,INT22,72,Engagement-inferred
U0737,INT32,71,Engagement-inferred
U0737,INT30,65,Engagement-inferred
U0737,INT11,64,Engagement-inferred
U0737,INT43,63,Lookalike model
U0737,INT25,59,Engagement-inferred
U0737,INT14,58,Engagement-inferred
U0738,INT16,89,Engagement-inferred
U0738,INT11,85,Engagement-inferred
U0738,INT22,83,Lookalike model
U0738,INT19,82,Engagement-inferred
U0738,INT23,81,Engagement-inferred
U0738,INT24,79,Engagement-inferred
U0738,INT14,78,Engagement-inferred
U0738,INT40,77,Engagement-inferred
U0738,INT18,75,Declared
U0738,INT17,73,Engagement-inferred
U0738,INT21,68,Engagement-inferred
U0738,INT20,66,Lookalike model
U0738,INT25,64,Engagement-inferred
U0738,INT41,63,Lookalike model
U0739,INT43,69,Engagement-inferred
U0739,INT44,64,Declared
U0739,INT10,61,Engagement-inferred
U0739,INT26,60,Engagement-inferred
U0739,INT09,59,Declared
U0739,INT15,55,Engagement-inferred
U0739,INT23,54,Declared
U0739,INT07,53,Declared
U0739,INT22,53,Engagement-inferred
U0739,INT40,52,Engagement-inferred
U0739,INT27,52,Engagement-inferred
U0739,INT28,51,Engagement-inferred
U0739,INT42,50,Lookalike model
U0739,INT08,49,Engagement-inferred
U0740,INT07,89,Declared
U0740,INT10,76,Engagement-inferred
U0740,INT47,74,Engagement-inferred
U0740,INT13,73,Engagement-inferred
U0740,INT19,71,Engagement-inferred
U0740,INT18,67,Engagement-inferred
U0740,INT38,64,Declared
U0740,INT09,64,Engagement-inferred
U0740,INT41,61,Lookalike model
U0740,INT36,61,Declared
U0740,INT08,61,Lookalike model
U0740,INT40,60,Engagement-inferred
U0740,INT45,56,Declared
U0740,INT42,56,Engagement-inferred
U0741,INT16,79,Engagement-inferred
U0741,INT11,78,Engagement-inferred
U0741,INT03,78,Lookalike model
U0741,INT10,76,Lookalike model
U0741,INT17,71,Engagement-inferred
U0741,INT14,71,Declared
U0741,INT04,70,Engagement-inferred
U0741,INT05,70,Engagement-inferred
U0741,INT48,69,Engagement-inferred
U0741,INT39,63,Lookalike model
U0741,INT43,63,Engagement-inferred
U0741,INT12,63,Lookalike model
U0741,INT46,62,Engagement-inferred
U0741,INT44,61,Engagement-inferred
U0742,INT07,91,Engagement-inferred
U0742,INT33,87,Lookalike model
U0742,INT34,84,Declared
U0742,INT46,80,Declared
U0742,INT03,75,Declared
U0742,INT05,75,Engagement-inferred
U0742,INT11,72,Engagement-inferred
U0742,INT09,71,Lookalike model
U0742,INT08,70,Engagement-inferred
U0742,INT04,70,Declared
U0742,INT14,69,Engagement-inferred
U0742,INT10,67,Engagement-inferred
U0742,INT44,67,Declared
U0742,INT35,66,Declared
U0743,INT08,80,Lookalike model
U0743,INT07,74,Engagement-inferred
U0743,INT10,66,Declared
U0743,INT01,66,Declared
U0743,INT09,65,Declared
U0743,INT06,64,Declared
U0743,INT44,60,Lookalike model
U0743,INT02,57,Engagement-inferred
U0743,INT14,57,Engagement-inferred
U0743,INT43,56,Engagement-inferred
U0743,INT32,55,Lookalike model
U0743,INT28,55,Declared
U0743,INT40,53,Declared
U0743,INT24,53,Lookalike model
U0744,INT33,73,Engagement-inferred
U0744,INT44,71,Engagement-inferred
U0744,INT34,70,Lookalike model
U0744,INT40,67,Lookalike model
U0744,INT22,65,Engagement-inferred
U0744,INT26,63,Engagement-inferred
U0744,INT35,61,Engagement-inferred
U0744,INT25,61,Engagement-inferred
U0744,INT19,60,Lookalike model
U0744,INT32,59,Engagement-inferred
U0744,INT20,59,Declared
U0744,INT28,58,Engagement-inferred
U0744,INT42,57,Declared
U0744,INT10,55,Lookalike model
U0745,INT02,99,Engagement-inferred
U0745,INT01,92,Lookalike model
U0745,INT06,89,Declared
U0745,INT03,89,Engagement-inferred
U0745,INT10,87,Declared
U0745,INT04,80,Lookalike model
U0745,INT05,76,Declared
U0745,INT25,57,Declared
U0745,INT46,55,Engagement-inferred
U0745,INT39,51,Declared
U0745,INT23,50,Engagement-inferred
U0745,INT26,50,Engagement-inferred
U0745,INT37,48,Engagement-inferred
U0745,INT07,48,Engagement-inferred
U0746,INT47,84,Engagement-inferred
U0746,INT33,84,Lookalike model
U0746,INT19,83,Engagement-inferred
U0746,INT35,82,Engagement-inferred
U0746,INT18,79,Engagement-inferred
U0746,INT10,78,Engagement-inferred
U0746,INT34,77,Engagement-inferred
U0746,INT21,72,Engagement-inferred
U0746,INT46,72,Lookalike model
U0746,INT38,71,Lookalike model
U0746,INT14,65,Declared
U0746,INT20,60,Engagement-inferred
U0746,INT11,60,Engagement-inferred
U0746,INT40,58,Engagement-inferred
U0747,INT19,80,Engagement-inferred
U0747,INT16,78,Engagement-inferred
U0747,INT25,76,Engagement-inferred
U0747,INT44,75,Lookalike model
U0747,INT41,71,Declared
U0747,INT40,71,Declared
U0747,INT20,70,Engagement-inferred
U0747,INT21,69,Engagement-inferred
U0747,INT07,68,Engagement-inferred
U0747,INT18,65,Engagement-inferred
U0747,INT42,63,Lookalike model
U0747,INT43,63,Lookalike model
U0747,INT17,62,Declared
U0747,INT35,62,Engagement-inferred
U0748,INT28,100,Declared
U0748,INT26,100,Engagement-inferred
U0748,INT08,95,Engagement-inferred
U0748,INT27,88,Engagement-inferred
U0748,INT07,87,Engagement-inferred
U0748,INT29,83,Engagement-inferred
U0748,INT32,83,Lookalike model
U0748,INT10,81,Declared
U0748,INT31,79,Engagement-inferred
U0748,INT09,77,Declared
U0748,INT25,75,Declared
U0748,INT30,74,Lookalike model
U0748,INT16,71,Lookalike model
U0748,INT33,70,Engagement-inferred
U0749,INT07,100,Engagement-inferred
U0749,INT16,94,Engagement-inferred
U0749,INT14,83,Declared
U0749,INT33,80,Declared
U0749,INT09,80,Lookalike model
U0749,INT08,79,Engagement-inferred
U0749,INT17,73,Engagement-inferred
U0749,INT27,73,Engagement-inferred
U0749,INT11,73,Engagement-inferred
U0749,INT35,70,Engagement-inferred
U0749,INT28,70,Engagement-inferred
U0749,INT12,64,Engagement-inferred
U0749,INT26,64,Engagement-inferred
U0749,INT29,64,Declared
U0750,INT44,81,Declared
U0750,INT27,74,Engagement-inferred
U0750,INT26,74,Lookalike model
U0750,INT01,71,Engagement-inferred
U0750,INT43,70,Engagement-inferred
U0750,INT47,68,Lookalike model
U0750,INT22,67,Engagement-inferred
U0750,INT11,66,Engagement-inferred
U0750,INT14,64,Engagement-inferred
U0750,INT24,63,Lookalike model
U0750,INT32,62,Engagement-inferred
U0750,INT02,61,Lookalike model
U0750,INT29,61,Engagement-inferred
U0750,INT03,60,Engagement-inferred
U0751,INT18,86,Engagement-inferred
U0751,INT20,78,Lookalike model
U0751,INT19,78,Engagement-inferred
U0751,INT01,77,Engagement-inferred
U0751,INT02,76,Engagement-inferred
U0751,INT23,75,Lookalike model
U0751,INT47,75,Lookalike model
U0751,INT44,71,Engagement-inferred
U0751,INT22,70,Engagement-inferred
U0751,INT43,68,Engagement-inferred
U0751,INT11,64,Engagement-inferred
U0751,INT21,64,Engagement-inferred
U0751,INT38,61,Engagement-inferred
U0751,INT06,61,Engagement-inferred
U0752,INT03,100,Engagement-inferred
U0752,INT16,98,Engagement-inferred
U0752,INT33,96,Engagement-inferred
U0752,INT11,95,Engagement-inferred
U0752,INT44,87,Lookalike model
U0752,INT14,85,Engagement-inferred
U0752,INT04,84,Engagement-inferred
U0752,INT17,83,Declared
U0752,INT26,80,Declared
U0752,INT12,75,Lookalike model
U0752,INT05,74,Engagement-inferred
U0752,INT27,73,Engagement-inferred
U0752,INT36,72,Engagement-inferred
U0752,INT34,70,Engagement-inferred
U0753,INT16,87,Declared
U0753,INT24,86,Lookalike model
U0753,INT11,82,Engagement-inferred
U0753,INT40,82,Engagement-inferred
U0753,INT29,79,Engagement-inferred
U0753,INT22,77,Engagement-inferred
U0753,INT41,75,Engagement-inferred
U0753,INT05,74,Engagement-inferred
U0753,INT14,74,Engagement-inferred
U0753,INT17,73,Engagement-inferred
U0753,INT26,71,Engagement-inferred
U0753,INT42,70,Lookalike model
U0753,INT32,67,Lookalike model
U0753,INT03,67,Declared
U0754,INT03,100,Engagement-inferred
U0754,INT07,95,Engagement-inferred
U0754,INT19,95,Engagement-inferred
U0754,INT16,90,Engagement-inferred
U0754,INT08,88,Engagement-inferred
U0754,INT25,86,Engagement-inferred
U0754,INT04,84,Declared
U0754,INT18,84,Engagement-inferred
U0754,INT17,80,Engagement-inferred
U0754,INT20,77,Engagement-inferred
U0754,INT40,77,Engagement-inferred
U0754,INT05,76,Engagement-inferred
U0754,INT09,72,Lookalike model
U0754,INT41,70,Lookalike model
U0755,INT11,92,Declared
U0755,INT07,91,Lookalike model
U0755,INT10,85,Engagement-inferred
U0755,INT14,85,Lookalike model
U0755,INT16,80,Engagement-inferred
U0755,INT08,77,Lookalike model
U0755,INT09,73,Declared
U0755,INT33,72,Engagement-inferred
U0755,INT25,68,Engagement-inferred
U0755,INT34,68,Engagement-inferred
U0755,INT17,67,Declared
U0755,INT24,66,Engagement-inferred
U0755,INT22,64,Lookalike model
U0755,INT44,61,Engagement-inferred
U0756,INT03,100,Engagement-inferred
U0756,INT40,94,Declared
U0756,INT36,86,Lookalike model
U0756,INT05,85,Lookalike model
U0756,INT37,84,Lookalike model
U0756,INT01,81,Engagement-inferred
U0756,INT04,80,Engagement-inferred
U0756,INT41,76,Lookalike model
U0756,INT26,74,Lookalike model
U0756,INT42,73,Declared
U0756,INT39,73,Declared
U0756,INT31,68,Engagement-inferred
U0756,INT27,66,Engagement-inferred
U0756,INT02,65,Engagement-inferred
U0757,INT01,100,Engagement-inferred
U0757,INT26,100,Engagement-inferred
U0757,INT27,93,Engagement-inferred
U0757,INT02,88,Engagement-inferred
U0757,INT07,85,Engagement-inferred
U0757,INT23,83,Lookalike model
U0757,INT31,79,Declared
U0757,INT24,79,Engagement-inferred
U0757,INT28,78,Engagement-inferred
U0757,INT30,76,Declared
U0757,INT32,76,Engagement-inferred
U0757,INT06,75,Declared
U0757,INT29,73,Lookalike model
U0757,INT42,73,Lookalike model
U0758,INT19,100,Engagement-inferred
U0758,INT18,96,Engagement-inferred
U0758,INT11,85,Declared
U0758,INT26,83,Engagement-inferred
U0758,INT20,81,Engagement-inferred
U0758,INT14,80,Engagement-inferred
U0758,INT13,76,Lookalike model
U0758,INT27,76,Engagement-inferred
U0758,INT21,74,Engagement-inferred
U0758,INT23,74,Engagement-inferred
U0758,INT22,72,Declared
U0758,INT29,71,Lookalike model
U0758,INT30,70,Lookalike model
U0758,INT16,70,Engagement-inferred
U0759,INT14,89,Engagement-inferred
U0759,INT07,87,Declared
U0759,INT08,86,Engagement-inferred
U0759,INT11,82,Engagement-inferred
U0759,INT10,71,Declared
U0759,INT13,69,Declared
U0759,INT09,69,Engagement-inferred
U0759,INT01,68,Engagement-inferred
U0759,INT37,68,Declared
U0759,INT02,59,Lookalike model
U0759,INT48,57,Lookalike model
U0759,INT36,57,Engagement-inferred
U0759,INT06,56,Declared
U0759,INT46,56,Engagement-inferred
U0760,INT16,100,Engagement-inferred
U0760,INT05,84,Lookalike model
U0760,INT04,79,Engagement-inferred
U0760,INT40,78,Lookalike model
U0760,INT25,77,Lookalike model
U0760,INT17,76,Engagement-inferred
U0760,INT43,74,Engagement-inferred
U0760,INT03,71,Engagement-inferred
U0760,INT41,69,Engagement-inferred
U0760,INT42,69,Lookalike model
U0760,INT23,67,Engagement-inferred
U0760,INT10,65,Engagement-inferred
U0760,INT01,65,Lookalike model
U0760,INT44,64,Lookalike model
U0761,INT33,97,Engagement-inferred
U0761,INT01,90,Declared
U0761,INT23,88,Engagement-inferred
U0761,INT44,86,Engagement-inferred
U0761,INT34,86,Engagement-inferred
U0761,INT08,83,Declared
U0761,INT07,82,Lookalike model
U0761,INT24,81,Engagement-inferred
U0761,INT02,80,Engagement-inferred
U0761,INT22,78,Engagement-inferred
U0761,INT35,78,Engagement-inferred
U0761,INT16,76,Engagement-inferred
U0761,INT06,74,Engagement-inferred
U0761,INT43,72,Engagement-inferred
U0762,INT33,94,Lookalike model
U0762,INT01,85,Engagement-inferred
U0762,INT07,83,Declared
U0762,INT19,82,Declared
U0762,INT35,80,Engagement-inferred
U0762,INT20,76,Lookalike model
U0762,INT25,73,Engagement-inferred
U0762,INT34,71,Engagement-inferred
U0762,INT02,70,Lookalike model
U0762,INT06,69,Engagement-inferred
U0762,INT11,68,Declared
U0762,INT18,66,Engagement-inferred
U0762,INT21,65,Engagement-inferred
U0762,INT08,65,Engagement-inferred
U0763,INT33,100,Declared
U0763,INT35,89,Engagement-inferred
U0763,INT34,79,Declared
U0763,INT48,78,Engagement-inferred
U0763,INT10,72,Engagement-inferred
U0763,INT18,70,Engagement-inferred
U0763,INT50,69,Engagement-inferred
U0763,INT26,68,Lookalike model
U0763,INT20,68,Engagement-inferred
U0763,INT41,67,Engagement-inferred
U0763,INT47,65,Declared
U0763,INT40,65,Engagement-inferred
U0763,INT21,65,Engagement-inferred
U0763,INT49,64,Lookalike model
U0764,INT07,91,Lookalike model
U0764,INT16,91,Engagement-inferred
U0764,INT25,88,Engagement-inferred
U0764,INT08,86,Lookalike model
U0764,INT24,86,Engagement-inferred
U0764,INT33,84,Lookalike model
U0764,INT10,83,Engagement-inferred
U0764,INT22,82,Lookalike model
U0764,INT26,81,Lookalike model
U0764,INT27,78,Lookalike model
U0764,INT19,74,Lookalike model
U0764,INT30,74,Engagement-inferred
U0764,INT15,74,Declared
U0764,INT23,74,Engagement-inferred
U0765,INT44,89,Engagement-inferred
U0765,INT07,86,Engagement-inferred
U0765,INT10,73,Declared
U0765,INT43,71,Engagement-inferred
U0765,INT36,67,Engagement-inferred
U0765,INT37,65,Lookalike model
U0765,INT26,65,Engagement-inferred
U0765,INT19,65,Engagement-inferred
U0765,INT18,64,Engagement-inferred
U0765,INT30,63,Engagement-inferred
U0765,INT03,62,Declared
U0765,INT46,61,Engagement-inferred
U0765,INT04,59,Declared
U0765,INT34,55,Engagement-inferred
U0766,INT01,79,Declared
U0766,INT26,73,Declared
U0766,INT10,73,Declared
U0766,INT28,71,Engagement-inferred
U0766,INT07,70,Lookalike model
U0766,INT13,66,Declared
U0766,INT29,65,Engagement-inferred
U0766,INT31,65,Engagement-inferred
U0766,INT08,65,Declared
U0766,INT27,64,Engagement-inferred
U0766,INT16,64,Engagement-inferred
U0766,INT30,64,Engagement-inferred
U0766,INT02,61,Engagement-inferred
U0766,INT44,61,Engagement-inferred
U0767,INT26,93,Declared
U0767,INT29,89,Declared
U0767,INT28,89,Engagement-inferred
U0767,INT27,82,Engagement-inferred
U0767,INT03,81,Engagement-inferred
U0767,INT31,80,Engagement-inferred
U0767,INT33,76,Declared
U0767,INT04,72,Engagement-inferred
U0767,INT46,72,Engagement-inferred
U0767,INT05,71,Declared
U0767,INT32,71,Lookalike model
U0767,INT35,69,Lookalike model
U0767,INT30,68,Engagement-inferred
U0767,INT11,68,Engagement-inferred
U0768,INT24,95,Declared
U0768,INT22,92,Declared
U0768,INT19,91,Declared
U0768,INT21,88,Engagement-inferred
U0768,INT20,87,Lookalike model
U0768,INT33,85,Engagement-inferred
U0768,INT18,84,Lookalike model
U0768,INT23,74,Lookalike model
U0768,INT49,73,Engagement-inferred
U0768,INT34,72,Lookalike model
U0768,INT35,66,Engagement-inferred
U0768,INT15,65,Engagement-inferred
U0768,INT28,63,Lookalike model
U0768,INT48,62,Engagement-inferred
U0769,INT38,99,Engagement-inferred
U0769,INT47,93,Engagement-inferred
U0769,INT11,92,Declared
U0769,INT14,84,Engagement-inferred
U0769,INT49,67,Declared
U0769,INT19,66,Engagement-inferred
U0769,INT21,65,Engagement-inferred
U0769,INT07,65,Engagement-inferred
U0769,INT10,64,Lookalike model
U0769,INT27,64,Engagement-inferred
U0769,INT33,63,Engagement-inferred
U0769,INT25,62,Engagement-inferred
U0769,INT20,61,Engagement-inferred
U0769,INT22,59,Engagement-inferred
U0770,INT40,98,Engagement-inferred
U0770,INT42,89,Lookalike model
U0770,INT26,89,Engagement-inferred
U0770,INT27,76,Engagement-inferred
U0770,INT28,75,Engagement-inferred
U0770,INT41,75,Engagement-inferred
U0770,INT30,71,Engagement-inferred
U0770,INT16,71,Declared
U0770,INT14,69,Declared
U0770,INT47,69,Engagement-inferred
U0770,INT19,67,Lookalike model
U0770,INT11,65,Engagement-inferred
U0770,INT32,65,Engagement-inferred
U0770,INT29,62,Declared
U0771,INT03,100,Engagement-inferred
U0771,INT07,94,Engagement-inferred
U0771,INT26,88,Engagement-inferred
U0771,INT04,86,Engagement-inferred
U0771,INT08,85,Lookalike model
U0771,INT28,81,Declared
U0771,INT32,79,Engagement-inferred
U0771,INT27,78,Engagement-inferred
U0771,INT09,78,Lookalike model
U0771,INT19,75,Declared
U0771,INT05,74,Engagement-inferred
U0771,INT36,74,Lookalike model
U0771,INT01,73,Engagement-inferred
U0771,INT29,71,Engagement-inferred
U0772,INT03,70,Lookalike model
U0772,INT05,70,Lookalike model
U0772,INT01,68,Lookalike model
U0772,INT02,64,Engagement-inferred
U0772,INT04,62,Declared
U0772,INT07,61,Lookalike model
U0772,INT11,60,Declared
U0772,INT14,56,Declared
U0772,INT40,56,Engagement-inferred
U0772,INT36,54,Lookalike model
U0772,INT47,54,Engagement-inferred
U0772,INT06,51,Engagement-inferred
U0772,INT10,47,Engagement-inferred
U0772,INT25,46,Engagement-inferred
U0773,INT22,95,Declared
U0773,INT24,92,Engagement-inferred
U0773,INT23,91,Lookalike model
U0773,INT26,88,Lookalike model
U0773,INT10,87,Engagement-inferred
U0773,INT28,84,Engagement-inferred
U0773,INT38,84,Engagement-inferred
U0773,INT29,83,Declared
U0773,INT27,83,Lookalike model
U0773,INT47,81,Declared
U0773,INT30,81,Engagement-inferred
U0773,INT15,71,Engagement-inferred
U0773,INT32,71,Engagement-inferred
U0773,INT01,69,Engagement-inferred
U0774,INT07,89,Lookalike model
U0774,INT04,86,Lookalike model
U0774,INT03,83,Lookalike model
U0774,INT05,80,Engagement-inferred
U0774,INT25,79,Engagement-inferred
U0774,INT44,73,Engagement-inferred
U0774,INT08,72,Lookalike model
U0774,INT26,72,Engagement-inferred
U0774,INT09,72,Engagement-inferred
U0774,INT27,69,Engagement-inferred
U0774,INT29,64,Engagement-inferred
U0774,INT01,62,Lookalike model
U0774,INT31,60,Engagement-inferred
U0774,INT43,60,Lookalike model
U0775,INT03,98,Engagement-inferred
U0775,INT49,80,Declared
U0775,INT04,80,Engagement-inferred
U0775,INT24,78,Engagement-inferred
U0775,INT05,75,Lookalike model
U0775,INT40,73,Engagement-inferred
U0775,INT23,72,Engagement-inferred
U0775,INT22,71,Engagement-inferred
U0775,INT48,70,Lookalike model
U0775,INT42,69,Engagement-inferred
U0775,INT50,69,Engagement-inferred
U0775,INT44,65,Engagement-inferred
U0775,INT15,65,Engagement-inferred
U0775,INT01,63,Engagement-inferred
U0776,INT47,93,Declared
U0776,INT38,93,Declared
U0776,INT49,73,Lookalike model
U0776,INT04,72,Engagement-inferred
U0776,INT26,72,Lookalike model
U0776,INT16,68,Engagement-inferred
U0776,INT30,68,Lookalike model
U0776,INT32,67,Engagement-inferred
U0776,INT48,65,Engagement-inferred
U0776,INT05,65,Engagement-inferred
U0776,INT27,64,Lookalike model
U0776,INT28,63,Engagement-inferred
U0776,INT29,62,Engagement-inferred
U0776,INT03,61,Declared
U0777,INT18,84,Engagement-inferred
U0777,INT02,79,Declared
U0777,INT11,79,Engagement-inferred
U0777,INT01,78,Engagement-inferred
U0777,INT07,76,Engagement-inferred
U0777,INT22,71,Lookalike model
U0777,INT21,69,Engagement-inferred
U0777,INT14,68,Lookalike model
U0777,INT08,67,Engagement-inferred
U0777,INT19,67,Declared
U0777,INT38,65,Declared
U0777,INT16,64,Declared
U0777,INT20,64,Engagement-inferred
U0777,INT06,64,Engagement-inferred
U0778,INT01,100,Engagement-inferred
U0778,INT02,95,Lookalike model
U0778,INT06,79,Engagement-inferred
U0778,INT40,76,Engagement-inferred
U0778,INT42,70,Engagement-inferred
U0778,INT33,69,Engagement-inferred
U0778,INT41,64,Lookalike model
U0778,INT44,64,Engagement-inferred
U0778,INT43,62,Engagement-inferred
U0778,INT23,62,Lookalike model
U0778,INT26,62,Engagement-inferred
U0778,INT24,60,Engagement-inferred
U0778,INT22,60,Lookalike model
U0778,INT08,58,Engagement-inferred
U0779,INT47,90,Declared
U0779,INT38,85,Lookalike model
U0779,INT16,85,Lookalike model
U0779,INT26,72,Engagement-inferred
U0779,INT14,72,Engagement-inferred
U0779,INT10,71,Engagement-inferred
U0779,INT24,70,Lookalike model
U0779,INT17,66,Lookalike model
U0779,INT11,65,Declared
U0779,INT44,63,Lookalike model
U0779,INT27,62,Declared
U0779,INT25,62,Engagement-inferred
U0779,INT30,62,Engagement-inferred
U0779,INT06,61,Engagement-inferred
U0780,INT08,84,Lookalike model
U0780,INT07,81,Engagement-inferred
U0780,INT09,78,Lookalike model
U0780,INT38,76,Declared
U0780,INT11,69,Engagement-inferred
U0780,INT48,67,Declared
U0780,INT47,66,Engagement-inferred
U0780,INT14,62,Lookalike model
U0780,INT34,62,Engagement-inferred
U0780,INT35,60,Declared
U0780,INT49,60,Engagement-inferred
U0780,INT33,58,Engagement-inferred
U0780,INT25,57,Engagement-inferred
U0780,INT10,55,Engagement-inferred
U0781,INT01,96,Lookalike model
U0781,INT03,89,Lookalike model
U0781,INT24,88,Engagement-inferred
U0781,INT44,87,Lookalike model
U0781,INT02,83,Declared
U0781,INT27,81,Lookalike model
U0781,INT46,80,Lookalike model
U0781,INT26,80,Engagement-inferred
U0781,INT22,79,Declared
U0781,INT04,78,Engagement-inferred
U0781,INT30,74,Engagement-inferred
U0781,INT06,72,Engagement-inferred
U0781,INT11,72,Engagement-inferred
U0781,INT43,71,Engagement-inferred
U0782,INT48,92,Engagement-inferred
U0782,INT26,91,Engagement-inferred
U0782,INT49,90,Lookalike model
U0782,INT27,87,Engagement-inferred
U0782,INT50,81,Engagement-inferred
U0782,INT40,78,Engagement-inferred
U0782,INT38,75,Engagement-inferred
U0782,INT47,74,Engagement-inferred
U0782,INT43,73,Engagement-inferred
U0782,INT32,72,Engagement-inferred
U0782,INT41,72,Lookalike model
U0782,INT44,71,Engagement-inferred
U0782,INT28,68,Engagement-inferred
U0782,INT29,68,Lookalike model
U0783,INT44,100,Engagement-inferred
U0783,INT07,98,Declared
U0783,INT08,85,Engagement-inferred
U0783,INT46,83,Declared
U0783,INT49,82,Engagement-inferred
U0783,INT25,77,Lookalike model
U0783,INT50,72,Engagement-inferred
U0783,INT43,72,Engagement-inferred
U0783,INT48,69,Engagement-inferred
U0783,INT09,68,Lookalike model
U0783,INT33,67,Engagement-inferred
U0783,INT47,65,Lookalike model
U0783,INT38,65,Lookalike model
U0783,INT26,63,Engagement-inferred
U0784,INT26,97,Engagement-inferred
U0784,INT47,93,Engagement-inferred
U0784,INT27,89,Lookalike model
U0784,INT29,87,Engagement-inferred
U0784,INT33,87,Engagement-inferred
U0784,INT32,80,Lookalike model
U0784,INT44,78,Engagement-inferred
U0784,INT43,76,Engagement-inferred
U0784,INT28,75,Engagement-inferred
U0784,INT38,74,Lookalike model
U0784,INT11,73,Engagement-inferred
U0784,INT14,72,Engagement-inferred
U0784,INT31,72,Engagement-inferred
U0784,INT10,70,Engagement-inferred
U0785,INT07,100,Engagement-inferred
U0785,INT11,92,Engagement-inferred
U0785,INT08,92,Engagement-inferred
U0785,INT46,87,Engagement-inferred
U0785,INT18,85,Lookalike model
U0785,INT19,82,Declared
U0785,INT44,82,Engagement-inferred
U0785,INT10,80,Engagement-inferred
U0785,INT36,77,Engagement-inferred
U0785,INT14,75,Declared
U0785,INT20,73,Lookalike model
U0785,INT09,72,Engagement-inferred
U0785,INT43,69,Lookalike model
U0785,INT21,67,Engagement-inferred
U0786,INT40,90,Engagement-inferred
U0786,INT26,86,Lookalike model
U0786,INT47,80,Engagement-inferred
U0786,INT11,78,Declared
U0786,INT28,77,Declared
U0786,INT27,73,Engagement-inferred
U0786,INT14,71,Engagement-inferred
U0786,INT42,71,Engagement-inferred
U0786,INT32,68,Engagement-inferred
U0786,INT41,68,Engagement-inferred
U0786,INT25,68,Engagement-inferred
U0786,INT30,66,Declared
U0786,INT01,66,Engagement-inferred
U0786,INT38,64,Lookalike model
U0787,INT48,100,Engagement-inferred
U0787,INT49,94,Lookalike model
U0787,INT01,77,Engagement-inferred
U0787,INT50,75,Engagement-inferred
U0787,INT02,74,Lookalike model
U0787,INT06,72,Lookalike model
U0787,INT07,69,Engagement-inferred
U0787,INT03,68,Lookalike model
U0787,INT08,66,Lookalike model
U0787,INT05,64,Engagement-inferred
U0787,INT25,64,Engagement-inferred
U0787,INT33,62,Lookalike model
U0787,INT04,62,Engagement-inferred
U0787,INT42,62,Engagement-inferred
U0788,INT22,97,Engagement-inferred
U0788,INT24,96,Engagement-inferred
U0788,INT15,90,Engagement-inferred
U0788,INT44,87,Declared
U0788,INT23,83,Declared
U0788,INT46,74,Engagement-inferred
U0788,INT43,74,Declared
U0788,INT36,72,Declared
U0788,INT03,72,Declared
U0788,INT27,70,Engagement-inferred
U0788,INT47,70,Declared
U0788,INT26,69,Engagement-inferred
U0788,INT40,67,Engagement-inferred
U0788,INT38,66,Lookalike model
U0789,INT40,100,Engagement-inferred
U0789,INT04,100,Declared
U0789,INT03,100,Lookalike model
U0789,INT26,98,Engagement-inferred
U0789,INT05,94,Declared
U0789,INT07,86,Lookalike model
U0789,INT29,83,Engagement-inferred
U0789,INT28,82,Lookalike model
U0789,INT01,78,Engagement-inferred
U0789,INT41,76,Engagement-inferred
U0789,INT47,74,Engagement-inferred
U0789,INT42,73,Engagement-inferred
U0789,INT27,71,Engagement-inferred
U0789,INT30,70,Lookalike model
U0790,INT17,92,Lookalike model
U0790,INT16,89,Engagement-inferred
U0790,INT47,87,Engagement-inferred
U0790,INT38,79,Engagement-inferred
U0790,INT07,77,Declared
U0790,INT08,76,Engagement-inferred
U0790,INT02,76,Engagement-inferred
U0790,INT01,70,Declared
U0790,INT06,66,Engagement-inferred
U0790,INT09,65,Declared
U0790,INT15,64,Engagement-inferred
U0790,INT22,63,Lookalike model
U0790,INT23,62,Engagement-inferred
U0790,INT12,60,Engagement-inferred
U0791,INT28,87,Engagement-inferred
U0791,INT26,85,Engagement-inferred
U0791,INT44,82,Engagement-inferred
U0791,INT30,82,Engagement-inferred
U0791,INT32,77,Engagement-inferred
U0791,INT29,75,Lookalike model
U0791,INT16,74,Engagement-inferred
U0791,INT27,71,Engagement-inferred
U0791,INT33,70,Declared
U0791,INT31,67,Engagement-inferred
U0791,INT17,64,Lookalike model
U0791,INT12,63,Engagement-inferred
U0791,INT34,60,Lookalike model
U0791,INT04,56,Lookalike model
U0792,INT04,100,Lookalike model
U0792,INT03,100,Lookalike model
U0792,INT05,98,Engagement-inferred
U0792,INT23,89,Engagement-inferred
U0792,INT14,86,Engagement-inferred
U0792,INT11,82,Engagement-inferred
U0792,INT22,81,Lookalike model
U0792,INT08,76,Declared
U0792,INT16,74,Lookalike model
U0792,INT07,73,Engagement-inferred
U0792,INT24,69,Lookalike model
U0792,INT44,67,Engagement-inferred
U0792,INT43,65,Declared
U0792,INT26,64,Declared
U0793,INT28,82,Lookalike model
U0793,INT11,79,Engagement-inferred
U0793,INT26,76,Engagement-inferred
U0793,INT25,73,Engagement-inferred
U0793,INT10,72,Declared
U0793,INT49,70,Engagement-inferred
U0793,INT14,70,Lookalike model
U0793,INT07,69,Lookalike model
U0793,INT50,69,Declared
U0793,INT48,67,Declared
U0793,INT08,66,Engagement-inferred
U0793,INT47,64,Engagement-inferred
U0793,INT30,62,Engagement-inferred
U0793,INT29,61,Engagement-inferred
U0794,INT07,94,Declared
U0794,INT44,90,Lookalike model
U0794,INT23,84,Lookalike model
U0794,INT09,83,Lookalike model
U0794,INT08,77,Declared
U0794,INT34,77,Lookalike model
U0794,INT27,75,Engagement-inferred
U0794,INT24,74,Declared
U0794,INT22,74,Engagement-inferred
U0794,INT45,73,Lookalike model
U0794,INT33,72,Lookalike model
U0794,INT01,72,Engagement-inferred
U0794,INT15,70,Engagement-inferred
U0794,INT43,67,Declared
U0795,INT05,93,Lookalike model
U0795,INT03,91,Engagement-inferred
U0795,INT20,90,Engagement-inferred
U0795,INT19,88,Declared
U0795,INT26,87,Engagement-inferred
U0795,INT04,86,Engagement-inferred
U0795,INT18,86,Declared
U0795,INT21,79,Lookalike model
U0795,INT49,73,Engagement-inferred
U0795,INT10,73,Declared
U0795,INT50,70,Lookalike model
U0795,INT41,67,Declared
U0795,INT27,65,Engagement-inferred
U0795,INT28,65,Lookalike model
U0796,INT16,88,Engagement-inferred
U0796,INT03,87,Engagement-inferred
U0796,INT19,80,Lookalike model
U0796,INT04,74,Declared
U0796,INT11,74,Declared
U0796,INT05,73,Engagement-inferred
U0796,INT17,72,Engagement-inferred
U0796,INT22,71,Declared
U0796,INT18,70,Engagement-inferred
U0796,INT21,67,Engagement-inferred
U0796,INT06,66,Engagement-inferred
U0796,INT20,66,Declared
U0796,INT47,65,Engagement-inferred
U0796,INT26,64,Engagement-inferred
U0797,INT44,90,Engagement-inferred
U0797,INT07,88,Lookalike model
U0797,INT08,85,Engagement-inferred
U0797,INT23,80,Engagement-inferred
U0797,INT01,79,Declared
U0797,INT33,77,Engagement-inferred
U0797,INT36,77,Engagement-inferred
U0797,INT09,77,Lookalike model
U0797,INT14,77,Engagement-inferred
U0797,INT24,76,Declared
U0797,INT37,70,Declared
U0797,INT11,70,Engagement-inferred
U0797,INT43,69,Engagement-inferred
U0797,INT45,68,Engagement-inferred
U0798,INT07,100,Engagement-inferred
U0798,INT08,95,Engagement-inferred
U0798,INT09,81,Engagement-inferred
U0798,INT26,80,Declared
U0798,INT27,72,Engagement-inferred
U0798,INT11,70,Lookalike model
U0798,INT01,65,Declared
U0798,INT31,64,Engagement-inferred
U0798,INT30,64,Engagement-inferred
U0798,INT29,64,Lookalike model
U0798,INT32,64,Engagement-inferred
U0798,INT14,61,Engagement-inferred
U0798,INT10,61,Engagement-inferred
U0798,INT28,61,Declared
U0799,INT07,94,Lookalike model
U0799,INT16,92,Engagement-inferred
U0799,INT09,80,Lookalike model
U0799,INT14,76,Engagement-inferred
U0799,INT17,74,Engagement-inferred
U0799,INT08,73,Declared
U0799,INT11,73,Declared
U0799,INT47,72,Declared
U0799,INT36,68,Engagement-inferred
U0799,INT04,67,Lookalike model
U0799,INT38,62,Engagement-inferred
U0799,INT26,61,Engagement-inferred
U0799,INT12,61,Lookalike model
U0799,INT29,60,Engagement-inferred
U0800,INT11,89,Engagement-inferred
U0800,INT28,85,Engagement-inferred
U0800,INT14,77,Engagement-inferred
U0800,INT26,77,Engagement-inferred
U0800,INT27,74,Engagement-inferred
U0800,INT32,74,Engagement-inferred
U0800,INT30,73,Declared
U0800,INT19,71,Declared
U0800,INT31,71,Declared
U0800,INT03,70,Lookalike model
U0800,INT21,67,Lookalike model
U0800,INT10,63,Engagement-inferred
U0800,INT01,63,Engagement-inferred
U0800,INT47,62,Engagement-inferred
U0801,INT01,88,Declared
U0801,INT03,86,Lookalike model
U0801,INT11,85,Engagement-inferred
U0801,INT02,83,Engagement-inferred
U0801,INT07,82,Declared
U0801,INT05,80,Engagement-inferred
U0801,INT04,79,Engagement-inferred
U0801,INT38,77,Lookalike model
U0801,INT08,76,Declared
U0801,INT44,66,Engagement-inferred
U0801,INT06,63,Engagement-inferred
U0801,INT09,62,Declared
U0801,INT47,62,Lookalike model
U0801,INT14,61,Engagement-inferred
U0802,INT04,100,Engagement-inferred
U0802,INT40,97,Declared
U0802,INT03,96,Lookalike model
U0802,INT14,94,Engagement-inferred
U0802,INT05,87,Engagement-inferred
U0802,INT26,86,Engagement-inferred
U0802,INT22,85,Declared
U0802,INT11,85,Declared
U0802,INT24,83,Declared
U0802,INT38,81,Engagement-inferred
U0802,INT42,79,Engagement-inferred
U0802,INT30,77,Lookalike model
U0802,INT23,74,Lookalike model
U0802,INT47,73,Declared
U0803,INT25,85,Lookalike model
U0803,INT26,79,Lookalike model
U0803,INT23,75,Lookalike model
U0803,INT27,71,Engagement-inferred
U0803,INT30,67,Engagement-inferred
U0803,INT28,67,Engagement-inferred
U0803,INT38,66,Declared
U0803,INT22,66,Engagement-inferred
U0803,INT01,65,Engagement-inferred
U0803,INT07,65,Declared
U0803,INT44,64,Declared
U0803,INT24,62,Engagement-inferred
U0803,INT15,62,Declared
U0803,INT10,60,Engagement-inferred
U0804,INT16,100,Engagement-inferred
U0804,INT26,94,Lookalike model
U0804,INT17,89,Declared
U0804,INT32,87,Declared
U0804,INT40,87,Engagement-inferred
U0804,INT28,82,Engagement-inferred
U0804,INT29,81,Engagement-inferred
U0804,INT49,81,Engagement-inferred
U0804,INT11,81,Engagement-inferred
U0804,INT31,80,Engagement-inferred
U0804,INT41,79,Engagement-inferred
U0804,INT12,79,Engagement-inferred
U0804,INT30,77,Engagement-inferred
U0804,INT27,77,Declared
U0805,INT03,94,Declared
U0805,INT11,87,Declared
U0805,INT05,84,Lookalike model
U0805,INT19,83,Engagement-inferred
U0805,INT44,82,Lookalike model
U0805,INT18,81,Engagement-inferred
U0805,INT04,79,Engagement-inferred
U0805,INT14,74,Lookalike model
U0805,INT26,72,Lookalike model
U0805,INT21,72,Engagement-inferred
U0805,INT31,71,Engagement-inferred
U0805,INT42,71,Lookalike model
U0805,INT24,68,Lookalike model
U0805,INT28,65,Engagement-inferred
U0806,INT11,86,Engagement-inferred
U0806,INT14,75,Engagement-inferred
U0806,INT04,74,Engagement-inferred
U0806,INT03,74,Engagement-inferred
U0806,INT33,72,Engagement-inferred
U0806,INT16,71,Engagement-inferred
U0806,INT12,69,Engagement-inferred
U0806,INT07,66,Engagement-inferred
U0806,INT18,63,Engagement-inferred
U0806,INT05,61,Engagement-inferred
U0806,INT21,60,Engagement-inferred
U0806,INT19,60,Engagement-inferred
U0806,INT35,60,Engagement-inferred
U0806,INT25,59,Lookalike model
U0807,INT38,81,Engagement-inferred
U0807,INT47,80,Lookalike model
U0807,INT49,80,Engagement-inferred
U0807,INT48,79,Declared
U0807,INT23,75,Declared
U0807,INT11,69,Engagement-inferred
U0807,INT24,68,Engagement-inferred
U0807,INT07,66,Engagement-inferred
U0807,INT17,66,Lookalike model
U0807,INT36,66,Declared
U0807,INT22,64,Engagement-inferred
U0807,INT16,63,Engagement-inferred
U0807,INT25,63,Lookalike model
U0807,INT37,60,Engagement-inferred
U0808,INT16,100,Engagement-inferred
U0808,INT07,80,Engagement-inferred
U0808,INT36,76,Engagement-inferred
U0808,INT08,76,Lookalike model
U0808,INT17,75,Lookalike model
U0808,INT49,69,Lookalike model
U0808,INT12,68,Engagement-inferred
U0808,INT48,67,Declared
U0808,INT38,65,Engagement-inferred
U0808,INT47,64,Engagement-inferred
U0808,INT26,59,Lookalike model
U0808,INT50,57,Engagement-inferred
U0808,INT35,57,Engagement-inferred
U0808,INT09,56,Engagement-inferred
U0809,INT26,94,Engagement-inferred
U0809,INT47,91,Engagement-inferred
U0809,INT33,86,Declared
U0809,INT07,84,Engagement-inferred
U0809,INT08,83,Engagement-inferred
U0809,INT44,80,Engagement-inferred
U0809,INT35,79,Engagement-inferred
U0809,INT30,79,Engagement-inferred
U0809,INT38,75,Engagement-inferred
U0809,INT46,73,Engagement-inferred
U0809,INT27,73,Engagement-inferred
U0809,INT42,73,Lookalike model
U0809,INT03,71,Lookalike model
U0809,INT40,71,Engagement-inferred
U0810,INT33,79,Lookalike model
U0810,INT34,78,Declared
U0810,INT26,74,Lookalike model
U0810,INT35,70,Engagement-inferred
U0810,INT16,69,Engagement-inferred
U0810,INT10,67,Engagement-inferred
U0810,INT27,65,Lookalike model
U0810,INT11,60,Engagement-inferred
U0810,INT24,60,Engagement-inferred
U0810,INT28,59,Engagement-inferred
U0810,INT32,59,Engagement-inferred
U0810,INT22,58,Lookalike model
U0810,INT31,57,Lookalike model
U0810,INT03,57,Declared
U0811,INT26,77,Engagement-inferred
U0811,INT40,75,Lookalike model
U0811,INT07,74,Engagement-inferred
U0811,INT27,70,Engagement-inferred
U0811,INT30,70,Lookalike model
U0811,INT14,69,Lookalike model
U0811,INT29,66,Lookalike model
U0811,INT32,64,Declared
U0811,INT01,62,Declared
U0811,INT28,59,Lookalike model
U0811,INT42,59,Engagement-inferred
U0811,INT08,57,Engagement-inferred
U0811,INT11,56,Lookalike model
U0811,INT33,55,Engagement-inferred
U0812,INT43,88,Lookalike model
U0812,INT44,88,Lookalike model
U0812,INT04,85,Engagement-inferred
U0812,INT11,77,Lookalike model
U0812,INT26,77,Engagement-inferred
U0812,INT40,76,Declared
U0812,INT03,76,Engagement-inferred
U0812,INT14,74,Declared
U0812,INT05,72,Engagement-inferred
U0812,INT32,67,Lookalike model
U0812,INT28,67,Engagement-inferred
U0812,INT42,65,Engagement-inferred
U0812,INT22,63,Lookalike model
U0812,INT01,61,Engagement-inferred
U0813,INT11,99,Declared
U0813,INT33,93,Engagement-inferred
U0813,INT46,84,Engagement-inferred
U0813,INT34,77,Engagement-inferred
U0813,INT14,75,Lookalike model
U0813,INT06,71,Lookalike model
U0813,INT35,70,Declared
U0813,INT07,69,Engagement-inferred
U0813,INT25,67,Engagement-inferred
U0813,INT44,67,Engagement-inferred
U0813,INT09,66,Engagement-inferred
U0813,INT38,64,Engagement-inferred
U0813,INT43,63,Engagement-inferred
U0813,INT01,62,Engagement-inferred
U0814,INT03,97,Engagement-inferred
U0814,INT07,96,Engagement-inferred
U0814,INT04,86,Lookalike model
U0814,INT10,85,Declared
U0814,INT22,80,Engagement-inferred
U0814,INT05,80,Declared
U0814,INT47,72,Engagement-inferred
U0814,INT19,71,Engagement-inferred
U0814,INT24,69,Engagement-inferred
U0814,INT36,67,Declared
U0814,INT42,66,Engagement-inferred
U0814,INT40,66,Declared
U0814,INT38,65,Engagement-inferred
U0814,INT08,63,Engagement-inferred
U0815,INT11,84,Engagement-inferred
U0815,INT33,81,Engagement-inferred
U0815,INT25,80,Declared
U0815,INT38,76,Engagement-inferred
U0815,INT34,75,Engagement-inferred
U0815,INT14,75,Engagement-inferred
U0815,INT19,68,Declared
U0815,INT47,66,Lookalike model
U0815,INT35,64,Engagement-inferred
U0815,INT22,62,Engagement-inferred
U0815,INT24,62,Engagement-inferred
U0815,INT10,62,Engagement-inferred
U0815,INT23,60,Lookalike model
U0815,INT20,60,Engagement-inferred
U0816,INT26,97,Declared
U0816,INT10,78,Lookalike model
U0816,INT11,76,Engagement-inferred
U0816,INT27,76,Lookalike model
U0816,INT30,73,Engagement-inferred
U0816,INT31,71,Engagement-inferred
U0816,INT14,70,Lookalike model
U0816,INT43,68,Engagement-inferred
U0816,INT28,68,Engagement-inferred
U0816,INT24,65,Engagement-inferred
U0816,INT38,65,Lookalike model
U0816,INT32,64,Engagement-inferred
U0816,INT48,64,Engagement-inferred
U0816,INT49,63,Lookalike model
U0817,INT16,100,Lookalike model
U0817,INT12,86,Lookalike model
U0817,INT17,86,Engagement-inferred
U0817,INT22,77,Engagement-inferred
U0817,INT01,70,Engagement-inferred
U0817,INT24,70,Declared
U0817,INT38,70,Engagement-inferred
U0817,INT25,69,Engagement-inferred
U0817,INT39,68,Lookalike model
U0817,INT42,67,Engagement-inferred
U0817,INT33,65,Lookalike model
U0817,INT41,64,Engagement-inferred
U0817,INT36,63,Engagement-inferred
U0817,INT40,62,Lookalike model
U0818,INT19,98,Engagement-inferred
U0818,INT16,94,Declared
U0818,INT33,94,Engagement-inferred
U0818,INT26,93,Lookalike model
U0818,INT20,90,Lookalike model
U0818,INT40,85,Declared
U0818,INT18,85,Declared
U0818,INT34,83,Lookalike model
U0818,INT21,82,Lookalike model
U0818,INT28,77,Engagement-inferred
U0818,INT41,77,Engagement-inferred
U0818,INT35,76,Engagement-inferred
U0818,INT27,76,Declared
U0818,INT07,75,Engagement-inferred
U0819,INT16,100,Declared
U0819,INT17,93,Engagement-inferred
U0819,INT38,86,Lookalike model
U0819,INT47,81,Declared
U0819,INT36,78,Engagement-inferred
U0819,INT04,78,Engagement-inferred
U0819,INT45,77,Engagement-inferred
U0819,INT11,75,Engagement-inferred
U0819,INT49,74,Engagement-inferred
U0819,INT48,73,Engagement-inferred
U0819,INT05,66,Engagement-inferred
U0819,INT12,66,Engagement-inferred
U0819,INT14,65,Declared
U0819,INT03,62,Lookalike model
U0820,INT38,87,Declared
U0820,INT03,84,Engagement-inferred
U0820,INT07,83,Engagement-inferred
U0820,INT04,81,Engagement-inferred
U0820,INT47,79,Engagement-inferred
U0820,INT10,75,Lookalike model
U0820,INT33,67,Engagement-inferred
U0820,INT05,66,Engagement-inferred
U0820,INT44,65,Lookalike model
U0820,INT36,63,Engagement-inferred
U0820,INT08,61,Engagement-inferred
U0820,INT40,60,Engagement-inferred
U0820,INT11,60,Engagement-inferred
U0820,INT09,59,Declared
U0821,INT33,100,Engagement-inferred
U0821,INT35,81,Engagement-inferred
U0821,INT47,80,Engagement-inferred
U0821,INT44,80,Engagement-inferred
U0821,INT34,79,Engagement-inferred
U0821,INT03,76,Engagement-inferred
U0821,INT05,72,Engagement-inferred
U0821,INT04,72,Engagement-inferred
U0821,INT16,67,Engagement-inferred
U0821,INT41,63,Engagement-inferred
U0821,INT12,62,Declared
U0821,INT40,60,Engagement-inferred
U0821,INT07,59,Declared
U0821,INT38,58,Engagement-inferred
U0822,INT26,86,Declared
U0822,INT29,84,Engagement-inferred
U0822,INT30,83,Lookalike model
U0822,INT19,82,Engagement-inferred
U0822,INT11,81,Engagement-inferred
U0822,INT27,81,Engagement-inferred
U0822,INT36,80,Engagement-inferred
U0822,INT44,77,Engagement-inferred
U0822,INT31,74,Declared
U0822,INT07,72,Engagement-inferred
U0822,INT14,72,Engagement-inferred
U0822,INT28,71,Engagement-inferred
U0822,INT37,71,Engagement-inferred
U0822,INT08,69,Lookalike model
U0823,INT16,83,Lookalike model
U0823,INT10,77,Engagement-inferred
U0823,INT44,73,Lookalike model
U0823,INT24,73,Engagement-inferred
U0823,INT17,72,Declared
U0823,INT26,70,Engagement-inferred
U0823,INT23,69,Declared
U0823,INT27,65,Engagement-inferred
U0823,INT46,65,Declared
U0823,INT22,65,Lookalike model
U0823,INT43,63,Declared
U0823,INT32,63,Engagement-inferred
U0823,INT04,61,Lookalike model
U0823,INT15,60,Engagement-inferred
U0824,INT26,86,Declared
U0824,INT44,80,Lookalike model
U0824,INT43,74,Engagement-inferred
U0824,INT24,70,Engagement-inferred
U0824,INT22,68,Lookalike model
U0824,INT29,63,Engagement-inferred
U0824,INT27,61,Engagement-inferred
U0824,INT46,60,Declared
U0824,INT32,60,Engagement-inferred
U0824,INT30,59,Declared
U0824,INT28,59,Declared
U0824,INT23,59,Engagement-inferred
U0824,INT47,58,Declared
U0824,INT40,56,Engagement-inferred
U0825,INT26,89,Engagement-inferred
U0825,INT27,81,Engagement-inferred
U0825,INT44,80,Engagement-inferred
U0825,INT22,80,Lookalike model
U0825,INT42,78,Engagement-inferred
U0825,INT40,74,Engagement-inferred
U0825,INT28,71,Lookalike model
U0825,INT41,68,Engagement-inferred
U0825,INT15,68,Engagement-inferred
U0825,INT43,67,Lookalike model
U0825,INT24,66,Engagement-inferred
U0825,INT25,65,Engagement-inferred
U0825,INT23,64,Engagement-inferred
U0825,INT34,63,Lookalike model
U0826,INT36,100,Engagement-inferred
U0826,INT26,92,Engagement-inferred
U0826,INT28,86,Engagement-inferred
U0826,INT44,85,Lookalike model
U0826,INT27,85,Lookalike model
U0826,INT37,84,Engagement-inferred
U0826,INT14,84,Engagement-inferred
U0826,INT29,82,Engagement-inferred
U0826,INT16,82,Declared
U0826,INT32,82,Declared
U0826,INT11,82,Engagement-inferred
U0826,INT30,79,Engagement-inferred
U0826,INT19,78,Engagement-inferred
U0826,INT20,75,Lookalike model
U0827,INT07,98,Engagement-inferred
U0827,INT49,96,Lookalike model
U0827,INT40,94,Engagement-inferred
U0827,INT48,94,Engagement-inferred
U0827,INT42,93,Declared
U0827,INT14,89,Engagement-inferred
U0827,INT11,86,Declared
U0827,INT29,86,Engagement-inferred
U0827,INT26,84,Engagement-inferred
U0827,INT08,80,Engagement-inferred
U0827,INT41,79,Lookalike model
U0827,INT32,77,Declared
U0827,INT33,76,Lookalike model
U0827,INT09,76,Engagement-inferred
U0828,INT43,100,Engagement-inferred
U0828,INT44,94,Lookalike model
U0828,INT48,89,Engagement-inferred
U0828,INT40,82,Engagement-inferred
U0828,INT16,80,Engagement-inferred
U0828,INT33,78,Engagement-inferred
U0828,INT41,77,Engagement-inferred
U0828,INT46,77,Engagement-inferred
U0828,INT01,73,Engagement-inferred
U0828,INT49,72,Engagement-inferred
U0828,INT12,71,Declared
U0828,INT26,69,Engagement-inferred
U0828,INT11,69,Declared
U0828,INT14,68,Engagement-inferred
U0829,INT22,94,Engagement-inferred
U0829,INT26,93,Engagement-inferred
U0829,INT28,81,Lookalike model
U0829,INT27,79,Engagement-inferred
U0829,INT23,77,Declared
U0829,INT29,74,Declared
U0829,INT08,71,Declared
U0829,INT07,70,Engagement-inferred
U0829,INT24,70,Engagement-inferred
U0829,INT32,67,Engagement-inferred
U0829,INT46,67,Engagement-inferred
U0829,INT44,65,Declared
U0829,INT30,65,Lookalike model
U0829,INT31,61,Engagement-inferred
U0830,INT10,76,Engagement-inferred
U0830,INT01,73,Engagement-inferred
U0830,INT04,66,Engagement-inferred
U0830,INT03,66,Declared
U0830,INT11,66,Declared
U0830,INT02,63,Engagement-inferred
U0830,INT14,63,Engagement-inferred
U0830,INT06,56,Lookalike model
U0830,INT22,55,Engagement-inferred
U0830,INT13,53,Engagement-inferred
U0830,INT07,53,Lookalike model
U0830,INT49,51,Engagement-inferred
U0830,INT48,51,Engagement-inferred
U0830,INT08,47,Declared
U0831,INT04,89,Engagement-inferred
U0831,INT03,88,Declared
U0831,INT14,87,Engagement-inferred
U0831,INT11,86,Engagement-inferred
U0831,INT05,75,Declared
U0831,INT07,73,Lookalike model
U0831,INT06,63,Engagement-inferred
U0831,INT37,62,Engagement-inferred
U0831,INT02,61,Engagement-inferred
U0831,INT01,59,Engagement-inferred
U0831,INT47,54,Declared
U0831,INT36,54,Engagement-inferred
U0831,INT44,53,Engagement-inferred
U0831,INT39,49,Engagement-inferred
U0832,INT44,100,Engagement-inferred
U0832,INT19,89,Engagement-inferred
U0832,INT43,87,Lookalike model
U0832,INT05,79,Lookalike model
U0832,INT11,78,Engagement-inferred
U0832,INT20,78,Engagement-inferred
U0832,INT46,78,Declared
U0832,INT03,75,Declared
U0832,INT18,75,Engagement-inferred
U0832,INT21,75,Lookalike model
U0832,INT35,75,Engagement-inferred
U0832,INT34,74,Engagement-inferred
U0832,INT33,72,Engagement-inferred
U0832,INT25,68,Lookalike model
U0833,INT10,82,Lookalike model
U0833,INT26,82,Engagement-inferred
U0833,INT03,75,Engagement-inferred
U0833,INT31,71,Engagement-inferred
U0833,INT32,70,Declared
U0833,INT40,66,Engagement-inferred
U0833,INT42,65,Declared
U0833,INT41,64,Engagement-inferred
U0833,INT46,64,Engagement-inferred
U0833,INT44,63,Engagement-inferred
U0833,INT27,62,Engagement-inferred
U0833,INT29,62,Lookalike model
U0833,INT04,61,Declared
U0833,INT28,60,Engagement-inferred
U0834,INT10,83,Declared
U0834,INT19,81,Declared
U0834,INT33,77,Engagement-inferred
U0834,INT07,74,Declared
U0834,INT08,73,Engagement-inferred
U0834,INT21,72,Declared
U0834,INT01,69,Engagement-inferred
U0834,INT36,69,Lookalike model
U0834,INT18,68,Engagement-inferred
U0834,INT22,67,Engagement-inferred
U0834,INT40,66,Engagement-inferred
U0834,INT06,65,Declared
U0834,INT09,62,Engagement-inferred
U0834,INT23,61,Lookalike model
U0835,INT11,78,Engagement-inferred
U0835,INT04,75,Lookalike model
U0835,INT03,75,Declared
U0835,INT26,75,Engagement-inferred
U0835,INT47,73,Engagement-inferred
U0835,INT38,72,Lookalike model
U0835,INT14,68,Lookalike model
U0835,INT05,66,Declared
U0835,INT27,64,Engagement-inferred
U0835,INT33,62,Engagement-inferred
U0835,INT35,60,Declared
U0835,INT17,59,Engagement-inferred
U0835,INT01,58,Declared
U0835,INT34,56,Engagement-inferred
U0836,INT24,92,Engagement-inferred
U0836,INT17,91,Engagement-inferred
U0836,INT22,88,Engagement-inferred
U0836,INT16,86,Lookalike model
U0836,INT23,78,Engagement-inferred
U0836,INT07,74,Engagement-inferred
U0836,INT49,74,Engagement-inferred
U0836,INT11,72,Engagement-inferred
U0836,INT48,71,Engagement-inferred
U0836,INT01,71,Lookalike model
U0836,INT08,70,Engagement-inferred
U0836,INT26,69,Lookalike model
U0836,INT40,68,Engagement-inferred
U0836,INT15,68,Declared
U0837,INT07,89,Lookalike model
U0837,INT20,79,Engagement-inferred
U0837,INT19,72,Lookalike model
U0837,INT09,67,Lookalike model
U0837,INT27,67,Engagement-inferred
U0837,INT18,66,Engagement-inferred
U0837,INT11,63,Lookalike model
U0837,INT02,62,Declared
U0837,INT26,61,Lookalike model
U0837,INT29,60,Engagement-inferred
U0837,INT08,60,Declared
U0837,INT10,59,Declared
U0837,INT21,58,Engagement-inferred
U0837,INT49,57,Engagement-inferred
U0838,INT36,92,Engagement-inferred
U0838,INT10,86,Lookalike model
U0838,INT47,83,Lookalike model
U0838,INT41,76,Lookalike model
U0838,INT42,74,Engagement-inferred
U0838,INT40,73,Engagement-inferred
U0838,INT33,73,Lookalike model
U0838,INT38,72,Engagement-inferred
U0838,INT35,68,Engagement-inferred
U0838,INT07,66,Engagement-inferred
U0838,INT34,65,Engagement-inferred
U0838,INT37,62,Lookalike model
U0838,INT39,62,Declared
U0838,INT03,61,Engagement-inferred
U0839,INT11,92,Engagement-inferred
U0839,INT07,88,Engagement-inferred
U0839,INT26,85,Engagement-inferred
U0839,INT22,82,Engagement-inferred
U0839,INT28,79,Engagement-inferred
U0839,INT08,77,Engagement-inferred
U0839,INT10,77,Engagement-inferred
U0839,INT14,77,Engagement-inferred
U0839,INT24,76,Engagement-inferred
U0839,INT15,75,Engagement-inferred
U0839,INT23,74,Engagement-inferred
U0839,INT27,74,Declared
U0839,INT32,69,Engagement-inferred
U0839,INT19,69,Engagement-inferred
U0840,INT44,83,Lookalike model
U0840,INT16,81,Engagement-inferred
U0840,INT36,81,Engagement-inferred
U0840,INT43,78,Declared
U0840,INT20,75,Engagement-inferred
U0840,INT37,71,Engagement-inferred
U0840,INT21,70,Lookalike model
U0840,INT18,68,Engagement-inferred
U0840,INT25,68,Engagement-inferred
U0840,INT17,66,Engagement-inferred
U0840,INT40,66,Lookalike model
U0840,INT19,65,Declared
U0840,INT39,64,Engagement-inferred
U0840,INT33,62,Engagement-inferred
U0841,INT03,81,Declared
U0841,INT04,80,Engagement-inferred
U0841,INT40,78,Engagement-inferred
U0841,INT49,78,Engagement-inferred
U0841,INT48,75,Engagement-inferred
U0841,INT05,70,Lookalike model
U0841,INT11,67,Engagement-inferred
U0841,INT25,65,Engagement-inferred
U0841,INT01,63,Engagement-inferred
U0841,INT33,63,Declared
U0841,INT02,62,Engagement-inferred
U0841,INT50,61,Lookalike model
U0841,INT06,59,Engagement-inferred
U0841,INT41,59,Engagement-inferred
U0842,INT26,100,Lookalike model
U0842,INT32,92,Lookalike model
U0842,INT20,89,Engagement-inferred
U0842,INT50,89,Declared
U0842,INT21,88,Engagement-inferred
U0842,INT14,88,Engagement-inferred
U0842,INT11,87,Engagement-inferred
U0842,INT19,87,Engagement-inferred
U0842,INT49,86,Engagement-inferred
U0842,INT48,85,Declared
U0842,INT27,83,Lookalike model
U0842,INT28,77,Declared
U0842,INT30,76,Engagement-inferred
U0842,INT18,75,Lookalike model
U0843,INT14,89,Engagement-inferred
U0843,INT19,85,Engagement-inferred
U0843,INT11,80,Lookalike model
U0843,INT07,79,Engagement-inferred
U0843,INT08,75,Declared
U0843,INT38,74,Engagement-inferred
U0843,INT18,72,Engagement-inferred
U0843,INT47,70,Engagement-inferred
U0843,INT21,69,Engagement-inferred
U0843,INT09,68,Declared
U0843,INT33,60,Engagement-inferred
U0843,INT20,60,Declared
U0843,INT26,58,Lookalike model
U0843,INT29,57,Lookalike model
U0844,INT40,97,Engagement-inferred
U0844,INT42,96,Engagement-inferred
U0844,INT41,89,Lookalike model
U0844,INT44,86,Lookalike model
U0844,INT11,69,Engagement-inferred
U0844,INT43,67,Declared
U0844,INT14,65,Engagement-inferred
U0844,INT16,61,Engagement-inferred
U0844,INT12,51,Engagement-inferred
U0844,INT17,49,Lookalike model
U0844,INT27,46,Lookalike model
U0845,INT42,89,Engagement-inferred
U0845,INT33,88,Lookalike model
U0845,INT40,87,Engagement-inferred
U0845,INT23,83,Engagement-inferred
U0845,INT41,79,Declared
U0845,INT44,79,Engagement-inferred
U0845,INT36,77,Lookalike model
U0845,INT24,74,Declared
U0845,INT22,73,Declared
U0845,INT32,71,Engagement-inferred
U0845,INT01,70,Declared
U0845,INT47,70,Declared
U0845,INT06,70,Engagement-inferred
U0845,INT35,69,Engagement-inferred
U0846,INT26,100,Engagement-inferred
U0846,INT29,88,Engagement-inferred
U0846,INT28,86,Engagement-inferred
U0846,INT47,85,Engagement-inferred
U0846,INT27,85,Engagement-inferred
U0846,INT40,82,Declared
U0846,INT38,81,Lookalike model
U0846,INT36,81,Engagement-inferred
U0846,INT03,77,Lookalike model
U0846,INT32,71,Lookalike model
U0846,INT37,71,Engagement-inferred
U0846,INT30,68,Lookalike model
U0846,INT33,68,Engagement-inferred
U0846,INT42,68,Engagement-inferred
U0847,INT47,98,Engagement-inferred
U0847,INT26,94,Engagement-inferred
U0847,INT07,92,Engagement-inferred
U0847,INT28,89,Engagement-inferred
U0847,INT31,89,Engagement-inferred
U0847,INT09,89,Declared
U0847,INT30,89,Engagement-inferred
U0847,INT11,87,Engagement-inferred
U0847,INT27,87,Engagement-inferred
U0847,INT38,82,Lookalike model
U0847,INT29,81,Engagement-inferred
U0847,INT08,81,Engagement-inferred
U0847,INT32,75,Declared
U0847,INT21,69,Engagement-inferred
U0848,INT07,100,Lookalike model
U0848,INT34,95,Lookalike model
U0848,INT33,95,Lookalike model
U0848,INT44,92,Engagement-inferred
U0848,INT08,82,Declared
U0848,INT23,75,Engagement-inferred
U0848,INT09,73,Lookalike model
U0848,INT02,72,Lookalike model
U0848,INT35,71,Engagement-inferred
U0848,INT43,69,Lookalike model
U0848,INT24,69,Engagement-inferred
U0848,INT15,67,Engagement-inferred
U0848,INT16,65,Engagement-inferred
U0848,INT22,65,Lookalike model
U0849,INT11,93,Engagement-inferred
U0849,INT33,82,Engagement-inferred
U0849,INT19,74,Engagement-inferred
U0849,INT14,73,Declared
U0849,INT26,69,Engagement-inferred
U0849,INT34,68,Engagement-inferred
U0849,INT32,67,Engagement-inferred
U0849,INT07,66,Engagement-inferred
U0849,INT27,65,Declared
U0849,INT43,63,Engagement-inferred
U0849,INT08,63,Lookalike model
U0849,INT35,61,Declared
U0849,INT21,61,Engagement-inferred
U0849,INT09,58,Lookalike model
U0850,INT26,100,Engagement-inferred
U0850,INT16,100,Declared
U0850,INT03,100,Declared
U0850,INT01,100,Engagement-inferred
U0850,INT17,100,Declared
U0850,INT04,88,Engagement-inferred
U0850,INT31,85,Engagement-inferred
U0850,INT30,84,Engagement-inferred
U0850,INT41,83,Engagement-inferred
U0850,INT12,83,Declared
U0850,INT40,81,Engagement-inferred
U0850,INT27,81,Lookalike model
U0850,INT02,81,Lookalike model
U0850,INT06,81,Engagement-inferred
U0851,INT44,72,Lookalike model
U0851,INT48,71,Engagement-inferred
U0851,INT49,66,Engagement-inferred
U0851,INT10,65,Declared
U0851,INT47,64,Declared
U0851,INT36,63,Declared
U0851,INT21,63,Engagement-inferred
U0851,INT20,62,Engagement-inferred
U0851,INT37,61,Engagement-inferred
U0851,INT50,61,Lookalike model
U0851,INT45,59,Engagement-inferred
U0851,INT06,56,Engagement-inferred
U0851,INT19,52,Engagement-inferred
U0851,INT18,49,Engagement-inferred
U0852,INT10,86,Engagement-inferred
U0852,INT28,78,Lookalike model
U0852,INT26,74,Lookalike model
U0852,INT23,73,Engagement-inferred
U0852,INT42,71,Declared
U0852,INT24,65,Lookalike model
U0852,INT41,64,Engagement-inferred
U0852,INT40,64,Engagement-inferred
U0852,INT27,63,Engagement-inferred
U0852,INT29,62,Declared
U0852,INT31,61,Engagement-inferred
U0852,INT13,61,Engagement-inferred
U0852,INT22,60,Engagement-inferred
U0852,INT32,59,Engagement-inferred
U0853,INT26,85,Engagement-inferred
U0853,INT01,79,Engagement-inferred
U0853,INT27,79,Engagement-inferred
U0853,INT33,75,Lookalike model
U0853,INT40,75,Engagement-inferred
U0853,INT29,72,Engagement-inferred
U0853,INT02,70,Engagement-inferred
U0853,INT32,67,Declared
U0853,INT41,66,Engagement-inferred
U0853,INT42,65,Declared
U0853,INT16,64,Engagement-inferred
U0853,INT11,62,Engagement-inferred
U0853,INT47,60,Engagement-inferred
U0853,INT38,60,Lookalike model
U0854,INT07,96,Engagement-inferred
U0854,INT25,90,Engagement-inferred
U0854,INT08,85,Lookalike model
U0854,INT10,81,Engagement-inferred
U0854,INT19,78,Declared
U0854,INT40,75,Engagement-inferred
U0854,INT47,75,Declared
U0854,INT48,74,Engagement-inferred
U0854,INT41,74,Engagement-inferred
U0854,INT29,74,Engagement-inferred
U0854,INT42,69,Engagement-inferred
U0854,INT27,69,Declared
U0854,INT09,68,Declared
U0854,INT26,65,Declared
U0855,INT07,96,Lookalike model
U0855,INT16,86,Engagement-inferred
U0855,INT17,85,Lookalike model
U0855,INT08,77,Engagement-inferred
U0855,INT26,77,Engagement-inferred
U0855,INT10,76,Engagement-inferred
U0855,INT28,75,Engagement-inferred
U0855,INT27,74,Lookalike model
U0855,INT09,70,Engagement-inferred
U0855,INT29,69,Declared
U0855,INT32,68,Engagement-inferred
U0855,INT49,68,Lookalike model
U0855,INT12,66,Declared
U0855,INT23,64,Lookalike model
U0856,INT07,100,Engagement-inferred
U0856,INT03,100,Lookalike model
U0856,INT05,96,Engagement-inferred
U0856,INT48,93,Declared
U0856,INT04,90,Engagement-inferred
U0856,INT25,86,Lookalike model
U0856,INT49,81,Lookalike model
U0856,INT08,81,Lookalike model
U0856,INT09,76,Engagement-inferred
U0856,INT46,74,Declared
U0856,INT47,73,Declared
U0856,INT38,72,Lookalike model
U0856,INT33,70,Engagement-inferred
U0856,INT50,69,Engagement-inferred
U0857,INT44,98,Engagement-inferred
U0857,INT01,85,Lookalike model
U0857,INT46,75,Engagement-inferred
U0857,INT02,75,Engagement-inferred
U0857,INT43,73,Lookalike model
U0857,INT11,72,Engagement-inferred
U0857,INT19,65,Lookalike model
U0857,INT36,62,Engagement-inferred
U0857,INT06,56,Lookalike model
U0857,INT04,54,Lookalike model
U0857,INT37,53,Engagement-inferred
U0857,INT21,53,Engagement-inferred
U0857,INT33,52,Engagement-inferred
U0857,INT14,51,Declared
U0858,INT01,98,Engagement-inferred
U0858,INT44,90,Engagement-inferred
U0858,INT26,81,Engagement-inferred
U0858,INT43,81,Engagement-inferred
U0858,INT02,79,Lookalike model
U0858,INT27,73,Engagement-inferred
U0858,INT10,73,Engagement-inferred
U0858,INT08,72,Engagement-inferred
U0858,INT06,72,Engagement-inferred
U0858,INT03,69,Declared
U0858,INT46,69,Engagement-inferred
U0858,INT25,68,Engagement-inferred
U0858,INT04,68,Engagement-inferred
U0858,INT49,68,Engagement-inferred
U0859,INT16,100,Engagement-inferred
U0859,INT17,88,Declared
U0859,INT12,78,Engagement-inferred
U0859,INT09,75,Engagement-inferred
U0859,INT07,73,Engagement-inferred
U0859,INT08,70,Declared
U0859,INT49,67,Engagement-inferred
U0859,INT48,66,Declared
U0859,INT50,64,Engagement-inferred
U0859,INT42,59,Declared
U0859,INT46,58,Declared
U0859,INT34,58,Engagement-inferred
U0859,INT33,58,Lookalike model
U0859,INT40,55,Engagement-inferred
U0860,INT10,81,Declared
U0860,INT11,72,Engagement-inferred
U0860,INT04,69,Engagement-inferred
U0860,INT14,65,Engagement-inferred
U0860,INT40,62,Engagement-inferred
U0860,INT46,60,Lookalike model
U0860,INT16,58,Engagement-inferred
U0860,INT42,58,Engagement-inferred
U0860,INT33,57,Engagement-inferred
U0860,INT38,53,Engagement-inferred
U0860,INT47,52,Engagement-inferred
U0860,INT17,52,Declared
U0860,INT41,51,Lookalike model
U0860,INT03,51,Engagement-inferred
U0861,INT19,91,Engagement-inferred
U0861,INT40,85,Lookalike model
U0861,INT42,85,Engagement-inferred
U0861,INT44,83,Engagement-inferred
U0861,INT11,79,Declared
U0861,INT41,78,Engagement-inferred
U0861,INT18,78,Engagement-inferred
U0861,INT07,73,Engagement-inferred
U0861,INT48,72,Lookalike model
U0861,INT09,72,Engagement-inferred
U0861,INT43,70,Engagement-inferred
U0861,INT28,69,Engagement-inferred
U0861,INT50,69,Engagement-inferred
U0861,INT21,68,Engagement-inferred
U0862,INT38,80,Engagement-inferred
U0862,INT47,77,Engagement-inferred
U0862,INT14,77,Engagement-inferred
U0862,INT11,71,Engagement-inferred
U0862,INT22,67,Engagement-inferred
U0862,INT24,67,Engagement-inferred
U0862,INT19,64,Engagement-inferred
U0862,INT25,62,Engagement-inferred
U0862,INT07,60,Declared
U0862,INT18,60,Engagement-inferred
U0862,INT31,58,Engagement-inferred
U0862,INT29,58,Lookalike model
U0862,INT26,58,Engagement-inferred
U0862,INT36,58,Declared
U0863,INT44,89,Declared
U0863,INT10,87,Declared
U0863,INT43,86,Engagement-inferred
U0863,INT05,82,Engagement-inferred
U0863,INT03,78,Engagement-inferred
U0863,INT04,72,Lookalike model
U0863,INT25,64,Engagement-inferred
U0863,INT24,63,Lookalike model
U0863,INT46,62,Engagement-inferred
U0863,INT01,61,Engagement-inferred
U0863,INT23,60,Engagement-inferred
U0863,INT33,59,Engagement-inferred
U0863,INT09,58,Engagement-inferred
U0863,INT07,55,Engagement-inferred
U0864,INT11,81,Engagement-inferred
U0864,INT10,75,Declared
U0864,INT03,74,Engagement-inferred
U0864,INT21,73,Lookalike model
U0864,INT20,72,Lookalike model
U0864,INT04,72,Engagement-inferred
U0864,INT44,71,Declared
U0864,INT07,69,Lookalike model
U0864,INT19,69,Engagement-inferred
U0864,INT14,69,Engagement-inferred
U0864,INT26,68,Declared
U0864,INT25,68,Engagement-inferred
U0864,INT05,66,Engagement-inferred
U0864,INT27,65,Engagement-inferred
U0865,INT49,100,Lookalike model
U0865,INT48,100,Engagement-inferred
U0865,INT26,100,Lookalike model
U0865,INT01,97,Engagement-inferred
U0865,INT28,93,Engagement-inferred
U0865,INT32,90,Engagement-inferred
U0865,INT27,90,Declared
U0865,INT02,85,Lookalike model
U0865,INT35,85,Engagement-inferred
U0865,INT50,84,Engagement-inferred
U0865,INT33,82,Declared
U0865,INT29,81,Engagement-inferred
U0865,INT16,79,Lookalike model
U0865,INT17,74,Engagement-inferred
U0866,INT36,100,Lookalike model
U0866,INT47,96,Engagement-inferred
U0866,INT03,92,Engagement-inferred
U0866,INT37,90,Engagement-inferred
U0866,INT44,85,Engagement-inferred
U0866,INT38,84,Declared
U0866,INT04,76,Declared
U0866,INT39,75,Engagement-inferred
U0866,INT10,67,Engagement-inferred
U0866,INT05,65,Declared
U0866,INT46,64,Declared
U0866,INT43,63,Engagement-inferred
U0866,INT11,58,Engagement-inferred
U0866,INT01,56,Engagement-inferred
U0867,INT33,94,Engagement-inferred
U0867,INT26,83,Lookalike model
U0867,INT42,82,Lookalike model
U0867,INT34,79,Engagement-inferred
U0867,INT47,77,Engagement-inferred
U0867,INT48,77,Engagement-inferred
U0867,INT40,75,Declared
U0867,INT49,75,Engagement-inferred
U0867,INT32,73,Engagement-inferred
U0867,INT28,73,Lookalike model
U0867,INT02,71,Engagement-inferred
U0867,INT35,69,Engagement-inferred
U0867,INT27,69,Engagement-inferred
U0867,INT01,69,Engagement-inferred
U0868,INT07,100,Lookalike model
U0868,INT47,94,Engagement-inferred
U0868,INT14,84,Engagement-inferred
U0868,INT09,80,Lookalike model
U0868,INT38,77,Engagement-inferred
U0868,INT11,77,Engagement-inferred
U0868,INT08,76,Engagement-inferred
U0868,INT20,73,Lookalike model
U0868,INT24,72,Lookalike model
U0868,INT22,70,Lookalike model
U0868,INT41,70,Declared
U0868,INT19,69,Engagement-inferred
U0868,INT01,67,Declared
U0868,INT18,65,Engagement-inferred
U0869,INT16,95,Declared
U0869,INT23,83,Engagement-inferred
U0869,INT26,80,Engagement-inferred
U0869,INT22,77,Engagement-inferred
U0869,INT17,75,Engagement-inferred
U0869,INT28,74,Lookalike model
U0869,INT11,73,Declared
U0869,INT01,70,Engagement-inferred
U0869,INT14,69,Declared
U0869,INT24,69,Declared
U0869,INT49,68,Engagement-inferred
U0869,INT12,68,Engagement-inferred
U0869,INT35,68,Engagement-inferred
U0869,INT48,66,Engagement-inferred
U0870,INT40,100,Engagement-inferred
U0870,INT01,100,Lookalike model
U0870,INT42,92,Engagement-inferred
U0870,INT06,92,Engagement-inferred
U0870,INT11,90,Engagement-inferred
U0870,INT02,85,Engagement-inferred
U0870,INT41,80,Declared
U0870,INT44,80,Engagement-inferred
U0870,INT26,78,Engagement-inferred
U0870,INT35,77,Engagement-inferred
U0870,INT34,76,Lookalike model
U0870,INT14,73,Engagement-inferred
U0870,INT30,72,Lookalike model
U0870,INT22,70,Declared
U0871,INT33,85,Declared
U0871,INT44,83,Lookalike model
U0871,INT14,82,Declared
U0871,INT11,82,Declared
U0871,INT34,78,Engagement-inferred
U0871,INT35,77,Engagement-inferred
U0871,INT49,77,Engagement-inferred
U0871,INT07,75,Engagement-inferred
U0871,INT08,66,Declared
U0871,INT36,65,Engagement-inferred
U0871,INT25,65,Engagement-inferred
U0871,INT43,62,Engagement-inferred
U0871,INT50,62,Engagement-inferred
U0871,INT47,61,Engagement-inferred
U0872,INT01,82,Engagement-inferred
U0872,INT27,76,Lookalike model
U0872,INT26,75,Lookalike model
U0872,INT02,74,Engagement-inferred
U0872,INT29,74,Lookalike model
U0872,INT28,73,Engagement-inferred
U0872,INT08,72,Engagement-inferred
U0872,INT07,71,Engagement-inferred
U0872,INT44,68,Declared
U0872,INT04,67,Lookalike model
U0872,INT43,67,Lookalike model
U0872,INT03,64,Engagement-inferred
U0872,INT09,63,Engagement-inferred
U0872,INT06,61,Engagement-inferred
U0873,INT44,100,Engagement-inferred
U0873,INT04,86,Declared
U0873,INT40,80,Engagement-inferred
U0873,INT43,80,Engagement-inferred
U0873,INT16,78,Engagement-inferred
U0873,INT03,76,Declared
U0873,INT42,75,Lookalike model
U0873,INT38,69,Lookalike model
U0873,INT19,69,Lookalike model
U0873,INT17,68,Engagement-inferred
U0873,INT41,66,Lookalike model
U0873,INT49,64,Engagement-inferred
U0873,INT47,64,Engagement-inferred
U0873,INT48,61,Engagement-inferred
U0874,INT47,96,Declared
U0874,INT03,92,Engagement-inferred
U0874,INT19,89,Engagement-inferred
U0874,INT38,85,Engagement-inferred
U0874,INT04,85,Engagement-inferred
U0874,INT20,81,Lookalike model
U0874,INT18,80,Engagement-inferred
U0874,INT25,74,Engagement-inferred
U0874,INT05,73,Engagement-inferred
U0874,INT26,71,Engagement-inferred
U0874,INT21,70,Lookalike model
U0874,INT11,66,Engagement-inferred
U0874,INT14,64,Lookalike model
U0874,INT16,63,Engagement-inferred
U0875,INT07,80,Lookalike model
U0875,INT48,79,Lookalike model
U0875,INT28,72,Engagement-inferred
U0875,INT49,67,Lookalike model
U0875,INT08,67,Declared
U0875,INT11,66,Lookalike model
U0875,INT26,62,Engagement-inferred
U0875,INT25,60,Engagement-inferred
U0875,INT27,59,Lookalike model
U0875,INT33,58,Engagement-inferred
U0875,INT50,56,Lookalike model
U0875,INT30,56,Declared
U0875,INT36,55,Declared
U0875,INT19,55,Lookalike model
U0876,INT26,98,Engagement-inferred
U0876,INT01,90,Engagement-inferred
U0876,INT27,90,Engagement-inferred
U0876,INT02,89,Engagement-inferred
U0876,INT28,85,Engagement-inferred
U0876,INT25,84,Engagement-inferred
U0876,INT29,83,Engagement-inferred
U0876,INT30,75,Declared
U0876,INT32,75,Lookalike model
U0876,INT14,74,Declared
U0876,INT07,73,Lookalike model
U0876,INT06,71,Engagement-inferred
U0876,INT31,70,Declared
U0876,INT40,64,Lookalike model
U0877,INT16,92,Engagement-inferred
U0877,INT34,80,Engagement-inferred
U0877,INT33,77,Declared
U0877,INT17,76,Engagement-inferred
U0877,INT35,71,Engagement-inferred
U0877,INT12,65,Engagement-inferred
U0877,INT45,59,Lookalike model
U0877,INT47,57,Engagement-inferred
U0877,INT36,55,Declared
U0877,INT15,49,Lookalike model
U0877,INT25,48,Declared
U0877,INT11,47,Lookalike model
U0877,INT01,46,Engagement-inferred
U0877,INT37,46,Engagement-inferred
U0878,INT22,91,Declared
U0878,INT24,86,Declared
U0878,INT23,82,Lookalike model
U0878,INT15,77,Engagement-inferred
U0878,INT04,73,Engagement-inferred
U0878,INT07,71,Engagement-inferred
U0878,INT47,71,Lookalike model
U0878,INT05,66,Engagement-inferred
U0878,INT03,66,Lookalike model
U0878,INT38,64,Engagement-inferred
U0878,INT26,64,Declared
U0878,INT25,57,Declared
U0878,INT08,55,Engagement-inferred
U0878,INT10,54,Engagement-inferred
U0879,INT14,82,Engagement-inferred
U0879,INT29,77,Engagement-inferred
U0879,INT26,72,Lookalike model
U0879,INT10,72,Lookalike model
U0879,INT27,71,Lookalike model
U0879,INT16,69,Engagement-inferred
U0879,INT08,68,Lookalike model
U0879,INT07,67,Engagement-inferred
U0879,INT11,67,Engagement-inferred
U0879,INT17,66,Engagement-inferred
U0879,INT28,64,Engagement-inferred
U0879,INT30,62,Declared
U0879,INT32,58,Engagement-inferred
U0879,INT47,57,Lookalike model
U0880,INT03,99,Engagement-inferred
U0880,INT05,91,Declared
U0880,INT04,88,Engagement-inferred
U0880,INT11,84,Lookalike model
U0880,INT10,80,Lookalike model
U0880,INT44,77,Engagement-inferred
U0880,INT16,77,Declared
U0880,INT49,77,Engagement-inferred
U0880,INT26,76,Engagement-inferred
U0880,INT48,72,Declared
U0880,INT25,72,Engagement-inferred
U0880,INT15,69,Lookalike model
U0880,INT50,68,Declared
U0880,INT24,68,Engagement-inferred
U0881,INT01,92,Lookalike model
U0881,INT16,77,Lookalike model
U0881,INT07,75,Declared
U0881,INT02,73,Engagement-inferred
U0881,INT06,72,Engagement-inferred
U0881,INT13,66,Lookalike model
U0881,INT19,64,Lookalike model
U0881,INT03,63,Lookalike model
U0881,INT21,62,Engagement-inferred
U0881,INT17,61,Declared
U0881,INT45,60,Lookalike model
U0881,INT18,60,Engagement-inferred
U0881,INT33,59,Engagement-inferred
U0881,INT48,59,Declared
U0882,INT25,86,Declared
U0882,INT49,81,Declared
U0882,INT10,80,Engagement-inferred
U0882,INT27,78,Engagement-inferred
U0882,INT42,75,Engagement-inferred
U0882,INT26,75,Engagement-inferred
U0882,INT40,74,Declared
U0882,INT11,73,Declared
U0882,INT30,69,Declared
U0882,INT14,67,Engagement-inferred
U0882,INT48,67,Engagement-inferred
U0882,INT29,67,Engagement-inferred
U0882,INT50,64,Engagement-inferred
U0882,INT46,64,Declared
U0883,INT03,78,Lookalike model
U0883,INT05,73,Lookalike model
U0883,INT11,70,Engagement-inferred
U0883,INT04,69,Engagement-inferred
U0883,INT14,69,Engagement-inferred
U0883,INT33,69,Engagement-inferred
U0883,INT48,63,Engagement-inferred
U0883,INT01,57,Engagement-inferred
U0883,INT35,57,Engagement-inferred
U0883,INT49,56,Engagement-inferred
U0883,INT02,55,Engagement-inferred
U0883,INT50,55,Lookalike model
U0883,INT39,50,Engagement-inferred
U0883,INT06,48,Engagement-inferred
U0884,INT01,76,Lookalike model
U0884,INT19,72,Engagement-inferred
U0884,INT46,71,Declared
U0884,INT44,62,Engagement-inferred
U0884,INT26,62,Engagement-inferred
U0884,INT23,60,Engagement-inferred
U0884,INT02,58,Engagement-inferred
U0884,INT43,58,Declared
U0884,INT45,56,Engagement-inferred
U0884,INT18,55,Engagement-inferred
U0884,INT06,55,Declared
U0884,INT28,53,Engagement-inferred
U0884,INT24,52,Lookalike model
U0884,INT33,52,Engagement-inferred
U0885,INT47,100,Engagement-inferred
U0885,INT07,98,Declared
U0885,INT38,86,Engagement-inferred
U0885,INT08,79,Engagement-inferred
U0885,INT01,79,Lookalike model
U0885,INT09,76,Declared
U0885,INT36,70,Lookalike model
U0885,INT34,69,Engagement-inferred
U0885,INT37,68,Engagement-inferred
U0885,INT06,68,Engagement-inferred
U0885,INT11,68,Declared
U0885,INT33,66,Engagement-inferred
U0885,INT02,66,Declared
U0885,INT14,60,Engagement-inferred
U0886,INT26,98,Engagement-inferred
U0886,INT36,95,Engagement-inferred
U0886,INT33,92,Engagement-inferred
U0886,INT01,87,Engagement-inferred
U0886,INT27,84,Lookalike model
U0886,INT02,84,Lookalike model
U0886,INT47,80,Engagement-inferred
U0886,INT34,80,Declared
U0886,INT06,79,Engagement-inferred
U0886,INT35,79,Engagement-inferred
U0886,INT38,79,Lookalike model
U0886,INT29,79,Engagement-inferred
U0886,INT30,77,Lookalike model
U0886,INT28,75,Engagement-inferred
U0887,INT40,100,Lookalike model
U0887,INT42,93,Lookalike model
U0887,INT26,92,Engagement-inferred
U0887,INT47,88,Engagement-inferred
U0887,INT41,85,Lookalike model
U0887,INT38,82,Lookalike model
U0887,INT33,82,Engagement-inferred
U0887,INT08,82,Engagement-inferred
U0887,INT27,82,Engagement-inferred
U0887,INT16,79,Engagement-inferred
U0887,INT25,78,Engagement-inferred
U0887,INT28,76,Engagement-inferred
U0887,INT32,75,Engagement-inferred
U0887,INT29,73,Declared
U0888,INT33,97,Engagement-inferred
U0888,INT24,92,Lookalike model
U0888,INT27,92,Lookalike model
U0888,INT22,90,Engagement-inferred
U0888,INT26,90,Engagement-inferred
U0888,INT16,89,Engagement-inferred
U0888,INT23,87,Declared
U0888,INT15,82,Lookalike model
U0888,INT29,82,Lookalike model
U0888,INT35,78,Lookalike model
U0888,INT19,76,Engagement-inferred
U0888,INT34,76,Engagement-inferred
U0888,INT28,75,Engagement-inferred
U0888,INT31,74,Lookalike model
U0889,INT26,90,Lookalike model
U0889,INT27,89,Engagement-inferred
U0889,INT07,84,Engagement-inferred
U0889,INT29,82,Engagement-inferred
U0889,INT01,82,Lookalike model
U0889,INT08,80,Engagement-inferred
U0889,INT06,74,Engagement-inferred
U0889,INT09,74,Engagement-inferred
U0889,INT02,71,Engagement-inferred
U0889,INT32,71,Engagement-inferred
U0889,INT28,69,Declared
U0889,INT11,69,Lookalike model
U0889,INT30,67,Engagement-inferred
U0889,INT31,67,Declared
U0890,INT11,82,Engagement-inferred
U0890,INT25,81,Lookalike model
U0890,INT47,76,Declared
U0890,INT38,76,Declared
U0890,INT44,72,Engagement-inferred
U0890,INT24,70,Engagement-inferred
U0890,INT14,69,Declared
U0890,INT07,69,Engagement-inferred
U0890,INT36,64,Engagement-inferred
U0890,INT22,63,Engagement-inferred
U0890,INT43,58,Engagement-inferred
U0890,INT37,58,Lookalike model
U0890,INT26,56,Engagement-inferred
U0890,INT28,54,Engagement-inferred
U0891,INT44,89,Lookalike model
U0891,INT26,86,Engagement-inferred
U0891,INT33,76,Engagement-inferred
U0891,INT29,76,Lookalike model
U0891,INT43,76,Declared
U0891,INT07,75,Engagement-inferred
U0891,INT27,75,Declared
U0891,INT32,74,Engagement-inferred
U0891,INT28,73,Engagement-inferred
U0891,INT36,72,Lookalike model
U0891,INT11,71,Engagement-inferred
U0891,INT19,71,Engagement-inferred
U0891,INT46,71,Lookalike model
U0891,INT34,68,Engagement-inferred
U0892,INT07,97,Engagement-inferred
U0892,INT08,82,Engagement-inferred
U0892,INT01,77,Engagement-inferred
U0892,INT09,76,Engagement-inferred
U0892,INT25,76,Declared
U0892,INT19,74,Lookalike model
U0892,INT44,74,Engagement-inferred
U0892,INT21,70,Engagement-inferred
U0892,INT18,70,Engagement-inferred
U0892,INT02,68,Declared
U0892,INT47,66,Lookalike model
U0892,INT20,63,Engagement-inferred
U0892,INT38,60,Lookalike model
U0892,INT15,59,Engagement-inferred
U0893,INT11,94,Lookalike model
U0893,INT47,80,Engagement-inferred
U0893,INT24,77,Engagement-inferred
U0893,INT26,76,Engagement-inferred
U0893,INT03,76,Engagement-inferred
U0893,INT48,72,Engagement-inferred
U0893,INT33,71,Lookalike model
U0893,INT04,71,Engagement-inferred
U0893,INT27,70,Lookalike model
U0893,INT14,67,Lookalike model
U0893,INT22,67,Engagement-inferred
U0893,INT50,66,Declared
U0893,INT49,66,Declared
U0893,INT38,65,Engagement-inferred
U0894,INT07,86,Engagement-inferred
U0894,INT11,85,Engagement-inferred
U0894,INT48,78,Engagement-inferred
U0894,INT22,78,Engagement-inferred
U0894,INT25,78,Engagement-inferred
U0894,INT49,77,Lookalike model
U0894,INT14,77,Engagement-inferred
U0894,INT24,73,Declared
U0894,INT50,72,Lookalike model
U0894,INT08,70,Engagement-inferred
U0894,INT47,67,Engagement-inferred
U0894,INT09,67,Lookalike model
U0894,INT23,62,Lookalike model
U0894,INT15,62,Lookalike model
U0895,INT10,89,Lookalike model
U0895,INT27,80,Engagement-inferred
U0895,INT26,78,Lookalike model
U0895,INT30,75,Engagement-inferred
U0895,INT29,74,Declared
U0895,INT14,73,Engagement-inferred
U0895,INT32,69,Engagement-inferred
U0895,INT28,66,Engagement-inferred
U0895,INT31,58,Engagement-inferred
U0895,INT16,58,Lookalike model
U0895,INT11,56,Lookalike model
U0895,INT25,54,Engagement-inferred
U0895,INT23,51,Engagement-inferred
U0895,INT17,49,Engagement-inferred
U0896,INT16,100,Engagement-inferred
U0896,INT24,86,Declared
U0896,INT17,82,Engagement-inferred
U0896,INT22,80,Declared
U0896,INT02,79,Engagement-inferred
U0896,INT01,73,Engagement-inferred
U0896,INT12,72,Declared
U0896,INT10,70,Lookalike model
U0896,INT04,69,Lookalike model
U0896,INT15,67,Engagement-inferred
U0896,INT03,65,Engagement-inferred
U0896,INT06,65,Engagement-inferred
U0896,INT33,64,Lookalike model
U0896,INT44,62,Engagement-inferred
U0897,INT01,100,Engagement-inferred
U0897,INT11,95,Lookalike model
U0897,INT02,90,Engagement-inferred
U0897,INT26,83,Lookalike model
U0897,INT28,78,Engagement-inferred
U0897,INT14,73,Engagement-inferred
U0897,INT06,71,Engagement-inferred
U0897,INT27,69,Declared
U0897,INT41,67,Engagement-inferred
U0897,INT19,66,Lookalike model
U0897,INT32,64,Engagement-inferred
U0897,INT29,64,Declared
U0897,INT30,64,Declared
U0897,INT44,62,Engagement-inferred
U0898,INT07,94,Engagement-inferred
U0898,INT25,82,Engagement-inferred
U0898,INT10,81,Declared
U0898,INT08,76,Lookalike model
U0898,INT44,72,Engagement-inferred
U0898,INT09,69,Engagement-inferred
U0898,INT43,69,Engagement-inferred
U0898,INT46,62,Engagement-inferred
U0898,INT28,62,Engagement-inferred
U0898,INT40,61,Engagement-inferred
U0898,INT22,61,Engagement-inferred
U0898,INT32,57,Engagement-inferred
U0898,INT38,57,Engagement-inferred
U0898,INT24,57,Engagement-inferred
U0899,INT16,94,Lookalike model
U0899,INT07,78,Engagement-inferred
U0899,INT23,76,Engagement-inferred
U0899,INT33,75,Lookalike model
U0899,INT03,74,Engagement-inferred
U0899,INT10,71,Declared
U0899,INT09,71,Engagement-inferred
U0899,INT17,69,Engagement-inferred
U0899,INT05,67,Engagement-inferred
U0899,INT12,66,Engagement-inferred
U0899,INT44,66,Engagement-inferred
U0899,INT04,65,Engagement-inferred
U0899,INT22,63,Engagement-inferred
U0899,INT34,62,Engagement-inferred
U0900,INT02,100,Engagement-inferred
U0900,INT01,98,Engagement-inferred
U0900,INT06,91,Engagement-inferred
U0900,INT20,83,Engagement-inferred
U0900,INT19,75,Lookalike model
U0900,INT14,72,Engagement-inferred
U0900,INT28,72,Lookalike model
U0900,INT26,71,Engagement-inferred
U0900,INT32,69,Lookalike model
U0900,INT29,68,Engagement-inferred
U0900,INT27,67,Engagement-inferred
U0900,INT18,66,Lookalike model
U0900,INT08,65,Engagement-inferred
U0900,INT21,63,Engagement-inferred
U0901,INT40,100,Engagement-inferred
U0901,INT26,100,Engagement-inferred
U0901,INT07,98,Engagement-inferred
U0901,INT16,98,Lookalike model
U0901,INT27,94,Engagement-inferred
U0901,INT29,90,Engagement-inferred
U0901,INT32,90,Declared
U0901,INT28,89,Engagement-inferred
U0901,INT36,89,Lookalike model
U0901,INT30,87,Declared
U0901,INT08,83,Engagement-inferred
U0901,INT17,78,Declared
U0901,INT41,76,Lookalike model
U0901,INT42,76,Declared
U0902,INT24,96,Engagement-inferred
U0902,INT22,96,Lookalike model
U0902,INT23,84,Engagement-inferred
U0902,INT33,82,Engagement-inferred
U0902,INT35,80,Engagement-inferred
U0902,INT15,79,Engagement-inferred
U0902,INT11,78,Engagement-inferred
U0902,INT07,76,Engagement-inferred
U0902,INT16,74,Lookalike model
U0902,INT34,71,Engagement-inferred
U0902,INT14,70,Engagement-inferred
U0902,INT09,68,Engagement-inferred
U0902,INT47,65,Declared
U0902,INT50,64,Declared
U0903,INT26,75,Engagement-inferred
U0903,INT16,75,Engagement-inferred
U0903,INT07,75,Engagement-inferred
U0903,INT08,70,Engagement-inferred
U0903,INT27,70,Lookalike model
U0903,INT10,67,Declared
U0903,INT29,66,Engagement-inferred
U0903,INT09,66,Engagement-inferred
U0903,INT28,63,Declared
U0903,INT44,62,Engagement-inferred
U0903,INT11,62,Lookalike model
U0903,INT01,62,Engagement-inferred
U0903,INT32,62,Engagement-inferred
U0903,INT17,60,Lookalike model
U0904,INT16,100,Engagement-inferred
U0904,INT03,87,Engagement-inferred
U0904,INT04,85,Engagement-inferred
U0904,INT28,81,Engagement-inferred
U0904,INT44,81,Engagement-inferred
U0904,INT17,81,Engagement-inferred
U0904,INT26,80,Engagement-inferred
U0904,INT08,74,Engagement-inferred
U0904,INT07,74,Lookalike model
U0904,INT12,73,Lookalike model
U0904,INT05,72,Engagement-inferred
U0904,INT30,72,Lookalike model
U0904,INT27,72,Engagement-inferred
U0904,INT47,68,Engagement-inferred
U0905,INT16,100,Engagement-inferred
U0905,INT17,89,Declared
U0905,INT10,75,Lookalike model
U0905,INT12,70,Declared
U0905,INT01,68,Lookalike model
U0905,INT04,67,Engagement-inferred
U0905,INT26,66,Declared
U0905,INT44,66,Declared
U0905,INT08,65,Declared
U0905,INT07,64,Declared
U0905,INT19,63,Engagement-inferred
U0905,INT06,63,Lookalike model
U0905,INT47,61,Engagement-inferred
U0905,INT11,60,Engagement-inferred
U0906,INT47,94,Lookalike model
U0906,INT44,89,Declared
U0906,INT46,83,Engagement-inferred
U0906,INT38,77,Lookalike model
U0906,INT07,72,Engagement-inferred
U0906,INT27,68,Engagement-inferred
U0906,INT11,68,Engagement-inferred
U0906,INT08,67,Engagement-inferred
U0906,INT29,67,Engagement-inferred
U0906,INT31,65,Lookalike model
U0906,INT32,65,Declared
U0906,INT14,64,Engagement-inferred
U0906,INT43,63,Engagement-inferred
U0906,INT09,63,Declared
U0907,INT16,100,Declared
U0907,INT17,94,Engagement-inferred
U0907,INT33,93,Engagement-inferred
U0907,INT11,82,Engagement-inferred
U0907,INT12,76,Lookalike model
U0907,INT09,75,Declared
U0907,INT08,74,Engagement-inferred
U0907,INT14,72,Declared
U0907,INT07,71,Engagement-inferred
U0907,INT03,70,Engagement-inferred
U0907,INT34,70,Engagement-inferred
U0907,INT36,70,Lookalike model
U0907,INT37,67,Engagement-inferred
U0907,INT35,66,Engagement-inferred
U0908,INT22,94,Engagement-inferred
U0908,INT24,83,Engagement-inferred
U0908,INT23,82,Engagement-inferred
U0908,INT40,76,Lookalike model
U0908,INT44,75,Engagement-inferred
U0908,INT26,73,Lookalike model
U0908,INT27,70,Engagement-inferred
U0908,INT15,69,Engagement-inferred
U0908,INT01,68,Engagement-inferred
U0908,INT25,66,Declared
U0908,INT36,64,Declared
U0908,INT06,63,Engagement-inferred
U0908,INT42,62,Engagement-inferred
U0908,INT28,62,Engagement-inferred
U0909,INT18,83,Engagement-inferred
U0909,INT19,81,Engagement-inferred
U0909,INT10,80,Engagement-inferred
U0909,INT20,80,Engagement-inferred
U0909,INT40,79,Lookalike model
U0909,INT42,78,Engagement-inferred
U0909,INT01,78,Declared
U0909,INT41,78,Declared
U0909,INT26,78,Lookalike model
U0909,INT29,75,Lookalike model
U0909,INT21,75,Engagement-inferred
U0909,INT08,74,Lookalike model
U0909,INT28,72,Engagement-inferred
U0909,INT07,71,Lookalike model
U0910,INT26,86,Engagement-inferred
U0910,INT32,85,Declared
U0910,INT31,82,Lookalike model
U0910,INT29,81,Declared
U0910,INT40,79,Engagement-inferred
U0910,INT41,78,Engagement-inferred
U0910,INT28,78,Declared
U0910,INT27,73,Engagement-inferred
U0910,INT30,73,Engagement-inferred
U0910,INT42,68,Engagement-inferred
U0910,INT06,63,Engagement-inferred
U0910,INT10,63,Lookalike model
U0910,INT44,61,Engagement-inferred
U0910,INT01,58,Engagement-inferred
U0911,INT44,89,Lookalike model
U0911,INT03,80,Lookalike model
U0911,INT43,75,Engagement-inferred
U0911,INT04,72,Lookalike model
U0911,INT25,71,Engagement-inferred
U0911,INT05,66,Declared
U0911,INT01,63,Declared
U0911,INT23,62,Engagement-inferred
U0911,INT24,61,Lookalike model
U0911,INT10,60,Engagement-inferred
U0911,INT06,59,Engagement-inferred
U0911,INT34,58,Declared
U0911,INT02,55,Declared
U0911,INT33,54,Engagement-inferred
U0912,INT44,88,Engagement-inferred
U0912,INT19,77,Lookalike model
U0912,INT06,72,Lookalike model
U0912,INT47,71,Engagement-inferred
U0912,INT11,70,Engagement-inferred
U0912,INT14,69,Engagement-inferred
U0912,INT01,68,Engagement-inferred
U0912,INT10,68,Declared
U0912,INT02,65,Engagement-inferred
U0912,INT43,63,Lookalike model
U0912,INT36,61,Engagement-inferred
U0912,INT18,61,Declared
U0912,INT42,59,Lookalike model
U0912,INT20,59,Engagement-inferred
U0913,INT07,100,Engagement-inferred
U0913,INT04,85,Engagement-inferred
U0913,INT03,81,Lookalike model
U0913,INT10,81,Engagement-inferred
U0913,INT05,77,Declared
U0913,INT08,77,Engagement-inferred
U0913,INT09,76,Declared
U0913,INT33,76,Engagement-inferred
U0913,INT36,74,Declared
U0913,INT39,70,Declared
U0913,INT34,69,Declared
U0913,INT40,67,Engagement-inferred
U0913,INT37,66,Engagement-inferred
U0913,INT23,65,Engagement-inferred
U0914,INT01,96,Engagement-inferred
U0914,INT10,90,Engagement-inferred
U0914,INT27,80,Engagement-inferred
U0914,INT26,77,Engagement-inferred
U0914,INT02,72,Engagement-inferred
U0914,INT50,71,Engagement-inferred
U0914,INT48,71,Engagement-inferred
U0914,INT28,67,Lookalike model
U0914,INT43,67,Engagement-inferred
U0914,INT06,66,Engagement-inferred
U0914,INT44,65,Engagement-inferred
U0914,INT07,64,Declared
U0914,INT30,63,Engagement-inferred
U0914,INT49,62,Engagement-inferred
U0915,INT33,97,Engagement-inferred
U0915,INT19,93,Engagement-inferred
U0915,INT20,89,Lookalike model
U0915,INT21,85,Engagement-inferred
U0915,INT34,85,Engagement-inferred
U0915,INT11,82,Lookalike model
U0915,INT01,77,Engagement-inferred
U0915,INT35,76,Declared
U0915,INT03,76,Engagement-inferred
U0915,INT18,75,Declared
U0915,INT05,74,Lookalike model
U0915,INT14,73,Lookalike model
U0915,INT07,72,Engagement-inferred
U0915,INT04,70,Engagement-inferred
U0916,INT49,92,Engagement-inferred
U0916,INT48,76,Engagement-inferred
U0916,INT27,75,Engagement-inferred
U0916,INT26,69,Declared
U0916,INT50,69,Declared
U0916,INT32,69,Engagement-inferred
U0916,INT30,62,Lookalike model
U0916,INT16,60,Engagement-inferred
U0916,INT07,59,Lookalike model
U0916,INT33,58,Lookalike model
U0916,INT28,57,Declared
U0916,INT29,56,Declared
U0916,INT36,55,Lookalike model
U0916,INT23,54,Engagement-inferred
U0917,INT03,83,Engagement-inferred
U0917,INT33,78,Lookalike model
U0917,INT42,71,Declared
U0917,INT04,69,Lookalike model
U0917,INT01,69,Engagement-inferred
U0917,INT16,68,Declared
U0917,INT17,66,Engagement-inferred
U0917,INT05,66,Lookalike model
U0917,INT35,65,Engagement-inferred
U0917,INT06,65,Engagement-inferred
U0917,INT02,65,Engagement-inferred
U0917,INT10,64,Engagement-inferred
U0917,INT34,64,Engagement-inferred
U0917,INT40,63,Engagement-inferred
U0918,INT03,92,Declared
U0918,INT05,85,Engagement-inferred
U0918,INT04,78,Engagement-inferred
U0918,INT16,76,Lookalike model
U0918,INT47,72,Engagement-inferred
U0918,INT36,72,Declared
U0918,INT11,71,Engagement-inferred
U0918,INT18,68,Lookalike model
U0918,INT26,65,Engagement-inferred
U0918,INT17,65,Declared
U0918,INT21,62,Lookalike model
U0918,INT20,62,Engagement-inferred
U0918,INT38,61,Engagement-inferred
U0918,INT19,59,Engagement-inferred
U0919,INT02,87,Engagement-inferred
U0919,INT01,87,Engagement-inferred
U0919,INT06,80,Engagement-inferred
U0919,INT25,79,Engagement-inferred
U0919,INT07,76,Engagement-inferred
U0919,INT11,76,Engagement-inferred
U0919,INT14,74,Engagement-inferred
U0919,INT08,72,Engagement-inferred
U0919,INT33,70,Engagement-inferred
U0919,INT19,66,Engagement-inferred
U0919,INT09,64,Declared
U0919,INT20,63,Engagement-inferred
U0919,INT18,63,Lookalike model
U0919,INT24,59,Engagement-inferred
U0920,INT40,90,Declared
U0920,INT11,89,Engagement-inferred
U0920,INT08,89,Engagement-inferred
U0920,INT07,87,Lookalike model
U0920,INT42,81,Engagement-inferred
U0920,INT24,80,Engagement-inferred
U0920,INT23,80,Engagement-inferred
U0920,INT10,79,Engagement-inferred
U0920,INT22,79,Declared
U0920,INT41,75,Engagement-inferred
U0920,INT09,72,Engagement-inferred
U0920,INT38,71,Engagement-inferred
U0920,INT49,70,Engagement-inferred
U0920,INT14,62,Declared
U0921,INT11,91,Lookalike model
U0921,INT16,84,Engagement-inferred
U0921,INT05,83,Engagement-inferred
U0921,INT47,80,Lookalike model
U0921,INT38,77,Declared
U0921,INT14,77,Lookalike model
U0921,INT03,77,Engagement-inferred
U0921,INT04,75,Engagement-inferred
U0921,INT33,73,Engagement-inferred
U0921,INT34,73,Engagement-inferred
U0921,INT18,68,Lookalike model
U0921,INT12,67,Engagement-inferred
U0921,INT17,67,Engagement-inferred
U0921,INT01,63,Declared
U0922,INT33,96,Engagement-inferred
U0922,INT34,79,Declared
U0922,INT35,78,Engagement-inferred
U0922,INT26,77,Engagement-inferred
U0922,INT16,76,Engagement-inferred
U0922,INT17,71,Engagement-inferred
U0922,INT46,70,Declared
U0922,INT45,67,Declared
U0922,INT27,66,Engagement-inferred
U0922,INT28,60,Engagement-inferred
U0922,INT12,58,Declared
U0922,INT31,58,Engagement-inferred
U0922,INT44,56,Engagement-inferred
U0922,INT36,56,Lookalike model
U0923,INT16,100,Engagement-inferred
U0923,INT26,99,Engagement-inferred
U0923,INT17,98,Engagement-inferred
U0923,INT49,90,Engagement-inferred
U0923,INT27,88,Engagement-inferred
U0923,INT01,84,Engagement-inferred
U0923,INT28,81,Declared
U0923,INT07,80,Engagement-inferred
U0923,INT48,79,Lookalike model
U0923,INT12,77,Engagement-inferred
U0923,INT30,74,Engagement-inferred
U0923,INT29,73,Engagement-inferred
U0923,INT31,72,Lookalike model
U0923,INT09,71,Lookalike model
U0924,INT44,100,Engagement-inferred
U0924,INT43,80,Declared
U0924,INT23,79,Declared
U0924,INT11,75,Engagement-inferred
U0924,INT24,74,Engagement-inferred
U0924,INT26,72,Lookalike model
U0924,INT14,70,Engagement-inferred
U0924,INT33,69,Engagement-inferred
U0924,INT22,66,Declared
U0924,INT01,64,Engagement-inferred
U0924,INT34,61,Engagement-inferred
U0924,INT15,60,Engagement-inferred
U0924,INT27,59,Engagement-inferred
U0924,INT28,57,Lookalike model
U0925,INT19,92,Declared
U0925,INT25,91,Engagement-inferred
U0925,INT33,88,Engagement-inferred
U0925,INT20,81,Engagement-inferred
U0925,INT46,78,Declared
U0925,INT21,76,Declared
U0925,INT50,76,Engagement-inferred
U0925,INT48,72,Engagement-inferred
U0925,INT18,70,Engagement-inferred
U0925,INT03,68,Lookalike model
U0925,INT04,67,Engagement-inferred
U0925,INT49,67,Declared
U0925,INT34,66,Engagement-inferred
U0925,INT07,65,Declared
U0926,INT22,100,Engagement-inferred
U0926,INT24,94,Lookalike model
U0926,INT23,94,Declared
U0926,INT40,87,Declared
U0926,INT26,85,Engagement-inferred
U0926,INT28,83,Declared
U0926,INT42,81,Engagement-inferred
U0926,INT01,79,Engagement-inferred
U0926,INT30,74,Engagement-inferred
U0926,INT25,73,Engagement-inferred
U0926,INT33,72,Declared
U0926,INT41,71,Engagement-inferred
U0926,INT27,71,Declared
U0926,INT29,66,Lookalike model
U0927,INT33,90,Engagement-inferred
U0927,INT07,87,Engagement-inferred
U0927,INT47,84,Lookalike model
U0927,INT09,75,Engagement-inferred
U0927,INT34,74,Engagement-inferred
U0927,INT38,73,Lookalike model
U0927,INT35,71,Engagement-inferred
U0927,INT08,71,Declared
U0927,INT10,70,Engagement-inferred
U0927,INT01,61,Engagement-inferred
U0927,INT02,59,Engagement-inferred
U0927,INT22,59,Engagement-inferred
U0927,INT11,58,Engagement-inferred
U0927,INT44,57,Engagement-inferred
U0928,INT22,94,Engagement-inferred
U0928,INT24,91,Engagement-inferred
U0928,INT23,90,Engagement-inferred
U0928,INT16,86,Declared
U0928,INT44,86,Engagement-inferred
U0928,INT12,81,Declared
U0928,INT01,80,Engagement-inferred
U0928,INT38,78,Engagement-inferred
U0928,INT47,77,Lookalike model
U0928,INT19,76,Declared
U0928,INT21,75,Engagement-inferred
U0928,INT17,74,Declared
U0928,INT15,74,Engagement-inferred
U0928,INT26,72,Declared
U0929,INT26,92,Engagement-inferred
U0929,INT16,82,Engagement-inferred
U0929,INT03,81,Engagement-inferred
U0929,INT05,80,Lookalike model
U0929,INT11,79,Engagement-inferred
U0929,INT28,78,Lookalike model
U0929,INT07,78,Engagement-inferred
U0929,INT31,77,Lookalike model
U0929,INT27,76,Engagement-inferred
U0929,INT40,75,Declared
U0929,INT33,75,Declared
U0929,INT30,74,Declared
U0929,INT29,73,Engagement-inferred
U0929,INT17,72,Engagement-inferred
U0930,INT47,88,Lookalike model
U0930,INT04,87,Declared
U0930,INT03,87,Engagement-inferred
U0930,INT25,86,Engagement-inferred
U0930,INT44,81,Lookalike model
U0930,INT36,80,Declared
U0930,INT08,78,Lookalike model
U0930,INT38,77,Engagement-inferred
U0930,INT09,76,Declared
U0930,INT07,76,Engagement-inferred
U0930,INT05,74,Engagement-inferred
U0930,INT33,72,Engagement-inferred
U0930,INT10,70,Engagement-inferred
U0930,INT37,63,Lookalike model
U0931,INT36,84,Declared
U0931,INT07,84,Engagement-inferred
U0931,INT47,83,Engagement-inferred
U0931,INT08,82,Declared
U0931,INT21,81,Engagement-inferred
U0931,INT19,81,Declared
U0931,INT37,80,Lookalike model
U0931,INT44,77,Declared
U0931,INT09,76,Engagement-inferred
U0931,INT03,76,Declared
U0931,INT33,73,Engagement-inferred
U0931,INT04,73,Lookalike model
U0931,INT23,71,Engagement-inferred
U0931,INT34,71,Engagement-inferred
U0932,INT18,89,Engagement-inferred
U0932,INT20,84,Lookalike model
U0932,INT16,80,Lookalike model
U0932,INT48,76,Declared
U0932,INT42,75,Declared
U0932,INT19,74,Lookalike model
U0932,INT44,73,Lookalike model
U0932,INT17,70,Lookalike model
U0932,INT40,70,Engagement-inferred
U0932,INT03,68,Engagement-inferred
U0932,INT43,67,Engagement-inferred
U0932,INT08,67,Lookalike model
U0932,INT12,66,Engagement-inferred
U0932,INT46,65,Engagement-inferred
U0933,INT16,100,Declared
U0933,INT07,100,Declared
U0933,INT40,99,Declared
U0933,INT42,86,Declared
U0933,INT22,84,Engagement-inferred
U0933,INT24,84,Engagement-inferred
U0933,INT23,82,Engagement-inferred
U0933,INT41,82,Engagement-inferred
U0933,INT25,80,Declared
U0933,INT09,78,Engagement-inferred
U0933,INT08,78,Engagement-inferred
U0933,INT01,76,Engagement-inferred
U0933,INT15,72,Lookalike model
U0933,INT17,72,Engagement-inferred
U0934,INT26,100,Engagement-inferred
U0934,INT24,90,Declared
U0934,INT30,81,Lookalike model
U0934,INT28,80,Engagement-inferred
U0934,INT27,78,Engagement-inferred
U0934,INT01,78,Engagement-inferred
U0934,INT22,75,Lookalike model
U0934,INT29,75,Engagement-inferred
U0934,INT32,75,Engagement-inferred
U0934,INT03,74,Engagement-inferred
U0934,INT31,73,Lookalike model
U0934,INT07,72,Engagement-inferred
U0934,INT04,69,Engagement-inferred
U0934,INT33,65,Engagement-inferred
U0935,INT26,90,Engagement-inferred
U0935,INT25,85,Declared
U0935,INT19,85,Engagement-inferred
U0935,INT33,83,Engagement-inferred
U0935,INT10,83,Engagement-inferred
U0935,INT29,81,Lookalike model
U0935,INT40,78,Lookalike model
U0935,INT20,78,Engagement-inferred
U0935,INT42,78,Declared
U0935,INT11,76,Lookalike model
U0935,INT35,75,Engagement-inferred
U0935,INT27,73,Engagement-inferred
U0935,INT32,71,Engagement-inferred
U0935,INT31,69,Engagement-inferred
U0936,INT44,88,Engagement-inferred
U0936,INT26,87,Lookalike model
U0936,INT27,85,Engagement-inferred
U0936,INT33,82,Declared
U0936,INT43,81,Engagement-inferred
U0936,INT28,77,Lookalike model
U0936,INT49,77,Lookalike model
U0936,INT25,75,Engagement-inferred
U0936,INT29,72,Lookalike model
U0936,INT30,67,Engagement-inferred
U0936,INT31,66,Declared
U0936,INT36,65,Engagement-inferred
U0936,INT46,65,Engagement-inferred
U0936,INT32,65,Engagement-inferred
U0937,INT26,100,Engagement-inferred
U0937,INT04,88,Engagement-inferred
U0937,INT03,88,Engagement-inferred
U0937,INT27,86,Engagement-inferred
U0937,INT32,86,Engagement-inferred
U0937,INT05,80,Engagement-inferred
U0937,INT30,79,Declared
U0937,INT28,78,Engagement-inferred
U0937,INT34,77,Lookalike model
U0937,INT33,75,Engagement-inferred
U0937,INT25,74,Declared
U0937,INT29,72,Declared
U0937,INT47,71,Engagement-inferred
U0937,INT38,68,Engagement-inferred
U0938,INT26,100,Engagement-inferred
U0938,INT28,97,Declared
U0938,INT32,92,Lookalike model
U0938,INT35,89,Engagement-inferred
U0938,INT27,87,Engagement-inferred
U0938,INT33,87,Engagement-inferred
U0938,INT31,83,Engagement-inferred
U0938,INT07,82,Engagement-inferred
U0938,INT30,79,Engagement-inferred
U0938,INT29,77,Engagement-inferred
U0938,INT44,73,Lookalike model
U0938,INT01,72,Lookalike model
U0938,INT08,69,Lookalike model
U0938,INT34,69,Declared
U0939,INT07,100,Engagement-inferred
U0939,INT16,93,Lookalike model
U0939,INT44,84,Engagement-inferred
U0939,INT33,81,Declared
U0939,INT08,78,Engagement-inferred
U0939,INT35,78,Engagement-inferred
U0939,INT09,75,Engagement-inferred
U0939,INT42,74,Engagement-inferred
U0939,INT49,71,Engagement-inferred
U0939,INT34,71,Engagement-inferred
U0939,INT36,70,Declared
U0939,INT43,68,Declared
U0939,INT46,66,Lookalike model
U0939,INT11,66,Lookalike model
U0940,INT27,96,Declared
U0940,INT25,86,Engagement-inferred
U0940,INT26,86,Lookalike model
U0940,INT01,83,Engagement-inferred
U0940,INT31,80,Engagement-inferred
U0940,INT22,75,Declared
U0940,INT29,74,Declared
U0940,INT32,73,Lookalike model
U0940,INT24,73,Declared
U0940,INT40,73,Declared
U0940,INT28,71,Engagement-inferred
U0940,INT19,68,Declared
U0940,INT30,68,Engagement-inferred
U0940,INT14,68,Engagement-inferred
U0941,INT33,99,Engagement-inferred
U0941,INT26,85,Engagement-inferred
U0941,INT22,84,Engagement-inferred
U0941,INT23,83,Declared
U0941,INT24,83,Engagement-inferred
U0941,INT16,81,Engagement-inferred
U0941,INT44,80,Lookalike model
U0941,INT34,80,Declared
U0941,INT38,78,Lookalike model
U0941,INT07,77,Engagement-inferred
U0941,INT27,77,Engagement-inferred
U0941,INT29,77,Engagement-inferred
U0941,INT35,75,Engagement-inferred
U0941,INT14,75,Engagement-inferred
U0942,INT16,94,Engagement-inferred
U0942,INT08,87,Engagement-inferred
U0942,INT07,84,Engagement-inferred
U0942,INT12,80,Engagement-inferred
U0942,INT23,79,Engagement-inferred
U0942,INT09,76,Engagement-inferred
U0942,INT17,74,Engagement-inferred
U0942,INT11,73,Declared
U0942,INT26,73,Engagement-inferred
U0942,INT25,73,Engagement-inferred
U0942,INT10,73,Engagement-inferred
U0942,INT14,71,Engagement-inferred
U0942,INT22,70,Engagement-inferred
U0942,INT47,69,Declared
U0943,INT03,97,Engagement-inferred
U0943,INT04,92,Engagement-inferred
U0943,INT34,85,Engagement-inferred
U0943,INT38,84,Engagement-inferred
U0943,INT44,82,Declared
U0943,INT10,82,Engagement-inferred
U0943,INT47,80,Lookalike model
U0943,INT07,74,Engagement-inferred
U0943,INT33,73,Engagement-inferred
U0943,INT09,71,Declared
U0943,INT14,67,Engagement-inferred
U0943,INT05,65,Engagement-inferred
U0943,INT43,60,Declared
U0943,INT08,59,Lookalike model
U0944,INT01,93,Engagement-inferred
U0944,INT33,89,Engagement-inferred
U0944,INT47,86,Engagement-inferred
U0944,INT07,81,Declared
U0944,INT26,79,Declared
U0944,INT38,77,Lookalike model
U0944,INT02,76,Engagement-inferred
U0944,INT27,73,Lookalike model
U0944,INT11,72,Lookalike model
U0944,INT06,71,Declared
U0944,INT08,70,Engagement-inferred
U0944,INT34,69,Engagement-inferred
U0944,INT41,68,Lookalike model
U0944,INT42,67,Engagement-inferred
U0945,INT22,85,Declared
U0945,INT24,79,Engagement-inferred
U0945,INT07,77,Engagement-inferred
U0945,INT23,76,Engagement-inferred
U0945,INT01,73,Engagement-inferred
U0945,INT44,72,Engagement-inferred
U0945,INT43,72,Engagement-inferred
U0945,INT15,68,Engagement-inferred
U0945,INT46,66,Engagement-inferred
U0945,INT17,65,Engagement-inferred
U0945,INT49,64,Lookalike model
U0945,INT02,62,Engagement-inferred
U0945,INT14,61,Engagement-inferred
U0945,INT08,61,Engagement-inferred
U0946,INT33,82,Lookalike model
U0946,INT11,79,Declared
U0946,INT35,75,Engagement-inferred
U0946,INT34,73,Engagement-inferred
U0946,INT02,66,Engagement-inferred
U0946,INT36,63,Lookalike model
U0946,INT14,63,Engagement-inferred
U0946,INT37,61,Engagement-inferred
U0946,INT01,59,Engagement-inferred
U0946,INT03,57,Lookalike model
U0946,INT39,53,Engagement-inferred
U0946,INT24,48,Lookalike model
U0946,INT06,47,Engagement-inferred
U0946,INT27,45,Lookalike model
U0947,INT44,82,Engagement-inferred
U0947,INT10,76,Lookalike model
U0947,INT14,68,Lookalike model
U0947,INT25,66,Lookalike model
U0947,INT11,64,Engagement-inferred
U0947,INT43,62,Engagement-inferred
U0947,INT26,62,Engagement-inferred
U0947,INT47,62,Engagement-inferred
U0947,INT38,60,Engagement-inferred
U0947,INT16,58,Lookalike model
U0947,INT27,58,Engagement-inferred
U0947,INT36,57,Engagement-inferred
U0947,INT24,56,Engagement-inferred
U0947,INT22,55,Engagement-inferred
U0948,INT07,99,Engagement-inferred
U0948,INT09,92,Engagement-inferred
U0948,INT08,84,Engagement-inferred
U0948,INT01,77,Engagement-inferred
U0948,INT46,75,Engagement-inferred
U0948,INT11,74,Declared
U0948,INT26,69,Lookalike model
U0948,INT22,68,Engagement-inferred
U0948,INT44,67,Lookalike model
U0948,INT14,63,Lookalike model
U0948,INT37,62,Engagement-inferred
U0948,INT43,61,Engagement-inferred
U0948,INT33,60,Engagement-inferred
U0948,INT06,60,Engagement-inferred
U0949,INT26,88,Engagement-inferred
U0949,INT27,86,Engagement-inferred
U0949,INT47,82,Lookalike model
U0949,INT29,80,Declared
U0949,INT28,79,Engagement-inferred
U0949,INT31,79,Lookalike model
U0949,INT32,77,Engagement-inferred
U0949,INT14,77,Engagement-inferred
U0949,INT17,76,Lookalike model
U0949,INT07,74,Engagement-inferred
U0949,INT16,73,Engagement-inferred
U0949,INT12,72,Engagement-inferred
U0949,INT09,72,Engagement-inferred
U0949,INT30,72,Engagement-inferred
U0950,INT44,100,Lookalike model
U0950,INT07,90,Declared
U0950,INT08,83,Engagement-inferred
U0950,INT43,83,Engagement-inferred
U0950,INT09,76,Engagement-inferred
U0950,INT16,73,Declared
U0950,INT33,73,Engagement-inferred
U0950,INT11,71,Engagement-inferred
U0950,INT10,67,Lookalike model
U0950,INT27,66,Lookalike model
U0950,INT29,66,Engagement-inferred
U0950,INT26,65,Lookalike model
U0950,INT35,65,Lookalike model
U0950,INT31,64,Engagement-inferred
U0951,INT47,98,Engagement-inferred
U0951,INT38,94,Lookalike model
U0951,INT26,89,Engagement-inferred
U0951,INT33,81,Engagement-inferred
U0951,INT29,75,Declared
U0951,INT27,68,Declared
U0951,INT18,67,Engagement-inferred
U0951,INT28,66,Declared
U0951,INT34,66,Engagement-inferred
U0951,INT31,66,Lookalike model
U0951,INT19,62,Lookalike model
U0951,INT08,61,Engagement-inferred
U0951,INT32,61,Declared
U0951,INT44,61,Engagement-inferred
U0952,INT26,100,Engagement-inferred
U0952,INT27,97,Declared
U0952,INT25,89,Declared
U0952,INT01,87,Engagement-inferred
U0952,INT28,84,Lookalike model
U0952,INT46,83,Declared
U0952,INT24,82,Engagement-inferred
U0952,INT23,77,Engagement-inferred
U0952,INT48,76,Engagement-inferred
U0952,INT30,75,Lookalike model
U0952,INT02,74,Engagement-inferred
U0952,INT43,72,Engagement-inferred
U0952,INT38,71,Engagement-inferred
U0952,INT31,70,Engagement-inferred
U0953,INT26,99,Engagement-inferred
U0953,INT27,87,Engagement-inferred
U0953,INT44,85,Lookalike model
U0953,INT28,79,Engagement-inferred
U0953,INT04,78,Lookalike model
U0953,INT10,78,Engagement-inferred
U0953,INT29,78,Declared
U0953,INT32,74,Engagement-inferred
U0953,INT30,71,Engagement-inferred
U0953,INT05,71,Engagement-inferred
U0953,INT19,69,Engagement-inferred
U0953,INT43,69,Engagement-inferred
U0953,INT31,67,Lookalike model
U0953,INT03,66,Engagement-inferred
U0954,INT33,84,Engagement-inferred
U0954,INT16,84,Lookalike model
U0954,INT40,80,Declared
U0954,INT35,79,Engagement-inferred
U0954,INT03,79,Engagement-inferred
U0954,INT17,73,Engagement-inferred
U0954,INT34,72,Declared
U0954,INT11,71,Declared
U0954,INT04,69,Declared
U0954,INT41,64,Engagement-inferred
U0954,INT14,64,Lookalike model
U0954,INT42,61,Engagement-inferred
U0954,INT22,58,Engagement-inferred
U0954,INT12,58,Engagement-inferred
U0955,INT11,94,Engagement-inferred
U0955,INT04,83,Engagement-inferred
U0955,INT03,80,Engagement-inferred
U0955,INT07,75,Engagement-inferred
U0955,INT40,75,Engagement-inferred
U0955,INT14,74,Lookalike model
U0955,INT19,73,Declared
U0955,INT05,71,Declared
U0955,INT33,71,Engagement-inferred
U0955,INT18,68,Engagement-inferred
U0955,INT42,68,Engagement-inferred
U0955,INT29,67,Lookalike model
U0955,INT41,67,Engagement-inferred
U0955,INT24,67,Lookalike model
U0956,INT11,100,Declared
U0956,INT26,91,Declared
U0956,INT14,79,Engagement-inferred
U0956,INT40,76,Engagement-inferred
U0956,INT28,76,Engagement-inferred
U0956,INT29,73,Lookalike model
U0956,INT27,72,Declared
U0956,INT32,71,Engagement-inferred
U0956,INT36,67,Engagement-inferred
U0956,INT41,64,Engagement-inferred
U0956,INT30,62,Engagement-inferred
U0956,INT42,58,Declared
U0956,INT31,56,Engagement-inferred
U0956,INT23,55,Engagement-inferred
U0957,INT36,96,Declared
U0957,INT41,92,Lookalike model
U0957,INT40,88,Lookalike model
U0957,INT42,82,Engagement-inferred
U0957,INT37,82,Engagement-inferred
U0957,INT39,75,Declared
U0957,INT26,69,Engagement-inferred
U0957,INT10,66,Lookalike model
U0957,INT28,59,Engagement-inferred
U0957,INT27,59,Engagement-inferred
U0957,INT33,56,Lookalike model
U0957,INT32,53,Engagement-inferred
U0957,INT29,52,Engagement-inferred
U0957,INT47,52,Engagement-inferred
U0958,INT33,86,Engagement-inferred
U0958,INT11,75,Lookalike model
U0958,INT34,70,Declared
U0958,INT01,62,Engagement-inferred
U0958,INT35,62,Declared
U0958,INT23,59,Engagement-inferred
U0958,INT44,59,Engagement-inferred
U0958,INT22,58,Engagement-inferred
U0958,INT04,56,Lookalike model
U0958,INT45,55,Engagement-inferred
U0958,INT24,55,Engagement-inferred
U0958,INT42,54,Lookalike model
U0958,INT02,54,Lookalike model
U0958,INT05,54,Declared
U0959,INT26,80,Declared
U0959,INT01,77,Engagement-inferred
U0959,INT02,70,Engagement-inferred
U0959,INT07,69,Engagement-inferred
U0959,INT27,69,Lookalike model
U0959,INT41,68,Engagement-inferred
U0959,INT32,66,Engagement-inferred
U0959,INT40,65,Declared
U0959,INT29,65,Engagement-inferred
U0959,INT30,62,Engagement-inferred
U0959,INT09,61,Engagement-inferred
U0959,INT06,60,Engagement-inferred
U0959,INT08,57,Engagement-inferred
U0959,INT42,56,Engagement-inferred
U0960,INT40,100,Engagement-inferred
U0960,INT01,91,Lookalike model
U0960,INT16,88,Declared
U0960,INT10,85,Engagement-inferred
U0960,INT41,84,Lookalike model
U0960,INT26,84,Engagement-inferred
U0960,INT42,80,Declared
U0960,INT03,79,Declared
U0960,INT06,78,Engagement-inferred
U0960,INT11,73,Lookalike model
U0960,INT32,73,Engagement-inferred
U0960,INT29,71,Declared
U0960,INT33,70,Lookalike model
U0960,INT05,70,Engagement-inferred
U0961,INT07,97,Lookalike model
U0961,INT24,85,Engagement-inferred
U0961,INT22,75,Engagement-inferred
U0961,INT08,74,Lookalike model
U0961,INT23,73,Engagement-inferred
U0961,INT09,71,Lookalike model
U0961,INT48,67,Lookalike model
U0961,INT41,65,Engagement-inferred
U0961,INT40,64,Engagement-inferred
U0961,INT17,64,Engagement-inferred
U0961,INT36,63,Lookalike model
U0961,INT44,62,Engagement-inferred
U0961,INT25,61,Lookalike model
U0961,INT15,60,Declared
U0962,INT26,94,Engagement-inferred
U0962,INT04,90,Declared
U0962,INT40,81,Engagement-inferred
U0962,INT03,78,Declared
U0962,INT24,75,Engagement-inferred
U0962,INT36,74,Declared
U0962,INT27,74,Engagement-inferred
U0962,INT05,73,Engagement-inferred
U0962,INT22,73,Lookalike model
U0962,INT31,73,Lookalike model
U0962,INT01,72,Engagement-inferred
U0962,INT06,71,Lookalike model
U0962,INT42,69,Engagement-inferred
U0962,INT33,67,Engagement-inferred
U0963,INT33,100,Declared
U0963,INT38,95,Lookalike model
U0963,INT47,92,Engagement-inferred
U0963,INT34,87,Lookalike model
U0963,INT35,83,Lookalike model
U0963,INT36,82,Declared
U0963,INT37,79,Declared
U0963,INT25,73,Engagement-inferred
U0963,INT11,67,Engagement-inferred
U0963,INT14,60,Lookalike model
U0963,INT40,56,Engagement-inferred
U0963,INT44,55,Declared
U0963,INT39,54,Declared
U0963,INT46,49,Declared
U0964,INT25,69,Lookalike model
U0964,INT03,62,Engagement-inferred
U0964,INT49,62,Engagement-inferred
U0964,INT07,60,Engagement-inferred
U0964,INT05,56,Engagement-inferred
U0964,INT48,56,Lookalike model
U0964,INT10,55,Lookalike model
U0964,INT06,54,Engagement-inferred
U0964,INT40,54,Lookalike model
U0964,INT09,52,Lookalike model
U0964,INT04,52,Declared
U0964,INT33,51,Declared
U0964,INT50,51,Lookalike model
U0964,INT01,50,Declared
U0965,INT38,97,Engagement-inferred
U0965,INT11,93,Lookalike model
U0965,INT47,91,Engagement-inferred
U0965,INT40,80,Engagement-inferred
U0965,INT19,75,Engagement-inferred
U0965,INT14,74,Engagement-inferred
U0965,INT20,72,Lookalike model
U0965,INT33,66,Lookalike model
U0965,INT28,64,Lookalike model
U0965,INT21,63,Engagement-inferred
U0965,INT35,62,Engagement-inferred
U0965,INT18,62,Lookalike model
U0965,INT10,61,Engagement-inferred
U0965,INT42,61,Engagement-inferred
U0966,INT49,91,Engagement-inferred
U0966,INT07,84,Engagement-inferred
U0966,INT10,79,Engagement-inferred
U0966,INT33,77,Engagement-inferred
U0966,INT08,74,Engagement-inferred
U0966,INT40,74,Engagement-inferred
U0966,INT50,73,Declared
U0966,INT48,71,Declared
U0966,INT35,71,Engagement-inferred
U0966,INT44,69,Lookalike model
U0966,INT01,66,Lookalike model
U0966,INT09,63,Engagement-inferred
U0966,INT43,62,Lookalike model
U0966,INT42,61,Engagement-inferred
U0967,INT44,100,Engagement-inferred
U0967,INT24,80,Engagement-inferred
U0967,INT46,79,Engagement-inferred
U0967,INT16,76,Engagement-inferred
U0967,INT03,75,Declared
U0967,INT43,73,Engagement-inferred
U0967,INT22,72,Lookalike model
U0967,INT17,69,Engagement-inferred
U0967,INT47,68,Declared
U0967,INT23,67,Engagement-inferred
U0967,INT12,65,Engagement-inferred
U0967,INT40,64,Declared
U0967,INT38,63,Engagement-inferred
U0967,INT42,62,Declared
U0968,INT16,84,Engagement-inferred
U0968,INT40,84,Engagement-inferred
U0968,INT11,80,Engagement-inferred
U0968,INT33,79,Engagement-inferred
U0968,INT26,74,Declared
U0968,INT27,73,Engagement-inferred
U0968,INT17,71,Lookalike model
U0968,INT41,69,Lookalike model
U0968,INT24,68,Engagement-inferred
U0968,INT42,67,Engagement-inferred
U0968,INT44,65,Lookalike model
U0968,INT28,64,Lookalike model
U0968,INT23,63,Declared
U0968,INT30,63,Engagement-inferred
U0969,INT26,100,Lookalike model
U0969,INT07,92,Lookalike model
U0969,INT29,78,Engagement-inferred
U0969,INT08,77,Engagement-inferred
U0969,INT28,76,Engagement-inferred
U0969,INT27,75,Engagement-inferred
U0969,INT10,75,Engagement-inferred
U0969,INT32,71,Lookalike model
U0969,INT09,71,Engagement-inferred
U0969,INT30,71,Engagement-inferred
U0969,INT31,69,Declared
U0969,INT43,67,Lookalike model
U0969,INT47,66,Engagement-inferred
U0969,INT01,66,Lookalike model
U0970,INT07,100,Engagement-inferred
U0970,INT26,89,Engagement-inferred
U0970,INT47,86,Engagement-inferred
U0970,INT38,83,Declared
U0970,INT09,76,Lookalike model
U0970,INT08,76,Engagement-inferred
U0970,INT11,73,Declared
U0970,INT27,67,Engagement-inferred
U0970,INT02,67,Declared
U0970,INT35,67,Engagement-inferred
U0970,INT28,66,Lookalike model
U0970,INT14,66,Engagement-inferred
U0970,INT29,65,Declared
U0970,INT33,65,Engagement-inferred
U0971,INT07,93,Declared
U0971,INT44,88,Lookalike model
U0971,INT09,82,Engagement-inferred
U0971,INT08,74,Lookalike model
U0971,INT32,72,Engagement-inferred
U0971,INT01,72,Engagement-inferred
U0971,INT26,66,Declared
U0971,INT46,64,Engagement-inferred
U0971,INT36,64,Engagement-inferred
U0971,INT28,63,Declared
U0971,INT02,62,Lookalike model
U0971,INT37,61,Engagement-inferred
U0971,INT27,61,Lookalike model
U0971,INT43,59,Engagement-inferred
U0972,INT02,100,Engagement-inferred
U0972,INT01,94,Lookalike model
U0972,INT06,88,Declared
U0972,INT36,83,Declared
U0972,INT11,80,Declared
U0972,INT33,76,Engagement-inferred
U0972,INT44,72,Engagement-inferred
U0972,INT14,70,Declared
U0972,INT37,66,Engagement-inferred
U0972,INT18,66,Engagement-inferred
U0972,INT04,65,Engagement-inferred
U0972,INT34,65,Engagement-inferred
U0972,INT20,65,Declared
U0972,INT46,64,Declared
U0973,INT16,94,Engagement-inferred
U0973,INT33,88,Declared
U0973,INT47,85,Engagement-inferred
U0973,INT01,82,Declared
U0973,INT26,76,Engagement-inferred
U0973,INT38,74,Lookalike model
U0973,INT12,68,Declared
U0973,INT02,68,Engagement-inferred
U0973,INT34,68,Lookalike model
U0973,INT06,67,Lookalike model
U0973,INT03,66,Declared
U0973,INT10,66,Engagement-inferred
U0973,INT35,65,Declared
U0973,INT22,65,Engagement-inferred
U0974,INT11,86,Lookalike model
U0974,INT26,83,Engagement-inferred
U0974,INT36,82,Lookalike model
U0974,INT27,73,Engagement-inferred
U0974,INT37,72,Lookalike model
U0974,INT10,72,Declared
U0974,INT30,72,Engagement-inferred
U0974,INT14,71,Engagement-inferred
U0974,INT44,71,Engagement-inferred
U0974,INT46,68,Engagement-inferred
U0974,INT43,67,Engagement-inferred
U0974,INT29,66,Engagement-inferred
U0974,INT28,65,Engagement-inferred
U0974,INT32,64,Engagement-inferred
U0975,INT44,95,Engagement-inferred
U0975,INT38,83,Engagement-inferred
U0975,INT47,83,Declared
U0975,INT19,82,Lookalike model
U0975,INT21,79,Lookalike model
U0975,INT43,78,Declared
U0975,INT20,69,Declared
U0975,INT18,68,Lookalike model
U0975,INT24,67,Engagement-inferred
U0975,INT16,65,Lookalike model
U0975,INT22,64,Declared
U0975,INT46,60,Declared
U0975,INT23,57,Declared
U0975,INT25,56,Declared
U0976,INT47,99,Lookalike model
U0976,INT44,92,Engagement-inferred
U0976,INT07,87,Declared
U0976,INT26,78,Lookalike model
U0976,INT09,77,Declared
U0976,INT20,77,Engagement-inferred
U0976,INT27,75,Lookalike model
U0976,INT21,75,Lookalike model
U0976,INT19,74,Lookalike model
U0976,INT38,74,Lookalike model
U0976,INT08,72,Engagement-inferred
U0976,INT31,70,Declared
U0976,INT30,68,Engagement-inferred
U0976,INT29,68,Engagement-inferred
U0977,INT07,89,Engagement-inferred
U0977,INT10,88,Lookalike model
U0977,INT21,83,Engagement-inferred
U0977,INT49,83,Declared
U0977,INT40,81,Engagement-inferred
U0977,INT14,80,Engagement-inferred
U0977,INT11,78,Declared
U0977,INT26,76,Lookalike model
U0977,INT34,76,Engagement-inferred
U0977,INT19,76,Engagement-inferred
U0977,INT42,75,Engagement-inferred
U0977,INT35,74,Engagement-inferred
U0977,INT48,73,Engagement-inferred
U0977,INT33,72,Lookalike model
U0978,INT49,87,Engagement-inferred
U0978,INT48,83,Engagement-inferred
U0978,INT16,78,Lookalike model
U0978,INT07,77,Engagement-inferred
U0978,INT18,76,Lookalike model
U0978,INT44,75,Declared
U0978,INT03,75,Lookalike model
U0978,INT50,73,Declared
U0978,INT19,70,Lookalike model
U0978,INT08,67,Engagement-inferred
U0978,INT09,66,Engagement-inferred
U0978,INT20,64,Engagement-inferred
U0978,INT17,63,Lookalike model
U0978,INT12,62,Engagement-inferred
U0979,INT03,100,Declared
U0979,INT08,97,Declared
U0979,INT07,95,Engagement-inferred
U0979,INT04,90,Engagement-inferred
U0979,INT36,88,Lookalike model
U0979,INT16,86,Engagement-inferred
U0979,INT09,85,Engagement-inferred
U0979,INT25,84,Declared
U0979,INT27,83,Declared
U0979,INT26,83,Engagement-inferred
U0979,INT05,83,Engagement-inferred
U0979,INT10,79,Lookalike model
U0979,INT28,77,Engagement-inferred
U0979,INT30,77,Engagement-inferred
U0980,INT16,100,Engagement-inferred
U0980,INT07,86,Lookalike model
U0980,INT17,81,Lookalike model
U0980,INT44,81,Engagement-inferred
U0980,INT43,79,Declared
U0980,INT04,77,Engagement-inferred
U0980,INT08,77,Declared
U0980,INT47,68,Engagement-inferred
U0980,INT12,67,Engagement-inferred
U0980,INT03,66,Engagement-inferred
U0980,INT09,65,Engagement-inferred
U0980,INT40,63,Declared
U0980,INT38,61,Engagement-inferred
U0980,INT26,60,Engagement-inferred
U0981,INT03,81,Engagement-inferred
U0981,INT26,80,Lookalike model
U0981,INT28,80,Engagement-inferred
U0981,INT27,80,Engagement-inferred
U0981,INT49,79,Lookalike model
U0981,INT30,76,Engagement-inferred
U0981,INT48,74,Engagement-inferred
U0981,INT25,70,Lookalike model
U0981,INT40,70,Lookalike model
U0981,INT44,70,Declared
U0981,INT04,68,Engagement-inferred
U0981,INT50,66,Engagement-inferred
U0981,INT29,64,Engagement-inferred
U0981,INT32,63,Engagement-inferred
U0982,INT26,83,Declared
U0982,INT27,73,Engagement-inferred
U0982,INT28,71,Engagement-inferred
U0982,INT04,70,Engagement-inferred
U0982,INT47,70,Engagement-inferred
U0982,INT29,69,Engagement-inferred
U0982,INT30,68,Engagement-inferred
U0982,INT40,67,Engagement-inferred
U0982,INT41,61,Engagement-inferred
U0982,INT42,61,Declared
U0982,INT32,61,Engagement-inferred
U0982,INT01,60,Engagement-inferred
U0982,INT03,59,Engagement-inferred
U0982,INT02,59,Lookalike model
U0983,INT44,100,Engagement-inferred
U0983,INT33,95,Engagement-inferred
U0983,INT43,81,Engagement-inferred
U0983,INT26,79,Engagement-inferred
U0983,INT35,75,Engagement-inferred
U0983,INT40,70,Declared
U0983,INT41,68,Engagement-inferred
U0983,INT20,68,Declared
U0983,INT34,67,Engagement-inferred
U0983,INT18,65,Engagement-inferred
U0983,INT11,64,Engagement-inferred
U0983,INT04,64,Declared
U0983,INT22,64,Declared
U0983,INT10,64,Engagement-inferred
U0984,INT04,93,Engagement-inferred
U0984,INT03,93,Declared
U0984,INT05,88,Declared
U0984,INT44,85,Engagement-inferred
U0984,INT43,73,Engagement-inferred
U0984,INT16,73,Engagement-inferred
U0984,INT07,73,Engagement-inferred
U0984,INT38,72,Engagement-inferred
U0984,INT28,70,Lookalike model
U0984,INT33,65,Engagement-inferred
U0984,INT46,64,Engagement-inferred
U0984,INT36,64,Lookalike model
U0984,INT17,61,Declared
U0984,INT47,59,Lookalike model
U0985,INT01,100,Engagement-inferred
U0985,INT33,99,Declared
U0985,INT03,99,Declared
U0985,INT02,88,Engagement-inferred
U0985,INT05,85,Declared
U0985,INT16,84,Engagement-inferred
U0985,INT04,83,Engagement-inferred
U0985,INT34,82,Engagement-inferred
U0985,INT06,81,Engagement-inferred
U0985,INT44,75,Lookalike model
U0985,INT35,73,Engagement-inferred
U0985,INT07,73,Engagement-inferred
U0985,INT12,71,Engagement-inferred
U0985,INT10,70,Engagement-inferred
U0986,INT03,100,Engagement-inferred
U0986,INT48,99,Engagement-inferred
U0986,INT50,98,Engagement-inferred
U0986,INT04,96,Engagement-inferred
U0986,INT05,91,Lookalike model
U0986,INT49,91,Lookalike model
U0986,INT11,89,Engagement-inferred
U0986,INT42,77,Lookalike model
U0986,INT44,75,Engagement-inferred
U0986,INT22,69,Engagement-inferred
U0986,INT40,69,Lookalike model
U0986,INT43,69,Engagement-inferred
U0986,INT07,68,Engagement-inferred
U0986,INT14,67,Engagement-inferred
U0987,INT25,90,Engagement-inferred
U0987,INT03,87,Declared
U0987,INT33,86,Engagement-inferred
U0987,INT16,79,Engagement-inferred
U0987,INT05,78,Declared
U0987,INT48,75,Engagement-inferred
U0987,INT17,75,Engagement-inferred
U0987,INT35,72,Engagement-inferred
U0987,INT34,72,Engagement-inferred
U0987,INT04,71,Engagement-inferred
U0987,INT49,70,Lookalike model
U0987,INT47,67,Engagement-inferred
U0987,INT01,63,Lookalike model
U0987,INT12,62,Lookalike model
U0988,INT10,75,Engagement-inferred
U0988,INT33,71,Declared
U0988,INT49,70,Engagement-inferred
U0988,INT47,69,Engagement-inferred
U0988,INT38,68,Declared
U0988,INT48,67,Declared
U0988,INT50,66,Engagement-inferred
U0988,INT36,65,Declared
U0988,INT40,61,Engagement-inferred
U0988,INT22,61,Lookalike model
U0988,INT23,60,Lookalike model
U0988,INT03,57,Engagement-inferred
U0988,INT34,57,Declared
U0988,INT35,54,Engagement-inferred
U0989,INT33,88,Lookalike model
U0989,INT27,82,Engagement-inferred
U0989,INT26,82,Engagement-inferred
U0989,INT07,78,Engagement-inferred
U0989,INT28,72,Lookalike model
U0989,INT11,72,Engagement-inferred
U0989,INT50,68,Engagement-inferred
U0989,INT35,67,Engagement-inferred
U0989,INT29,65,Engagement-inferred
U0989,INT44,64,Declared
U0989,INT34,64,Engagement-inferred
U0989,INT30,62,Declared
U0989,INT43,62,Engagement-inferred
U0989,INT08,61,Engagement-inferred
U0990,INT19,100,Engagement-inferred
U0990,INT26,91,Lookalike model
U0990,INT29,86,Declared
U0990,INT11,85,Engagement-inferred
U0990,INT28,82,Engagement-inferred
U0990,INT18,82,Lookalike model
U0990,INT14,81,Engagement-inferred
U0990,INT21,80,Lookalike model
U0990,INT20,77,Lookalike model
U0990,INT44,76,Lookalike model
U0990,INT23,76,Engagement-inferred
U0990,INT27,75,Lookalike model
U0990,INT33,73,Engagement-inferred
U0990,INT49,72,Engagement-inferred
U0991,INT07,97,Engagement-inferred
U0991,INT08,86,Declared
U0991,INT44,83,Engagement-inferred
U0991,INT09,82,Lookalike model
U0991,INT11,80,Lookalike model
U0991,INT01,77,Lookalike model
U0991,INT06,74,Engagement-inferred
U0991,INT14,68,Lookalike model
U0991,INT02,66,Lookalike model
U0991,INT43,62,Engagement-inferred
U0991,INT19,53,Engagement-inferred
U0991,INT47,51,Engagement-inferred
U0991,INT46,50,Engagement-inferred
U0991,INT38,48,Declared
U0992,INT40,94,Engagement-inferred
U0992,INT44,94,Engagement-inferred
U0992,INT07,88,Engagement-inferred
U0992,INT03,88,Engagement-inferred
U0992,INT43,83,Engagement-inferred
U0992,INT14,81,Engagement-inferred
U0992,INT41,79,Engagement-inferred
U0992,INT42,77,Engagement-inferred
U0992,INT10,75,Engagement-inferred
U0992,INT11,75,Engagement-inferred
U0992,INT25,72,Engagement-inferred
U0992,INT09,72,Lookalike model
U0992,INT01,71,Lookalike model
U0992,INT08,66,Declared
U0993,INT07,95,Engagement-inferred
U0993,INT36,83,Lookalike model
U0993,INT09,82,Engagement-inferred
U0993,INT08,75,Engagement-inferred
U0993,INT37,73,Lookalike model
U0993,INT19,72,Declared
U0993,INT33,71,Lookalike model
U0993,INT10,70,Engagement-inferred
U0993,INT38,68,Lookalike model
U0993,INT21,67,Engagement-inferred
U0993,INT39,66,Declared
U0993,INT01,65,Declared
U0993,INT20,63,Lookalike model
U0993,INT26,63,Engagement-inferred
U0994,INT40,90,Declared
U0994,INT26,89,Declared
U0994,INT41,89,Engagement-inferred
U0994,INT43,87,Engagement-inferred
U0994,INT44,86,Engagement-inferred
U0994,INT47,85,Lookalike model
U0994,INT42,85,Engagement-inferred
U0994,INT27,77,Lookalike model
U0994,INT28,75,Engagement-inferred
U0994,INT32,73,Engagement-inferred
U0994,INT46,72,Engagement-inferred
U0994,INT16,71,Lookalike model
U0994,INT38,69,Engagement-inferred
U0994,INT31,64,Declared
U0995,INT33,86,Declared
U0995,INT16,80,Engagement-inferred
U0995,INT03,78,Engagement-inferred
U0995,INT05,78,Lookalike model
U0995,INT10,77,Lookalike model
U0995,INT17,72,Lookalike model
U0995,INT04,72,Engagement-inferred
U0995,INT34,71,Engagement-inferred
U0995,INT44,67,Lookalike model
U0995,INT23,65,Lookalike model
U0995,INT47,63,Engagement-inferred
U0995,INT35,63,Engagement-inferred
U0995,INT37,62,Engagement-inferred
U0995,INT12,58,Engagement-inferred
U0996,INT28,100,Declared
U0996,INT26,100,Engagement-inferred
U0996,INT27,98,Engagement-inferred
U0996,INT32,84,Engagement-inferred
U0996,INT29,83,Lookalike model
U0996,INT30,82,Lookalike model
U0996,INT11,80,Engagement-inferred
U0996,INT31,77,Engagement-inferred
U0996,INT22,70,Declared
U0996,INT23,70,Engagement-inferred
U0996,INT14,69,Engagement-inferred
U0996,INT10,65,Engagement-inferred
U0996,INT24,64,Engagement-inferred
U0996,INT46,58,Lookalike model
U0997,INT42,84,Engagement-inferred
U0997,INT01,83,Lookalike model
U0997,INT40,75,Declared
U0997,INT14,71,Engagement-inferred
U0997,INT06,69,Engagement-inferred
U0997,INT02,69,Engagement-inferred
U0997,INT25,68,Engagement-inferred
U0997,INT11,67,Declared
U0997,INT19,67,Engagement-inferred
U0997,INT21,65,Engagement-inferred
U0997,INT41,62,Engagement-inferred
U0997,INT30,62,Engagement-inferred
U0997,INT36,61,Lookalike model
U0997,INT39,60,Engagement-inferred
U0998,INT26,100,Declared
U0998,INT01,94,Engagement-inferred
U0998,INT28,92,Lookalike model
U0998,INT02,87,Declared
U0998,INT27,84,Declared
U0998,INT29,83,Engagement-inferred
U0998,INT44,82,Engagement-inferred
U0998,INT32,81,Lookalike model
U0998,INT30,81,Declared
U0998,INT03,81,Engagement-inferred
U0998,INT06,79,Engagement-inferred
U0998,INT36,74,Lookalike model
U0998,INT47,73,Engagement-inferred
U0998,INT31,71,Engagement-inferred
U0999,INT22,100,Lookalike model
U0999,INT07,89,Engagement-inferred
U0999,INT15,84,Engagement-inferred
U0999,INT24,81,Lookalike model
U0999,INT03,78,Declared
U0999,INT23,77,Engagement-inferred
U0999,INT30,77,Engagement-inferred
U0999,INT26,77,Engagement-inferred
U0999,INT40,76,Engagement-inferred
U0999,INT09,75,Engagement-inferred
U0999,INT32,72,Declared
U0999,INT14,72,Lookalike model
U0999,INT27,71,Declared
U0999,INT08,70,Lookalike model
U1000,INT24,97,Declared
U1000,INT22,95,Engagement-inferred
U1000,INT23,88,Engagement-inferred
U1000,INT15,81,Engagement-inferred
U1000,INT01,70,Engagement-inferred
U1000,INT10,68,Declared
U1000,INT26,67,Engagement-inferred
U1000,INT38,67,Lookalike model
U1000,INT06,66,Lookalike model
U1000,INT08,63,Engagement-inferred
U1000,INT25,62,Engagement-inferred
U1000,INT46,61,Lookalike model
U1000,INT07,60,Engagement-inferred
U1000,INT02,59,Engagement-inferred
U1001,INT01,95,Engagement-inferred
U1001,INT49,92,Lookalike model
U1001,INT46,91,Engagement-inferred
U1001,INT38,80,Declared
U1001,INT47,79,Lookalike model
U1001,INT48,77,Engagement-inferred
U1001,INT20,76,Lookalike model
U1001,INT02,76,Engagement-inferred
U1001,INT03,75,Engagement-inferred
U1001,INT50,74,Engagement-inferred
U1001,INT19,71,Declared
U1001,INT10,68,Declared
U1001,INT06,67,Declared
U1001,INT44,65,Engagement-inferred
U1002,INT47,90,Lookalike model
U1002,INT33,82,Declared
U1002,INT38,81,Engagement-inferred
U1002,INT25,80,Engagement-inferred
U1002,INT16,79,Engagement-inferred
U1002,INT44,74,Engagement-inferred
U1002,INT03,70,Lookalike model
U1002,INT17,69,Declared
U1002,INT35,68,Engagement-inferred
U1002,INT43,67,Engagement-inferred
U1002,INT11,67,Engagement-inferred
U1002,INT02,66,Engagement-inferred
U1002,INT34,66,Engagement-inferred
U1002,INT12,65,Engagement-inferred
U1003,INT27,91,Lookalike model
U1003,INT26,83,Engagement-inferred
U1003,INT28,80,Lookalike model
U1003,INT32,75,Engagement-inferred
U1003,INT47,70,Declared
U1003,INT07,70,Declared
U1003,INT09,69,Engagement-inferred
U1003,INT38,67,Declared
U1003,INT44,65,Engagement-inferred
U1003,INT29,64,Engagement-inferred
U1003,INT31,62,Lookalike model
U1003,INT30,61,Declared
U1003,INT08,61,Engagement-inferred
U1003,INT19,60,Engagement-inferred
U1004,INT44,97,Declared
U1004,INT19,83,Engagement-inferred
U1004,INT10,81,Engagement-inferred
U1004,INT18,78,Engagement-inferred
U1004,INT43,75,Engagement-inferred
U1004,INT11,73,Engagement-inferred
U1004,INT35,68,Lookalike model
U1004,INT14,66,Lookalike model
U1004,INT20,65,Engagement-inferred
U1004,INT40,65,Engagement-inferred
U1004,INT25,62,Engagement-inferred
U1004,INT33,62,Lookalike model
U1004,INT34,62,Engagement-inferred
U1004,INT41,61,Engagement-inferred
U1005,INT26,95,Engagement-inferred
U1005,INT01,95,Lookalike model
U1005,INT27,87,Engagement-inferred
U1005,INT28,87,Engagement-inferred
U1005,INT02,84,Engagement-inferred
U1005,INT32,80,Engagement-inferred
U1005,INT06,78,Engagement-inferred
U1005,INT31,73,Engagement-inferred
U1005,INT30,72,Declared
U1005,INT10,71,Declared
U1005,INT29,71,Engagement-inferred
U1005,INT36,71,Declared
U1005,INT16,66,Declared
U1005,INT09,61,Declared
U1006,INT47,84,Engagement-inferred
U1006,INT07,83,Lookalike model
U1006,INT38,83,Declared
U1006,INT08,81,Engagement-inferred
U1006,INT05,76,Declared
U1006,INT22,75,Declared
U1006,INT15,72,Engagement-inferred
U1006,INT24,71,Engagement-inferred
U1006,INT04,71,Engagement-inferred
U1006,INT10,68,Lookalike model
U1006,INT23,68,Engagement-inferred
U1006,INT50,66,Engagement-inferred
U1006,INT03,63,Declared
U1006,INT49,62,Engagement-inferred
U1007,INT03,94,Declared
U1007,INT07,90,Declared
U1007,INT09,85,Engagement-inferred
U1007,INT04,85,Engagement-inferred
U1007,INT47,80,Engagement-inferred
U1007,INT08,76,Engagement-inferred
U1007,INT05,73,Engagement-inferred
U1007,INT33,73,Engagement-inferred
U1007,INT01,70,Lookalike model
U1007,INT18,70,Engagement-inferred
U1007,INT21,70,Lookalike model
U1007,INT22,70,Declared
U1007,INT44,69,Engagement-inferred
U1007,INT24,68,Engagement-inferred
U1008,INT46,93,Lookalike model
U1008,INT24,88,Declared
U1008,INT22,87,Engagement-inferred
U1008,INT44,86,Declared
U1008,INT27,79,Engagement-inferred
U1008,INT26,79,Engagement-inferred
U1008,INT43,78,Lookalike model
U1008,INT23,76,Engagement-inferred
U1008,INT15,73,Engagement-inferred
U1008,INT03,73,Lookalike model
U1008,INT29,72,Engagement-inferred
U1008,INT32,71,Declared
U1008,INT04,70,Engagement-inferred
U1008,INT28,70,Engagement-inferred
U1009,INT01,87,Engagement-inferred
U1009,INT49,80,Engagement-inferred
U1009,INT24,74,Declared
U1009,INT02,74,Lookalike model
U1009,INT22,73,Engagement-inferred
U1009,INT14,70,Engagement-inferred
U1009,INT06,68,Engagement-inferred
U1009,INT11,66,Engagement-inferred
U1009,INT15,65,Declared
U1009,INT50,64,Engagement-inferred
U1009,INT23,64,Lookalike model
U1009,INT48,62,Engagement-inferred
U1009,INT07,61,Engagement-inferred
U1009,INT09,57,Lookalike model
U1010,INT07,77,Engagement-inferred
U1010,INT08,77,Declared
U1010,INT36,74,Lookalike model
U1010,INT37,72,Lookalike model
U1010,INT47,71,Engagement-inferred
U1010,INT09,63,Engagement-inferred
U1010,INT03,63,Lookalike model
U1010,INT14,62,Engagement-inferred
U1010,INT11,61,Engagement-inferred
U1010,INT38,61,Engagement-inferred
U1010,INT39,58,Engagement-inferred
U1010,INT26,58,Engagement-inferred
U1010,INT04,58,Engagement-inferred
U1010,INT05,54,Engagement-inferred
U1011,INT26,93,Engagement-inferred
U1011,INT42,83,Engagement-inferred
U1011,INT40,81,Declared
U1011,INT29,80,Declared
U1011,INT11,79,Lookalike model
U1011,INT27,77,Engagement-inferred
U1011,INT10,77,Lookalike model
U1011,INT31,75,Engagement-inferred
U1011,INT28,75,Engagement-inferred
U1011,INT30,74,Engagement-inferred
U1011,INT38,74,Engagement-inferred
U1011,INT41,72,Engagement-inferred
U1011,INT47,72,Engagement-inferred
U1011,INT46,69,Engagement-inferred
U1012,INT33,95,Engagement-inferred
U1012,INT05,89,Declared
U1012,INT07,87,Lookalike model
U1012,INT03,86,Engagement-inferred
U1012,INT08,84,Engagement-inferred
U1012,INT09,82,Declared
U1012,INT34,77,Lookalike model
U1012,INT40,76,Engagement-inferred
U1012,INT04,73,Engagement-inferred
U1012,INT35,73,Declared
U1012,INT42,72,Lookalike model
U1012,INT16,71,Engagement-inferred
U1012,INT26,69,Lookalike model
U1012,INT41,69,Engagement-inferred
U1013,INT33,100,Engagement-inferred
U1013,INT36,94,Engagement-inferred
U1013,INT07,90,Lookalike model
U1013,INT47,88,Engagement-inferred
U1013,INT34,87,Engagement-inferred
U1013,INT38,81,Declared
U1013,INT14,80,Engagement-inferred
U1013,INT35,80,Declared
U1013,INT09,76,Lookalike model
U1013,INT08,75,Engagement-inferred
U1013,INT19,72,Declared
U1013,INT11,70,Lookalike model
U1013,INT18,69,Engagement-inferred
U1013,INT42,68,Engagement-inferred
U1014,INT07,94,Lookalike model
U1014,INT08,91,Engagement-inferred
U1014,INT22,86,Engagement-inferred
U1014,INT33,82,Engagement-inferred
U1014,INT23,80,Declared
U1014,INT44,76,Engagement-inferred
U1014,INT15,74,Lookalike model
U1014,INT24,74,Engagement-inferred
U1014,INT25,68,Engagement-inferred
U1014,INT09,68,Engagement-inferred
U1014,INT35,63,Engagement-inferred
U1014,INT34,61,Engagement-inferred
U1014,INT43,53,Lookalike model
U1014,INT46,52,Engagement-inferred
U1015,INT44,95,Engagement-inferred
U1015,INT43,83,Engagement-inferred
U1015,INT33,82,Engagement-inferred
U1015,INT40,82,Engagement-inferred
U1015,INT41,76,Lookalike model
U1015,INT34,71,Declared
U1015,INT26,69,Engagement-inferred
U1015,INT01,68,Declared
U1015,INT42,68,Engagement-inferred
U1015,INT06,66,Declared
U1015,INT07,62,Engagement-inferred
U1015,INT20,61,Engagement-inferred
U1015,INT02,59,Engagement-inferred
U1015,INT14,58,Engagement-inferred
U1016,INT01,100,Engagement-inferred
U1016,INT02,100,Declared
U1016,INT16,95,Engagement-inferred
U1016,INT06,93,Engagement-inferred
U1016,INT22,92,Engagement-inferred
U1016,INT23,87,Declared
U1016,INT24,83,Engagement-inferred
U1016,INT10,77,Declared
U1016,INT26,74,Declared
U1016,INT28,73,Engagement-inferred
U1016,INT15,67,Engagement-inferred
U1016,INT29,67,Engagement-inferred
U1016,INT27,66,Engagement-inferred
U1016,INT17,64,Engagement-inferred
U1017,INT16,94,Engagement-inferred
U1017,INT14,88,Engagement-inferred
U1017,INT22,84,Engagement-inferred
U1017,INT36,80,Lookalike model
U1017,INT26,78,Engagement-inferred
U1017,INT11,77,Engagement-inferred
U1017,INT47,75,Engagement-inferred
U1017,INT17,74,Declared
U1017,INT44,73,Declared
U1017,INT27,72,Engagement-inferred
U1017,INT38,72,Engagement-inferred
U1017,INT37,69,Engagement-inferred
U1017,INT12,66,Engagement-inferred
U1017,INT24,64,Lookalike model
U1018,INT47,81,Declared
U1018,INT38,80,Lookalike model
U1018,INT22,77,Engagement-inferred
U1018,INT04,74,Engagement-inferred
U1018,INT24,74,Lookalike model
U1018,INT46,72,Lookalike model
U1018,INT23,68,Declared
U1018,INT03,67,Lookalike model
U1018,INT05,63,Engagement-inferred
U1018,INT15,62,Engagement-inferred
U1018,INT44,58,Lookalike model
U1018,INT18,52,Lookalike model
U1018,INT11,50,Declared
U1018,INT25,50,Engagement-inferred
U1019,INT10,81,Lookalike model
U1019,INT01,79,Engagement-inferred
U1019,INT02,72,Engagement-inferred
U1019,INT03,70,Engagement-inferred
U1019,INT06,67,Engagement-inferred
U1019,INT05,66,Engagement-inferred
U1019,INT25,64,Engagement-inferred
U1019,INT19,62,Engagement-inferred
U1019,INT45,60,Lookalike model
U1019,INT18,58,Engagement-inferred
U1019,INT04,56,Engagement-inferred
U1019,INT20,56,Engagement-inferred
U1019,INT46,55,Engagement-inferred
U1019,INT07,53,Declared
U1020,INT24,94,Engagement-inferred
U1020,INT07,93,Engagement-inferred
U1020,INT23,84,Declared
U1020,INT22,83,Lookalike model
U1020,INT26,82,Declared
U1020,INT19,80,Engagement-inferred
U1020,INT20,78,Engagement-inferred
U1020,INT27,78,Engagement-inferred
U1020,INT08,78,Declared
U1020,INT09,72,Lookalike model
U1020,INT28,72,Lookalike model
U1020,INT18,71,Engagement-inferred
U1020,INT29,71,Engagement-inferred
U1020,INT15,70,Lookalike model
U1021,INT01,88,Lookalike model
U1021,INT19,84,Engagement-inferred
U1021,INT02,77,Lookalike model
U1021,INT03,75,Declared
U1021,INT11,75,Lookalike model
U1021,INT17,72,Engagement-inferred
U1021,INT05,69,Engagement-inferred
U1021,INT04,68,Engagement-inferred
U1021,INT20,68,Lookalike model
U1021,INT36,68,Engagement-inferred
U1021,INT16,68,Engagement-inferred
U1021,INT37,66,Declared
U1021,INT47,66,Declared
U1021,INT14,66,Engagement-inferred
U1022,INT33,100,Engagement-inferred
U1022,INT22,100,Lookalike model
U1022,INT24,92,Lookalike model
U1022,INT23,89,Engagement-inferred
U1022,INT07,86,Lookalike model
U1022,INT34,85,Engagement-inferred
U1022,INT35,77,Engagement-inferred
U1022,INT15,75,Engagement-inferred
U1022,INT32,71,Engagement-inferred
U1022,INT09,69,Engagement-inferred
U1022,INT38,69,Lookalike model
U1022,INT47,67,Engagement-inferred
U1022,INT26,66,Declared
U1022,INT28,65,Lookalike model
U1023,INT03,100,Declared
U1023,INT04,97,Engagement-inferred
U1023,INT19,93,Declared
U1023,INT07,87,Declared
U1023,INT05,83,Lookalike model
U1023,INT46,80,Engagement-inferred
U1023,INT08,75,Engagement-inferred
U1023,INT09,68,Lookalike model
U1023,INT20,66,Engagement-inferred
U1023,INT18,64,Lookalike model
U1023,INT21,64,Engagement-inferred
U1023,INT44,64,Engagement-inferred
U1023,INT33,60,Declared
U1023,INT47,58,Engagement-inferred
U1024,INT11,88,Engagement-inferred
U1024,INT40,81,Engagement-inferred
U1024,INT22,78,Lookalike model
U1024,INT08,73,Declared
U1024,INT14,72,Lookalike model
U1024,INT23,70,Engagement-inferred
U1024,INT24,68,Engagement-inferred
U1024,INT07,67,Engagement-inferred
U1024,INT42,64,Engagement-inferred
U1024,INT15,57,Lookalike model
U1024,INT44,56,Engagement-inferred
U1024,INT46,56,Engagement-inferred
U1024,INT43,55,Engagement-inferred
U1024,INT25,53,Engagement-inferred
U1025,INT44,95,Engagement-inferred
U1025,INT07,84,Engagement-inferred
U1025,INT08,79,Lookalike model
U1025,INT25,76,Declared
U1025,INT11,75,Engagement-inferred
U1025,INT33,74,Lookalike model
U1025,INT43,71,Declared
U1025,INT35,66,Engagement-inferred
U1025,INT26,65,Engagement-inferred
U1025,INT18,64,Declared
U1025,INT40,60,Engagement-inferred
U1025,INT09,60,Engagement-inferred
U1025,INT34,59,Declared
U1025,INT14,58,Engagement-inferred
U1026,INT10,75,Engagement-inferred
U1026,INT07,75,Lookalike model
U1026,INT23,74,Engagement-inferred
U1026,INT22,72,Declared
U1026,INT24,72,Declared
U1026,INT28,70,Lookalike model
U1026,INT29,69,Engagement-inferred
U1026,INT11,66,Engagement-inferred
U1026,INT26,65,Engagement-inferred
U1026,INT25,64,Engagement-inferred
U1026,INT27,64,Engagement-inferred
U1026,INT44,62,Lookalike model
U1026,INT36,60,Engagement-inferred
U1026,INT08,59,Declared
U1027,INT16,84,Engagement-inferred
U1027,INT47,79,Lookalike model
U1027,INT28,77,Engagement-inferred
U1027,INT26,75,Declared
U1027,INT29,73,Engagement-inferred
U1027,INT38,69,Engagement-inferred
U1027,INT27,69,Engagement-inferred
U1027,INT49,67,Declared
U1027,INT10,66,Lookalike model
U1027,INT17,65,Engagement-inferred
U1027,INT50,64,Lookalike model
U1027,INT48,63,Declared
U1027,INT30,62,Lookalike model
U1027,INT44,61,Engagement-inferred
U1028,INT27,84,Lookalike model
U1028,INT14,82,Engagement-inferred
U1028,INT26,80,Lookalike model
U1028,INT11,78,Engagement-inferred
U1028,INT44,77,Engagement-inferred
U1028,INT29,73,Lookalike model
U1028,INT18,70,Engagement-inferred
U1028,INT03,70,Engagement-inferred
U1028,INT07,69,Engagement-inferred
U1028,INT19,69,Declared
U1028,INT28,67,Declared
U1028,INT43,63,Engagement-inferred
U1028,INT02,62,Lookalike model
U1028,INT30,62,Engagement-inferred
U1029,INT26,100,Lookalike model
U1029,INT29,97,Engagement-inferred
U1029,INT32,91,Engagement-inferred
U1029,INT27,91,Lookalike model
U1029,INT33,87,Engagement-inferred
U1029,INT11,84,Lookalike model
U1029,INT03,81,Engagement-inferred
U1029,INT30,80,Declared
U1029,INT04,79,Declared
U1029,INT28,79,Engagement-inferred
U1029,INT31,72,Engagement-inferred
U1029,INT14,69,Engagement-inferred
U1029,INT05,65,Engagement-inferred
U1029,INT35,65,Engagement-inferred
U1030,INT22,100,Engagement-inferred
U1030,INT23,99,Declared
U1030,INT24,95,Declared
U1030,INT03,85,Engagement-inferred
U1030,INT16,82,Lookalike model
U1030,INT19,82,Declared
U1030,INT04,82,Engagement-inferred
U1030,INT20,78,Declared
U1030,INT01,77,Engagement-inferred
U1030,INT05,75,Engagement-inferred
U1030,INT25,75,Engagement-inferred
U1030,INT21,74,Declared
U1030,INT02,72,Engagement-inferred
U1030,INT06,71,Declared
U1031,INT10,82,Engagement-inferred
U1031,INT01,79,Engagement-inferred
U1031,INT07,73,Engagement-inferred
U1031,INT20,72,Declared
U1031,INT11,69,Engagement-inferred
U1031,INT08,69,Declared
U1031,INT06,67,Engagement-inferred
U1031,INT09,67,Engagement-inferred
U1031,INT02,67,Engagement-inferred
U1031,INT22,66,Declared
U1031,INT19,66,Declared
U1031,INT18,62,Lookalike model
U1031,INT21,57,Engagement-inferred
U1031,INT24,55,Declared
U1032,INT26,95,Declared
U1032,INT03,94,Declared
U1032,INT05,89,Engagement-inferred
U1032,INT04,86,Engagement-inferred
U1032,INT47,84,Declared
U1032,INT28,78,Lookalike model
U1032,INT27,76,Engagement-inferred
U1032,INT29,76,Declared
U1032,INT30,75,Engagement-inferred
U1032,INT22,74,Engagement-inferred
U1032,INT38,73,Engagement-inferred
U1032,INT32,72,Lookalike model
U1032,INT24,71,Engagement-inferred
U1032,INT31,70,Declared
U1033,INT33,86,Lookalike model
U1033,INT07,81,Lookalike model
U1033,INT35,77,Lookalike model
U1033,INT34,72,Engagement-inferred
U1033,INT08,65,Lookalike model
U1033,INT16,63,Declared
U1033,INT12,58,Lookalike model
U1033,INT23,56,Engagement-inferred
U1033,INT13,53,Engagement-inferred
U1033,INT17,52,Declared
U1033,INT09,52,Engagement-inferred
U1033,INT10,52,Engagement-inferred
U1033,INT02,51,Engagement-inferred
U1033,INT01,50,Engagement-inferred
U1034,INT49,100,Engagement-inferred
U1034,INT50,92,Engagement-inferred
U1034,INT26,90,Engagement-inferred
U1034,INT33,87,Lookalike model
U1034,INT48,86,Engagement-inferred
U1034,INT08,82,Declared
U1034,INT44,80,Engagement-inferred
U1034,INT07,79,Engagement-inferred
U1034,INT43,77,Engagement-inferred
U1034,INT35,74,Engagement-inferred
U1034,INT29,74,Engagement-inferred
U1034,INT32,71,Engagement-inferred
U1034,INT27,71,Engagement-inferred
U1034,INT36,71,Declared
U1035,INT22,97,Engagement-inferred
U1035,INT04,91,Engagement-inferred
U1035,INT03,91,Declared
U1035,INT23,90,Declared
U1035,INT24,89,Engagement-inferred
U1035,INT26,77,Engagement-inferred
U1035,INT05,70,Engagement-inferred
U1035,INT15,69,Engagement-inferred
U1035,INT40,68,Engagement-inferred
U1035,INT41,65,Engagement-inferred
U1035,INT28,64,Declared
U1035,INT16,63,Engagement-inferred
U1035,INT14,63,Lookalike model
U1035,INT27,62,Lookalike model
U1036,INT26,94,Engagement-inferred
U1036,INT28,80,Engagement-inferred
U1036,INT33,78,Engagement-inferred
U1036,INT03,77,Engagement-inferred
U1036,INT30,75,Lookalike model
U1036,INT27,75,Engagement-inferred
U1036,INT29,73,Declared
U1036,INT44,72,Lookalike model
U1036,INT31,72,Engagement-inferred
U1036,INT22,71,Lookalike model
U1036,INT32,71,Engagement-inferred
U1036,INT09,68,Engagement-inferred
U1036,INT04,67,Engagement-inferred
U1036,INT43,66,Engagement-inferred
U1037,INT44,89,Engagement-inferred
U1037,INT01,88,Engagement-inferred
U1037,INT36,88,Engagement-inferred
U1037,INT20,86,Declared
U1037,INT19,85,Engagement-inferred
U1037,INT46,84,Engagement-inferred
U1037,INT07,83,Engagement-inferred
U1037,INT11,82,Engagement-inferred
U1037,INT08,80,Engagement-inferred
U1037,INT21,78,Engagement-inferred
U1037,INT43,77,Lookalike model
U1037,INT09,77,Engagement-inferred
U1037,INT18,76,Lookalike model
U1037,INT02,73,Engagement-inferred
U1038,INT47,88,Engagement-inferred
U1038,INT38,81,Lookalike model
U1038,INT14,73,Engagement-inferred
U1038,INT11,73,Engagement-inferred
U1038,INT35,69,Engagement-inferred
U1038,INT25,63,Engagement-inferred
U1038,INT33,60,Lookalike model
U1038,INT07,59,Engagement-inferred
U1038,INT24,55,Declared
U1038,INT40,53,Engagement-inferred
U1038,INT28,51,Engagement-inferred
U1038,INT22,51,Declared
U1038,INT10,50,Declared
U1038,INT23,49,Engagement-inferred
U1039,INT44,86,Lookalike model
U1039,INT11,80,Engagement-inferred
U1039,INT26,78,Engagement-inferred
U1039,INT43,75,Declared
U1039,INT48,74,Engagement-inferred
U1039,INT29,74,Declared
U1039,INT33,72,Engagement-inferred
U1039,INT14,71,Engagement-inferred
U1039,INT49,70,Lookalike model
U1039,INT50,69,Engagement-inferred
U1039,INT27,69,Lookalike model
U1039,INT20,68,Engagement-inferred
U1039,INT28,66,Engagement-inferred
U1039,INT21,64,Engagement-inferred
U1040,INT07,93,Lookalike model
U1040,INT04,90,Engagement-inferred
U1040,INT44,86,Engagement-inferred
U1040,INT19,84,Declared
U1040,INT26,81,Engagement-inferred
U1040,INT43,80,Lookalike model
U1040,INT25,80,Engagement-inferred
U1040,INT20,79,Declared
U1040,INT49,79,Engagement-inferred
U1040,INT27,78,Engagement-inferred
U1040,INT47,78,Engagement-inferred
U1040,INT08,77,Declared
U1040,INT38,75,Engagement-inferred
U1040,INT03,74,Engagement-inferred
U1041,INT44,96,Engagement-inferred
U1041,INT26,95,Engagement-inferred
U1041,INT19,94,Engagement-inferred
U1041,INT27,89,Engagement-inferred
U1041,INT29,88,Engagement-inferred
U1041,INT20,88,Engagement-inferred
U1041,INT28,85,Engagement-inferred
U1041,INT30,83,Engagement-inferred
U1041,INT01,82,Engagement-inferred
U1041,INT31,77,Engagement-inferred
U1041,INT43,77,Engagement-inferred
U1041,INT18,77,Engagement-inferred
U1041,INT36,76,Engagement-inferred
U1041,INT32,76,Engagement-inferred
U1042,INT07,87,Engagement-inferred
U1042,INT08,80,Lookalike model
U1042,INT33,76,Engagement-inferred
U1042,INT25,71,Engagement-inferred
U1042,INT44,70,Engagement-inferred
U1042,INT26,69,Engagement-inferred
U1042,INT09,67,Engagement-inferred
U1042,INT10,66,Engagement-inferred
U1042,INT27,65,Declared
U1042,INT15,59,Lookalike model
U1042,INT43,59,Engagement-inferred
U1042,INT19,58,Engagement-inferred
U1042,INT16,58,Engagement-inferred
U1042,INT30,57,Engagement-inferred
U1043,INT10,75,Declared
U1043,INT01,74,Lookalike model
U1043,INT34,69,Engagement-inferred
U1043,INT35,69,Engagement-inferred
U1043,INT16,68,Engagement-inferred
U1043,INT33,67,Engagement-inferred
U1043,INT02,67,Lookalike model
U1043,INT18,66,Lookalike model
U1043,INT06,66,Engagement-inferred
U1043,INT23,65,Engagement-inferred
U1043,INT07,63,Engagement-inferred
U1043,INT03,60,Lookalike model
U1043,INT20,60,Engagement-inferred
U1043,INT04,60,Engagement-inferred
U1044,INT26,85,Declared
U1044,INT03,83,Declared
U1044,INT05,82,Engagement-inferred
U1044,INT27,81,Engagement-inferred
U1044,INT11,77,Engagement-inferred
U1044,INT31,74,Engagement-inferred
U1044,INT04,73,Lookalike model
U1044,INT14,70,Engagement-inferred
U1044,INT28,69,Declared
U1044,INT32,67,Lookalike model
U1044,INT29,66,Lookalike model
U1044,INT30,64,Engagement-inferred
U1044,INT44,64,Lookalike model
U1044,INT40,62,Engagement-inferred
U1045,INT07,94,Engagement-inferred
U1045,INT08,87,Lookalike model
U1045,INT44,85,Engagement-inferred
U1045,INT09,81,Engagement-inferred
U1045,INT48,78,Declared
U1045,INT33,76,Engagement-inferred
U1045,INT47,66,Declared
U1045,INT17,64,Engagement-inferred
U1045,INT42,64,Engagement-inferred
U1045,INT49,62,Engagement-inferred
U1045,INT25,62,Declared
U1045,INT12,61,Engagement-inferred
U1045,INT45,61,Engagement-inferred
U1045,INT43,60,Lookalike model
U1046,INT32,86,Engagement-inferred
U1046,INT27,84,Declared
U1046,INT26,81,Lookalike model
U1046,INT36,81,Lookalike model
U1046,INT10,78,Lookalike model
U1046,INT14,67,Declared
U1046,INT11,67,Declared
U1046,INT28,67,Engagement-inferred
U1046,INT37,66,Declared
U1046,INT13,65,Engagement-inferred
U1046,INT16,65,Engagement-inferred
U1046,INT30,65,Engagement-inferred
U1046,INT17,62,Engagement-inferred
U1046,INT29,62,Lookalike model
U1047,INT16,84,Engagement-inferred
U1047,INT01,82,Engagement-inferred
U1047,INT11,80,Engagement-inferred
U1047,INT44,78,Lookalike model
U1047,INT14,77,Engagement-inferred
U1047,INT40,71,Declared
U1047,INT41,67,Engagement-inferred
U1047,INT12,64,Lookalike model
U1047,INT10,63,Declared
U1047,INT17,62,Lookalike model
U1047,INT46,57,Engagement-inferred
U1047,INT42,56,Lookalike model
U1047,INT43,55,Engagement-inferred
U1047,INT06,51,Engagement-inferred
U1048,INT25,86,Engagement-inferred
U1048,INT07,72,Declared
U1048,INT08,72,Lookalike model
U1048,INT09,72,Engagement-inferred
U1048,INT11,71,Engagement-inferred
U1048,INT23,71,Lookalike model
U1048,INT22,70,Engagement-inferred
U1048,INT14,68,Engagement-inferred
U1048,INT24,65,Declared
U1048,INT44,58,Lookalike model
U1048,INT15,58,Lookalike model
U1048,INT01,55,Engagement-inferred
U1048,INT05,54,Engagement-inferred
U1048,INT34,53,Engagement-inferred
U1049,INT26,90,Lookalike model
U1049,INT40,87,Engagement-inferred
U1049,INT27,85,Engagement-inferred
U1049,INT28,78,Engagement-inferred
U1049,INT31,78,Engagement-inferred
U1049,INT41,77,Engagement-inferred
U1049,INT32,74,Engagement-inferred
U1049,INT44,74,Engagement-inferred
U1049,INT30,70,Engagement-inferred
U1049,INT29,69,Engagement-inferred
U1049,INT18,68,Engagement-inferred
U1049,INT42,66,Engagement-inferred
U1049,INT01,65,Engagement-inferred
U1049,INT33,63,Engagement-inferred
U1050,INT26,92,Engagement-inferred
U1050,INT29,81,Engagement-inferred
U1050,INT07,79,Engagement-inferred
U1050,INT27,75,Engagement-inferred
U1050,INT49,75,Lookalike model
U1050,INT32,71,Lookalike model
U1050,INT16,71,Engagement-inferred
U1050,INT30,69,Engagement-inferred
U1050,INT28,68,Engagement-inferred
U1050,INT09,67,Engagement-inferred
U1050,INT01,66,Engagement-inferred
U1050,INT18,63,Lookalike model
U1050,INT12,61,Engagement-inferred
U1050,INT48,61,Engagement-inferred
U1051,INT03,93,Declared
U1051,INT07,84,Engagement-inferred
U1051,INT04,76,Engagement-inferred
U1051,INT10,74,Engagement-inferred
U1051,INT05,74,Lookalike model
U1051,INT26,74,Engagement-inferred
U1051,INT47,72,Engagement-inferred
U1051,INT27,68,Lookalike model
U1051,INT08,64,Engagement-inferred
U1051,INT28,61,Declared
U1051,INT38,61,Engagement-inferred
U1051,INT40,60,Engagement-inferred
U1051,INT30,60,Lookalike model
U1051,INT42,58,Declared
U1052,INT03,100,Engagement-inferred
U1052,INT05,92,Engagement-inferred
U1052,INT04,91,Declared
U1052,INT32,82,Lookalike model
U1052,INT47,80,Declared
U1052,INT19,77,Lookalike model
U1052,INT26,77,Engagement-inferred
U1052,INT38,77,Engagement-inferred
U1052,INT25,75,Lookalike model
U1052,INT27,74,Engagement-inferred
U1052,INT31,72,Engagement-inferred
U1052,INT20,72,Declared
U1052,INT09,71,Engagement-inferred
U1052,INT21,71,Engagement-inferred
U1053,INT33,100,Declared
U1053,INT04,73,Declared
U1053,INT35,72,Engagement-inferred
U1053,INT27,71,Engagement-inferred
U1053,INT19,71,Engagement-inferred
U1053,INT26,70,Lookalike model
U1053,INT34,67,Engagement-inferred
U1053,INT30,67,Engagement-inferred
U1053,INT22,66,Engagement-inferred
U1053,INT28,64,Declared
U1053,INT32,62,Engagement-inferred
U1053,INT40,60,Engagement-inferred
U1053,INT44,59,Lookalike model
U1053,INT21,59,Lookalike model
U1054,INT07,91,Engagement-inferred
U1054,INT19,88,Lookalike model
U1054,INT27,86,Engagement-inferred
U1054,INT08,83,Lookalike model
U1054,INT26,82,Lookalike model
U1054,INT09,80,Engagement-inferred
U1054,INT44,79,Engagement-inferred
U1054,INT20,78,Lookalike model
U1054,INT40,76,Lookalike model
U1054,INT05,75,Declared
U1054,INT18,72,Lookalike model
U1054,INT41,71,Engagement-inferred
U1054,INT32,71,Lookalike model
U1054,INT03,71,Engagement-inferred
U1055,INT26,100,Declared
U1055,INT27,90,Lookalike model
U1055,INT33,90,Engagement-inferred
U1055,INT16,83,Engagement-inferred
U1055,INT29,75,Lookalike model
U1055,INT28,74,Engagement-inferred
U1055,INT10,71,Engagement-inferred
U1055,INT49,70,Declared
U1055,INT48,68,Lookalike model
U1055,INT35,68,Engagement-inferred
U1055,INT32,68,Engagement-inferred
U1055,INT50,66,Engagement-inferred
U1055,INT30,66,Declared
U1055,INT34,66,Lookalike model
U1056,INT01,100,Declared
U1056,INT02,86,Engagement-inferred
U1056,INT06,83,Lookalike model
U1056,INT03,78,Engagement-inferred
U1056,INT05,75,Engagement-inferred
U1056,INT04,70,Engagement-inferred
U1056,INT25,67,Engagement-inferred
U1056,INT10,63,Engagement-inferred
U1056,INT24,59,Engagement-inferred
U1056,INT40,57,Declared
U1056,INT22,55,Engagement-inferred
U1056,INT21,54,Engagement-inferred
U1056,INT46,53,Declared
U1056,INT08,50,Engagement-inferred
U1057,INT26,93,Engagement-inferred
U1057,INT24,84,Engagement-inferred
U1057,INT23,80,Engagement-inferred
U1057,INT30,79,Declared
U1057,INT29,79,Engagement-inferred
U1057,INT44,79,Lookalike model
U1057,INT22,78,Engagement-inferred
U1057,INT27,78,Engagement-inferred
U1057,INT15,75,Engagement-inferred
U1057,INT28,74,Lookalike model
U1057,INT25,73,Engagement-inferred
U1057,INT32,71,Engagement-inferred
U1057,INT43,67,Engagement-inferred
U1057,INT31,65,Lookalike model
U1058,INT16,100,Engagement-inferred
U1058,INT06,87,Engagement-inferred
U1058,INT26,86,Lookalike model
U1058,INT07,86,Declared
U1058,INT01,85,Engagement-inferred
U1058,INT02,82,Engagement-inferred
U1058,INT30,82,Declared
U1058,INT11,82,Engagement-inferred
U1058,INT27,81,Lookalike model
U1058,INT14,80,Engagement-inferred
U1058,INT08,78,Engagement-inferred
U1058,INT12,77,Declared
U1058,INT17,74,Lookalike model
U1058,INT31,69,Declared
U1059,INT03,88,Engagement-inferred
U1059,INT13,86,Declared
U1059,INT24,80,Lookalike model
U1059,INT26,76,Lookalike model
U1059,INT22,70,Declared
U1059,INT05,70,Lookalike model
U1059,INT10,69,Engagement-inferred
U1059,INT04,69,Lookalike model
U1059,INT42,67,Engagement-inferred
U1059,INT44,65,Engagement-inferred
U1059,INT40,64,Lookalike model
U1059,INT25,62,Engagement-inferred
U1059,INT23,62,Declared
U1059,INT07,61,Engagement-inferred
U1060,INT26,88,Engagement-inferred
U1060,INT30,84,Engagement-inferred
U1060,INT48,82,Declared
U1060,INT01,76,Engagement-inferred
U1060,INT28,75,Engagement-inferred
U1060,INT47,74,Lookalike model
U1060,INT49,74,Lookalike model
U1060,INT38,73,Engagement-inferred
U1060,INT31,71,Engagement-inferred
U1060,INT29,70,Engagement-inferred
U1060,INT44,69,Engagement-inferred
U1060,INT02,69,Declared
U1060,INT06,68,Declared
U1060,INT50,66,Lookalike model
U1061,INT07,83,Engagement-inferred
U1061,INT08,75,Engagement-inferred
U1061,INT33,72,Engagement-inferred
U1061,INT09,71,Engagement-inferred
U1061,INT13,70,Engagement-inferred
U1061,INT16,66,Engagement-inferred
U1061,INT29,66,Engagement-inferred
U1061,INT04,64,Engagement-inferred
U1061,INT03,62,Engagement-inferred
U1061,INT44,61,Engagement-inferred
U1061,INT26,60,Engagement-inferred
U1061,INT12,58,Engagement-inferred
U1061,INT35,58,Engagement-inferred
U1061,INT17,55,Engagement-inferred
U1062,INT08,90,Engagement-inferred
U1062,INT26,85,Engagement-inferred
U1062,INT07,85,Lookalike model
U1062,INT40,81,Declared
U1062,INT30,74,Engagement-inferred
U1062,INT42,73,Engagement-inferred
U1062,INT46,73,Engagement-inferred
U1062,INT01,73,Engagement-inferred
U1062,INT27,73,Lookalike model
U1062,INT28,72,Declared
U1062,INT06,72,Engagement-inferred
U1062,INT09,70,Lookalike model
U1062,INT02,67,Engagement-inferred
U1062,INT47,62,Declared
U1063,INT16,97,Engagement-inferred
U1063,INT22,82,Engagement-inferred
U1063,INT12,80,Engagement-inferred
U1063,INT17,77,Engagement-inferred
U1063,INT24,73,Engagement-inferred
U1063,INT43,70,Engagement-inferred
U1063,INT04,70,Declared
U1063,INT44,69,Lookalike model
U1063,INT07,67,Lookalike model
U1063,INT08,67,Declared
U1063,INT27,66,Engagement-inferred
U1063,INT03,64,Engagement-inferred
U1063,INT26,61,Engagement-inferred
U1063,INT23,61,Lookalike model
U1064,INT40,100,Lookalike model
U1064,INT16,91,Lookalike model
U1064,INT17,91,Lookalike model
U1064,INT42,88,Engagement-inferred
U1064,INT41,86,Engagement-inferred
U1064,INT44,82,Engagement-inferred
U1064,INT28,79,Lookalike model
U1064,INT49,78,Engagement-inferred
U1064,INT26,76,Engagement-inferred
U1064,INT43,76,Declared
U1064,INT48,75,Engagement-inferred
U1064,INT11,74,Declared
U1064,INT01,73,Engagement-inferred
U1064,INT06,73,Declared
U1065,INT40,100,Engagement-inferred
U1065,INT42,95,Engagement-inferred
U1065,INT36,78,Engagement-inferred
U1065,INT07,77,Declared
U1065,INT41,76,Engagement-inferred
U1065,INT37,67,Lookalike model
U1065,INT09,64,Engagement-inferred
U1065,INT08,64,Engagement-inferred
U1065,INT14,64,Engagement-inferred
U1065,INT47,62,Engagement-inferred
U1065,INT03,62,Lookalike model
U1065,INT26,59,Lookalike model
U1065,INT05,58,Engagement-inferred
U1065,INT30,58,Engagement-inferred
U1066,INT07,100,Lookalike model
U1066,INT27,96,Lookalike model
U1066,INT26,94,Engagement-inferred
U1066,INT44,90,Lookalike model
U1066,INT32,87,Lookalike model
U1066,INT30,85,Lookalike model
U1066,INT08,82,Lookalike model
U1066,INT43,82,Lookalike model
U1066,INT28,82,Engagement-inferred
U1066,INT04,80,Engagement-inferred
U1066,INT03,79,Engagement-inferred
U1066,INT09,77,Engagement-inferred
U1066,INT29,76,Engagement-inferred
U1066,INT21,74,Lookalike model
U1067,INT33,80,Declared
U1067,INT23,79,Lookalike model
U1067,INT22,79,Declared
U1067,INT24,73,Engagement-inferred
U1067,INT40,70,Declared
U1067,INT01,68,Engagement-inferred
U1067,INT42,65,Engagement-inferred
U1067,INT07,64,Lookalike model
U1067,INT15,64,Declared
U1067,INT10,60,Engagement-inferred
U1067,INT34,58,Declared
U1067,INT35,56,Lookalike model
U1067,INT02,56,Engagement-inferred
U1067,INT49,55,Engagement-inferred
U1068,INT11,91,Lookalike model
U1068,INT07,86,Engagement-inferred
U1068,INT01,82,Lookalike model
U1068,INT16,80,Engagement-inferred
U1068,INT19,78,Engagement-inferred
U1068,INT02,75,Engagement-inferred
U1068,INT10,72,Lookalike model
U1068,INT18,69,Engagement-inferred
U1068,INT25,67,Declared
U1068,INT14,67,Lookalike model
U1068,INT09,65,Lookalike model
U1068,INT06,63,Lookalike model
U1068,INT17,62,Lookalike model
U1068,INT44,59,Lookalike model
U1069,INT36,92,Engagement-inferred
U1069,INT39,89,Engagement-inferred
U1069,INT22,86,Engagement-inferred
U1069,INT23,79,Declared
U1069,INT24,77,Engagement-inferred
U1069,INT37,77,Lookalike model
U1069,INT44,72,Declared
U1069,INT11,71,Declared
U1069,INT25,70,Lookalike model
U1069,INT15,69,Lookalike model
U1069,INT40,68,Lookalike model
U1069,INT42,64,Engagement-inferred
U1069,INT09,62,Engagement-inferred
U1069,INT16,62,Lookalike model
U1070,INT42,98,Engagement-inferred
U1070,INT22,93,Lookalike model
U1070,INT40,93,Engagement-inferred
U1070,INT41,91,Engagement-inferred
U1070,INT11,85,Lookalike model
U1070,INT14,82,Engagement-inferred
U1070,INT23,78,Engagement-inferred
U1070,INT15,77,Engagement-inferred
U1070,INT49,73,Declared
U1070,INT33,73,Engagement-inferred
U1070,INT48,72,Engagement-inferred
U1070,INT34,72,Engagement-inferred
U1070,INT24,71,Lookalike model
U1070,INT03,70,Declared
U1071,INT03,99,Engagement-inferred
U1071,INT05,84,Declared
U1071,INT04,80,Engagement-inferred
U1071,INT10,72,Declared
U1071,INT41,61,Declared
U1071,INT40,61,Engagement-inferred
U1071,INT42,60,Engagement-inferred
U1071,INT01,54,Lookalike model
U1071,INT06,52,Declared
U1071,INT48,50,Engagement-inferred
U1071,INT07,50,Declared
U1071,INT02,50,Engagement-inferred
U1071,INT17,47,Engagement-inferred
U1071,INT16,46,Engagement-inferred
U1072,INT27,100,Engagement-inferred
U1072,INT26,100,Declared
U1072,INT33,98,Lookalike model
U1072,INT29,96,Engagement-inferred
U1072,INT28,93,Engagement-inferred
U1072,INT22,88,Engagement-inferred
U1072,INT31,83,Engagement-inferred
U1072,INT35,83,Lookalike model
U1072,INT30,83,Declared
U1072,INT24,82,Engagement-inferred
U1072,INT34,81,Engagement-inferred
U1072,INT32,81,Engagement-inferred
U1072,INT02,74,Engagement-inferred
U1072,INT01,69,Engagement-inferred
U1073,INT07,90,Lookalike model
U1073,INT08,86,Engagement-inferred
U1073,INT33,84,Engagement-inferred
U1073,INT09,76,Engagement-inferred
U1073,INT05,74,Lookalike model
U1073,INT48,74,Declared
U1073,INT03,72,Lookalike model
U1073,INT04,70,Engagement-inferred
U1073,INT14,67,Engagement-inferred
U1073,INT49,66,Engagement-inferred
U1073,INT34,65,Engagement-inferred
U1073,INT11,64,Engagement-inferred
U1073,INT44,62,Engagement-inferred
U1073,INT50,62,Declared
U1074,INT05,93,Lookalike model
U1074,INT03,91,Engagement-inferred
U1074,INT04,91,Engagement-inferred
U1074,INT40,82,Lookalike model
U1074,INT42,72,Engagement-inferred
U1074,INT49,69,Engagement-inferred
U1074,INT48,69,Engagement-inferred
U1074,INT50,66,Engagement-inferred
U1074,INT11,63,Engagement-inferred
U1074,INT10,62,Engagement-inferred
U1074,INT46,61,Declared
U1074,INT47,60,Declared
U1074,INT38,59,Engagement-inferred
U1074,INT43,59,Engagement-inferred
U1075,INT33,85,Lookalike model
U1075,INT01,77,Engagement-inferred
U1075,INT27,76,Lookalike model
U1075,INT10,74,Engagement-inferred
U1075,INT06,71,Lookalike model
U1075,INT36,71,Engagement-inferred
U1075,INT47,71,Engagement-inferred
U1075,INT11,70,Engagement-inferred
U1075,INT35,69,Engagement-inferred
U1075,INT38,67,Lookalike model
U1075,INT14,67,Engagement-inferred
U1075,INT04,66,Engagement-inferred
U1075,INT26,66,Engagement-inferred
U1075,INT05,64,Lookalike model
U1076,INT47,100,Lookalike model
U1076,INT06,94,Engagement-inferred
U1076,INT01,90,Declared
U1076,INT44,87,Lookalike model
U1076,INT04,86,Engagement-inferred
U1076,INT02,82,Lookalike model
U1076,INT38,80,Engagement-inferred
U1076,INT25,80,Engagement-inferred
U1076,INT11,77,Engagement-inferred
U1076,INT03,77,Engagement-inferred
U1076,INT40,76,Engagement-inferred
U1076,INT33,71,Lookalike model
U1076,INT43,71,Engagement-inferred
U1076,INT14,70,Engagement-inferred
U1077,INT33,93,Engagement-inferred
U1077,INT48,84,Engagement-inferred
U1077,INT49,82,Engagement-inferred
U1077,INT26,80,Engagement-inferred
U1077,INT44,79,Declared
U1077,INT34,78,Lookalike model
U1077,INT07,75,Declared
U1077,INT10,72,Engagement-inferred
U1077,INT35,71,Lookalike model
U1077,INT43,66,Lookalike model
U1077,INT27,65,Engagement-inferred
U1077,INT08,64,Engagement-inferred
U1077,INT09,64,Engagement-inferred
U1077,INT29,62,Lookalike model
U1078,INT49,92,Engagement-inferred
U1078,INT47,91,Lookalike model
U1078,INT48,84,Engagement-inferred
U1078,INT50,83,Engagement-inferred
U1078,INT38,74,Engagement-inferred
U1078,INT01,72,Engagement-inferred
U1078,INT11,69,Engagement-inferred
U1078,INT33,68,Engagement-inferred
U1078,INT14,67,Engagement-inferred
U1078,INT02,65,Engagement-inferred
U1078,INT06,61,Declared
U1078,INT43,60,Engagement-inferred
U1078,INT44,58,Lookalike model
U1078,INT35,58,Engagement-inferred
U1079,INT26,97,Engagement-inferred
U1079,INT33,89,Declared
U1079,INT36,89,Engagement-inferred
U1079,INT34,88,Engagement-inferred
U1079,INT42,84,Declared
U1079,INT47,84,Engagement-inferred
U1079,INT37,82,Engagement-inferred
U1079,INT27,81,Declared
U1079,INT39,78,Engagement-inferred
U1079,INT35,75,Engagement-inferred
U1079,INT03,75,Lookalike model
U1079,INT31,73,Engagement-inferred
U1079,INT40,73,Engagement-inferred
U1079,INT41,73,Lookalike model
U1080,INT05,94,Declared
U1080,INT04,89,Lookalike model
U1080,INT03,81,Declared
U1080,INT26,78,Declared
U1080,INT49,78,Engagement-inferred
U1080,INT32,74,Engagement-inferred
U1080,INT27,72,Declared
U1080,INT50,71,Engagement-inferred
U1080,INT16,70,Engagement-inferred
U1080,INT48,70,Engagement-inferred
U1080,INT29,69,Engagement-inferred
U1080,INT30,68,Declared
U1080,INT44,64,Engagement-inferred
U1080,INT28,62,Engagement-inferred
U1081,INT07,81,Lookalike model
U1081,INT23,80,Engagement-inferred
U1081,INT11,78,Engagement-inferred
U1081,INT36,78,Engagement-inferred
U1081,INT08,78,Engagement-inferred
U1081,INT37,78,Declared
U1081,INT14,76,Engagement-inferred
U1081,INT33,75,Lookalike model
U1081,INT19,73,Engagement-inferred
U1081,INT22,72,Engagement-inferred
U1081,INT01,70,Declared
U1081,INT24,67,Lookalike model
U1081,INT44,66,Engagement-inferred
U1081,INT43,63,Declared
U1082,INT49,93,Lookalike model
U1082,INT16,82,Engagement-inferred
U1082,INT10,79,Declared
U1082,INT50,77,Lookalike model
U1082,INT01,72,Declared
U1082,INT25,70,Engagement-inferred
U1082,INT48,67,Engagement-inferred
U1082,INT21,64,Engagement-inferred
U1082,INT18,63,Engagement-inferred
U1082,INT26,63,Declared
U1082,INT06,63,Engagement-inferred
U1082,INT19,62,Engagement-inferred
U1082,INT17,62,Engagement-inferred
U1082,INT27,61,Engagement-inferred
U1083,INT22,88,Declared
U1083,INT40,87,Engagement-inferred
U1083,INT41,82,Lookalike model
U1083,INT15,80,Lookalike model
U1083,INT23,79,Engagement-inferred
U1083,INT24,76,Engagement-inferred
U1083,INT42,73,Engagement-inferred
U1083,INT48,72,Engagement-inferred
U1083,INT33,71,Engagement-inferred
U1083,INT49,70,Engagement-inferred
U1083,INT11,70,Lookalike model
U1083,INT50,68,Declared
U1083,INT34,67,Engagement-inferred
U1083,INT04,66,Engagement-inferred
U1084,INT42,100,Declared
U1084,INT40,100,Declared
U1084,INT41,95,Declared
U1084,INT03,85,Lookalike model
U1084,INT47,84,Engagement-inferred
U1084,INT04,81,Engagement-inferred
U1084,INT01,79,Lookalike model
U1084,INT02,78,Declared
U1084,INT05,78,Declared
U1084,INT36,75,Engagement-inferred
U1084,INT38,72,Engagement-inferred
U1084,INT35,66,Engagement-inferred
U1084,INT33,65,Engagement-inferred
U1084,INT06,63,Engagement-inferred
U1085,INT33,92,Lookalike model
U1085,INT35,85,Declared
U1085,INT36,84,Declared
U1085,INT39,80,Engagement-inferred
U1085,INT37,77,Lookalike model
U1085,INT34,75,Engagement-inferred
U1085,INT03,74,Engagement-inferred
U1085,INT48,74,Declared
U1085,INT18,73,Declared
U1085,INT01,69,Lookalike model
U1085,INT50,69,Engagement-inferred
U1085,INT26,69,Engagement-inferred
U1085,INT49,68,Engagement-inferred
U1085,INT27,67,Engagement-inferred
U1086,INT44,97,Declared
U1086,INT14,94,Engagement-inferred
U1086,INT11,91,Engagement-inferred
U1086,INT40,84,Engagement-inferred
U1086,INT46,83,Declared
U1086,INT43,74,Lookalike model
U1086,INT41,73,Engagement-inferred
U1086,INT25,67,Lookalike model
U1086,INT42,66,Declared
U1086,INT36,62,Engagement-inferred
U1086,INT37,61,Engagement-inferred
U1086,INT16,57,Declared
U1086,INT19,53,Lookalike model
U1086,INT03,53,Declared
U1087,INT40,92,Declared
U1087,INT11,79,Lookalike model
U1087,INT41,74,Declared
U1087,INT46,70,Lookalike model
U1087,INT37,68,Engagement-inferred
U1087,INT42,66,Lookalike model
U1087,INT36,63,Engagement-inferred
U1087,INT27,59,Lookalike model
U1087,INT14,58,Engagement-inferred
U1087,INT26,58,Engagement-inferred
U1087,INT43,58,Engagement-inferred
U1087,INT45,55,Lookalike model
U1087,INT31,54,Engagement-inferred
U1087,INT10,52,Declared
U1088,INT48,91,Lookalike model
U1088,INT49,83,Engagement-inferred
U1088,INT04,82,Engagement-inferred
U1088,INT33,78,Declared
U1088,INT50,76,Declared
U1088,INT07,76,Engagement-inferred
U1088,INT03,74,Declared
U1088,INT23,73,Engagement-inferred
U1088,INT08,73,Engagement-inferred
U1088,INT05,70,Engagement-inferred
U1088,INT06,69,Engagement-inferred
U1088,INT26,68,Engagement-inferred
U1088,INT09,67,Engagement-inferred
U1088,INT01,64,Declared
U1089,INT25,94,Lookalike model
U1089,INT47,94,Engagement-inferred
U1089,INT26,93,Declared
U1089,INT38,92,Engagement-inferred
U1089,INT28,81,Declared
U1089,INT27,81,Engagement-inferred
U1089,INT31,79,Declared
U1089,INT30,77,Declared
U1089,INT29,76,Engagement-inferred
U1089,INT16,72,Engagement-inferred
U1089,INT32,72,Engagement-inferred
U1089,INT41,66,Engagement-inferred
U1089,INT33,61,Declared
U1089,INT12,60,Engagement-inferred
U1090,INT11,84,Engagement-inferred
U1090,INT08,76,Engagement-inferred
U1090,INT14,75,Lookalike model
U1090,INT07,74,Engagement-inferred
U1090,INT25,73,Engagement-inferred
U1090,INT16,66,Engagement-inferred
U1090,INT19,64,Lookalike model
U1090,INT09,64,Lookalike model
U1090,INT20,60,Lookalike model
U1090,INT36,60,Engagement-inferred
U1090,INT01,57,Declared
U1090,INT12,57,Engagement-inferred
U1090,INT17,57,Engagement-inferred
U1090,INT37,54,Lookalike model
U1091,INT26,99,Declared
U1091,INT38,95,Lookalike model
U1091,INT47,92,Lookalike model
U1091,INT14,85,Engagement-inferred
U1091,INT11,80,Engagement-inferred
U1091,INT28,77,Declared
U1091,INT27,74,Engagement-inferred
U1091,INT32,72,Engagement-inferred
U1091,INT40,71,Engagement-inferred
U1091,INT31,70,Engagement-inferred
U1091,INT01,69,Declared
U1091,INT29,68,Engagement-inferred
U1091,INT23,65,Engagement-inferred
U1091,INT19,62,Engagement-inferred
U1092,INT22,87,Engagement-inferred
U1092,INT24,83,Engagement-inferred
U1092,INT26,83,Engagement-inferred
U1092,INT23,83,Engagement-inferred
U1092,INT47,83,Engagement-inferred
U1092,INT38,82,Engagement-inferred
U1092,INT16,75,Declared
U1092,INT15,74,Engagement-inferred
U1092,INT11,73,Engagement-inferred
U1092,INT30,72,Engagement-inferred
U1092,INT29,71,Declared
U1092,INT28,71,Engagement-inferred
U1092,INT45,70,Engagement-inferred
U1092,INT27,68,Engagement-inferred
U1093,INT16,96,Declared
U1093,INT10,86,Declared
U1093,INT04,85,Engagement-inferred
U1093,INT50,78,Engagement-inferred
U1093,INT01,76,Lookalike model
U1093,INT03,73,Lookalike model
U1093,INT17,73,Engagement-inferred
U1093,INT40,72,Engagement-inferred
U1093,INT26,72,Engagement-inferred
U1093,INT36,69,Engagement-inferred
U1093,INT11,68,Declared
U1093,INT14,68,Engagement-inferred
U1093,INT27,68,Engagement-inferred
U1093,INT48,66,Declared
U1094,INT38,86,Lookalike model
U1094,INT22,85,Engagement-inferred
U1094,INT40,84,Engagement-inferred
U1094,INT47,81,Engagement-inferred
U1094,INT01,77,Declared
U1094,INT11,76,Declared
U1094,INT36,76,Lookalike model
U1094,INT24,76,Engagement-inferred
U1094,INT41,72,Lookalike model
U1094,INT50,72,Lookalike model
U1094,INT04,70,Engagement-inferred
U1094,INT23,70,Lookalike model
U1094,INT02,69,Engagement-inferred
U1094,INT16,68,Declared
U1095,INT44,95,Engagement-inferred
U1095,INT36,93,Lookalike model
U1095,INT11,89,Engagement-inferred
U1095,INT16,89,Declared
U1095,INT14,81,Engagement-inferred
U1095,INT43,76,Engagement-inferred
U1095,INT03,75,Engagement-inferred
U1095,INT40,73,Engagement-inferred
U1095,INT47,71,Engagement-inferred
U1095,INT37,71,Engagement-inferred
U1095,INT26,70,Engagement-inferred
U1095,INT04,69,Lookalike model
U1095,INT39,67,Engagement-inferred
U1095,INT17,67,Engagement-inferred
U1096,INT26,100,Engagement-inferred
U1096,INT19,96,Engagement-inferred
U1096,INT29,90,Declared
U1096,INT21,81,Engagement-inferred
U1096,INT27,80,Engagement-inferred
U1096,INT28,79,Declared
U1096,INT31,79,Engagement-inferred
U1096,INT44,78,Engagement-inferred
U1096,INT18,76,Engagement-inferred
U1096,INT46,74,Engagement-inferred
U1096,INT20,72,Declared
U1096,INT30,70,Engagement-inferred
U1096,INT32,70,Engagement-inferred
U1096,INT17,62,Declared
U1097,INT38,72,Engagement-inferred
U1097,INT19,71,Declared
U1097,INT16,69,Engagement-inferred
U1097,INT21,68,Lookalike model
U1097,INT03,63,Engagement-inferred
U1097,INT20,63,Engagement-inferred
U1097,INT17,62,Engagement-inferred
U1097,INT18,61,Engagement-inferred
U1097,INT12,58,Lookalike model
U1097,INT42,57,Declared
U1097,INT47,57,Engagement-inferred
U1097,INT25,53,Declared
U1097,INT43,52,Engagement-inferred
U1097,INT49,51,Engagement-inferred
U1098,INT01,95,Engagement-inferred
U1098,INT22,91,Lookalike model
U1098,INT33,90,Engagement-inferred
U1098,INT44,82,Engagement-inferred
U1098,INT03,81,Lookalike model
U1098,INT35,79,Engagement-inferred
U1098,INT04,78,Engagement-inferred
U1098,INT38,77,Lookalike model
U1098,INT34,77,Engagement-inferred
U1098,INT02,74,Engagement-inferred
U1098,INT47,73,Engagement-inferred
U1098,INT05,73,Engagement-inferred
U1098,INT23,73,Engagement-inferred
U1098,INT06,72,Engagement-inferred
U1099,INT07,81,Engagement-inferred
U1099,INT16,80,Engagement-inferred
U1099,INT33,77,Engagement-inferred
U1099,INT22,76,Engagement-inferred
U1099,INT17,72,Engagement-inferred
U1099,INT23,70,Engagement-inferred
U1099,INT15,66,Engagement-inferred
U1099,INT11,66,Engagement-inferred
U1099,INT36,65,Engagement-inferred
U1099,INT08,65,Lookalike model
U1099,INT24,64,Lookalike model
U1099,INT46,64,Engagement-inferred
U1099,INT37,63,Lookalike model
U1099,INT09,62,Engagement-inferred
U1100,INT11,86,Lookalike model
U1100,INT14,85,Engagement-inferred
U1100,INT10,78,Engagement-inferred
U1100,INT22,70,Engagement-inferred
U1100,INT05,64,Engagement-inferred
U1100,INT24,64,Engagement-inferred
U1100,INT04,63,Engagement-inferred
U1100,INT33,63,Engagement-inferred
U1100,INT09,63,Lookalike model
U1100,INT34,63,Lookalike model
U1100,INT23,63,Lookalike model
U1100,INT03,62,Engagement-inferred
U1100,INT26,62,Engagement-inferred
U1100,INT44,61,Lookalike model
U1101,INT44,83,Engagement-inferred
U1101,INT37,77,Engagement-inferred
U1101,INT22,76,Lookalike model
U1101,INT43,75,Engagement-inferred
U1101,INT10,74,Engagement-inferred
U1101,INT07,73,Engagement-inferred
U1101,INT36,69,Declared
U1101,INT24,67,Declared
U1101,INT04,67,Engagement-inferred
U1101,INT19,65,Engagement-inferred
U1101,INT20,64,Engagement-inferred
U1101,INT23,62,Declared
U1101,INT21,62,Engagement-inferred
U1101,INT34,59,Engagement-inferred
U1102,INT04,100,Engagement-inferred
U1102,INT03,98,Lookalike model
U1102,INT19,86,Engagement-inferred
U1102,INT20,86,Lookalike model
U1102,INT21,83,Engagement-inferred
U1102,INT11,81,Declared
U1102,INT05,79,Engagement-inferred
U1102,INT47,78,Engagement-inferred
U1102,INT16,76,Engagement-inferred
U1102,INT48,75,Engagement-inferred
U1102,INT18,73,Engagement-inferred
U1102,INT36,69,Engagement-inferred
U1102,INT12,68,Engagement-inferred
U1102,INT17,64,Lookalike model
U1103,INT07,100,Engagement-inferred
U1103,INT08,86,Engagement-inferred
U1103,INT33,77,Declared
U1103,INT09,77,Declared
U1103,INT14,75,Declared
U1103,INT26,75,Lookalike model
U1103,INT11,66,Engagement-inferred
U1103,INT30,63,Engagement-inferred
U1103,INT25,63,Engagement-inferred
U1103,INT29,62,Declared
U1103,INT38,61,Engagement-inferred
U1103,INT47,61,Lookalike model
U1103,INT27,60,Engagement-inferred
U1103,INT48,59,Engagement-inferred
U1104,INT03,82,Engagement-inferred
U1104,INT50,80,Engagement-inferred
U1104,INT01,77,Declared
U1104,INT46,76,Declared
U1104,INT49,76,Declared
U1104,INT18,76,Engagement-inferred
U1104,INT04,73,Lookalike model
U1104,INT44,72,Lookalike model
U1104,INT25,72,Engagement-inferred
U1104,INT33,71,Engagement-inferred
U1104,INT19,70,Declared
U1104,INT21,68,Engagement-inferred
U1104,INT48,68,Engagement-inferred
U1104,INT17,68,Engagement-inferred
U1105,INT22,86,Engagement-inferred
U1105,INT07,78,Engagement-inferred
U1105,INT06,78,Engagement-inferred
U1105,INT09,77,Engagement-inferred
U1105,INT23,75,Lookalike model
U1105,INT24,75,Declared
U1105,INT01,75,Declared
U1105,INT08,74,Engagement-inferred
U1105,INT16,74,Engagement-inferred
U1105,INT10,74,Engagement-inferred
U1105,INT44,71,Engagement-inferred
U1105,INT15,68,Lookalike model
U1105,INT02,67,Declared
U1105,INT03,66,Engagement-inferred
U1106,INT40,100,Engagement-inferred
U1106,INT01,92,Engagement-inferred
U1106,INT07,84,Declared
U1106,INT42,84,Engagement-inferred
U1106,INT41,81,Declared
U1106,INT02,77,Engagement-inferred
U1106,INT44,77,Declared
U1106,INT46,76,Engagement-inferred
U1106,INT08,75,Engagement-inferred
U1106,INT43,74,Engagement-inferred
U1106,INT06,74,Engagement-inferred
U1106,INT25,74,Engagement-inferred
U1106,INT37,72,Declared
U1106,INT33,72,Declared
U1107,INT33,92,Engagement-inferred
U1107,INT07,84,Engagement-inferred
U1107,INT22,84,Lookalike model
U1107,INT09,83,Engagement-inferred
U1107,INT11,82,Engagement-inferred
U1107,INT25,79,Engagement-inferred
U1107,INT24,79,Engagement-inferred
U1107,INT08,78,Engagement-inferred
U1107,INT16,77,Engagement-inferred
U1107,INT34,73,Engagement-inferred
U1107,INT36,72,Declared
U1107,INT23,72,Engagement-inferred
U1107,INT01,71,Lookalike model
U1107,INT05,71,Lookalike model
U1108,INT16,92,Lookalike model
U1108,INT26,81,Engagement-inferred
U1108,INT35,78,Engagement-inferred
U1108,INT33,76,Declared
U1108,INT12,69,Engagement-inferred
U1108,INT17,67,Engagement-inferred
U1108,INT34,66,Engagement-inferred
U1108,INT07,65,Declared
U1108,INT42,63,Engagement-inferred
U1108,INT29,61,Declared
U1108,INT30,60,Engagement-inferred
U1108,INT40,60,Declared
U1108,INT09,58,Lookalike model
U1108,INT22,57,Engagement-inferred
U1109,INT33,100,Lookalike model
U1109,INT27,95,Declared
U1109,INT26,94,Engagement-inferred
U1109,INT10,88,Engagement-inferred
U1109,INT31,86,Lookalike model
U1109,INT01,83,Engagement-inferred
U1109,INT34,82,Engagement-inferred
U1109,INT06,79,Lookalike model
U1109,INT28,76,Engagement-inferred
U1109,INT02,75,Lookalike model
U1109,INT32,74,Engagement-inferred
U1109,INT24,73,Engagement-inferred
U1109,INT48,72,Declared
U1109,INT35,72,Engagement-inferred
U1110,INT26,94,Engagement-inferred
U1110,INT29,82,Engagement-inferred
U1110,INT28,82,Engagement-inferred
U1110,INT03,82,Lookalike model
U1110,INT04,79,Engagement-inferred
U1110,INT27,79,Engagement-inferred
U1110,INT05,75,Lookalike model
U1110,INT44,73,Engagement-inferred
U1110,INT31,73,Engagement-inferred
U1110,INT33,72,Engagement-inferred
U1110,INT32,72,Engagement-inferred
U1110,INT30,69,Engagement-inferred
U1110,INT43,64,Engagement-inferred
U1110,INT10,63,Lookalike model
U1111,INT03,99,Lookalike model
U1111,INT04,91,Engagement-inferred
U1111,INT47,89,Engagement-inferred
U1111,INT33,85,Engagement-inferred
U1111,INT05,82,Engagement-inferred
U1111,INT22,82,Lookalike model
U1111,INT36,80,Engagement-inferred
U1111,INT38,80,Engagement-inferred
U1111,INT11,79,Engagement-inferred
U1111,INT24,74,Lookalike model
U1111,INT01,73,Engagement-inferred
U1111,INT37,73,Engagement-inferred
U1111,INT34,72,Lookalike model
U1111,INT07,71,Declared
U1112,INT44,100,Engagement-inferred
U1112,INT43,91,Declared
U1112,INT24,84,Lookalike model
U1112,INT14,82,Engagement-inferred
U1112,INT01,82,Engagement-inferred
U1112,INT11,80,Engagement-inferred
U1112,INT22,75,Lookalike model
U1112,INT25,75,Declared
U1112,INT38,74,Engagement-inferred
U1112,INT23,74,Declared
U1112,INT33,70,Engagement-inferred
U1112,INT47,69,Lookalike model
U1112,INT35,69,Engagement-inferred
U1112,INT10,68,Engagement-inferred
U1113,INT16,100,Engagement-inferred
U1113,INT37,80,Engagement-inferred
U1113,INT36,79,Engagement-inferred
U1113,INT12,79,Declared
U1113,INT07,74,Declared
U1113,INT17,73,Engagement-inferred
U1113,INT08,71,Declared
U1113,INT14,66,Lookalike model
U1113,INT47,66,Engagement-inferred
U1113,INT10,64,Engagement-inferred
U1113,INT09,64,Engagement-inferred
U1113,INT01,64,Engagement-inferred
U1113,INT11,61,Engagement-inferred
U1113,INT39,61,Declared
U1114,INT14,68,Declared
U1114,INT26,68,Lookalike model
U1114,INT03,63,Lookalike model
U1114,INT24,58,Declared
U1114,INT23,57,Declared
U1114,INT11,56,Engagement-inferred
U1114,INT22,55,Engagement-inferred
U1114,INT17,55,Engagement-inferred
U1114,INT45,55,Engagement-inferred
U1114,INT05,54,Lookalike model
U1114,INT10,54,Engagement-inferred
U1114,INT04,53,Lookalike model
U1114,INT37,52,Lookalike model
U1114,INT36,51,Engagement-inferred
U1115,INT34,86,Lookalike model
U1115,INT33,85,Lookalike model
U1115,INT24,84,Declared
U1115,INT25,79,Engagement-inferred
U1115,INT49,77,Engagement-inferred
U1115,INT48,75,Engagement-inferred
U1115,INT26,72,Engagement-inferred
U1115,INT47,72,Lookalike model
U1115,INT32,72,Engagement-inferred
U1115,INT22,71,Engagement-inferred
U1115,INT11,71,Engagement-inferred
U1115,INT27,71,Declared
U1115,INT14,70,Lookalike model
U1115,INT30,68,Declared
U1116,INT16,86,Engagement-inferred
U1116,INT21,85,Declared
U1116,INT44,79,Declared
U1116,INT19,73,Engagement-inferred
U1116,INT17,71,Declared
U1116,INT01,69,Engagement-inferred
U1116,INT12,67,Engagement-inferred
U1116,INT10,66,Engagement-inferred
U1116,INT18,65,Lookalike model
U1116,INT43,63,Declared
U1116,INT20,62,Engagement-inferred
U1116,INT09,62,Engagement-inferred
U1116,INT08,60,Declared
U1116,INT40,58,Lookalike model
U1117,INT11,90,Declared
U1117,INT38,81,Lookalike model
U1117,INT16,80,Engagement-inferred
U1117,INT14,77,Engagement-inferred
U1117,INT23,76,Engagement-inferred
U1117,INT24,76,Engagement-inferred
U1117,INT47,75,Declared
U1117,INT04,75,Lookalike model
U1117,INT44,73,Declared
U1117,INT03,73,Engagement-inferred
U1117,INT17,69,Declared
U1117,INT12,69,Engagement-inferred
U1117,INT05,68,Engagement-inferred
U1117,INT22,68,Engagement-inferred
U1118,INT01,88,Declared
U1118,INT26,86,Declared
U1118,INT27,78,Engagement-inferred
U1118,INT40,77,Lookalike model
U1118,INT28,77,Engagement-inferred
U1118,INT48,77,Declared
U1118,INT10,77,Lookalike model
U1118,INT32,76,Lookalike model
U1118,INT41,75,Lookalike model
U1118,INT47,74,Engagement-inferred
U1118,INT06,73,Engagement-inferred
U1118,INT02,72,Declared
U1118,INT38,69,Engagement-inferred
U1118,INT30,68,Engagement-inferred
U1119,INT03,100,Lookalike model
U1119,INT05,99,Engagement-inferred
U1119,INT04,85,Lookalike model
U1119,INT44,77,Engagement-inferred
U1119,INT11,70,Lookalike model
U1119,INT14,67,Lookalike model
U1119,INT19,66,Engagement-inferred
U1119,INT10,59,Lookalike model
U1119,INT08,59,Engagement-inferred
U1119,INT26,56,Declared
U1119,INT18,55,Engagement-inferred
U1119,INT16,54,Engagement-inferred
U1119,INT09,53,Engagement-inferred
U1119,INT43,53,Engagement-inferred
U1120,INT44,100,Engagement-inferred
U1120,INT16,99,Declared
U1120,INT19,93,Engagement-inferred
U1120,INT03,88,Lookalike model
U1120,INT40,80,Engagement-inferred
U1120,INT04,76,Engagement-inferred
U1120,INT46,76,Declared
U1120,INT43,75,Lookalike model
U1120,INT18,75,Engagement-inferred
U1120,INT20,73,Declared
U1120,INT17,73,Engagement-inferred
U1120,INT21,71,Engagement-inferred
U1120,INT41,70,Engagement-inferred
U1120,INT12,65,Engagement-inferred
U1121,INT26,95,Engagement-inferred
U1121,INT19,94,Declared
U1121,INT28,94,Engagement-inferred
U1121,INT29,92,Engagement-inferred
U1121,INT27,90,Declared
U1121,INT03,81,Engagement-inferred
U1121,INT04,80,Declared
U1121,INT31,79,Engagement-inferred
U1121,INT01,75,Engagement-inferred
U1121,INT23,74,Engagement-inferred
U1121,INT20,74,Engagement-inferred
U1121,INT30,73,Engagement-inferred
U1121,INT38,71,Lookalike model
U1121,INT06,71,Declared
U1122,INT11,86,Engagement-inferred
U1122,INT14,82,Engagement-inferred
U1122,INT23,81,Declared
U1122,INT47,81,Lookalike model
U1122,INT16,78,Engagement-inferred
U1122,INT24,72,Engagement-inferred
U1122,INT22,68,Engagement-inferred
U1122,INT17,68,Lookalike model
U1122,INT15,67,Engagement-inferred
U1122,INT38,66,Declared
U1122,INT18,66,Engagement-inferred
U1122,INT19,65,Engagement-inferred
U1122,INT48,57,Lookalike model
U1122,INT10,57,Engagement-inferred
U1123,INT40,100,Lookalike model
U1123,INT44,100,Lookalike model
U1123,INT42,94,Engagement-inferred
U1123,INT43,91,Engagement-inferred
U1123,INT41,91,Declared
U1123,INT07,90,Engagement-inferred
U1123,INT26,84,Engagement-inferred
U1123,INT09,82,Engagement-inferred
U1123,INT32,80,Declared
U1123,INT10,79,Engagement-inferred
U1123,INT27,77,Lookalike model
U1123,INT08,71,Engagement-inferred
U1123,INT14,70,Lookalike model
U1123,INT30,69,Engagement-inferred
U1124,INT11,85,Declared
U1124,INT14,75,Engagement-inferred
U1124,INT47,73,Engagement-inferred
U1124,INT10,70,Engagement-inferred
U1124,INT38,69,Engagement-inferred
U1124,INT49,65,Engagement-inferred
U1124,INT46,65,Engagement-inferred
U1124,INT48,64,Lookalike model
U1124,INT50,61,Declared
U1124,INT44,56,Lookalike model
U1124,INT16,56,Engagement-inferred
U1124,INT18,54,Engagement-inferred
U1124,INT19,53,Declared
U1124,INT25,52,Engagement-inferred
U1125,INT33,95,Declared
U1125,INT40,90,Engagement-inferred
U1125,INT34,88,Lookalike model
U1125,INT41,86,Engagement-inferred
U1125,INT35,82,Engagement-inferred
U1125,INT07,78,Lookalike model
U1125,INT11,75,Engagement-inferred
U1125,INT42,74,Engagement-inferred
U1125,INT08,71,Engagement-inferred
U1125,INT20,70,Declared
U1125,INT47,70,Engagement-inferred
U1125,INT14,67,Engagement-inferred
U1125,INT46,66,Declared
U1125,INT44,56,Engagement-inferred
U1126,INT19,87,Lookalike model
U1126,INT21,83,Engagement-inferred
U1126,INT18,81,Declared
U1126,INT11,80,Engagement-inferred
U1126,INT14,78,Declared
U1126,INT26,77,Engagement-inferred
U1126,INT48,77,Engagement-inferred
U1126,INT30,77,Lookalike model
U1126,INT20,75,Engagement-inferred
U1126,INT25,74,Engagement-inferred
U1126,INT27,73,Declared
U1126,INT49,72,Engagement-inferred
U1126,INT28,72,Engagement-inferred
U1126,INT07,69,Engagement-inferred
U1127,INT22,92,Engagement-inferred
U1127,INT27,88,Engagement-inferred
U1127,INT26,86,Engagement-inferred
U1127,INT01,82,Engagement-inferred
U1127,INT24,81,Engagement-inferred
U1127,INT28,76,Declared
U1127,INT23,76,Declared
U1127,INT03,75,Declared
U1127,INT33,74,Declared
U1127,INT08,74,Lookalike model
U1127,INT14,74,Declared
U1127,INT04,73,Engagement-inferred
U1127,INT02,72,Engagement-inferred
U1127,INT29,70,Declared
U1128,INT07,93,Engagement-inferred
U1128,INT09,85,Declared
U1128,INT08,82,Engagement-inferred
U1128,INT11,78,Engagement-inferred
U1128,INT25,77,Engagement-inferred
U1128,INT33,70,Engagement-inferred
U1128,INT47,69,Engagement-inferred
U1128,INT14,67,Engagement-inferred
U1128,INT10,64,Engagement-inferred
U1128,INT38,63,Engagement-inferred
U1128,INT42,59,Engagement-inferred
U1128,INT35,56,Lookalike model
U1128,INT03,56,Declared
U1128,INT40,53,Engagement-inferred
U1129,INT19,95,Lookalike model
U1129,INT47,86,Engagement-inferred
U1129,INT28,81,Engagement-inferred
U1129,INT44,79,Engagement-inferred
U1129,INT43,78,Engagement-inferred
U1129,INT21,75,Engagement-inferred
U1129,INT26,73,Engagement-inferred
U1129,INT18,73,Engagement-inferred
U1129,INT20,72,Engagement-inferred
U1129,INT33,70,Engagement-inferred
U1129,INT27,69,Declared
U1129,INT07,67,Engagement-inferred
U1129,INT14,67,Engagement-inferred
U1129,INT16,65,Lookalike model
U1130,INT22,90,Lookalike model
U1130,INT44,89,Engagement-inferred
U1130,INT24,83,Lookalike model
U1130,INT43,82,Engagement-inferred
U1130,INT11,78,Engagement-inferred
U1130,INT14,77,Engagement-inferred
U1130,INT03,77,Engagement-inferred
U1130,INT04,76,Lookalike model
U1130,INT23,76,Lookalike model
U1130,INT15,72,Engagement-inferred
U1130,INT07,71,Lookalike model
U1130,INT05,71,Engagement-inferred
U1130,INT10,70,Lookalike model
U1130,INT40,69,Lookalike model
U1131,INT22,83,Declared
U1131,INT11,79,Engagement-inferred
U1131,INT14,74,Engagement-inferred
U1131,INT24,72,Lookalike model
U1131,INT23,71,Lookalike model
U1131,INT26,67,Engagement-inferred
U1131,INT32,65,Declared
U1131,INT30,64,Engagement-inferred
U1131,INT33,64,Lookalike model
U1131,INT38,62,Engagement-inferred
U1131,INT47,61,Declared
U1131,INT34,59,Engagement-inferred
U1131,INT28,57,Declared
U1131,INT15,57,Lookalike model
U1132,INT44,100,Engagement-inferred
U1132,INT07,91,Engagement-inferred
U1132,INT08,87,Engagement-inferred
U1132,INT09,80,Declared
U1132,INT25,77,Lookalike model
U1132,INT43,70,Engagement-inferred
U1132,INT10,70,Engagement-inferred
U1132,INT03,64,Declared
U1132,INT04,64,Engagement-inferred
U1132,INT28,58,Declared
U1132,INT26,58,Engagement-inferred
U1132,INT14,56,Engagement-inferred
U1132,INT46,54,Lookalike model
U1132,INT27,54,Engagement-inferred
U1133,INT25,93,Engagement-inferred
U1133,INT33,89,Engagement-inferred
U1133,INT11,88,Engagement-inferred
U1133,INT14,87,Engagement-inferred
U1133,INT34,86,Engagement-inferred
U1133,INT35,72,Declared
U1133,INT18,71,Lookalike model
U1133,INT01,69,Declared
U1133,INT36,68,Lookalike model
U1133,INT07,67,Declared
U1133,INT10,65,Engagement-inferred
U1133,INT46,65,Declared
U1133,INT40,63,Engagement-inferred
U1133,INT08,62,Lookalike model
U1134,INT40,100,Engagement-inferred
U1134,INT26,100,Lookalike model
U1134,INT28,94,Declared
U1134,INT21,89,Lookalike model
U1134,INT27,86,Engagement-inferred
U1134,INT42,86,Engagement-inferred
U1134,INT11,83,Declared
U1134,INT44,82,Lookalike model
U1134,INT31,81,Engagement-inferred
U1134,INT29,81,Lookalike model
U1134,INT20,80,Declared
U1134,INT19,80,Engagement-inferred
U1134,INT32,79,Lookalike model
U1134,INT14,79,Lookalike model
U1135,INT25,100,Lookalike model
U1135,INT20,75,Engagement-inferred
U1135,INT10,75,Engagement-inferred
U1135,INT05,72,Declared
U1135,INT26,68,Engagement-inferred
U1135,INT03,65,Declared
U1135,INT19,64,Declared
U1135,INT04,63,Engagement-inferred
U1135,INT11,59,Lookalike model
U1135,INT31,58,Engagement-inferred
U1135,INT14,58,Engagement-inferred
U1135,INT45,58,Engagement-inferred
U1135,INT30,55,Engagement-inferred
U1135,INT29,55,Engagement-inferred
U1136,INT33,95,Engagement-inferred
U1136,INT34,90,Engagement-inferred
U1136,INT24,85,Declared
U1136,INT23,84,Engagement-inferred
U1136,INT48,82,Engagement-inferred
U1136,INT35,79,Engagement-inferred
U1136,INT49,79,Lookalike model
U1136,INT44,78,Engagement-inferred
U1136,INT22,76,Engagement-inferred
U1136,INT09,73,Engagement-inferred
U1136,INT07,72,Engagement-inferred
U1136,INT43,71,Declared
U1136,INT50,65,Declared
U1136,INT11,65,Engagement-inferred
U1137,INT44,95,Engagement-inferred
U1137,INT01,86,Engagement-inferred
U1137,INT26,84,Engagement-inferred
U1137,INT28,84,Declared
U1137,INT27,83,Engagement-inferred
U1137,INT31,81,Engagement-inferred
U1137,INT47,77,Engagement-inferred
U1137,INT02,75,Lookalike model
U1137,INT29,74,Engagement-inferred
U1137,INT43,71,Engagement-inferred
U1137,INT16,70,Declared
U1137,INT35,69,Lookalike model
U1137,INT30,69,Engagement-inferred
U1137,INT38,67,Lookalike model
U1138,INT47,100,Engagement-inferred
U1138,INT38,98,Lookalike model
U1138,INT26,76,Lookalike model
U1138,INT25,74,Engagement-inferred
U1138,INT28,74,Lookalike model
U1138,INT10,71,Declared
U1138,INT40,70,Lookalike model
U1138,INT42,69,Declared
U1138,INT31,69,Lookalike model
U1138,INT30,67,Engagement-inferred
U1138,INT27,67,Engagement-inferred
U1138,INT29,62,Engagement-inferred
U1138,INT32,58,Engagement-inferred
U1138,INT41,55,Engagement-inferred
U1139,INT08,89,Engagement-inferred
U1139,INT19,89,Engagement-inferred
U1139,INT07,86,Engagement-inferred
U1139,INT26,83,Declared
U1139,INT03,82,Declared
U1139,INT04,79,Engagement-inferred
U1139,INT10,77,Lookalike model
U1139,INT21,76,Engagement-inferred
U1139,INT20,76,Engagement-inferred
U1139,INT05,74,Engagement-inferred
U1139,INT18,74,Lookalike model
U1139,INT16,73,Engagement-inferred
U1139,INT09,72,Engagement-inferred
U1139,INT38,71,Engagement-inferred
U1140,INT03,100,Declared
U1140,INT01,85,Engagement-inferred
U1140,INT04,82,Engagement-inferred
U1140,INT36,81,Engagement-inferred
U1140,INT05,81,Lookalike model
U1140,INT22,76,Engagement-inferred
U1140,INT27,75,Engagement-inferred
U1140,INT16,75,Declared
U1140,INT02,74,Engagement-inferred
U1140,INT26,73,Engagement-inferred
U1140,INT10,70,Engagement-inferred
U1140,INT29,69,Engagement-inferred
U1140,INT39,68,Declared
U1140,INT33,66,Engagement-inferred
U1141,INT26,95,Engagement-inferred
U1141,INT28,91,Declared
U1141,INT27,90,Engagement-inferred
U1141,INT11,86,Engagement-inferred
U1141,INT32,78,Engagement-inferred
U1141,INT14,78,Engagement-inferred
U1141,INT29,77,Declared
U1141,INT36,76,Engagement-inferred
U1141,INT31,71,Lookalike model
U1141,INT30,71,Engagement-inferred
U1141,INT06,66,Engagement-inferred
U1141,INT01,65,Engagement-inferred
U1141,INT48,64,Engagement-inferred
U1141,INT22,62,Engagement-inferred
U1142,INT36,85,Engagement-inferred
U1142,INT47,80,Engagement-inferred
U1142,INT37,79,Lookalike model
U1142,INT29,78,Declared
U1142,INT03,78,Engagement-inferred
U1142,INT30,76,Lookalike model
U1142,INT11,76,Engagement-inferred
U1142,INT26,76,Declared
U1142,INT27,74,Engagement-inferred
U1142,INT14,73,Engagement-inferred
U1142,INT16,72,Declared
U1142,INT41,69,Engagement-inferred
U1142,INT42,67,Engagement-inferred
U1142,INT40,65,Engagement-inferred
U1143,INT03,81,Engagement-inferred
U1143,INT04,74,Engagement-inferred
U1143,INT05,73,Declared
U1143,INT10,73,Lookalike model
U1143,INT47,72,Engagement-inferred
U1143,INT38,69,Engagement-inferred
U1143,INT22,68,Engagement-inferred
U1143,INT14,66,Engagement-inferred
U1143,INT07,61,Engagement-inferred
U1143,INT24,58,Engagement-inferred
U1143,INT36,54,Engagement-inferred
U1143,INT44,53,Engagement-inferred
U1143,INT09,52,Engagement-inferred
U1143,INT08,52,Declared
U1144,INT47,81,Engagement-inferred
U1144,INT26,79,Lookalike model
U1144,INT28,77,Engagement-inferred
U1144,INT40,71,Engagement-inferred
U1144,INT38,63,Lookalike model
U1144,INT20,63,Engagement-inferred
U1144,INT25,63,Lookalike model
U1144,INT30,60,Declared
U1144,INT41,59,Engagement-inferred
U1144,INT09,57,Engagement-inferred
U1144,INT27,57,Engagement-inferred
U1144,INT13,54,Engagement-inferred
U1144,INT42,54,Engagement-inferred
U1144,INT32,54,Declared
U1145,INT36,98,Lookalike model
U1145,INT37,85,Engagement-inferred
U1145,INT39,75,Declared
U1145,INT10,74,Declared
U1145,INT23,73,Lookalike model
U1145,INT19,72,Lookalike model
U1145,INT18,68,Engagement-inferred
U1145,INT11,66,Engagement-inferred
U1145,INT24,66,Declared
U1145,INT20,65,Lookalike model
U1145,INT22,65,Engagement-inferred
U1145,INT48,64,Lookalike model
U1145,INT26,63,Declared
U1145,INT03,61,Engagement-inferred
U1146,INT07,100,Lookalike model
U1146,INT22,96,Engagement-inferred
U1146,INT23,86,Engagement-inferred
U1146,INT26,84,Engagement-inferred
U1146,INT08,80,Engagement-inferred
U1146,INT40,79,Declared
U1146,INT09,75,Declared
U1146,INT24,75,Lookalike model
U1146,INT29,74,Engagement-inferred
U1146,INT42,69,Engagement-inferred
U1146,INT15,69,Lookalike model
U1146,INT28,65,Declared
U1146,INT27,64,Lookalike model
U1146,INT33,64,Engagement-inferred
U1147,INT03,86,Lookalike model
U1147,INT22,85,Engagement-inferred
U1147,INT18,85,Lookalike model
U1147,INT26,84,Lookalike model
U1147,INT19,81,Declared
U1147,INT04,80,Lookalike model
U1147,INT21,78,Engagement-inferred
U1147,INT05,76,Declared
U1147,INT20,75,Engagement-inferred
U1147,INT24,75,Engagement-inferred
U1147,INT27,72,Engagement-inferred
U1147,INT29,71,Engagement-inferred
U1147,INT42,71,Engagement-inferred
U1147,INT41,68,Engagement-inferred
U1148,INT36,80,Engagement-inferred
U1148,INT03,69,Engagement-inferred
U1148,INT25,68,Declared
U1148,INT38,66,Lookalike model
U1148,INT04,64,Engagement-inferred
U1148,INT05,62,Engagement-inferred
U1148,INT20,61,Engagement-inferred
U1148,INT37,61,Declared
U1148,INT47,59,Engagement-inferred
U1148,INT13,59,Engagement-inferred
U1148,INT30,58,Declared
U1148,INT26,57,Engagement-inferred
U1148,INT27,56,Engagement-inferred
U1148,INT39,53,Engagement-inferred
U1149,INT18,88,Engagement-inferred
U1149,INT47,87,Engagement-inferred
U1149,INT10,86,Engagement-inferred
U1149,INT19,83,Engagement-inferred
U1149,INT20,81,Engagement-inferred
U1149,INT11,78,Declared
U1149,INT38,75,Declared
U1149,INT21,74,Engagement-inferred
U1149,INT05,73,Engagement-inferred
U1149,INT03,69,Engagement-inferred
U1149,INT14,69,Declared
U1149,INT04,69,Engagement-inferred
U1149,INT36,67,Engagement-inferred
U1149,INT37,63,Engagement-inferred
U1150,INT48,79,Lookalike model
U1150,INT08,77,Declared
U1150,INT49,77,Engagement-inferred
U1150,INT16,75,Engagement-inferred
U1150,INT11,74,Engagement-inferred
U1150,INT47,72,Engagement-inferred
U1150,INT07,70,Engagement-inferred
U1150,INT43,68,Lookalike model
U1150,INT10,68,Lookalike model
U1150,INT50,67,Engagement-inferred
U1150,INT12,67,Lookalike model
U1150,INT13,67,Engagement-inferred
U1150,INT14,67,Engagement-inferred
U1150,INT38,67,Lookalike model
U1151,INT26,97,Engagement-inferred
U1151,INT32,85,Lookalike model
U1151,INT27,78,Engagement-inferred
U1151,INT28,75,Engagement-inferred
U1151,INT34,74,Engagement-inferred
U1151,INT33,73,Declared
U1151,INT30,73,Engagement-inferred
U1151,INT29,69,Engagement-inferred
U1151,INT11,68,Declared
U1151,INT37,68,Engagement-inferred
U1151,INT14,66,Engagement-inferred
U1151,INT36,66,Lookalike model
U1151,INT48,64,Engagement-inferred
U1151,INT20,64,Engagement-inferred
U1152,INT26,100,Engagement-inferred
U1152,INT16,89,Engagement-inferred
U1152,INT40,86,Engagement-inferred
U1152,INT33,83,Declared
U1152,INT30,82,Lookalike model
U1152,INT32,81,Declared
U1152,INT27,80,Engagement-inferred
U1152,INT28,79,Engagement-inferred
U1152,INT12,76,Engagement-inferred
U1152,INT10,76,Declared
U1152,INT31,75,Lookalike model
U1152,INT29,75,Engagement-inferred
U1152,INT14,74,Engagement-inferred
U1152,INT01,73,Declared
U1153,INT18,80,Lookalike model
U1153,INT21,80,Engagement-inferred
U1153,INT11,76,Engagement-inferred
U1153,INT16,75,Declared
U1153,INT14,74,Declared
U1153,INT19,72,Engagement-inferred
U1153,INT20,71,Declared
U1153,INT26,70,Declared
U1153,INT10,68,Declared
U1153,INT07,68,Lookalike model
U1153,INT49,66,Engagement-inferred
U1153,INT32,63,Engagement-inferred
U1153,INT17,63,Declared
U1153,INT42,62,Engagement-inferred
U1154,INT07,100,Engagement-inferred
U1154,INT47,93,Engagement-inferred
U1154,INT08,91,Lookalike model
U1154,INT44,77,Lookalike model
U1154,INT03,73,Declared
U1154,INT38,73,Lookalike model
U1154,INT33,73,Engagement-inferred
U1154,INT05,71,Engagement-inferred
U1154,INT09,69,Engagement-inferred
U1154,INT35,68,Engagement-inferred
U1154,INT34,67,Lookalike model
U1154,INT04,64,Engagement-inferred
U1154,INT43,64,Engagement-inferred
U1154,INT11,58,Engagement-inferred
U1155,INT26,88,Engagement-inferred
U1155,INT40,86,Engagement-inferred
U1155,INT29,84,Engagement-inferred
U1155,INT27,83,Engagement-inferred
U1155,INT30,81,Engagement-inferred
U1155,INT47,78,Engagement-inferred
U1155,INT03,77,Engagement-inferred
U1155,INT07,76,Engagement-inferred
U1155,INT33,75,Lookalike model
U1155,INT28,75,Engagement-inferred
U1155,INT09,73,Engagement-inferred
U1155,INT41,72,Engagement-inferred
U1155,INT42,72,Engagement-inferred
U1155,INT24,70,Engagement-inferred
U1156,INT26,95,Engagement-inferred
U1156,INT27,82,Declared
U1156,INT40,82,Engagement-inferred
U1156,INT29,77,Lookalike model
U1156,INT42,76,Engagement-inferred
U1156,INT28,74,Declared
U1156,INT41,72,Engagement-inferred
U1156,INT38,69,Declared
U1156,INT31,60,Lookalike model
U1156,INT47,60,Declared
U1156,INT30,58,Engagement-inferred
U1156,INT20,58,Lookalike model
U1156,INT32,58,Lookalike model
U1156,INT14,57,Declared
U1157,INT26,100,Declared
U1157,INT27,93,Lookalike model
U1157,INT28,88,Declared
U1157,INT29,87,Engagement-inferred
U1157,INT32,87,Declared
U1157,INT30,83,Declared
U1157,INT31,81,Engagement-inferred
U1157,INT19,81,Lookalike model
U1157,INT20,73,Declared
U1157,INT11,73,Engagement-inferred
U1157,INT14,70,Engagement-inferred
U1157,INT01,68,Engagement-inferred
U1157,INT10,68,Engagement-inferred
U1157,INT33,65,Engagement-inferred
U1158,INT07,100,Engagement-inferred
U1158,INT08,86,Engagement-inferred
U1158,INT19,86,Engagement-inferred
U1158,INT26,79,Declared
U1158,INT44,76,Lookalike model
U1158,INT47,70,Declared
U1158,INT10,69,Engagement-inferred
U1158,INT21,68,Engagement-inferred
U1158,INT43,67,Declared
U1158,INT14,67,Engagement-inferred
U1158,INT27,67,Engagement-inferred
U1158,INT09,66,Engagement-inferred
U1158,INT28,63,Engagement-inferred
U1158,INT18,63,Engagement-inferred
U1159,INT07,96,Engagement-inferred
U1159,INT19,89,Declared
U1159,INT20,86,Engagement-inferred
U1159,INT21,85,Lookalike model
U1159,INT18,82,Engagement-inferred
U1159,INT09,81,Declared
U1159,INT08,79,Engagement-inferred
U1159,INT40,77,Engagement-inferred
U1159,INT42,68,Engagement-inferred
U1159,INT26,67,Lookalike model
U1159,INT29,66,Declared
U1159,INT28,65,Engagement-inferred
U1159,INT11,64,Engagement-inferred
U1159,INT33,64,Lookalike model
U1160,INT47,88,Engagement-inferred
U1160,INT38,82,Engagement-inferred
U1160,INT48,73,Engagement-inferred
U1160,INT26,71,Engagement-inferred
U1160,INT30,69,Lookalike model
U1160,INT25,68,Engagement-inferred
U1160,INT50,68,Engagement-inferred
U1160,INT32,67,Engagement-inferred
U1160,INT27,67,Lookalike model
U1160,INT40,65,Lookalike model
U1160,INT41,63,Lookalike model
U1160,INT49,60,Lookalike model
U1160,INT29,56,Engagement-inferred
U1160,INT42,54,Declared
U1161,INT33,100,Declared
U1161,INT34,89,Engagement-inferred
U1161,INT46,82,Engagement-inferred
U1161,INT26,82,Declared
U1161,INT07,82,Engagement-inferred
U1161,INT44,81,Engagement-inferred
U1161,INT35,79,Engagement-inferred
U1161,INT08,79,Lookalike model
U1161,INT25,77,Engagement-inferred
U1161,INT02,76,Engagement-inferred
U1161,INT43,75,Engagement-inferred
U1161,INT01,73,Engagement-inferred
U1161,INT27,73,Declared
U1161,INT24,71,Engagement-inferred
U1162,INT44,88,Engagement-inferred
U1162,INT36,81,Lookalike model
U1162,INT01,80,Engagement-inferred
U1162,INT43,75,Lookalike model
U1162,INT33,73,Engagement-inferred
U1162,INT02,71,Declared
U1162,INT23,70,Engagement-inferred
U1162,INT07,69,Lookalike model
U1162,INT26,67,Engagement-inferred
U1162,INT22,67,Engagement-inferred
U1162,INT35,65,Engagement-inferred
U1162,INT47,64,Engagement-inferred
U1162,INT06,64,Engagement-inferred
U1162,INT46,62,Lookalike model
U1163,INT01,92,Lookalike model
U1163,INT25,90,Engagement-inferred
U1163,INT33,86,Engagement-inferred
U1163,INT04,83,Engagement-inferred
U1163,INT27,74,Lookalike model
U1163,INT16,73,Engagement-inferred
U1163,INT29,69,Declared
U1163,INT03,69,Engagement-inferred
U1163,INT26,69,Lookalike model
U1163,INT34,68,Engagement-inferred
U1163,INT32,67,Declared
U1163,INT28,67,Engagement-inferred
U1163,INT06,65,Engagement-inferred
U1163,INT02,64,Declared
U1164,INT01,97,Engagement-inferred
U1164,INT02,93,Engagement-inferred
U1164,INT06,85,Engagement-inferred
U1164,INT14,80,Lookalike model
U1164,INT25,76,Engagement-inferred
U1164,INT19,71,Lookalike model
U1164,INT21,69,Lookalike model
U1164,INT11,68,Declared
U1164,INT18,66,Engagement-inferred
U1164,INT20,59,Engagement-inferred
U1164,INT08,58,Declared
U1164,INT44,57,Declared
U1164,INT10,56,Engagement-inferred
U1164,INT37,52,Engagement-inferred
U1165,INT26,92,Lookalike model
U1165,INT27,84,Lookalike model
U1165,INT44,83,Engagement-inferred
U1165,INT28,82,Declared
U1165,INT47,81,Declared
U1165,INT29,80,Engagement-inferred
U1165,INT01,77,Engagement-inferred
U1165,INT32,74,Engagement-inferred
U1165,INT49,74,Engagement-inferred
U1165,INT36,74,Lookalike model
U1165,INT40,73,Engagement-inferred
U1165,INT43,72,Declared
U1165,INT16,70,Declared
U1165,INT42,70,Engagement-inferred
U1166,INT42,86,Engagement-inferred
U1166,INT01,85,Lookalike model
U1166,INT40,85,Lookalike model
U1166,INT17,80,Engagement-inferred
U1166,INT10,79,Engagement-inferred
U1166,INT33,78,Engagement-inferred
U1166,INT16,78,Engagement-inferred
U1166,INT34,78,Declared
U1166,INT02,77,Engagement-inferred
U1166,INT11,75,Engagement-inferred
U1166,INT03,73,Engagement-inferred
U1166,INT44,70,Engagement-inferred
U1166,INT35,69,Lookalike model
U1166,INT14,68,Engagement-inferred
U1167,INT36,90,Declared
U1167,INT40,83,Declared
U1167,INT37,81,Engagement-inferred
U1167,INT46,78,Engagement-inferred
U1167,INT42,73,Engagement-inferred
U1167,INT41,69,Lookalike model
U1167,INT11,65,Engagement-inferred
U1167,INT19,59,Engagement-inferred
U1167,INT39,58,Engagement-inferred
U1167,INT10,57,Engagement-inferred
U1167,INT14,56,Engagement-inferred
U1167,INT23,55,Engagement-inferred
U1167,INT03,54,Lookalike model
U1167,INT18,54,Engagement-inferred
U1168,INT10,77,Engagement-inferred
U1168,INT23,70,Declared
U1168,INT11,66,Engagement-inferred
U1168,INT07,66,Engagement-inferred
U1168,INT14,65,Engagement-inferred
U1168,INT20,65,Engagement-inferred
U1168,INT16,62,Declared
U1168,INT09,61,Engagement-inferred
U1168,INT24,60,Lookalike model
U1168,INT44,60,Engagement-inferred
U1168,INT08,59,Engagement-inferred
U1168,INT17,58,Lookalike model
U1168,INT22,55,Lookalike model
U1168,INT15,50,Declared
U1169,INT26,100,Declared
U1169,INT03,100,Declared
U1169,INT11,94,Engagement-inferred
U1169,INT05,91,Engagement-inferred
U1169,INT49,90,Engagement-inferred
U1169,INT04,88,Engagement-inferred
U1169,INT10,86,Declared
U1169,INT50,83,Engagement-inferred
U1169,INT07,82,Declared
U1169,INT42,80,Engagement-inferred
U1169,INT40,78,Engagement-inferred
U1169,INT27,77,Engagement-inferred
U1169,INT48,76,Declared
U1169,INT29,74,Engagement-inferred
U1170,INT33,100,Lookalike model
U1170,INT03,87,Engagement-inferred
U1170,INT04,85,Engagement-inferred
U1170,INT22,83,Engagement-inferred
U1170,INT36,81,Declared
U1170,INT24,79,Engagement-inferred
U1170,INT37,78,Declared
U1170,INT06,77,Engagement-inferred
U1170,INT05,76,Engagement-inferred
U1170,INT01,76,Engagement-inferred
U1170,INT35,74,Engagement-inferred
U1170,INT34,74,Engagement-inferred
U1170,INT23,72,Engagement-inferred
U1170,INT47,71,Engagement-inferred
U1171,INT47,100,Lookalike model
U1171,INT11,83,Engagement-inferred
U1171,INT01,83,Declared
U1171,INT44,80,Lookalike model
U1171,INT38,78,Engagement-inferred
U1171,INT02,75,Lookalike model
U1171,INT14,72,Engagement-inferred
U1171,INT32,66,Declared
U1171,INT06,65,Declared
U1171,INT07,63,Engagement-inferred
U1171,INT26,62,Engagement-inferred
U1171,INT34,61,Lookalike model
U1171,INT10,61,Engagement-inferred
U1171,INT03,60,Declared
U1172,INT16,77,Declared
U1172,INT26,76,Declared
U1172,INT28,69,Engagement-inferred
U1172,INT30,65,Lookalike model
U1172,INT11,64,Engagement-inferred
U1172,INT07,64,Declared
U1172,INT02,58,Lookalike model
U1172,INT40,57,Lookalike model
U1172,INT17,56,Engagement-inferred
U1172,INT29,55,Engagement-inferred
U1172,INT12,55,Engagement-inferred
U1172,INT27,54,Lookalike model
U1172,INT08,53,Lookalike model
U1172,INT31,52,Engagement-inferred
U1173,INT11,85,Engagement-inferred
U1173,INT44,84,Lookalike model
U1173,INT10,80,Engagement-inferred
U1173,INT49,75,Engagement-inferred
U1173,INT14,75,Declared
U1173,INT02,72,Engagement-inferred
U1173,INT07,68,Engagement-inferred
U1173,INT01,64,Engagement-inferred
U1173,INT09,64,Engagement-inferred
U1173,INT43,62,Engagement-inferred
U1173,INT24,58,Declared
U1173,INT25,58,Engagement-inferred
U1173,INT08,56,Engagement-inferred
U1173,INT48,56,Lookalike model
U1174,INT11,87,Engagement-inferred
U1174,INT14,77,Engagement-inferred
U1174,INT47,75,Engagement-inferred
U1174,INT19,73,Declared
U1174,INT07,68,Declared
U1174,INT08,67,Engagement-inferred
U1174,INT44,67,Engagement-inferred
U1174,INT42,67,Declared
U1174,INT43,66,Engagement-inferred
U1174,INT09,66,Engagement-inferred
U1174,INT48,65,Engagement-inferred
U1174,INT20,64,Engagement-inferred
U1174,INT40,63,Lookalike model
U1174,INT41,61,Engagement-inferred
U1175,INT44,98,Engagement-inferred
U1175,INT33,82,Engagement-inferred
U1175,INT11,82,Lookalike model
U1175,INT43,78,Engagement-inferred
U1175,INT08,78,Engagement-inferred
U1175,INT34,75,Lookalike model
U1175,INT14,73,Lookalike model
U1175,INT07,70,Engagement-inferred
U1175,INT09,66,Declared
U1175,INT17,65,Lookalike model
U1175,INT23,65,Engagement-inferred
U1175,INT36,63,Engagement-inferred
U1175,INT16,62,Engagement-inferred
U1175,INT35,61,Engagement-inferred
U1176,INT26,98,Lookalike model
U1176,INT36,92,Engagement-inferred
U1176,INT19,91,Engagement-inferred
U1176,INT28,77,Engagement-inferred
U1176,INT29,74,Engagement-inferred
U1176,INT32,74,Engagement-inferred
U1176,INT21,74,Engagement-inferred
U1176,INT39,70,Engagement-inferred
U1176,INT37,68,Declared
U1176,INT27,66,Engagement-inferred
U1176,INT04,66,Engagement-inferred
U1176,INT16,65,Engagement-inferred
U1176,INT30,65,Engagement-inferred
U1176,INT31,64,Lookalike model
U1177,INT40,94,Engagement-inferred
U1177,INT26,94,Engagement-inferred
U1177,INT14,90,Declared
U1177,INT27,88,Declared
U1177,INT11,83,Engagement-inferred
U1177,INT31,83,Engagement-inferred
U1177,INT30,81,Declared
U1177,INT20,79,Engagement-inferred
U1177,INT42,77,Engagement-inferred
U1177,INT47,76,Engagement-inferred
U1177,INT29,76,Engagement-inferred
U1177,INT19,76,Engagement-inferred
U1177,INT18,75,Engagement-inferred
U1177,INT32,75,Engagement-inferred
U1178,INT40,89,Engagement-inferred
U1178,INT47,87,Engagement-inferred
U1178,INT41,86,Lookalike model
U1178,INT44,81,Engagement-inferred
U1178,INT03,81,Engagement-inferred
U1178,INT04,80,Engagement-inferred
U1178,INT38,78,Declared
U1178,INT22,76,Engagement-inferred
U1178,INT42,75,Engagement-inferred
U1178,INT05,75,Engagement-inferred
U1178,INT25,71,Lookalike model
U1178,INT23,70,Declared
U1178,INT33,66,Engagement-inferred
U1178,INT24,65,Lookalike model
U1179,INT47,78,Engagement-inferred
U1179,INT24,77,Engagement-inferred
U1179,INT27,75,Engagement-inferred
U1179,INT26,72,Engagement-inferred
U1179,INT22,71,Engagement-inferred
U1179,INT44,68,Engagement-inferred
U1179,INT23,68,Engagement-inferred
U1179,INT07,67,Lookalike model
U1179,INT31,66,Engagement-inferred
U1179,INT08,64,Lookalike model
U1179,INT18,60,Engagement-inferred
U1179,INT29,60,Declared
U1179,INT32,60,Lookalike model
U1179,INT03,60,Engagement-inferred
U1180,INT26,81,Lookalike model
U1180,INT27,78,Engagement-inferred
U1180,INT44,77,Engagement-inferred
U1180,INT19,76,Declared
U1180,INT28,75,Engagement-inferred
U1180,INT33,74,Declared
U1180,INT22,72,Engagement-inferred
U1180,INT20,72,Engagement-inferred
U1180,INT01,72,Lookalike model
U1180,INT21,71,Engagement-inferred
U1180,INT31,70,Engagement-inferred
U1180,INT36,69,Engagement-inferred
U1180,INT35,67,Engagement-inferred
U1180,INT30,67,Lookalike model
U1181,INT07,100,Engagement-inferred
U1181,INT11,96,Engagement-inferred
U1181,INT16,93,Engagement-inferred
U1181,INT14,88,Engagement-inferred
U1181,INT23,87,Lookalike model
U1181,INT08,86,Engagement-inferred
U1181,INT24,85,Declared
U1181,INT40,85,Engagement-inferred
U1181,INT19,85,Lookalike model
U1181,INT10,84,Engagement-inferred
U1181,INT09,83,Engagement-inferred
U1181,INT20,83,Engagement-inferred
U1181,INT42,82,Lookalike model
U1181,INT22,81,Engagement-inferred
U1182,INT19,94,Declared
U1182,INT18,91,Engagement-inferred
U1182,INT42,80,Declared
U1182,INT21,76,Lookalike model
U1182,INT20,75,Engagement-inferred
U1182,INT40,69,Engagement-inferred
U1182,INT08,68,Engagement-inferred
U1182,INT07,67,Engagement-inferred
U1182,INT41,66,Engagement-inferred
U1182,INT25,59,Engagement-inferred
U1182,INT29,55,Lookalike model
U1182,INT10,52,Lookalike model
U1182,INT09,51,Engagement-inferred
U1182,INT30,51,Lookalike model
U1183,INT48,95,Engagement-inferred
U1183,INT49,91,Engagement-inferred
U1183,INT44,85,Declared
U1183,INT08,82,Engagement-inferred
U1183,INT43,81,Engagement-inferred
U1183,INT40,81,Engagement-inferred
U1183,INT50,80,Engagement-inferred
U1183,INT47,80,Declared
U1183,INT14,78,Lookalike model
U1183,INT09,77,Declared
U1183,INT07,76,Engagement-inferred
U1183,INT42,70,Engagement-inferred
U1183,INT41,64,Engagement-inferred
U1183,INT38,63,Engagement-inferred
U1184,INT08,100,Engagement-inferred
U1184,INT07,89,Engagement-inferred
U1184,INT25,88,Lookalike model
U1184,INT26,87,Lookalike model
U1184,INT28,85,Engagement-inferred
U1184,INT27,84,Engagement-inferred
U1184,INT10,76,Engagement-inferred
U1184,INT38,76,Engagement-inferred
U1184,INT40,74,Declared
U1184,INT30,74,Engagement-inferred
U1184,INT29,73,Engagement-inferred
U1184,INT32,73,Engagement-inferred
U1184,INT09,72,Engagement-inferred
U1184,INT11,69,Declared
U1185,INT42,81,Declared
U1185,INT07,76,Engagement-inferred
U1185,INT08,73,Engagement-inferred
U1185,INT03,72,Engagement-inferred
U1185,INT40,72,Engagement-inferred
U1185,INT26,70,Engagement-inferred
U1185,INT13,70,Engagement-inferred
U1185,INT01,69,Engagement-inferred
U1185,INT09,68,Engagement-inferred
U1185,INT04,67,Engagement-inferred
U1185,INT05,65,Declared
U1185,INT27,62,Declared
U1185,INT11,59,Engagement-inferred
U1185,INT16,59,Engagement-inferred
U1186,INT26,89,Engagement-inferred
U1186,INT16,80,Engagement-inferred
U1186,INT17,75,Engagement-inferred
U1186,INT27,75,Engagement-inferred
U1186,INT10,72,Declared
U1186,INT49,72,Engagement-inferred
U1186,INT41,71,Engagement-inferred
U1186,INT30,71,Engagement-inferred
U1186,INT50,69,Engagement-inferred
U1186,INT01,68,Engagement-inferred
U1186,INT32,66,Lookalike model
U1186,INT40,66,Lookalike model
U1186,INT28,65,Engagement-inferred
U1186,INT29,65,Declared
U1187,INT26,99,Declared
U1187,INT33,96,Engagement-inferred
U1187,INT07,91,Engagement-inferred
U1187,INT29,87,Lookalike model
U1187,INT28,83,Declared
U1187,INT35,81,Engagement-inferred
U1187,INT27,80,Engagement-inferred
U1187,INT04,78,Engagement-inferred
U1187,INT30,75,Engagement-inferred
U1187,INT34,75,Engagement-inferred
U1187,INT48,75,Declared
U1187,INT44,74,Engagement-inferred
U1187,INT08,74,Engagement-inferred
U1187,INT32,72,Lookalike model
U1188,INT33,83,Engagement-inferred
U1188,INT25,82,Lookalike model
U1188,INT02,77,Engagement-inferred
U1188,INT01,76,Declared
U1188,INT05,72,Engagement-inferred
U1188,INT04,70,Lookalike model
U1188,INT06,68,Declared
U1188,INT19,67,Declared
U1188,INT14,67,Engagement-inferred
U1188,INT03,66,Engagement-inferred
U1188,INT34,66,Declared
U1188,INT08,65,Lookalike model
U1188,INT07,64,Lookalike model
U1188,INT10,63,Engagement-inferred
U1189,INT18,89,Engagement-inferred
U1189,INT49,86,Declared
U1189,INT40,83,Engagement-inferred
U1189,INT19,83,Lookalike model
U1189,INT21,81,Lookalike model
U1189,INT20,78,Engagement-inferred
U1189,INT01,76,Engagement-inferred
U1189,INT50,75,Lookalike model
U1189,INT48,74,Engagement-inferred
U1189,INT42,70,Engagement-inferred
U1189,INT02,69,Engagement-inferred
U1189,INT06,67,Engagement-inferred
U1189,INT41,61,Engagement-inferred
U1189,INT07,58,Engagement-inferred
U1190,INT26,96,Lookalike model
U1190,INT40,89,Engagement-inferred
U1190,INT24,81,Engagement-inferred
U1190,INT30,80,Declared
U1190,INT33,80,Lookalike model
U1190,INT41,76,Engagement-inferred
U1190,INT32,75,Engagement-inferred
U1190,INT42,72,Engagement-inferred
U1190,INT27,69,Lookalike model
U1190,INT11,69,Engagement-inferred
U1190,INT28,67,Engagement-inferred
U1190,INT35,67,Lookalike model
U1190,INT14,66,Engagement-inferred
U1190,INT48,65,Lookalike model
U1191,INT19,91,Declared
U1191,INT49,87,Declared
U1191,INT10,80,Lookalike model
U1191,INT16,80,Engagement-inferred
U1191,INT18,79,Declared
U1191,INT01,79,Declared
U1191,INT48,77,Declared
U1191,INT07,76,Engagement-inferred
U1191,INT08,75,Declared
U1191,INT21,73,Declared
U1191,INT09,72,Lookalike model
U1191,INT26,71,Engagement-inferred
U1191,INT20,68,Engagement-inferred
U1191,INT28,63,Engagement-inferred
U1192,INT26,100,Engagement-inferred
U1192,INT07,100,Lookalike model
U1192,INT08,93,Engagement-inferred
U1192,INT29,90,Engagement-inferred
U1192,INT28,88,Lookalike model
U1192,INT09,82,Lookalike model
U1192,INT27,81,Declared
U1192,INT31,79,Engagement-inferred
U1192,INT03,78,Engagement-inferred
U1192,INT32,76,Engagement-inferred
U1192,INT30,76,Lookalike model
U1192,INT47,74,Engagement-inferred
U1192,INT04,73,Engagement-inferred
U1192,INT05,71,Engagement-inferred
U1193,INT07,100,Engagement-inferred
U1193,INT08,91,Engagement-inferred
U1193,INT03,79,Engagement-inferred
U1193,INT45,75,Engagement-inferred
U1193,INT28,72,Declared
U1193,INT26,70,Engagement-inferred
U1193,INT33,69,Lookalike model
U1193,INT29,69,Declared
U1193,INT09,69,Engagement-inferred
U1193,INT16,69,Engagement-inferred
U1193,INT50,68,Engagement-inferred
U1193,INT31,68,Lookalike model
U1193,INT04,67,Engagement-inferred
U1193,INT49,67,Engagement-inferred
U1194,INT03,98,Declared
U1194,INT04,93,Engagement-inferred
U1194,INT05,87,Lookalike model
U1194,INT11,86,Engagement-inferred
U1194,INT14,78,Declared
U1194,INT19,76,Lookalike model
U1194,INT42,72,Lookalike model
U1194,INT25,71,Engagement-inferred
U1194,INT41,69,Declared
U1194,INT40,68,Engagement-inferred
U1194,INT18,67,Declared
U1194,INT22,63,Declared
U1194,INT20,60,Engagement-inferred
U1194,INT24,60,Lookalike model
U1195,INT26,100,Engagement-inferred
U1195,INT28,92,Engagement-inferred
U1195,INT27,92,Engagement-inferred
U1195,INT30,89,Declared
U1195,INT32,82,Lookalike model
U1195,INT29,81,Engagement-inferred
U1195,INT49,78,Lookalike model
U1195,INT48,78,Engagement-inferred
U1195,INT07,74,Lookalike model
U1195,INT05,73,Declared
U1195,INT04,72,Engagement-inferred
U1195,INT31,70,Engagement-inferred
U1195,INT50,68,Engagement-inferred
U1195,INT47,67,Declared
U1196,INT40,100,Engagement-inferred
U1196,INT41,89,Declared
U1196,INT18,88,Engagement-inferred
U1196,INT19,84,Declared
U1196,INT44,83,Lookalike model
U1196,INT20,80,Engagement-inferred
U1196,INT42,80,Declared
U1196,INT43,77,Engagement-inferred
U1196,INT07,72,Lookalike model
U1196,INT21,70,Engagement-inferred
U1196,INT01,60,Lookalike model
U1196,INT10,59,Engagement-inferred
U1196,INT34,58,Engagement-inferred
U1196,INT33,56,Engagement-inferred
U1197,INT11,94,Engagement-inferred
U1197,INT16,82,Engagement-inferred
U1197,INT14,82,Engagement-inferred
U1197,INT45,79,Declared
U1197,INT17,69,Engagement-inferred
U1197,INT49,69,Engagement-inferred
U1197,INT40,68,Declared
U1197,INT26,68,Engagement-inferred
U1197,INT42,63,Declared
U1197,INT27,62,Engagement-inferred
U1197,INT28,60,Engagement-inferred
U1197,INT25,59,Engagement-inferred
U1197,INT12,59,Engagement-inferred
U1197,INT50,58,Engagement-inferred
U1198,INT26,99,Declared
U1198,INT27,91,Declared
U1198,INT33,90,Engagement-inferred
U1198,INT35,85,Lookalike model
U1198,INT29,82,Lookalike model
U1198,INT28,80,Engagement-inferred
U1198,INT31,76,Engagement-inferred
U1198,INT24,75,Engagement-inferred
U1198,INT34,72,Engagement-inferred
U1198,INT32,72,Engagement-inferred
U1198,INT30,71,Engagement-inferred
U1198,INT08,70,Engagement-inferred
U1198,INT03,62,Engagement-inferred
U1198,INT07,62,Declared
U1199,INT07,99,Engagement-inferred
U1199,INT08,82,Lookalike model
U1199,INT20,80,Engagement-inferred
U1199,INT09,76,Engagement-inferred
U1199,INT04,75,Engagement-inferred
U1199,INT16,75,Engagement-inferred
U1199,INT01,74,Engagement-inferred
U1199,INT05,74,Engagement-inferred
U1199,INT21,73,Declared
U1199,INT18,73,Lookalike model
U1199,INT03,73,Engagement-inferred
U1199,INT19,73,Engagement-inferred
U1199,INT26,71,Engagement-inferred
U1199,INT27,67,Engagement-inferred
U1200,INT22,100,Declared
U1200,INT03,91,Engagement-inferred
U1200,INT11,88,Declared
U1200,INT07,87,Engagement-inferred
U1200,INT01,85,Engagement-inferred
U1200,INT14,83,Declared
U1200,INT44,82,Engagement-inferred
U1200,INT24,80,Engagement-inferred
U1200,INT08,79,Engagement-inferred
U1200,INT04,77,Engagement-inferred
U1200,INT02,73,Lookalike model
U1200,INT41,73,Engagement-inferred
U1200,INT46,73,Lookalike model
U1200,INT23,72,Engagement-inferred
U1201,INT36,92,Engagement-inferred
U1201,INT11,92,Engagement-inferred
U1201,INT05,71,Engagement-inferred
U1201,INT14,69,Declared
U1201,INT37,68,Lookalike model
U1201,INT03,68,Engagement-inferred
U1201,INT04,65,Declared
U1201,INT18,62,Engagement-inferred
U1201,INT23,62,Engagement-inferred
U1201,INT20,59,Declared
U1201,INT46,57,Engagement-inferred
U1201,INT19,55,Engagement-inferred
U1201,INT10,55,Declared
U1201,INT39,55,Declared
U1202,INT49,100,Engagement-inferred
U1202,INT48,93,Lookalike model
U1202,INT50,93,Declared
U1202,INT10,93,Engagement-inferred
U1202,INT11,91,Engagement-inferred
U1202,INT14,84,Engagement-inferred
U1202,INT38,83,Lookalike model
U1202,INT02,81,Engagement-inferred
U1202,INT01,80,Engagement-inferred
U1202,INT07,78,Engagement-inferred
U1202,INT36,76,Lookalike model
U1202,INT06,74,Declared
U1202,INT47,73,Engagement-inferred
U1202,INT24,73,Engagement-inferred
U1203,INT07,85,Engagement-inferred
U1203,INT10,82,Declared
U1203,INT14,75,Declared
U1203,INT11,73,Lookalike model
U1203,INT08,72,Engagement-inferred
U1203,INT41,70,Declared
U1203,INT01,70,Engagement-inferred
U1203,INT09,68,Engagement-inferred
U1203,INT06,67,Engagement-inferred
U1203,INT44,67,Engagement-inferred
U1203,INT48,66,Lookalike model
U1203,INT49,66,Engagement-inferred
U1203,INT43,65,Declared
U1203,INT40,59,Engagement-inferred
U1204,INT11,96,Lookalike model
U1204,INT26,83,Engagement-inferred
U1204,INT31,83,Engagement-inferred
U1204,INT29,79,Engagement-inferred
U1204,INT27,73,Lookalike model
U1204,INT14,72,Engagement-inferred
U1204,INT32,69,Engagement-inferred
U1204,INT30,68,Engagement-inferred
U1204,INT28,67,Declared
U1204,INT01,63,Engagement-inferred
U1204,INT49,63,Declared
U1204,INT48,63,Engagement-inferred
U1204,INT02,56,Lookalike model
U1204,INT46,55,Engagement-inferred
U1205,INT01,85,Engagement-inferred
U1205,INT49,82,Declared
U1205,INT19,80,Lookalike model
U1205,INT11,75,Engagement-inferred
U1205,INT47,75,Engagement-inferred
U1205,INT38,71,Engagement-inferred
U1205,INT50,71,Engagement-inferred
U1205,INT02,70,Engagement-inferred
U1205,INT48,68,Declared
U1205,INT06,66,Engagement-inferred
U1205,INT25,65,Engagement-inferred
U1205,INT46,64,Engagement-inferred
U1205,INT14,64,Lookalike model
U1205,INT44,62,Lookalike model
U1206,INT07,100,Lookalike model
U1206,INT19,94,Engagement-inferred
U1206,INT08,93,Engagement-inferred
U1206,INT44,86,Lookalike model
U1206,INT46,85,Engagement-inferred
U1206,INT09,83,Engagement-inferred
U1206,INT18,83,Lookalike model
U1206,INT21,81,Engagement-inferred
U1206,INT20,78,Engagement-inferred
U1206,INT43,75,Lookalike model
U1206,INT36,74,Engagement-inferred
U1206,INT40,69,Engagement-inferred
U1206,INT47,67,Declared
U1206,INT05,66,Engagement-inferred
U1207,INT26,100,Declared
U1207,INT46,91,Engagement-inferred
U1207,INT27,90,Engagement-inferred
U1207,INT18,86,Declared
U1207,INT44,85,Engagement-inferred
U1207,INT20,83,Lookalike model
U1207,INT32,79,Declared
U1207,INT19,78,Engagement-inferred
U1207,INT28,76,Engagement-inferred
U1207,INT29,75,Engagement-inferred
U1207,INT30,74,Engagement-inferred
U1207,INT43,73,Declared
U1207,INT33,69,Declared
U1207,INT21,68,Engagement-inferred
U1208,INT07,85,Engagement-inferred
U1208,INT22,81,Lookalike model
U1208,INT08,80,Declared
U1208,INT44,79,Declared
U1208,INT03,76,Engagement-inferred
U1208,INT46,73,Engagement-inferred
U1208,INT47,72,Engagement-inferred
U1208,INT05,69,Engagement-inferred
U1208,INT04,69,Engagement-inferred
U1208,INT09,68,Engagement-inferred
U1208,INT26,67,Engagement-inferred
U1208,INT24,66,Lookalike model
U1208,INT43,64,Engagement-inferred
U1208,INT45,58,Engagement-inferred
U1209,INT34,99,Declared
U1209,INT33,98,Declared
U1209,INT08,76,Engagement-inferred
U1209,INT07,76,Declared
U1209,INT10,72,Lookalike model
U1209,INT35,71,Engagement-inferred
U1209,INT39,65,Declared
U1209,INT36,63,Engagement-inferred
U1209,INT09,63,Engagement-inferred
U1209,INT37,59,Engagement-inferred
U1209,INT43,58,Declared
U1209,INT17,58,Lookalike model
U1209,INT16,54,Engagement-inferred
U1209,INT46,53,Engagement-inferred
U1210,INT01,85,Engagement-inferred
U1210,INT24,84,Declared
U1210,INT23,83,Engagement-inferred
U1210,INT26,82,Engagement-inferred
U1210,INT14,81,Lookalike model
U1210,INT22,80,Engagement-inferred
U1210,INT11,80,Engagement-inferred
U1210,INT29,77,Declared
U1210,INT27,77,Lookalike model
U1210,INT32,77,Lookalike model
U1210,INT07,77,Lookalike model
U1210,INT28,74,Declared
U1210,INT15,74,Engagement-inferred
U1210,INT44,73,Engagement-inferred
U1211,INT26,100,Declared
U1211,INT27,95,Engagement-inferred
U1211,INT29,89,Engagement-inferred
U1211,INT44,87,Engagement-inferred
U1211,INT30,87,Engagement-inferred
U1211,INT28,87,Engagement-inferred
U1211,INT05,85,Engagement-inferred
U1211,INT03,85,Engagement-inferred
U1211,INT19,85,Declared
U1211,INT04,81,Declared
U1211,INT32,80,Declared
U1211,INT10,77,Engagement-inferred
U1211,INT31,77,Engagement-inferred
U1211,INT33,74,Lookalike model
U1212,INT33,83,Lookalike model
U1212,INT28,81,Engagement-inferred
U1212,INT49,78,Engagement-inferred
U1212,INT35,75,Engagement-inferred
U1212,INT48,75,Engagement-inferred
U1212,INT27,74,Engagement-inferred
U1212,INT34,74,Engagement-inferred
U1212,INT26,73,Engagement-inferred
U1212,INT11,70,Engagement-inferred
U1212,INT10,66,Engagement-inferred
U1212,INT50,66,Declared
U1212,INT29,64,Declared
U1212,INT32,63,Declared
U1212,INT38,61,Engagement-inferred
U1213,INT16,99,Lookalike model
U1213,INT33,98,Lookalike model
U1213,INT34,77,Declared
U1213,INT17,73,Declared
U1213,INT35,73,Declared
U1213,INT20,72,Engagement-inferred
U1213,INT02,71,Engagement-inferred
U1213,INT01,69,Declared
U1213,INT24,64,Engagement-inferred
U1213,INT18,63,Lookalike model
U1213,INT19,62,Declared
U1213,INT12,61,Declared
U1213,INT23,60,Lookalike model
U1213,INT22,60,Engagement-inferred
U1214,INT40,94,Engagement-inferred
U1214,INT25,78,Engagement-inferred
U1214,INT08,67,Declared
U1214,INT07,66,Engagement-inferred
U1214,INT06,66,Engagement-inferred
U1214,INT09,66,Engagement-inferred
U1214,INT41,65,Lookalike model
U1214,INT01,61,Engagement-inferred
U1214,INT42,61,Declared
U1214,INT03,60,Engagement-inferred
U1214,INT02,59,Declared
U1214,INT10,56,Lookalike model
U1214,INT16,55,Engagement-inferred
U1214,INT44,54,Engagement-inferred
U1215,INT11,88,Lookalike model
U1215,INT07,82,Engagement-inferred
U1215,INT14,79,Engagement-inferred
U1215,INT16,79,Engagement-inferred
U1215,INT25,79,Engagement-inferred
U1215,INT03,77,Declared
U1215,INT10,76,Engagement-inferred
U1215,INT36,73,Engagement-inferred
U1215,INT09,72,Lookalike model
U1215,INT08,72,Lookalike model
U1215,INT17,69,Engagement-inferred
U1215,INT04,66,Lookalike model
U1215,INT19,64,Engagement-inferred
U1215,INT05,63,Engagement-inferred
U1216,INT35,80,Engagement-inferred
U1216,INT34,79,Declared
U1216,INT33,75,Engagement-inferred
U1216,INT04,75,Lookalike model
U1216,INT49,68,Engagement-inferred
U1216,INT03,66,Engagement-inferred
U1216,INT05,66,Lookalike model
U1216,INT16,64,Lookalike model
U1216,INT07,62,Declared
U1216,INT38,62,Lookalike model
U1216,INT47,61,Lookalike model
U1216,INT48,60,Engagement-inferred
U1216,INT50,59,Engagement-inferred
U1216,INT14,56,Engagement-inferred
U1217,INT01,93,Engagement-inferred
U1217,INT33,92,Lookalike model
U1217,INT02,87,Lookalike model
U1217,INT34,86,Engagement-inferred
U1217,INT06,83,Engagement-inferred
U1217,INT47,82,Lookalike model
U1217,INT04,81,Engagement-inferred
U1217,INT38,78,Engagement-inferred
U1217,INT35,76,Declared
U1217,INT03,76,Engagement-inferred
U1217,INT25,73,Engagement-inferred
U1217,INT36,71,Engagement-inferred
U1217,INT11,68,Declared
U1217,INT05,65,Engagement-inferred
U1218,INT49,93,Lookalike model
U1218,INT23,79,Lookalike model
U1218,INT16,78,Engagement-inferred
U1218,INT48,77,Engagement-inferred
U1218,INT24,76,Lookalike model
U1218,INT25,75,Engagement-inferred
U1218,INT50,71,Engagement-inferred
U1218,INT22,70,Engagement-inferred
U1218,INT45,64,Declared
U1218,INT44,63,Engagement-inferred
U1218,INT03,61,Engagement-inferred
U1218,INT10,61,Engagement-inferred
U1218,INT04,59,Engagement-inferred
U1218,INT19,58,Declared
U1219,INT49,100,Engagement-inferred
U1219,INT07,88,Engagement-inferred
U1219,INT48,86,Engagement-inferred
U1219,INT22,80,Engagement-inferred
U1219,INT44,79,Engagement-inferred
U1219,INT23,77,Lookalike model
U1219,INT50,76,Engagement-inferred
U1219,INT24,73,Lookalike model
U1219,INT16,69,Engagement-inferred
U1219,INT08,66,Engagement-inferred
U1219,INT17,66,Engagement-inferred
U1219,INT19,65,Engagement-inferred
U1219,INT47,63,Engagement-inferred
U1219,INT03,63,Engagement-inferred
U1220,INT49,93,Declared
U1220,INT26,91,Engagement-inferred
U1220,INT03,88,Engagement-inferred
U1220,INT22,82,Engagement-inferred
U1220,INT27,82,Engagement-inferred
U1220,INT24,79,Declared
U1220,INT07,77,Engagement-inferred
U1220,INT16,76,Lookalike model
U1220,INT23,76,Engagement-inferred
U1220,INT44,75,Engagement-inferred
U1220,INT28,73,Engagement-inferred
U1220,INT30,73,Declared
U1220,INT32,72,Engagement-inferred
U1220,INT05,72,Engagement-inferred
U1221,INT11,82,Declared
U1221,INT07,78,Engagement-inferred
U1221,INT09,77,Lookalike model
U1221,INT27,74,Engagement-inferred
U1221,INT26,72,Lookalike model
U1221,INT28,66,Lookalike model
U1221,INT08,65,Engagement-inferred
U1221,INT14,65,Lookalike model
U1221,INT10,63,Lookalike model
U1221,INT24,62,Engagement-inferred
U1221,INT03,58,Engagement-inferred
U1221,INT32,56,Lookalike model
U1221,INT04,55,Engagement-inferred
U1221,INT30,54,Engagement-inferred
U1222,INT27,100,Engagement-inferred
U1222,INT26,100,Declared
U1222,INT32,88,Engagement-inferred
U1222,INT01,87,Engagement-inferred
U1222,INT44,81,Engagement-inferred
U1222,INT28,81,Engagement-inferred
U1222,INT10,80,Declared
U1222,INT43,76,Engagement-inferred
U1222,INT37,74,Declared
U1222,INT02,74,Engagement-inferred
U1222,INT30,74,Lookalike model
U1222,INT16,73,Engagement-inferred
U1222,INT48,73,Declared
U1222,INT06,73,Engagement-inferred
U1223,INT03,97,Engagement-inferred
U1223,INT48,86,Engagement-inferred
U1223,INT47,84,Engagement-inferred
U1223,INT24,81,Engagement-inferred
U1223,INT49,80,Declared
U1223,INT50,80,Engagement-inferred
U1223,INT13,78,Engagement-inferred
U1223,INT22,77,Lookalike model
U1223,INT04,76,Declared
U1223,INT44,75,Lookalike model
U1223,INT05,73,Engagement-inferred
U1223,INT10,72,Engagement-inferred
U1223,INT16,69,Engagement-inferred
U1223,INT36,68,Engagement-inferred
U1224,INT07,84,Declared
U1224,INT48,83,Engagement-inferred
U1224,INT33,83,Engagement-inferred
U1224,INT11,82,Engagement-inferred
U1224,INT36,79,Engagement-inferred
U1224,INT34,76,Engagement-inferred
U1224,INT16,75,Lookalike model
U1224,INT10,72,Engagement-inferred
U1224,INT40,72,Engagement-inferred
U1224,INT08,69,Engagement-inferred
U1224,INT14,68,Engagement-inferred
U1224,INT26,68,Engagement-inferred
U1224,INT49,67,Engagement-inferred
U1224,INT42,66,Engagement-inferred
U1225,INT26,100,Engagement-inferred
U1225,INT07,100,Engagement-inferred
U1225,INT03,94,Lookalike model
U1225,INT33,90,Declared
U1225,INT27,86,Engagement-inferred
U1225,INT29,85,Engagement-inferred
U1225,INT04,84,Engagement-inferred
U1225,INT30,82,Engagement-inferred
U1225,INT08,81,Engagement-inferred
U1225,INT32,81,Engagement-inferred
U1225,INT09,81,Declared
U1225,INT16,80,Lookalike model
U1225,INT05,80,Lookalike model
U1225,INT28,79,Engagement-inferred
U1226,INT07,87,Lookalike model
U1226,INT01,85,Engagement-inferred
U1226,INT40,77,Lookalike model
U1226,INT08,75,Engagement-inferred
U1226,INT47,70,Lookalike model
U1226,INT25,69,Engagement-inferred
U1226,INT42,69,Declared
U1226,INT03,68,Engagement-inferred
U1226,INT38,68,Engagement-inferred
U1226,INT09,67,Engagement-inferred
U1226,INT11,66,Engagement-inferred
U1226,INT19,66,Engagement-inferred
U1226,INT02,65,Engagement-inferred
U1226,INT44,63,Engagement-inferred
U1227,INT07,95,Engagement-inferred
U1227,INT09,83,Engagement-inferred
U1227,INT08,79,Engagement-inferred
U1227,INT23,77,Declared
U1227,INT22,75,Engagement-inferred
U1227,INT44,71,Declared
U1227,INT25,68,Lookalike model
U1227,INT24,63,Engagement-inferred
U1227,INT43,60,Engagement-inferred
U1227,INT01,60,Lookalike model
U1227,INT11,57,Engagement-inferred
U1227,INT16,56,Lookalike model
U1227,INT02,55,Engagement-inferred
U1227,INT14,54,Engagement-inferred
U1228,INT07,100,Engagement-inferred
U1228,INT44,95,Engagement-inferred
U1228,INT03,93,Lookalike model
U1228,INT05,90,Engagement-inferred
U1228,INT04,89,Engagement-inferred
U1228,INT22,86,Lookalike model
U1228,INT01,85,Declared
U1228,INT43,85,Engagement-inferred
U1228,INT08,85,Engagement-inferred
U1228,INT27,84,Engagement-inferred
U1228,INT26,80,Declared
U1228,INT24,77,Engagement-inferred
U1228,INT29,75,Engagement-inferred
U1228,INT06,74,Engagement-inferred
U1229,INT03,84,Engagement-inferred
U1229,INT26,78,Engagement-inferred
U1229,INT04,74,Engagement-inferred
U1229,INT46,73,Engagement-inferred
U1229,INT44,72,Engagement-inferred
U1229,INT05,71,Lookalike model
U1229,INT47,70,Engagement-inferred
U1229,INT18,70,Engagement-inferred
U1229,INT28,65,Engagement-inferred
U1229,INT38,64,Lookalike model
U1229,INT32,63,Engagement-inferred
U1229,INT20,63,Declared
U1229,INT21,59,Engagement-inferred
U1229,INT43,59,Lookalike model
U1230,INT40,100,Engagement-inferred
U1230,INT44,86,Declared
U1230,INT42,85,Lookalike model
U1230,INT43,83,Engagement-inferred
U1230,INT19,83,Declared
U1230,INT41,83,Engagement-inferred
U1230,INT25,81,Declared
U1230,INT18,80,Lookalike model
U1230,INT04,77,Engagement-inferred
U1230,INT21,76,Lookalike model
U1230,INT03,74,Engagement-inferred
U1230,INT46,72,Engagement-inferred
U1230,INT24,71,Declared
U1230,INT23,69,Lookalike model
U1231,INT03,77,Lookalike model
U1231,INT11,74,Engagement-inferred
U1231,INT04,72,Lookalike model
U1231,INT40,72,Engagement-inferred
U1231,INT25,70,Engagement-inferred
U1231,INT05,69,Engagement-inferred
U1231,INT42,69,Engagement-inferred
U1231,INT14,66,Engagement-inferred
U1231,INT24,64,Declared
U1231,INT44,57,Engagement-inferred
U1231,INT41,56,Engagement-inferred
U1231,INT23,55,Engagement-inferred
U1231,INT19,53,Engagement-inferred
U1231,INT15,51,Lookalike model
U1232,INT03,97,Engagement-inferred
U1232,INT24,96,Engagement-inferred
U1232,INT47,94,Engagement-inferred
U1232,INT38,89,Lookalike model
U1232,INT07,87,Lookalike model
U1232,INT33,86,Lookalike model
U1232,INT22,83,Engagement-inferred
U1232,INT34,81,Lookalike model
U1232,INT26,79,Lookalike model
U1232,INT49,78,Engagement-inferred
U1232,INT42,74,Engagement-inferred
U1232,INT05,73,Engagement-inferred
U1232,INT23,73,Declared
U1232,INT48,71,Declared
U1233,INT27,93,Lookalike model
U1233,INT11,92,Lookalike model
U1233,INT26,88,Lookalike model
U1233,INT07,85,Engagement-inferred
U1233,INT09,83,Lookalike model
U1233,INT38,80,Engagement-inferred
U1233,INT33,79,Engagement-inferred
U1233,INT47,77,Engagement-inferred
U1233,INT08,76,Engagement-inferred
U1233,INT36,75,Declared
U1233,INT28,74,Declared
U1233,INT31,72,Engagement-inferred
U1233,INT32,71,Engagement-inferred
U1233,INT29,71,Engagement-inferred
U1234,INT26,94,Declared
U1234,INT38,89,Engagement-inferred
U1234,INT47,89,Engagement-inferred
U1234,INT27,79,Engagement-inferred
U1234,INT33,78,Lookalike model
U1234,INT28,76,Engagement-inferred
U1234,INT31,75,Engagement-inferred
U1234,INT44,73,Engagement-inferred
U1234,INT11,71,Lookalike model
U1234,INT16,70,Engagement-inferred
U1234,INT30,69,Engagement-inferred
U1234,INT32,69,Lookalike model
U1234,INT14,69,Engagement-inferred
U1234,INT10,68,Engagement-inferred
U1235,INT44,99,Lookalike model
U1235,INT01,99,Lookalike model
U1235,INT07,92,Lookalike model
U1235,INT38,83,Engagement-inferred
U1235,INT02,82,Declared
U1235,INT47,82,Declared
U1235,INT43,82,Engagement-inferred
U1235,INT27,81,Engagement-inferred
U1235,INT09,81,Lookalike model
U1235,INT14,79,Engagement-inferred
U1235,INT26,78,Engagement-inferred
U1235,INT32,76,Engagement-inferred
U1235,INT28,75,Lookalike model
U1235,INT29,74,Declared
U1236,INT01,100,Engagement-inferred
U1236,INT07,98,Lookalike model
U1236,INT08,91,Engagement-inferred
U1236,INT02,87,Engagement-inferred
U1236,INT36,84,Engagement-inferred
U1236,INT09,79,Declared
U1236,INT37,75,Engagement-inferred
U1236,INT11,74,Lookalike model
U1236,INT06,74,Engagement-inferred
U1236,INT39,74,Declared
U1236,INT24,71,Engagement-inferred
U1236,INT47,71,Engagement-inferred
U1236,INT41,62,Engagement-inferred
U1236,INT38,60,Engagement-inferred
U1237,INT26,100,Engagement-inferred
U1237,INT33,94,Declared
U1237,INT11,89,Engagement-inferred
U1237,INT07,86,Engagement-inferred
U1237,INT14,82,Lookalike model
U1237,INT27,81,Lookalike model
U1237,INT28,81,Engagement-inferred
U1237,INT09,81,Engagement-inferred
U1237,INT08,78,Declared
U1237,INT31,78,Engagement-inferred
U1237,INT32,76,Lookalike model
U1237,INT29,73,Lookalike model
U1237,INT35,70,Lookalike model
U1237,INT30,68,Declared
U1238,INT33,98,Engagement-inferred
U1238,INT44,94,Engagement-inferred
U1238,INT26,76,Engagement-inferred
U1238,INT34,74,Lookalike model
U1238,INT43,74,Engagement-inferred
U1238,INT07,71,Declared
U1238,INT10,70,Engagement-inferred
U1238,INT35,67,Engagement-inferred
U1238,INT49,64,Lookalike model
U1238,INT30,64,Engagement-inferred
U1238,INT48,63,Engagement-inferred
U1238,INT46,62,Lookalike model
U1238,INT08,61,Engagement-inferred
U1238,INT21,60,Lookalike model
U1239,INT24,100,Lookalike model
U1239,INT22,95,Engagement-inferred
U1239,INT36,92,Engagement-inferred
U1239,INT41,87,Declared
U1239,INT40,86,Lookalike model
U1239,INT32,86,Engagement-inferred
U1239,INT38,84,Engagement-inferred
U1239,INT23,83,Engagement-inferred
U1239,INT26,82,Engagement-inferred
U1239,INT47,80,Lookalike model
U1239,INT10,77,Engagement-inferred
U1239,INT42,76,Lookalike model
U1239,INT28,76,Engagement-inferred
U1239,INT30,74,Engagement-inferred
U1240,INT26,81,Engagement-inferred
U1240,INT10,80,Engagement-inferred
U1240,INT44,75,Engagement-inferred
U1240,INT27,74,Engagement-inferred
U1240,INT07,70,Engagement-inferred
U1240,INT09,66,Lookalike model
U1240,INT11,66,Declared
U1240,INT28,64,Engagement-inferred
U1240,INT22,62,Declared
U1240,INT31,62,Lookalike model
U1240,INT32,60,Engagement-inferred
U1240,INT08,60,Lookalike model
U1240,INT43,56,Engagement-inferred
U1240,INT30,56,Engagement-inferred
U1241,INT01,99,Lookalike model
U1241,INT16,92,Lookalike model
U1241,INT07,89,Engagement-inferred
U1241,INT18,85,Engagement-inferred
U1241,INT02,83,Declared
U1241,INT08,76,Lookalike model
U1241,INT09,75,Engagement-inferred
U1241,INT33,75,Declared
U1241,INT06,74,Declared
U1241,INT12,72,Engagement-inferred
U1241,INT17,72,Engagement-inferred
U1241,INT19,71,Engagement-inferred
U1241,INT34,68,Engagement-inferred
U1241,INT20,66,Lookalike model
U1242,INT02,95,Engagement-inferred
U1242,INT33,93,Declared
U1242,INT01,88,Engagement-inferred
U1242,INT06,86,Declared
U1242,INT34,74,Lookalike model
U1242,INT10,64,Declared
U1242,INT35,64,Engagement-inferred
U1242,INT11,60,Engagement-inferred
U1242,INT14,59,Engagement-inferred
U1242,INT38,58,Declared
U1242,INT16,54,Engagement-inferred
U1242,INT47,52,Engagement-inferred
U1242,INT03,52,Engagement-inferred
U1242,INT04,47,Engagement-inferred
U1243,INT22,90,Lookalike model
U1243,INT24,87,Engagement-inferred
U1243,INT16,83,Engagement-inferred
U1243,INT07,81,Engagement-inferred
U1243,INT17,79,Declared
U1243,INT11,78,Engagement-inferred
U1243,INT23,73,Lookalike model
U1243,INT15,72,Engagement-inferred
U1243,INT09,71,Lookalike model
U1243,INT36,70,Engagement-inferred
U1243,INT08,70,Engagement-inferred
U1243,INT43,69,Lookalike model
U1243,INT14,67,Engagement-inferred
U1243,INT12,65,Engagement-inferred
U1244,INT33,96,Lookalike model
U1244,INT34,90,Engagement-inferred
U1244,INT10,85,Lookalike model
U1244,INT01,81,Engagement-inferred
U1244,INT02,76,Lookalike model
U1244,INT38,73,Engagement-inferred
U1244,INT06,71,Declared
U1244,INT13,71,Declared
U1244,INT35,70,Lookalike model
U1244,INT16,68,Engagement-inferred
U1244,INT44,67,Declared
U1244,INT21,65,Engagement-inferred
U1244,INT18,61,Declared
U1244,INT19,57,Engagement-inferred
U1245,INT16,72,Engagement-inferred
U1245,INT36,68,Engagement-inferred
U1245,INT17,63,Declared
U1245,INT28,60,Lookalike model
U1245,INT26,59,Declared
U1245,INT46,59,Declared
U1245,INT30,58,Engagement-inferred
U1245,INT10,56,Engagement-inferred
U1245,INT27,56,Engagement-inferred
U1245,INT11,55,Declared
U1245,INT29,54,Engagement-inferred
U1245,INT39,52,Engagement-inferred
U1245,INT32,52,Declared
U1245,INT37,52,Engagement-inferred
U1246,INT33,97,Engagement-inferred
U1246,INT16,97,Engagement-inferred
U1246,INT24,95,Engagement-inferred
U1246,INT23,94,Lookalike model
U1246,INT26,89,Declared
U1246,INT05,86,Engagement-inferred
U1246,INT22,85,Declared
U1246,INT27,84,Engagement-inferred
U1246,INT17,84,Engagement-inferred
U1246,INT40,83,Declared
U1246,INT29,79,Engagement-inferred
U1246,INT28,78,Engagement-inferred
U1246,INT45,76,Engagement-inferred
U1246,INT04,76,Engagement-inferred
U1247,INT33,98,Engagement-inferred
U1247,INT38,82,Lookalike model
U1247,INT25,74,Lookalike model
U1247,INT47,72,Declared
U1247,INT09,71,Lookalike model
U1247,INT07,68,Engagement-inferred
U1247,INT03,66,Engagement-inferred
U1247,INT04,65,Lookalike model
U1247,INT08,64,Engagement-inferred
U1247,INT05,63,Declared
U1247,INT34,63,Engagement-inferred
U1247,INT35,61,Engagement-inferred
U1247,INT43,59,Lookalike model
U1247,INT14,55,Declared
U1248,INT26,83,Engagement-inferred
U1248,INT03,80,Engagement-inferred
U1248,INT11,79,Lookalike model
U1248,INT14,78,Declared
U1248,INT04,74,Lookalike model
U1248,INT07,74,Lookalike model
U1248,INT08,72,Declared
U1248,INT47,71,Engagement-inferred
U1248,INT05,70,Engagement-inferred
U1248,INT46,68,Engagement-inferred
U1248,INT16,68,Engagement-inferred
U1248,INT27,66,Declared
U1248,INT43,66,Engagement-inferred
U1248,INT17,66,Lookalike model
U1249,INT22,87,Engagement-inferred
U1249,INT07,84,Engagement-inferred
U1249,INT01,81,Engagement-inferred
U1249,INT08,80,Engagement-inferred
U1249,INT24,80,Lookalike model
U1249,INT19,79,Engagement-inferred
U1249,INT23,77,Engagement-inferred
U1249,INT16,75,Lookalike model
U1249,INT11,74,Lookalike model
U1249,INT20,73,Engagement-inferred
U1249,INT02,71,Lookalike model
U1249,INT38,70,Engagement-inferred
U1249,INT33,69,Engagement-inferred
U1249,INT47,69,Engagement-inferred
U1250,INT10,90,Engagement-inferred
U1250,INT44,90,Engagement-inferred
U1250,INT03,85,Engagement-inferred
U1250,INT04,82,Engagement-inferred
U1250,INT16,75,Declared
U1250,INT05,74,Engagement-inferred
U1250,INT17,72,Engagement-inferred
U1250,INT43,72,Engagement-inferred
U1250,INT33,71,Engagement-inferred
U1250,INT01,69,Engagement-inferred
U1250,INT24,66,Engagement-inferred
U1250,INT22,66,Engagement-inferred
U1250,INT40,64,Engagement-inferred
U1250,INT07,63,Declared
U1251,INT14,96,Engagement-inferred
U1251,INT26,95,Engagement-inferred
U1251,INT22,90,Engagement-inferred
U1251,INT34,88,Lookalike model
U1251,INT33,86,Lookalike model
U1251,INT27,85,Lookalike model
U1251,INT29,84,Engagement-inferred
U1251,INT44,82,Engagement-inferred
U1251,INT23,81,Declared
U1251,INT11,80,Engagement-inferred
U1251,INT24,79,Engagement-inferred
U1251,INT41,79,Engagement-inferred
U1251,INT28,78,Declared
U1251,INT31,77,Engagement-inferred
U1252,INT26,100,Engagement-inferred
U1252,INT30,87,Lookalike model
U1252,INT36,85,Lookalike model
U1252,INT31,84,Engagement-inferred
U1252,INT28,79,Engagement-inferred
U1252,INT27,75,Engagement-inferred
U1252,INT29,74,Declared
U1252,INT40,71,Engagement-inferred
U1252,INT03,71,Lookalike model
U1252,INT33,67,Engagement-inferred
U1252,INT37,67,Declared
U1252,INT32,67,Engagement-inferred
U1252,INT04,66,Engagement-inferred
U1252,INT41,64,Lookalike model
U1253,INT07,100,Declared
U1253,INT08,91,Lookalike model
U1253,INT40,78,Lookalike model
U1253,INT09,75,Engagement-inferred
U1253,INT42,69,Lookalike model
U1253,INT28,69,Engagement-inferred
U1253,INT22,69,Engagement-inferred
U1253,INT24,64,Engagement-inferred
U1253,INT31,64,Lookalike model
U1253,INT05,62,Engagement-inferred
U1253,INT26,61,Engagement-inferred
U1253,INT38,61,Engagement-inferred
U1253,INT19,61,Engagement-inferred
U1253,INT49,61,Engagement-inferred
U1254,INT11,88,Lookalike model
U1254,INT33,77,Engagement-inferred
U1254,INT14,62,Engagement-inferred
U1254,INT34,59,Engagement-inferred
U1254,INT35,56,Engagement-inferred
U1254,INT36,55,Declared
U1254,INT05,53,Declared
U1254,INT03,52,Lookalike model
U1254,INT47,51,Lookalike model
U1254,INT32,50,Lookalike model
U1254,INT04,49,Engagement-inferred
U1254,INT38,48,Engagement-inferred
U1254,INT07,46,Engagement-inferred
U1254,INT09,46,Engagement-inferred
U1255,INT48,87,Declared
U1255,INT50,79,Engagement-inferred
U1255,INT49,79,Engagement-inferred
U1255,INT33,76,Engagement-inferred
U1255,INT44,75,Engagement-inferred
U1255,INT38,73,Engagement-inferred
U1255,INT09,73,Engagement-inferred
U1255,INT19,72,Engagement-inferred
U1255,INT07,71,Lookalike model
U1255,INT34,70,Declared
U1255,INT08,68,Engagement-inferred
U1255,INT35,66,Declared
U1255,INT47,64,Declared
U1255,INT10,63,Engagement-inferred
U1256,INT03,81,Engagement-inferred
U1256,INT01,75,Lookalike model
U1256,INT05,75,Lookalike model
U1256,INT04,73,Engagement-inferred
U1256,INT33,70,Declared
U1256,INT47,65,Engagement-inferred
U1256,INT11,63,Engagement-inferred
U1256,INT40,62,Engagement-inferred
U1256,INT36,59,Engagement-inferred
U1256,INT06,58,Engagement-inferred
U1256,INT02,56,Engagement-inferred
U1256,INT10,56,Engagement-inferred
U1256,INT42,55,Engagement-inferred
U1256,INT35,53,Engagement-inferred
U1257,INT02,69,Lookalike model
U1257,INT26,68,Engagement-inferred
U1257,INT28,66,Declared
U1257,INT44,65,Lookalike model
U1257,INT06,64,Engagement-inferred
U1257,INT10,64,Engagement-inferred
U1257,INT01,63,Engagement-inferred
U1257,INT40,60,Engagement-inferred
U1257,INT27,60,Engagement-inferred
U1257,INT30,57,Engagement-inferred
U1257,INT29,52,Declared
U1257,INT45,51,Lookalike model
U1257,INT14,51,Declared
U1257,INT32,50,Engagement-inferred
U1258,INT01,91,Declared
U1258,INT06,86,Engagement-inferred
U1258,INT11,85,Engagement-inferred
U1258,INT19,85,Engagement-inferred
U1258,INT22,84,Engagement-inferred
U1258,INT02,84,Engagement-inferred
U1258,INT21,81,Lookalike model
U1258,INT14,79,Engagement-inferred
U1258,INT24,78,Declared
U1258,INT18,76,Declared
U1258,INT23,75,Engagement-inferred
U1258,INT15,72,Lookalike model
U1258,INT20,66,Lookalike model
U1258,INT04,66,Engagement-inferred
U1259,INT26,97,Engagement-inferred
U1259,INT28,93,Lookalike model
U1259,INT30,86,Engagement-inferred
U1259,INT14,83,Lookalike model
U1259,INT27,82,Declared
U1259,INT11,81,Lookalike model
U1259,INT29,79,Declared
U1259,INT22,72,Engagement-inferred
U1259,INT19,69,Engagement-inferred
U1259,INT21,68,Engagement-inferred
U1259,INT20,67,Declared
U1259,INT23,67,Lookalike model
U1259,INT32,66,Lookalike model
U1259,INT24,64,Engagement-inferred
U1260,INT22,88,Declared
U1260,INT48,86,Engagement-inferred
U1260,INT16,85,Engagement-inferred
U1260,INT33,82,Engagement-inferred
U1260,INT24,79,Declared
U1260,INT19,77,Lookalike model
U1260,INT17,74,Engagement-inferred
U1260,INT49,73,Engagement-inferred
U1260,INT18,73,Engagement-inferred
U1260,INT35,72,Engagement-inferred
U1260,INT25,71,Engagement-inferred
U1260,INT23,70,Engagement-inferred
U1260,INT11,68,Lookalike model
U1260,INT12,67,Engagement-inferred
U1261,INT01,88,Engagement-inferred
U1261,INT11,84,Declared
U1261,INT14,79,Engagement-inferred
U1261,INT06,79,Declared
U1261,INT38,71,Declared
U1261,INT07,70,Declared
U1261,INT36,69,Engagement-inferred
U1261,INT39,68,Engagement-inferred
U1261,INT26,67,Engagement-inferred
U1261,INT28,66,Engagement-inferred
U1261,INT03,65,Engagement-inferred
U1261,INT30,65,Declared
U1261,INT41,65,Engagement-inferred
U1261,INT47,64,Engagement-inferred
U1262,INT26,100,Engagement-inferred
U1262,INT40,88,Engagement-inferred
U1262,INT27,86,Declared
U1262,INT01,85,Declared
U1262,INT02,83,Lookalike model
U1262,INT42,83,Lookalike model
U1262,INT29,80,Engagement-inferred
U1262,INT33,78,Lookalike model
U1262,INT28,76,Engagement-inferred
U1262,INT24,71,Engagement-inferred
U1262,INT30,70,Engagement-inferred
U1262,INT49,70,Engagement-inferred
U1262,INT32,69,Engagement-inferred
U1262,INT11,68,Declared
U1263,INT26,91,Engagement-inferred
U1263,INT49,80,Engagement-inferred
U1263,INT33,80,Declared
U1263,INT29,76,Engagement-inferred
U1263,INT20,76,Engagement-inferred
U1263,INT01,74,Engagement-inferred
U1263,INT28,72,Engagement-inferred
U1263,INT10,71,Engagement-inferred
U1263,INT44,70,Engagement-inferred
U1263,INT19,69,Engagement-inferred
U1263,INT24,69,Lookalike model
U1263,INT02,68,Lookalike model
U1263,INT38,67,Declared
U1263,INT18,65,Engagement-inferred
U1264,INT36,98,Engagement-inferred
U1264,INT47,95,Engagement-inferred
U1264,INT28,83,Engagement-inferred
U1264,INT33,81,Engagement-inferred
U1264,INT37,79,Declared
U1264,INT40,79,Engagement-inferred
U1264,INT26,77,Engagement-inferred
U1264,INT32,76,Engagement-inferred
U1264,INT38,76,Engagement-inferred
U1264,INT07,74,Engagement-inferred
U1264,INT30,69,Engagement-inferred
U1264,INT34,69,Engagement-inferred
U1264,INT29,69,Engagement-inferred
U1264,INT39,67,Engagement-inferred
U1265,INT49,94,Engagement-inferred
U1265,INT07,91,Engagement-inferred
U1265,INT48,91,Engagement-inferred
U1265,INT50,87,Declared
U1265,INT26,83,Declared
U1265,INT28,73,Engagement-inferred
U1265,INT27,71,Declared
U1265,INT35,70,Declared
U1265,INT40,69,Declared
U1265,INT31,68,Lookalike model
U1265,INT09,67,Engagement-inferred
U1265,INT33,66,Engagement-inferred
U1265,INT32,66,Engagement-inferred
U1265,INT29,64,Engagement-inferred
U1266,INT11,94,Engagement-inferred
U1266,INT49,86,Engagement-inferred
U1266,INT48,82,Engagement-inferred
U1266,INT44,81,Engagement-inferred
U1266,INT14,80,Declared
U1266,INT26,77,Engagement-inferred
U1266,INT43,71,Lookalike model
U1266,INT47,68,Lookalike model
U1266,INT07,67,Declared
U1266,INT18,67,Lookalike model
U1266,INT50,66,Lookalike model
U1266,INT03,64,Engagement-inferred
U1266,INT05,61,Declared
U1266,INT29,59,Engagement-inferred
U1267,INT33,94,Declared
U1267,INT44,92,Lookalike model
U1267,INT47,91,Declared
U1267,INT04,88,Engagement-inferred
U1267,INT38,87,Lookalike model
U1267,INT03,85,Lookalike model
U1267,INT05,85,Engagement-inferred
U1267,INT11,85,Lookalike model
U1267,INT34,78,Engagement-inferred
U1267,INT35,70,Engagement-inferred
U1267,INT43,70,Engagement-inferred
U1267,INT14,70,Engagement-inferred
U1267,INT25,58,Declared
U1267,INT16,56,Lookalike model
U1268,INT26,91,Engagement-inferred
U1268,INT49,89,Engagement-inferred
U1268,INT27,88,Declared
U1268,INT48,78,Engagement-inferred
U1268,INT10,78,Engagement-inferred
U1268,INT19,75,Engagement-inferred
U1268,INT29,74,Engagement-inferred
U1268,INT18,72,Engagement-inferred
U1268,INT50,71,Engagement-inferred
U1268,INT28,70,Engagement-inferred
U1268,INT31,69,Engagement-inferred
U1268,INT20,69,Engagement-inferred
U1268,INT01,68,Engagement-inferred
U1268,INT21,67,Lookalike model
U1269,INT47,86,Declared
U1269,INT14,85,Engagement-inferred
U1269,INT11,84,Lookalike model
U1269,INT07,79,Engagement-inferred
U1269,INT25,72,Declared
U1269,INT38,70,Engagement-inferred
U1269,INT40,67,Engagement-inferred
U1269,INT39,67,Declared
U1269,INT03,65,Engagement-inferred
U1269,INT49,65,Engagement-inferred
U1269,INT36,64,Engagement-inferred
U1269,INT41,62,Lookalike model
U1269,INT37,60,Engagement-inferred
U1269,INT48,58,Lookalike model
U1270,INT24,94,Engagement-inferred
U1270,INT22,91,Engagement-inferred
U1270,INT26,76,Engagement-inferred
U1270,INT23,75,Engagement-inferred
U1270,INT15,69,Declared
U1270,INT27,69,Engagement-inferred
U1270,INT07,67,Engagement-inferred
U1270,INT11,66,Lookalike model
U1270,INT14,65,Engagement-inferred
U1270,INT28,64,Engagement-inferred
U1270,INT47,64,Lookalike model
U1270,INT29,63,Lookalike model
U1270,INT40,62,Engagement-inferred
U1270,INT44,61,Engagement-inferred
U1271,INT26,91,Engagement-inferred
U1271,INT29,86,Declared
U1271,INT01,86,Lookalike model
U1271,INT32,83,Engagement-inferred
U1271,INT33,83,Engagement-inferred
U1271,INT28,79,Lookalike model
U1271,INT02,79,Lookalike model
U1271,INT27,79,Engagement-inferred
U1271,INT30,76,Declared
U1271,INT22,75,Engagement-inferred
U1271,INT06,73,Declared
U1271,INT41,69,Declared
U1271,INT24,67,Engagement-inferred
U1271,INT47,66,Engagement-inferred
U1272,INT44,90,Engagement-inferred
U1272,INT43,85,Engagement-inferred
U1272,INT10,82,Declared
U1272,INT26,76,Declared
U1272,INT01,74,Declared
U1272,INT40,73,Declared
U1272,INT11,68,Engagement-inferred
U1272,INT30,67,Engagement-inferred
U1272,INT23,67,Lookalike model
U1272,INT46,67,Engagement-inferred
U1272,INT06,67,Engagement-inferred
U1272,INT29,67,Lookalike model
U1272,INT42,63,Engagement-inferred
U1272,INT16,63,Engagement-inferred
U1273,INT07,100,Engagement-inferred
U1273,INT08,97,Declared
U1273,INT26,91,Engagement-inferred
U1273,INT32,86,Engagement-inferred
U1273,INT09,81,Declared
U1273,INT28,81,Declared
U1273,INT30,80,Engagement-inferred
U1273,INT29,80,Engagement-inferred
U1273,INT27,75,Lookalike model
U1273,INT33,72,Lookalike model
U1273,INT31,65,Engagement-inferred
U1273,INT03,64,Engagement-inferred
U1273,INT04,62,Lookalike model
U1273,INT22,60,Engagement-inferred
U1274,INT47,92,Engagement-inferred
U1274,INT38,85,Engagement-inferred
U1274,INT33,84,Engagement-inferred
U1274,INT36,83,Engagement-inferred
U1274,INT44,82,Engagement-inferred
U1274,INT26,80,Engagement-inferred
U1274,INT10,79,Engagement-inferred
U1274,INT42,78,Lookalike model
U1274,INT40,78,Engagement-inferred
U1274,INT29,69,Engagement-inferred
U1274,INT03,69,Engagement-inferred
U1274,INT05,68,Declared
U1274,INT27,68,Engagement-inferred
U1274,INT30,66,Declared
U1275,INT26,84,Engagement-inferred
U1275,INT27,82,Engagement-inferred
U1275,INT38,82,Engagement-inferred
U1275,INT07,77,Engagement-inferred
U1275,INT47,74,Engagement-inferred
U1275,INT18,73,Lookalike model
U1275,INT32,72,Lookalike model
U1275,INT20,72,Engagement-inferred
U1275,INT19,71,Lookalike model
U1275,INT25,70,Engagement-inferred
U1275,INT30,69,Engagement-inferred
U1275,INT33,69,Engagement-inferred
U1275,INT28,65,Engagement-inferred
U1275,INT48,65,Declared
U1276,INT26,90,Lookalike model
U1276,INT03,89,Declared
U1276,INT33,87,Declared
U1276,INT27,86,Engagement-inferred
U1276,INT32,82,Engagement-inferred
U1276,INT04,82,Engagement-inferred
U1276,INT35,81,Lookalike model
U1276,INT05,79,Engagement-inferred
U1276,INT47,78,Lookalike model
U1276,INT28,77,Lookalike model
U1276,INT34,74,Engagement-inferred
U1276,INT38,70,Declared
U1276,INT49,67,Engagement-inferred
U1276,INT48,66,Engagement-inferred
U1277,INT11,100,Engagement-inferred
U1277,INT33,88,Engagement-inferred
U1277,INT26,82,Engagement-inferred
U1277,INT14,79,Declared
U1277,INT07,77,Engagement-inferred
U1277,INT28,76,Engagement-inferred
U1277,INT27,74,Engagement-inferred
U1277,INT29,74,Lookalike model
U1277,INT32,70,Engagement-inferred
U1277,INT10,69,Declared
U1277,INT30,69,Declared
U1277,INT05,65,Engagement-inferred
U1277,INT09,63,Engagement-inferred
U1277,INT49,62,Engagement-inferred
U1278,INT26,100,Engagement-inferred
U1278,INT44,94,Engagement-inferred
U1278,INT27,87,Engagement-inferred
U1278,INT43,82,Engagement-inferred
U1278,INT28,81,Engagement-inferred
U1278,INT36,79,Lookalike model
U1278,INT32,75,Lookalike model
U1278,INT07,73,Engagement-inferred
U1278,INT30,71,Lookalike model
U1278,INT31,71,Engagement-inferred
U1278,INT19,70,Lookalike model
U1278,INT49,68,Engagement-inferred
U1278,INT25,67,Engagement-inferred
U1278,INT48,67,Engagement-inferred
U1279,INT40,100,Lookalike model
U1279,INT41,93,Engagement-inferred
U1279,INT33,87,Engagement-inferred
U1279,INT42,78,Engagement-inferred
U1279,INT34,74,Engagement-inferred
U1279,INT03,74,Engagement-inferred
U1279,INT38,73,Engagement-inferred
U1279,INT04,70,Engagement-inferred
U1279,INT05,67,Engagement-inferred
U1279,INT25,66,Engagement-inferred
U1279,INT35,64,Engagement-inferred
U1279,INT11,63,Lookalike model
U1279,INT47,63,Lookalike model
U1279,INT14,60,Engagement-inferred
U1280,INT33,92,Engagement-inferred
U1280,INT14,77,Lookalike model
U1280,INT19,72,Declared
U1280,INT35,72,Engagement-inferred
U1280,INT11,71,Lookalike model
U1280,INT34,70,Engagement-inferred
U1280,INT40,67,Lookalike model
U1280,INT18,66,Engagement-inferred
U1280,INT20,64,Lookalike model
U1280,INT41,59,Engagement-inferred
U1280,INT42,59,Engagement-inferred
U1280,INT26,58,Lookalike model
U1280,INT38,56,Engagement-inferred
U1280,INT47,55,Declared
U1281,INT07,90,Engagement-inferred
U1281,INT11,87,Engagement-inferred
U1281,INT04,77,Engagement-inferred
U1281,INT08,76,Engagement-inferred
U1281,INT26,76,Declared
U1281,INT50,75,Engagement-inferred
U1281,INT14,74,Engagement-inferred
U1281,INT19,73,Declared
U1281,INT03,72,Engagement-inferred
U1281,INT44,70,Engagement-inferred
U1281,INT09,68,Declared
U1281,INT33,68,Lookalike model
U1281,INT49,68,Lookalike model
U1281,INT48,68,Engagement-inferred
U1282,INT14,72,Engagement-inferred
U1282,INT31,71,Engagement-inferred
U1282,INT26,71,Engagement-inferred
U1282,INT28,71,Lookalike model
U1282,INT24,70,Engagement-inferred
U1282,INT03,70,Lookalike model
U1282,INT11,69,Engagement-inferred
U1282,INT23,68,Lookalike model
U1282,INT22,64,Engagement-inferred
U1282,INT04,63,Lookalike model
U1282,INT25,61,Engagement-inferred
U1282,INT29,61,Engagement-inferred
U1282,INT10,58,Engagement-inferred
U1282,INT27,58,Declared
U1283,INT07,91,Declared
U1283,INT11,84,Lookalike model
U1283,INT33,84,Engagement-inferred
U1283,INT14,82,Engagement-inferred
U1283,INT43,79,Engagement-inferred
U1283,INT03,79,Engagement-inferred
U1283,INT44,76,Engagement-inferred
U1283,INT10,75,Engagement-inferred
U1283,INT04,72,Engagement-inferred
U1283,INT34,67,Lookalike model
U1283,INT08,67,Engagement-inferred
U1283,INT27,66,Declared
U1283,INT42,66,Lookalike model
U1283,INT09,65,Engagement-inferred
U1284,INT01,100,Lookalike model
U1284,INT07,92,Engagement-inferred
U1284,INT08,86,Engagement-inferred
U1284,INT06,83,Engagement-inferred
U1284,INT02,82,Engagement-inferred
U1284,INT09,82,Declared
U1284,INT10,81,Declared
U1284,INT14,80,Engagement-inferred
U1284,INT11,76,Engagement-inferred
U1284,INT47,68,Engagement-inferred
U1284,INT44,66,Engagement-inferred
U1284,INT16,56,Engagement-inferred
U1284,INT38,53,Engagement-inferred
U1284,INT23,52,Engagement-inferred
U1285,INT43,90,Lookalike model
U1285,INT10,89,Engagement-inferred
U1285,INT44,85,Engagement-inferred
U1285,INT26,78,Engagement-inferred
U1285,INT32,75,Engagement-inferred
U1285,INT14,68,Engagement-inferred
U1285,INT27,65,Engagement-inferred
U1285,INT28,61,Engagement-inferred
U1285,INT11,61,Engagement-inferred
U1285,INT31,61,Declared
U1285,INT33,60,Lookalike model
U1285,INT29,59,Engagement-inferred
U1285,INT30,58,Lookalike model
U1285,INT46,57,Engagement-inferred
U1286,INT27,86,Lookalike model
U1286,INT16,83,Lookalike model
U1286,INT26,79,Engagement-inferred
U1286,INT02,77,Lookalike model
U1286,INT12,76,Lookalike model
U1286,INT17,76,Declared
U1286,INT38,74,Lookalike model
U1286,INT29,72,Declared
U1286,INT10,70,Engagement-inferred
U1286,INT44,69,Lookalike model
U1286,INT47,69,Engagement-inferred
U1286,INT01,69,Declared
U1286,INT32,67,Engagement-inferred
U1286,INT11,67,Declared
U1287,INT26,86,Engagement-inferred
U1287,INT44,79,Engagement-inferred
U1287,INT42,77,Declared
U1287,INT50,77,Lookalike model
U1287,INT47,77,Engagement-inferred
U1287,INT10,77,Declared
U1287,INT16,74,Engagement-inferred
U1287,INT17,72,Engagement-inferred
U1287,INT48,72,Declared
U1287,INT22,71,Lookalike model
U1287,INT40,70,Lookalike model
U1287,INT41,69,Engagement-inferred
U1287,INT49,69,Lookalike model
U1287,INT38,68,Engagement-inferred
U1288,INT03,88,Declared
U1288,INT25,81,Engagement-inferred
U1288,INT04,80,Engagement-inferred
U1288,INT05,80,Declared
U1288,INT11,77,Engagement-inferred
U1288,INT14,76,Lookalike model
U1288,INT40,74,Declared
U1288,INT47,69,Engagement-inferred
U1288,INT36,68,Engagement-inferred
U1288,INT26,65,Engagement-inferred
U1288,INT42,63,Lookalike model
U1288,INT34,60,Engagement-inferred
U1288,INT41,59,Engagement-inferred
U1288,INT33,58,Engagement-inferred
U1289,INT19,100,Engagement-inferred
U1289,INT18,95,Engagement-inferred
U1289,INT27,92,Engagement-inferred
U1289,INT43,86,Declared
U1289,INT26,85,Engagement-inferred
U1289,INT33,85,Engagement-inferred
U1289,INT44,83,Declared
U1289,INT35,82,Engagement-inferred
U1289,INT21,82,Declared
U1289,INT20,76,Engagement-inferred
U1289,INT34,74,Engagement-inferred
U1289,INT28,73,Engagement-inferred
U1289,INT11,73,Engagement-inferred
U1289,INT30,72,Lookalike model
U1290,INT05,81,Engagement-inferred
U1290,INT37,81,Lookalike model
U1290,INT03,78,Engagement-inferred
U1290,INT36,77,Engagement-inferred
U1290,INT11,75,Engagement-inferred
U1290,INT44,74,Lookalike model
U1290,INT01,68,Lookalike model
U1290,INT26,68,Declared
U1290,INT04,66,Declared
U1290,INT33,64,Engagement-inferred
U1290,INT10,63,Engagement-inferred
U1290,INT46,63,Declared
U1290,INT47,63,Engagement-inferred
U1290,INT35,61,Engagement-inferred
U1291,INT07,77,Declared
U1291,INT08,77,Lookalike model
U1291,INT09,75,Engagement-inferred
U1291,INT46,74,Engagement-inferred
U1291,INT18,67,Lookalike model
U1291,INT44,63,Engagement-inferred
U1291,INT21,59,Engagement-inferred
U1291,INT03,59,Engagement-inferred
U1291,INT43,59,Engagement-inferred
U1291,INT29,58,Engagement-inferred
U1291,INT30,56,Engagement-inferred
U1291,INT26,56,Engagement-inferred
U1291,INT27,55,Engagement-inferred
U1291,INT13,53,Lookalike model
U1292,INT22,92,Engagement-inferred
U1292,INT24,85,Engagement-inferred
U1292,INT07,80,Declared
U1292,INT38,78,Engagement-inferred
U1292,INT08,77,Engagement-inferred
U1292,INT15,76,Engagement-inferred
U1292,INT47,75,Lookalike model
U1292,INT48,75,Engagement-inferred
U1292,INT23,75,Engagement-inferred
U1292,INT49,69,Lookalike model
U1292,INT11,66,Declared
U1292,INT28,65,Lookalike model
U1292,INT26,64,Engagement-inferred
U1292,INT46,63,Declared
U1293,INT03,79,Engagement-inferred
U1293,INT27,79,Lookalike model
U1293,INT26,78,Declared
U1293,INT49,70,Engagement-inferred
U1293,INT04,69,Lookalike model
U1293,INT40,68,Lookalike model
U1293,INT31,68,Engagement-inferred
U1293,INT25,67,Engagement-inferred
U1293,INT30,66,Declared
U1293,INT28,66,Engagement-inferred
U1293,INT29,62,Engagement-inferred
U1293,INT10,62,Engagement-inferred
U1293,INT05,61,Engagement-inferred
U1293,INT33,60,Engagement-inferred
U1294,INT26,85,Engagement-inferred
U1294,INT28,83,Engagement-inferred
U1294,INT21,81,Lookalike model
U1294,INT19,79,Engagement-inferred
U1294,INT04,78,Engagement-inferred
U1294,INT20,77,Lookalike model
U1294,INT18,77,Engagement-inferred
U1294,INT03,74,Engagement-inferred
U1294,INT44,74,Lookalike model
U1294,INT32,67,Engagement-inferred
U1294,INT05,66,Declared
U1294,INT31,63,Engagement-inferred
U1294,INT34,62,Engagement-inferred
U1294,INT29,62,Engagement-inferred
U1295,INT44,94,Engagement-inferred
U1295,INT26,91,Engagement-inferred
U1295,INT49,78,Engagement-inferred
U1295,INT43,74,Declared
U1295,INT27,73,Engagement-inferred
U1295,INT50,72,Lookalike model
U1295,INT30,69,Engagement-inferred
U1295,INT29,68,Lookalike model
U1295,INT28,66,Engagement-inferred
U1295,INT31,65,Engagement-inferred
U1295,INT33,65,Lookalike model
U1295,INT48,64,Engagement-inferred
U1295,INT32,63,Engagement-inferred
U1295,INT24,62,Engagement-inferred
U1296,INT43,96,Engagement-inferred
U1296,INT44,83,Declared
U1296,INT16,75,Engagement-inferred
U1296,INT47,69,Declared
U1296,INT17,68,Lookalike model
U1296,INT46,66,Declared
U1296,INT11,61,Engagement-inferred
U1296,INT12,60,Engagement-inferred
U1296,INT38,53,Lookalike model
U1296,INT19,52,Engagement-inferred
U1296,INT24,51,Declared
U1296,INT14,49,Lookalike model
U1296,INT21,48,Declared
U1296,INT33,48,Engagement-inferred
U1297,INT19,87,Lookalike model
U1297,INT36,87,Declared
U1297,INT40,85,Engagement-inferred
U1297,INT20,77,Engagement-inferred
U1297,INT37,74,Engagement-inferred
U1297,INT18,71,Engagement-inferred
U1297,INT41,67,Engagement-inferred
U1297,INT03,67,Lookalike model
U1297,INT42,66,Engagement-inferred
U1297,INT07,65,Declared
U1297,INT39,63,Declared
U1297,INT10,62,Engagement-inferred
U1297,INT09,61,Declared
U1297,INT33,61,Engagement-inferred
U1298,INT07,100,Lookalike model
U1298,INT08,94,Engagement-inferred
U1298,INT09,84,Engagement-inferred
U1298,INT11,77,Engagement-inferred
U1298,INT04,75,Declared
U1298,INT25,70,Engagement-inferred
U1298,INT35,66,Lookalike model
U1298,INT24,66,Engagement-inferred
U1298,INT16,64,Engagement-inferred
U1298,INT03,64,Engagement-inferred
U1298,INT40,63,Engagement-inferred
U1298,INT33,62,Engagement-inferred
U1298,INT22,59,Engagement-inferred
U1298,INT34,58,Declared
U1299,INT10,91,Lookalike model
U1299,INT33,89,Declared
U1299,INT34,87,Engagement-inferred
U1299,INT04,81,Engagement-inferred
U1299,INT05,76,Lookalike model
U1299,INT19,72,Engagement-inferred
U1299,INT16,72,Engagement-inferred
U1299,INT14,71,Declared
U1299,INT26,68,Lookalike model
U1299,INT17,68,Engagement-inferred
U1299,INT03,68,Declared
U1299,INT11,66,Engagement-inferred
U1299,INT35,65,Engagement-inferred
U1299,INT20,60,Lookalike model
U1300,INT48,100,Declared
U1300,INT10,88,Engagement-inferred
U1300,INT22,83,Declared
U1300,INT33,83,Engagement-inferred
U1300,INT14,82,Engagement-inferred
U1300,INT49,82,Engagement-inferred
U1300,INT50,80,Lookalike model
U1300,INT03,80,Engagement-inferred
U1300,INT24,77,Engagement-inferred
U1300,INT05,75,Engagement-inferred
U1300,INT11,75,Engagement-inferred
U1300,INT04,72,Lookalike model
U1300,INT34,70,Engagement-inferred
U1300,INT12,68,Lookalike model
U1301,INT07,86,Engagement-inferred
U1301,INT49,84,Declared
U1301,INT25,77,Lookalike model
U1301,INT10,75,Lookalike model
U1301,INT50,75,Lookalike model
U1301,INT08,75,Engagement-inferred
U1301,INT01,74,Engagement-inferred
U1301,INT02,71,Engagement-inferred
U1301,INT17,70,Engagement-inferred
U1301,INT09,70,Engagement-inferred
U1301,INT16,68,Lookalike model
U1301,INT06,67,Declared
U1301,INT46,66,Engagement-inferred
U1301,INT13,64,Lookalike model
U1302,INT30,93,Engagement-inferred
U1302,INT26,91,Declared
U1302,INT27,86,Engagement-inferred
U1302,INT28,85,Engagement-inferred
U1302,INT31,82,Engagement-inferred
U1302,INT22,81,Engagement-inferred
U1302,INT11,80,Engagement-inferred
U1302,INT29,78,Engagement-inferred
U1302,INT44,78,Engagement-inferred
U1302,INT32,76,Engagement-inferred
U1302,INT25,75,Declared
U1302,INT14,71,Engagement-inferred
U1302,INT24,71,Engagement-inferred
U1302,INT43,68,Engagement-inferred
U1303,INT47,93,Engagement-inferred
U1303,INT26,90,Engagement-inferred
U1303,INT44,86,Engagement-inferred
U1303,INT11,83,Engagement-inferred
U1303,INT40,81,Engagement-inferred
U1303,INT07,74,Engagement-inferred
U1303,INT38,73,Engagement-inferred
U1303,INT14,72,Declared
U1303,INT10,72,Engagement-inferred
U1303,INT28,71,Engagement-inferred
U1303,INT29,70,Engagement-inferred
U1303,INT30,69,Engagement-inferred
U1303,INT27,68,Engagement-inferred
U1303,INT43,68,Engagement-inferred
U1304,INT38,89,Engagement-inferred
U1304,INT25,84,Engagement-inferred
U1304,INT47,82,Engagement-inferred
U1304,INT18,79,Engagement-inferred
U1304,INT33,79,Declared
U1304,INT49,78,Lookalike model
U1304,INT44,75,Engagement-inferred
U1304,INT48,75,Engagement-inferred
U1304,INT43,73,Engagement-inferred
U1304,INT22,72,Lookalike model
U1304,INT23,70,Engagement-inferred
U1304,INT24,69,Lookalike model
U1304,INT26,69,Engagement-inferred
U1304,INT50,69,Engagement-inferred
U1305,INT42,91,Engagement-inferred
U1305,INT26,85,Engagement-inferred
U1305,INT27,82,Declared
U1305,INT19,81,Declared
U1305,INT30,77,Engagement-inferred
U1305,INT18,76,Engagement-inferred
U1305,INT44,73,Engagement-inferred
U1305,INT40,73,Declared
U1305,INT21,70,Engagement-inferred
U1305,INT41,67,Engagement-inferred
U1305,INT28,65,Engagement-inferred
U1305,INT36,64,Declared
U1305,INT20,64,Engagement-inferred
U1305,INT37,64,Engagement-inferred
U1306,INT03,95,Declared
U1306,INT18,94,Lookalike model
U1306,INT33,93,Engagement-inferred
U1306,INT34,87,Lookalike model
U1306,INT35,84,Engagement-inferred
U1306,INT04,83,Lookalike model
U1306,INT07,81,Engagement-inferred
U1306,INT42,81,Lookalike model
U1306,INT19,78,Engagement-inferred
U1306,INT40,77,Engagement-inferred
U1306,INT21,75,Engagement-inferred
U1306,INT05,75,Declared
U1306,INT10,74,Declared
U1306,INT08,71,Engagement-inferred
U1307,INT47,97,Engagement-inferred
U1307,INT08,86,Lookalike model
U1307,INT07,83,Engagement-inferred
U1307,INT03,80,Engagement-inferred
U1307,INT38,80,Lookalike model
U1307,INT44,80,Declared
U1307,INT04,77,Engagement-inferred
U1307,INT05,76,Engagement-inferred
U1307,INT11,75,Lookalike model
U1307,INT46,71,Engagement-inferred
U1307,INT09,71,Engagement-inferred
U1307,INT43,66,Engagement-inferred
U1307,INT14,61,Engagement-inferred
U1307,INT10,59,Engagement-inferred
U1308,INT10,89,Engagement-inferred
U1308,INT22,88,Lookalike model
U1308,INT47,87,Engagement-inferred
U1308,INT03,86,Lookalike model
U1308,INT23,86,Engagement-inferred
U1308,INT34,85,Engagement-inferred
U1308,INT33,85,Engagement-inferred
U1308,INT05,83,Lookalike model
U1308,INT27,83,Declared
U1308,INT49,81,Declared
U1308,INT24,80,Engagement-inferred
U1308,INT04,79,Lookalike model
U1308,INT38,78,Engagement-inferred
U1308,INT26,78,Declared
U1309,INT03,90,Lookalike model
U1309,INT26,88,Lookalike model
U1309,INT27,87,Declared
U1309,INT44,81,Declared
U1309,INT04,76,Lookalike model
U1309,INT49,76,Declared
U1309,INT47,75,Declared
U1309,INT22,74,Lookalike model
U1309,INT28,74,Declared
U1309,INT32,72,Engagement-inferred
U1309,INT16,69,Engagement-inferred
U1309,INT50,69,Declared
U1309,INT48,68,Engagement-inferred
U1309,INT24,68,Lookalike model
U1310,INT47,97,Declared
U1310,INT44,88,Engagement-inferred
U1310,INT38,83,Lookalike model
U1310,INT10,81,Engagement-inferred
U1310,INT43,77,Lookalike model
U1310,INT03,75,Lookalike model
U1310,INT33,72,Declared
U1310,INT34,66,Declared
U1310,INT41,66,Engagement-inferred
U1310,INT46,66,Lookalike model
U1310,INT30,63,Engagement-inferred
U1310,INT42,60,Lookalike model
U1310,INT04,60,Engagement-inferred
U1310,INT14,60,Declared
U1311,INT08,88,Declared
U1311,INT33,88,Declared
U1311,INT01,82,Engagement-inferred
U1311,INT02,82,Declared
U1311,INT07,81,Lookalike model
U1311,INT38,78,Declared
U1311,INT17,77,Engagement-inferred
U1311,INT16,77,Engagement-inferred
U1311,INT34,75,Engagement-inferred
U1311,INT09,72,Lookalike model
U1311,INT06,71,Engagement-inferred
U1311,INT47,65,Lookalike model
U1311,INT35,62,Engagement-inferred
U1311,INT24,58,Engagement-inferred
U1312,INT40,88,Engagement-inferred
U1312,INT24,80,Engagement-inferred
U1312,INT42,75,Lookalike model
U1312,INT10,73,Lookalike model
U1312,INT23,71,Engagement-inferred
U1312,INT33,70,Lookalike model
U1312,INT41,70,Engagement-inferred
U1312,INT34,69,Lookalike model
U1312,INT36,66,Engagement-inferred
U1312,INT35,64,Engagement-inferred
U1312,INT37,63,Lookalike model
U1312,INT43,63,Engagement-inferred
U1312,INT44,60,Lookalike model
U1312,INT15,59,Engagement-inferred
U1313,INT24,81,Declared
U1313,INT22,78,Lookalike model
U1313,INT23,73,Engagement-inferred
U1313,INT26,71,Declared
U1313,INT29,62,Declared
U1313,INT27,60,Declared
U1313,INT25,59,Engagement-inferred
U1313,INT12,58,Engagement-inferred
U1313,INT47,58,Lookalike model
U1313,INT30,57,Engagement-inferred
U1313,INT16,57,Declared
U1313,INT11,56,Engagement-inferred
U1313,INT28,55,Lookalike model
U1313,INT32,53,Engagement-inferred
U1314,INT33,80,Engagement-inferred
U1314,INT34,73,Engagement-inferred
U1314,INT22,70,Lookalike model
U1314,INT32,65,Lookalike model
U1314,INT35,64,Engagement-inferred
U1314,INT18,63,Engagement-inferred
U1314,INT26,61,Declared
U1314,INT12,59,Engagement-inferred
U1314,INT10,58,Engagement-inferred
U1314,INT28,58,Engagement-inferred
U1314,INT20,58,Lookalike model
U1314,INT03,57,Engagement-inferred
U1314,INT30,57,Engagement-inferred
U1314,INT27,57,Engagement-inferred
U1315,INT47,100,Engagement-inferred
U1315,INT40,98,Engagement-inferred
U1315,INT33,91,Engagement-inferred
U1315,INT38,89,Declared
U1315,INT41,86,Engagement-inferred
U1315,INT34,81,Engagement-inferred
U1315,INT44,79,Lookalike model
U1315,INT50,78,Engagement-inferred
U1315,INT42,76,Lookalike model
U1315,INT13,71,Engagement-inferred
U1315,INT48,69,Lookalike model
U1315,INT49,69,Engagement-inferred
U1315,INT35,65,Declared
U1315,INT22,62,Engagement-inferred
U1316,INT33,93,Lookalike model
U1316,INT19,82,Engagement-inferred
U1316,INT18,79,Engagement-inferred
U1316,INT47,78,Engagement-inferred
U1316,INT04,77,Engagement-inferred
U1316,INT35,75,Declared
U1316,INT34,73,Engagement-inferred
U1316,INT38,73,Engagement-inferred
U1316,INT21,72,Lookalike model
U1316,INT03,69,Engagement-inferred
U1316,INT05,68,Engagement-inferred
U1316,INT45,68,Engagement-inferred
U1316,INT10,65,Engagement-inferred
U1316,INT20,62,Engagement-inferred
U1317,INT26,100,Engagement-inferred
U1317,INT07,100,Engagement-inferred
U1317,INT33,99,Declared
U1317,INT08,86,Engagement-inferred
U1317,INT27,85,Engagement-inferred
U1317,INT29,85,Declared
U1317,INT49,85,Engagement-inferred
U1317,INT09,80,Engagement-inferred
U1317,INT34,79,Lookalike model
U1317,INT40,78,Engagement-inferred
U1317,INT31,77,Engagement-inferred
U1317,INT28,74,Engagement-inferred
U1317,INT48,73,Lookalike model
U1317,INT42,73,Engagement-inferred
U1318,INT33,100,Engagement-inferred
U1318,INT26,100,Engagement-inferred
U1318,INT28,91,Declared
U1318,INT34,88,Engagement-inferred
U1318,INT32,88,Lookalike model
U1318,INT27,88,Lookalike model
U1318,INT22,87,Declared
U1318,INT29,84,Lookalike model
U1318,INT48,83,Engagement-inferred
U1318,INT11,82,Engagement-inferred
U1318,INT49,81,Engagement-inferred
U1318,INT16,81,Engagement-inferred
U1318,INT50,80,Engagement-inferred
U1318,INT24,78,Declared
U1319,INT16,99,Engagement-inferred
U1319,INT17,85,Engagement-inferred
U1319,INT12,68,Engagement-inferred
U1319,INT44,66,Lookalike model
U1319,INT19,65,Engagement-inferred
U1319,INT43,62,Engagement-inferred
U1319,INT23,60,Engagement-inferred
U1319,INT21,60,Engagement-inferred
U1319,INT47,59,Engagement-inferred
U1319,INT25,57,Lookalike model
U1319,INT02,54,Declared
U1319,INT01,54,Engagement-inferred
U1319,INT14,53,Declared
U1319,INT20,52,Engagement-inferred
U1320,INT14,83,Engagement-inferred
U1320,INT02,80,Engagement-inferred
U1320,INT04,80,Lookalike model
U1320,INT01,78,Engagement-inferred
U1320,INT47,77,Engagement-inferred
U1320,INT16,74,Engagement-inferred
U1320,INT03,74,Engagement-inferred
U1320,INT40,70,Engagement-inferred
U1320,INT38,69,Engagement-inferred
U1320,INT11,65,Engagement-inferred
U1320,INT41,65,Engagement-inferred
U1320,INT05,64,Declared
U1320,INT06,64,Engagement-inferred
U1320,INT23,63,Engagement-inferred
U1321,INT26,80,Lookalike model
U1321,INT28,80,Declared
U1321,INT30,76,Engagement-inferred
U1321,INT40,73,Engagement-inferred
U1321,INT41,72,Engagement-inferred
U1321,INT19,70,Engagement-inferred
U1321,INT24,70,Lookalike model
U1321,INT27,67,Lookalike model
U1321,INT29,67,Lookalike model
U1321,INT42,65,Engagement-inferred
U1321,INT33,63,Engagement-inferred
U1321,INT20,62,Engagement-inferred
U1321,INT32,62,Lookalike model
U1321,INT15,61,Engagement-inferred
U1322,INT01,92,Lookalike model
U1322,INT47,88,Engagement-inferred
U1322,INT25,87,Declared
U1322,INT44,87,Engagement-inferred
U1322,INT43,82,Lookalike model
U1322,INT38,78,Engagement-inferred
U1322,INT36,77,Lookalike model
U1322,INT26,74,Lookalike model
U1322,INT33,73,Engagement-inferred
U1322,INT02,72,Engagement-inferred
U1322,INT34,68,Engagement-inferred
U1322,INT46,67,Engagement-inferred
U1322,INT06,66,Engagement-inferred
U1322,INT48,64,Declared
U1323,INT08,82,Engagement-inferred
U1323,INT07,82,Engagement-inferred
U1323,INT09,75,Declared
U1323,INT33,69,Lookalike model
U1323,INT16,66,Lookalike model
U1323,INT19,65,Lookalike model
U1323,INT26,64,Engagement-inferred
U1323,INT38,63,Engagement-inferred
U1323,INT11,61,Declared
U1323,INT47,60,Declared
U1323,INT13,59,Engagement-inferred
U1323,INT27,59,Declared
U1323,INT14,57,Lookalike model
U1323,INT17,54,Declared
U1324,INT26,98,Engagement-inferred
U1324,INT27,90,Engagement-inferred
U1324,INT22,87,Engagement-inferred
U1324,INT10,87,Engagement-inferred
U1324,INT30,86,Engagement-inferred
U1324,INT28,85,Engagement-inferred
U1324,INT29,76,Engagement-inferred
U1324,INT38,74,Engagement-inferred
U1324,INT32,74,Engagement-inferred
U1324,INT12,70,Lookalike model
U1324,INT24,68,Engagement-inferred
U1324,INT19,68,Engagement-inferred
U1324,INT47,68,Lookalike model
U1324,INT18,68,Lookalike model
U1325,INT49,100,Engagement-inferred
U1325,INT26,99,Lookalike model
U1325,INT48,93,Lookalike model
U1325,INT28,90,Engagement-inferred
U1325,INT40,82,Declared
U1325,INT27,81,Engagement-inferred
U1325,INT50,77,Engagement-inferred
U1325,INT11,77,Lookalike model
U1325,INT29,74,Engagement-inferred
U1325,INT47,73,Engagement-inferred
U1325,INT31,73,Engagement-inferred
U1325,INT14,73,Engagement-inferred
U1325,INT41,70,Lookalike model
U1325,INT32,70,Engagement-inferred
U1326,INT01,100,Lookalike model
U1326,INT02,96,Engagement-inferred
U1326,INT44,95,Lookalike model
U1326,INT06,87,Engagement-inferred
U1326,INT43,84,Engagement-inferred
U1326,INT19,78,Engagement-inferred
U1326,INT18,70,Lookalike model
U1326,INT46,69,Lookalike model
U1326,INT20,68,Lookalike model
U1326,INT21,66,Declared
U1326,INT07,65,Engagement-inferred
U1326,INT22,63,Engagement-inferred
U1326,INT10,62,Engagement-inferred
U1326,INT24,61,Engagement-inferred
U1327,INT01,85,Engagement-inferred
U1327,INT34,84,Engagement-inferred
U1327,INT33,82,Engagement-inferred
U1327,INT40,82,Declared
U1327,INT02,81,Engagement-inferred
U1327,INT36,80,Engagement-inferred
U1327,INT35,79,Engagement-inferred
U1327,INT42,77,Engagement-inferred
U1327,INT05,76,Lookalike model
U1327,INT03,75,Engagement-inferred
U1327,INT11,74,Lookalike model
U1327,INT41,71,Engagement-inferred
U1327,INT22,71,Engagement-inferred
U1327,INT04,70,Engagement-inferred
U1328,INT16,100,Engagement-inferred
U1328,INT10,86,Engagement-inferred
U1328,INT24,84,Engagement-inferred
U1328,INT25,83,Lookalike model
U1328,INT44,77,Lookalike model
U1328,INT01,77,Lookalike model
U1328,INT43,76,Engagement-inferred
U1328,INT17,75,Engagement-inferred
U1328,INT40,75,Engagement-inferred
U1328,INT19,74,Engagement-inferred
U1328,INT20,74,Engagement-inferred
U1328,INT15,73,Declared
U1328,INT22,72,Engagement-inferred
U1328,INT27,71,Engagement-inferred
U1329,INT11,88,Engagement-inferred
U1329,INT14,86,Engagement-inferred
U1329,INT07,82,Lookalike model
U1329,INT10,76,Engagement-inferred
U1329,INT30,69,Engagement-inferred
U1329,INT44,68,Lookalike model
U1329,INT36,68,Engagement-inferred
U1329,INT41,67,Lookalike model
U1329,INT26,64,Engagement-inferred
U1329,INT01,63,Lookalike model
U1329,INT09,62,Engagement-inferred
U1329,INT40,62,Lookalike model
U1329,INT08,61,Engagement-inferred
U1329,INT22,59,Engagement-inferred
U1330,INT07,100,Engagement-inferred
U1330,INT49,100,Engagement-inferred
U1330,INT48,92,Declared
U1330,INT19,88,Engagement-inferred
U1330,INT18,87,Engagement-inferred
U1330,INT08,85,Engagement-inferred
U1330,INT21,83,Declared
U1330,INT09,80,Engagement-inferred
U1330,INT50,79,Engagement-inferred
U1330,INT44,79,Engagement-inferred
U1330,INT43,75,Engagement-inferred
U1330,INT26,75,Engagement-inferred
U1330,INT20,74,Declared
U1330,INT30,70,Engagement-inferred
U1331,INT36,87,Declared
U1331,INT21,83,Lookalike model
U1331,INT19,82,Declared
U1331,INT37,80,Engagement-inferred
U1331,INT26,79,Declared
U1331,INT22,78,Engagement-inferred
U1331,INT07,74,Engagement-inferred
U1331,INT48,74,Engagement-inferred
U1331,INT23,73,Declared
U1331,INT27,72,Engagement-inferred
U1331,INT18,71,Lookalike model
U1331,INT09,71,Lookalike model
U1331,INT08,71,Lookalike model
U1331,INT49,69,Lookalike model
U1332,INT40,94,Declared
U1332,INT38,91,Lookalike model
U1332,INT42,82,Engagement-inferred
U1332,INT47,80,Engagement-inferred
U1332,INT41,78,Engagement-inferred
U1332,INT07,72,Engagement-inferred
U1332,INT19,69,Engagement-inferred
U1332,INT26,67,Engagement-inferred
U1332,INT44,64,Declared
U1332,INT22,59,Engagement-inferred
U1332,INT18,57,Declared
U1332,INT10,56,Engagement-inferred
U1332,INT28,55,Engagement-inferred
U1332,INT08,55,Declared
U1333,INT16,95,Declared
U1333,INT49,88,Engagement-inferred
U1333,INT17,81,Declared
U1333,INT10,81,Declared
U1333,INT11,79,Declared
U1333,INT36,79,Declared
U1333,INT07,77,Engagement-inferred
U1333,INT02,77,Engagement-inferred
U1333,INT01,75,Engagement-inferred
U1333,INT12,74,Engagement-inferred
U1333,INT14,72,Engagement-inferred
U1333,INT44,72,Engagement-inferred
U1333,INT37,70,Lookalike model
U1333,INT09,67,Lookalike model
U1334,INT07,100,Engagement-inferred
U1334,INT14,92,Declared
U1334,INT11,90,Engagement-inferred
U1334,INT09,82,Engagement-inferred
U1334,INT08,82,Engagement-inferred
U1334,INT44,79,Lookalike model
U1334,INT30,78,Declared
U1334,INT26,75,Lookalike model
U1334,INT16,70,Engagement-inferred
U1334,INT29,69,Engagement-inferred
U1334,INT28,68,Engagement-inferred
U1334,INT46,60,Engagement-inferred
U1334,INT27,60,Engagement-inferred
U1334,INT10,60,Engagement-inferred
U1335,INT44,86,Engagement-inferred
U1335,INT26,83,Engagement-inferred
U1335,INT27,82,Engagement-inferred
U1335,INT28,81,Engagement-inferred
U1335,INT29,75,Engagement-inferred
U1335,INT46,73,Lookalike model
U1335,INT38,70,Lookalike model
U1335,INT17,66,Declared
U1335,INT04,66,Engagement-inferred
U1335,INT33,63,Declared
U1335,INT16,63,Engagement-inferred
U1335,INT36,62,Declared
U1335,INT03,62,Lookalike model
U1335,INT30,61,Declared
U1336,INT19,95,Engagement-inferred
U1336,INT20,84,Declared
U1336,INT18,78,Declared
U1336,INT21,76,Lookalike model
U1336,INT10,74,Lookalike model
U1336,INT11,73,Engagement-inferred
U1336,INT33,70,Declared
U1336,INT14,65,Engagement-inferred
U1336,INT08,64,Lookalike model
U1336,INT43,62,Lookalike model
U1336,INT06,61,Lookalike model
U1336,INT46,61,Engagement-inferred
U1336,INT35,60,Declared
U1336,INT07,60,Engagement-inferred
U1337,INT48,90,Declared
U1337,INT26,84,Engagement-inferred
U1337,INT14,82,Declared
U1337,INT11,81,Engagement-inferred
U1337,INT49,76,Lookalike model
U1337,INT30,73,Engagement-inferred
U1337,INT28,69,Engagement-inferred
U1337,INT50,67,Lookalike model
U1337,INT27,64,Engagement-inferred
U1337,INT29,62,Engagement-inferred
U1337,INT31,59,Lookalike model
U1337,INT32,58,Engagement-inferred
U1337,INT01,55,Engagement-inferred
U1337,INT02,55,Engagement-inferred
U1338,INT01,96,Engagement-inferred
U1338,INT16,87,Lookalike model
U1338,INT10,85,Lookalike model
U1338,INT06,84,Engagement-inferred
U1338,INT02,81,Engagement-inferred
U1338,INT03,76,Engagement-inferred
U1338,INT44,74,Engagement-inferred
U1338,INT11,72,Engagement-inferred
U1338,INT14,72,Declared
U1338,INT49,71,Engagement-inferred
U1338,INT43,68,Declared
U1338,INT50,67,Engagement-inferred
U1338,INT17,67,Engagement-inferred
U1338,INT12,66,Declared
U1339,INT33,83,Engagement-inferred
U1339,INT01,80,Engagement-inferred
U1339,INT34,69,Engagement-inferred
U1339,INT40,67,Engagement-inferred
U1339,INT41,67,Engagement-inferred
U1339,INT02,64,Engagement-inferred
U1339,INT42,64,Declared
U1339,INT10,63,Engagement-inferred
U1339,INT35,62,Engagement-inferred
U1339,INT48,59,Lookalike model
U1339,INT19,58,Engagement-inferred
U1339,INT44,55,Engagement-inferred
U1339,INT49,54,Engagement-inferred
U1339,INT11,54,Engagement-inferred
U1340,INT22,93,Engagement-inferred
U1340,INT26,90,Engagement-inferred
U1340,INT24,89,Lookalike model
U1340,INT23,89,Engagement-inferred
U1340,INT44,80,Lookalike model
U1340,INT48,80,Engagement-inferred
U1340,INT50,77,Lookalike model
U1340,INT30,76,Engagement-inferred
U1340,INT28,73,Lookalike model
U1340,INT43,72,Engagement-inferred
U1340,INT27,71,Engagement-inferred
U1340,INT49,71,Engagement-inferred
U1340,INT29,67,Declared
U1340,INT15,67,Engagement-inferred
U1341,INT11,96,Engagement-inferred
U1341,INT40,85,Engagement-inferred
U1341,INT03,80,Declared
U1341,INT47,78,Engagement-inferred
U1341,INT41,77,Engagement-inferred
U1341,INT38,73,Engagement-inferred
U1341,INT14,72,Declared
U1341,INT42,71,Engagement-inferred
U1341,INT46,71,Engagement-inferred
U1341,INT44,70,Lookalike model
U1341,INT33,69,Engagement-inferred
U1341,INT05,65,Lookalike model
U1341,INT34,64,Engagement-inferred
U1341,INT35,62,Engagement-inferred
U1342,INT03,100,Engagement-inferred
U1342,INT04,96,Engagement-inferred
U1342,INT40,91,Engagement-inferred
U1342,INT19,84,Engagement-inferred
U1342,INT25,82,Engagement-inferred
U1342,INT11,81,Engagement-inferred
U1342,INT44,78,Engagement-inferred
U1342,INT47,76,Engagement-inferred
U1342,INT06,76,Engagement-inferred
U1342,INT20,75,Declared
U1342,INT01,73,Engagement-inferred
U1342,INT26,72,Declared
U1342,INT14,71,Declared
U1342,INT42,70,Engagement-inferred
U1343,INT25,77,Declared
U1343,INT10,74,Engagement-inferred
U1343,INT22,72,Engagement-inferred
U1343,INT47,72,Engagement-inferred
U1343,INT26,69,Lookalike model
U1343,INT24,68,Declared
U1343,INT15,67,Engagement-inferred
U1343,INT07,62,Engagement-inferred
U1343,INT28,61,Engagement-inferred
U1343,INT01,60,Declared
U1343,INT38,60,Lookalike model
U1343,INT23,60,Lookalike model
U1343,INT30,59,Engagement-inferred
U1343,INT17,59,Lookalike model
U1344,INT47,100,Engagement-inferred
U1344,INT18,88,Engagement-inferred
U1344,INT20,81,Lookalike model
U1344,INT19,81,Engagement-inferred
U1344,INT05,80,Declared
U1344,INT40,80,Declared
U1344,INT04,79,Engagement-inferred
U1344,INT41,74,Lookalike model
U1344,INT03,74,Engagement-inferred
U1344,INT42,73,Lookalike model
U1344,INT38,72,Engagement-inferred
U1344,INT21,60,Lookalike model
U1344,INT26,55,Engagement-inferred
U1344,INT33,53,Engagement-inferred
U1345,INT10,94,Lookalike model
U1345,INT49,88,Declared
U1345,INT33,79,Engagement-inferred
U1345,INT11,76,Engagement-inferred
U1345,INT48,70,Lookalike model
U1345,INT14,69,Lookalike model
U1345,INT50,68,Lookalike model
U1345,INT35,67,Declared
U1345,INT44,65,Engagement-inferred
U1345,INT38,64,Engagement-inferred
U1345,INT45,63,Engagement-inferred
U1345,INT47,62,Engagement-inferred
U1345,INT39,58,Lookalike model
U1345,INT34,57,Engagement-inferred
U1346,INT03,96,Lookalike model
U1346,INT05,80,Engagement-inferred
U1346,INT22,80,Declared
U1346,INT28,78,Engagement-inferred
U1346,INT26,76,Declared
U1346,INT04,74,Engagement-inferred
U1346,INT33,72,Lookalike model
U1346,INT44,71,Engagement-inferred
U1346,INT49,70,Lookalike model
U1346,INT50,70,Lookalike model
U1346,INT31,67,Lookalike model
U1346,INT27,67,Declared
U1346,INT25,66,Engagement-inferred
U1346,INT30,66,Lookalike model
U1347,INT36,93,Engagement-inferred
U1347,INT37,91,Engagement-inferred
U1347,INT41,91,Engagement-inferred
U1347,INT22,86,Engagement-inferred
U1347,INT24,85,Lookalike model
U1347,INT40,84,Lookalike model
U1347,INT28,82,Declared
U1347,INT47,82,Lookalike model
U1347,INT42,77,Declared
U1347,INT26,76,Engagement-inferred
U1347,INT10,74,Lookalike model
U1347,INT49,74,Declared
U1347,INT38,71,Lookalike model
U1347,INT48,70,Engagement-inferred
U1348,INT01,87,Declared
U1348,INT19,86,Declared
U1348,INT40,84,Declared
U1348,INT36,79,Declared
U1348,INT42,78,Lookalike model
U1348,INT41,74,Lookalike model
U1348,INT44,72,Engagement-inferred
U1348,INT20,69,Engagement-inferred
U1348,INT18,69,Lookalike model
U1348,INT06,66,Engagement-inferred
U1348,INT02,65,Engagement-inferred
U1348,INT03,63,Lookalike model
U1348,INT25,63,Declared
U1348,INT43,62,Declared
U1349,INT01,100,Lookalike model
U1349,INT22,91,Engagement-inferred
U1349,INT33,89,Declared
U1349,INT11,88,Engagement-inferred
U1349,INT44,86,Lookalike model
U1349,INT05,83,Declared
U1349,INT02,82,Engagement-inferred
U1349,INT14,78,Lookalike model
U1349,INT36,78,Lookalike model
U1349,INT03,77,Lookalike model
U1349,INT06,77,Declared
U1349,INT37,77,Engagement-inferred
U1349,INT35,76,Engagement-inferred
U1349,INT25,75,Engagement-inferred
U1350,INT10,96,Engagement-inferred
U1350,INT38,84,Lookalike model
U1350,INT47,84,Declared
U1350,INT16,79,Lookalike model
U1350,INT03,68,Lookalike model
U1350,INT33,66,Lookalike model
U1350,INT14,64,Engagement-inferred
U1350,INT17,64,Declared
U1350,INT11,61,Engagement-inferred
U1350,INT12,61,Lookalike model
U1350,INT04,55,Engagement-inferred
U1350,INT05,55,Engagement-inferred
U1350,INT35,55,Engagement-inferred
U1350,INT50,53,Engagement-inferred
U1351,INT03,90,Declared
U1351,INT25,90,Engagement-inferred
U1351,INT05,89,Lookalike model
U1351,INT04,83,Engagement-inferred
U1351,INT40,76,Lookalike model
U1351,INT27,71,Engagement-inferred
U1351,INT34,71,Engagement-inferred
U1351,INT26,69,Engagement-inferred
U1351,INT42,68,Declared
U1351,INT28,67,Declared
U1351,INT29,67,Declared
U1351,INT35,66,Engagement-inferred
U1351,INT41,66,Declared
U1351,INT30,63,Lookalike model
U1352,INT33,100,Engagement-inferred
U1352,INT26,96,Lookalike model
U1352,INT07,86,Engagement-inferred
U1352,INT34,86,Engagement-inferred
U1352,INT11,86,Engagement-inferred
U1352,INT32,85,Lookalike model
U1352,INT28,83,Engagement-inferred
U1352,INT35,82,Declared
U1352,INT29,80,Lookalike model
U1352,INT19,80,Engagement-inferred
U1352,INT27,79,Engagement-inferred
U1352,INT30,75,Declared
U1352,INT31,74,Lookalike model
U1352,INT10,74,Engagement-inferred
U1353,INT26,89,Engagement-inferred
U1353,INT08,88,Lookalike model
U1353,INT07,83,Lookalike model
U1353,INT28,82,Declared
U1353,INT27,81,Engagement-inferred
U1353,INT29,78,Engagement-inferred
U1353,INT21,77,Declared
U1353,INT19,76,Engagement-inferred
U1353,INT30,76,Lookalike model
U1353,INT32,70,Engagement-inferred
U1353,INT44,69,Engagement-inferred
U1353,INT02,66,Declared
U1353,INT49,66,Engagement-inferred
U1353,INT10,65,Lookalike model
U1354,INT01,100,Engagement-inferred
U1354,INT44,94,Engagement-inferred
U1354,INT02,88,Engagement-inferred
U1354,INT37,76,Engagement-inferred
U1354,INT46,75,Declared
U1354,INT43,73,Engagement-inferred
U1354,INT24,72,Engagement-inferred
U1354,INT06,72,Engagement-inferred
U1354,INT36,70,Engagement-inferred
U1354,INT39,69,Engagement-inferred
U1354,INT27,68,Engagement-inferred
U1354,INT25,62,Engagement-inferred
U1354,INT26,62,Engagement-inferred
U1354,INT10,61,Engagement-inferred
U1355,INT49,81,Engagement-inferred
U1355,INT01,80,Engagement-inferred
U1355,INT16,79,Engagement-inferred
U1355,INT02,78,Engagement-inferred
U1355,INT03,78,Engagement-inferred
U1355,INT44,77,Declared
U1355,INT48,77,Engagement-inferred
U1355,INT06,76,Engagement-inferred
U1355,INT04,72,Lookalike model
U1355,INT12,64,Engagement-inferred
U1355,INT43,64,Engagement-inferred
U1355,INT17,63,Lookalike model
U1355,INT05,62,Engagement-inferred
U1355,INT50,58,Lookalike model
U1356,INT40,93,Engagement-inferred
U1356,INT42,90,Engagement-inferred
U1356,INT41,80,Engagement-inferred
U1356,INT20,78,Lookalike model
U1356,INT07,77,Engagement-inferred
U1356,INT19,76,Lookalike model
U1356,INT18,67,Declared
U1356,INT21,66,Engagement-inferred
U1356,INT25,62,Engagement-inferred
U1356,INT08,57,Engagement-inferred
U1356,INT36,55,Declared
U1356,INT43,55,Engagement-inferred
U1356,INT44,54,Lookalike model
U1356,INT01,53,Engagement-inferred
U1357,INT38,100,Engagement-inferred
U1357,INT36,92,Lookalike model
U1357,INT47,88,Lookalike model
U1357,INT39,79,Engagement-inferred
U1357,INT21,79,Declared
U1357,INT37,78,Declared
U1357,INT20,77,Lookalike model
U1357,INT11,75,Lookalike model
U1357,INT10,74,Engagement-inferred
U1357,INT19,73,Engagement-inferred
U1357,INT48,72,Engagement-inferred
U1357,INT49,70,Declared
U1357,INT33,66,Declared
U1357,INT18,63,Engagement-inferred
U1358,INT07,100,Engagement-inferred
U1358,INT08,98,Engagement-inferred
U1358,INT14,84,Engagement-inferred
U1358,INT11,84,Engagement-inferred
U1358,INT03,81,Declared
U1358,INT47,80,Engagement-inferred
U1358,INT19,77,Lookalike model
U1358,INT02,77,Declared
U1358,INT26,76,Declared
U1358,INT38,76,Engagement-inferred
U1358,INT04,75,Engagement-inferred
U1358,INT20,72,Engagement-inferred
U1358,INT05,71,Engagement-inferred
U1358,INT09,71,Engagement-inferred
U1359,INT01,96,Engagement-inferred
U1359,INT07,89,Engagement-inferred
U1359,INT06,88,Declared
U1359,INT02,86,Engagement-inferred
U1359,INT44,81,Engagement-inferred
U1359,INT49,78,Engagement-inferred
U1359,INT26,75,Lookalike model
U1359,INT50,74,Engagement-inferred
U1359,INT08,74,Declared
U1359,INT16,73,Declared
U1359,INT43,73,Engagement-inferred
U1359,INT22,72,Lookalike model
U1359,INT24,70,Engagement-inferred
U1359,INT48,70,Lookalike model
U1360,INT33,100,Lookalike model
U1360,INT07,93,Engagement-inferred
U1360,INT47,84,Declared
U1360,INT03,81,Engagement-inferred
U1360,INT38,79,Engagement-inferred
U1360,INT44,79,Engagement-inferred
U1360,INT34,75,Lookalike model
U1360,INT16,75,Engagement-inferred
U1360,INT04,73,Engagement-inferred
U1360,INT35,73,Engagement-inferred
U1360,INT17,72,Lookalike model
U1360,INT09,71,Engagement-inferred
U1360,INT08,70,Engagement-inferred
U1360,INT05,68,Engagement-inferred
U1361,INT07,84,Lookalike model
U1361,INT33,84,Engagement-inferred
U1361,INT44,83,Engagement-inferred
U1361,INT34,79,Engagement-inferred
U1361,INT46,76,Engagement-inferred
U1361,INT49,76,Engagement-inferred
U1361,INT35,74,Declared
U1361,INT50,74,Lookalike model
U1361,INT11,72,Engagement-inferred
U1361,INT48,70,Engagement-inferred
U1361,INT43,69,Engagement-inferred
U1361,INT14,69,Engagement-inferred
U1361,INT08,68,Lookalike model
U1361,INT37,68,Engagement-inferred
U1362,INT04,88,Declared
U1362,INT33,79,Declared
U1362,INT03,71,Engagement-inferred
U1362,INT34,69,Engagement-inferred
U1362,INT01,69,Engagement-inferred
U1362,INT32,67,Engagement-inferred
U1362,INT36,67,Engagement-inferred
U1362,INT37,64,Engagement-inferred
U1362,INT27,64,Engagement-inferred
U1362,INT28,63,Declared
U1362,INT35,63,Lookalike model
U1362,INT02,62,Engagement-inferred
U1362,INT05,60,Engagement-inferred
U1362,INT10,60,Declared
U1363,INT26,100,Engagement-inferred
U1363,INT43,87,Engagement-inferred
U1363,INT44,86,Engagement-inferred
U1363,INT32,85,Declared
U1363,INT28,84,Declared
U1363,INT27,83,Lookalike model
U1363,INT29,82,Engagement-inferred
U1363,INT30,79,Engagement-inferred
U1363,INT16,79,Declared
U1363,INT07,76,Lookalike model
U1363,INT31,72,Engagement-inferred
U1363,INT09,72,Lookalike model
U1363,INT12,68,Engagement-inferred
U1363,INT46,68,Engagement-inferred
U1364,INT28,93,Engagement-inferred
U1364,INT26,90,Lookalike model
U1364,INT14,79,Engagement-inferred
U1364,INT27,77,Lookalike model
U1364,INT11,77,Engagement-inferred
U1364,INT10,74,Declared
U1364,INT32,72,Declared
U1364,INT30,71,Lookalike model
U1364,INT29,67,Engagement-inferred
U1364,INT31,67,Engagement-inferred
U1364,INT48,67,Engagement-inferred
U1364,INT07,66,Engagement-inferred
U1364,INT09,66,Engagement-inferred
U1364,INT38,60,Engagement-inferred
U1365,INT07,96,Declared
U1365,INT26,94,Engagement-inferred
U1365,INT47,86,Engagement-inferred
U1365,INT09,84,Engagement-inferred
U1365,INT25,83,Engagement-inferred
U1365,INT05,79,Engagement-inferred
U1365,INT04,79,Declared
U1365,INT03,77,Declared
U1365,INT30,74,Declared
U1365,INT27,72,Lookalike model
U1365,INT08,72,Declared
U1365,INT38,71,Engagement-inferred
U1365,INT29,70,Lookalike model
U1365,INT43,67,Engagement-inferred
U1366,INT11,83,Engagement-inferred
U1366,INT22,80,Engagement-inferred
U1366,INT14,73,Declared
U1366,INT24,68,Lookalike model
U1366,INT02,65,Declared
U1366,INT23,65,Engagement-inferred
U1366,INT44,61,Engagement-inferred
U1366,INT15,59,Engagement-inferred
U1366,INT48,58,Engagement-inferred
U1366,INT01,57,Engagement-inferred
U1366,INT33,57,Lookalike model
U1366,INT49,57,Declared
U1366,INT50,56,Engagement-inferred
U1366,INT16,55,Engagement-inferred
U1367,INT26,100,Declared
U1367,INT08,90,Engagement-inferred
U1367,INT11,89,Engagement-inferred
U1367,INT07,88,Engagement-inferred
U1367,INT19,87,Declared
U1367,INT18,86,Lookalike model
U1367,INT20,84,Engagement-inferred
U1367,INT27,84,Engagement-inferred
U1367,INT30,83,Engagement-inferred
U1367,INT28,83,Engagement-inferred
U1367,INT44,77,Lookalike model
U1367,INT32,77,Engagement-inferred
U1367,INT09,76,Engagement-inferred
U1367,INT29,75,Engagement-inferred
U1368,INT26,88,Engagement-inferred
U1368,INT10,83,Engagement-inferred
U1368,INT07,75,Engagement-inferred
U1368,INT30,74,Declared
U1368,INT27,73,Engagement-inferred
U1368,INT24,67,Engagement-inferred
U1368,INT28,67,Engagement-inferred
U1368,INT31,66,Lookalike model
U1368,INT32,65,Engagement-inferred
U1368,INT29,63,Engagement-inferred
U1368,INT37,61,Declared
U1368,INT38,59,Engagement-inferred
U1368,INT08,58,Engagement-inferred
U1368,INT02,56,Engagement-inferred
U1369,INT44,97,Lookalike model
U1369,INT07,85,Engagement-inferred
U1369,INT43,79,Engagement-inferred
U1369,INT24,65,Engagement-inferred
U1369,INT23,64,Engagement-inferred
U1369,INT08,62,Engagement-inferred
U1369,INT22,62,Declared
U1369,INT09,54,Lookalike model
U1369,INT27,50,Engagement-inferred
U1369,INT15,49,Engagement-inferred
U1369,INT28,46,Lookalike model
U1369,INT16,45,Lookalike model
U1369,INT29,44,Engagement-inferred
U1369,INT31,44,Declared
U1370,INT47,81,Engagement-inferred
U1370,INT01,76,Declared
U1370,INT02,72,Engagement-inferred
U1370,INT08,72,Engagement-inferred
U1370,INT07,71,Engagement-inferred
U1370,INT38,69,Engagement-inferred
U1370,INT40,63,Engagement-inferred
U1370,INT06,62,Lookalike model
U1370,INT33,62,Lookalike model
U1370,INT26,62,Declared
U1370,INT25,62,Engagement-inferred
U1370,INT42,61,Engagement-inferred
U1370,INT03,59,Lookalike model
U1370,INT17,57,Lookalike model
U1371,INT16,88,Engagement-inferred
U1371,INT24,88,Engagement-inferred
U1371,INT40,88,Engagement-inferred
U1371,INT02,85,Engagement-inferred
U1371,INT01,82,Engagement-inferred
U1371,INT06,79,Engagement-inferred
U1371,INT17,77,Declared
U1371,INT41,76,Declared
U1371,INT22,76,Engagement-inferred
U1371,INT42,74,Engagement-inferred
U1371,INT10,74,Lookalike model
U1371,INT23,74,Declared
U1371,INT15,73,Engagement-inferred
U1371,INT14,71,Engagement-inferred
U1372,INT26,91,Declared
U1372,INT10,90,Engagement-inferred
U1372,INT33,89,Engagement-inferred
U1372,INT47,87,Declared
U1372,INT40,82,Engagement-inferred
U1372,INT38,79,Engagement-inferred
U1372,INT27,75,Declared
U1372,INT19,75,Engagement-inferred
U1372,INT29,68,Engagement-inferred
U1372,INT30,68,Engagement-inferred
U1372,INT34,66,Lookalike model
U1372,INT28,66,Engagement-inferred
U1372,INT32,65,Declared
U1372,INT41,65,Engagement-inferred
U1373,INT26,97,Engagement-inferred
U1373,INT28,95,Engagement-inferred
U1373,INT27,94,Engagement-inferred
U1373,INT47,91,Lookalike model
U1373,INT29,87,Engagement-inferred
U1373,INT38,83,Engagement-inferred
U1373,INT30,80,Declared
U1373,INT22,78,Engagement-inferred
U1373,INT32,78,Declared
U1373,INT24,73,Engagement-inferred
U1373,INT23,72,Lookalike model
U1373,INT31,71,Engagement-inferred
U1373,INT49,64,Engagement-inferred
U1373,INT11,64,Engagement-inferred
U1374,INT07,98,Engagement-inferred
U1374,INT08,89,Engagement-inferred
U1374,INT26,76,Engagement-inferred
U1374,INT09,74,Engagement-inferred
U1374,INT44,73,Engagement-inferred
U1374,INT46,73,Engagement-inferred
U1374,INT43,72,Declared
U1374,INT27,71,Lookalike model
U1374,INT38,68,Engagement-inferred
U1374,INT32,68,Lookalike model
U1374,INT24,66,Engagement-inferred
U1374,INT28,66,Engagement-inferred
U1374,INT29,64,Declared
U1374,INT23,61,Declared
U1375,INT19,98,Engagement-inferred
U1375,INT20,98,Lookalike model
U1375,INT21,83,Engagement-inferred
U1375,INT08,79,Engagement-inferred
U1375,INT18,79,Declared
U1375,INT47,77,Engagement-inferred
U1375,INT07,75,Declared
U1375,INT38,74,Lookalike model
U1375,INT26,69,Engagement-inferred
U1375,INT09,67,Engagement-inferred
U1375,INT30,65,Engagement-inferred
U1375,INT40,64,Engagement-inferred
U1375,INT27,64,Engagement-inferred
U1375,INT42,60,Engagement-inferred
U1376,INT26,96,Declared
U1376,INT27,82,Engagement-inferred
U1376,INT42,80,Engagement-inferred
U1376,INT31,79,Declared
U1376,INT40,77,Lookalike model
U1376,INT29,75,Engagement-inferred
U1376,INT28,72,Engagement-inferred
U1376,INT07,69,Lookalike model
U1376,INT41,68,Declared
U1376,INT33,67,Lookalike model
U1376,INT32,67,Engagement-inferred
U1376,INT30,65,Engagement-inferred
U1376,INT35,64,Engagement-inferred
U1376,INT34,59,Engagement-inferred
U1377,INT33,88,Engagement-inferred
U1377,INT26,78,Engagement-inferred
U1377,INT01,78,Declared
U1377,INT29,74,Engagement-inferred
U1377,INT34,72,Engagement-inferred
U1377,INT11,71,Declared
U1377,INT28,69,Lookalike model
U1377,INT10,68,Engagement-inferred
U1377,INT35,68,Declared
U1377,INT14,68,Lookalike model
U1377,INT30,66,Engagement-inferred
U1377,INT27,66,Lookalike model
U1377,INT46,64,Lookalike model
U1377,INT32,61,Declared
U1378,INT07,89,Lookalike model
U1378,INT11,86,Engagement-inferred
U1378,INT26,81,Engagement-inferred
U1378,INT14,79,Declared
U1378,INT40,77,Engagement-inferred
U1378,INT24,76,Engagement-inferred
U1378,INT08,75,Engagement-inferred
U1378,INT09,75,Engagement-inferred
U1378,INT42,74,Engagement-inferred
U1378,INT36,70,Engagement-inferred
U1378,INT27,68,Engagement-inferred
U1378,INT34,67,Lookalike model
U1378,INT33,66,Lookalike model
U1378,INT23,66,Lookalike model
U1379,INT40,83,Engagement-inferred
U1379,INT42,78,Engagement-inferred
U1379,INT23,78,Engagement-inferred
U1379,INT22,72,Declared
U1379,INT25,70,Engagement-inferred
U1379,INT41,70,Lookalike model
U1379,INT18,70,Engagement-inferred
U1379,INT45,69,Lookalike model
U1379,INT16,67,Engagement-inferred
U1379,INT19,65,Engagement-inferred
U1379,INT07,64,Declared
U1379,INT10,64,Engagement-inferred
U1379,INT14,62,Engagement-inferred
U1379,INT08,60,Engagement-inferred
U1380,INT29,89,Lookalike model
U1380,INT48,89,Engagement-inferred
U1380,INT27,83,Engagement-inferred
U1380,INT28,82,Engagement-inferred
U1380,INT26,80,Lookalike model
U1380,INT50,78,Engagement-inferred
U1380,INT30,78,Lookalike model
U1380,INT49,77,Engagement-inferred
U1380,INT20,72,Engagement-inferred
U1380,INT03,70,Lookalike model
U1380,INT19,70,Engagement-inferred
U1380,INT05,70,Engagement-inferred
U1380,INT18,68,Engagement-inferred
U1380,INT31,65,Engagement-inferred
U1381,INT47,95,Declared
U1381,INT38,93,Engagement-inferred
U1381,INT03,89,Engagement-inferred
U1381,INT04,88,Declared
U1381,INT01,85,Engagement-inferred
U1381,INT16,84,Lookalike model
U1381,INT44,82,Engagement-inferred
U1381,INT34,81,Lookalike model
U1381,INT10,80,Declared
U1381,INT11,80,Declared
U1381,INT33,80,Declared
U1381,INT05,75,Lookalike model
U1381,INT14,73,Engagement-inferred
U1381,INT08,70,Engagement-inferred
U1382,INT01,97,Engagement-inferred
U1382,INT16,89,Engagement-inferred
U1382,INT17,84,Engagement-inferred
U1382,INT02,78,Lookalike model
U1382,INT06,78,Lookalike model
U1382,INT27,78,Engagement-inferred
U1382,INT47,77,Lookalike model
U1382,INT30,76,Engagement-inferred
U1382,INT26,76,Engagement-inferred
U1382,INT29,72,Lookalike model
U1382,INT28,72,Engagement-inferred
U1382,INT22,71,Lookalike model
U1382,INT32,67,Declared
U1382,INT12,64,Engagement-inferred
U1383,INT10,94,Engagement-inferred
U1383,INT49,81,Engagement-inferred
U1383,INT01,79,Engagement-inferred
U1383,INT48,77,Lookalike model
U1383,INT22,73,Lookalike model
U1383,INT16,66,Lookalike model
U1383,INT43,63,Engagement-inferred
U1383,INT50,63,Engagement-inferred
U1383,INT24,62,Engagement-inferred
U1383,INT17,60,Engagement-inferred
U1383,INT44,60,Engagement-inferred
U1383,INT35,59,Declared
U1383,INT15,58,Engagement-inferred
U1383,INT34,58,Engagement-inferred
U1384,INT02,84,Engagement-inferred
U1384,INT01,83,Engagement-inferred
U1384,INT46,82,Engagement-inferred
U1384,INT19,81,Engagement-inferred
U1384,INT18,81,Engagement-inferred
U1384,INT06,77,Engagement-inferred
U1384,INT44,77,Engagement-inferred
U1384,INT11,76,Lookalike model
U1384,INT43,75,Lookalike model
U1384,INT33,73,Engagement-inferred
U1384,INT21,69,Engagement-inferred
U1384,INT34,66,Lookalike model
U1384,INT14,65,Declared
U1384,INT20,60,Lookalike model
U1385,INT19,70,Engagement-inferred
U1385,INT03,67,Engagement-inferred
U1385,INT08,64,Declared
U1385,INT27,64,Declared
U1385,INT25,64,Engagement-inferred
U1385,INT20,62,Declared
U1385,INT07,61,Declared
U1385,INT38,61,Engagement-inferred
U1385,INT47,61,Engagement-inferred
U1385,INT11,61,Engagement-inferred
U1385,INT26,60,Engagement-inferred
U1385,INT28,60,Engagement-inferred
U1385,INT09,59,Lookalike model
U1385,INT44,59,Engagement-inferred
U1386,INT40,90,Lookalike model
U1386,INT49,84,Engagement-inferred
U1386,INT44,82,Engagement-inferred
U1386,INT48,78,Declared
U1386,INT01,77,Engagement-inferred
U1386,INT11,74,Engagement-inferred
U1386,INT10,73,Engagement-inferred
U1386,INT50,73,Engagement-inferred
U1386,INT06,70,Engagement-inferred
U1386,INT41,70,Engagement-inferred
U1386,INT43,70,Lookalike model
U1386,INT42,68,Lookalike model
U1386,INT02,64,Engagement-inferred
U1386,INT25,59,Lookalike model
U1387,INT26,90,Engagement-inferred
U1387,INT27,89,Lookalike model
U1387,INT44,82,Engagement-inferred
U1387,INT32,79,Engagement-inferred
U1387,INT28,78,Lookalike model
U1387,INT16,74,Declared
U1387,INT07,74,Engagement-inferred
U1387,INT40,74,Engagement-inferred
U1387,INT42,71,Engagement-inferred
U1387,INT29,71,Lookalike model
U1387,INT43,70,Lookalike model
U1387,INT31,69,Declared
U1387,INT41,68,Declared
U1387,INT09,67,Engagement-inferred
U1388,INT25,81,Engagement-inferred
U1388,INT11,79,Engagement-inferred
U1388,INT14,76,Engagement-inferred
U1388,INT36,76,Engagement-inferred
U1388,INT08,73,Engagement-inferred
U1388,INT07,69,Engagement-inferred
U1388,INT33,66,Declared
U1388,INT06,62,Engagement-inferred
U1388,INT46,60,Engagement-inferred
U1388,INT35,56,Engagement-inferred
U1388,INT02,55,Engagement-inferred
U1388,INT37,54,Declared
U1388,INT34,54,Engagement-inferred
U1388,INT09,52,Engagement-inferred
U1389,INT01,97,Engagement-inferred
U1389,INT40,88,Engagement-inferred
U1389,INT36,81,Engagement-inferred
U1389,INT25,76,Engagement-inferred
U1389,INT42,74,Lookalike model
U1389,INT06,69,Engagement-inferred
U1389,INT09,66,Engagement-inferred
U1389,INT10,66,Engagement-inferred
U1389,INT41,65,Lookalike model
U1389,INT02,64,Engagement-inferred
U1389,INT20,63,Lookalike model
U1389,INT37,59,Lookalike model
U1389,INT21,59,Engagement-inferred
U1389,INT07,59,Lookalike model
U1390,INT22,93,Engagement-inferred
U1390,INT23,87,Declared
U1390,INT33,83,Lookalike model
U1390,INT35,82,Engagement-inferred
U1390,INT11,82,Lookalike model
U1390,INT24,81,Engagement-inferred
U1390,INT14,74,Lookalike model
U1390,INT47,72,Declared
U1390,INT48,69,Engagement-inferred
U1390,INT15,67,Engagement-inferred
U1390,INT43,66,Lookalike model
U1390,INT49,65,Engagement-inferred
U1390,INT44,64,Engagement-inferred
U1390,INT34,63,Engagement-inferred
U1391,INT26,94,Engagement-inferred
U1391,INT27,84,Declared
U1391,INT40,84,Engagement-inferred
U1391,INT47,82,Engagement-inferred
U1391,INT49,81,Engagement-inferred
U1391,INT28,81,Engagement-inferred
U1391,INT30,78,Engagement-inferred
U1391,INT50,78,Engagement-inferred
U1391,INT43,75,Engagement-inferred
U1391,INT31,73,Declared
U1391,INT41,73,Engagement-inferred
U1391,INT44,73,Declared
U1391,INT22,72,Engagement-inferred
U1391,INT07,72,Engagement-inferred
U1392,INT40,96,Engagement-inferred
U1392,INT42,91,Engagement-inferred
U1392,INT33,82,Lookalike model
U1392,INT41,77,Engagement-inferred
U1392,INT11,75,Declared
U1392,INT28,75,Lookalike model
U1392,INT19,74,Engagement-inferred
U1392,INT05,71,Declared
U1392,INT08,71,Engagement-inferred
U1392,INT26,71,Engagement-inferred
U1392,INT07,70,Engagement-inferred
U1392,INT20,69,Engagement-inferred
U1392,INT32,68,Engagement-inferred
U1392,INT10,67,Declared
U1393,INT01,100,Engagement-inferred
U1393,INT47,95,Engagement-inferred
U1393,INT06,88,Declared
U1393,INT02,87,Declared
U1393,INT44,83,Lookalike model
U1393,INT38,80,Engagement-inferred
U1393,INT10,71,Engagement-inferred
U1393,INT08,70,Engagement-inferred
U1393,INT43,68,Lookalike model
U1393,INT49,63,Engagement-inferred
U1393,INT30,63,Engagement-inferred
U1393,INT07,63,Lookalike model
U1393,INT26,62,Declared
U1393,INT46,59,Lookalike model
U1394,INT26,100,Engagement-inferred
U1394,INT47,97,Lookalike model
U1394,INT27,96,Engagement-inferred
U1394,INT07,92,Engagement-inferred
U1394,INT38,84,Engagement-inferred
U1394,INT28,83,Engagement-inferred
U1394,INT40,81,Declared
U1394,INT42,80,Engagement-inferred
U1394,INT08,77,Declared
U1394,INT32,76,Engagement-inferred
U1394,INT09,72,Engagement-inferred
U1394,INT33,70,Declared
U1394,INT29,70,Engagement-inferred
U1394,INT41,69,Engagement-inferred
U1395,INT04,98,Declared
U1395,INT03,94,Lookalike model
U1395,INT11,89,Engagement-inferred
U1395,INT38,89,Lookalike model
U1395,INT36,88,Declared
U1395,INT47,88,Engagement-inferred
U1395,INT37,85,Engagement-inferred
U1395,INT26,84,Lookalike model
U1395,INT39,73,Engagement-inferred
U1395,INT05,73,Engagement-inferred
U1395,INT27,71,Lookalike model
U1395,INT14,68,Engagement-inferred
U1395,INT28,68,Engagement-inferred
U1395,INT22,66,Lookalike model
U1396,INT03,100,Engagement-inferred
U1396,INT04,94,Lookalike model
U1396,INT26,92,Engagement-inferred
U1396,INT42,89,Declared
U1396,INT05,84,Engagement-inferred
U1396,INT25,78,Engagement-inferred
U1396,INT29,77,Lookalike model
U1396,INT41,75,Engagement-inferred
U1396,INT40,74,Engagement-inferred
U1396,INT28,72,Engagement-inferred
U1396,INT37,70,Declared
U1396,INT32,69,Engagement-inferred
U1396,INT27,67,Lookalike model
U1396,INT30,65,Declared
U1397,INT44,100,Engagement-inferred
U1397,INT10,98,Engagement-inferred
U1397,INT04,88,Engagement-inferred
U1397,INT03,83,Lookalike model
U1397,INT43,83,Declared
U1397,INT05,80,Lookalike model
U1397,INT19,74,Lookalike model
U1397,INT25,73,Engagement-inferred
U1397,INT07,68,Lookalike model
U1397,INT21,66,Engagement-inferred
U1397,INT01,65,Engagement-inferred
U1397,INT48,62,Declared
U1397,INT46,62,Engagement-inferred
U1397,INT08,61,Declared
U1398,INT16,100,Engagement-inferred
U1398,INT12,80,Declared
U1398,INT17,78,Engagement-inferred
U1398,INT14,73,Engagement-inferred
U1398,INT04,71,Engagement-inferred
U1398,INT11,70,Engagement-inferred
U1398,INT05,68,Engagement-inferred
U1398,INT01,67,Engagement-inferred
U1398,INT26,67,Engagement-inferred
U1398,INT03,65,Engagement-inferred
U1398,INT47,62,Engagement-inferred
U1398,INT28,62,Engagement-inferred
U1398,INT38,58,Engagement-inferred
U1398,INT10,58,Engagement-inferred
U1399,INT01,100,Lookalike model
U1399,INT03,99,Engagement-inferred
U1399,INT11,94,Engagement-inferred
U1399,INT04,89,Engagement-inferred
U1399,INT02,88,Engagement-inferred
U1399,INT06,83,Engagement-inferred
U1399,INT07,77,Engagement-inferred
U1399,INT14,77,Declared
U1399,INT33,74,Engagement-inferred
U1399,INT05,73,Lookalike model
U1399,INT09,72,Engagement-inferred
U1399,INT08,69,Lookalike model
U1399,INT27,66,Lookalike model
U1399,INT35,66,Lookalike model
U1400,INT26,100,Lookalike model
U1400,INT32,97,Lookalike model
U1400,INT01,96,Engagement-inferred
U1400,INT25,91,Engagement-inferred
U1400,INT28,90,Declared
U1400,INT27,89,Engagement-inferred
U1400,INT22,88,Engagement-inferred
U1400,INT23,85,Engagement-inferred
U1400,INT24,84,Engagement-inferred
U1400,INT02,83,Declared
U1400,INT03,81,Lookalike model
U1400,INT31,80,Engagement-inferred
U1400,INT47,79,Engagement-inferred
U1400,INT29,74,Engagement-inferred
U1401,INT25,94,Lookalike model
U1401,INT04,91,Lookalike model
U1401,INT33,87,Lookalike model
U1401,INT35,85,Engagement-inferred
U1401,INT20,83,Declared
U1401,INT19,81,Engagement-inferred
U1401,INT03,81,Lookalike model
U1401,INT18,79,Lookalike model
U1401,INT21,75,Engagement-inferred
U1401,INT05,73,Engagement-inferred
U1401,INT34,71,Engagement-inferred
U1401,INT49,69,Declared
U1401,INT48,66,Engagement-inferred
U1401,INT44,66,Declared
U1402,INT16,94,Declared
U1402,INT26,91,Lookalike model
U1402,INT28,85,Engagement-inferred
U1402,INT03,77,Engagement-inferred
U1402,INT27,77,Lookalike model
U1402,INT29,76,Lookalike model
U1402,INT30,69,Lookalike model
U1402,INT40,69,Engagement-inferred
U1402,INT32,67,Engagement-inferred
U1402,INT12,66,Lookalike model
U1402,INT05,63,Engagement-inferred
U1402,INT33,63,Engagement-inferred
U1402,INT31,63,Engagement-inferred
U1402,INT34,61,Declared
U1403,INT40,100,Lookalike model
U1403,INT46,99,Declared
U1403,INT41,89,Declared
U1403,INT47,85,Declared
U1403,INT01,84,Declared
U1403,INT42,81,Engagement-inferred
U1403,INT23,78,Engagement-inferred
U1403,INT44,77,Engagement-inferred
U1403,INT22,72,Engagement-inferred
U1403,INT38,71,Engagement-inferred
U1403,INT24,69,Lookalike model
U1403,INT43,67,Engagement-inferred
U1403,INT02,64,Lookalike model
U1403,INT26,62,Engagement-inferred
U1404,INT26,93,Engagement-inferred
U1404,INT11,86,Engagement-inferred
U1404,INT01,75,Engagement-inferred
U1404,INT27,74,Engagement-inferred
U1404,INT20,72,Engagement-inferred
U1404,INT05,72,Engagement-inferred
U1404,INT28,72,Lookalike model
U1404,INT40,72,Engagement-inferred
U1404,INT31,70,Engagement-inferred
U1404,INT30,70,Engagement-inferred
U1404,INT03,70,Declared
U1404,INT06,70,Engagement-inferred
U1404,INT42,69,Lookalike model
U1404,INT14,69,Declared
U1405,INT33,91,Engagement-inferred
U1405,INT07,82,Engagement-inferred
U1405,INT35,76,Engagement-inferred
U1405,INT10,72,Engagement-inferred
U1405,INT13,71,Engagement-inferred
U1405,INT14,70,Engagement-inferred
U1405,INT11,69,Declared
U1405,INT24,66,Engagement-inferred
U1405,INT04,66,Engagement-inferred
U1405,INT47,63,Lookalike model
U1405,INT34,63,Engagement-inferred
U1405,INT08,62,Engagement-inferred
U1405,INT27,59,Engagement-inferred
U1405,INT03,59,Engagement-inferred
U1406,INT03,96,Lookalike model
U1406,INT05,93,Engagement-inferred
U1406,INT04,82,Engagement-inferred
U1406,INT02,79,Engagement-inferred
U1406,INT01,76,Engagement-inferred
U1406,INT26,74,Engagement-inferred
U1406,INT06,68,Declared
U1406,INT40,68,Engagement-inferred
U1406,INT44,67,Engagement-inferred
U1406,INT36,67,Engagement-inferred
U1406,INT38,67,Declared
U1406,INT33,66,Engagement-inferred
U1406,INT43,64,Engagement-inferred
U1406,INT47,63,Engagement-inferred
U1407,INT26,100,Engagement-inferred
U1407,INT01,93,Engagement-inferred
U1407,INT29,86,Engagement-inferred
U1407,INT30,84,Lookalike model
U1407,INT02,83,Declared
U1407,INT32,80,Engagement-inferred
U1407,INT10,79,Declared
U1407,INT07,76,Engagement-inferred
U1407,INT27,76,Engagement-inferred
U1407,INT25,74,Engagement-inferred
U1407,INT28,74,Declared
U1407,INT31,71,Declared
U1407,INT06,66,Engagement-inferred
U1407,INT36,65,Lookalike model
U1408,INT26,93,Engagement-inferred
U1408,INT07,88,Declared
U1408,INT01,87,Lookalike model
U1408,INT05,82,Engagement-inferred
U1408,INT03,80,Lookalike model
U1408,INT06,79,Engagement-inferred
U1408,INT09,79,Lookalike model
U1408,INT48,77,Engagement-inferred
U1408,INT04,73,Lookalike model
U1408,INT22,73,Declared
U1408,INT24,73,Engagement-inferred
U1408,INT16,72,Engagement-inferred
U1408,INT49,70,Engagement-inferred
U1408,INT08,69,Engagement-inferred
U1409,INT03,96,Engagement-inferred
U1409,INT05,94,Engagement-inferred
U1409,INT40,92,Engagement-inferred
U1409,INT44,88,Engagement-inferred
U1409,INT04,87,Declared
U1409,INT42,84,Engagement-inferred
U1409,INT47,75,Engagement-inferred
U1409,INT41,74,Lookalike model
U1409,INT43,74,Engagement-inferred
U1409,INT24,71,Lookalike model
U1409,INT23,69,Declared
U1409,INT25,67,Engagement-inferred
U1409,INT38,65,Engagement-inferred
U1409,INT22,65,Declared
U1410,INT40,92,Engagement-inferred
U1410,INT16,79,Engagement-inferred
U1410,INT41,77,Engagement-inferred
U1410,INT42,76,Lookalike model
U1410,INT02,75,Declared
U1410,INT48,74,Engagement-inferred
U1410,INT38,70,Lookalike model
U1410,INT47,66,Lookalike model
U1410,INT11,62,Declared
U1410,INT12,61,Lookalike model
U1410,INT14,60,Engagement-inferred
U1410,INT49,60,Engagement-inferred
U1410,INT01,58,Declared
U1410,INT17,53,Declared
U1411,INT07,100,Lookalike model
U1411,INT21,80,Engagement-inferred
U1411,INT16,78,Lookalike model
U1411,INT48,78,Declared
U1411,INT08,77,Lookalike model
U1411,INT49,73,Engagement-inferred
U1411,INT19,72,Lookalike model
U1411,INT20,70,Declared
U1411,INT09,67,Declared
U1411,INT25,67,Engagement-inferred
U1411,INT44,66,Declared
U1411,INT43,65,Engagement-inferred
U1411,INT18,64,Declared
U1411,INT50,63,Engagement-inferred
U1412,INT44,98,Engagement-inferred
U1412,INT11,77,Engagement-inferred
U1412,INT43,73,Engagement-inferred
U1412,INT28,69,Engagement-inferred
U1412,INT30,69,Engagement-inferred
U1412,INT27,69,Lookalike model
U1412,INT14,68,Engagement-inferred
U1412,INT29,67,Engagement-inferred
U1412,INT10,66,Engagement-inferred
U1412,INT26,65,Declared
U1412,INT09,62,Engagement-inferred
U1412,INT50,61,Engagement-inferred
U1412,INT03,61,Engagement-inferred
U1412,INT38,60,Lookalike model
U1413,INT07,100,Engagement-inferred
U1413,INT08,94,Lookalike model
U1413,INT47,93,Lookalike model
U1413,INT11,91,Declared
U1413,INT38,88,Engagement-inferred
U1413,INT43,81,Engagement-inferred
U1413,INT44,80,Engagement-inferred
U1413,INT14,80,Declared
U1413,INT09,72,Declared
U1413,INT06,59,Declared
U1413,INT19,56,Engagement-inferred
U1413,INT03,54,Engagement-inferred
U1413,INT46,52,Engagement-inferred
U1413,INT01,52,Engagement-inferred
U1414,INT16,96,Lookalike model
U1414,INT26,95,Lookalike model
U1414,INT30,81,Engagement-inferred
U1414,INT27,80,Declared
U1414,INT28,79,Engagement-inferred
U1414,INT31,78,Engagement-inferred
U1414,INT29,78,Engagement-inferred
U1414,INT40,76,Lookalike model
U1414,INT41,74,Lookalike model
U1414,INT07,73,Lookalike model
U1414,INT24,70,Declared
U1414,INT18,69,Declared
U1414,INT08,69,Declared
U1414,INT19,69,Engagement-inferred
U1415,INT07,82,Engagement-inferred
U1415,INT47,79,Lookalike model
U1415,INT38,78,Engagement-inferred
U1415,INT48,76,Engagement-inferred
U1415,INT42,73,Engagement-inferred
U1415,INT49,71,Engagement-inferred
U1415,INT46,71,Declared
U1415,INT33,70,Engagement-inferred
U1415,INT11,70,Engagement-inferred
U1415,INT44,70,Engagement-inferred
U1415,INT08,67,Declared
U1415,INT45,67,Engagement-inferred
U1415,INT14,66,Declared
U1415,INT09,66,Declared
U1416,INT26,100,Engagement-inferred
U1416,INT28,92,Declared
U1416,INT44,90,Engagement-inferred
U1416,INT30,88,Declared
U1416,INT32,88,Engagement-inferred
U1416,INT27,84,Lookalike model
U1416,INT11,78,Engagement-inferred
U1416,INT29,78,Lookalike model
U1416,INT14,77,Lookalike model
U1416,INT10,77,Engagement-inferred
U1416,INT43,71,Engagement-inferred
U1416,INT47,68,Lookalike model
U1416,INT31,68,Engagement-inferred
U1416,INT40,67,Declared
U1417,INT01,84,Engagement-inferred
U1417,INT19,82,Declared
U1417,INT47,77,Declared
U1417,INT18,76,Engagement-inferred
U1417,INT10,75,Engagement-inferred
U1417,INT02,75,Engagement-inferred
U1417,INT11,74,Engagement-inferred
U1417,INT46,73,Declared
U1417,INT14,71,Engagement-inferred
U1417,INT06,71,Declared
U1417,INT20,69,Engagement-inferred
U1417,INT21,65,Declared
U1417,INT43,64,Engagement-inferred
U1417,INT44,63,Lookalike model
U1418,INT43,87,Engagement-inferred
U1418,INT44,83,Engagement-inferred
U1418,INT21,73,Engagement-inferred
U1418,INT26,71,Engagement-inferred
U1418,INT03,71,Engagement-inferred
U1418,INT18,69,Engagement-inferred
U1418,INT10,66,Declared
U1418,INT19,65,Lookalike model
U1418,INT47,62,Declared
U1418,INT07,61,Engagement-inferred
U1418,INT46,59,Lookalike model
U1418,INT29,58,Lookalike model
U1418,INT04,58,Engagement-inferred
U1418,INT20,57,Declared
U1419,INT47,96,Lookalike model
U1419,INT41,92,Engagement-inferred
U1419,INT40,90,Engagement-inferred
U1419,INT49,89,Engagement-inferred
U1419,INT23,88,Engagement-inferred
U1419,INT42,83,Engagement-inferred
U1419,INT48,79,Declared
U1419,INT50,78,Lookalike model
U1419,INT44,78,Engagement-inferred
U1419,INT38,76,Engagement-inferred
U1419,INT22,76,Engagement-inferred
U1419,INT24,71,Engagement-inferred
U1419,INT43,68,Engagement-inferred
U1419,INT19,67,Engagement-inferred
U1420,INT22,95,Engagement-inferred
U1420,INT03,92,Engagement-inferred
U1420,INT24,90,Engagement-inferred
U1420,INT23,90,Engagement-inferred
U1420,INT47,87,Engagement-inferred
U1420,INT01,86,Engagement-inferred
U1420,INT26,81,Declared
U1420,INT15,80,Lookalike model
U1420,INT38,75,Engagement-inferred
U1420,INT05,73,Declared
U1420,INT02,68,Lookalike model
U1420,INT04,67,Engagement-inferred
U1420,INT27,67,Engagement-inferred
U1420,INT29,65,Engagement-inferred
U1421,INT47,93,Declared
U1421,INT43,89,Engagement-inferred
U1421,INT44,85,Engagement-inferred
U1421,INT38,82,Lookalike model
U1421,INT26,78,Engagement-inferred
U1421,INT29,77,Engagement-inferred
U1421,INT20,72,Engagement-inferred
U1421,INT32,72,Engagement-inferred
U1421,INT21,72,Declared
U1421,INT28,71,Engagement-inferred
U1421,INT27,70,Lookalike model
U1421,INT23,67,Engagement-inferred
U1421,INT10,66,Declared
U1421,INT19,66,Engagement-inferred
U1422,INT33,95,Engagement-inferred
U1422,INT16,92,Engagement-inferred
U1422,INT34,86,Engagement-inferred
U1422,INT07,83,Engagement-inferred
U1422,INT17,82,Engagement-inferred
U1422,INT44,76,Declared
U1422,INT43,68,Declared
U1422,INT35,68,Lookalike model
U1422,INT08,68,Declared
U1422,INT12,67,Engagement-inferred
U1422,INT09,65,Engagement-inferred
U1422,INT11,63,Engagement-inferred
U1422,INT10,57,Lookalike model
U1422,INT19,56,Lookalike model
U1423,INT47,98,Lookalike model
U1423,INT44,98,Engagement-inferred
U1423,INT26,86,Lookalike model
U1423,INT38,83,Lookalike model
U1423,INT27,82,Engagement-inferred
U1423,INT01,75,Declared
U1423,INT14,74,Engagement-inferred
U1423,INT07,74,Engagement-inferred
U1423,INT43,72,Engagement-inferred
U1423,INT31,70,Lookalike model
U1423,INT32,70,Engagement-inferred
U1423,INT11,68,Lookalike model
U1423,INT08,67,Engagement-inferred
U1423,INT29,67,Engagement-inferred
U1424,INT07,95,Declared
U1424,INT22,75,Lookalike model
U1424,INT25,72,Declared
U1424,INT08,71,Engagement-inferred
U1424,INT44,66,Lookalike model
U1424,INT24,66,Declared
U1424,INT47,66,Engagement-inferred
U1424,INT26,66,Lookalike model
U1424,INT09,64,Engagement-inferred
U1424,INT23,63,Engagement-inferred
U1424,INT03,63,Engagement-inferred
U1424,INT28,58,Engagement-inferred
U1424,INT15,57,Engagement-inferred
U1424,INT11,56,Engagement-inferred
U1425,INT49,88,Engagement-inferred
U1425,INT27,81,Engagement-inferred
U1425,INT48,80,Lookalike model
U1425,INT37,77,Declared
U1425,INT26,76,Engagement-inferred
U1425,INT36,72,Engagement-inferred
U1425,INT47,72,Engagement-inferred
U1425,INT44,70,Engagement-inferred
U1425,INT30,70,Engagement-inferred
U1425,INT29,69,Engagement-inferred
U1425,INT28,68,Lookalike model
U1425,INT11,66,Declared
U1425,INT50,66,Declared
U1425,INT40,64,Engagement-inferred
U1426,INT08,87,Engagement-inferred
U1426,INT07,80,Declared
U1426,INT18,72,Engagement-inferred
U1426,INT48,72,Engagement-inferred
U1426,INT09,71,Engagement-inferred
U1426,INT19,71,Declared
U1426,INT40,70,Engagement-inferred
U1426,INT50,70,Engagement-inferred
U1426,INT11,67,Engagement-inferred
U1426,INT01,64,Engagement-inferred
U1426,INT42,64,Lookalike model
U1426,INT49,64,Engagement-inferred
U1426,INT41,60,Declared
U1426,INT28,58,Lookalike model
U1427,INT26,95,Declared
U1427,INT27,92,Engagement-inferred
U1427,INT28,88,Engagement-inferred
U1427,INT03,83,Lookalike model
U1427,INT31,81,Lookalike model
U1427,INT47,78,Engagement-inferred
U1427,INT48,76,Engagement-inferred
U1427,INT38,75,Engagement-inferred
U1427,INT16,73,Lookalike model
U1427,INT42,73,Lookalike model
U1427,INT29,71,Engagement-inferred
U1427,INT32,70,Engagement-inferred
U1427,INT40,69,Lookalike model
U1427,INT50,68,Engagement-inferred
U1428,INT26,98,Lookalike model
U1428,INT27,98,Lookalike model
U1428,INT10,95,Engagement-inferred
U1428,INT30,85,Declared
U1428,INT47,84,Engagement-inferred
U1428,INT28,81,Declared
U1428,INT31,76,Declared
U1428,INT32,74,Engagement-inferred
U1428,INT07,73,Engagement-inferred
U1428,INT29,72,Engagement-inferred
U1428,INT38,69,Lookalike model
U1428,INT25,67,Declared
U1428,INT36,66,Engagement-inferred
U1428,INT04,63,Lookalike model
U1429,INT10,94,Engagement-inferred
U1429,INT01,93,Engagement-inferred
U1429,INT26,89,Engagement-inferred
U1429,INT32,86,Lookalike model
U1429,INT03,86,Engagement-inferred
U1429,INT29,85,Engagement-inferred
U1429,INT04,85,Declared
U1429,INT08,82,Engagement-inferred
U1429,INT02,76,Engagement-inferred
U1429,INT28,75,Engagement-inferred
U1429,INT05,73,Lookalike model
U1429,INT27,73,Lookalike model
U1429,INT30,72,Engagement-inferred
U1429,INT07,70,Engagement-inferred
U1430,INT47,83,Lookalike model
U1430,INT38,81,Declared
U1430,INT11,80,Engagement-inferred
U1430,INT10,79,Engagement-inferred
U1430,INT07,76,Engagement-inferred
U1430,INT48,67,Lookalike model
U1430,INT49,62,Lookalike model
U1430,INT04,62,Engagement-inferred
U1430,INT27,61,Engagement-inferred
U1430,INT05,60,Lookalike model
U1430,INT44,60,Engagement-inferred
U1430,INT40,60,Engagement-inferred
U1430,INT42,59,Lookalike model
U1430,INT14,58,Engagement-inferred
U1431,INT38,89,Lookalike model
U1431,INT47,86,Lookalike model
U1431,INT01,82,Declared
U1431,INT17,81,Engagement-inferred
U1431,INT11,78,Engagement-inferred
U1431,INT16,76,Engagement-inferred
U1431,INT14,68,Engagement-inferred
U1431,INT02,66,Engagement-inferred
U1431,INT25,64,Engagement-inferred
U1431,INT40,62,Declared
U1431,INT06,61,Lookalike model
U1431,INT39,58,Engagement-inferred
U1431,INT12,58,Engagement-inferred
U1431,INT07,57,Declared
U1432,INT33,92,Engagement-inferred
U1432,INT29,82,Engagement-inferred
U1432,INT47,80,Engagement-inferred
U1432,INT16,80,Engagement-inferred
U1432,INT34,77,Lookalike model
U1432,INT40,77,Declared
U1432,INT17,76,Declared
U1432,INT27,76,Engagement-inferred
U1432,INT26,75,Engagement-inferred
U1432,INT03,71,Engagement-inferred
U1432,INT38,70,Lookalike model
U1432,INT05,70,Declared
U1432,INT31,67,Declared
U1432,INT28,66,Engagement-inferred
U1433,INT07,95,Engagement-inferred
U1433,INT10,86,Engagement-inferred
U1433,INT01,83,Engagement-inferred
U1433,INT26,78,Lookalike model
U1433,INT11,76,Engagement-inferred
U1433,INT08,73,Declared
U1433,INT47,71,Engagement-inferred
U1433,INT25,67,Engagement-inferred
U1433,INT02,65,Declared
U1433,INT09,65,Engagement-inferred
U1433,INT42,64,Lookalike model
U1433,INT06,64,Engagement-inferred
U1433,INT14,64,Lookalike model
U1433,INT31,63,Declared
U1434,INT22,84,Declared
U1434,INT26,82,Engagement-inferred
U1434,INT27,80,Declared
U1434,INT07,79,Engagement-inferred
U1434,INT23,78,Engagement-inferred
U1434,INT33,73,Declared
U1434,INT14,73,Engagement-inferred
U1434,INT31,73,Engagement-inferred
U1434,INT24,72,Lookalike model
U1434,INT34,70,Engagement-inferred
U1434,INT32,69,Lookalike model
U1434,INT28,69,Engagement-inferred
U1434,INT16,67,Engagement-inferred
U1434,INT30,67,Engagement-inferred
U1435,INT07,85,Engagement-inferred
U1435,INT43,78,Engagement-inferred
U1435,INT44,77,Engagement-inferred
U1435,INT26,77,Engagement-inferred
U1435,INT16,71,Engagement-inferred
U1435,INT27,67,Engagement-inferred
U1435,INT03,67,Engagement-inferred
U1435,INT17,65,Lookalike model
U1435,INT08,65,Lookalike model
U1435,INT29,62,Declared
U1435,INT04,62,Lookalike model
U1435,INT30,61,Engagement-inferred
U1435,INT46,60,Engagement-inferred
U1435,INT11,59,Engagement-inferred
U1436,INT14,87,Engagement-inferred
U1436,INT11,82,Engagement-inferred
U1436,INT33,77,Declared
U1436,INT35,74,Engagement-inferred
U1436,INT40,67,Declared
U1436,INT34,64,Engagement-inferred
U1436,INT01,63,Engagement-inferred
U1436,INT10,62,Lookalike model
U1436,INT07,58,Engagement-inferred
U1436,INT42,57,Declared
U1436,INT41,57,Lookalike model
U1436,INT02,54,Engagement-inferred
U1436,INT06,54,Engagement-inferred
U1436,INT25,53,Lookalike model
U1437,INT44,89,Declared
U1437,INT10,87,Lookalike model
U1437,INT03,79,Declared
U1437,INT04,75,Engagement-inferred
U1437,INT26,75,Lookalike model
U1437,INT05,74,Engagement-inferred
U1437,INT43,70,Engagement-inferred
U1437,INT29,66,Engagement-inferred
U1437,INT28,66,Lookalike model
U1437,INT07,65,Engagement-inferred
U1437,INT11,64,Lookalike model
U1437,INT27,64,Engagement-inferred
U1437,INT08,61,Declared
U1437,INT47,60,Lookalike model
U1438,INT07,85,Declared
U1438,INT36,84,Engagement-inferred
U1438,INT40,80,Engagement-inferred
U1438,INT14,79,Engagement-inferred
U1438,INT41,78,Declared
U1438,INT08,76,Lookalike model
U1438,INT10,76,Engagement-inferred
U1438,INT09,76,Engagement-inferred
U1438,INT47,75,Declared
U1438,INT11,72,Engagement-inferred
U1438,INT42,71,Lookalike model
U1438,INT37,68,Engagement-inferred
U1438,INT16,67,Lookalike model
U1438,INT03,66,Lookalike model
U1439,INT11,96,Engagement-inferred
U1439,INT44,96,Declared
U1439,INT07,95,Lookalike model
U1439,INT24,95,Declared
U1439,INT23,82,Engagement-inferred
U1439,INT22,80,Engagement-inferred
U1439,INT15,78,Lookalike model
U1439,INT43,77,Engagement-inferred
U1439,INT08,75,Engagement-inferred
U1439,INT46,74,Lookalike model
U1439,INT14,71,Engagement-inferred
U1439,INT09,69,Declared
U1439,INT04,65,Lookalike model
U1439,INT03,60,Declared
U1440,INT07,100,Engagement-inferred
U1440,INT03,94,Engagement-inferred
U1440,INT22,88,Engagement-inferred
U1440,INT08,88,Lookalike model
U1440,INT18,87,Engagement-inferred
U1440,INT19,86,Engagement-inferred
U1440,INT15,84,Engagement-inferred
U1440,INT21,84,Declared
U1440,INT09,83,Engagement-inferred
U1440,INT24,81,Engagement-inferred
U1440,INT23,77,Engagement-inferred
U1440,INT04,77,Lookalike model
U1440,INT44,77,Engagement-inferred
U1440,INT20,76,Engagement-inferred
U1441,INT01,88,Declared
U1441,INT27,86,Engagement-inferred
U1441,INT26,80,Engagement-inferred
U1441,INT19,78,Engagement-inferred
U1441,INT20,75,Engagement-inferred
U1441,INT31,75,Declared
U1441,INT28,74,Engagement-inferred
U1441,INT30,73,Engagement-inferred
U1441,INT02,73,Lookalike model
U1441,INT36,71,Lookalike model
U1441,INT21,70,Engagement-inferred
U1441,INT06,68,Lookalike model
U1441,INT07,68,Engagement-inferred
U1441,INT32,67,Engagement-inferred
U1442,INT27,100,Engagement-inferred
U1442,INT26,89,Engagement-inferred
U1442,INT30,83,Engagement-inferred
U1442,INT28,82,Engagement-inferred
U1442,INT29,78,Lookalike model
U1442,INT32,73,Engagement-inferred
U1442,INT31,70,Engagement-inferred
U1442,INT14,63,Declared
U1442,INT11,60,Declared
U1442,INT43,57,Declared
U1442,INT01,55,Declared
U1442,INT25,55,Engagement-inferred
U1442,INT46,54,Engagement-inferred
U1442,INT02,53,Engagement-inferred
U1443,INT33,80,Engagement-inferred
U1443,INT35,76,Engagement-inferred
U1443,INT40,76,Declared
U1443,INT34,74,Declared
U1443,INT49,68,Declared
U1443,INT42,66,Engagement-inferred
U1443,INT15,66,Lookalike model
U1443,INT10,66,Engagement-inferred
U1443,INT26,65,Declared
U1443,INT24,64,Lookalike model
U1443,INT22,62,Lookalike model
U1443,INT48,61,Declared
U1443,INT08,59,Engagement-inferred
U1443,INT23,59,Lookalike model
U1444,INT37,79,Engagement-inferred
U1444,INT11,78,Declared
U1444,INT25,77,Engagement-inferred
U1444,INT14,76,Engagement-inferred
U1444,INT03,72,Declared
U1444,INT04,71,Lookalike model
U1444,INT36,70,Declared
U1444,INT33,66,Engagement-inferred
U1444,INT39,62,Engagement-inferred
U1444,INT10,60,Engagement-inferred
U1444,INT49,58,Engagement-inferred
U1444,INT50,57,Engagement-inferred
U1444,INT05,56,Engagement-inferred
U1444,INT48,55,Lookalike model
U1445,INT47,91,Engagement-inferred
U1445,INT38,87,Declared
U1445,INT11,81,Engagement-inferred
U1445,INT22,75,Lookalike model
U1445,INT49,74,Lookalike model
U1445,INT48,74,Engagement-inferred
U1445,INT36,73,Engagement-inferred
U1445,INT10,71,Lookalike model
U1445,INT33,70,Lookalike model
U1445,INT14,68,Lookalike model
U1445,INT26,66,Lookalike model
U1445,INT23,65,Engagement-inferred
U1445,INT15,64,Engagement-inferred
U1445,INT07,64,Engagement-inferred
U1446,INT11,84,Engagement-inferred
U1446,INT36,78,Engagement-inferred
U1446,INT14,76,Engagement-inferred
U1446,INT37,71,Lookalike model
U1446,INT24,68,Declared
U1446,INT15,68,Lookalike model
U1446,INT07,65,Engagement-inferred
U1446,INT23,64,Lookalike model
U1446,INT18,62,Lookalike model
U1446,INT22,59,Engagement-inferred
U1446,INT21,58,Engagement-inferred
U1446,INT20,56,Engagement-inferred
U1446,INT39,55,Engagement-inferred
U1446,INT19,54,Declared
U1447,INT26,89,Engagement-inferred
U1447,INT47,86,Engagement-inferred
U1447,INT24,84,Engagement-inferred
U1447,INT22,82,Declared
U1447,INT28,82,Engagement-inferred
U1447,INT49,78,Lookalike model
U1447,INT14,78,Declared
U1447,INT03,77,Engagement-inferred
U1447,INT27,76,Lookalike model
U1447,INT11,75,Engagement-inferred
U1447,INT40,75,Declared
U1447,INT33,73,Engagement-inferred
U1447,INT38,73,Engagement-inferred
U1447,INT23,72,Lookalike model
U1448,INT16,95,Engagement-inferred
U1448,INT47,93,Engagement-inferred
U1448,INT08,90,Declared
U1448,INT09,88,Lookalike model
U1448,INT07,86,Engagement-inferred
U1448,INT38,84,Lookalike model
U1448,INT01,83,Lookalike model
U1448,INT26,79,Lookalike model
U1448,INT17,75,Lookalike model
U1448,INT29,75,Lookalike model
U1448,INT24,74,Engagement-inferred
U1448,INT28,72,Declared
U1448,INT02,71,Engagement-inferred
U1448,INT27,69,Engagement-inferred
U1449,INT24,89,Lookalike model
U1449,INT03,81,Engagement-inferred
U1449,INT22,77,Engagement-inferred
U1449,INT07,75,Engagement-inferred
U1449,INT20,74,Lookalike model
U1449,INT23,72,Engagement-inferred
U1449,INT10,71,Engagement-inferred
U1449,INT21,70,Engagement-inferred
U1449,INT04,70,Engagement-inferred
U1449,INT41,68,Engagement-inferred
U1449,INT18,67,Engagement-inferred
U1449,INT19,66,Engagement-inferred
U1449,INT08,64,Engagement-inferred
U1449,INT05,64,Lookalike model
U1450,INT17,100,Lookalike model
U1450,INT16,100,Lookalike model
U1450,INT33,92,Engagement-inferred
U1450,INT11,92,Engagement-inferred
U1450,INT22,91,Engagement-inferred
U1450,INT23,91,Engagement-inferred
U1450,INT24,85,Declared
U1450,INT14,82,Engagement-inferred
U1450,INT15,76,Engagement-inferred
U1450,INT12,74,Lookalike model
U1450,INT03,71,Lookalike model
U1450,INT04,67,Engagement-inferred
U1450,INT40,67,Declared
U1450,INT36,66,Lookalike model
U1451,INT26,100,Engagement-inferred
U1451,INT36,92,Declared
U1451,INT27,88,Engagement-inferred
U1451,INT30,83,Engagement-inferred
U1451,INT32,83,Engagement-inferred
U1451,INT37,83,Engagement-inferred
U1451,INT44,82,Lookalike model
U1451,INT28,80,Engagement-inferred
U1451,INT29,79,Engagement-inferred
U1451,INT39,77,Engagement-inferred
U1451,INT19,76,Engagement-inferred
U1451,INT13,73,Engagement-inferred
U1451,INT34,73,Declared
U1451,INT33,71,Engagement-inferred
U1452,INT33,99,Lookalike model
U1452,INT35,81,Engagement-inferred
U1452,INT19,77,Lookalike model
U1452,INT04,71,Engagement-inferred
U1452,INT26,69,Engagement-inferred
U1452,INT47,67,Engagement-inferred
U1452,INT27,66,Engagement-inferred
U1452,INT34,65,Engagement-inferred
U1452,INT49,63,Engagement-inferred
U1452,INT48,58,Engagement-inferred
U1452,INT03,58,Lookalike model
U1452,INT18,58,Engagement-inferred
U1452,INT09,57,Engagement-inferred
U1452,INT20,56,Engagement-inferred
U1453,INT47,74,Engagement-inferred
U1453,INT40,73,Declared
U1453,INT41,71,Engagement-inferred
U1453,INT42,71,Lookalike model
U1453,INT43,68,Declared
U1453,INT44,67,Declared
U1453,INT01,65,Declared
U1453,INT28,61,Declared
U1453,INT14,61,Engagement-inferred
U1453,INT29,58,Declared
U1453,INT20,58,Lookalike model
U1453,INT19,57,Lookalike model
U1453,INT11,55,Engagement-inferred
U1453,INT26,54,Engagement-inferred
U1454,INT07,100,Engagement-inferred
U1454,INT19,93,Engagement-inferred
U1454,INT24,84,Engagement-inferred
U1454,INT08,83,Engagement-inferred
U1454,INT09,75,Lookalike model
U1454,INT23,73,Declared
U1454,INT22,72,Lookalike model
U1454,INT20,72,Engagement-inferred
U1454,INT36,71,Engagement-inferred
U1454,INT15,71,Lookalike model
U1454,INT18,68,Engagement-inferred
U1454,INT10,66,Engagement-inferred
U1454,INT21,64,Engagement-inferred
U1454,INT37,57,Engagement-inferred
U1455,INT26,91,Engagement-inferred
U1455,INT27,90,Engagement-inferred
U1455,INT29,81,Engagement-inferred
U1455,INT28,79,Engagement-inferred
U1455,INT32,77,Engagement-inferred
U1455,INT07,75,Engagement-inferred
U1455,INT10,69,Engagement-inferred
U1455,INT46,69,Lookalike model
U1455,INT30,68,Lookalike model
U1455,INT16,67,Engagement-inferred
U1455,INT31,67,Engagement-inferred
U1455,INT25,66,Engagement-inferred
U1455,INT09,64,Engagement-inferred
U1455,INT44,63,Declared
U1456,INT33,98,Engagement-inferred
U1456,INT01,84,Lookalike model
U1456,INT47,82,Lookalike model
U1456,INT34,81,Declared
U1456,INT38,77,Declared
U1456,INT10,74,Lookalike model
U1456,INT35,74,Lookalike model
U1456,INT02,67,Engagement-inferred
U1456,INT23,63,Engagement-inferred
U1456,INT25,63,Engagement-inferred
U1456,INT11,63,Engagement-inferred
U1456,INT14,61,Engagement-inferred
U1456,INT24,61,Engagement-inferred
U1456,INT04,60,Declared
U1457,INT44,93,Declared
U1457,INT47,88,Engagement-inferred
U1457,INT38,88,Engagement-inferred
U1457,INT23,86,Engagement-inferred
U1457,INT22,82,Lookalike model
U1457,INT11,79,Lookalike model
U1457,INT14,79,Lookalike model
U1457,INT26,78,Engagement-inferred
U1457,INT29,75,Engagement-inferred
U1457,INT07,74,Declared
U1457,INT48,73,Engagement-inferred
U1457,INT24,71,Lookalike model
U1457,INT30,68,Declared
U1457,INT49,67,Engagement-inferred
U1458,INT26,100,Engagement-inferred
U1458,INT04,93,Engagement-inferred
U1458,INT29,90,Lookalike model
U1458,INT32,90,Lookalike model
U1458,INT03,86,Engagement-inferred
U1458,INT30,83,Engagement-inferred
U1458,INT27,81,Engagement-inferred
U1458,INT33,77,Engagement-inferred
U1458,INT28,76,Lookalike model
U1458,INT05,71,Engagement-inferred
U1458,INT11,70,Engagement-inferred
U1458,INT31,69,Declared
U1458,INT07,68,Engagement-inferred
U1458,INT14,64,Declared
U1459,INT11,95,Declared
U1459,INT10,89,Engagement-inferred
U1459,INT14,79,Lookalike model
U1459,INT33,65,Engagement-inferred
U1459,INT37,63,Engagement-inferred
U1459,INT13,61,Engagement-inferred
U1459,INT36,58,Engagement-inferred
U1459,INT22,57,Engagement-inferred
U1459,INT39,56,Engagement-inferred
U1459,INT40,56,Engagement-inferred
U1459,INT05,54,Engagement-inferred
U1459,INT35,53,Engagement-inferred
U1459,INT46,52,Lookalike model
U1459,INT43,52,Engagement-inferred
U1460,INT44,82,Engagement-inferred
U1460,INT33,73,Lookalike model
U1460,INT14,72,Engagement-inferred
U1460,INT11,72,Declared
U1460,INT43,72,Declared
U1460,INT03,71,Engagement-inferred
U1460,INT05,66,Engagement-inferred
U1460,INT04,64,Declared
U1460,INT46,63,Engagement-inferred
U1460,INT08,63,Engagement-inferred
U1460,INT07,60,Engagement-inferred
U1460,INT01,59,Lookalike model
U1460,INT09,59,Engagement-inferred
U1460,INT26,57,Engagement-inferred
U1461,INT19,97,Engagement-inferred
U1461,INT33,89,Declared
U1461,INT18,85,Engagement-inferred
U1461,INT20,84,Engagement-inferred
U1461,INT21,81,Engagement-inferred
U1461,INT10,72,Engagement-inferred
U1461,INT25,72,Declared
U1461,INT35,71,Engagement-inferred
U1461,INT34,71,Engagement-inferred
U1461,INT05,66,Engagement-inferred
U1461,INT49,64,Engagement-inferred
U1461,INT26,62,Engagement-inferred
U1461,INT03,58,Declared
U1461,INT14,55,Engagement-inferred
U1462,INT16,99,Engagement-inferred
U1462,INT17,80,Declared
U1462,INT12,80,Engagement-inferred
U1462,INT33,73,Engagement-inferred
U1462,INT18,72,Lookalike model
U1462,INT20,72,Lookalike model
U1462,INT19,68,Lookalike model
U1462,INT11,67,Lookalike model
U1462,INT34,65,Lookalike model
U1462,INT40,65,Engagement-inferred
U1462,INT41,64,Engagement-inferred
U1462,INT42,63,Engagement-inferred
U1462,INT49,62,Engagement-inferred
U1462,INT43,62,Engagement-inferred
U1463,INT25,89,Declared
U1463,INT22,88,Engagement-inferred
U1463,INT15,84,Engagement-inferred
U1463,INT24,81,Engagement-inferred
U1463,INT23,78,Engagement-inferred
U1463,INT44,69,Engagement-inferred
U1463,INT47,69,Lookalike model
U1463,INT14,61,Declared
U1463,INT36,61,Engagement-inferred
U1463,INT27,58,Engagement-inferred
U1463,INT11,58,Engagement-inferred
U1463,INT43,56,Engagement-inferred
U1463,INT38,55,Engagement-inferred
U1463,INT42,54,Engagement-inferred
U1464,INT44,100,Lookalike model
U1464,INT43,88,Engagement-inferred
U1464,INT40,87,Declared
U1464,INT42,79,Declared
U1464,INT41,77,Engagement-inferred
U1464,INT26,73,Declared
U1464,INT46,71,Engagement-inferred
U1464,INT24,68,Engagement-inferred
U1464,INT27,66,Engagement-inferred
U1464,INT19,65,Engagement-inferred
U1464,INT28,62,Declared
U1464,INT31,62,Engagement-inferred
U1464,INT23,62,Lookalike model
U1464,INT20,61,Engagement-inferred
U1465,INT07,86,Lookalike model
U1465,INT28,82,Engagement-inferred
U1465,INT38,79,Lookalike model
U1465,INT27,79,Engagement-inferred
U1465,INT47,78,Engagement-inferred
U1465,INT44,75,Engagement-inferred
U1465,INT26,74,Declared
U1465,INT01,71,Engagement-inferred
U1465,INT40,71,Lookalike model
U1465,INT42,69,Engagement-inferred
U1465,INT29,69,Engagement-inferred
U1465,INT43,68,Engagement-inferred
U1465,INT02,65,Engagement-inferred
U1465,INT09,63,Engagement-inferred
U1466,INT01,94,Engagement-inferred
U1466,INT02,94,Engagement-inferred
U1466,INT33,90,Engagement-inferred
U1466,INT47,87,Declared
U1466,INT46,87,Lookalike model
U1466,INT10,80,Lookalike model
U1466,INT43,79,Lookalike model
U1466,INT38,79,Declared
U1466,INT44,77,Engagement-inferred
U1466,INT06,74,Declared
U1466,INT35,66,Engagement-inferred
U1466,INT16,66,Declared
U1466,INT11,65,Engagement-inferred
U1466,INT34,63,Declared
U1467,INT23,100,Engagement-inferred
U1467,INT24,100,Engagement-inferred
U1467,INT22,99,Engagement-inferred
U1467,INT17,95,Declared
U1467,INT11,94,Engagement-inferred
U1467,INT16,93,Engagement-inferred
U1467,INT14,91,Lookalike model
U1467,INT44,88,Engagement-inferred
U1467,INT19,84,Engagement-inferred
U1467,INT12,82,Declared
U1467,INT20,80,Engagement-inferred
U1467,INT21,78,Engagement-inferred
U1467,INT15,76,Engagement-inferred
U1467,INT18,74,Engagement-inferred
U1468,INT33,100,Engagement-inferred
U1468,INT01,93,Lookalike model
U1468,INT26,92,Engagement-inferred
U1468,INT34,89,Lookalike model
U1468,INT07,87,Engagement-inferred
U1468,INT02,84,Declared
U1468,INT27,82,Declared
U1468,INT08,82,Engagement-inferred
U1468,INT48,81,Engagement-inferred
U1468,INT35,80,Engagement-inferred
U1468,INT06,73,Engagement-inferred
U1468,INT49,72,Lookalike model
U1468,INT09,70,Engagement-inferred
U1468,INT05,67,Engagement-inferred
U1469,INT27,91,Engagement-inferred
U1469,INT31,83,Lookalike model
U1469,INT32,83,Engagement-inferred
U1469,INT26,83,Declared
U1469,INT21,78,Engagement-inferred
U1469,INT20,75,Engagement-inferred
U1469,INT28,74,Engagement-inferred
U1469,INT07,73,Engagement-inferred
U1469,INT10,72,Engagement-inferred
U1469,INT29,71,Engagement-inferred
U1469,INT19,70,Engagement-inferred
U1469,INT43,68,Engagement-inferred
U1469,INT25,65,Engagement-inferred
U1469,INT18,65,Engagement-inferred
U1470,INT08,96,Engagement-inferred
U1470,INT07,94,Engagement-inferred
U1470,INT03,93,Engagement-inferred
U1470,INT49,92,Engagement-inferred
U1470,INT38,87,Engagement-inferred
U1470,INT09,87,Engagement-inferred
U1470,INT47,85,Engagement-inferred
U1470,INT04,78,Declared
U1470,INT48,78,Lookalike model
U1470,INT05,73,Engagement-inferred
U1470,INT44,72,Engagement-inferred
U1470,INT28,72,Lookalike model
U1470,INT50,70,Declared
U1470,INT26,68,Engagement-inferred
U1471,INT07,93,Engagement-inferred
U1471,INT08,91,Engagement-inferred
U1471,INT09,90,Engagement-inferred
U1471,INT01,82,Engagement-inferred
U1471,INT24,73,Lookalike model
U1471,INT11,72,Declared
U1471,INT23,70,Lookalike model
U1471,INT22,70,Declared
U1471,INT38,69,Declared
U1471,INT02,68,Engagement-inferred
U1471,INT14,66,Declared
U1471,INT06,66,Engagement-inferred
U1471,INT48,64,Engagement-inferred
U1471,INT26,63,Engagement-inferred
U1472,INT01,91,Lookalike model
U1472,INT02,86,Declared
U1472,INT11,83,Engagement-inferred
U1472,INT36,83,Engagement-inferred
U1472,INT26,82,Engagement-inferred
U1472,INT14,81,Declared
U1472,INT44,78,Engagement-inferred
U1472,INT06,74,Engagement-inferred
U1472,INT19,73,Lookalike model
U1472,INT37,73,Engagement-inferred
U1472,INT03,72,Engagement-inferred
U1472,INT13,72,Engagement-inferred
U1472,INT04,70,Engagement-inferred
U1472,INT18,66,Engagement-inferred
U1473,INT26,96,Engagement-inferred
U1473,INT40,87,Engagement-inferred
U1473,INT42,82,Engagement-inferred
U1473,INT31,77,Declared
U1473,INT07,73,Declared
U1473,INT28,73,Engagement-inferred
U1473,INT22,72,Declared
U1473,INT49,71,Lookalike model
U1473,INT41,71,Engagement-inferred
U1473,INT01,71,Engagement-inferred
U1473,INT09,70,Engagement-inferred
U1473,INT06,67,Engagement-inferred
U1473,INT23,67,Engagement-inferred
U1473,INT27,67,Engagement-inferred
U1474,INT03,98,Engagement-inferred
U1474,INT25,79,Engagement-inferred
U1474,INT04,78,Lookalike model
U1474,INT14,77,Engagement-inferred
U1474,INT05,73,Engagement-inferred
U1474,INT11,68,Declared
U1474,INT16,67,Engagement-inferred
U1474,INT01,66,Engagement-inferred
U1474,INT44,64,Lookalike model
U1474,INT43,63,Declared
U1474,INT33,63,Engagement-inferred
U1474,INT47,62,Engagement-inferred
U1474,INT49,62,Lookalike model
U1474,INT34,55,Lookalike model
U1475,INT33,100,Engagement-inferred
U1475,INT26,100,Engagement-inferred
U1475,INT27,90,Declared
U1475,INT34,88,Declared
U1475,INT31,87,Engagement-inferred
U1475,INT07,85,Engagement-inferred
U1475,INT32,84,Declared
U1475,INT40,83,Lookalike model
U1475,INT10,81,Engagement-inferred
U1475,INT49,81,Declared
U1475,INT28,79,Engagement-inferred
U1475,INT30,79,Engagement-inferred
U1475,INT35,78,Engagement-inferred
U1475,INT29,73,Engagement-inferred
U1476,INT46,82,Lookalike model
U1476,INT07,79,Lookalike model
U1476,INT10,75,Lookalike model
U1476,INT28,73,Declared
U1476,INT47,70,Lookalike model
U1476,INT08,70,Declared
U1476,INT14,64,Engagement-inferred
U1476,INT09,64,Engagement-inferred
U1476,INT26,63,Declared
U1476,INT38,63,Engagement-inferred
U1476,INT29,62,Engagement-inferred
U1476,INT43,60,Engagement-inferred
U1476,INT44,59,Engagement-inferred
U1476,INT32,58,Engagement-inferred
U1477,INT43,92,Engagement-inferred
U1477,INT25,90,Engagement-inferred
U1477,INT44,87,Engagement-inferred
U1477,INT05,86,Engagement-inferred
U1477,INT47,86,Declared
U1477,INT30,84,Declared
U1477,INT38,82,Engagement-inferred
U1477,INT32,81,Engagement-inferred
U1477,INT24,80,Engagement-inferred
U1477,INT22,79,Engagement-inferred
U1477,INT03,79,Engagement-inferred
U1477,INT26,79,Engagement-inferred
U1477,INT27,76,Engagement-inferred
U1477,INT23,76,Lookalike model
U1478,INT07,86,Declared
U1478,INT09,81,Declared
U1478,INT47,79,Engagement-inferred
U1478,INT44,76,Declared
U1478,INT08,73,Lookalike model
U1478,INT19,71,Engagement-inferred
U1478,INT43,68,Lookalike model
U1478,INT10,68,Declared
U1478,INT48,66,Lookalike model
U1478,INT38,63,Engagement-inferred
U1478,INT41,62,Declared
U1478,INT49,61,Engagement-inferred
U1478,INT05,61,Declared
U1478,INT03,57,Lookalike model
U1479,INT33,89,Engagement-inferred
U1479,INT35,87,Declared
U1479,INT34,79,Engagement-inferred
U1479,INT11,77,Engagement-inferred
U1479,INT14,73,Engagement-inferred
U1479,INT46,70,Engagement-inferred
U1479,INT03,69,Engagement-inferred
U1479,INT26,67,Engagement-inferred
U1479,INT44,65,Engagement-inferred
U1479,INT25,63,Declared
U1479,INT02,62,Lookalike model
U1479,INT06,59,Declared
U1479,INT01,56,Declared
U1479,INT47,55,Engagement-inferred
U1480,INT08,93,Engagement-inferred
U1480,INT26,88,Engagement-inferred
U1480,INT07,87,Engagement-inferred
U1480,INT47,87,Engagement-inferred
U1480,INT40,86,Engagement-inferred
U1480,INT22,86,Engagement-inferred
U1480,INT41,84,Engagement-inferred
U1480,INT23,84,Engagement-inferred
U1480,INT29,83,Declared
U1480,INT24,82,Declared
U1480,INT27,82,Declared
U1480,INT09,79,Engagement-inferred
U1480,INT32,72,Engagement-inferred
U1480,INT31,71,Engagement-inferred
U1481,INT49,100,Engagement-inferred
U1481,INT48,98,Lookalike model
U1481,INT26,93,Lookalike model
U1481,INT38,83,Lookalike model
U1481,INT01,82,Lookalike model
U1481,INT18,82,Engagement-inferred
U1481,INT32,80,Lookalike model
U1481,INT16,79,Lookalike model
U1481,INT19,78,Lookalike model
U1481,INT47,76,Lookalike model
U1481,INT29,74,Engagement-inferred
U1481,INT02,72,Declared
U1481,INT06,71,Engagement-inferred
U1481,INT50,71,Engagement-inferred
U1482,INT40,85,Lookalike model
U1482,INT44,78,Lookalike model
U1482,INT42,77,Engagement-inferred
U1482,INT10,73,Engagement-inferred
U1482,INT47,73,Engagement-inferred
U1482,INT38,71,Engagement-inferred
U1482,INT41,68,Engagement-inferred
U1482,INT11,67,Engagement-inferred
U1482,INT26,60,Declared
U1482,INT33,59,Lookalike model
U1482,INT32,52,Engagement-inferred
U1482,INT27,50,Engagement-inferred
U1482,INT43,49,Engagement-inferred
U1482,INT34,49,Engagement-inferred
U1483,INT03,100,Lookalike model
U1483,INT11,97,Engagement-inferred
U1483,INT05,95,Engagement-inferred
U1483,INT38,94,Engagement-inferred
U1483,INT04,94,Declared
U1483,INT47,89,Declared
U1483,INT26,88,Engagement-inferred
U1483,INT14,81,Engagement-inferred
U1483,INT27,77,Engagement-inferred
U1483,INT40,74,Lookalike model
U1483,INT29,73,Engagement-inferred
U1483,INT28,72,Declared
U1483,INT41,71,Engagement-inferred
U1483,INT49,70,Engagement-inferred
U1484,INT33,98,Lookalike model
U1484,INT24,88,Engagement-inferred
U1484,INT26,83,Engagement-inferred
U1484,INT29,77,Engagement-inferred
U1484,INT06,77,Engagement-inferred
U1484,INT01,76,Lookalike model
U1484,INT22,75,Engagement-inferred
U1484,INT30,75,Declared
U1484,INT23,74,Lookalike model
U1484,INT32,72,Engagement-inferred
U1484,INT10,72,Declared
U1484,INT28,70,Engagement-inferred
U1484,INT34,69,Engagement-inferred
U1484,INT38,66,Lookalike model
U1485,INT07,100,Lookalike model
U1485,INT26,97,Lookalike model
U1485,INT01,89,Engagement-inferred
U1485,INT08,88,Engagement-inferred
U1485,INT09,88,Engagement-inferred
U1485,INT44,85,Engagement-inferred
U1485,INT18,85,Engagement-inferred
U1485,INT19,84,Declared
U1485,INT30,84,Declared
U1485,INT25,82,Engagement-inferred
U1485,INT02,81,Engagement-inferred
U1485,INT14,80,Engagement-inferred
U1485,INT47,78,Declared
U1485,INT27,77,Engagement-inferred
U1486,INT50,79,Declared
U1486,INT49,77,Engagement-inferred
U1486,INT42,75,Engagement-inferred
U1486,INT48,74,Engagement-inferred
U1486,INT40,73,Engagement-inferred
U1486,INT34,72,Lookalike model
U1486,INT33,69,Engagement-inferred
U1486,INT16,68,Lookalike model
U1486,INT10,68,Engagement-inferred
U1486,INT35,65,Engagement-inferred
U1486,INT17,64,Engagement-inferred
U1486,INT36,63,Engagement-inferred
U1486,INT11,61,Lookalike model
U1486,INT41,60,Engagement-inferred
U1487,INT33,100,Engagement-inferred
U1487,INT44,93,Engagement-inferred
U1487,INT34,91,Engagement-inferred
U1487,INT35,90,Engagement-inferred
U1487,INT20,84,Declared
U1487,INT43,80,Engagement-inferred
U1487,INT19,79,Lookalike model
U1487,INT47,78,Lookalike model
U1487,INT18,73,Declared
U1487,INT36,73,Engagement-inferred
U1487,INT07,72,Engagement-inferred
U1487,INT08,69,Declared
U1487,INT21,63,Engagement-inferred
U1487,INT17,58,Lookalike model
U1488,INT18,84,Engagement-inferred
U1488,INT19,78,Lookalike model
U1488,INT10,71,Lookalike model
U1488,INT35,70,Declared
U1488,INT34,67,Engagement-inferred
U1488,INT33,66,Engagement-inferred
U1488,INT20,66,Engagement-inferred
U1488,INT11,63,Engagement-inferred
U1488,INT21,63,Engagement-inferred
U1488,INT28,62,Engagement-inferred
U1488,INT07,58,Engagement-inferred
U1488,INT49,57,Lookalike model
U1488,INT25,56,Engagement-inferred
U1488,INT01,54,Engagement-inferred
U1489,INT03,71,Engagement-inferred
U1489,INT05,70,Engagement-inferred
U1489,INT46,70,Lookalike model
U1489,INT11,70,Engagement-inferred
U1489,INT25,69,Engagement-inferred
U1489,INT16,68,Engagement-inferred
U1489,INT14,65,Engagement-inferred
U1489,INT50,64,Engagement-inferred
U1489,INT48,64,Engagement-inferred
U1489,INT10,59,Engagement-inferred
U1489,INT49,59,Declared
U1489,INT04,59,Engagement-inferred
U1489,INT33,58,Engagement-inferred
U1489,INT29,57,Lookalike model
U1490,INT33,91,Engagement-inferred
U1490,INT34,91,Declared
U1490,INT35,89,Engagement-inferred
U1490,INT26,89,Engagement-inferred
U1490,INT27,85,Lookalike model
U1490,INT28,76,Declared
U1490,INT25,75,Engagement-inferred
U1490,INT31,74,Lookalike model
U1490,INT29,72,Lookalike model
U1490,INT16,72,Engagement-inferred
U1490,INT44,69,Engagement-inferred
U1490,INT30,68,Engagement-inferred
U1490,INT32,67,Engagement-inferred
U1490,INT18,66,Engagement-inferred
U1491,INT01,79,Declared
U1491,INT26,77,Engagement-inferred
U1491,INT30,76,Lookalike model
U1491,INT10,75,Engagement-inferred
U1491,INT28,72,Engagement-inferred
U1491,INT02,71,Engagement-inferred
U1491,INT29,70,Lookalike model
U1491,INT06,70,Engagement-inferred
U1491,INT38,69,Lookalike model
U1491,INT27,68,Engagement-inferred
U1491,INT47,67,Engagement-inferred
U1491,INT11,65,Declared
U1491,INT31,62,Engagement-inferred
U1491,INT14,60,Lookalike model
U1492,INT07,100,Engagement-inferred
U1492,INT16,87,Declared
U1492,INT28,85,Engagement-inferred
U1492,INT26,82,Engagement-inferred
U1492,INT08,81,Engagement-inferred
U1492,INT11,78,Engagement-inferred
U1492,INT09,72,Lookalike model
U1492,INT23,68,Engagement-inferred
U1492,INT27,67,Lookalike model
U1492,INT14,67,Engagement-inferred
U1492,INT24,66,Engagement-inferred
U1492,INT33,65,Engagement-inferred
U1492,INT17,64,Lookalike model
U1492,INT12,61,Declared
U1493,INT33,93,Engagement-inferred
U1493,INT17,90,Engagement-inferred
U1493,INT44,88,Engagement-inferred
U1493,INT16,88,Lookalike model
U1493,INT34,84,Engagement-inferred
U1493,INT01,82,Lookalike model
U1493,INT19,81,Engagement-inferred
U1493,INT43,73,Engagement-inferred
U1493,INT12,70,Engagement-inferred
U1493,INT35,68,Engagement-inferred
U1493,INT18,68,Engagement-inferred
U1493,INT38,67,Lookalike model
U1493,INT02,67,Engagement-inferred
U1493,INT20,63,Engagement-inferred
U1494,INT07,96,Engagement-inferred
U1494,INT16,93,Engagement-inferred
U1494,INT08,90,Lookalike model
U1494,INT12,86,Lookalike model
U1494,INT17,84,Lookalike model
U1494,INT09,79,Engagement-inferred
U1494,INT44,73,Lookalike model
U1494,INT10,73,Engagement-inferred
U1494,INT11,71,Engagement-inferred
U1494,INT36,70,Engagement-inferred
U1494,INT43,68,Lookalike model
U1494,INT24,62,Engagement-inferred
U1494,INT40,61,Engagement-inferred
U1494,INT39,60,Declared
U1495,INT44,87,Engagement-inferred
U1495,INT26,79,Declared
U1495,INT19,76,Engagement-inferred
U1495,INT43,76,Engagement-inferred
U1495,INT28,74,Engagement-inferred
U1495,INT01,72,Declared
U1495,INT31,70,Engagement-inferred
U1495,INT30,70,Engagement-inferred
U1495,INT18,69,Engagement-inferred
U1495,INT11,66,Engagement-inferred
U1495,INT32,66,Engagement-inferred
U1495,INT47,65,Lookalike model
U1495,INT14,65,Engagement-inferred
U1495,INT20,63,Engagement-inferred
U1496,INT44,84,Engagement-inferred
U1496,INT26,84,Lookalike model
U1496,INT01,79,Lookalike model
U1496,INT33,79,Engagement-inferred
U1496,INT47,77,Engagement-inferred
U1496,INT30,77,Engagement-inferred
U1496,INT43,75,Lookalike model
U1496,INT27,75,Engagement-inferred
U1496,INT46,73,Lookalike model
U1496,INT06,72,Lookalike model
U1496,INT29,72,Declared
U1496,INT40,70,Engagement-inferred
U1496,INT32,70,Lookalike model
U1496,INT05,69,Engagement-inferred
U1497,INT11,92,Engagement-inferred
U1497,INT14,89,Engagement-inferred
U1497,INT44,83,Lookalike model
U1497,INT47,76,Engagement-inferred
U1497,INT16,73,Engagement-inferred
U1497,INT38,70,Engagement-inferred
U1497,INT43,69,Engagement-inferred
U1497,INT46,68,Lookalike model
U1497,INT25,64,Engagement-inferred
U1497,INT09,62,Declared
U1497,INT17,61,Engagement-inferred
U1497,INT50,60,Declared
U1497,INT18,59,Lookalike model
U1497,INT26,59,Engagement-inferred
U1498,INT26,80,Lookalike model
U1498,INT03,76,Engagement-inferred
U1498,INT23,71,Engagement-inferred
U1498,INT28,69,Engagement-inferred
U1498,INT10,68,Declared
U1498,INT14,66,Declared
U1498,INT04,65,Engagement-inferred
U1498,INT27,64,Declared
U1498,INT24,64,Lookalike model
U1498,INT40,64,Lookalike model
U1498,INT22,63,Engagement-inferred
U1498,INT33,63,Engagement-inferred
U1498,INT07,62,Engagement-inferred
U1498,INT09,60,Engagement-inferred
U1499,INT36,99,Engagement-inferred
U1499,INT07,97,Engagement-inferred
U1499,INT40,80,Engagement-inferred
U1499,INT09,79,Engagement-inferred
U1499,INT11,79,Engagement-inferred
U1499,INT37,76,Engagement-inferred
U1499,INT26,76,Engagement-inferred
U1499,INT28,75,Declared
U1499,INT27,75,Declared
U1499,INT24,74,Engagement-inferred
U1499,INT48,74,Declared
U1499,INT14,74,Engagement-inferred
U1499,INT32,72,Engagement-inferred
U1499,INT49,70,Engagement-inferred
U1500,INT03,100,Engagement-inferred
U1500,INT04,92,Engagement-inferred
U1500,INT26,90,Lookalike model
U1500,INT11,78,Declared
U1500,INT27,78,Declared
U1500,INT29,78,Lookalike model
U1500,INT28,76,Engagement-inferred
U1500,INT05,74,Engagement-inferred
U1500,INT32,70,Engagement-inferred
U1500,INT14,68,Engagement-inferred
U1500,INT30,67,Lookalike model
U1500,INT38,67,Engagement-inferred
U1500,INT31,62,Engagement-inferred
U1500,INT44,62,Engagement-inferred
U1501,INT42,88,Engagement-inferred
U1501,INT49,88,Lookalike model
U1501,INT40,85,Engagement-inferred
U1501,INT41,82,Engagement-inferred
U1501,INT22,82,Engagement-inferred
U1501,INT04,79,Declared
U1501,INT26,77,Lookalike model
U1501,INT23,75,Engagement-inferred
U1501,INT48,75,Engagement-inferred
U1501,INT28,74,Engagement-inferred
U1501,INT27,73,Engagement-inferred
U1501,INT24,72,Engagement-inferred
U1501,INT36,71,Engagement-inferred
U1501,INT07,70,Engagement-inferred
U1502,INT26,88,Engagement-inferred
U1502,INT44,79,Lookalike model
U1502,INT22,69,Engagement-inferred
U1502,INT43,66,Engagement-inferred
U1502,INT36,66,Declared
U1502,INT10,65,Engagement-inferred
U1502,INT49,65,Declared
U1502,INT48,64,Declared
U1502,INT29,64,Engagement-inferred
U1502,INT31,63,Engagement-inferred
U1502,INT37,63,Engagement-inferred
U1502,INT27,63,Lookalike model
U1502,INT33,62,Engagement-inferred
U1502,INT16,61,Engagement-inferred
U1503,INT36,97,Engagement-inferred
U1503,INT39,83,Declared
U1503,INT37,79,Declared
U1503,INT25,75,Engagement-inferred
U1503,INT16,75,Lookalike model
U1503,INT14,75,Lookalike model
U1503,INT07,67,Lookalike model
U1503,INT08,67,Engagement-inferred
U1503,INT01,67,Engagement-inferred
U1503,INT47,66,Declared
U1503,INT12,63,Engagement-inferred
U1503,INT22,62,Engagement-inferred
U1503,INT09,62,Engagement-inferred
U1503,INT11,62,Lookalike model
U1504,INT16,100,Engagement-inferred
U1504,INT17,94,Engagement-inferred
U1504,INT03,78,Lookalike model
U1504,INT21,76,Engagement-inferred
U1504,INT18,75,Engagement-inferred
U1504,INT05,67,Engagement-inferred
U1504,INT11,67,Lookalike model
U1504,INT01,63,Declared
U1504,INT12,62,Engagement-inferred
U1504,INT04,62,Lookalike model
U1504,INT40,61,Engagement-inferred
U1504,INT19,59,Lookalike model
U1504,INT02,59,Engagement-inferred
U1504,INT42,57,Lookalike model
U1505,INT03,100,Engagement-inferred
U1505,INT04,95,Engagement-inferred
U1505,INT05,88,Declared
U1505,INT20,77,Engagement-inferred
U1505,INT19,77,Declared
U1505,INT18,76,Lookalike model
U1505,INT35,71,Declared
U1505,INT33,69,Engagement-inferred
U1505,INT21,66,Engagement-inferred
U1505,INT16,64,Declared
U1505,INT38,64,Engagement-inferred
U1505,INT17,64,Engagement-inferred
U1505,INT23,62,Lookalike model
U1505,INT47,62,Engagement-inferred
U1506,INT22,100,Engagement-inferred
U1506,INT23,97,Lookalike model
U1506,INT26,89,Declared
U1506,INT24,85,Engagement-inferred
U1506,INT47,81,Engagement-inferred
U1506,INT29,80,Lookalike model
U1506,INT46,77,Engagement-inferred
U1506,INT27,76,Declared
U1506,INT15,76,Engagement-inferred
U1506,INT28,76,Engagement-inferred
U1506,INT48,66,Lookalike model
U1506,INT03,66,Engagement-inferred
U1506,INT38,65,Declared
U1506,INT49,65,Engagement-inferred
U1507,INT07,100,Engagement-inferred
U1507,INT26,97,Engagement-inferred
U1507,INT40,96,Engagement-inferred
U1507,INT08,92,Engagement-inferred
U1507,INT03,89,Engagement-inferred
U1507,INT28,86,Declared
U1507,INT27,86,Declared
U1507,INT33,85,Declared
U1507,INT04,85,Engagement-inferred
U1507,INT05,83,Lookalike model
U1507,INT09,82,Engagement-inferred
U1507,INT42,81,Lookalike model
U1507,INT41,79,Engagement-inferred
U1507,INT34,73,Declared
U1508,INT03,100,Declared
U1508,INT05,98,Engagement-inferred
U1508,INT02,90,Lookalike model
U1508,INT04,86,Engagement-inferred
U1508,INT01,84,Engagement-inferred
U1508,INT26,76,Lookalike model
U1508,INT29,76,Engagement-inferred
U1508,INT16,76,Engagement-inferred
U1508,INT17,74,Engagement-inferred
U1508,INT33,73,Lookalike model
U1508,INT28,70,Declared
U1508,INT27,68,Lookalike model
U1508,INT30,64,Engagement-inferred
U1508,INT06,64,Engagement-inferred
U1509,INT27,95,Engagement-inferred
U1509,INT16,93,Engagement-inferred
U1509,INT49,90,Engagement-inferred
U1509,INT11,89,Engagement-inferred
U1509,INT24,87,Engagement-inferred
U1509,INT26,87,Declared
U1509,INT22,87,Declared
U1509,INT23,85,Engagement-inferred
U1509,INT48,83,Engagement-inferred
U1509,INT50,81,Engagement-inferred
U1509,INT28,79,Engagement-inferred
U1509,INT15,77,Engagement-inferred
U1509,INT14,74,Engagement-inferred
U1509,INT10,73,Declared
U1510,INT33,86,Engagement-inferred
U1510,INT26,84,Engagement-inferred
U1510,INT16,80,Engagement-inferred
U1510,INT17,79,Engagement-inferred
U1510,INT34,78,Engagement-inferred
U1510,INT20,77,Engagement-inferred
U1510,INT30,75,Lookalike model
U1510,INT29,75,Engagement-inferred
U1510,INT19,75,Engagement-inferred
U1510,INT27,74,Declared
U1510,INT44,73,Lookalike model
U1510,INT18,72,Lookalike model
U1510,INT21,70,Declared
U1510,INT03,69,Engagement-inferred
U1511,INT16,98,Engagement-inferred
U1511,INT04,95,Engagement-inferred
U1511,INT03,86,Engagement-inferred
U1511,INT05,86,Engagement-inferred
U1511,INT24,84,Engagement-inferred
U1511,INT22,84,Declared
U1511,INT21,84,Declared
U1511,INT20,82,Declared
U1511,INT19,77,Engagement-inferred
U1511,INT23,76,Declared
U1511,INT10,72,Engagement-inferred
U1511,INT26,71,Declared
U1511,INT17,70,Declared
U1511,INT18,69,Engagement-inferred
U1512,INT36,98,Engagement-inferred
U1512,INT25,88,Lookalike model
U1512,INT26,86,Engagement-inferred
U1512,INT28,81,Engagement-inferred
U1512,INT39,78,Engagement-inferred
U1512,INT37,77,Lookalike model
U1512,INT27,77,Lookalike model
U1512,INT11,72,Engagement-inferred
U1512,INT32,70,Engagement-inferred
U1512,INT30,68,Declared
U1512,INT23,64,Engagement-inferred
U1512,INT29,64,Engagement-inferred
U1512,INT03,64,Lookalike model
U1512,INT05,62,Engagement-inferred
U1513,INT10,97,Lookalike model
U1513,INT07,69,Engagement-inferred
U1513,INT11,64,Engagement-inferred
U1513,INT08,63,Engagement-inferred
U1513,INT09,62,Declared
U1513,INT14,61,Engagement-inferred
U1513,INT22,59,Declared
U1513,INT23,57,Lookalike model
U1513,INT30,57,Engagement-inferred
U1513,INT26,56,Engagement-inferred
U1513,INT28,54,Lookalike model
U1513,INT31,51,Lookalike model
U1513,INT15,48,Lookalike model
U1513,INT32,48,Lookalike model
U1514,INT26,100,Engagement-inferred
U1514,INT07,100,Engagement-inferred
U1514,INT27,98,Declared
U1514,INT08,86,Lookalike model
U1514,INT29,83,Engagement-inferred
U1514,INT25,82,Engagement-inferred
U1514,INT28,81,Engagement-inferred
U1514,INT09,81,Lookalike model
U1514,INT01,80,Lookalike model
U1514,INT32,78,Declared
U1514,INT02,74,Engagement-inferred
U1514,INT31,74,Engagement-inferred
U1514,INT30,73,Engagement-inferred
U1514,INT10,71,Lookalike model
U1515,INT03,100,Engagement-inferred
U1515,INT04,89,Engagement-inferred
U1515,INT23,84,Engagement-inferred
U1515,INT05,83,Engagement-inferred
U1515,INT22,83,Engagement-inferred
U1515,INT24,77,Lookalike model
U1515,INT19,68,Engagement-inferred
U1515,INT16,66,Engagement-inferred
U1515,INT15,64,Lookalike model
U1515,INT01,60,Engagement-inferred
U1515,INT11,57,Lookalike model
U1515,INT14,56,Engagement-inferred
U1515,INT17,54,Engagement-inferred
U1515,INT26,51,Lookalike model
U1516,INT40,100,Engagement-inferred
U1516,INT01,100,Engagement-inferred
U1516,INT26,87,Engagement-inferred
U1516,INT02,86,Lookalike model
U1516,INT06,85,Engagement-inferred
U1516,INT09,82,Lookalike model
U1516,INT38,82,Engagement-inferred
U1516,INT47,80,Engagement-inferred
U1516,INT07,78,Lookalike model
U1516,INT42,78,Declared
U1516,INT04,78,Engagement-inferred
U1516,INT11,76,Engagement-inferred
U1516,INT24,74,Engagement-inferred
U1516,INT05,73,Lookalike model
U1517,INT16,100,Engagement-inferred
U1517,INT18,84,Lookalike model
U1517,INT17,80,Engagement-inferred
U1517,INT07,79,Lookalike model
U1517,INT19,79,Engagement-inferred
U1517,INT08,77,Lookalike model
U1517,INT12,76,Lookalike model
U1517,INT21,75,Engagement-inferred
U1517,INT41,74,Engagement-inferred
U1517,INT42,71,Engagement-inferred
U1517,INT03,71,Lookalike model
U1517,INT44,70,Engagement-inferred
U1517,INT10,70,Engagement-inferred
U1517,INT20,69,Lookalike model
U1518,INT11,97,Engagement-inferred
U1518,INT14,84,Engagement-inferred
U1518,INT16,83,Declared
U1518,INT24,81,Lookalike model
U1518,INT22,74,Engagement-inferred
U1518,INT01,72,Engagement-inferred
U1518,INT02,71,Engagement-inferred
U1518,INT44,70,Declared
U1518,INT17,70,Declared
U1518,INT41,70,Declared
U1518,INT23,68,Engagement-inferred
U1518,INT03,66,Engagement-inferred
U1518,INT26,66,Lookalike model
U1518,INT40,65,Engagement-inferred
U1519,INT16,99,Lookalike model
U1519,INT04,84,Engagement-inferred
U1519,INT12,83,Lookalike model
U1519,INT17,82,Declared
U1519,INT25,70,Declared
U1519,INT27,67,Engagement-inferred
U1519,INT26,67,Engagement-inferred
U1519,INT29,66,Engagement-inferred
U1519,INT40,66,Declared
U1519,INT03,65,Lookalike model
U1519,INT41,65,Lookalike model
U1519,INT42,64,Lookalike model
U1519,INT31,64,Declared
U1519,INT05,62,Lookalike model
U1520,INT07,93,Engagement-inferred
U1520,INT08,86,Declared
U1520,INT25,85,Declared
U1520,INT38,84,Lookalike model
U1520,INT09,84,Lookalike model
U1520,INT47,81,Declared
U1520,INT46,59,Engagement-inferred
U1520,INT49,57,Engagement-inferred
U1520,INT14,57,Engagement-inferred
U1520,INT23,57,Engagement-inferred
U1520,INT22,56,Lookalike model
U1520,INT50,55,Engagement-inferred
U1520,INT48,54,Engagement-inferred
U1520,INT24,53,Engagement-inferred
U1521,INT04,100,Engagement-inferred
U1521,INT03,100,Engagement-inferred
U1521,INT47,99,Engagement-inferred
U1521,INT24,95,Engagement-inferred
U1521,INT22,93,Engagement-inferred
U1521,INT05,91,Engagement-inferred
U1521,INT38,86,Declared
U1521,INT26,84,Engagement-inferred
U1521,INT19,82,Declared
U1521,INT07,81,Engagement-inferred
U1521,INT23,78,Engagement-inferred
U1521,INT33,75,Declared
U1521,INT50,73,Declared
U1521,INT13,72,Engagement-inferred
U1522,INT47,93,Declared
U1522,INT10,85,Engagement-inferred
U1522,INT38,82,Engagement-inferred
U1522,INT16,78,Engagement-inferred
U1522,INT26,76,Engagement-inferred
U1522,INT36,74,Lookalike model
U1522,INT25,72,Engagement-inferred
U1522,INT30,69,Engagement-inferred
U1522,INT27,68,Engagement-inferred
U1522,INT49,64,Engagement-inferred
U1522,INT28,64,Engagement-inferred
U1522,INT12,58,Lookalike model
U1522,INT29,58,Engagement-inferred
U1522,INT17,56,Engagement-inferred
U1523,INT26,100,Engagement-inferred
U1523,INT22,98,Engagement-inferred
U1523,INT27,93,Engagement-inferred
U1523,INT24,88,Lookalike model
U1523,INT44,80,Engagement-inferred
U1523,INT29,78,Engagement-inferred
U1523,INT28,77,Engagement-inferred
U1523,INT30,76,Lookalike model
U1523,INT23,75,Engagement-inferred
U1523,INT16,72,Engagement-inferred
U1523,INT32,69,Engagement-inferred
U1523,INT33,68,Engagement-inferred
U1523,INT49,68,Engagement-inferred
U1523,INT43,68,Engagement-inferred
U1524,INT28,94,Engagement-inferred
U1524,INT26,84,Engagement-inferred
U1524,INT29,75,Engagement-inferred
U1524,INT03,75,Engagement-inferred
U1524,INT27,75,Declared
U1524,INT11,74,Engagement-inferred
U1524,INT31,73,Lookalike model
U1524,INT04,73,Engagement-inferred
U1524,INT07,71,Engagement-inferred
U1524,INT36,71,Lookalike model
U1524,INT32,70,Engagement-inferred
U1524,INT30,69,Engagement-inferred
U1524,INT06,69,Lookalike model
U1524,INT05,65,Lookalike model
U1525,INT49,100,Engagement-inferred
U1525,INT26,100,Engagement-inferred
U1525,INT48,92,Declared
U1525,INT11,85,Declared
U1525,INT14,81,Lookalike model
U1525,INT25,81,Engagement-inferred
U1525,INT32,79,Lookalike model
U1525,INT27,78,Engagement-inferred
U1525,INT38,73,Declared
U1525,INT28,73,Engagement-inferred
U1525,INT50,71,Engagement-inferred
U1525,INT29,70,Engagement-inferred
U1525,INT31,67,Engagement-inferred
U1525,INT47,65,Engagement-inferred
U1526,INT26,83,Engagement-inferred
U1526,INT28,82,Engagement-inferred
U1526,INT27,79,Declared
U1526,INT16,79,Engagement-inferred
U1526,INT33,78,Lookalike model
U1526,INT30,72,Engagement-inferred
U1526,INT29,72,Lookalike model
U1526,INT31,71,Engagement-inferred
U1526,INT11,70,Lookalike model
U1526,INT32,68,Engagement-inferred
U1526,INT04,66,Declared
U1526,INT35,65,Engagement-inferred
U1526,INT14,65,Engagement-inferred
U1526,INT44,64,Lookalike model
U1527,INT07,100,Lookalike model
U1527,INT44,92,Engagement-inferred
U1527,INT26,92,Lookalike model
U1527,INT16,86,Engagement-inferred
U1527,INT43,86,Engagement-inferred
U1527,INT09,82,Engagement-inferred
U1527,INT19,82,Engagement-inferred
U1527,INT08,79,Lookalike model
U1527,INT32,78,Engagement-inferred
U1527,INT21,77,Declared
U1527,INT22,76,Declared
U1527,INT02,75,Engagement-inferred
U1527,INT06,74,Lookalike model
U1527,INT17,73,Engagement-inferred
U1528,INT26,98,Declared
U1528,INT27,84,Engagement-inferred
U1528,INT44,81,Engagement-inferred
U1528,INT24,81,Lookalike model
U1528,INT11,77,Engagement-inferred
U1528,INT32,74,Engagement-inferred
U1528,INT43,74,Lookalike model
U1528,INT40,74,Engagement-inferred
U1528,INT31,73,Declared
U1528,INT22,71,Engagement-inferred
U1528,INT28,70,Engagement-inferred
U1528,INT14,70,Engagement-inferred
U1528,INT29,69,Declared
U1528,INT38,68,Declared
U1529,INT11,100,Engagement-inferred
U1529,INT14,94,Lookalike model
U1529,INT03,78,Declared
U1529,INT40,73,Engagement-inferred
U1529,INT46,72,Engagement-inferred
U1529,INT05,71,Engagement-inferred
U1529,INT47,70,Engagement-inferred
U1529,INT07,66,Engagement-inferred
U1529,INT04,65,Engagement-inferred
U1529,INT42,65,Lookalike model
U1529,INT10,64,Engagement-inferred
U1529,INT27,64,Engagement-inferred
U1529,INT38,63,Engagement-inferred
U1529,INT41,63,Engagement-inferred
U1530,INT50,96,Engagement-inferred
U1530,INT26,92,Engagement-inferred
U1530,INT48,91,Lookalike model
U1530,INT49,88,Lookalike model
U1530,INT29,88,Lookalike model
U1530,INT27,84,Lookalike model
U1530,INT28,74,Lookalike model
U1530,INT10,73,Declared
U1530,INT44,71,Engagement-inferred
U1530,INT32,67,Engagement-inferred
U1530,INT41,66,Lookalike model
U1530,INT23,66,Lookalike model
U1530,INT31,65,Engagement-inferred
U1530,INT30,62,Lookalike model
U1531,INT33,92,Declared
U1531,INT26,83,Engagement-inferred
U1531,INT11,81,Engagement-inferred
U1531,INT14,80,Engagement-inferred
U1531,INT05,73,Engagement-inferred
U1531,INT40,71,Engagement-inferred
U1531,INT34,71,Declared
U1531,INT03,71,Lookalike model
U1531,INT30,70,Declared
U1531,INT04,67,Engagement-inferred
U1531,INT41,67,Lookalike model
U1531,INT42,67,Engagement-inferred
U1531,INT29,67,Lookalike model
U1531,INT35,66,Lookalike model
U1532,INT19,86,Declared
U1532,INT26,85,Engagement-inferred
U1532,INT18,78,Engagement-inferred
U1532,INT27,75,Engagement-inferred
U1532,INT21,73,Engagement-inferred
U1532,INT29,73,Lookalike model
U1532,INT32,71,Declared
U1532,INT28,68,Lookalike model
U1532,INT20,66,Declared
U1532,INT43,64,Lookalike model
U1532,INT36,64,Engagement-inferred
U1532,INT30,64,Lookalike model
U1532,INT03,59,Lookalike model
U1532,INT42,59,Declared
U1533,INT26,100,Engagement-inferred
U1533,INT11,96,Engagement-inferred
U1533,INT27,86,Engagement-inferred
U1533,INT30,86,Engagement-inferred
U1533,INT47,85,Lookalike model
U1533,INT32,82,Engagement-inferred
U1533,INT28,81,Engagement-inferred
U1533,INT29,81,Engagement-inferred
U1533,INT01,80,Declared
U1533,INT06,76,Engagement-inferred
U1533,INT14,76,Engagement-inferred
U1533,INT02,75,Declared
U1533,INT31,74,Lookalike model
U1533,INT36,72,Lookalike model
U1534,INT07,100,Engagement-inferred
U1534,INT38,79,Declared
U1534,INT33,78,Lookalike model
U1534,INT11,77,Engagement-inferred
U1534,INT08,77,Engagement-inferred
U1534,INT19,77,Lookalike model
U1534,INT09,75,Engagement-inferred
U1534,INT20,73,Lookalike model
U1534,INT25,70,Declared
U1534,INT30,67,Lookalike model
U1534,INT47,67,Declared
U1534,INT18,66,Lookalike model
U1534,INT26,66,Engagement-inferred
U1534,INT21,66,Declared
U1535,INT11,72,Engagement-inferred
U1535,INT14,71,Lookalike model
U1535,INT25,68,Declared
U1535,INT44,67,Engagement-inferred
U1535,INT47,63,Engagement-inferred
U1535,INT40,58,Engagement-inferred
U1535,INT38,58,Engagement-inferred
U1535,INT36,50,Declared
U1535,INT49,49,Lookalike model
U1535,INT37,48,Engagement-inferred
U1535,INT01,48,Lookalike model
U1535,INT46,47,Declared
U1535,INT26,47,Engagement-inferred
U1535,INT43,45,Lookalike model
U1536,INT47,94,Engagement-inferred
U1536,INT33,92,Engagement-inferred
U1536,INT03,82,Engagement-inferred
U1536,INT26,79,Engagement-inferred
U1536,INT40,78,Engagement-inferred
U1536,INT05,75,Declared
U1536,INT41,74,Engagement-inferred
U1536,INT16,73,Engagement-inferred
U1536,INT28,72,Declared
U1536,INT38,72,Engagement-inferred
U1536,INT04,71,Engagement-inferred
U1536,INT46,71,Lookalike model
U1536,INT34,70,Lookalike model
U1536,INT42,69,Lookalike model
U1537,INT10,96,Engagement-inferred
U1537,INT43,88,Declared
U1537,INT01,86,Declared
U1537,INT44,83,Engagement-inferred
U1537,INT34,76,Engagement-inferred
U1537,INT16,75,Lookalike model
U1537,INT33,75,Engagement-inferred
U1537,INT07,72,Declared
U1537,INT02,71,Lookalike model
U1537,INT23,69,Engagement-inferred
U1537,INT09,66,Engagement-inferred
U1537,INT06,62,Declared
U1537,INT08,61,Engagement-inferred
U1537,INT17,60,Engagement-inferred
U1538,INT26,85,Engagement-inferred
U1538,INT36,84,Engagement-inferred
U1538,INT49,83,Lookalike model
U1538,INT10,78,Declared
U1538,INT39,76,Engagement-inferred
U1538,INT28,74,Engagement-inferred
U1538,INT50,74,Declared
U1538,INT27,74,Engagement-inferred
U1538,INT07,71,Engagement-inferred
U1538,INT24,71,Declared
U1538,INT33,70,Engagement-inferred
U1538,INT31,69,Engagement-inferred
U1538,INT48,67,Declared
U1538,INT23,67,Declared
U1539,INT33,100,Engagement-inferred
U1539,INT34,87,Engagement-inferred
U1539,INT38,81,Lookalike model
U1539,INT47,79,Lookalike model
U1539,INT36,76,Engagement-inferred
U1539,INT35,75,Engagement-inferred
U1539,INT27,72,Lookalike model
U1539,INT39,71,Declared
U1539,INT30,69,Declared
U1539,INT10,69,Engagement-inferred
U1539,INT03,67,Engagement-inferred
U1539,INT37,66,Lookalike model
U1539,INT24,63,Lookalike model
U1539,INT13,60,Lookalike model
U1540,INT40,99,Lookalike model
U1540,INT42,95,Lookalike model
U1540,INT41,86,Engagement-inferred
U1540,INT19,83,Engagement-inferred
U1540,INT38,82,Declared
U1540,INT16,82,Declared
U1540,INT11,81,Engagement-inferred
U1540,INT14,79,Engagement-inferred
U1540,INT47,78,Engagement-inferred
U1540,INT43,71,Engagement-inferred
U1540,INT17,71,Engagement-inferred
U1540,INT18,70,Engagement-inferred
U1540,INT44,69,Engagement-inferred
U1540,INT21,66,Declared
U1541,INT22,86,Engagement-inferred
U1541,INT26,82,Engagement-inferred
U1541,INT10,81,Lookalike model
U1541,INT23,81,Engagement-inferred
U1541,INT49,80,Lookalike model
U1541,INT48,78,Lookalike model
U1541,INT29,77,Declared
U1541,INT31,75,Declared
U1541,INT36,70,Engagement-inferred
U1541,INT25,68,Declared
U1541,INT37,67,Engagement-inferred
U1541,INT24,67,Engagement-inferred
U1541,INT46,66,Declared
U1541,INT50,63,Engagement-inferred
U1542,INT01,84,Engagement-inferred
U1542,INT02,74,Engagement-inferred
U1542,INT40,71,Engagement-inferred
U1542,INT07,67,Engagement-inferred
U1542,INT33,66,Engagement-inferred
U1542,INT43,63,Engagement-inferred
U1542,INT44,63,Lookalike model
U1542,INT42,61,Engagement-inferred
U1542,INT08,60,Lookalike model
U1542,INT06,59,Engagement-inferred
U1542,INT16,57,Declared
U1542,INT27,55,Declared
U1542,INT41,55,Lookalike model
U1542,INT35,55,Declared
U1543,INT01,87,Engagement-inferred
U1543,INT42,77,Engagement-inferred
U1543,INT40,69,Engagement-inferred
U1543,INT06,66,Lookalike model
U1543,INT02,62,Engagement-inferred
U1543,INT49,60,Engagement-inferred
U1543,INT46,58,Engagement-inferred
U1543,INT41,58,Declared
U1543,INT29,54,Engagement-inferred
U1543,INT19,53,Engagement-inferred
U1543,INT04,52,Declared
U1543,INT28,52,Declared
U1543,INT33,50,Engagement-inferred
U1543,INT11,50,Engagement-inferred
U1544,INT42,95,Lookalike model
U1544,INT47,92,Lookalike model
U1544,INT40,89,Engagement-inferred
U1544,INT16,86,Lookalike model
U1544,INT17,85,Lookalike model
U1544,INT12,85,Engagement-inferred
U1544,INT22,84,Lookalike model
U1544,INT36,83,Engagement-inferred
U1544,INT03,81,Declared
U1544,INT24,79,Lookalike model
U1544,INT41,79,Engagement-inferred
U1544,INT23,79,Lookalike model
U1544,INT37,76,Engagement-inferred
U1544,INT11,74,Engagement-inferred
U1545,INT33,91,Engagement-inferred
U1545,INT05,75,Lookalike model
U1545,INT34,74,Engagement-inferred
U1545,INT03,71,Lookalike model
U1545,INT40,70,Engagement-inferred
U1545,INT41,67,Engagement-inferred
U1545,INT46,67,Lookalike model
U1545,INT35,66,Engagement-inferred
U1545,INT44,66,Engagement-inferred
U1545,INT04,65,Engagement-inferred
U1545,INT26,64,Declared
U1545,INT11,63,Engagement-inferred
U1545,INT07,63,Engagement-inferred
U1545,INT31,62,Engagement-inferred
U1546,INT42,94,Engagement-inferred
U1546,INT22,89,Lookalike model
U1546,INT23,84,Engagement-inferred
U1546,INT26,84,Engagement-inferred
U1546,INT24,83,Engagement-inferred
U1546,INT10,83,Engagement-inferred
U1546,INT40,80,Declared
U1546,INT29,79,Declared
U1546,INT44,76,Declared
U1546,INT27,75,Lookalike model
U1546,INT15,73,Engagement-inferred
U1546,INT41,70,Declared
U1546,INT28,69,Declared
U1546,INT11,69,Engagement-inferred
U1547,INT11,88,Engagement-inferred
U1547,INT47,85,Lookalike model
U1547,INT26,85,Lookalike model
U1547,INT32,84,Lookalike model
U1547,INT31,84,Engagement-inferred
U1547,INT27,84,Engagement-inferred
U1547,INT28,77,Engagement-inferred
U1547,INT29,75,Engagement-inferred
U1547,INT30,71,Engagement-inferred
U1547,INT38,69,Engagement-inferred
U1547,INT14,67,Declared
U1547,INT10,67,Engagement-inferred
U1547,INT36,62,Engagement-inferred
U1547,INT23,59,Lookalike model
U1548,INT36,93,Lookalike model
U1548,INT37,89,Lookalike model
U1548,INT23,81,Lookalike model
U1548,INT22,79,Engagement-inferred
U1548,INT11,78,Engagement-inferred
U1548,INT24,78,Engagement-inferred
U1548,INT07,77,Engagement-inferred
U1548,INT15,75,Lookalike model
U1548,INT39,74,Engagement-inferred
U1548,INT43,71,Engagement-inferred
U1548,INT14,68,Lookalike model
U1548,INT08,67,Engagement-inferred
U1548,INT27,66,Lookalike model
U1548,INT03,66,Declared
U1549,INT11,100,Lookalike model
U1549,INT04,98,Engagement-inferred
U1549,INT03,91,Engagement-inferred
U1549,INT05,82,Lookalike model
U1549,INT14,71,Lookalike model
U1549,INT10,70,Engagement-inferred
U1549,INT47,65,Declared
U1549,INT26,64,Lookalike model
U1549,INT01,64,Engagement-inferred
U1549,INT20,63,Engagement-inferred
U1549,INT33,62,Declared
U1549,INT27,62,Lookalike model
U1549,INT38,61,Engagement-inferred
U1549,INT25,59,Engagement-inferred
U1550,INT16,100,Engagement-inferred
U1550,INT07,100,Lookalike model
U1550,INT09,88,Lookalike model
U1550,INT17,85,Declared
U1550,INT08,82,Engagement-inferred
U1550,INT10,73,Engagement-inferred
U1550,INT12,72,Lookalike model
U1550,INT19,71,Engagement-inferred
U1550,INT05,69,Engagement-inferred
U1550,INT38,69,Engagement-inferred
U1550,INT49,68,Engagement-inferred
U1550,INT26,67,Declared
U1550,INT03,67,Engagement-inferred
U1550,INT18,67,Lookalike model
U1551,INT22,94,Engagement-inferred
U1551,INT44,90,Declared
U1551,INT24,89,Engagement-inferred
U1551,INT37,86,Declared
U1551,INT36,83,Engagement-inferred
U1551,INT23,81,Declared
U1551,INT07,78,Engagement-inferred
U1551,INT11,76,Engagement-inferred
U1551,INT08,75,Declared
U1551,INT16,75,Engagement-inferred
U1551,INT49,72,Lookalike model
U1551,INT09,72,Engagement-inferred
U1551,INT14,72,Declared
U1551,INT17,71,Lookalike model
U1552,INT33,100,Engagement-inferred
U1552,INT49,78,Lookalike model
U1552,INT34,77,Engagement-inferred
U1552,INT35,74,Declared
U1552,INT24,73,Engagement-inferred
U1552,INT47,71,Lookalike model
U1552,INT48,67,Engagement-inferred
U1552,INT23,62,Engagement-inferred
U1552,INT38,62,Engagement-inferred
U1552,INT50,59,Engagement-inferred
U1552,INT25,59,Declared
U1552,INT22,59,Engagement-inferred
U1552,INT36,53,Engagement-inferred
U1552,INT05,50,Engagement-inferred
U1553,INT46,92,Engagement-inferred
U1553,INT47,77,Engagement-inferred
U1553,INT16,74,Lookalike model
U1553,INT05,72,Engagement-inferred
U1553,INT11,71,Lookalike model
U1553,INT03,69,Declared
U1553,INT12,68,Engagement-inferred
U1553,INT43,68,Engagement-inferred
U1553,INT26,66,Engagement-inferred
U1553,INT27,65,Engagement-inferred
U1553,INT44,65,Engagement-inferred
U1553,INT04,64,Engagement-inferred
U1553,INT28,63,Engagement-inferred
U1553,INT38,61,Lookalike model
U1554,INT26,100,Engagement-inferred
U1554,INT44,88,Engagement-inferred
U1554,INT29,81,Engagement-inferred
U1554,INT43,79,Engagement-inferred
U1554,INT30,77,Lookalike model
U1554,INT27,72,Engagement-inferred
U1554,INT37,70,Engagement-inferred
U1554,INT31,70,Lookalike model
U1554,INT03,69,Engagement-inferred
U1554,INT32,69,Engagement-inferred
U1554,INT28,68,Engagement-inferred
U1554,INT10,65,Engagement-inferred
U1554,INT36,64,Lookalike model
U1554,INT17,61,Declared
U1555,INT49,100,Engagement-inferred
U1555,INT16,97,Engagement-inferred
U1555,INT48,96,Engagement-inferred
U1555,INT11,87,Engagement-inferred
U1555,INT10,84,Engagement-inferred
U1555,INT46,84,Engagement-inferred
U1555,INT50,83,Lookalike model
U1555,INT14,81,Declared
U1555,INT47,81,Engagement-inferred
U1555,INT07,79,Engagement-inferred
U1555,INT38,72,Engagement-inferred
U1555,INT17,70,Engagement-inferred
U1555,INT33,69,Engagement-inferred
U1555,INT44,68,Engagement-inferred
U1556,INT11,89,Lookalike model
U1556,INT16,83,Engagement-inferred
U1556,INT19,81,Engagement-inferred
U1556,INT27,79,Lookalike model
U1556,INT26,79,Engagement-inferred
U1556,INT21,77,Engagement-inferred
U1556,INT14,76,Engagement-inferred
U1556,INT32,75,Lookalike model
U1556,INT20,72,Engagement-inferred
U1556,INT04,71,Engagement-inferred
U1556,INT28,71,Engagement-inferred
U1556,INT18,69,Engagement-inferred
U1556,INT17,69,Lookalike model
U1556,INT03,68,Engagement-inferred
U1557,INT26,100,Engagement-inferred
U1557,INT29,92,Declared
U1557,INT24,87,Engagement-inferred
U1557,INT28,86,Engagement-inferred
U1557,INT27,85,Engagement-inferred
U1557,INT32,83,Lookalike model
U1557,INT30,82,Engagement-inferred
U1557,INT44,82,Engagement-inferred
U1557,INT43,75,Lookalike model
U1557,INT01,71,Lookalike model
U1557,INT31,70,Engagement-inferred
U1557,INT23,69,Engagement-inferred
U1557,INT22,69,Engagement-inferred
U1557,INT19,65,Engagement-inferred
U1558,INT10,96,Engagement-inferred
U1558,INT16,90,Engagement-inferred
U1558,INT36,82,Engagement-inferred
U1558,INT43,82,Declared
U1558,INT25,73,Engagement-inferred
U1558,INT33,71,Engagement-inferred
U1558,INT44,70,Declared
U1558,INT22,65,Engagement-inferred
U1558,INT26,65,Engagement-inferred
U1558,INT30,64,Engagement-inferred
U1558,INT35,63,Declared
U1558,INT19,62,Engagement-inferred
U1558,INT37,62,Engagement-inferred
U1558,INT23,59,Engagement-inferred
U1559,INT05,89,Engagement-inferred
U1559,INT03,85,Engagement-inferred
U1559,INT04,79,Engagement-inferred
U1559,INT43,73,Engagement-inferred
U1559,INT19,72,Lookalike model
U1559,INT21,70,Lookalike model
U1559,INT44,68,Engagement-inferred
U1559,INT46,65,Engagement-inferred
U1559,INT18,64,Lookalike model
U1559,INT20,56,Lookalike model
U1559,INT08,55,Engagement-inferred
U1559,INT48,54,Lookalike model
U1559,INT07,54,Engagement-inferred
U1559,INT49,53,Engagement-inferred
U1560,INT38,95,Engagement-inferred
U1560,INT47,85,Engagement-inferred
U1560,INT44,84,Engagement-inferred
U1560,INT28,76,Declared
U1560,INT10,75,Declared
U1560,INT07,74,Engagement-inferred
U1560,INT26,72,Engagement-inferred
U1560,INT27,67,Engagement-inferred
U1560,INT43,66,Engagement-inferred
U1560,INT40,66,Engagement-inferred
U1560,INT22,66,Engagement-inferred
U1560,INT23,66,Engagement-inferred
U1560,INT32,65,Lookalike model
U1560,INT42,64,Lookalike model
U1561,INT44,81,Engagement-inferred
U1561,INT43,64,Engagement-inferred
U1561,INT03,62,Engagement-inferred
U1561,INT04,60,Lookalike model
U1561,INT05,58,Declared
U1561,INT16,58,Engagement-inferred
U1561,INT27,58,Lookalike model
U1561,INT26,56,Engagement-inferred
U1561,INT10,54,Engagement-inferred
U1561,INT45,51,Declared
U1561,INT25,51,Engagement-inferred
U1561,INT29,50,Engagement-inferred
U1561,INT28,50,Lookalike model
U1561,INT46,48,Declared
U1562,INT24,96,Engagement-inferred
U1562,INT23,93,Declared
U1562,INT42,85,Engagement-inferred
U1562,INT22,85,Lookalike model
U1562,INT33,79,Engagement-inferred
U1562,INT26,77,Engagement-inferred
U1562,INT41,76,Engagement-inferred
U1562,INT40,76,Lookalike model
U1562,INT15,76,Lookalike model
U1562,INT44,71,Engagement-inferred
U1562,INT28,70,Engagement-inferred
U1562,INT29,69,Engagement-inferred
U1562,INT31,69,Engagement-inferred
U1562,INT27,69,Engagement-inferred
U1563,INT16,82,Engagement-inferred
U1563,INT19,77,Lookalike model
U1563,INT20,71,Lookalike model
U1563,INT02,70,Engagement-inferred
U1563,INT18,67,Lookalike model
U1563,INT01,67,Engagement-inferred
U1563,INT42,66,Engagement-inferred
U1563,INT48,64,Engagement-inferred
U1563,INT25,63,Declared
U1563,INT40,62,Engagement-inferred
U1563,INT41,55,Engagement-inferred
U1563,INT49,55,Engagement-inferred
U1563,INT22,54,Engagement-inferred
U1563,INT50,54,Declared
U1564,INT26,92,Declared
U1564,INT07,91,Lookalike model
U1564,INT27,86,Engagement-inferred
U1564,INT30,82,Lookalike model
U1564,INT28,77,Lookalike model
U1564,INT31,76,Declared
U1564,INT08,76,Declared
U1564,INT32,75,Declared
U1564,INT29,75,Lookalike model
U1564,INT09,72,Lookalike model
U1564,INT22,68,Engagement-inferred
U1564,INT49,67,Engagement-inferred
U1564,INT48,66,Engagement-inferred
U1564,INT47,66,Declared
U1565,INT05,85,Engagement-inferred
U1565,INT03,79,Engagement-inferred
U1565,INT40,79,Lookalike model
U1565,INT33,78,Declared
U1565,INT28,76,Engagement-inferred
U1565,INT04,74,Engagement-inferred
U1565,INT30,73,Lookalike model
U1565,INT26,72,Engagement-inferred
U1565,INT34,72,Engagement-inferred
U1565,INT41,69,Engagement-inferred
U1565,INT29,69,Engagement-inferred
U1565,INT42,69,Declared
U1565,INT31,65,Engagement-inferred
U1565,INT25,61,Declared
U1566,INT05,89,Engagement-inferred
U1566,INT03,85,Lookalike model
U1566,INT04,83,Declared
U1566,INT26,79,Engagement-inferred
U1566,INT28,77,Engagement-inferred
U1566,INT29,75,Engagement-inferred
U1566,INT11,74,Declared
U1566,INT27,73,Engagement-inferred
U1566,INT16,73,Lookalike model
U1566,INT30,72,Engagement-inferred
U1566,INT14,69,Engagement-inferred
U1566,INT31,66,Engagement-inferred
U1566,INT32,63,Engagement-inferred
U1566,INT19,63,Engagement-inferred
U1567,INT44,91,Engagement-inferred
U1567,INT16,82,Engagement-inferred
U1567,INT10,76,Engagement-inferred
U1567,INT26,74,Engagement-inferred
U1567,INT17,74,Lookalike model
U1567,INT07,72,Engagement-inferred
U1567,INT27,69,Engagement-inferred
U1567,INT43,68,Engagement-inferred
U1567,INT33,66,Lookalike model
U1567,INT09,63,Declared
U1567,INT08,63,Engagement-inferred
U1567,INT29,60,Engagement-inferred
U1567,INT30,60,Lookalike model
U1567,INT28,60,Engagement-inferred
U1568,INT33,83,Engagement-inferred
U1568,INT44,80,Engagement-inferred
U1568,INT04,75,Declared
U1568,INT03,74,Lookalike model
U1568,INT34,72,Engagement-inferred
U1568,INT35,66,Engagement-inferred
U1568,INT10,65,Engagement-inferred
U1568,INT07,64,Engagement-inferred
U1568,INT08,63,Engagement-inferred
U1568,INT05,58,Engagement-inferred
U1568,INT43,57,Engagement-inferred
U1568,INT02,54,Declared
U1568,INT01,54,Engagement-inferred
U1568,INT09,52,Engagement-inferred
U1569,INT27,100,Lookalike model
U1569,INT01,98,Engagement-inferred
U1569,INT26,95,Engagement-inferred
U1569,INT16,92,Lookalike model
U1569,INT28,88,Lookalike model
U1569,INT47,88,Engagement-inferred
U1569,INT12,84,Engagement-inferred
U1569,INT25,82,Declared
U1569,INT38,82,Engagement-inferred
U1569,INT44,81,Engagement-inferred
U1569,INT22,81,Engagement-inferred
U1569,INT06,80,Engagement-inferred
U1569,INT29,79,Declared
U1569,INT42,79,Declared
U1570,INT03,92,Declared
U1570,INT10,85,Engagement-inferred
U1570,INT04,85,Declared
U1570,INT05,77,Engagement-inferred
U1570,INT26,71,Declared
U1570,INT22,70,Declared
U1570,INT11,70,Engagement-inferred
U1570,INT44,69,Declared
U1570,INT15,67,Engagement-inferred
U1570,INT24,65,Engagement-inferred
U1570,INT30,63,Engagement-inferred
U1570,INT14,62,Lookalike model
U1570,INT06,62,Declared
U1570,INT32,61,Engagement-inferred
U1571,INT26,96,Declared
U1571,INT07,91,Engagement-inferred
U1571,INT28,88,Engagement-inferred
U1571,INT32,86,Declared
U1571,INT24,84,Declared
U1571,INT27,81,Engagement-inferred
U1571,INT29,78,Lookalike model
U1571,INT04,77,Declared
U1571,INT05,77,Declared
U1571,INT30,76,Engagement-inferred
U1571,INT03,76,Lookalike model
U1571,INT08,74,Declared
U1571,INT31,73,Lookalike model
U1571,INT22,71,Engagement-inferred
U1572,INT16,88,Declared
U1572,INT21,86,Declared
U1572,INT19,84,Engagement-inferred
U1572,INT11,80,Lookalike model
U1572,INT20,74,Lookalike model
U1572,INT38,72,Declared
U1572,INT14,67,Engagement-inferred
U1572,INT18,67,Lookalike model
U1572,INT36,66,Engagement-inferred
U1572,INT17,65,Declared
U1572,INT47,65,Lookalike model
U1572,INT37,65,Engagement-inferred
U1572,INT08,64,Engagement-inferred
U1572,INT25,63,Lookalike model
U1573,INT08,73,Lookalike model
U1573,INT09,71,Engagement-inferred
U1573,INT20,71,Lookalike model
U1573,INT07,69,Lookalike model
U1573,INT16,60,Engagement-inferred
U1573,INT33,59,Engagement-inferred
U1573,INT04,59,Engagement-inferred
U1573,INT19,57,Declared
U1573,INT47,56,Engagement-inferred
U1573,INT21,56,Engagement-inferred
U1573,INT01,56,Lookalike model
U1573,INT39,55,Declared
U1573,INT03,54,Engagement-inferred
U1573,INT22,54,Engagement-inferred
U1574,INT01,100,Engagement-inferred
U1574,INT26,90,Engagement-inferred
U1574,INT27,89,Engagement-inferred
U1574,INT44,88,Engagement-inferred
U1574,INT06,87,Lookalike model
U1574,INT02,87,Engagement-inferred
U1574,INT11,84,Lookalike model
U1574,INT32,79,Engagement-inferred
U1574,INT33,78,Engagement-inferred
U1574,INT14,78,Engagement-inferred
U1574,INT30,78,Engagement-inferred
U1574,INT29,76,Engagement-inferred
U1574,INT36,75,Lookalike model
U1574,INT28,74,Lookalike model
U1575,INT01,100,Engagement-inferred
U1575,INT26,100,Engagement-inferred
U1575,INT28,92,Engagement-inferred
U1575,INT32,90,Engagement-inferred
U1575,INT27,82,Lookalike model
U1575,INT02,81,Engagement-inferred
U1575,INT29,80,Engagement-inferred
U1575,INT44,72,Engagement-inferred
U1575,INT30,70,Engagement-inferred
U1575,INT33,70,Engagement-inferred
U1575,INT06,70,Engagement-inferred
U1575,INT31,70,Declared
U1575,INT25,69,Declared
U1575,INT43,68,Lookalike model
U1576,INT10,90,Declared
U1576,INT40,74,Engagement-inferred
U1576,INT41,70,Declared
U1576,INT42,64,Engagement-inferred
U1576,INT08,62,Declared
U1576,INT09,59,Engagement-inferred
U1576,INT07,58,Lookalike model
U1576,INT22,54,Engagement-inferred
U1576,INT24,53,Engagement-inferred
U1576,INT18,52,Engagement-inferred
U1576,INT21,52,Engagement-inferred
U1576,INT44,51,Declared
U1576,INT19,50,Engagement-inferred
U1576,INT34,48,Engagement-inferred
U1577,INT24,100,Declared
U1577,INT23,92,Declared
U1577,INT20,88,Declared
U1577,INT19,87,Engagement-inferred
U1577,INT22,83,Engagement-inferred
U1577,INT15,81,Declared
U1577,INT49,80,Declared
U1577,INT18,77,Engagement-inferred
U1577,INT47,76,Engagement-inferred
U1577,INT38,76,Engagement-inferred
U1577,INT48,75,Engagement-inferred
U1577,INT21,73,Engagement-inferred
U1577,INT14,65,Engagement-inferred
U1577,INT03,63,Lookalike model
U1578,INT26,100,Engagement-inferred
U1578,INT40,88,Engagement-inferred
U1578,INT27,87,Engagement-inferred
U1578,INT48,84,Declared
U1578,INT50,84,Engagement-inferred
U1578,INT49,80,Lookalike model
U1578,INT41,77,Engagement-inferred
U1578,INT28,76,Engagement-inferred
U1578,INT08,75,Engagement-inferred
U1578,INT42,74,Declared
U1578,INT29,73,Engagement-inferred
U1578,INT44,72,Declared
U1578,INT07,71,Declared
U1578,INT32,67,Lookalike model
U1579,INT33,96,Declared
U1579,INT38,95,Declared
U1579,INT11,92,Engagement-inferred
U1579,INT47,92,Engagement-inferred
U1579,INT14,83,Engagement-inferred
U1579,INT44,81,Lookalike model
U1579,INT43,75,Declared
U1579,INT10,74,Declared
U1579,INT34,73,Engagement-inferred
U1579,INT26,73,Engagement-inferred
U1579,INT07,70,Engagement-inferred
U1579,INT46,69,Engagement-inferred
U1579,INT27,68,Declared
U1579,INT24,67,Engagement-inferred
U1580,INT26,100,Declared
U1580,INT27,91,Engagement-inferred
U1580,INT30,85,Engagement-inferred
U1580,INT16,84,Engagement-inferred
U1580,INT28,77,Engagement-inferred
U1580,INT44,77,Engagement-inferred
U1580,INT25,75,Engagement-inferred
U1580,INT17,75,Lookalike model
U1580,INT33,74,Engagement-inferred
U1580,INT43,74,Engagement-inferred
U1580,INT32,73,Declared
U1580,INT34,72,Lookalike model
U1580,INT29,70,Lookalike model
U1580,INT36,62,Engagement-inferred
U1581,INT47,100,Engagement-inferred
U1581,INT26,97,Engagement-inferred
U1581,INT08,96,Engagement-inferred
U1581,INT36,95,Declared
U1581,INT27,88,Engagement-inferred
U1581,INT16,88,Engagement-inferred
U1581,INT07,87,Engagement-inferred
U1581,INT09,86,Engagement-inferred
U1581,INT44,86,Engagement-inferred
U1581,INT29,85,Engagement-inferred
U1581,INT38,85,Lookalike model
U1581,INT40,85,Engagement-inferred
U1581,INT32,83,Engagement-inferred
U1581,INT46,81,Declared
U1582,INT11,84,Engagement-inferred
U1582,INT07,79,Engagement-inferred
U1582,INT49,79,Engagement-inferred
U1582,INT14,76,Lookalike model
U1582,INT26,75,Declared
U1582,INT28,74,Lookalike model
U1582,INT04,71,Engagement-inferred
U1582,INT48,70,Engagement-inferred
U1582,INT50,66,Engagement-inferred
U1582,INT29,61,Lookalike model
U1582,INT27,61,Engagement-inferred
U1582,INT05,60,Declared
U1582,INT24,58,Engagement-inferred
U1582,INT08,58,Engagement-inferred
U1583,INT07,76,Engagement-inferred
U1583,INT03,75,Engagement-inferred
U1583,INT04,73,Declared
U1583,INT14,71,Engagement-inferred
U1583,INT11,69,Engagement-inferred
U1583,INT08,69,Lookalike model
U1583,INT39,67,Engagement-inferred
U1583,INT09,66,Declared
U1583,INT44,65,Engagement-inferred
U1583,INT25,64,Engagement-inferred
U1583,INT29,63,Engagement-inferred
U1583,INT05,63,Engagement-inferred
U1583,INT49,62,Lookalike model
U1583,INT36,61,Declared
U1584,INT36,89,Lookalike model
U1584,INT33,89,Engagement-inferred
U1584,INT27,85,Engagement-inferred
U1584,INT48,80,Engagement-inferred
U1584,INT37,77,Lookalike model
U1584,INT39,76,Engagement-inferred
U1584,INT28,76,Engagement-inferred
U1584,INT26,75,Engagement-inferred
U1584,INT11,74,Lookalike model
U1584,INT30,73,Engagement-inferred
U1584,INT44,72,Engagement-inferred
U1584,INT29,72,Engagement-inferred
U1584,INT34,70,Engagement-inferred
U1584,INT14,66,Lookalike model
U1585,INT07,92,Engagement-inferred
U1585,INT03,92,Engagement-inferred
U1585,INT44,87,Engagement-inferred
U1585,INT04,86,Declared
U1585,INT01,83,Declared
U1585,INT33,82,Engagement-inferred
U1585,INT19,78,Lookalike model
U1585,INT05,78,Declared
U1585,INT43,77,Engagement-inferred
U1585,INT08,74,Engagement-inferred
U1585,INT35,73,Engagement-inferred
U1585,INT40,72,Declared
U1585,INT09,70,Lookalike model
U1585,INT41,69,Engagement-inferred
U1586,INT26,100,Engagement-inferred
U1586,INT01,100,Engagement-inferred
U1586,INT28,99,Lookalike model
U1586,INT07,98,Lookalike model
U1586,INT27,94,Engagement-inferred
U1586,INT29,90,Engagement-inferred
U1586,INT08,88,Declared
U1586,INT02,88,Declared
U1586,INT31,85,Engagement-inferred
U1586,INT32,82,Engagement-inferred
U1586,INT06,80,Engagement-inferred
U1586,INT30,78,Engagement-inferred
U1586,INT20,78,Engagement-inferred
U1586,INT04,77,Engagement-inferred
U1587,INT03,99,Engagement-inferred
U1587,INT05,96,Engagement-inferred
U1587,INT04,92,Engagement-inferred
U1587,INT11,92,Engagement-inferred
U1587,INT14,90,Engagement-inferred
U1587,INT26,89,Engagement-inferred
U1587,INT27,88,Engagement-inferred
U1587,INT21,80,Engagement-inferred
U1587,INT29,78,Engagement-inferred
U1587,INT32,75,Lookalike model
U1587,INT19,75,Declared
U1587,INT20,71,Engagement-inferred
U1587,INT28,71,Engagement-inferred
U1587,INT49,69,Engagement-inferred
U1588,INT33,79,Engagement-inferred
U1588,INT27,70,Lookalike model
U1588,INT14,69,Engagement-inferred
U1588,INT10,67,Engagement-inferred
U1588,INT26,67,Lookalike model
U1588,INT19,65,Declared
U1588,INT11,63,Lookalike model
U1588,INT18,60,Lookalike model
U1588,INT17,60,Engagement-inferred
U1588,INT35,60,Engagement-inferred
U1588,INT29,57,Engagement-inferred
U1588,INT34,56,Engagement-inferred
U1588,INT16,56,Engagement-inferred
U1588,INT28,55,Lookalike model
U1589,INT20,94,Declared
U1589,INT21,90,Engagement-inferred
U1589,INT10,89,Lookalike model
U1589,INT44,88,Declared
U1589,INT22,86,Declared
U1589,INT19,83,Engagement-inferred
U1589,INT43,80,Engagement-inferred
U1589,INT18,79,Declared
U1589,INT13,78,Engagement-inferred
U1589,INT11,77,Lookalike model
U1589,INT40,73,Engagement-inferred
U1589,INT23,70,Lookalike model
U1589,INT14,69,Engagement-inferred
U1589,INT16,69,Engagement-inferred
U1590,INT10,100,Lookalike model
U1590,INT03,75,Lookalike model
U1590,INT26,75,Declared
U1590,INT49,73,Engagement-inferred
U1590,INT33,72,Declared
U1590,INT05,71,Engagement-inferred
U1590,INT37,68,Engagement-inferred
U1590,INT27,68,Engagement-inferred
U1590,INT29,68,Engagement-inferred
U1590,INT36,67,Declared
U1590,INT48,66,Engagement-inferred
U1590,INT28,65,Engagement-inferred
U1590,INT30,64,Engagement-inferred
U1590,INT01,63,Engagement-inferred
U1591,INT47,89,Engagement-inferred
U1591,INT01,88,Engagement-inferred
U1591,INT38,86,Engagement-inferred
U1591,INT11,81,Engagement-inferred
U1591,INT14,79,Engagement-inferred
U1591,INT06,79,Lookalike model
U1591,INT02,74,Engagement-inferred
U1591,INT26,70,Engagement-inferred
U1591,INT19,67,Lookalike model
U1591,INT46,66,Engagement-inferred
U1591,INT08,65,Declared
U1591,INT33,65,Engagement-inferred
U1591,INT04,64,Engagement-inferred
U1591,INT34,61,Declared
U1592,INT01,96,Engagement-inferred
U1592,INT18,88,Declared
U1592,INT19,85,Lookalike model
U1592,INT06,82,Lookalike model
U1592,INT20,82,Engagement-inferred
U1592,INT21,75,Engagement-inferred
U1592,INT47,70,Engagement-inferred
U1592,INT40,69,Engagement-inferred
U1592,INT03,69,Declared
U1592,INT02,68,Engagement-inferred
U1592,INT42,68,Declared
U1592,INT07,66,Engagement-inferred
U1592,INT04,66,Lookalike model
U1592,INT16,64,Declared
U1593,INT16,99,Engagement-inferred
U1593,INT17,89,Engagement-inferred
U1593,INT24,84,Engagement-inferred
U1593,INT25,83,Engagement-inferred
U1593,INT19,82,Lookalike model
U1593,INT40,75,Engagement-inferred
U1593,INT20,68,Declared
U1593,INT14,67,Lookalike model
U1593,INT18,66,Lookalike model
U1593,INT12,66,Engagement-inferred
U1593,INT22,65,Lookalike model
U1593,INT11,65,Declared
U1593,INT33,63,Engagement-inferred
U1593,INT03,62,Engagement-inferred
U1594,INT16,80,Engagement-inferred
U1594,INT49,76,Engagement-inferred
U1594,INT26,69,Declared
U1594,INT17,68,Engagement-inferred
U1594,INT48,66,Engagement-inferred
U1594,INT50,63,Engagement-inferred
U1594,INT44,62,Engagement-inferred
U1594,INT12,60,Engagement-inferred
U1594,INT07,59,Declared
U1594,INT11,58,Declared
U1594,INT27,55,Lookalike model
U1594,INT30,55,Engagement-inferred
U1594,INT10,54,Engagement-inferred
U1594,INT40,52,Engagement-inferred
U1595,INT07,100,Engagement-inferred
U1595,INT42,86,Declared
U1595,INT08,84,Declared
U1595,INT40,82,Lookalike model
U1595,INT19,80,Declared
U1595,INT21,79,Engagement-inferred
U1595,INT47,79,Declared
U1595,INT49,79,Declared
U1595,INT26,79,Engagement-inferred
U1595,INT50,78,Engagement-inferred
U1595,INT38,75,Engagement-inferred
U1595,INT48,73,Engagement-inferred
U1595,INT18,73,Engagement-inferred
U1595,INT20,71,Engagement-inferred
U1596,INT26,78,Declared
U1596,INT07,73,Engagement-inferred
U1596,INT08,69,Engagement-inferred
U1596,INT28,69,Engagement-inferred
U1596,INT27,68,Lookalike model
U1596,INT32,66,Engagement-inferred
U1596,INT09,63,Declared
U1596,INT05,60,Declared
U1596,INT46,59,Lookalike model
U1596,INT31,59,Engagement-inferred
U1596,INT30,57,Engagement-inferred
U1596,INT11,56,Lookalike model
U1596,INT29,54,Engagement-inferred
U1596,INT25,53,Engagement-inferred
U1597,INT14,96,Engagement-inferred
U1597,INT11,87,Engagement-inferred
U1597,INT07,87,Engagement-inferred
U1597,INT47,86,Declared
U1597,INT19,83,Engagement-inferred
U1597,INT21,82,Engagement-inferred
U1597,INT08,80,Lookalike model
U1597,INT38,74,Engagement-inferred
U1597,INT22,71,Engagement-inferred
U1597,INT09,71,Engagement-inferred
U1597,INT10,66,Declared
U1597,INT18,63,Engagement-inferred
U1597,INT33,63,Lookalike model
U1597,INT03,62,Lookalike model
U1598,INT40,94,Engagement-inferred
U1598,INT26,88,Declared
U1598,INT42,79,Engagement-inferred
U1598,INT41,75,Engagement-inferred
U1598,INT27,69,Declared
U1598,INT32,66,Engagement-inferred
U1598,INT16,64,Declared
U1598,INT29,63,Engagement-inferred
U1598,INT30,61,Engagement-inferred
U1598,INT31,61,Lookalike model
U1598,INT28,60,Engagement-inferred
U1598,INT33,55,Engagement-inferred
U1598,INT25,54,Engagement-inferred
U1598,INT36,54,Engagement-inferred
U1599,INT38,80,Lookalike model
U1599,INT47,76,Engagement-inferred
U1599,INT26,72,Engagement-inferred
U1599,INT07,61,Engagement-inferred
U1599,INT28,57,Engagement-inferred
U1599,INT12,57,Lookalike model
U1599,INT01,56,Engagement-inferred
U1599,INT04,55,Lookalike model
U1599,INT44,53,Declared
U1599,INT03,53,Engagement-inferred
U1599,INT17,53,Declared
U1599,INT16,53,Engagement-inferred
U1599,INT29,52,Engagement-inferred
U1599,INT31,52,Engagement-inferred
U1600,INT16,80,Lookalike model
U1600,INT44,71,Engagement-inferred
U1600,INT48,70,Engagement-inferred
U1600,INT25,69,Lookalike model
U1600,INT42,68,Engagement-inferred
U1600,INT33,65,Engagement-inferred
U1600,INT40,65,Engagement-inferred
U1600,INT12,65,Lookalike model
U1600,INT35,65,Engagement-inferred
U1600,INT49,58,Lookalike model
U1600,INT34,56,Engagement-inferred
U1600,INT17,55,Lookalike model
U1600,INT07,55,Engagement-inferred
U1600,INT11,54,Engagement-inferred
U1601,INT22,100,Engagement-inferred
U1601,INT23,96,Engagement-inferred
U1601,INT44,95,Engagement-inferred
U1601,INT26,91,Lookalike model
U1601,INT27,87,Engagement-inferred
U1601,INT28,87,Engagement-inferred
U1601,INT24,82,Engagement-inferred
U1601,INT11,81,Engagement-inferred
U1601,INT43,78,Lookalike model
U1601,INT13,78,Declared
U1601,INT32,77,Engagement-inferred
U1601,INT29,75,Engagement-inferred
U1601,INT30,70,Lookalike model
U1601,INT04,68,Engagement-inferred
U1602,INT26,93,Declared
U1602,INT07,92,Lookalike model
U1602,INT28,88,Declared
U1602,INT33,87,Engagement-inferred
U1602,INT27,85,Lookalike model
U1602,INT16,82,Lookalike model
U1602,INT32,82,Engagement-inferred
U1602,INT09,82,Engagement-inferred
U1602,INT08,81,Declared
U1602,INT34,78,Lookalike model
U1602,INT47,77,Engagement-inferred
U1602,INT24,75,Lookalike model
U1602,INT35,74,Lookalike model
U1602,INT29,73,Engagement-inferred
U1603,INT26,86,Engagement-inferred
U1603,INT25,80,Declared
U1603,INT11,75,Engagement-inferred
U1603,INT14,74,Engagement-inferred
U1603,INT16,72,Declared
U1603,INT33,66,Declared
U1603,INT10,66,Engagement-inferred
U1603,INT37,66,Engagement-inferred
U1603,INT47,64,Engagement-inferred
U1603,INT19,64,Engagement-inferred
U1603,INT30,62,Engagement-inferred
U1603,INT28,61,Declared
U1603,INT29,61,Engagement-inferred
U1603,INT45,60,Engagement-inferred
U1604,INT08,96,Declared
U1604,INT07,93,Engagement-inferred
U1604,INT09,80,Engagement-inferred
U1604,INT36,79,Engagement-inferred
U1604,INT04,77,Engagement-inferred
U1604,INT40,73,Declared
U1604,INT37,72,Engagement-inferred
U1604,INT49,72,Engagement-inferred
U1604,INT48,72,Engagement-inferred
U1604,INT14,68,Lookalike model
U1604,INT11,68,Engagement-inferred
U1604,INT42,65,Engagement-inferred
U1604,INT50,64,Engagement-inferred
U1604,INT41,64,Declared
U1605,INT08,83,Lookalike model
U1605,INT19,82,Engagement-inferred
U1605,INT07,81,Engagement-inferred
U1605,INT37,76,Lookalike model
U1605,INT36,75,Engagement-inferred
U1605,INT47,75,Engagement-inferred
U1605,INT01,75,Lookalike model
U1605,INT21,74,Declared
U1605,INT38,73,Engagement-inferred
U1605,INT44,72,Engagement-inferred
U1605,INT18,72,Declared
U1605,INT20,66,Engagement-inferred
U1605,INT09,65,Declared
U1605,INT02,65,Engagement-inferred
U1606,INT26,97,Engagement-inferred
U1606,INT29,86,Engagement-inferred
U1606,INT30,81,Engagement-inferred
U1606,INT32,79,Engagement-inferred
U1606,INT40,79,Engagement-inferred
U1606,INT27,78,Lookalike model
U1606,INT10,78,Lookalike model
U1606,INT42,76,Engagement-inferred
U1606,INT28,75,Engagement-inferred
U1606,INT33,71,Declared
U1606,INT41,71,Engagement-inferred
U1606,INT47,70,Engagement-inferred
U1606,INT07,69,Engagement-inferred
U1606,INT19,69,Lookalike model
U1607,INT07,98,Declared
U1607,INT44,92,Engagement-inferred
U1607,INT11,83,Engagement-inferred
U1607,INT08,83,Lookalike model
U1607,INT09,80,Declared
U1607,INT27,77,Lookalike model
U1607,INT14,76,Engagement-inferred
U1607,INT26,76,Engagement-inferred
U1607,INT43,72,Engagement-inferred
U1607,INT33,67,Declared
U1607,INT28,67,Declared
U1607,INT46,65,Engagement-inferred
U1607,INT29,63,Engagement-inferred
U1607,INT22,60,Declared
U1608,INT26,92,Engagement-inferred
U1608,INT29,87,Engagement-inferred
U1608,INT27,86,Declared
U1608,INT16,83,Lookalike model
U1608,INT28,78,Engagement-inferred
U1608,INT07,77,Engagement-inferred
U1608,INT48,76,Lookalike model
U1608,INT17,74,Engagement-inferred
U1608,INT30,72,Engagement-inferred
U1608,INT31,71,Lookalike model
U1608,INT32,68,Lookalike model
U1608,INT11,65,Engagement-inferred
U1608,INT03,65,Engagement-inferred
U1608,INT14,64,Engagement-inferred
U1609,INT28,75,Engagement-inferred
U1609,INT32,73,Engagement-inferred
U1609,INT26,72,Declared
U1609,INT27,72,Declared
U1609,INT48,67,Lookalike model
U1609,INT42,65,Lookalike model
U1609,INT41,63,Engagement-inferred
U1609,INT40,60,Engagement-inferred
U1609,INT31,56,Lookalike model
U1609,INT49,56,Engagement-inferred
U1609,INT50,56,Lookalike model
U1609,INT29,56,Engagement-inferred
U1609,INT24,55,Engagement-inferred
U1609,INT08,55,Lookalike model
U1610,INT36,85,Engagement-inferred
U1610,INT07,82,Engagement-inferred
U1610,INT24,72,Engagement-inferred
U1610,INT22,71,Declared
U1610,INT15,69,Declared
U1610,INT08,68,Engagement-inferred
U1610,INT37,66,Lookalike model
U1610,INT11,66,Engagement-inferred
U1610,INT01,64,Engagement-inferred
U1610,INT20,61,Engagement-inferred
U1610,INT23,61,Engagement-inferred
U1610,INT19,58,Declared
U1610,INT21,58,Engagement-inferred
U1610,INT48,57,Engagement-inferred
U1611,INT19,96,Engagement-inferred
U1611,INT20,89,Engagement-inferred
U1611,INT38,83,Declared
U1611,INT47,82,Engagement-inferred
U1611,INT18,80,Declared
U1611,INT21,78,Declared
U1611,INT33,70,Engagement-inferred
U1611,INT48,69,Engagement-inferred
U1611,INT40,68,Declared
U1611,INT41,65,Declared
U1611,INT26,63,Engagement-inferred
U1611,INT07,63,Engagement-inferred
U1611,INT25,62,Lookalike model
U1611,INT35,60,Engagement-inferred
U1612,INT44,91,Declared
U1612,INT43,87,Declared
U1612,INT46,87,Engagement-inferred
U1612,INT11,80,Engagement-inferred
U1612,INT10,79,Engagement-inferred
U1612,INT22,78,Engagement-inferred
U1612,INT47,78,Lookalike model
U1612,INT16,74,Lookalike model
U1612,INT14,73,Declared
U1612,INT24,71,Engagement-inferred
U1612,INT38,70,Lookalike model
U1612,INT07,68,Declared
U1612,INT23,66,Lookalike model
U1612,INT49,65,Declared
U1613,INT19,84,Engagement-inferred
U1613,INT18,82,Engagement-inferred
U1613,INT33,81,Engagement-inferred
U1613,INT16,73,Declared
U1613,INT44,70,Engagement-inferred
U1613,INT21,69,Lookalike model
U1613,INT34,69,Declared
U1613,INT17,69,Engagement-inferred
U1613,INT35,68,Engagement-inferred
U1613,INT24,67,Engagement-inferred
U1613,INT10,67,Lookalike model
U1613,INT22,66,Engagement-inferred
U1613,INT20,66,Lookalike model
U1613,INT38,66,Engagement-inferred
U1614,INT26,94,Engagement-inferred
U1614,INT27,91,Lookalike model
U1614,INT07,89,Engagement-inferred
U1614,INT44,88,Engagement-inferred
U1614,INT09,83,Engagement-inferred
U1614,INT19,82,Engagement-inferred
U1614,INT11,80,Lookalike model
U1614,INT08,79,Engagement-inferred
U1614,INT33,79,Engagement-inferred
U1614,INT18,77,Lookalike model
U1614,INT43,77,Engagement-inferred
U1614,INT34,76,Declared
U1614,INT29,76,Engagement-inferred
U1614,INT20,74,Declared
U1615,INT11,78,Engagement-inferred
U1615,INT14,77,Engagement-inferred
U1615,INT22,65,Engagement-inferred
U1615,INT47,64,Engagement-inferred
U1615,INT07,63,Engagement-inferred
U1615,INT17,61,Engagement-inferred
U1615,INT48,60,Engagement-inferred
U1615,INT15,58,Engagement-inferred
U1615,INT40,57,Declared
U1615,INT24,56,Engagement-inferred
U1615,INT16,56,Declared
U1615,INT23,56,Engagement-inferred
U1615,INT25,54,Lookalike model
U1615,INT13,54,Declared
U1616,INT16,87,Engagement-inferred
U1616,INT01,82,Engagement-inferred
U1616,INT17,78,Lookalike model
U1616,INT07,75,Engagement-inferred
U1616,INT03,73,Engagement-inferred
U1616,INT04,73,Engagement-inferred
U1616,INT11,72,Declared
U1616,INT02,70,Engagement-inferred
U1616,INT06,69,Engagement-inferred
U1616,INT14,69,Lookalike model
U1616,INT44,67,Engagement-inferred
U1616,INT12,66,Engagement-inferred
U1616,INT05,66,Engagement-inferred
U1616,INT35,62,Lookalike model
U1617,INT40,83,Declared
U1617,INT42,74,Engagement-inferred
U1617,INT41,70,Declared
U1617,INT18,67,Lookalike model
U1617,INT06,61,Lookalike model
U1617,INT43,59,Declared
U1617,INT19,56,Lookalike model
U1617,INT20,56,Engagement-inferred
U1617,INT44,55,Engagement-inferred
U1617,INT26,55,Declared
U1617,INT49,54,Declared
U1617,INT12,53,Engagement-inferred
U1617,INT13,53,Declared
U1617,INT25,53,Engagement-inferred
U1618,INT26,80,Declared
U1618,INT41,69,Engagement-inferred
U1618,INT40,69,Declared
U1618,INT28,69,Engagement-inferred
U1618,INT33,67,Declared
U1618,INT07,66,Engagement-inferred
U1618,INT42,66,Engagement-inferred
U1618,INT29,64,Declared
U1618,INT30,62,Engagement-inferred
U1618,INT46,62,Engagement-inferred
U1618,INT03,62,Engagement-inferred
U1618,INT32,61,Engagement-inferred
U1618,INT27,61,Engagement-inferred
U1618,INT16,61,Declared
U1619,INT03,100,Engagement-inferred
U1619,INT04,97,Engagement-inferred
U1619,INT22,96,Engagement-inferred
U1619,INT24,90,Declared
U1619,INT01,89,Lookalike model
U1619,INT26,88,Engagement-inferred
U1619,INT28,87,Engagement-inferred
U1619,INT27,86,Declared
U1619,INT05,85,Engagement-inferred
U1619,INT23,84,Declared
U1619,INT16,83,Lookalike model
U1619,INT02,82,Lookalike model
U1619,INT14,79,Engagement-inferred
U1619,INT10,78,Engagement-inferred
U1620,INT03,100,Engagement-inferred
U1620,INT04,95,Lookalike model
U1620,INT05,82,Engagement-inferred
U1620,INT40,76,Lookalike model
U1620,INT41,72,Engagement-inferred
U1620,INT22,72,Engagement-inferred
U1620,INT42,70,Declared
U1620,INT08,68,Lookalike model
U1620,INT07,67,Lookalike model
U1620,INT25,65,Engagement-inferred
U1620,INT48,65,Engagement-inferred
U1620,INT47,63,Lookalike model
U1620,INT36,63,Lookalike model
U1620,INT34,62,Engagement-inferred
U1621,INT07,79,Declared
U1621,INT47,74,Engagement-inferred
U1621,INT03,72,Engagement-inferred
U1621,INT05,69,Declared
U1621,INT38,68,Engagement-inferred
U1621,INT10,66,Engagement-inferred
U1621,INT36,65,Engagement-inferred
U1621,INT27,65,Declared
U1621,INT26,64,Declared
U1621,INT20,64,Lookalike model
U1621,INT19,63,Lookalike model
U1621,INT08,62,Declared
U1621,INT32,60,Declared
U1621,INT21,59,Engagement-inferred
U1622,INT44,91,Engagement-inferred
U1622,INT08,91,Declared
U1622,INT43,86,Declared
U1622,INT49,83,Engagement-inferred
U1622,INT07,83,Engagement-inferred
U1622,INT48,81,Engagement-inferred
U1622,INT09,73,Engagement-inferred
U1622,INT11,69,Engagement-inferred
U1622,INT50,68,Engagement-inferred
U1622,INT14,67,Engagement-inferred
U1622,INT21,67,Engagement-inferred
U1622,INT47,63,Engagement-inferred
U1622,INT23,62,Engagement-inferred
U1622,INT37,59,Engagement-inferred
U1623,INT07,97,Engagement-inferred
U1623,INT08,91,Lookalike model
U1623,INT22,88,Lookalike model
U1623,INT09,85,Engagement-inferred
U1623,INT20,78,Lookalike model
U1623,INT19,78,Lookalike model
U1623,INT24,78,Lookalike model
U1623,INT10,77,Declared
U1623,INT26,74,Declared
U1623,INT11,73,Declared
U1623,INT30,71,Lookalike model
U1623,INT14,69,Engagement-inferred
U1623,INT27,67,Engagement-inferred
U1623,INT23,67,Engagement-inferred
U1624,INT28,82,Declared
U1624,INT26,79,Engagement-inferred
U1624,INT27,76,Engagement-inferred
U1624,INT08,75,Engagement-inferred
U1624,INT22,74,Engagement-inferred
U1624,INT29,71,Engagement-inferred
U1624,INT32,69,Engagement-inferred
U1624,INT11,69,Engagement-inferred
U1624,INT07,68,Lookalike model
U1624,INT14,67,Engagement-inferred
U1624,INT36,66,Engagement-inferred
U1624,INT23,63,Engagement-inferred
U1624,INT30,63,Declared
U1624,INT09,59,Lookalike model
U1625,INT44,84,Declared
U1625,INT17,83,Engagement-inferred
U1625,INT16,83,Engagement-inferred
U1625,INT01,74,Declared
U1625,INT43,73,Engagement-inferred
U1625,INT07,71,Declared
U1625,INT25,71,Declared
U1625,INT10,70,Declared
U1625,INT46,70,Engagement-inferred
U1625,INT02,67,Engagement-inferred
U1625,INT12,66,Engagement-inferred
U1625,INT40,63,Lookalike model
U1625,INT08,59,Engagement-inferred
U1625,INT27,55,Engagement-inferred
U1626,INT26,98,Engagement-inferred
U1626,INT27,85,Engagement-inferred
U1626,INT28,82,Engagement-inferred
U1626,INT32,81,Lookalike model
U1626,INT31,81,Engagement-inferred
U1626,INT07,77,Engagement-inferred
U1626,INT29,75,Engagement-inferred
U1626,INT11,73,Engagement-inferred
U1626,INT30,73,Declared
U1626,INT14,73,Lookalike model
U1626,INT10,71,Declared
U1626,INT33,71,Engagement-inferred
U1626,INT09,67,Engagement-inferred
U1626,INT35,66,Declared
U1627,INT24,76,Engagement-inferred
U1627,INT22,69,Engagement-inferred
U1627,INT23,68,Lookalike model
U1627,INT42,63,Engagement-inferred
U1627,INT02,58,Engagement-inferred
U1627,INT41,57,Lookalike model
U1627,INT14,57,Engagement-inferred
U1627,INT40,57,Engagement-inferred
U1627,INT01,54,Engagement-inferred
U1627,INT15,54,Lookalike model
U1627,INT25,53,Engagement-inferred
U1627,INT03,52,Engagement-inferred
U1627,INT11,46,Engagement-inferred
U1627,INT10,45,Lookalike model
U1628,INT40,88,Engagement-inferred
U1628,INT41,80,Declared
U1628,INT47,78,Engagement-inferred
U1628,INT42,77,Engagement-inferred
U1628,INT38,75,Lookalike model
U1628,INT36,68,Engagement-inferred
U1628,INT01,68,Engagement-inferred
U1628,INT06,65,Engagement-inferred
U1628,INT22,65,Engagement-inferred
U1628,INT02,64,Engagement-inferred
U1628,INT23,63,Engagement-inferred
U1628,INT37,61,Engagement-inferred
U1628,INT08,60,Engagement-inferred
U1628,INT15,58,Engagement-inferred
U1629,INT26,100,Engagement-inferred
U1629,INT40,94,Engagement-inferred
U1629,INT27,85,Declared
U1629,INT29,83,Lookalike model
U1629,INT28,83,Declared
U1629,INT32,79,Lookalike model
U1629,INT01,79,Engagement-inferred
U1629,INT31,78,Lookalike model
U1629,INT41,74,Declared
U1629,INT44,72,Declared
U1629,INT30,72,Engagement-inferred
U1629,INT33,72,Lookalike model
U1629,INT48,70,Engagement-inferred
U1629,INT02,69,Engagement-inferred
U1630,INT26,100,Lookalike model
U1630,INT11,98,Engagement-inferred
U1630,INT07,96,Engagement-inferred
U1630,INT01,89,Engagement-inferred
U1630,INT27,87,Engagement-inferred
U1630,INT32,83,Lookalike model
U1630,INT28,82,Lookalike model
U1630,INT30,82,Engagement-inferred
U1630,INT06,75,Lookalike model
U1630,INT10,74,Engagement-inferred
U1630,INT08,73,Lookalike model
U1630,INT14,73,Declared
U1630,INT31,71,Engagement-inferred
U1630,INT29,68,Engagement-inferred
U1631,INT36,72,Engagement-inferred
U1631,INT24,71,Engagement-inferred
U1631,INT44,71,Engagement-inferred
U1631,INT43,70,Engagement-inferred
U1631,INT22,69,Engagement-inferred
U1631,INT23,66,Declared
U1631,INT33,66,Engagement-inferred
U1631,INT25,65,Engagement-inferred
U1631,INT35,63,Lookalike model
U1631,INT39,63,Engagement-inferred
U1631,INT02,59,Engagement-inferred
U1631,INT15,59,Lookalike model
U1631,INT34,57,Lookalike model
U1631,INT37,55,Lookalike model
U1632,INT11,93,Engagement-inferred
U1632,INT26,86,Engagement-inferred
U1632,INT22,76,Declared
U1632,INT29,75,Engagement-inferred
U1632,INT14,72,Lookalike model
U1632,INT31,72,Lookalike model
U1632,INT32,71,Lookalike model
U1632,INT28,70,Declared
U1632,INT27,70,Declared
U1632,INT25,69,Lookalike model
U1632,INT03,68,Engagement-inferred
U1632,INT17,67,Engagement-inferred
U1632,INT49,67,Engagement-inferred
U1632,INT46,66,Declared
U1633,INT01,100,Engagement-inferred
U1633,INT02,85,Engagement-inferred
U1633,INT48,80,Engagement-inferred
U1633,INT26,79,Lookalike model
U1633,INT49,70,Engagement-inferred
U1633,INT28,68,Engagement-inferred
U1633,INT25,68,Engagement-inferred
U1633,INT06,67,Engagement-inferred
U1633,INT14,62,Lookalike model
U1633,INT11,59,Declared
U1633,INT45,58,Engagement-inferred
U1633,INT30,57,Engagement-inferred
U1633,INT38,57,Engagement-inferred
U1633,INT40,55,Declared
U1634,INT03,87,Engagement-inferred
U1634,INT18,79,Declared
U1634,INT05,78,Lookalike model
U1634,INT14,77,Lookalike model
U1634,INT19,76,Engagement-inferred
U1634,INT11,73,Lookalike model
U1634,INT40,73,Lookalike model
U1634,INT20,73,Declared
U1634,INT47,72,Lookalike model
U1634,INT07,72,Declared
U1634,INT09,71,Engagement-inferred
U1634,INT38,70,Engagement-inferred
U1634,INT26,70,Engagement-inferred
U1634,INT04,70,Engagement-inferred
U1635,INT26,88,Declared
U1635,INT31,73,Engagement-inferred
U1635,INT33,72,Engagement-inferred
U1635,INT16,71,Engagement-inferred
U1635,INT23,70,Engagement-inferred
U1635,INT27,69,Engagement-inferred
U1635,INT32,69,Declared
U1635,INT22,68,Engagement-inferred
U1635,INT36,68,Engagement-inferred
U1635,INT24,65,Declared
U1635,INT11,61,Engagement-inferred
U1635,INT28,61,Engagement-inferred
U1635,INT34,60,Engagement-inferred
U1635,INT30,59,Engagement-inferred
U1636,INT03,100,Engagement-inferred
U1636,INT26,98,Engagement-inferred
U1636,INT04,98,Engagement-inferred
U1636,INT01,96,Lookalike model
U1636,INT07,90,Declared
U1636,INT05,87,Engagement-inferred
U1636,INT19,84,Engagement-inferred
U1636,INT29,82,Lookalike model
U1636,INT20,82,Lookalike model
U1636,INT48,81,Engagement-inferred
U1636,INT02,81,Engagement-inferred
U1636,INT28,78,Engagement-inferred
U1636,INT06,77,Engagement-inferred
U1636,INT49,75,Engagement-inferred
U1637,INT16,99,Engagement-inferred
U1637,INT26,84,Engagement-inferred
U1637,INT17,82,Engagement-inferred
U1637,INT27,80,Engagement-inferred
U1637,INT22,79,Engagement-inferred
U1637,INT29,78,Engagement-inferred
U1637,INT28,77,Engagement-inferred
U1637,INT23,74,Engagement-inferred
U1637,INT30,70,Engagement-inferred
U1637,INT31,69,Engagement-inferred
U1637,INT32,69,Engagement-inferred
U1637,INT10,68,Declared
U1637,INT12,66,Lookalike model
U1637,INT36,64,Declared
U1638,INT33,85,Engagement-inferred
U1638,INT03,83,Declared
U1638,INT25,82,Engagement-inferred
U1638,INT34,71,Declared
U1638,INT36,69,Engagement-inferred
U1638,INT26,69,Engagement-inferred
U1638,INT35,67,Lookalike model
U1638,INT11,67,Engagement-inferred
U1638,INT20,67,Lookalike model
U1638,INT37,64,Engagement-inferred
U1638,INT22,64,Declared
U1638,INT04,63,Engagement-inferred
U1638,INT05,63,Lookalike model
U1638,INT10,62,Lookalike model
U1639,INT33,100,Engagement-inferred
U1639,INT10,91,Engagement-inferred
U1639,INT40,84,Declared
U1639,INT34,74,Engagement-inferred
U1639,INT01,73,Lookalike model
U1639,INT42,72,Engagement-inferred
U1639,INT22,69,Engagement-inferred
U1639,INT35,69,Engagement-inferred
U1639,INT18,68,Engagement-inferred
U1639,INT41,67,Lookalike model
U1639,INT11,65,Engagement-inferred
U1639,INT20,64,Engagement-inferred
U1639,INT03,63,Declared
U1639,INT25,63,Engagement-inferred
U1640,INT03,91,Engagement-inferred
U1640,INT05,82,Declared
U1640,INT07,77,Engagement-inferred
U1640,INT04,73,Engagement-inferred
U1640,INT14,73,Lookalike model
U1640,INT23,72,Engagement-inferred
U1640,INT11,67,Lookalike model
U1640,INT37,62,Engagement-inferred
U1640,INT22,61,Declared
U1640,INT25,61,Engagement-inferred
U1640,INT28,60,Lookalike model
U1640,INT24,58,Engagement-inferred
U1640,INT09,56,Lookalike model
U1640,INT43,54,Engagement-inferred
U1641,INT07,92,Declared
U1641,INT26,87,Engagement-inferred
U1641,INT14,78,Engagement-inferred
U1641,INT08,77,Engagement-inferred
U1641,INT10,74,Engagement-inferred
U1641,INT11,72,Engagement-inferred
U1641,INT38,70,Engagement-inferred
U1641,INT04,69,Engagement-inferred
U1641,INT27,68,Engagement-inferred
U1641,INT03,67,Engagement-inferred
U1641,INT09,67,Engagement-inferred
U1641,INT28,66,Engagement-inferred
U1641,INT47,65,Engagement-inferred
U1641,INT29,63,Engagement-inferred
U1642,INT19,88,Engagement-inferred
U1642,INT20,85,Lookalike model
U1642,INT03,83,Lookalike model
U1642,INT01,79,Engagement-inferred
U1642,INT18,79,Engagement-inferred
U1642,INT21,73,Engagement-inferred
U1642,INT04,68,Declared
U1642,INT02,66,Declared
U1642,INT06,66,Engagement-inferred
U1642,INT44,64,Engagement-inferred
U1642,INT07,62,Lookalike model
U1642,INT05,58,Engagement-inferred
U1642,INT09,54,Engagement-inferred
U1642,INT24,51,Declared
U1643,INT19,100,Declared
U1643,INT21,94,Declared
U1643,INT18,85,Lookalike model
U1643,INT08,84,Engagement-inferred
U1643,INT20,81,Engagement-inferred
U1643,INT40,79,Engagement-inferred
U1643,INT07,74,Engagement-inferred
U1643,INT50,72,Engagement-inferred
U1643,INT48,70,Lookalike model
U1643,INT11,69,Declared
U1643,INT41,67,Engagement-inferred
U1643,INT16,64,Declared
U1643,INT33,64,Engagement-inferred
U1643,INT09,63,Engagement-inferred
U1644,INT33,95,Lookalike model
U1644,INT26,87,Engagement-inferred
U1644,INT49,86,Engagement-inferred
U1644,INT50,86,Engagement-inferred
U1644,INT48,84,Declared
U1644,INT16,80,Engagement-inferred
U1644,INT29,78,Lookalike model
U1644,INT47,77,Engagement-inferred
U1644,INT34,75,Declared
U1644,INT28,74,Lookalike model
U1644,INT07,73,Engagement-inferred
U1644,INT27,72,Engagement-inferred
U1644,INT09,72,Engagement-inferred
U1644,INT35,72,Lookalike model
U1645,INT26,100,Declared
U1645,INT27,91,Declared
U1645,INT08,89,Lookalike model
U1645,INT10,88,Engagement-inferred
U1645,INT28,82,Engagement-inferred
U1645,INT30,81,Declared
U1645,INT32,81,Engagement-inferred
U1645,INT29,81,Declared
U1645,INT07,80,Lookalike model
U1645,INT25,79,Declared
U1645,INT06,70,Lookalike model
U1645,INT01,70,Engagement-inferred
U1645,INT31,68,Engagement-inferred
U1645,INT09,68,Declared
U1646,INT16,96,Engagement-inferred
U1646,INT22,75,Engagement-inferred
U1646,INT03,74,Declared
U1646,INT12,74,Engagement-inferred
U1646,INT23,73,Engagement-inferred
U1646,INT17,73,Engagement-inferred
U1646,INT24,72,Lookalike model
U1646,INT26,72,Engagement-inferred
U1646,INT11,68,Lookalike model
U1646,INT33,68,Lookalike model
U1646,INT19,68,Declared
U1646,INT14,66,Engagement-inferred
U1646,INT18,65,Engagement-inferred
U1646,INT46,64,Engagement-inferred
U1647,INT10,84,Engagement-inferred
U1647,INT01,82,Declared
U1647,INT02,78,Declared
U1647,INT11,78,Engagement-inferred
U1647,INT14,78,Engagement-inferred
U1647,INT33,76,Lookalike model
U1647,INT25,76,Lookalike model
U1647,INT34,74,Lookalike model
U1647,INT42,68,Engagement-inferred
U1647,INT40,67,Engagement-inferred
U1647,INT03,65,Engagement-inferred
U1647,INT07,63,Declared
U1647,INT20,61,Engagement-inferred
U1647,INT41,61,Engagement-inferred
U1648,INT47,69,Lookalike model
U1648,INT24,67,Engagement-inferred
U1648,INT23,66,Lookalike model
U1648,INT42,66,Engagement-inferred
U1648,INT41,65,Lookalike model
U1648,INT38,64,Engagement-inferred
U1648,INT46,64,Declared
U1648,INT50,63,Engagement-inferred
U1648,INT10,62,Engagement-inferred
U1648,INT33,61,Declared
U1648,INT22,60,Engagement-inferred
U1648,INT40,60,Lookalike model
U1648,INT49,60,Lookalike model
U1648,INT48,57,Lookalike model
U1649,INT40,100,Engagement-inferred
U1649,INT07,100,Engagement-inferred
U1649,INT42,84,Engagement-inferred
U1649,INT09,80,Engagement-inferred
U1649,INT41,79,Lookalike model
U1649,INT08,73,Engagement-inferred
U1649,INT01,71,Engagement-inferred
U1649,INT33,62,Lookalike model
U1649,INT35,60,Declared
U1649,INT28,60,Engagement-inferred
U1649,INT06,59,Engagement-inferred
U1649,INT34,58,Engagement-inferred
U1649,INT03,56,Lookalike model
U1649,INT02,55,Declared
U1650,INT40,100,Engagement-inferred
U1650,INT01,100,Engagement-inferred
U1650,INT26,89,Engagement-inferred
U1650,INT41,82,Engagement-inferred
U1650,INT29,81,Engagement-inferred
U1650,INT42,80,Engagement-inferred
U1650,INT11,76,Engagement-inferred
U1650,INT14,75,Engagement-inferred
U1650,INT28,74,Lookalike model
U1650,INT30,73,Engagement-inferred
U1650,INT49,73,Lookalike model
U1650,INT27,72,Lookalike model
U1650,INT33,71,Engagement-inferred
U1650,INT02,70,Declared
U1651,INT40,82,Engagement-inferred
U1651,INT16,77,Engagement-inferred
U1651,INT03,76,Engagement-inferred
U1651,INT41,73,Engagement-inferred
U1651,INT42,73,Engagement-inferred
U1651,INT02,67,Engagement-inferred
U1651,INT48,65,Engagement-inferred
U1651,INT04,65,Declared
U1651,INT07,64,Engagement-inferred
U1651,INT05,63,Declared
U1651,INT08,62,Engagement-inferred
U1651,INT17,62,Engagement-inferred
U1651,INT26,61,Engagement-inferred
U1651,INT09,60,Declared
U1652,INT44,91,Engagement-inferred
U1652,INT24,89,Lookalike model
U1652,INT15,81,Engagement-inferred
U1652,INT22,80,Engagement-inferred
U1652,INT23,71,Declared
U1652,INT08,68,Engagement-inferred
U1652,INT43,66,Engagement-inferred
U1652,INT07,64,Engagement-inferred
U1652,INT10,62,Engagement-inferred
U1652,INT41,61,Lookalike model
U1652,INT03,59,Declared
U1652,INT11,57,Lookalike model
U1652,INT19,56,Engagement-inferred
U1652,INT09,54,Declared
U1653,INT44,90,Lookalike model
U1653,INT10,83,Engagement-inferred
U1653,INT43,80,Engagement-inferred
U1653,INT36,78,Engagement-inferred
U1653,INT26,77,Engagement-inferred
U1653,INT19,67,Engagement-inferred
U1653,INT24,65,Engagement-inferred
U1653,INT27,65,Engagement-inferred
U1653,INT33,64,Lookalike model
U1653,INT28,63,Declared
U1653,INT22,62,Engagement-inferred
U1653,INT37,61,Lookalike model
U1653,INT03,58,Engagement-inferred
U1653,INT05,58,Lookalike model
U1654,INT26,95,Engagement-inferred
U1654,INT44,85,Lookalike model
U1654,INT25,84,Engagement-inferred
U1654,INT10,83,Lookalike model
U1654,INT28,82,Engagement-inferred
U1654,INT30,80,Lookalike model
U1654,INT03,79,Lookalike model
U1654,INT27,72,Engagement-inferred
U1654,INT48,66,Lookalike model
U1654,INT32,66,Engagement-inferred
U1654,INT04,66,Engagement-inferred
U1654,INT46,65,Engagement-inferred
U1654,INT31,64,Engagement-inferred
U1654,INT11,64,Declared
U1655,INT26,100,Engagement-inferred
U1655,INT25,90,Engagement-inferred
U1655,INT38,89,Engagement-inferred
U1655,INT22,89,Engagement-inferred
U1655,INT29,87,Engagement-inferred
U1655,INT03,86,Engagement-inferred
U1655,INT32,82,Engagement-inferred
U1655,INT36,81,Lookalike model
U1655,INT04,81,Engagement-inferred
U1655,INT27,80,Engagement-inferred
U1655,INT28,78,Declared
U1655,INT47,78,Engagement-inferred
U1655,INT24,77,Engagement-inferred
U1655,INT07,73,Lookalike model
U1656,INT33,93,Declared
U1656,INT26,92,Declared
U1656,INT29,83,Declared
U1656,INT47,79,Engagement-inferred
U1656,INT27,78,Lookalike model
U1656,INT11,77,Engagement-inferred
U1656,INT32,75,Engagement-inferred
U1656,INT31,75,Declared
U1656,INT38,74,Engagement-inferred
U1656,INT35,74,Engagement-inferred
U1656,INT28,72,Lookalike model
U1656,INT14,72,Engagement-inferred
U1656,INT25,71,Declared
U1656,INT30,71,Declared
U1657,INT01,92,Lookalike model
U1657,INT11,86,Lookalike model
U1657,INT26,83,Engagement-inferred
U1657,INT03,81,Engagement-inferred
U1657,INT06,80,Engagement-inferred
U1657,INT04,79,Engagement-inferred
U1657,INT44,73,Engagement-inferred
U1657,INT02,72,Lookalike model
U1657,INT14,67,Engagement-inferred
U1657,INT05,67,Engagement-inferred
U1657,INT27,67,Engagement-inferred
U1657,INT10,67,Declared
U1657,INT33,60,Engagement-inferred
U1657,INT40,60,Engagement-inferred
U1658,INT47,100,Lookalike model
U1658,INT07,94,Declared
U1658,INT38,88,Engagement-inferred
U1658,INT08,80,Engagement-inferred
U1658,INT26,77,Engagement-inferred
U1658,INT09,71,Engagement-inferred
U1658,INT28,70,Lookalike model
U1658,INT27,68,Engagement-inferred
U1658,INT36,68,Declared
U1658,INT30,64,Declared
U1658,INT16,63,Engagement-inferred
U1658,INT31,63,Engagement-inferred
U1658,INT29,61,Engagement-inferred
U1658,INT32,60,Declared
U1659,INT40,82,Engagement-inferred
U1659,INT38,81,Lookalike model
U1659,INT41,80,Engagement-inferred
U1659,INT47,79,Engagement-inferred
U1659,INT42,75,Engagement-inferred
U1659,INT05,58,Lookalike model
U1659,INT34,56,Lookalike model
U1659,INT10,52,Engagement-inferred
U1659,INT03,51,Engagement-inferred
U1659,INT33,50,Engagement-inferred
U1659,INT36,50,Lookalike model
U1659,INT04,50,Declared
U1659,INT45,49,Declared
U1659,INT46,48,Engagement-inferred
U1660,INT19,100,Declared
U1660,INT20,92,Engagement-inferred
U1660,INT33,88,Engagement-inferred
U1660,INT18,88,Engagement-inferred
U1660,INT26,85,Engagement-inferred
U1660,INT21,84,Declared
U1660,INT35,82,Engagement-inferred
U1660,INT32,76,Lookalike model
U1660,INT34,74,Engagement-inferred
U1660,INT27,70,Engagement-inferred
U1660,INT31,69,Engagement-inferred
U1660,INT28,66,Engagement-inferred
U1660,INT30,64,Engagement-inferred
U1660,INT29,63,Engagement-inferred
U1661,INT27,92,Engagement-inferred
U1661,INT07,84,Lookalike model
U1661,INT30,78,Engagement-inferred
U1661,INT40,78,Lookalike model
U1661,INT26,78,Lookalike model
U1661,INT04,74,Engagement-inferred
U1661,INT32,72,Engagement-inferred
U1661,INT22,71,Engagement-inferred
U1661,INT08,71,Engagement-inferred
U1661,INT09,68,Engagement-inferred
U1661,INT24,68,Lookalike model
U1661,INT34,68,Engagement-inferred
U1661,INT42,67,Declared
U1661,INT33,66,Engagement-inferred
U1662,INT33,97,Declared
U1662,INT34,75,Engagement-inferred
U1662,INT10,71,Declared
U1662,INT35,70,Engagement-inferred
U1662,INT26,70,Engagement-inferred
U1662,INT40,69,Engagement-inferred
U1662,INT49,68,Engagement-inferred
U1662,INT50,67,Engagement-inferred
U1662,INT25,64,Lookalike model
U1662,INT07,61,Engagement-inferred
U1662,INT48,60,Engagement-inferred
U1662,INT42,58,Declared
U1662,INT41,55,Engagement-inferred
U1662,INT36,55,Engagement-inferred
U1663,INT11,87,Engagement-inferred
U1663,INT40,79,Engagement-inferred
U1663,INT49,75,Engagement-inferred
U1663,INT35,73,Engagement-inferred
U1663,INT45,73,Engagement-inferred
U1663,INT14,73,Lookalike model
U1663,INT42,72,Engagement-inferred
U1663,INT41,69,Engagement-inferred
U1663,INT24,67,Engagement-inferred
U1663,INT33,67,Engagement-inferred
U1663,INT23,63,Declared
U1663,INT10,62,Engagement-inferred
U1663,INT34,62,Declared
U1663,INT48,60,Engagement-inferred
U1664,INT07,97,Engagement-inferred
U1664,INT42,83,Lookalike model
U1664,INT08,79,Engagement-inferred
U1664,INT09,76,Engagement-inferred
U1664,INT41,76,Lookalike model
U1664,INT40,74,Engagement-inferred
U1664,INT19,68,Engagement-inferred
U1664,INT22,66,Declared
U1664,INT31,65,Engagement-inferred
U1664,INT29,63,Engagement-inferred
U1664,INT26,61,Engagement-inferred
U1664,INT38,60,Engagement-inferred
U1664,INT18,59,Lookalike model
U1664,INT32,58,Engagement-inferred
U1665,INT10,97,Engagement-inferred
U1665,INT03,94,Lookalike model
U1665,INT33,93,Engagement-inferred
U1665,INT04,87,Declared
U1665,INT44,85,Lookalike model
U1665,INT34,84,Engagement-inferred
U1665,INT05,79,Engagement-inferred
U1665,INT07,77,Engagement-inferred
U1665,INT43,77,Engagement-inferred
U1665,INT08,76,Engagement-inferred
U1665,INT35,71,Engagement-inferred
U1665,INT38,69,Declared
U1665,INT47,69,Engagement-inferred
U1665,INT46,67,Engagement-inferred
U1666,INT47,100,Engagement-inferred
U1666,INT40,99,Engagement-inferred
U1666,INT41,87,Engagement-inferred
U1666,INT42,86,Lookalike model
U1666,INT26,80,Engagement-inferred
U1666,INT38,76,Declared
U1666,INT27,74,Engagement-inferred
U1666,INT32,73,Engagement-inferred
U1666,INT29,70,Declared
U1666,INT10,69,Engagement-inferred
U1666,INT30,64,Engagement-inferred
U1666,INT28,61,Engagement-inferred
U1666,INT49,59,Engagement-inferred
U1666,INT48,54,Engagement-inferred
U1667,INT36,87,Engagement-inferred
U1667,INT49,86,Engagement-inferred
U1667,INT50,77,Lookalike model
U1667,INT46,74,Lookalike model
U1667,INT37,74,Engagement-inferred
U1667,INT48,72,Lookalike model
U1667,INT40,72,Engagement-inferred
U1667,INT44,68,Engagement-inferred
U1667,INT10,65,Engagement-inferred
U1667,INT11,64,Engagement-inferred
U1667,INT25,63,Engagement-inferred
U1667,INT33,61,Declared
U1667,INT39,59,Engagement-inferred
U1667,INT43,59,Lookalike model
U1668,INT03,88,Declared
U1668,INT26,88,Declared
U1668,INT44,88,Engagement-inferred
U1668,INT19,85,Engagement-inferred
U1668,INT20,84,Engagement-inferred
U1668,INT04,81,Engagement-inferred
U1668,INT18,80,Engagement-inferred
U1668,INT05,79,Declared
U1668,INT30,79,Lookalike model
U1668,INT21,78,Declared
U1668,INT16,76,Engagement-inferred
U1668,INT43,73,Declared
U1668,INT27,71,Engagement-inferred
U1668,INT28,69,Engagement-inferred
U1669,INT26,100,Lookalike model
U1669,INT27,94,Engagement-inferred
U1669,INT28,93,Engagement-inferred
U1669,INT01,91,Declared
U1669,INT42,89,Engagement-inferred
U1669,INT06,86,Engagement-inferred
U1669,INT31,84,Lookalike model
U1669,INT40,84,Engagement-inferred
U1669,INT02,83,Lookalike model
U1669,INT03,81,Declared
U1669,INT04,80,Engagement-inferred
U1669,INT29,75,Lookalike model
U1669,INT30,75,Engagement-inferred
U1669,INT32,73,Declared
U1670,INT40,96,Engagement-inferred
U1670,INT33,93,Engagement-inferred
U1670,INT26,91,Engagement-inferred
U1670,INT03,91,Engagement-inferred
U1670,INT42,86,Engagement-inferred
U1670,INT10,86,Declared
U1670,INT29,83,Declared
U1670,INT28,82,Engagement-inferred
U1670,INT27,82,Declared
U1670,INT41,82,Engagement-inferred
U1670,INT34,82,Engagement-inferred
U1670,INT49,81,Engagement-inferred
U1670,INT31,80,Declared
U1670,INT30,79,Engagement-inferred
U1671,INT07,97,Engagement-inferred
U1671,INT08,88,Lookalike model
U1671,INT26,84,Lookalike model
U1671,INT47,78,Lookalike model
U1671,INT09,76,Engagement-inferred
U1671,INT38,74,Lookalike model
U1671,INT28,74,Lookalike model
U1671,INT27,69,Engagement-inferred
U1671,INT30,69,Declared
U1671,INT32,64,Declared
U1671,INT29,62,Lookalike model
U1671,INT31,61,Engagement-inferred
U1671,INT10,57,Declared
U1671,INT36,57,Engagement-inferred
U1672,INT26,90,Engagement-inferred
U1672,INT03,89,Engagement-inferred
U1672,INT30,83,Engagement-inferred
U1672,INT32,83,Engagement-inferred
U1672,INT50,81,Engagement-inferred
U1672,INT16,81,Lookalike model
U1672,INT48,81,Declared
U1672,INT27,79,Engagement-inferred
U1672,INT29,79,Lookalike model
U1672,INT47,78,Engagement-inferred
U1672,INT38,78,Lookalike model
U1672,INT04,77,Engagement-inferred
U1672,INT05,75,Lookalike model
U1672,INT07,75,Engagement-inferred
U1673,INT24,88,Engagement-inferred
U1673,INT03,78,Declared
U1673,INT10,74,Engagement-inferred
U1673,INT46,72,Engagement-inferred
U1673,INT04,71,Engagement-inferred
U1673,INT34,67,Engagement-inferred
U1673,INT22,66,Engagement-inferred
U1673,INT13,66,Engagement-inferred
U1673,INT23,65,Engagement-inferred
U1673,INT05,64,Engagement-inferred
U1673,INT19,64,Engagement-inferred
U1673,INT40,63,Lookalike model
U1673,INT41,63,Lookalike model
U1673,INT15,60,Declared
U1674,INT16,85,Engagement-inferred
U1674,INT17,77,Engagement-inferred
U1674,INT01,76,Engagement-inferred
U1674,INT12,76,Declared
U1674,INT06,73,Lookalike model
U1674,INT04,72,Engagement-inferred
U1674,INT47,70,Engagement-inferred
U1674,INT38,68,Engagement-inferred
U1674,INT44,68,Engagement-inferred
U1674,INT33,62,Engagement-inferred
U1674,INT48,60,Declared
U1674,INT03,60,Declared
U1674,INT02,60,Declared
U1674,INT42,56,Engagement-inferred
U1675,INT44,95,Declared
U1675,INT43,91,Engagement-inferred
U1675,INT26,91,Lookalike model
U1675,INT33,90,Engagement-inferred
U1675,INT34,85,Lookalike model
U1675,INT28,81,Engagement-inferred
U1675,INT37,78,Engagement-inferred
U1675,INT36,77,Engagement-inferred
U1675,INT11,77,Declared
U1675,INT29,77,Engagement-inferred
U1675,INT27,76,Declared
U1675,INT03,74,Engagement-inferred
U1675,INT30,72,Engagement-inferred
U1675,INT35,71,Declared
U1676,INT26,100,Lookalike model
U1676,INT47,99,Engagement-inferred
U1676,INT38,97,Declared
U1676,INT27,91,Engagement-inferred
U1676,INT07,81,Engagement-inferred
U1676,INT31,81,Engagement-inferred
U1676,INT29,81,Engagement-inferred
U1676,INT28,78,Engagement-inferred
U1676,INT32,77,Engagement-inferred
U1676,INT30,74,Lookalike model
U1676,INT25,73,Declared
U1676,INT08,71,Engagement-inferred
U1676,INT09,68,Engagement-inferred
U1676,INT06,64,Declared
U1677,INT33,100,Declared
U1677,INT34,93,Engagement-inferred
U1677,INT26,89,Engagement-inferred
U1677,INT11,78,Engagement-inferred
U1677,INT14,76,Lookalike model
U1677,INT31,76,Declared
U1677,INT10,75,Declared
U1677,INT27,75,Lookalike model
U1677,INT35,74,Engagement-inferred
U1677,INT30,72,Engagement-inferred
U1677,INT32,72,Engagement-inferred
U1677,INT07,71,Engagement-inferred
U1677,INT25,70,Lookalike model
U1677,INT28,68,Engagement-inferred
U1678,INT01,100,Declared
U1678,INT44,95,Engagement-inferred
U1678,INT14,90,Engagement-inferred
U1678,INT02,85,Engagement-inferred
U1678,INT10,84,Engagement-inferred
U1678,INT43,84,Engagement-inferred
U1678,INT06,83,Engagement-inferred
U1678,INT04,80,Lookalike model
U1678,INT05,77,Declared
U1678,INT03,75,Lookalike model
U1678,INT11,72,Engagement-inferred
U1678,INT07,63,Declared
U1678,INT35,57,Lookalike model
U1678,INT16,56,Lookalike model
U1679,INT48,82,Engagement-inferred
U1679,INT04,81,Lookalike model
U1679,INT26,79,Engagement-inferred
U1679,INT03,77,Declared
U1679,INT42,75,Engagement-inferred
U1679,INT05,71,Engagement-inferred
U1679,INT31,71,Engagement-inferred
U1679,INT01,66,Lookalike model
U1679,INT40,66,Engagement-inferred
U1679,INT28,65,Declared
U1679,INT41,65,Engagement-inferred
U1679,INT43,63,Engagement-inferred
U1679,INT49,62,Declared
U1679,INT27,60,Engagement-inferred
U1680,INT07,87,Engagement-inferred
U1680,INT19,77,Engagement-inferred
U1680,INT08,75,Engagement-inferred
U1680,INT21,74,Lookalike model
U1680,INT20,72,Lookalike model
U1680,INT47,71,Engagement-inferred
U1680,INT49,68,Lookalike model
U1680,INT24,66,Lookalike model
U1680,INT18,66,Lookalike model
U1680,INT25,64,Declared
U1680,INT38,64,Engagement-inferred
U1680,INT26,62,Lookalike model
U1680,INT30,62,Engagement-inferred
U1680,INT11,60,Engagement-inferred
U1681,INT26,100,Declared
U1681,INT28,99,Declared
U1681,INT19,92,Engagement-inferred
U1681,INT25,88,Lookalike model
U1681,INT31,86,Engagement-inferred
U1681,INT30,86,Lookalike model
U1681,INT36,85,Lookalike model
U1681,INT29,82,Declared
U1681,INT27,82,Lookalike model
U1681,INT32,80,Engagement-inferred
U1681,INT18,78,Engagement-inferred
U1681,INT37,78,Declared
U1681,INT20,72,Engagement-inferred
U1681,INT03,68,Engagement-inferred
U1682,INT26,96,Engagement-inferred
U1682,INT19,90,Engagement-inferred
U1682,INT27,90,Engagement-inferred
U1682,INT28,88,Engagement-inferred
U1682,INT29,87,Engagement-inferred
U1682,INT33,84,Engagement-inferred
U1682,INT05,81,Declared
U1682,INT18,80,Lookalike model
U1682,INT20,78,Engagement-inferred
U1682,INT44,77,Engagement-inferred
U1682,INT04,76,Engagement-inferred
U1682,INT21,76,Engagement-inferred
U1682,INT34,74,Declared
U1682,INT32,74,Declared
U1683,INT07,95,Lookalike model
U1683,INT11,93,Engagement-inferred
U1683,INT08,87,Engagement-inferred
U1683,INT47,81,Engagement-inferred
U1683,INT14,77,Declared
U1683,INT09,74,Engagement-inferred
U1683,INT38,65,Engagement-inferred
U1683,INT50,56,Engagement-inferred
U1683,INT48,56,Lookalike model
U1683,INT06,54,Declared
U1683,INT33,54,Declared
U1683,INT16,53,Engagement-inferred
U1683,INT49,52,Declared
U1683,INT24,51,Declared
U1684,INT26,88,Lookalike model
U1684,INT19,76,Declared
U1684,INT16,76,Engagement-inferred
U1684,INT14,69,Lookalike model
U1684,INT31,69,Engagement-inferred
U1684,INT18,68,Engagement-inferred
U1684,INT27,66,Engagement-inferred
U1684,INT11,66,Engagement-inferred
U1684,INT21,63,Engagement-inferred
U1684,INT20,63,Declared
U1684,INT29,62,Declared
U1684,INT24,62,Engagement-inferred
U1684,INT25,60,Engagement-inferred
U1684,INT30,59,Engagement-inferred
U1685,INT01,85,Engagement-inferred
U1685,INT40,80,Engagement-inferred
U1685,INT17,79,Lookalike model
U1685,INT02,75,Engagement-inferred
U1685,INT16,72,Declared
U1685,INT06,71,Lookalike model
U1685,INT05,70,Engagement-inferred
U1685,INT07,67,Declared
U1685,INT33,65,Declared
U1685,INT34,64,Lookalike model
U1685,INT22,63,Engagement-inferred
U1685,INT03,63,Engagement-inferred
U1685,INT41,63,Engagement-inferred
U1685,INT12,61,Engagement-inferred
U1686,INT07,100,Lookalike model
U1686,INT08,100,Lookalike model
U1686,INT16,93,Engagement-inferred
U1686,INT50,82,Engagement-inferred
U1686,INT44,80,Engagement-inferred
U1686,INT09,78,Declared
U1686,INT34,75,Engagement-inferred
U1686,INT17,71,Lookalike model
U1686,INT48,68,Engagement-inferred
U1686,INT33,68,Lookalike model
U1686,INT12,68,Engagement-inferred
U1686,INT22,68,Engagement-inferred
U1686,INT15,67,Declared
U1686,INT35,67,Engagement-inferred
U1687,INT14,76,Engagement-inferred
U1687,INT11,75,Engagement-inferred
U1687,INT49,71,Lookalike model
U1687,INT16,69,Engagement-inferred
U1687,INT44,67,Engagement-inferred
U1687,INT50,66,Engagement-inferred
U1687,INT48,64,Engagement-inferred
U1687,INT17,61,Declared
U1687,INT43,61,Lookalike model
U1687,INT40,60,Engagement-inferred
U1687,INT36,53,Engagement-inferred
U1687,INT38,51,Engagement-inferred
U1687,INT08,50,Engagement-inferred
U1687,INT23,50,Engagement-inferred
U1688,INT07,99,Engagement-inferred
U1688,INT09,88,Engagement-inferred
U1688,INT33,80,Engagement-inferred
U1688,INT08,79,Engagement-inferred
U1688,INT17,79,Engagement-inferred
U1688,INT34,78,Engagement-inferred
U1688,INT26,77,Engagement-inferred
U1688,INT16,77,Engagement-inferred
U1688,INT01,76,Engagement-inferred
U1688,INT35,70,Engagement-inferred
U1688,INT02,69,Declared
U1688,INT44,66,Engagement-inferred
U1688,INT40,66,Engagement-inferred
U1688,INT36,66,Declared
U1689,INT26,98,Engagement-inferred
U1689,INT27,91,Lookalike model
U1689,INT47,90,Engagement-inferred
U1689,INT28,89,Lookalike model
U1689,INT29,87,Engagement-inferred
U1689,INT38,79,Lookalike model
U1689,INT32,77,Engagement-inferred
U1689,INT31,77,Engagement-inferred
U1689,INT30,74,Engagement-inferred
U1689,INT10,65,Declared
U1689,INT16,65,Engagement-inferred
U1689,INT36,62,Engagement-inferred
U1689,INT44,62,Declared
U1689,INT43,59,Lookalike model
U1690,INT03,97,Engagement-inferred
U1690,INT07,94,Lookalike model
U1690,INT04,91,Declared
U1690,INT14,89,Engagement-inferred
U1690,INT11,84,Lookalike model
U1690,INT08,77,Engagement-inferred
U1690,INT05,77,Engagement-inferred
U1690,INT40,75,Engagement-inferred
U1690,INT44,74,Engagement-inferred
U1690,INT43,71,Engagement-inferred
U1690,INT09,69,Engagement-inferred
U1690,INT46,67,Lookalike model
U1690,INT10,67,Declared
U1690,INT24,65,Engagement-inferred
U1691,INT26,77,Engagement-inferred
U1691,INT27,76,Engagement-inferred
U1691,INT30,75,Engagement-inferred
U1691,INT44,73,Engagement-inferred
U1691,INT10,71,Lookalike model
U1691,INT11,69,Declared
U1691,INT32,66,Lookalike model
U1691,INT29,66,Declared
U1691,INT14,64,Engagement-inferred
U1691,INT28,63,Lookalike model
U1691,INT31,61,Engagement-inferred
U1691,INT07,61,Engagement-inferred
U1691,INT43,59,Engagement-inferred
U1691,INT09,59,Engagement-inferred
U1692,INT27,94,Lookalike model
U1692,INT48,89,Engagement-inferred
U1692,INT26,86,Lookalike model
U1692,INT49,86,Engagement-inferred
U1692,INT30,81,Lookalike model
U1692,INT19,77,Lookalike model
U1692,INT50,77,Engagement-inferred
U1692,INT32,75,Engagement-inferred
U1692,INT24,75,Declared
U1692,INT28,73,Lookalike model
U1692,INT29,68,Engagement-inferred
U1692,INT31,66,Engagement-inferred
U1692,INT20,62,Lookalike model
U1692,INT18,59,Engagement-inferred
U1693,INT47,95,Engagement-inferred
U1693,INT44,92,Engagement-inferred
U1693,INT19,85,Lookalike model
U1693,INT18,84,Engagement-inferred
U1693,INT11,82,Engagement-inferred
U1693,INT43,81,Engagement-inferred
U1693,INT08,79,Lookalike model
U1693,INT26,79,Lookalike model
U1693,INT07,78,Engagement-inferred
U1693,INT38,77,Engagement-inferred
U1693,INT14,76,Engagement-inferred
U1693,INT20,75,Declared
U1693,INT28,69,Engagement-inferred
U1693,INT27,69,Declared
U1694,INT07,97,Engagement-inferred
U1694,INT46,89,Engagement-inferred
U1694,INT44,83,Lookalike model
U1694,INT08,83,Engagement-inferred
U1694,INT16,79,Declared
U1694,INT26,76,Declared
U1694,INT11,76,Engagement-inferred
U1694,INT04,76,Engagement-inferred
U1694,INT03,75,Engagement-inferred
U1694,INT14,75,Lookalike model
U1694,INT22,74,Lookalike model
U1694,INT28,74,Engagement-inferred
U1694,INT24,73,Engagement-inferred
U1694,INT27,72,Engagement-inferred
U1695,INT35,88,Engagement-inferred
U1695,INT44,88,Engagement-inferred
U1695,INT43,87,Lookalike model
U1695,INT33,85,Lookalike model
U1695,INT34,79,Declared
U1695,INT10,77,Engagement-inferred
U1695,INT11,74,Engagement-inferred
U1695,INT16,73,Engagement-inferred
U1695,INT17,65,Lookalike model
U1695,INT14,65,Engagement-inferred
U1695,INT40,62,Lookalike model
U1695,INT23,57,Engagement-inferred
U1695,INT46,57,Engagement-inferred
U1695,INT41,56,Engagement-inferred
U1696,INT07,97,Lookalike model
U1696,INT26,96,Engagement-inferred
U1696,INT08,92,Engagement-inferred
U1696,INT14,88,Engagement-inferred
U1696,INT09,87,Engagement-inferred
U1696,INT48,85,Engagement-inferred
U1696,INT11,81,Engagement-inferred
U1696,INT03,78,Lookalike model
U1696,INT44,77,Declared
U1696,INT36,76,Engagement-inferred
U1696,INT04,73,Engagement-inferred
U1696,INT27,73,Engagement-inferred
U1696,INT01,72,Declared
U1696,INT50,68,Engagement-inferred
U1697,INT07,85,Declared
U1697,INT33,84,Declared
U1697,INT08,79,Engagement-inferred
U1697,INT19,75,Engagement-inferred
U1697,INT10,74,Engagement-inferred
U1697,INT01,73,Engagement-inferred
U1697,INT18,71,Engagement-inferred
U1697,INT40,70,Declared
U1697,INT02,70,Lookalike model
U1697,INT09,68,Engagement-inferred
U1697,INT20,67,Declared
U1697,INT21,66,Engagement-inferred
U1697,INT28,66,Engagement-inferred
U1697,INT31,65,Engagement-inferred
U1698,INT01,91,Engagement-inferred
U1698,INT29,86,Lookalike model
U1698,INT02,85,Engagement-inferred
U1698,INT26,82,Declared
U1698,INT38,82,Lookalike model
U1698,INT14,80,Engagement-inferred
U1698,INT28,80,Engagement-inferred
U1698,INT47,80,Engagement-inferred
U1698,INT08,78,Lookalike model
U1698,INT07,74,Engagement-inferred
U1698,INT32,74,Engagement-inferred
U1698,INT36,72,Engagement-inferred
U1698,INT11,72,Engagement-inferred
U1698,INT03,71,Engagement-inferred
U1699,INT03,94,Engagement-inferred
U1699,INT07,93,Engagement-inferred
U1699,INT33,92,Engagement-inferred
U1699,INT08,92,Engagement-inferred
U1699,INT01,89,Declared
U1699,INT04,86,Engagement-inferred
U1699,INT05,83,Engagement-inferred
U1699,INT02,72,Engagement-inferred
U1699,INT10,70,Declared
U1699,INT09,70,Engagement-inferred
U1699,INT35,69,Declared
U1699,INT19,68,Lookalike model
U1699,INT18,68,Engagement-inferred
U1699,INT26,64,Lookalike model
U1700,INT04,100,Engagement-inferred
U1700,INT27,96,Engagement-inferred
U1700,INT03,96,Engagement-inferred
U1700,INT26,91,Declared
U1700,INT28,84,Engagement-inferred
U1700,INT05,83,Engagement-inferred
U1700,INT33,77,Engagement-inferred
U1700,INT11,75,Engagement-inferred
U1700,INT32,74,Lookalike model
U1700,INT29,74,Declared
U1700,INT22,73,Lookalike model
U1700,INT24,73,Engagement-inferred
U1700,INT30,72,Declared
U1700,INT36,71,Engagement-inferred
U1701,INT10,84,Engagement-inferred
U1701,INT14,74,Lookalike model
U1701,INT33,71,Lookalike model
U1701,INT26,70,Declared
U1701,INT09,69,Engagement-inferred
U1701,INT19,68,Engagement-inferred
U1701,INT42,65,Lookalike model
U1701,INT40,64,Engagement-inferred
U1701,INT11,63,Lookalike model
U1701,INT27,62,Declared
U1701,INT47,61,Engagement-inferred
U1701,INT07,60,Engagement-inferred
U1701,INT08,60,Engagement-inferred
U1701,INT38,59,Lookalike model
U1702,INT19,80,Engagement-inferred
U1702,INT11,75,Declared
U1702,INT40,74,Engagement-inferred
U1702,INT23,71,Declared
U1702,INT26,70,Engagement-inferred
U1702,INT24,70,Lookalike model
U1702,INT22,68,Lookalike model
U1702,INT14,65,Lookalike model
U1702,INT44,64,Declared
U1702,INT20,64,Engagement-inferred
U1702,INT27,62,Engagement-inferred
U1702,INT30,61,Lookalike model
U1702,INT10,61,Engagement-inferred
U1702,INT42,60,Declared
U1703,INT40,85,Engagement-inferred
U1703,INT36,83,Engagement-inferred
U1703,INT08,81,Engagement-inferred
U1703,INT22,81,Engagement-inferred
U1703,INT11,80,Engagement-inferred
U1703,INT07,77,Lookalike model
U1703,INT44,76,Declared
U1703,INT09,73,Engagement-inferred
U1703,INT14,71,Lookalike model
U1703,INT23,70,Engagement-inferred
U1703,INT42,70,Engagement-inferred
U1703,INT24,69,Declared
U1703,INT48,66,Declared
U1703,INT15,66,Engagement-inferred
U1704,INT03,95,Declared
U1704,INT07,93,Engagement-inferred
U1704,INT04,91,Engagement-inferred
U1704,INT47,90,Declared
U1704,INT05,87,Lookalike model
U1704,INT08,86,Declared
U1704,INT19,83,Declared
U1704,INT38,82,Lookalike model
U1704,INT46,78,Lookalike model
U1704,INT18,78,Lookalike model
U1704,INT09,78,Engagement-inferred
U1704,INT21,73,Lookalike model
U1704,INT14,71,Engagement-inferred
U1704,INT11,69,Declared
U1705,INT19,96,Engagement-inferred
U1705,INT38,94,Engagement-inferred
U1705,INT47,88,Declared
U1705,INT18,86,Engagement-inferred
U1705,INT20,78,Declared
U1705,INT21,78,Engagement-inferred
U1705,INT33,74,Declared
U1705,INT01,64,Lookalike model
U1705,INT25,63,Engagement-inferred
U1705,INT04,59,Declared
U1705,INT02,58,Engagement-inferred
U1705,INT06,58,Engagement-inferred
U1705,INT05,58,Engagement-inferred
U1705,INT24,57,Engagement-inferred
U1706,INT44,96,Engagement-inferred
U1706,INT43,84,Engagement-inferred
U1706,INT37,84,Engagement-inferred
U1706,INT36,83,Declared
U1706,INT01,77,Declared
U1706,INT46,63,Engagement-inferred
U1706,INT40,62,Engagement-inferred
U1706,INT19,61,Engagement-inferred
U1706,INT27,61,Engagement-inferred
U1706,INT26,61,Lookalike model
U1706,INT42,60,Declared
U1706,INT49,58,Engagement-inferred
U1706,INT02,57,Declared
U1706,INT39,56,Engagement-inferred
U1707,INT33,96,Engagement-inferred
U1707,INT35,85,Lookalike model
U1707,INT25,76,Declared
U1707,INT22,76,Declared
U1707,INT26,75,Engagement-inferred
U1707,INT19,73,Lookalike model
U1707,INT34,73,Engagement-inferred
U1707,INT11,72,Declared
U1707,INT01,70,Engagement-inferred
U1707,INT27,67,Engagement-inferred
U1707,INT40,66,Lookalike model
U1707,INT20,65,Engagement-inferred
U1707,INT29,63,Declared
U1707,INT41,62,Engagement-inferred
U1708,INT26,96,Engagement-inferred
U1708,INT28,87,Lookalike model
U1708,INT27,86,Engagement-inferred
U1708,INT20,83,Engagement-inferred
U1708,INT30,83,Engagement-inferred
U1708,INT29,77,Engagement-inferred
U1708,INT23,75,Declared
U1708,INT31,73,Engagement-inferred
U1708,INT24,73,Lookalike model
U1708,INT22,72,Engagement-inferred
U1708,INT21,72,Lookalike model
U1708,INT19,71,Declared
U1708,INT25,71,Engagement-inferred
U1708,INT16,69,Engagement-inferred
U1709,INT07,94,Engagement-inferred
U1709,INT10,87,Engagement-inferred
U1709,INT33,81,Declared
U1709,INT26,80,Engagement-inferred
U1709,INT08,78,Engagement-inferred
U1709,INT01,76,Declared
U1709,INT09,73,Declared
U1709,INT42,72,Declared
U1709,INT25,71,Engagement-inferred
U1709,INT28,70,Declared
U1709,INT31,69,Declared
U1709,INT44,69,Engagement-inferred
U1709,INT43,68,Engagement-inferred
U1709,INT27,65,Lookalike model
U1710,INT07,83,Lookalike model
U1710,INT44,83,Declared
U1710,INT43,80,Lookalike model
U1710,INT08,73,Engagement-inferred
U1710,INT09,67,Engagement-inferred
U1710,INT23,63,Engagement-inferred
U1710,INT36,57,Engagement-inferred
U1710,INT24,52,Engagement-inferred
U1710,INT22,50,Engagement-inferred
U1710,INT35,48,Lookalike model
U1710,INT05,47,Lookalike model
U1710,INT33,47,Lookalike model
U1710,INT37,47,Lookalike model
U1710,INT38,46,Lookalike model
U1711,INT47,99,Lookalike model
U1711,INT03,88,Engagement-inferred
U1711,INT08,87,Declared
U1711,INT04,80,Engagement-inferred
U1711,INT26,79,Engagement-inferred
U1711,INT38,79,Engagement-inferred
U1711,INT07,78,Engagement-inferred
U1711,INT48,69,Lookalike model
U1711,INT50,69,Engagement-inferred
U1711,INT05,67,Declared
U1711,INT49,66,Declared
U1711,INT33,66,Engagement-inferred
U1711,INT09,65,Engagement-inferred
U1711,INT35,60,Engagement-inferred
U1712,INT44,81,Lookalike model
U1712,INT16,79,Engagement-inferred
U1712,INT01,77,Engagement-inferred
U1712,INT11,72,Engagement-inferred
U1712,INT42,71,Engagement-inferred
U1712,INT02,68,Engagement-inferred
U1712,INT14,68,Engagement-inferred
U1712,INT06,65,Engagement-inferred
U1712,INT17,63,Lookalike model
U1712,INT03,62,Engagement-inferred
U1712,INT43,61,Engagement-inferred
U1712,INT05,61,Declared
U1712,INT38,60,Engagement-inferred
U1712,INT33,60,Declared
U1713,INT22,99,Engagement-inferred
U1713,INT23,90,Engagement-inferred
U1713,INT24,82,Declared
U1713,INT42,79,Lookalike model
U1713,INT40,79,Lookalike model
U1713,INT05,75,Engagement-inferred
U1713,INT03,74,Engagement-inferred
U1713,INT33,72,Lookalike model
U1713,INT04,71,Engagement-inferred
U1713,INT15,68,Engagement-inferred
U1713,INT10,66,Engagement-inferred
U1713,INT11,65,Engagement-inferred
U1713,INT41,63,Lookalike model
U1713,INT47,63,Declared
U1714,INT25,88,Engagement-inferred
U1714,INT34,85,Engagement-inferred
U1714,INT33,80,Lookalike model
U1714,INT01,80,Declared
U1714,INT07,75,Engagement-inferred
U1714,INT27,70,Declared
U1714,INT35,69,Engagement-inferred
U1714,INT45,69,Engagement-inferred
U1714,INT26,66,Engagement-inferred
U1714,INT48,65,Engagement-inferred
U1714,INT32,65,Declared
U1714,INT31,60,Engagement-inferred
U1714,INT28,59,Engagement-inferred
U1714,INT06,59,Lookalike model
U1715,INT16,85,Engagement-inferred
U1715,INT07,79,Lookalike model
U1715,INT40,76,Engagement-inferred
U1715,INT26,73,Declared
U1715,INT17,69,Lookalike model
U1715,INT30,68,Engagement-inferred
U1715,INT28,67,Declared
U1715,INT12,66,Declared
U1715,INT29,64,Engagement-inferred
U1715,INT41,64,Engagement-inferred
U1715,INT08,64,Declared
U1715,INT27,61,Engagement-inferred
U1715,INT31,59,Engagement-inferred
U1715,INT11,58,Lookalike model
U1716,INT44,84,Declared
U1716,INT43,83,Engagement-inferred
U1716,INT14,77,Declared
U1716,INT11,76,Lookalike model
U1716,INT46,76,Declared
U1716,INT09,73,Engagement-inferred
U1716,INT24,72,Engagement-inferred
U1716,INT23,72,Engagement-inferred
U1716,INT22,71,Lookalike model
U1716,INT07,69,Engagement-inferred
U1716,INT40,69,Declared
U1716,INT08,67,Engagement-inferred
U1716,INT15,60,Engagement-inferred
U1716,INT33,58,Engagement-inferred
U1717,INT33,88,Lookalike model
U1717,INT34,82,Declared
U1717,INT07,82,Engagement-inferred
U1717,INT49,80,Engagement-inferred
U1717,INT35,79,Engagement-inferred
U1717,INT08,76,Engagement-inferred
U1717,INT01,76,Engagement-inferred
U1717,INT25,76,Lookalike model
U1717,INT48,73,Lookalike model
U1717,INT44,70,Engagement-inferred
U1717,INT50,70,Engagement-inferred
U1717,INT06,70,Engagement-inferred
U1717,INT02,69,Declared
U1717,INT04,66,Engagement-inferred
U1718,INT16,92,Declared
U1718,INT11,90,Engagement-inferred
U1718,INT26,84,Engagement-inferred
U1718,INT46,81,Lookalike model
U1718,INT14,79,Engagement-inferred
U1718,INT12,71,Lookalike model
U1718,INT22,71,Declared
U1718,INT23,70,Declared
U1718,INT24,70,Engagement-inferred
U1718,INT17,65,Declared
U1718,INT07,64,Declared
U1718,INT25,63,Engagement-inferred
U1718,INT27,61,Engagement-inferred
U1718,INT08,60,Declared
U1719,INT44,79,Engagement-inferred
U1719,INT07,79,Engagement-inferred
U1719,INT43,76,Engagement-inferred
U1719,INT09,75,Engagement-inferred
U1719,INT36,75,Engagement-inferred
U1719,INT39,74,Lookalike model
U1719,INT26,73,Engagement-inferred
U1719,INT21,73,Engagement-inferred
U1719,INT33,71,Engagement-inferred
U1719,INT19,70,Engagement-inferred
U1719,INT22,68,Engagement-inferred
U1719,INT29,65,Lookalike model
U1719,INT08,65,Lookalike model
U1719,INT03,64,Engagement-inferred
U1720,INT38,82,Engagement-inferred
U1720,INT47,81,Lookalike model
U1720,INT01,80,Engagement-inferred
U1720,INT25,76,Lookalike model
U1720,INT06,75,Engagement-inferred
U1720,INT40,70,Lookalike model
U1720,INT27,69,Declared
U1720,INT26,66,Engagement-inferred
U1720,INT42,66,Declared
U1720,INT04,66,Engagement-inferred
U1720,INT41,64,Engagement-inferred
U1720,INT05,63,Engagement-inferred
U1720,INT03,62,Engagement-inferred
U1720,INT28,59,Engagement-inferred
U1721,INT49,100,Lookalike model
U1721,INT48,96,Engagement-inferred
U1721,INT11,87,Declared
U1721,INT50,86,Declared
U1721,INT33,84,Lookalike model
U1721,INT10,80,Engagement-inferred
U1721,INT14,80,Declared
U1721,INT08,76,Engagement-inferred
U1721,INT16,73,Engagement-inferred
U1721,INT07,70,Engagement-inferred
U1721,INT17,68,Engagement-inferred
U1721,INT34,64,Engagement-inferred
U1721,INT12,63,Engagement-inferred
U1721,INT35,63,Lookalike model
U1722,INT38,88,Engagement-inferred
U1722,INT44,87,Lookalike model
U1722,INT05,86,Lookalike model
U1722,INT47,84,Engagement-inferred
U1722,INT04,82,Engagement-inferred
U1722,INT33,81,Declared
U1722,INT03,78,Engagement-inferred
U1722,INT43,73,Engagement-inferred
U1722,INT49,62,Lookalike model
U1722,INT35,62,Declared
U1722,INT48,62,Engagement-inferred
U1722,INT34,62,Lookalike model
U1722,INT14,61,Engagement-inferred
U1722,INT40,60,Engagement-inferred
U1723,INT33,91,Engagement-inferred
U1723,INT08,91,Engagement-inferred
U1723,INT07,88,Declared
U1723,INT09,82,Engagement-inferred
U1723,INT34,79,Lookalike model
U1723,INT23,73,Engagement-inferred
U1723,INT22,73,Engagement-inferred
U1723,INT35,72,Declared
U1723,INT15,70,Engagement-inferred
U1723,INT24,69,Engagement-inferred
U1723,INT11,68,Declared
U1723,INT10,64,Engagement-inferred
U1723,INT14,61,Engagement-inferred
U1723,INT46,57,Lookalike model
U1724,INT44,93,Declared
U1724,INT38,77,Engagement-inferred
U1724,INT47,76,Engagement-inferred
U1724,INT26,66,Engagement-inferred
U1724,INT33,64,Lookalike model
U1724,INT28,63,Engagement-inferred
U1724,INT43,62,Lookalike model
U1724,INT35,62,Declared
U1724,INT27,62,Engagement-inferred
U1724,INT04,61,Engagement-inferred
U1724,INT48,57,Engagement-inferred
U1724,INT34,56,Engagement-inferred
U1724,INT11,55,Declared
U1724,INT50,53,Engagement-inferred
U1725,INT26,98,Lookalike model
U1725,INT01,83,Declared
U1725,INT27,74,Engagement-inferred
U1725,INT28,73,Declared
U1725,INT15,71,Engagement-inferred
U1725,INT24,70,Engagement-inferred
U1725,INT22,68,Engagement-inferred
U1725,INT02,68,Engagement-inferred
U1725,INT30,68,Engagement-inferred
U1725,INT10,67,Engagement-inferred
U1725,INT29,65,Engagement-inferred
U1725,INT33,64,Engagement-inferred
U1725,INT23,62,Engagement-inferred
U1725,INT06,62,Engagement-inferred
U1726,INT26,100,Declared
U1726,INT44,91,Declared
U1726,INT07,83,Engagement-inferred
U1726,INT43,83,Declared
U1726,INT08,81,Declared
U1726,INT09,79,Declared
U1726,INT28,79,Engagement-inferred
U1726,INT29,77,Engagement-inferred
U1726,INT27,76,Declared
U1726,INT32,74,Engagement-inferred
U1726,INT49,72,Lookalike model
U1726,INT24,71,Lookalike model
U1726,INT22,71,Engagement-inferred
U1726,INT50,71,Lookalike model
U1727,INT36,93,Engagement-inferred
U1727,INT10,90,Engagement-inferred
U1727,INT38,89,Lookalike model
U1727,INT46,88,Lookalike model
U1727,INT22,88,Declared
U1727,INT23,82,Engagement-inferred
U1727,INT39,81,Engagement-inferred
U1727,INT47,80,Engagement-inferred
U1727,INT20,77,Declared
U1727,INT24,75,Engagement-inferred
U1727,INT44,74,Lookalike model
U1727,INT19,73,Engagement-inferred
U1727,INT37,73,Lookalike model
U1727,INT16,69,Lookalike model
U1728,INT44,91,Lookalike model
U1728,INT47,90,Engagement-inferred
U1728,INT38,86,Engagement-inferred
U1728,INT01,78,Lookalike model
U1728,INT26,76,Lookalike model
U1728,INT29,75,Engagement-inferred
U1728,INT27,73,Engagement-inferred
U1728,INT10,71,Engagement-inferred
U1728,INT48,70,Engagement-inferred
U1728,INT49,70,Declared
U1728,INT28,65,Lookalike model
U1728,INT50,64,Declared
U1728,INT30,59,Engagement-inferred
U1728,INT43,59,Lookalike model
U1729,INT33,100,Engagement-inferred
U1729,INT26,98,Lookalike model
U1729,INT29,88,Lookalike model
U1729,INT27,82,Engagement-inferred
U1729,INT28,80,Engagement-inferred
U1729,INT30,80,Engagement-inferred
U1729,INT05,78,Engagement-inferred
U1729,INT34,76,Engagement-inferred
U1729,INT03,75,Engagement-inferred
U1729,INT35,74,Engagement-inferred
U1729,INT04,74,Declared
U1729,INT49,71,Engagement-inferred
U1729,INT32,70,Engagement-inferred
U1729,INT50,69,Declared
U1730,INT01,79,Engagement-inferred
U1730,INT02,73,Engagement-inferred
U1730,INT19,71,Lookalike model
U1730,INT16,68,Engagement-inferred
U1730,INT21,67,Lookalike model
U1730,INT36,66,Lookalike model
U1730,INT14,66,Engagement-inferred
U1730,INT47,64,Engagement-inferred
U1730,INT07,63,Engagement-inferred
U1730,INT11,62,Engagement-inferred
U1730,INT10,62,Engagement-inferred
U1730,INT06,61,Lookalike model
U1730,INT20,58,Engagement-inferred
U1730,INT34,54,Lookalike model
U1731,INT26,96,Engagement-inferred
U1731,INT32,91,Declared
U1731,INT27,91,Engagement-inferred
U1731,INT47,87,Engagement-inferred
U1731,INT30,84,Lookalike model
U1731,INT10,83,Engagement-inferred
U1731,INT29,83,Engagement-inferred
U1731,INT44,80,Engagement-inferred
U1731,INT43,78,Lookalike model
U1731,INT01,77,Engagement-inferred
U1731,INT38,76,Declared
U1731,INT28,73,Engagement-inferred
U1731,INT46,73,Engagement-inferred
U1731,INT16,71,Engagement-inferred
U1732,INT47,85,Engagement-inferred
U1732,INT38,83,Engagement-inferred
U1732,INT44,80,Engagement-inferred
U1732,INT11,77,Lookalike model
U1732,INT22,76,Engagement-inferred
U1732,INT23,74,Engagement-inferred
U1732,INT24,72,Lookalike model
U1732,INT42,70,Lookalike model
U1732,INT14,68,Engagement-inferred
U1732,INT02,68,Engagement-inferred
U1732,INT40,67,Engagement-inferred
U1732,INT18,63,Declared
U1732,INT08,61,Lookalike model
U1732,INT20,58,Lookalike model
U1733,INT40,87,Declared
U1733,INT03,85,Lookalike model
U1733,INT41,76,Engagement-inferred
U1733,INT42,75,Engagement-inferred
U1733,INT04,75,Lookalike model
U1733,INT49,73,Engagement-inferred
U1733,INT05,73,Declared
U1733,INT38,71,Engagement-inferred
U1733,INT47,70,Engagement-inferred
U1733,INT10,67,Lookalike model
U1733,INT48,65,Engagement-inferred
U1733,INT50,65,Lookalike model
U1733,INT11,62,Lookalike model
U1733,INT29,62,Engagement-inferred
U1734,INT33,96,Engagement-inferred
U1734,INT49,75,Declared
U1734,INT26,75,Engagement-inferred
U1734,INT48,69,Engagement-inferred
U1734,INT16,67,Engagement-inferred
U1734,INT35,66,Engagement-inferred
U1734,INT34,66,Lookalike model
U1734,INT04,66,Lookalike model
U1734,INT27,64,Declared
U1734,INT10,63,Engagement-inferred
U1734,INT50,63,Engagement-inferred
U1734,INT03,62,Engagement-inferred
U1734,INT30,62,Declared
U1734,INT31,61,Lookalike model
U1735,INT26,90,Engagement-inferred
U1735,INT01,83,Lookalike model
U1735,INT11,82,Engagement-inferred
U1735,INT10,80,Lookalike model
U1735,INT47,79,Engagement-inferred
U1735,INT31,77,Engagement-inferred
U1735,INT36,77,Engagement-inferred
U1735,INT28,77,Engagement-inferred
U1735,INT25,75,Engagement-inferred
U1735,INT04,75,Declared
U1735,INT14,73,Declared
U1735,INT02,72,Lookalike model
U1735,INT29,72,Engagement-inferred
U1735,INT23,72,Engagement-inferred
U1736,INT01,100,Engagement-inferred
U1736,INT02,98,Engagement-inferred
U1736,INT47,85,Lookalike model
U1736,INT26,84,Engagement-inferred
U1736,INT07,82,Lookalike model
U1736,INT06,81,Lookalike model
U1736,INT28,80,Lookalike model
U1736,INT33,78,Engagement-inferred
U1736,INT34,76,Engagement-inferred
U1736,INT32,74,Declared
U1736,INT38,74,Lookalike model
U1736,INT25,72,Engagement-inferred
U1736,INT08,70,Engagement-inferred
U1736,INT27,69,Declared
U1737,INT01,91,Lookalike model
U1737,INT38,87,Declared
U1737,INT47,80,Lookalike model
U1737,INT40,75,Engagement-inferred
U1737,INT42,69,Declared
U1737,INT03,65,Declared
U1737,INT41,64,Engagement-inferred
U1737,INT02,63,Engagement-inferred
U1737,INT06,59,Lookalike model
U1737,INT16,59,Declared
U1737,INT10,59,Engagement-inferred
U1737,INT37,58,Engagement-inferred
U1737,INT05,57,Lookalike model
U1737,INT20,56,Engagement-inferred
U1738,INT33,100,Declared
U1738,INT26,97,Engagement-inferred
U1738,INT34,91,Lookalike model
U1738,INT29,84,Engagement-inferred
U1738,INT44,84,Engagement-inferred
U1738,INT27,84,Declared
U1738,INT47,83,Lookalike model
U1738,INT28,83,Lookalike model
U1738,INT35,82,Declared
U1738,INT30,81,Engagement-inferred
U1738,INT32,80,Lookalike model
U1738,INT38,76,Declared
U1738,INT31,72,Engagement-inferred
U1738,INT43,68,Engagement-inferred
U1739,INT23,91,Engagement-inferred
U1739,INT44,91,Declared
U1739,INT24,90,Engagement-inferred
U1739,INT22,88,Engagement-inferred
U1739,INT46,80,Declared
U1739,INT11,79,Declared
U1739,INT47,76,Engagement-inferred
U1739,INT15,76,Engagement-inferred
U1739,INT38,76,Engagement-inferred
U1739,INT14,70,Declared
U1739,INT43,66,Lookalike model
U1739,INT50,64,Declared
U1739,INT49,60,Declared
U1739,INT10,60,Lookalike model
U1740,INT24,77,Lookalike model
U1740,INT03,77,Lookalike model
U1740,INT04,75,Lookalike model
U1740,INT23,69,Lookalike model
U1740,INT10,67,Engagement-inferred
U1740,INT26,67,Engagement-inferred
U1740,INT05,66,Lookalike model
U1740,INT22,66,Declared
U1740,INT32,63,Lookalike model
U1740,INT15,60,Engagement-inferred
U1740,INT36,59,Engagement-inferred
U1740,INT27,58,Declared
U1740,INT34,54,Declared
U1740,INT33,52,Engagement-inferred
U1741,INT16,100,Lookalike model
U1741,INT44,96,Engagement-inferred
U1741,INT43,84,Declared
U1741,INT17,81,Declared
U1741,INT12,81,Engagement-inferred
U1741,INT11,78,Engagement-inferred
U1741,INT19,76,Declared
U1741,INT21,74,Lookalike model
U1741,INT20,73,Engagement-inferred
U1741,INT26,73,Engagement-inferred
U1741,INT27,71,Engagement-inferred
U1741,INT32,70,Declared
U1741,INT14,64,Engagement-inferred
U1741,INT30,64,Engagement-inferred
U1742,INT44,91,Engagement-inferred
U1742,INT48,87,Lookalike model
U1742,INT26,86,Engagement-inferred
U1742,INT27,86,Declared
U1742,INT49,85,Engagement-inferred
U1742,INT28,85,Lookalike model
U1742,INT19,83,Engagement-inferred
U1742,INT50,82,Engagement-inferred
U1742,INT10,81,Engagement-inferred
U1742,INT43,78,Declared
U1742,INT11,77,Engagement-inferred
U1742,INT32,72,Engagement-inferred
U1742,INT29,71,Engagement-inferred
U1742,INT18,69,Declared
U1743,INT19,100,Declared
U1743,INT11,97,Declared
U1743,INT21,96,Engagement-inferred
U1743,INT03,89,Lookalike model
U1743,INT01,88,Engagement-inferred
U1743,INT02,85,Engagement-inferred
U1743,INT20,84,Engagement-inferred
U1743,INT05,82,Engagement-inferred
U1743,INT04,80,Engagement-inferred
U1743,INT14,80,Engagement-inferred
U1743,INT18,79,Engagement-inferred
U1743,INT47,77,Declared
U1743,INT06,76,Engagement-inferred
U1743,INT38,75,Engagement-inferred
U1744,INT26,94,Engagement-inferred
U1744,INT47,88,Engagement-inferred
U1744,INT49,85,Engagement-inferred
U1744,INT42,85,Engagement-inferred
U1744,INT50,82,Engagement-inferred
U1744,INT16,82,Engagement-inferred
U1744,INT38,80,Engagement-inferred
U1744,INT33,79,Lookalike model
U1744,INT40,79,Declared
U1744,INT48,77,Engagement-inferred
U1744,INT11,77,Engagement-inferred
U1744,INT10,74,Lookalike model
U1744,INT27,73,Engagement-inferred
U1744,INT43,71,Declared
U1745,INT33,92,Engagement-inferred
U1745,INT11,85,Engagement-inferred
U1745,INT34,83,Lookalike model
U1745,INT14,81,Lookalike model
U1745,INT03,76,Declared
U1745,INT04,74,Declared
U1745,INT40,69,Engagement-inferred
U1745,INT26,68,Lookalike model
U1745,INT05,67,Declared
U1745,INT35,64,Engagement-inferred
U1745,INT41,62,Lookalike model
U1745,INT30,60,Engagement-inferred
U1745,INT10,59,Engagement-inferred
U1745,INT27,59,Declared
U1746,INT38,91,Declared
U1746,INT47,86,Lookalike model
U1746,INT24,77,Engagement-inferred
U1746,INT22,75,Declared
U1746,INT48,73,Engagement-inferred
U1746,INT21,72,Lookalike model
U1746,INT23,71,Engagement-inferred
U1746,INT20,71,Engagement-inferred
U1746,INT15,65,Engagement-inferred
U1746,INT11,65,Lookalike model
U1746,INT49,65,Engagement-inferred
U1746,INT18,64,Engagement-inferred
U1746,INT19,64,Engagement-inferred
U1746,INT10,61,Lookalike model
U1747,INT26,100,Declared
U1747,INT28,95,Declared
U1747,INT27,93,Engagement-inferred
U1747,INT08,87,Engagement-inferred
U1747,INT07,87,Lookalike model
U1747,INT22,84,Engagement-inferred
U1747,INT38,83,Declared
U1747,INT31,83,Engagement-inferred
U1747,INT47,82,Declared
U1747,INT30,81,Engagement-inferred
U1747,INT29,78,Engagement-inferred
U1747,INT32,77,Engagement-inferred
U1747,INT40,77,Lookalike model
U1747,INT19,76,Engagement-inferred
U1748,INT07,88,Declared
U1748,INT47,87,Engagement-inferred
U1748,INT26,79,Engagement-inferred
U1748,INT32,74,Engagement-inferred
U1748,INT21,71,Engagement-inferred
U1748,INT19,71,Lookalike model
U1748,INT08,70,Lookalike model
U1748,INT10,70,Lookalike model
U1748,INT41,70,Declared
U1748,INT27,69,Engagement-inferred
U1748,INT28,69,Engagement-inferred
U1748,INT38,68,Engagement-inferred
U1748,INT14,66,Engagement-inferred
U1748,INT29,66,Engagement-inferred
U1749,INT01,95,Engagement-inferred
U1749,INT02,87,Engagement-inferred
U1749,INT11,82,Lookalike model
U1749,INT25,77,Engagement-inferred
U1749,INT07,76,Declared
U1749,INT18,72,Declared
U1749,INT06,71,Lookalike model
U1749,INT14,71,Declared
U1749,INT08,68,Engagement-inferred
U1749,INT27,68,Engagement-inferred
U1749,INT19,68,Lookalike model
U1749,INT26,67,Engagement-inferred
U1749,INT46,66,Engagement-inferred
U1749,INT32,62,Declared
U1750,INT03,100,Engagement-inferred
U1750,INT26,98,Lookalike model
U1750,INT27,87,Engagement-inferred
U1750,INT04,83,Engagement-inferred
U1750,INT29,78,Lookalike model
U1750,INT32,78,Declared
U1750,INT28,78,Engagement-inferred
U1750,INT05,76,Engagement-inferred
U1750,INT46,72,Engagement-inferred
U1750,INT44,71,Engagement-inferred
U1750,INT30,70,Lookalike model
U1750,INT31,67,Engagement-inferred
U1750,INT43,65,Engagement-inferred
U1750,INT14,61,Lookalike model
U1751,INT26,100,Engagement-inferred
U1751,INT44,94,Declared
U1751,INT32,85,Lookalike model
U1751,INT28,82,Declared
U1751,INT31,79,Engagement-inferred
U1751,INT33,75,Lookalike model
U1751,INT27,74,Declared
U1751,INT29,74,Lookalike model
U1751,INT30,69,Engagement-inferred
U1751,INT34,67,Engagement-inferred
U1751,INT35,66,Engagement-inferred
U1751,INT16,62,Engagement-inferred
U1751,INT07,61,Engagement-inferred
U1751,INT43,61,Declared
U1752,INT24,82,Engagement-inferred
U1752,INT22,75,Lookalike model
U1752,INT11,73,Engagement-inferred
U1752,INT23,73,Engagement-inferred
U1752,INT40,73,Lookalike model
U1752,INT01,72,Lookalike model
U1752,INT04,69,Engagement-inferred
U1752,INT19,67,Lookalike model
U1752,INT42,66,Engagement-inferred
U1752,INT02,64,Declared
U1752,INT14,64,Engagement-inferred
U1752,INT10,64,Engagement-inferred
U1752,INT06,64,Engagement-inferred
U1752,INT41,63,Engagement-inferred
U1753,INT33,81,Engagement-inferred
U1753,INT11,80,Engagement-inferred
U1753,INT25,78,Lookalike model
U1753,INT02,76,Engagement-inferred
U1753,INT01,75,Engagement-inferred
U1753,INT06,67,Engagement-inferred
U1753,INT47,66,Engagement-inferred
U1753,INT43,64,Engagement-inferred
U1753,INT24,64,Engagement-inferred
U1753,INT07,62,Engagement-inferred
U1753,INT08,60,Lookalike model
U1753,INT34,59,Engagement-inferred
U1753,INT35,59,Declared
U1753,INT14,58,Declared
U1754,INT07,100,Lookalike model
U1754,INT08,90,Engagement-inferred
U1754,INT09,85,Lookalike model
U1754,INT25,82,Engagement-inferred
U1754,INT17,79,Lookalike model
U1754,INT47,68,Engagement-inferred
U1754,INT38,66,Engagement-inferred
U1754,INT16,63,Lookalike model
U1754,INT23,58,Engagement-inferred
U1754,INT48,56,Engagement-inferred
U1754,INT36,52,Declared
U1754,INT10,52,Engagement-inferred
U1754,INT26,51,Declared
U1754,INT24,51,Engagement-inferred
U1755,INT22,91,Declared
U1755,INT24,89,Lookalike model
U1755,INT23,82,Declared
U1755,INT11,77,Engagement-inferred
U1755,INT14,74,Engagement-inferred
U1755,INT03,69,Lookalike model
U1755,INT38,67,Engagement-inferred
U1755,INT26,66,Engagement-inferred
U1755,INT15,66,Engagement-inferred
U1755,INT10,62,Engagement-inferred
U1755,INT27,61,Lookalike model
U1755,INT05,61,Engagement-inferred
U1755,INT16,60,Engagement-inferred
U1755,INT47,56,Lookalike model
U1756,INT01,92,Lookalike model
U1756,INT47,89,Engagement-inferred
U1756,INT37,86,Engagement-inferred
U1756,INT38,85,Lookalike model
U1756,INT36,81,Lookalike model
U1756,INT19,80,Engagement-inferred
U1756,INT06,77,Engagement-inferred
U1756,INT39,76,Engagement-inferred
U1756,INT02,73,Engagement-inferred
U1756,INT21,68,Engagement-inferred
U1756,INT18,68,Lookalike model
U1756,INT11,65,Engagement-inferred
U1756,INT16,64,Declared
U1756,INT26,64,Engagement-inferred
U1757,INT03,84,Lookalike model
U1757,INT40,82,Engagement-inferred
U1757,INT05,75,Engagement-inferred
U1757,INT04,75,Engagement-inferred
U1757,INT19,72,Engagement-inferred
U1757,INT43,70,Engagement-inferred
U1757,INT49,70,Engagement-inferred
U1757,INT18,69,Engagement-inferred
U1757,INT44,69,Engagement-inferred
U1757,INT10,68,Engagement-inferred
U1757,INT48,68,Engagement-inferred
U1757,INT42,67,Lookalike model
U1757,INT46,67,Declared
U1757,INT50,66,Engagement-inferred
U1758,INT33,97,Engagement-inferred
U1758,INT40,90,Engagement-inferred
U1758,INT34,87,Engagement-inferred
U1758,INT44,81,Engagement-inferred
U1758,INT35,81,Lookalike model
U1758,INT41,80,Lookalike model
U1758,INT43,73,Engagement-inferred
U1758,INT42,69,Engagement-inferred
U1758,INT07,68,Engagement-inferred
U1758,INT46,64,Lookalike model
U1758,INT08,63,Engagement-inferred
U1758,INT04,60,Declared
U1758,INT11,60,Engagement-inferred
U1758,INT05,59,Declared
U1759,INT33,95,Engagement-inferred
U1759,INT36,88,Lookalike model
U1759,INT37,84,Engagement-inferred
U1759,INT34,72,Engagement-inferred
U1759,INT25,71,Lookalike model
U1759,INT35,70,Lookalike model
U1759,INT04,70,Lookalike model
U1759,INT10,69,Declared
U1759,INT44,67,Lookalike model
U1759,INT41,65,Engagement-inferred
U1759,INT16,64,Engagement-inferred
U1759,INT49,64,Engagement-inferred
U1759,INT43,63,Engagement-inferred
U1759,INT05,63,Declared
U1760,INT32,85,Engagement-inferred
U1760,INT11,84,Declared
U1760,INT26,84,Engagement-inferred
U1760,INT47,82,Engagement-inferred
U1760,INT38,81,Declared
U1760,INT14,79,Declared
U1760,INT10,76,Engagement-inferred
U1760,INT31,76,Engagement-inferred
U1760,INT44,74,Engagement-inferred
U1760,INT27,72,Declared
U1760,INT19,72,Engagement-inferred
U1760,INT33,71,Engagement-inferred
U1760,INT28,70,Engagement-inferred
U1760,INT21,70,Engagement-inferred
U1761,INT16,100,Lookalike model
U1761,INT26,94,Engagement-inferred
U1761,INT04,90,Engagement-inferred
U1761,INT17,89,Engagement-inferred
U1761,INT27,86,Lookalike model
U1761,INT28,86,Engagement-inferred
U1761,INT03,82,Lookalike model
U1761,INT12,81,Engagement-inferred
U1761,INT32,81,Engagement-inferred
U1761,INT29,79,Engagement-inferred
U1761,INT30,79,Engagement-inferred
U1761,INT31,71,Lookalike model
U1761,INT14,69,Lookalike model
U1761,INT47,68,Engagement-inferred
U1762,INT26,91,Engagement-inferred
U1762,INT28,87,Engagement-inferred
U1762,INT10,81,Engagement-inferred
U1762,INT27,80,Engagement-inferred
U1762,INT30,80,Lookalike model
U1762,INT32,80,Engagement-inferred
U1762,INT04,79,Engagement-inferred
U1762,INT03,76,Engagement-inferred
U1762,INT31,71,Engagement-inferred
U1762,INT33,68,Engagement-inferred
U1762,INT29,68,Lookalike model
U1762,INT11,67,Engagement-inferred
U1762,INT05,62,Engagement-inferred
U1762,INT01,60,Declared
U1763,INT10,86,Engagement-inferred
U1763,INT11,82,Declared
U1763,INT44,79,Lookalike model
U1763,INT40,69,Lookalike model
U1763,INT03,67,Declared
U1763,INT07,66,Engagement-inferred
U1763,INT09,62,Engagement-inferred
U1763,INT43,62,Engagement-inferred
U1763,INT36,61,Declared
U1763,INT14,61,Engagement-inferred
U1763,INT26,58,Declared
U1763,INT08,56,Lookalike model
U1763,INT42,56,Engagement-inferred
U1763,INT37,55,Engagement-inferred
U1764,INT07,97,Lookalike model
U1764,INT09,93,Engagement-inferred
U1764,INT08,82,Lookalike model
U1764,INT25,80,Engagement-inferred
U1764,INT49,68,Engagement-inferred
U1764,INT16,65,Engagement-inferred
U1764,INT28,64,Lookalike model
U1764,INT15,63,Lookalike model
U1764,INT36,63,Engagement-inferred
U1764,INT50,63,Engagement-inferred
U1764,INT14,63,Engagement-inferred
U1764,INT22,62,Lookalike model
U1764,INT48,62,Declared
U1764,INT44,62,Engagement-inferred
U1765,INT07,76,Engagement-inferred
U1765,INT26,74,Engagement-inferred
U1765,INT11,71,Engagement-inferred
U1765,INT24,69,Lookalike model
U1765,INT25,66,Lookalike model
U1765,INT16,65,Declared
U1765,INT14,62,Lookalike model
U1765,INT22,60,Lookalike model
U1765,INT49,60,Engagement-inferred
U1765,INT23,59,Engagement-inferred
U1765,INT09,58,Engagement-inferred
U1765,INT08,57,Lookalike model
U1765,INT13,56,Engagement-inferred
U1765,INT17,55,Engagement-inferred
U1766,INT33,91,Engagement-inferred
U1766,INT43,91,Engagement-inferred
U1766,INT44,90,Engagement-inferred
U1766,INT16,88,Engagement-inferred
U1766,INT35,84,Lookalike model
U1766,INT17,80,Engagement-inferred
U1766,INT19,78,Engagement-inferred
U1766,INT46,75,Declared
U1766,INT20,74,Engagement-inferred
U1766,INT10,72,Declared
U1766,INT18,71,Lookalike model
U1766,INT12,70,Engagement-inferred
U1766,INT34,68,Lookalike model
U1766,INT11,65,Engagement-inferred
U1767,INT44,93,Engagement-inferred
U1767,INT03,85,Declared
U1767,INT33,77,Engagement-inferred
U1767,INT34,76,Engagement-inferred
U1767,INT43,75,Declared
U1767,INT40,73,Engagement-inferred
U1767,INT10,72,Lookalike model
U1767,INT42,69,Lookalike model
U1767,INT19,69,Engagement-inferred
U1767,INT04,63,Engagement-inferred
U1767,INT11,63,Lookalike model
U1767,INT41,62,Engagement-inferred
U1767,INT35,62,Engagement-inferred
U1767,INT05,61,Declared
U1768,INT16,90,Engagement-inferred
U1768,INT38,86,Engagement-inferred
U1768,INT47,82,Declared
U1768,INT26,74,Engagement-inferred
U1768,INT11,68,Lookalike model
U1768,INT19,66,Engagement-inferred
U1768,INT29,65,Engagement-inferred
U1768,INT30,65,Engagement-inferred
U1768,INT10,64,Engagement-inferred
U1768,INT49,64,Engagement-inferred
U1768,INT17,63,Engagement-inferred
U1768,INT20,62,Declared
U1768,INT08,62,Engagement-inferred
U1768,INT28,61,Lookalike model
U1769,INT26,82,Engagement-inferred
U1769,INT11,73,Engagement-inferred
U1769,INT07,73,Lookalike model
U1769,INT46,71,Declared
U1769,INT08,69,Engagement-inferred
U1769,INT14,69,Declared
U1769,INT44,69,Lookalike model
U1769,INT04,66,Engagement-inferred
U1769,INT09,65,Engagement-inferred
U1769,INT03,65,Engagement-inferred
U1769,INT43,63,Engagement-inferred
U1769,INT27,61,Declared
U1769,INT28,61,Engagement-inferred
U1769,INT05,60,Lookalike model
U1770,INT10,79,Engagement-inferred
U1770,INT26,77,Engagement-inferred
U1770,INT27,74,Declared
U1770,INT36,74,Engagement-inferred
U1770,INT44,68,Engagement-inferred
U1770,INT30,66,Engagement-inferred
U1770,INT07,66,Engagement-inferred
U1770,INT29,65,Lookalike model
U1770,INT45,65,Declared
U1770,INT08,62,Declared
U1770,INT28,62,Lookalike model
U1770,INT32,61,Engagement-inferred
U1770,INT09,60,Lookalike model
U1770,INT39,60,Lookalike model
U1771,INT07,88,Engagement-inferred
U1771,INT42,85,Engagement-inferred
U1771,INT11,80,Engagement-inferred
U1771,INT41,79,Engagement-inferred
U1771,INT08,79,Engagement-inferred
U1771,INT19,78,Declared
U1771,INT21,75,Engagement-inferred
U1771,INT40,75,Declared
U1771,INT14,74,Engagement-inferred
U1771,INT09,72,Engagement-inferred
U1771,INT18,67,Declared
U1771,INT20,65,Engagement-inferred
U1771,INT33,64,Engagement-inferred
U1771,INT35,55,Declared
U1772,INT04,100,Engagement-inferred
U1772,INT03,95,Engagement-inferred
U1772,INT05,94,Engagement-inferred
U1772,INT17,83,Engagement-inferred
U1772,INT16,80,Engagement-inferred
U1772,INT07,79,Engagement-inferred
U1772,INT29,72,Declared
U1772,INT31,71,Declared
U1772,INT26,70,Lookalike model
U1772,INT47,68,Engagement-inferred
U1772,INT08,68,Engagement-inferred
U1772,INT32,68,Engagement-inferred
U1772,INT38,64,Engagement-inferred
U1772,INT19,62,Lookalike model
U1773,INT19,96,Engagement-inferred
U1773,INT21,82,Declared
U1773,INT49,77,Engagement-inferred
U1773,INT20,77,Engagement-inferred
U1773,INT48,76,Engagement-inferred
U1773,INT18,72,Lookalike model
U1773,INT47,71,Lookalike model
U1773,INT50,67,Engagement-inferred
U1773,INT01,66,Engagement-inferred
U1773,INT16,66,Lookalike model
U1773,INT10,64,Engagement-inferred
U1773,INT38,63,Lookalike model
U1773,INT03,63,Lookalike model
U1773,INT33,61,Lookalike model
U1774,INT07,100,Engagement-inferred
U1774,INT40,76,Engagement-inferred
U1774,INT08,74,Engagement-inferred
U1774,INT09,69,Lookalike model
U1774,INT26,68,Declared
U1774,INT10,68,Engagement-inferred
U1774,INT42,68,Declared
U1774,INT16,66,Engagement-inferred
U1774,INT49,65,Engagement-inferred
U1774,INT44,63,Lookalike model
U1774,INT41,63,Lookalike model
U1774,INT11,63,Engagement-inferred
U1774,INT43,62,Engagement-inferred
U1774,INT14,61,Engagement-inferred
U1775,INT03,91,Engagement-inferred
U1775,INT01,88,Engagement-inferred
U1775,INT46,88,Engagement-inferred
U1775,INT10,80,Engagement-inferred
U1775,INT47,78,Engagement-inferred
U1775,INT04,73,Engagement-inferred
U1775,INT06,71,Declared
U1775,INT05,70,Engagement-inferred
U1775,INT44,69,Engagement-inferred
U1775,INT38,66,Lookalike model
U1775,INT36,66,Declared
U1775,INT02,66,Engagement-inferred
U1775,INT33,58,Engagement-inferred
U1775,INT43,58,Engagement-inferred
U1776,INT33,90,Declared
U1776,INT34,78,Declared
U1776,INT20,76,Engagement-inferred
U1776,INT27,74,Engagement-inferred
U1776,INT18,71,Engagement-inferred
U1776,INT38,71,Engagement-inferred
U1776,INT32,68,Engagement-inferred
U1776,INT47,68,Lookalike model
U1776,INT10,68,Engagement-inferred
U1776,INT35,67,Declared
U1776,INT29,65,Engagement-inferred
U1776,INT26,65,Declared
U1776,INT11,63,Engagement-inferred
U1776,INT19,62,Engagement-inferred
U1777,INT01,95,Lookalike model
U1777,INT27,91,Engagement-inferred
U1777,INT25,91,Lookalike model
U1777,INT26,87,Engagement-inferred
U1777,INT22,84,Lookalike model
U1777,INT28,81,Declared
U1777,INT24,80,Declared
U1777,INT29,79,Lookalike model
U1777,INT02,77,Engagement-inferred
U1777,INT23,73,Engagement-inferred
U1777,INT32,72,Engagement-inferred
U1777,INT06,71,Engagement-inferred
U1777,INT33,70,Engagement-inferred
U1777,INT31,70,Engagement-inferred
U1778,INT19,90,Engagement-inferred
U1778,INT03,86,Lookalike model
U1778,INT07,85,Lookalike model
U1778,INT20,84,Declared
U1778,INT04,84,Engagement-inferred
U1778,INT08,83,Lookalike model
U1778,INT01,82,Lookalike model
U1778,INT18,81,Declared
U1778,INT02,81,Engagement-inferred
U1778,INT21,80,Engagement-inferred
U1778,INT11,79,Lookalike model
U1778,INT40,76,Declared
U1778,INT16,75,Declared
U1778,INT22,75,Engagement-inferred
U1779,INT07,94,Engagement-inferred
U1779,INT04,81,Engagement-inferred
U1779,INT09,80,Declared
U1779,INT19,77,Engagement-inferred
U1779,INT26,77,Engagement-inferred
U1779,INT28,75,Engagement-inferred
U1779,INT18,72,Lookalike model
U1779,INT20,72,Lookalike model
U1779,INT08,72,Engagement-inferred
U1779,INT27,71,Lookalike model
U1779,INT05,70,Engagement-inferred
U1779,INT22,70,Engagement-inferred
U1779,INT03,68,Engagement-inferred
U1779,INT01,67,Engagement-inferred
U1780,INT33,100,Declared
U1780,INT03,91,Declared
U1780,INT26,90,Engagement-inferred
U1780,INT35,85,Engagement-inferred
U1780,INT34,85,Engagement-inferred
U1780,INT04,82,Lookalike model
U1780,INT40,80,Engagement-inferred
U1780,INT28,77,Engagement-inferred
U1780,INT41,75,Declared
U1780,INT05,74,Engagement-inferred
U1780,INT32,73,Engagement-inferred
U1780,INT31,69,Engagement-inferred
U1780,INT42,67,Declared
U1780,INT30,66,Declared
U1781,INT16,85,Engagement-inferred
U1781,INT27,77,Engagement-inferred
U1781,INT40,76,Engagement-inferred
U1781,INT26,75,Engagement-inferred
U1781,INT42,74,Engagement-inferred
U1781,INT44,70,Lookalike model
U1781,INT28,66,Engagement-inferred
U1781,INT41,66,Engagement-inferred
U1781,INT29,66,Engagement-inferred
U1781,INT17,65,Lookalike model
U1781,INT11,64,Lookalike model
U1781,INT01,64,Engagement-inferred
U1781,INT30,63,Engagement-inferred
U1781,INT43,61,Engagement-inferred
U1782,INT22,79,Engagement-inferred
U1782,INT36,77,Engagement-inferred
U1782,INT37,67,Engagement-inferred
U1782,INT39,66,Engagement-inferred
U1782,INT44,64,Engagement-inferred
U1782,INT23,64,Engagement-inferred
U1782,INT18,62,Engagement-inferred
U1782,INT08,62,Engagement-inferred
U1782,INT11,61,Engagement-inferred
U1782,INT16,61,Lookalike model
U1782,INT35,58,Engagement-inferred
U1782,INT09,58,Engagement-inferred
U1782,INT25,58,Engagement-inferred
U1782,INT21,57,Engagement-inferred
U1783,INT36,84,Lookalike model
U1783,INT19,79,Engagement-inferred
U1783,INT38,78,Engagement-inferred
U1783,INT20,77,Engagement-inferred
U1783,INT08,72,Declared
U1783,INT07,72,Engagement-inferred
U1783,INT35,67,Engagement-inferred
U1783,INT43,67,Declared
U1783,INT09,67,Engagement-inferred
U1783,INT18,67,Engagement-inferred
U1783,INT46,67,Lookalike model
U1783,INT47,65,Declared
U1783,INT16,63,Engagement-inferred
U1783,INT21,63,Engagement-inferred
U1784,INT07,94,Engagement-inferred
U1784,INT19,93,Engagement-inferred
U1784,INT26,92,Engagement-inferred
U1784,INT04,82,Engagement-inferred
U1784,INT27,80,Declared
U1784,INT23,78,Engagement-inferred
U1784,INT40,77,Lookalike model
U1784,INT44,77,Engagement-inferred
U1784,INT11,76,Declared
U1784,INT24,76,Engagement-inferred
U1784,INT09,75,Engagement-inferred
U1784,INT28,75,Engagement-inferred
U1784,INT05,75,Engagement-inferred
U1784,INT30,72,Engagement-inferred
U1785,INT07,93,Engagement-inferred
U1785,INT11,83,Lookalike model
U1785,INT25,83,Engagement-inferred
U1785,INT26,78,Lookalike model
U1785,INT29,73,Declared
U1785,INT09,72,Engagement-inferred
U1785,INT14,71,Engagement-inferred
U1785,INT08,70,Engagement-inferred
U1785,INT27,66,Lookalike model
U1785,INT23,63,Engagement-inferred
U1785,INT31,61,Declared
U1785,INT30,61,Declared
U1785,INT32,60,Engagement-inferred
U1785,INT24,58,Engagement-inferred
U1786,INT07,91,Engagement-inferred
U1786,INT01,78,Engagement-inferred
U1786,INT47,77,Declared
U1786,INT02,72,Declared
U1786,INT22,72,Declared
U1786,INT23,70,Engagement-inferred
U1786,INT38,69,Declared
U1786,INT44,67,Engagement-inferred
U1786,INT14,64,Engagement-inferred
U1786,INT24,63,Declared
U1786,INT10,63,Lookalike model
U1786,INT08,63,Declared
U1786,INT09,62,Engagement-inferred
U1786,INT05,62,Declared
U1787,INT26,84,Engagement-inferred
U1787,INT16,81,Engagement-inferred
U1787,INT07,78,Declared
U1787,INT25,72,Engagement-inferred
U1787,INT03,71,Engagement-inferred
U1787,INT05,67,Declared
U1787,INT14,66,Engagement-inferred
U1787,INT11,66,Lookalike model
U1787,INT10,65,Engagement-inferred
U1787,INT27,65,Declared
U1787,INT30,63,Engagement-inferred
U1787,INT17,58,Engagement-inferred
U1787,INT32,57,Engagement-inferred
U1787,INT04,57,Lookalike model
U1788,INT07,93,Engagement-inferred
U1788,INT09,82,Engagement-inferred
U1788,INT48,82,Engagement-inferred
U1788,INT20,82,Lookalike model
U1788,INT18,80,Engagement-inferred
U1788,INT19,80,Lookalike model
U1788,INT08,80,Engagement-inferred
U1788,INT49,79,Engagement-inferred
U1788,INT21,76,Engagement-inferred
U1788,INT44,74,Engagement-inferred
U1788,INT11,74,Engagement-inferred
U1788,INT25,69,Engagement-inferred
U1788,INT50,68,Lookalike model
U1788,INT14,68,Engagement-inferred
U1789,INT08,96,Declared
U1789,INT07,95,Lookalike model
U1789,INT26,90,Declared
U1789,INT09,85,Lookalike model
U1789,INT11,76,Engagement-inferred
U1789,INT16,75,Engagement-inferred
U1789,INT27,72,Declared
U1789,INT44,70,Engagement-inferred
U1789,INT14,66,Declared
U1789,INT40,65,Declared
U1789,INT17,65,Engagement-inferred
U1789,INT10,65,Engagement-inferred
U1789,INT25,62,Lookalike model
U1789,INT32,62,Engagement-inferred
U1790,INT07,99,Lookalike model
U1790,INT16,98,Engagement-inferred
U1790,INT33,86,Engagement-inferred
U1790,INT08,86,Lookalike model
U1790,INT17,83,Lookalike model
U1790,INT36,83,Lookalike model
U1790,INT12,83,Engagement-inferred
U1790,INT35,71,Engagement-inferred
U1790,INT09,70,Engagement-inferred
U1790,INT49,70,Engagement-inferred
U1790,INT34,70,Engagement-inferred
U1790,INT48,65,Engagement-inferred
U1790,INT39,64,Declared
U1790,INT25,63,Engagement-inferred
U1791,INT33,75,Lookalike model
U1791,INT13,75,Engagement-inferred
U1791,INT38,73,Declared
U1791,INT47,69,Lookalike model
U1791,INT34,64,Declared
U1791,INT26,64,Engagement-inferred
U1791,INT11,62,Engagement-inferred
U1791,INT44,61,Lookalike model
U1791,INT01,59,Engagement-inferred
U1791,INT03,59,Engagement-inferred
U1791,INT06,58,Engagement-inferred
U1791,INT43,57,Declared
U1791,INT35,56,Engagement-inferred
U1791,INT04,54,Lookalike model
U1792,INT40,75,Declared
U1792,INT42,75,Engagement-inferred
U1792,INT41,70,Engagement-inferred
U1792,INT14,70,Declared
U1792,INT11,63,Engagement-inferred
U1792,INT28,63,Engagement-inferred
U1792,INT26,62,Engagement-inferred
U1792,INT27,62,Declared
U1792,INT10,61,Engagement-inferred
U1792,INT44,60,Engagement-inferred
U1792,INT49,59,Engagement-inferred
U1792,INT43,58,Engagement-inferred
U1792,INT50,58,Engagement-inferred
U1792,INT31,55,Declared
U1793,INT22,100,Engagement-inferred
U1793,INT24,99,Lookalike model
U1793,INT26,91,Engagement-inferred
U1793,INT29,88,Engagement-inferred
U1793,INT23,85,Declared
U1793,INT27,81,Engagement-inferred
U1793,INT40,80,Lookalike model
U1793,INT42,76,Declared
U1793,INT41,72,Lookalike model
U1793,INT20,70,Engagement-inferred
U1793,INT33,69,Engagement-inferred
U1793,INT15,69,Engagement-inferred
U1793,INT35,69,Engagement-inferred
U1793,INT31,67,Engagement-inferred
U1794,INT47,78,Engagement-inferred
U1794,INT38,78,Lookalike model
U1794,INT26,76,Lookalike model
U1794,INT40,75,Declared
U1794,INT44,71,Declared
U1794,INT43,71,Engagement-inferred
U1794,INT10,70,Engagement-inferred
U1794,INT28,66,Engagement-inferred
U1794,INT29,62,Declared
U1794,INT31,60,Engagement-inferred
U1794,INT24,60,Lookalike model
U1794,INT50,60,Engagement-inferred
U1794,INT11,58,Lookalike model
U1794,INT22,57,Engagement-inferred
U1795,INT47,100,Engagement-inferred
U1795,INT27,100,Engagement-inferred
U1795,INT44,99,Declared
U1795,INT26,96,Engagement-inferred
U1795,INT38,88,Engagement-inferred
U1795,INT28,86,Lookalike model
U1795,INT29,83,Engagement-inferred
U1795,INT30,82,Engagement-inferred
U1795,INT31,78,Engagement-inferred
U1795,INT43,75,Engagement-inferred
U1795,INT32,72,Engagement-inferred
U1795,INT46,70,Declared
U1795,INT11,67,Declared
U1795,INT07,66,Engagement-inferred
U1796,INT22,95,Lookalike model
U1796,INT04,93,Engagement-inferred
U1796,INT23,86,Engagement-inferred
U1796,INT03,81,Engagement-inferred
U1796,INT44,78,Lookalike model
U1796,INT24,77,Declared
U1796,INT05,77,Engagement-inferred
U1796,INT33,76,Declared
U1796,INT43,73,Lookalike model
U1796,INT26,71,Declared
U1796,INT32,71,Engagement-inferred
U1796,INT02,70,Engagement-inferred
U1796,INT27,70,Engagement-inferred
U1796,INT31,69,Declared
U1797,INT22,98,Engagement-inferred
U1797,INT42,88,Engagement-inferred
U1797,INT26,84,Engagement-inferred
U1797,INT40,81,Engagement-inferred
U1797,INT24,75,Engagement-inferred
U1797,INT19,75,Engagement-inferred
U1797,INT33,74,Lookalike model
U1797,INT27,74,Engagement-inferred
U1797,INT44,72,Lookalike model
U1797,INT30,71,Engagement-inferred
U1797,INT23,71,Lookalike model
U1797,INT34,68,Lookalike model
U1797,INT03,67,Declared
U1797,INT32,67,Engagement-inferred
U1798,INT49,95,Declared
U1798,INT50,82,Engagement-inferred
U1798,INT48,82,Lookalike model
U1798,INT03,80,Engagement-inferred
U1798,INT40,76,Declared
U1798,INT41,75,Engagement-inferred
U1798,INT42,71,Declared
U1798,INT05,69,Engagement-inferred
U1798,INT10,66,Engagement-inferred
U1798,INT26,66,Engagement-inferred
U1798,INT04,65,Engagement-inferred
U1798,INT38,62,Declared
U1798,INT47,61,Lookalike model
U1798,INT33,59,Declared
U1799,INT07,99,Engagement-inferred
U1799,INT26,75,Engagement-inferred
U1799,INT03,75,Lookalike model
U1799,INT08,70,Lookalike model
U1799,INT14,69,Declared
U1799,INT04,68,Declared
U1799,INT30,67,Engagement-inferred
U1799,INT05,67,Engagement-inferred
U1799,INT27,67,Lookalike model
U1799,INT38,65,Engagement-inferred
U1799,INT47,64,Declared
U1799,INT28,64,Lookalike model
U1799,INT29,64,Engagement-inferred
U1799,INT11,61,Lookalike model
U1800,INT44,95,Engagement-inferred
U1800,INT43,89,Engagement-inferred
U1800,INT26,85,Declared
U1800,INT01,84,Engagement-inferred
U1800,INT27,81,Engagement-inferred
U1800,INT47,81,Engagement-inferred
U1800,INT38,76,Lookalike model
U1800,INT16,74,Engagement-inferred
U1800,INT28,71,Engagement-inferred
U1800,INT31,66,Engagement-inferred
U1800,INT02,66,Engagement-inferred
U1800,INT30,64,Declared
U1800,INT32,64,Declared
U1800,INT17,63,Engagement-inferred
U1801,INT07,95,Engagement-inferred
U1801,INT09,90,Engagement-inferred
U1801,INT08,90,Engagement-inferred
U1801,INT18,87,Engagement-inferred
U1801,INT33,87,Lookalike model
U1801,INT19,86,Lookalike model
U1801,INT44,82,Engagement-inferred
U1801,INT20,76,Engagement-inferred
U1801,INT35,75,Declared
U1801,INT43,74,Engagement-inferred
U1801,INT34,71,Engagement-inferred
U1801,INT22,70,Engagement-inferred
U1801,INT21,69,Lookalike model
U1801,INT49,69,Engagement-inferred
U1802,INT44,82,Engagement-inferred
U1802,INT46,80,Declared
U1802,INT28,80,Engagement-inferred
U1802,INT42,77,Lookalike model
U1802,INT40,76,Lookalike model
U1802,INT43,76,Lookalike model
U1802,INT01,74,Engagement-inferred
U1802,INT06,74,Engagement-inferred
U1802,INT26,70,Engagement-inferred
U1802,INT07,68,Engagement-inferred
U1802,INT30,68,Declared
U1802,INT36,67,Lookalike model
U1802,INT47,67,Engagement-inferred
U1802,INT10,66,Declared
U1803,INT44,89,Declared
U1803,INT36,82,Engagement-inferred
U1803,INT07,78,Lookalike model
U1803,INT19,71,Engagement-inferred
U1803,INT20,71,Engagement-inferred
U1803,INT37,70,Engagement-inferred
U1803,INT23,69,Engagement-inferred
U1803,INT24,69,Engagement-inferred
U1803,INT21,69,Engagement-inferred
U1803,INT08,69,Engagement-inferred
U1803,INT22,68,Declared
U1803,INT43,66,Engagement-inferred
U1803,INT39,61,Declared
U1803,INT49,59,Lookalike model
U1804,INT26,88,Lookalike model
U1804,INT01,84,Engagement-inferred
U1804,INT10,84,Engagement-inferred
U1804,INT43,76,Declared
U1804,INT08,75,Engagement-inferred
U1804,INT18,75,Engagement-inferred
U1804,INT47,74,Declared
U1804,INT40,73,Engagement-inferred
U1804,INT27,73,Lookalike model
U1804,INT28,72,Lookalike model
U1804,INT07,71,Declared
U1804,INT44,71,Engagement-inferred
U1804,INT35,70,Engagement-inferred
U1804,INT42,70,Engagement-inferred
U1805,INT38,96,Lookalike model
U1805,INT07,93,Engagement-inferred
U1805,INT01,88,Declared
U1805,INT47,83,Engagement-inferred
U1805,INT36,79,Declared
U1805,INT33,75,Lookalike model
U1805,INT39,71,Lookalike model
U1805,INT25,70,Engagement-inferred
U1805,INT18,69,Engagement-inferred
U1805,INT11,69,Lookalike model
U1805,INT08,69,Engagement-inferred
U1805,INT37,68,Lookalike model
U1805,INT34,67,Engagement-inferred
U1805,INT06,67,Engagement-inferred
U1806,INT19,96,Engagement-inferred
U1806,INT47,86,Declared
U1806,INT20,86,Engagement-inferred
U1806,INT33,84,Lookalike model
U1806,INT18,80,Lookalike model
U1806,INT21,76,Lookalike model
U1806,INT34,76,Engagement-inferred
U1806,INT10,72,Lookalike model
U1806,INT48,70,Engagement-inferred
U1806,INT43,69,Engagement-inferred
U1806,INT35,67,Engagement-inferred
U1806,INT11,66,Lookalike model
U1806,INT44,62,Declared
U1806,INT49,62,Engagement-inferred
U1807,INT47,98,Engagement-inferred
U1807,INT14,92,Engagement-inferred
U1807,INT11,86,Engagement-inferred
U1807,INT38,85,Lookalike model
U1807,INT42,84,Engagement-inferred
U1807,INT40,68,Declared
U1807,INT03,67,Engagement-inferred
U1807,INT44,66,Lookalike model
U1807,INT22,65,Lookalike model
U1807,INT20,64,Engagement-inferred
U1807,INT13,64,Engagement-inferred
U1807,INT43,64,Engagement-inferred
U1807,INT16,61,Engagement-inferred
U1807,INT04,61,Engagement-inferred
U1808,INT33,100,Engagement-inferred
U1808,INT26,94,Declared
U1808,INT44,86,Engagement-inferred
U1808,INT35,86,Engagement-inferred
U1808,INT04,85,Engagement-inferred
U1808,INT34,81,Lookalike model
U1808,INT03,81,Lookalike model
U1808,INT05,80,Declared
U1808,INT46,80,Engagement-inferred
U1808,INT32,79,Lookalike model
U1808,INT31,77,Engagement-inferred
U1808,INT27,76,Declared
U1808,INT28,76,Lookalike model
U1808,INT30,74,Engagement-inferred
U1809,INT33,93,Lookalike model
U1809,INT34,91,Declared
U1809,INT16,90,Lookalike model
U1809,INT26,83,Engagement-inferred
U1809,INT44,77,Engagement-inferred
U1809,INT47,77,Engagement-inferred
U1809,INT23,75,Lookalike model
U1809,INT12,75,Lookalike model
U1809,INT27,75,Declared
U1809,INT22,74,Lookalike model
U1809,INT35,74,Engagement-inferred
U1809,INT10,73,Lookalike model
U1809,INT25,73,Engagement-inferred
U1809,INT17,72,Lookalike model
U1810,INT33,100,Engagement-inferred
U1810,INT07,90,Engagement-inferred
U1810,INT25,86,Engagement-inferred
U1810,INT44,83,Engagement-inferred
U1810,INT11,82,Engagement-inferred
U1810,INT34,79,Engagement-inferred
U1810,INT19,79,Engagement-inferred
U1810,INT04,77,Engagement-inferred
U1810,INT09,77,Lookalike model
U1810,INT08,76,Lookalike model
U1810,INT05,74,Engagement-inferred
U1810,INT18,71,Engagement-inferred
U1810,INT03,70,Engagement-inferred
U1810,INT35,69,Engagement-inferred
U1811,INT33,100,Declared
U1811,INT07,79,Declared
U1811,INT42,76,Lookalike model
U1811,INT08,75,Engagement-inferred
U1811,INT41,75,Engagement-inferred
U1811,INT09,75,Engagement-inferred
U1811,INT34,74,Engagement-inferred
U1811,INT05,71,Declared
U1811,INT40,71,Engagement-inferred
U1811,INT35,69,Engagement-inferred
U1811,INT44,68,Engagement-inferred
U1811,INT04,68,Engagement-inferred
U1811,INT01,66,Lookalike model
U1811,INT03,66,Engagement-inferred
U1812,INT37,100,Engagement-inferred
U1812,INT26,98,Lookalike model
U1812,INT36,95,Engagement-inferred
U1812,INT24,93,Engagement-inferred
U1812,INT27,84,Engagement-inferred
U1812,INT22,80,Lookalike model
U1812,INT11,79,Engagement-inferred
U1812,INT29,75,Engagement-inferred
U1812,INT23,75,Lookalike model
U1812,INT44,75,Engagement-inferred
U1812,INT28,74,Engagement-inferred
U1812,INT33,73,Lookalike model
U1812,INT39,73,Engagement-inferred
U1812,INT19,70,Engagement-inferred
U1813,INT49,83,Declared
U1813,INT35,82,Lookalike model
U1813,INT33,80,Engagement-inferred
U1813,INT11,70,Declared
U1813,INT48,69,Engagement-inferred
U1813,INT18,69,Engagement-inferred
U1813,INT34,68,Engagement-inferred
U1813,INT10,67,Engagement-inferred
U1813,INT14,67,Lookalike model
U1813,INT50,66,Engagement-inferred
U1813,INT01,65,Engagement-inferred
U1813,INT16,63,Engagement-inferred
U1813,INT20,61,Engagement-inferred
U1813,INT19,61,Engagement-inferred
U1814,INT19,99,Engagement-inferred
U1814,INT26,97,Lookalike model
U1814,INT21,85,Declared
U1814,INT28,83,Engagement-inferred
U1814,INT20,83,Engagement-inferred
U1814,INT32,79,Engagement-inferred
U1814,INT27,79,Engagement-inferred
U1814,INT18,79,Engagement-inferred
U1814,INT30,74,Engagement-inferred
U1814,INT29,72,Declared
U1814,INT24,71,Engagement-inferred
U1814,INT23,71,Engagement-inferred
U1814,INT16,69,Engagement-inferred
U1814,INT31,67,Engagement-inferred
U1815,INT16,93,Engagement-inferred
U1815,INT03,91,Lookalike model
U1815,INT04,86,Engagement-inferred
U1815,INT05,85,Engagement-inferred
U1815,INT01,83,Lookalike model
U1815,INT17,76,Engagement-inferred
U1815,INT25,74,Declared
U1815,INT49,69,Engagement-inferred
U1815,INT27,69,Lookalike model
U1815,INT26,68,Declared
U1815,INT37,68,Lookalike model
U1815,INT08,68,Engagement-inferred
U1815,INT02,68,Engagement-inferred
U1815,INT29,66,Engagement-inferred
U1816,INT24,90,Engagement-inferred
U1816,INT22,86,Declared
U1816,INT11,83,Engagement-inferred
U1816,INT04,80,Engagement-inferred
U1816,INT23,80,Declared
U1816,INT15,78,Engagement-inferred
U1816,INT03,77,Declared
U1816,INT38,72,Engagement-inferred
U1816,INT05,67,Engagement-inferred
U1816,INT47,66,Engagement-inferred
U1816,INT08,62,Engagement-inferred
U1816,INT10,62,Declared
U1816,INT41,59,Declared
U1816,INT44,58,Engagement-inferred
U1817,INT19,98,Engagement-inferred
U1817,INT21,90,Lookalike model
U1817,INT47,82,Declared
U1817,INT18,80,Engagement-inferred
U1817,INT26,79,Lookalike model
U1817,INT20,77,Engagement-inferred
U1817,INT01,75,Engagement-inferred
U1817,INT06,74,Declared
U1817,INT44,74,Engagement-inferred
U1817,INT27,74,Engagement-inferred
U1817,INT23,74,Engagement-inferred
U1817,INT38,71,Engagement-inferred
U1817,INT25,70,Lookalike model
U1817,INT07,70,Engagement-inferred
U1818,INT07,99,Engagement-inferred
U1818,INT26,93,Declared
U1818,INT09,89,Engagement-inferred
U1818,INT27,87,Engagement-inferred
U1818,INT41,84,Engagement-inferred
U1818,INT40,83,Engagement-inferred
U1818,INT28,83,Declared
U1818,INT16,80,Engagement-inferred
U1818,INT08,79,Lookalike model
U1818,INT30,76,Lookalike model
U1818,INT42,75,Lookalike model
U1818,INT11,74,Lookalike model
U1818,INT32,73,Declared
U1818,INT44,71,Lookalike model
U1819,INT25,100,Declared
U1819,INT22,97,Engagement-inferred
U1819,INT24,96,Engagement-inferred
U1819,INT01,89,Engagement-inferred
U1819,INT15,85,Engagement-inferred
U1819,INT23,85,Engagement-inferred
U1819,INT06,78,Engagement-inferred
U1819,INT47,76,Engagement-inferred
U1819,INT19,67,Lookalike model
U1819,INT02,67,Engagement-inferred
U1819,INT33,66,Engagement-inferred
U1819,INT16,66,Engagement-inferred
U1819,INT14,65,Engagement-inferred
U1819,INT18,64,Engagement-inferred
U1820,INT48,98,Lookalike model
U1820,INT49,97,Engagement-inferred
U1820,INT50,90,Engagement-inferred
U1820,INT26,88,Lookalike model
U1820,INT30,77,Declared
U1820,INT27,77,Engagement-inferred
U1820,INT38,74,Lookalike model
U1820,INT47,73,Lookalike model
U1820,INT29,72,Engagement-inferred
U1820,INT25,72,Lookalike model
U1820,INT44,68,Lookalike model
U1820,INT10,68,Engagement-inferred
U1820,INT43,67,Engagement-inferred
U1820,INT11,66,Lookalike model
U1821,INT07,84,Engagement-inferred
U1821,INT03,83,Declared
U1821,INT01,83,Engagement-inferred
U1821,INT04,83,Engagement-inferred
U1821,INT05,79,Engagement-inferred
U1821,INT02,75,Engagement-inferred
U1821,INT48,72,Engagement-inferred
U1821,INT49,71,Engagement-inferred
U1821,INT06,70,Engagement-inferred
U1821,INT24,69,Engagement-inferred
U1821,INT38,66,Engagement-inferred
U1821,INT22,64,Engagement-inferred
U1821,INT08,61,Engagement-inferred
U1821,INT50,60,Engagement-inferred
U1822,INT26,88,Engagement-inferred
U1822,INT30,87,Declared
U1822,INT24,86,Declared
U1822,INT17,84,Engagement-inferred
U1822,INT28,81,Engagement-inferred
U1822,INT16,80,Engagement-inferred
U1822,INT22,80,Lookalike model
U1822,INT29,79,Engagement-inferred
U1822,INT12,75,Lookalike model
U1822,INT27,74,Declared
U1822,INT23,73,Engagement-inferred
U1822,INT11,72,Engagement-inferred
U1822,INT14,72,Engagement-inferred
U1822,INT36,71,Declared
U1823,INT26,90,Engagement-inferred
U1823,INT44,89,Engagement-inferred
U1823,INT22,86,Engagement-inferred
U1823,INT24,80,Engagement-inferred
U1823,INT32,79,Engagement-inferred
U1823,INT27,78,Lookalike model
U1823,INT43,77,Engagement-inferred
U1823,INT23,75,Engagement-inferred
U1823,INT36,75,Declared
U1823,INT30,72,Declared
U1823,INT28,71,Declared
U1823,INT31,71,Engagement-inferred
U1823,INT29,70,Lookalike model
U1823,INT15,68,Lookalike model
U1824,INT01,90,Declared
U1824,INT02,77,Engagement-inferred
U1824,INT06,72,Engagement-inferred
U1824,INT26,69,Engagement-inferred
U1824,INT11,69,Lookalike model
U1824,INT40,68,Lookalike model
U1824,INT42,67,Lookalike model
U1824,INT19,66,Declared
U1824,INT10,65,Engagement-inferred
U1824,INT14,63,Engagement-inferred
U1824,INT03,61,Engagement-inferred
U1824,INT21,61,Engagement-inferred
U1824,INT20,60,Engagement-inferred
U1824,INT36,60,Engagement-inferred
U1825,INT26,99,Engagement-inferred
U1825,INT27,94,Declared
U1825,INT28,93,Declared
U1825,INT49,85,Engagement-inferred
U1825,INT30,85,Declared
U1825,INT11,83,Engagement-inferred
U1825,INT29,83,Lookalike model
U1825,INT50,82,Lookalike model
U1825,INT48,81,Engagement-inferred
U1825,INT31,78,Engagement-inferred
U1825,INT03,78,Declared
U1825,INT32,77,Engagement-inferred
U1825,INT33,75,Engagement-inferred
U1825,INT14,72,Declared
U1826,INT22,77,Lookalike model
U1826,INT04,72,Lookalike model
U1826,INT24,72,Engagement-inferred
U1826,INT26,69,Engagement-inferred
U1826,INT03,68,Declared
U1826,INT16,67,Declared
U1826,INT40,65,Engagement-inferred
U1826,INT42,62,Engagement-inferred
U1826,INT27,60,Declared
U1826,INT17,60,Lookalike model
U1826,INT05,58,Declared
U1826,INT23,58,Engagement-inferred
U1826,INT31,56,Lookalike model
U1826,INT32,56,Engagement-inferred
U1827,INT17,71,Engagement-inferred
U1827,INT11,70,Declared
U1827,INT16,68,Engagement-inferred
U1827,INT33,68,Declared
U1827,INT01,66,Engagement-inferred
U1827,INT35,65,Engagement-inferred
U1827,INT22,65,Engagement-inferred
U1827,INT12,63,Lookalike model
U1827,INT14,62,Engagement-inferred
U1827,INT06,61,Lookalike model
U1827,INT34,61,Declared
U1827,INT10,59,Engagement-inferred
U1827,INT27,59,Engagement-inferred
U1827,INT02,57,Engagement-inferred
U1828,INT44,100,Engagement-inferred
U1828,INT01,87,Engagement-inferred
U1828,INT26,83,Engagement-inferred
U1828,INT18,82,Engagement-inferred
U1828,INT02,80,Engagement-inferred
U1828,INT43,77,Lookalike model
U1828,INT27,77,Lookalike model
U1828,INT21,76,Engagement-inferred
U1828,INT31,75,Lookalike model
U1828,INT06,75,Engagement-inferred
U1828,INT11,74,Engagement-inferred
U1828,INT19,72,Lookalike model
U1828,INT30,72,Engagement-inferred
U1828,INT29,71,Engagement-inferred
U1829,INT19,85,Lookalike model
U1829,INT18,80,Engagement-inferred
U1829,INT20,76,Engagement-inferred
U1829,INT04,76,Engagement-inferred
U1829,INT03,75,Engagement-inferred
U1829,INT21,72,Engagement-inferred
U1829,INT08,72,Engagement-inferred
U1829,INT33,71,Declared
U1829,INT11,71,Engagement-inferred
U1829,INT10,70,Engagement-inferred
U1829,INT07,65,Engagement-inferred
U1829,INT34,65,Engagement-inferred
U1829,INT05,64,Declared
U1829,INT35,61,Engagement-inferred
U1830,INT47,88,Engagement-inferred
U1830,INT44,81,Engagement-inferred
U1830,INT07,79,Declared
U1830,INT34,79,Lookalike model
U1830,INT01,77,Engagement-inferred
U1830,INT35,76,Engagement-inferred
U1830,INT38,76,Lookalike model
U1830,INT08,69,Engagement-inferred
U1830,INT33,68,Engagement-inferred
U1830,INT30,67,Engagement-inferred
U1830,INT02,66,Engagement-inferred
U1830,INT27,65,Engagement-inferred
U1830,INT09,64,Engagement-inferred
U1830,INT06,62,Engagement-inferred
U1831,INT36,100,Lookalike model
U1831,INT37,90,Declared
U1831,INT39,81,Engagement-inferred
U1831,INT25,76,Engagement-inferred
U1831,INT11,75,Declared
U1831,INT14,69,Declared
U1831,INT23,69,Declared
U1831,INT40,66,Lookalike model
U1831,INT22,65,Engagement-inferred
U1831,INT47,61,Engagement-inferred
U1831,INT42,59,Declared
U1831,INT04,59,Engagement-inferred
U1831,INT03,58,Engagement-inferred
U1831,INT24,57,Engagement-inferred
U1832,INT22,97,Engagement-inferred
U1832,INT24,90,Engagement-inferred
U1832,INT40,83,Engagement-inferred
U1832,INT23,79,Lookalike model
U1832,INT15,73,Engagement-inferred
U1832,INT42,68,Engagement-inferred
U1832,INT08,66,Lookalike model
U1832,INT38,66,Engagement-inferred
U1832,INT07,64,Engagement-inferred
U1832,INT47,64,Engagement-inferred
U1832,INT41,64,Engagement-inferred
U1832,INT04,64,Engagement-inferred
U1832,INT25,60,Engagement-inferred
U1832,INT03,58,Engagement-inferred
U1833,INT07,100,Declared
U1833,INT43,89,Declared
U1833,INT44,88,Declared
U1833,INT08,85,Engagement-inferred
U1833,INT10,80,Declared
U1833,INT11,76,Engagement-inferred
U1833,INT09,76,Engagement-inferred
U1833,INT48,74,Engagement-inferred
U1833,INT14,73,Lookalike model
U1833,INT49,70,Engagement-inferred
U1833,INT16,68,Engagement-inferred
U1833,INT25,67,Engagement-inferred
U1833,INT17,64,Engagement-inferred
U1833,INT50,63,Engagement-inferred
U1834,INT44,86,Engagement-inferred
U1834,INT33,80,Lookalike model
U1834,INT42,79,Engagement-inferred
U1834,INT03,78,Engagement-inferred
U1834,INT05,77,Engagement-inferred
U1834,INT40,77,Engagement-inferred
U1834,INT04,74,Lookalike model
U1834,INT41,72,Declared
U1834,INT01,70,Declared
U1834,INT25,68,Engagement-inferred
U1834,INT43,65,Declared
U1834,INT35,60,Engagement-inferred
U1834,INT02,60,Lookalike model
U1834,INT49,58,Lookalike model
U1835,INT26,98,Declared
U1835,INT28,83,Engagement-inferred
U1835,INT27,76,Engagement-inferred
U1835,INT31,71,Engagement-inferred
U1835,INT32,70,Engagement-inferred
U1835,INT29,68,Lookalike model
U1835,INT30,67,Engagement-inferred
U1835,INT14,63,Engagement-inferred
U1835,INT11,59,Declared
U1835,INT01,58,Engagement-inferred
U1835,INT44,57,Engagement-inferred
U1835,INT06,49,Lookalike model
U1835,INT24,47,Engagement-inferred
U1835,INT49,46,Engagement-inferred
U1836,INT22,90,Engagement-inferred
U1836,INT40,87,Engagement-inferred
U1836,INT49,85,Engagement-inferred
U1836,INT24,79,Engagement-inferred
U1836,INT48,78,Declared
U1836,INT42,77,Engagement-inferred
U1836,INT25,73,Engagement-inferred
U1836,INT41,73,Engagement-inferred
U1836,INT23,69,Declared
U1836,INT19,68,Engagement-inferred
U1836,INT15,67,Engagement-inferred
U1836,INT18,65,Engagement-inferred
U1836,INT50,63,Engagement-inferred
U1836,INT21,62,Declared
U1837,INT32,85,Engagement-inferred
U1837,INT26,83,Engagement-inferred
U1837,INT01,78,Declared
U1837,INT07,76,Engagement-inferred
U1837,INT28,76,Engagement-inferred
U1837,INT29,74,Engagement-inferred
U1837,INT08,70,Engagement-inferred
U1837,INT33,69,Engagement-inferred
U1837,INT30,69,Lookalike model
U1837,INT09,69,Lookalike model
U1837,INT27,68,Lookalike model
U1837,INT34,67,Engagement-inferred
U1837,INT31,64,Lookalike model
U1837,INT38,59,Engagement-inferred
U1838,INT16,100,Declared
U1838,INT26,88,Declared
U1838,INT27,87,Lookalike model
U1838,INT32,86,Engagement-inferred
U1838,INT20,83,Engagement-inferred
U1838,INT17,83,Lookalike model
U1838,INT21,82,Declared
U1838,INT19,80,Engagement-inferred
U1838,INT29,75,Declared
U1838,INT18,75,Engagement-inferred
U1838,INT31,74,Engagement-inferred
U1838,INT28,74,Lookalike model
U1838,INT48,70,Engagement-inferred
U1838,INT49,70,Declared
U1839,INT22,95,Engagement-inferred
U1839,INT47,94,Engagement-inferred
U1839,INT26,91,Engagement-inferred
U1839,INT49,85,Engagement-inferred
U1839,INT16,84,Lookalike model
U1839,INT34,83,Lookalike model
U1839,INT33,82,Declared
U1839,INT15,81,Engagement-inferred
U1839,INT24,80,Engagement-inferred
U1839,INT30,77,Engagement-inferred
U1839,INT35,77,Engagement-inferred
U1839,INT28,75,Engagement-inferred
U1839,INT23,74,Lookalike model
U1839,INT27,73,Lookalike model
U1840,INT26,96,Declared
U1840,INT27,80,Engagement-inferred
U1840,INT28,75,Engagement-inferred
U1840,INT30,75,Engagement-inferred
U1840,INT16,71,Lookalike model
U1840,INT32,70,Engagement-inferred
U1840,INT31,69,Engagement-inferred
U1840,INT17,69,Engagement-inferred
U1840,INT01,67,Engagement-inferred
U1840,INT29,66,Engagement-inferred
U1840,INT08,63,Declared
U1840,INT22,61,Declared
U1840,INT23,61,Engagement-inferred
U1840,INT38,58,Engagement-inferred
U1841,INT19,88,Engagement-inferred
U1841,INT04,87,Engagement-inferred
U1841,INT10,84,Lookalike model
U1841,INT40,84,Engagement-inferred
U1841,INT05,81,Engagement-inferred
U1841,INT20,81,Declared
U1841,INT03,81,Declared
U1841,INT14,73,Lookalike model
U1841,INT41,73,Lookalike model
U1841,INT18,71,Declared
U1841,INT49,69,Engagement-inferred
U1841,INT11,68,Engagement-inferred
U1841,INT42,67,Engagement-inferred
U1841,INT21,67,Lookalike model
U1842,INT26,100,Declared
U1842,INT28,88,Engagement-inferred
U1842,INT31,81,Lookalike model
U1842,INT32,80,Engagement-inferred
U1842,INT16,78,Declared
U1842,INT27,78,Declared
U1842,INT29,72,Lookalike model
U1842,INT47,70,Declared
U1842,INT42,70,Declared
U1842,INT40,69,Engagement-inferred
U1842,INT38,69,Declared
U1842,INT04,69,Engagement-inferred
U1842,INT03,66,Engagement-inferred
U1842,INT41,66,Engagement-inferred
U1843,INT33,91,Engagement-inferred
U1843,INT36,81,Engagement-inferred
U1843,INT39,80,Engagement-inferred
U1843,INT18,80,Lookalike model
U1843,INT19,77,Engagement-inferred
U1843,INT27,76,Engagement-inferred
U1843,INT34,75,Engagement-inferred
U1843,INT37,75,Lookalike model
U1843,INT21,75,Declared
U1843,INT35,72,Lookalike model
U1843,INT26,72,Lookalike model
U1843,INT29,70,Engagement-inferred
U1843,INT22,69,Declared
U1843,INT20,68,Lookalike model
U1844,INT14,86,Declared
U1844,INT19,80,Engagement-inferred
U1844,INT11,74,Engagement-inferred
U1844,INT18,69,Engagement-inferred
U1844,INT20,69,Lookalike model
U1844,INT16,63,Lookalike model
U1844,INT03,63,Engagement-inferred
U1844,INT26,63,Engagement-inferred
U1844,INT21,62,Lookalike model
U1844,INT27,62,Engagement-inferred
U1844,INT17,61,Engagement-inferred
U1844,INT12,61,Engagement-inferred
U1844,INT04,59,Engagement-inferred
U1844,INT07,55,Engagement-inferred
U1845,INT36,90,Engagement-inferred
U1845,INT10,88,Lookalike model
U1845,INT23,84,Engagement-inferred
U1845,INT22,78,Engagement-inferred
U1845,INT24,77,Engagement-inferred
U1845,INT03,74,Engagement-inferred
U1845,INT37,73,Engagement-inferred
U1845,INT15,72,Lookalike model
U1845,INT04,72,Lookalike model
U1845,INT14,70,Declared
U1845,INT05,70,Declared
U1845,INT46,68,Declared
U1845,INT44,68,Lookalike model
U1845,INT11,65,Engagement-inferred
U1846,INT44,94,Lookalike model
U1846,INT43,82,Declared
U1846,INT49,74,Lookalike model
U1846,INT48,73,Declared
U1846,INT07,72,Lookalike model
U1846,INT28,69,Lookalike model
U1846,INT26,67,Engagement-inferred
U1846,INT10,67,Engagement-inferred
U1846,INT46,65,Engagement-inferred
U1846,INT08,65,Engagement-inferred
U1846,INT19,64,Declared
U1846,INT05,63,Engagement-inferred
U1846,INT35,62,Lookalike model
U1846,INT30,59,Lookalike model
U1847,INT40,99,Engagement-inferred
U1847,INT14,84,Lookalike model
U1847,INT26,81,Engagement-inferred
U1847,INT44,78,Lookalike model
U1847,INT11,78,Engagement-inferred
U1847,INT28,77,Lookalike model
U1847,INT42,77,Lookalike model
U1847,INT27,76,Engagement-inferred
U1847,INT10,75,Engagement-inferred
U1847,INT18,74,Engagement-inferred
U1847,INT43,72,Engagement-inferred
U1847,INT41,71,Engagement-inferred
U1847,INT19,70,Engagement-inferred
U1847,INT13,66,Engagement-inferred
U1848,INT03,91,Engagement-inferred
U1848,INT44,89,Engagement-inferred
U1848,INT48,89,Declared
U1848,INT49,82,Lookalike model
U1848,INT04,81,Lookalike model
U1848,INT16,76,Engagement-inferred
U1848,INT10,75,Declared
U1848,INT38,71,Declared
U1848,INT05,71,Engagement-inferred
U1848,INT47,70,Engagement-inferred
U1848,INT17,69,Lookalike model
U1848,INT11,67,Engagement-inferred
U1848,INT43,65,Engagement-inferred
U1848,INT50,64,Engagement-inferred
U1849,INT33,100,Engagement-inferred
U1849,INT16,92,Engagement-inferred
U1849,INT34,90,Engagement-inferred
U1849,INT35,80,Engagement-inferred
U1849,INT17,79,Engagement-inferred
U1849,INT19,73,Engagement-inferred
U1849,INT12,71,Engagement-inferred
U1849,INT18,70,Engagement-inferred
U1849,INT21,65,Engagement-inferred
U1849,INT42,63,Engagement-inferred
U1849,INT01,62,Engagement-inferred
U1849,INT26,61,Lookalike model
U1849,INT27,60,Engagement-inferred
U1849,INT11,59,Engagement-inferred
U1850,INT08,83,Engagement-inferred
U1850,INT30,81,Engagement-inferred
U1850,INT26,80,Engagement-inferred
U1850,INT27,75,Declared
U1850,INT16,74,Lookalike model
U1850,INT28,72,Lookalike model
U1850,INT31,71,Engagement-inferred
U1850,INT40,69,Engagement-inferred
U1850,INT07,68,Engagement-inferred
U1850,INT01,68,Lookalike model
U1850,INT25,66,Engagement-inferred
U1850,INT33,65,Engagement-inferred
U1850,INT32,65,Engagement-inferred
U1850,INT06,64,Engagement-inferred
U1851,INT33,88,Engagement-inferred
U1851,INT11,85,Lookalike model
U1851,INT47,84,Declared
U1851,INT36,83,Engagement-inferred
U1851,INT07,80,Lookalike model
U1851,INT14,80,Engagement-inferred
U1851,INT34,78,Engagement-inferred
U1851,INT01,78,Engagement-inferred
U1851,INT38,78,Engagement-inferred
U1851,INT39,68,Engagement-inferred
U1851,INT02,66,Engagement-inferred
U1851,INT21,65,Lookalike model
U1851,INT35,62,Engagement-inferred
U1851,INT37,62,Engagement-inferred
U1852,INT26,96,Engagement-inferred
U1852,INT30,84,Engagement-inferred
U1852,INT31,82,Engagement-inferred
U1852,INT22,81,Engagement-inferred
U1852,INT38,77,Lookalike model
U1852,INT43,77,Engagement-inferred
U1852,INT28,77,Lookalike model
U1852,INT15,75,Engagement-inferred
U1852,INT44,74,Declared
U1852,INT27,73,Lookalike model
U1852,INT24,72,Engagement-inferred
U1852,INT47,72,Declared
U1852,INT29,71,Engagement-inferred
U1852,INT49,70,Engagement-inferred
U1853,INT07,97,Declared
U1853,INT27,97,Engagement-inferred
U1853,INT26,96,Declared
U1853,INT08,92,Engagement-inferred
U1853,INT30,91,Engagement-inferred
U1853,INT09,89,Engagement-inferred
U1853,INT28,88,Engagement-inferred
U1853,INT32,88,Engagement-inferred
U1853,INT29,84,Engagement-inferred
U1853,INT33,78,Engagement-inferred
U1853,INT10,76,Declared
U1853,INT35,76,Engagement-inferred
U1853,INT48,74,Engagement-inferred
U1853,INT47,74,Engagement-inferred
U1854,INT49,88,Engagement-inferred
U1854,INT48,85,Declared
U1854,INT04,81,Lookalike model
U1854,INT24,80,Engagement-inferred
U1854,INT03,79,Engagement-inferred
U1854,INT23,77,Engagement-inferred
U1854,INT27,76,Engagement-inferred
U1854,INT22,76,Engagement-inferred
U1854,INT36,75,Engagement-inferred
U1854,INT05,74,Lookalike model
U1854,INT50,73,Engagement-inferred
U1854,INT37,72,Declared
U1854,INT47,68,Lookalike model
U1854,INT15,65,Lookalike model
U1855,INT49,100,Declared
U1855,INT48,96,Engagement-inferred
U1855,INT11,85,Engagement-inferred
U1855,INT10,83,Engagement-inferred
U1855,INT07,76,Declared
U1855,INT50,76,Engagement-inferred
U1855,INT08,68,Lookalike model
U1855,INT14,65,Declared
U1855,INT26,60,Engagement-inferred
U1855,INT17,59,Lookalike model
U1855,INT09,58,Declared
U1855,INT16,56,Engagement-inferred
U1855,INT12,55,Lookalike model
U1855,INT18,55,Engagement-inferred
U1856,INT26,99,Engagement-inferred
U1856,INT36,94,Lookalike model
U1856,INT27,87,Lookalike model
U1856,INT07,83,Declared
U1856,INT38,80,Engagement-inferred
U1856,INT37,80,Engagement-inferred
U1856,INT10,80,Engagement-inferred
U1856,INT39,78,Engagement-inferred
U1856,INT30,74,Lookalike model
U1856,INT16,73,Engagement-inferred
U1856,INT47,73,Engagement-inferred
U1856,INT44,72,Engagement-inferred
U1856,INT28,71,Lookalike model
U1856,INT43,67,Declared
U1857,INT40,100,Engagement-inferred
U1857,INT42,95,Engagement-inferred
U1857,INT22,83,Declared
U1857,INT41,82,Engagement-inferred
U1857,INT44,79,Declared
U1857,INT23,76,Engagement-inferred
U1857,INT24,70,Engagement-inferred
U1857,INT15,69,Lookalike model
U1857,INT43,65,Engagement-inferred
U1857,INT03,62,Declared
U1857,INT18,61,Declared
U1857,INT05,60,Declared
U1857,INT26,59,Declared
U1857,INT04,57,Engagement-inferred
U1858,INT11,95,Engagement-inferred
U1858,INT14,87,Engagement-inferred
U1858,INT07,86,Engagement-inferred
U1858,INT04,84,Engagement-inferred
U1858,INT03,84,Engagement-inferred
U1858,INT46,81,Declared
U1858,INT28,79,Engagement-inferred
U1858,INT44,76,Declared
U1858,INT26,75,Engagement-inferred
U1858,INT34,72,Engagement-inferred
U1858,INT05,72,Engagement-inferred
U1858,INT16,69,Declared
U1858,INT48,66,Engagement-inferred
U1858,INT33,66,Engagement-inferred
U1859,INT49,90,Engagement-inferred
U1859,INT01,89,Lookalike model
U1859,INT48,89,Engagement-inferred
U1859,INT33,85,Declared
U1859,INT06,84,Lookalike model
U1859,INT02,83,Declared
U1859,INT50,76,Engagement-inferred
U1859,INT43,75,Engagement-inferred
U1859,INT11,70,Engagement-inferred
U1859,INT44,66,Lookalike model
U1859,INT26,66,Engagement-inferred
U1859,INT09,66,Engagement-inferred
U1859,INT07,65,Engagement-inferred
U1859,INT35,64,Engagement-inferred
U1860,INT36,100,Engagement-inferred
U1860,INT26,100,Engagement-inferred
U1860,INT27,95,Engagement-inferred
U1860,INT11,90,Lookalike model
U1860,INT32,88,Engagement-inferred
U1860,INT31,87,Declared
U1860,INT39,86,Engagement-inferred
U1860,INT28,85,Engagement-inferred
U1860,INT37,81,Lookalike model
U1860,INT14,80,Lookalike model
U1860,INT30,78,Engagement-inferred
U1860,INT02,78,Lookalike model
U1860,INT07,75,Engagement-inferred
U1860,INT29,75,Engagement-inferred
U1861,INT07,97,Engagement-inferred
U1861,INT47,92,Engagement-inferred
U1861,INT08,78,Engagement-inferred
U1861,INT38,75,Engagement-inferred
U1861,INT09,72,Declared
U1861,INT50,71,Lookalike model
U1861,INT49,70,Engagement-inferred
U1861,INT26,64,Lookalike model
U1861,INT29,64,Engagement-inferred
U1861,INT31,64,Declared
U1861,INT43,63,Engagement-inferred
U1861,INT48,63,Lookalike model
U1861,INT27,61,Declared
U1861,INT32,60,Engagement-inferred
U1862,INT26,100,Lookalike model
U1862,INT27,95,Engagement-inferred
U1862,INT28,83,Engagement-inferred
U1862,INT30,77,Lookalike model
U1862,INT29,75,Declared
U1862,INT31,74,Engagement-inferred
U1862,INT32,73,Declared
U1862,INT44,73,Declared
U1862,INT18,70,Lookalike model
U1862,INT21,68,Engagement-inferred
U1862,INT49,67,Lookalike model
U1862,INT48,66,Engagement-inferred
U1862,INT46,66,Engagement-inferred
U1862,INT19,65,Engagement-inferred
U1863,INT24,82,Engagement-inferred
U1863,INT04,79,Lookalike model
U1863,INT44,79,Lookalike model
U1863,INT43,76,Lookalike model
U1863,INT25,76,Engagement-inferred
U1863,INT23,75,Engagement-inferred
U1863,INT36,73,Engagement-inferred
U1863,INT22,73,Engagement-inferred
U1863,INT26,71,Lookalike model
U1863,INT03,68,Engagement-inferred
U1863,INT15,67,Engagement-inferred
U1863,INT28,64,Engagement-inferred
U1863,INT16,63,Engagement-inferred
U1863,INT37,63,Lookalike model
U1864,INT07,93,Declared
U1864,INT08,91,Engagement-inferred
U1864,INT44,89,Engagement-inferred
U1864,INT38,81,Engagement-inferred
U1864,INT16,81,Engagement-inferred
U1864,INT09,78,Engagement-inferred
U1864,INT47,77,Declared
U1864,INT10,71,Engagement-inferred
U1864,INT40,69,Engagement-inferred
U1864,INT42,69,Engagement-inferred
U1864,INT12,65,Engagement-inferred
U1864,INT43,65,Engagement-inferred
U1864,INT22,62,Lookalike model
U1864,INT23,62,Engagement-inferred
U1865,INT16,100,Engagement-inferred
U1865,INT17,98,Engagement-inferred
U1865,INT24,91,Declared
U1865,INT23,91,Declared
U1865,INT22,83,Engagement-inferred
U1865,INT01,82,Declared
U1865,INT02,82,Declared
U1865,INT06,80,Declared
U1865,INT33,79,Engagement-inferred
U1865,INT34,68,Engagement-inferred
U1865,INT48,67,Engagement-inferred
U1865,INT15,66,Declared
U1865,INT26,66,Engagement-inferred
U1865,INT46,65,Declared
U1866,INT03,100,Engagement-inferred
U1866,INT26,97,Lookalike model
U1866,INT05,91,Engagement-inferred
U1866,INT04,88,Lookalike model
U1866,INT28,85,Engagement-inferred
U1866,INT29,85,Lookalike model
U1866,INT27,77,Engagement-inferred
U1866,INT32,72,Engagement-inferred
U1866,INT33,68,Lookalike model
U1866,INT30,68,Engagement-inferred
U1866,INT31,67,Engagement-inferred
U1866,INT42,67,Engagement-inferred
U1866,INT35,65,Declared
U1866,INT34,65,Engagement-inferred
U1867,INT33,84,Lookalike model
U1867,INT07,82,Declared
U1867,INT47,77,Engagement-inferred
U1867,INT38,72,Lookalike model
U1867,INT22,72,Engagement-inferred
U1867,INT01,70,Engagement-inferred
U1867,INT11,69,Engagement-inferred
U1867,INT28,68,Engagement-inferred
U1867,INT26,67,Declared
U1867,INT44,64,Engagement-inferred
U1867,INT34,63,Engagement-inferred
U1867,INT09,63,Engagement-inferred
U1867,INT27,62,Engagement-inferred
U1867,INT24,61,Engagement-inferred
U1868,INT16,91,Engagement-inferred
U1868,INT03,83,Engagement-inferred
U1868,INT42,81,Engagement-inferred
U1868,INT41,77,Engagement-inferred
U1868,INT04,75,Engagement-inferred
U1868,INT05,74,Engagement-inferred
U1868,INT40,70,Lookalike model
U1868,INT07,70,Engagement-inferred
U1868,INT12,67,Engagement-inferred
U1868,INT38,66,Engagement-inferred
U1868,INT17,66,Lookalike model
U1868,INT33,62,Engagement-inferred
U1868,INT47,59,Engagement-inferred
U1868,INT26,57,Engagement-inferred
U1869,INT47,90,Engagement-inferred
U1869,INT10,78,Declared
U1869,INT38,74,Engagement-inferred
U1869,INT11,70,Declared
U1869,INT34,69,Engagement-inferred
U1869,INT35,66,Engagement-inferred
U1869,INT33,65,Declared
U1869,INT25,64,Engagement-inferred
U1869,INT16,62,Engagement-inferred
U1869,INT17,58,Engagement-inferred
U1869,INT14,58,Engagement-inferred
U1869,INT04,56,Engagement-inferred
U1869,INT22,54,Engagement-inferred
U1869,INT03,50,Engagement-inferred
U1870,INT26,95,Declared
U1870,INT27,84,Engagement-inferred
U1870,INT20,81,Declared
U1870,INT32,81,Engagement-inferred
U1870,INT11,80,Engagement-inferred
U1870,INT19,79,Engagement-inferred
U1870,INT28,78,Lookalike model
U1870,INT21,78,Engagement-inferred
U1870,INT03,74,Lookalike model
U1870,INT30,74,Engagement-inferred
U1870,INT07,73,Lookalike model
U1870,INT29,73,Engagement-inferred
U1870,INT36,67,Declared
U1870,INT14,66,Declared
U1871,INT26,83,Engagement-inferred
U1871,INT28,76,Engagement-inferred
U1871,INT33,74,Engagement-inferred
U1871,INT30,71,Lookalike model
U1871,INT07,67,Engagement-inferred
U1871,INT29,66,Declared
U1871,INT27,64,Lookalike model
U1871,INT31,63,Engagement-inferred
U1871,INT02,62,Engagement-inferred
U1871,INT01,62,Lookalike model
U1871,INT32,60,Engagement-inferred
U1871,INT19,60,Lookalike model
U1871,INT10,60,Declared
U1871,INT09,59,Lookalike model
U1872,INT10,88,Engagement-inferred
U1872,INT07,76,Engagement-inferred
U1872,INT19,74,Engagement-inferred
U1872,INT34,71,Declared
U1872,INT20,70,Engagement-inferred
U1872,INT18,69,Engagement-inferred
U1872,INT25,68,Lookalike model
U1872,INT33,67,Engagement-inferred
U1872,INT16,65,Engagement-inferred
U1872,INT21,64,Lookalike model
U1872,INT08,63,Engagement-inferred
U1872,INT23,62,Engagement-inferred
U1872,INT13,60,Engagement-inferred
U1872,INT22,59,Engagement-inferred
U1873,INT26,100,Lookalike model
U1873,INT33,93,Engagement-inferred
U1873,INT30,89,Lookalike model
U1873,INT27,89,Engagement-inferred
U1873,INT16,81,Lookalike model
U1873,INT32,81,Engagement-inferred
U1873,INT34,81,Engagement-inferred
U1873,INT29,78,Engagement-inferred
U1873,INT20,77,Engagement-inferred
U1873,INT24,76,Engagement-inferred
U1873,INT28,76,Engagement-inferred
U1873,INT31,70,Declared
U1873,INT35,66,Engagement-inferred
U1873,INT22,63,Engagement-inferred
U1874,INT49,100,Declared
U1874,INT26,100,Lookalike model
U1874,INT27,100,Engagement-inferred
U1874,INT48,84,Engagement-inferred
U1874,INT30,82,Engagement-inferred
U1874,INT50,81,Engagement-inferred
U1874,INT28,78,Engagement-inferred
U1874,INT46,78,Engagement-inferred
U1874,INT44,78,Engagement-inferred
U1874,INT29,73,Engagement-inferred
U1874,INT32,72,Engagement-inferred
U1874,INT22,69,Engagement-inferred
U1874,INT43,68,Declared
U1874,INT31,68,Declared
U1875,INT26,91,Engagement-inferred
U1875,INT38,85,Engagement-inferred
U1875,INT47,82,Engagement-inferred
U1875,INT25,77,Declared
U1875,INT29,75,Engagement-inferred
U1875,INT27,74,Lookalike model
U1875,INT07,72,Engagement-inferred
U1875,INT36,69,Engagement-inferred
U1875,INT10,65,Declared
U1875,INT28,65,Declared
U1875,INT31,64,Declared
U1875,INT30,64,Lookalike model
U1875,INT39,64,Engagement-inferred
U1875,INT33,63,Lookalike model
U1876,INT40,88,Engagement-inferred
U1876,INT01,83,Engagement-inferred
U1876,INT11,73,Engagement-inferred
U1876,INT06,72,Engagement-inferred
U1876,INT19,65,Engagement-inferred
U1876,INT14,63,Engagement-inferred
U1876,INT33,63,Engagement-inferred
U1876,INT42,63,Declared
U1876,INT02,62,Declared
U1876,INT10,62,Lookalike model
U1876,INT41,56,Lookalike model
U1876,INT35,56,Engagement-inferred
U1876,INT34,55,Engagement-inferred
U1876,INT18,54,Engagement-inferred
U1877,INT10,90,Engagement-inferred
U1877,INT01,85,Engagement-inferred
U1877,INT02,82,Engagement-inferred
U1877,INT06,81,Engagement-inferred
U1877,INT14,78,Declared
U1877,INT33,71,Engagement-inferred
U1877,INT11,69,Lookalike model
U1877,INT50,67,Engagement-inferred
U1877,INT24,65,Declared
U1877,INT36,63,Engagement-inferred
U1877,INT34,63,Engagement-inferred
U1877,INT49,62,Engagement-inferred
U1877,INT22,59,Engagement-inferred
U1877,INT48,59,Lookalike model
U1878,INT40,100,Engagement-inferred
U1878,INT41,99,Declared
U1878,INT16,94,Declared
U1878,INT33,90,Engagement-inferred
U1878,INT35,87,Lookalike model
U1878,INT36,86,Declared
U1878,INT42,85,Engagement-inferred
U1878,INT05,77,Engagement-inferred
U1878,INT34,77,Engagement-inferred
U1878,INT11,75,Declared
U1878,INT03,69,Engagement-inferred
U1878,INT39,68,Engagement-inferred
U1878,INT14,67,Engagement-inferred
U1878,INT10,67,Declared
U1879,INT44,98,Declared
U1879,INT36,87,Lookalike model
U1879,INT43,74,Engagement-inferred
U1879,INT07,72,Lookalike model
U1879,INT33,69,Lookalike model
U1879,INT10,68,Engagement-inferred
U1879,INT37,66,Engagement-inferred
U1879,INT40,66,Engagement-inferred
U1879,INT24,65,Engagement-inferred
U1879,INT22,65,Engagement-inferred
U1879,INT47,63,Engagement-inferred
U1879,INT34,63,Declared
U1879,INT39,63,Declared
U1879,INT21,61,Engagement-inferred
U1880,INT33,94,Engagement-inferred
U1880,INT34,86,Engagement-inferred
U1880,INT44,79,Declared
U1880,INT07,79,Engagement-inferred
U1880,INT40,75,Engagement-inferred
U1880,INT09,75,Engagement-inferred
U1880,INT35,71,Engagement-inferred
U1880,INT01,70,Engagement-inferred
U1880,INT08,70,Engagement-inferred
U1880,INT41,66,Engagement-inferred
U1880,INT43,64,Engagement-inferred
U1880,INT11,63,Engagement-inferred
U1880,INT46,63,Engagement-inferred
U1880,INT42,62,Declared
U1881,INT07,100,Lookalike model
U1881,INT08,94,Engagement-inferred
U1881,INT47,94,Declared
U1881,INT38,89,Engagement-inferred
U1881,INT01,85,Declared
U1881,INT25,77,Lookalike model
U1881,INT11,75,Declared
U1881,INT09,74,Lookalike model
U1881,INT34,72,Engagement-inferred
U1881,INT20,69,Engagement-inferred
U1881,INT18,67,Lookalike model
U1881,INT21,66,Engagement-inferred
U1881,INT42,64,Declared
U1881,INT10,64,Engagement-inferred
U1882,INT40,100,Engagement-inferred
U1882,INT33,100,Engagement-inferred
U1882,INT42,95,Engagement-inferred
U1882,INT07,95,Engagement-inferred
U1882,INT08,92,Engagement-inferred
U1882,INT35,88,Engagement-inferred
U1882,INT34,87,Declared
U1882,INT01,82,Engagement-inferred
U1882,INT09,79,Declared
U1882,INT41,79,Lookalike model
U1882,INT44,79,Lookalike model
U1882,INT14,76,Lookalike model
U1882,INT02,73,Lookalike model
U1882,INT11,73,Engagement-inferred
U1883,INT19,95,Lookalike model
U1883,INT08,89,Engagement-inferred
U1883,INT27,88,Lookalike model
U1883,INT07,85,Engagement-inferred
U1883,INT20,84,Engagement-inferred
U1883,INT16,84,Engagement-inferred
U1883,INT26,79,Declared
U1883,INT38,77,Lookalike model
U1883,INT47,72,Engagement-inferred
U1883,INT33,72,Engagement-inferred
U1883,INT11,70,Engagement-inferred
U1883,INT17,69,Engagement-inferred
U1883,INT31,68,Lookalike model
U1883,INT18,68,Declared
U1884,INT33,100,Declared
U1884,INT34,83,Declared
U1884,INT35,74,Lookalike model
U1884,INT38,74,Engagement-inferred
U1884,INT10,72,Engagement-inferred
U1884,INT36,71,Declared
U1884,INT37,71,Declared
U1884,INT44,69,Engagement-inferred
U1884,INT47,64,Engagement-inferred
U1884,INT22,61,Engagement-inferred
U1884,INT24,61,Engagement-inferred
U1884,INT23,60,Engagement-inferred
U1884,INT48,59,Engagement-inferred
U1884,INT50,56,Declared
U1885,INT16,93,Engagement-inferred
U1885,INT48,92,Engagement-inferred
U1885,INT49,84,Engagement-inferred
U1885,INT26,83,Engagement-inferred
U1885,INT33,81,Engagement-inferred
U1885,INT27,77,Engagement-inferred
U1885,INT50,76,Declared
U1885,INT28,76,Engagement-inferred
U1885,INT01,74,Declared
U1885,INT35,73,Engagement-inferred
U1885,INT02,72,Declared
U1885,INT42,71,Engagement-inferred
U1885,INT34,70,Engagement-inferred
U1885,INT22,68,Engagement-inferred
U1886,INT07,99,Engagement-inferred
U1886,INT08,95,Engagement-inferred
U1886,INT47,91,Engagement-inferred
U1886,INT11,88,Lookalike model
U1886,INT14,83,Engagement-inferred
U1886,INT38,79,Lookalike model
U1886,INT09,76,Engagement-inferred
U1886,INT33,74,Lookalike model
U1886,INT16,72,Engagement-inferred
U1886,INT27,71,Engagement-inferred
U1886,INT40,67,Lookalike model
U1886,INT04,66,Engagement-inferred
U1886,INT46,63,Declared
U1886,INT35,62,Declared
U1887,INT26,88,Engagement-inferred
U1887,INT44,83,Engagement-inferred
U1887,INT43,82,Declared
U1887,INT34,67,Lookalike model
U1887,INT49,66,Engagement-inferred
U1887,INT27,65,Declared
U1887,INT32,63,Engagement-inferred
U1887,INT48,62,Engagement-inferred
U1887,INT35,62,Engagement-inferred
U1887,INT28,61,Engagement-inferred
U1887,INT33,60,Engagement-inferred
U1887,INT29,56,Engagement-inferred
U1887,INT14,56,Declared
U1887,INT50,54,Engagement-inferred
U1888,INT26,100,Engagement-inferred
U1888,INT28,93,Engagement-inferred
U1888,INT27,88,Declared
U1888,INT30,83,Engagement-inferred
U1888,INT32,82,Lookalike model
U1888,INT07,81,Engagement-inferred
U1888,INT31,80,Engagement-inferred
U1888,INT34,80,Declared
U1888,INT29,78,Engagement-inferred
U1888,INT01,74,Engagement-inferred
U1888,INT03,71,Engagement-inferred
U1888,INT33,69,Lookalike model
U1888,INT40,67,Declared
U1888,INT04,66,Lookalike model
U1889,INT26,92,Engagement-inferred
U1889,INT22,91,Declared
U1889,INT38,90,Lookalike model
U1889,INT04,85,Engagement-inferred
U1889,INT28,83,Lookalike model
U1889,INT47,83,Lookalike model
U1889,INT24,83,Engagement-inferred
U1889,INT30,82,Engagement-inferred
U1889,INT23,82,Engagement-inferred
U1889,INT33,79,Declared
U1889,INT27,76,Engagement-inferred
U1889,INT44,74,Engagement-inferred
U1889,INT05,73,Declared
U1889,INT32,72,Engagement-inferred
U1890,INT25,95,Engagement-inferred
U1890,INT36,91,Declared
U1890,INT33,77,Lookalike model
U1890,INT19,76,Engagement-inferred
U1890,INT37,74,Engagement-inferred
U1890,INT20,73,Engagement-inferred
U1890,INT35,73,Engagement-inferred
U1890,INT07,72,Declared
U1890,INT39,72,Engagement-inferred
U1890,INT21,70,Engagement-inferred
U1890,INT18,70,Engagement-inferred
U1890,INT43,66,Engagement-inferred
U1890,INT44,66,Engagement-inferred
U1890,INT40,64,Engagement-inferred
U1891,INT27,94,Engagement-inferred
U1891,INT26,89,Engagement-inferred
U1891,INT25,85,Engagement-inferred
U1891,INT29,82,Engagement-inferred
U1891,INT30,79,Lookalike model
U1891,INT28,78,Engagement-inferred
U1891,INT32,78,Declared
U1891,INT11,68,Engagement-inferred
U1891,INT10,67,Engagement-inferred
U1891,INT33,64,Engagement-inferred
U1891,INT31,63,Declared
U1891,INT48,63,Declared
U1891,INT14,62,Engagement-inferred
U1891,INT49,58,Engagement-inferred
U1892,INT33,100,Engagement-inferred
U1892,INT03,100,Engagement-inferred
U1892,INT05,98,Engagement-inferred
U1892,INT04,90,Declared
U1892,INT34,85,Engagement-inferred
U1892,INT14,78,Declared
U1892,INT48,78,Engagement-inferred
U1892,INT06,77,Declared
U1892,INT01,77,Engagement-inferred
U1892,INT35,75,Engagement-inferred
U1892,INT44,73,Engagement-inferred
U1892,INT43,71,Engagement-inferred
U1892,INT02,71,Lookalike model
U1892,INT25,68,Engagement-inferred
U1893,INT21,83,Engagement-inferred
U1893,INT19,83,Declared
U1893,INT26,82,Declared
U1893,INT33,82,Engagement-inferred
U1893,INT20,77,Engagement-inferred
U1893,INT36,76,Declared
U1893,INT18,75,Engagement-inferred
U1893,INT27,73,Engagement-inferred
U1893,INT09,70,Declared
U1893,INT48,68,Engagement-inferred
U1893,INT28,68,Engagement-inferred
U1893,INT49,67,Engagement-inferred
U1893,INT37,66,Engagement-inferred
U1893,INT01,66,Lookalike model
U1894,INT33,95,Declared
U1894,INT11,92,Declared
U1894,INT35,77,Declared
U1894,INT26,75,Engagement-inferred
U1894,INT07,74,Engagement-inferred
U1894,INT14,74,Engagement-inferred
U1894,INT09,73,Lookalike model
U1894,INT34,72,Engagement-inferred
U1894,INT22,71,Lookalike model
U1894,INT02,69,Engagement-inferred
U1894,INT01,67,Engagement-inferred
U1894,INT04,65,Engagement-inferred
U1894,INT32,65,Lookalike model
U1894,INT03,65,Lookalike model
U1895,INT07,93,Engagement-inferred
U1895,INT49,84,Declared
U1895,INT50,84,Engagement-inferred
U1895,INT44,81,Lookalike model
U1895,INT48,81,Engagement-inferred
U1895,INT25,79,Engagement-inferred
U1895,INT19,79,Lookalike model
U1895,INT01,79,Lookalike model
U1895,INT20,72,Engagement-inferred
U1895,INT43,72,Declared
U1895,INT08,72,Declared
U1895,INT18,65,Lookalike model
U1895,INT21,64,Engagement-inferred
U1895,INT16,63,Engagement-inferred
U1896,INT26,100,Engagement-inferred
U1896,INT36,97,Declared
U1896,INT10,95,Engagement-inferred
U1896,INT33,83,Declared
U1896,INT29,81,Lookalike model
U1896,INT03,80,Engagement-inferred
U1896,INT04,80,Engagement-inferred
U1896,INT30,78,Engagement-inferred
U1896,INT37,78,Declared
U1896,INT05,78,Engagement-inferred
U1896,INT44,77,Lookalike model
U1896,INT28,77,Engagement-inferred
U1896,INT27,77,Lookalike model
U1896,INT32,76,Engagement-inferred
U1897,INT48,98,Engagement-inferred
U1897,INT49,90,Engagement-inferred
U1897,INT10,89,Declared
U1897,INT50,87,Lookalike model
U1897,INT01,86,Engagement-inferred
U1897,INT16,86,Lookalike model
U1897,INT44,85,Engagement-inferred
U1897,INT11,81,Declared
U1897,INT02,78,Engagement-inferred
U1897,INT43,76,Engagement-inferred
U1897,INT14,72,Engagement-inferred
U1897,INT06,72,Engagement-inferred
U1897,INT40,71,Lookalike model
U1897,INT05,67,Declared
U1898,INT11,77,Engagement-inferred
U1898,INT44,71,Lookalike model
U1898,INT33,69,Engagement-inferred
U1898,INT43,68,Engagement-inferred
U1898,INT36,65,Lookalike model
U1898,INT14,64,Declared
U1898,INT40,62,Engagement-inferred
U1898,INT07,61,Lookalike model
U1898,INT27,60,Lookalike model
U1898,INT10,58,Declared
U1898,INT37,58,Declared
U1898,INT08,58,Declared
U1898,INT32,56,Engagement-inferred
U1898,INT09,55,Engagement-inferred
U1899,INT01,100,Engagement-inferred
U1899,INT06,92,Engagement-inferred
U1899,INT02,86,Engagement-inferred
U1899,INT19,85,Lookalike model
U1899,INT07,85,Engagement-inferred
U1899,INT21,81,Engagement-inferred
U1899,INT20,77,Engagement-inferred
U1899,INT47,76,Lookalike model
U1899,INT08,75,Lookalike model
U1899,INT18,73,Engagement-inferred
U1899,INT09,73,Engagement-inferred
U1899,INT33,69,Declared
U1899,INT10,67,Engagement-inferred
U1899,INT25,63,Lookalike model
U1900,INT03,93,Engagement-inferred
U1900,INT04,93,Engagement-inferred
U1900,INT23,90,Engagement-inferred
U1900,INT33,87,Engagement-inferred
U1900,INT10,83,Declared
U1900,INT24,81,Declared
U1900,INT22,77,Engagement-inferred
U1900,INT05,77,Engagement-inferred
U1900,INT11,73,Engagement-inferred
U1900,INT36,73,Lookalike model
U1900,INT37,73,Lookalike model
U1900,INT34,71,Engagement-inferred
U1900,INT44,70,Engagement-inferred
U1900,INT35,69,Engagement-inferred
U1901,INT03,100,Engagement-inferred
U1901,INT04,91,Engagement-inferred
U1901,INT10,90,Declared
U1901,INT11,88,Lookalike model
U1901,INT14,87,Engagement-inferred
U1901,INT05,84,Engagement-inferred
U1901,INT33,71,Engagement-inferred
U1901,INT22,70,Engagement-inferred
U1901,INT35,69,Engagement-inferred
U1901,INT41,69,Declared
U1901,INT16,68,Lookalike model
U1901,INT12,68,Engagement-inferred
U1901,INT38,67,Declared
U1901,INT47,66,Engagement-inferred
U1902,INT25,89,Engagement-inferred
U1902,INT41,86,Engagement-inferred
U1902,INT16,85,Lookalike model
U1902,INT03,85,Declared
U1902,INT42,84,Engagement-inferred
U1902,INT40,81,Declared
U1902,INT11,75,Engagement-inferred
U1902,INT07,72,Declared
U1902,INT17,68,Engagement-inferred
U1902,INT38,66,Engagement-inferred
U1902,INT01,64,Engagement-inferred
U1902,INT12,62,Engagement-inferred
U1902,INT14,62,Engagement-inferred
U1902,INT02,62,Engagement-inferred
U1903,INT49,90,Lookalike model
U1903,INT26,87,Engagement-inferred
U1903,INT07,84,Declared
U1903,INT48,83,Engagement-inferred
U1903,INT46,80,Engagement-inferred
U1903,INT29,77,Lookalike model
U1903,INT40,77,Engagement-inferred
U1903,INT14,75,Engagement-inferred
U1903,INT27,72,Engagement-inferred
U1903,INT28,72,Engagement-inferred
U1903,INT08,72,Engagement-inferred
U1903,INT32,71,Engagement-inferred
U1903,INT11,70,Declared
U1903,INT44,68,Declared
U1904,INT33,93,Declared
U1904,INT19,86,Engagement-inferred
U1904,INT34,85,Engagement-inferred
U1904,INT07,83,Engagement-inferred
U1904,INT47,81,Lookalike model
U1904,INT44,73,Engagement-inferred
U1904,INT21,73,Engagement-inferred
U1904,INT35,72,Declared
U1904,INT27,72,Engagement-inferred
U1904,INT18,70,Engagement-inferred
U1904,INT43,69,Lookalike model
U1904,INT36,68,Engagement-inferred
U1904,INT37,66,Engagement-inferred
U1904,INT08,65,Engagement-inferred
U1905,INT44,85,Declared
U1905,INT08,78,Engagement-inferred
U1905,INT01,75,Engagement-inferred
U1905,INT07,71,Engagement-inferred
U1905,INT43,68,Declared
U1905,INT40,67,Engagement-inferred
U1905,INT11,62,Declared
U1905,INT16,62,Engagement-inferred
U1905,INT38,59,Engagement-inferred
U1905,INT42,58,Engagement-inferred
U1905,INT46,57,Lookalike model
U1905,INT02,57,Engagement-inferred
U1905,INT47,56,Lookalike model
U1905,INT10,55,Declared
U1906,INT49,100,Declared
U1906,INT26,100,Engagement-inferred
U1906,INT31,90,Lookalike model
U1906,INT50,86,Declared
U1906,INT48,86,Lookalike model
U1906,INT28,82,Declared
U1906,INT29,80,Engagement-inferred
U1906,INT27,79,Lookalike model
U1906,INT03,78,Engagement-inferred
U1906,INT14,76,Engagement-inferred
U1906,INT30,71,Engagement-inferred
U1906,INT36,70,Engagement-inferred
U1906,INT11,69,Engagement-inferred
U1906,INT04,67,Lookalike model
U1907,INT33,91,Engagement-inferred
U1907,INT07,85,Declared
U1907,INT08,76,Declared
U1907,INT35,75,Declared
U1907,INT34,74,Engagement-inferred
U1907,INT22,71,Engagement-inferred
U1907,INT19,70,Lookalike model
U1907,INT24,67,Engagement-inferred
U1907,INT21,65,Lookalike model
U1907,INT15,65,Declared
U1907,INT20,64,Engagement-inferred
U1907,INT25,64,Lookalike model
U1907,INT45,64,Engagement-inferred
U1907,INT09,63,Engagement-inferred
U1908,INT07,100,Engagement-inferred
U1908,INT33,96,Declared
U1908,INT21,93,Engagement-inferred
U1908,INT20,90,Lookalike model
U1908,INT35,85,Engagement-inferred
U1908,INT18,85,Lookalike model
U1908,INT19,83,Lookalike model
U1908,INT44,83,Lookalike model
U1908,INT08,82,Engagement-inferred
U1908,INT34,80,Engagement-inferred
U1908,INT09,76,Declared
U1908,INT40,73,Lookalike model
U1908,INT11,72,Engagement-inferred
U1908,INT25,70,Lookalike model
U1909,INT03,83,Engagement-inferred
U1909,INT16,82,Engagement-inferred
U1909,INT04,79,Lookalike model
U1909,INT42,77,Engagement-inferred
U1909,INT40,76,Declared
U1909,INT05,70,Lookalike model
U1909,INT47,70,Engagement-inferred
U1909,INT10,67,Engagement-inferred
U1909,INT17,66,Engagement-inferred
U1909,INT14,65,Engagement-inferred
U1909,INT11,65,Engagement-inferred
U1909,INT19,65,Engagement-inferred
U1909,INT41,65,Lookalike model
U1909,INT38,61,Engagement-inferred
U1910,INT40,97,Engagement-inferred
U1910,INT41,86,Engagement-inferred
U1910,INT27,85,Engagement-inferred
U1910,INT26,85,Engagement-inferred
U1910,INT03,84,Engagement-inferred
U1910,INT24,81,Declared
U1910,INT04,81,Engagement-inferred
U1910,INT31,80,Engagement-inferred
U1910,INT22,79,Engagement-inferred
U1910,INT23,78,Declared
U1910,INT11,78,Engagement-inferred
U1910,INT25,75,Declared
U1910,INT07,74,Engagement-inferred
U1910,INT28,71,Engagement-inferred
U1911,INT25,88,Declared
U1911,INT26,88,Declared
U1911,INT01,87,Declared
U1911,INT29,84,Engagement-inferred
U1911,INT47,84,Engagement-inferred
U1911,INT31,83,Engagement-inferred
U1911,INT40,81,Declared
U1911,INT02,80,Declared
U1911,INT36,79,Engagement-inferred
U1911,INT03,76,Lookalike model
U1911,INT27,74,Engagement-inferred
U1911,INT37,72,Engagement-inferred
U1911,INT30,72,Declared
U1911,INT04,71,Engagement-inferred
U1912,INT49,93,Engagement-inferred
U1912,INT40,82,Engagement-inferred
U1912,INT42,81,Engagement-inferred
U1912,INT26,76,Engagement-inferred
U1912,INT50,75,Lookalike model
U1912,INT48,75,Engagement-inferred
U1912,INT11,74,Declared
U1912,INT25,73,Engagement-inferred
U1912,INT27,72,Engagement-inferred
U1912,INT34,70,Lookalike model
U1912,INT28,69,Engagement-inferred
U1912,INT30,68,Engagement-inferred
U1912,INT41,68,Engagement-inferred
U1912,INT33,67,Lookalike model
U1913,INT33,90,Declared
U1913,INT20,85,Engagement-inferred
U1913,INT19,82,Engagement-inferred
U1913,INT01,82,Engagement-inferred
U1913,INT44,75,Lookalike model
U1913,INT28,73,Engagement-inferred
U1913,INT07,71,Engagement-inferred
U1913,INT26,71,Engagement-inferred
U1913,INT35,71,Engagement-inferred
U1913,INT18,70,Engagement-inferred
U1913,INT02,70,Engagement-inferred
U1913,INT13,69,Lookalike model
U1913,INT08,68,Engagement-inferred
U1913,INT09,68,Declared
U1914,INT03,90,Lookalike model
U1914,INT11,77,Declared
U1914,INT14,76,Declared
U1914,INT04,73,Declared
U1914,INT46,71,Engagement-inferred
U1914,INT05,70,Engagement-inferred
U1914,INT47,68,Lookalike model
U1914,INT24,62,Engagement-inferred
U1914,INT01,58,Engagement-inferred
U1914,INT26,54,Engagement-inferred
U1914,INT38,52,Declared
U1914,INT28,51,Engagement-inferred
U1914,INT22,51,Declared
U1914,INT15,51,Declared
U1915,INT26,99,Lookalike model
U1915,INT38,99,Engagement-inferred
U1915,INT47,96,Engagement-inferred
U1915,INT27,96,Lookalike model
U1915,INT44,90,Engagement-inferred
U1915,INT29,83,Engagement-inferred
U1915,INT30,83,Engagement-inferred
U1915,INT43,80,Engagement-inferred
U1915,INT10,76,Engagement-inferred
U1915,INT28,75,Engagement-inferred
U1915,INT36,74,Declared
U1915,INT31,71,Engagement-inferred
U1915,INT48,70,Engagement-inferred
U1915,INT32,68,Engagement-inferred
U1916,INT40,84,Declared
U1916,INT42,81,Engagement-inferred
U1916,INT46,75,Engagement-inferred
U1916,INT47,74,Engagement-inferred
U1916,INT11,72,Engagement-inferred
U1916,INT41,71,Engagement-inferred
U1916,INT14,71,Engagement-inferred
U1916,INT24,69,Engagement-inferred
U1916,INT22,68,Engagement-inferred
U1916,INT38,67,Engagement-inferred
U1916,INT27,67,Declared
U1916,INT36,63,Declared
U1916,INT04,61,Lookalike model
U1916,INT26,61,Engagement-inferred
U1917,INT26,97,Engagement-inferred
U1917,INT27,93,Engagement-inferred
U1917,INT11,92,Engagement-inferred
U1917,INT07,91,Engagement-inferred
U1917,INT44,89,Engagement-inferred
U1917,INT14,85,Engagement-inferred
U1917,INT49,85,Lookalike model
U1917,INT28,84,Engagement-inferred
U1917,INT09,84,Engagement-inferred
U1917,INT30,80,Lookalike model
U1917,INT08,78,Lookalike model
U1917,INT43,78,Engagement-inferred
U1917,INT32,72,Engagement-inferred
U1917,INT31,71,Declared
U1918,INT36,86,Engagement-inferred
U1918,INT26,80,Engagement-inferred
U1918,INT16,77,Lookalike model
U1918,INT29,72,Lookalike model
U1918,INT17,72,Engagement-inferred
U1918,INT28,70,Engagement-inferred
U1918,INT44,70,Engagement-inferred
U1918,INT27,68,Engagement-inferred
U1918,INT38,67,Declared
U1918,INT47,66,Engagement-inferred
U1918,INT43,66,Engagement-inferred
U1918,INT11,66,Engagement-inferred
U1918,INT37,65,Engagement-inferred
U1918,INT32,62,Declared
U1919,INT33,100,Declared
U1919,INT34,95,Lookalike model
U1919,INT07,86,Engagement-inferred
U1919,INT25,81,Engagement-inferred
U1919,INT08,80,Engagement-inferred
U1919,INT43,79,Engagement-inferred
U1919,INT26,79,Engagement-inferred
U1919,INT44,75,Engagement-inferred
U1919,INT19,74,Declared
U1919,INT40,73,Engagement-inferred
U1919,INT35,71,Declared
U1919,INT16,69,Engagement-inferred
U1919,INT45,68,Engagement-inferred
U1919,INT09,65,Engagement-inferred
U1920,INT44,100,Engagement-inferred
U1920,INT43,86,Engagement-inferred
U1920,INT22,82,Declared
U1920,INT23,80,Engagement-inferred
U1920,INT24,71,Engagement-inferred
U1920,INT11,71,Engagement-inferred
U1920,INT14,67,Engagement-inferred
U1920,INT15,66,Engagement-inferred
U1920,INT26,66,Engagement-inferred
U1920,INT33,62,Engagement-inferred
U1920,INT48,61,Engagement-inferred
U1920,INT32,58,Lookalike model
U1920,INT25,58,Declared
U1920,INT34,57,Lookalike model
U1921,INT02,86,Engagement-inferred
U1921,INT01,86,Engagement-inferred
U1921,INT04,82,Engagement-inferred
U1921,INT25,78,Lookalike model
U1921,INT26,76,Engagement-inferred
U1921,INT05,76,Engagement-inferred
U1921,INT20,75,Declared
U1921,INT11,74,Engagement-inferred
U1921,INT27,73,Lookalike model
U1921,INT19,72,Engagement-inferred
U1921,INT10,72,Declared
U1921,INT14,72,Engagement-inferred
U1921,INT47,71,Engagement-inferred
U1921,INT06,69,Lookalike model
U1922,INT19,100,Declared
U1922,INT44,92,Engagement-inferred
U1922,INT18,88,Engagement-inferred
U1922,INT08,79,Engagement-inferred
U1922,INT33,79,Declared
U1922,INT20,79,Engagement-inferred
U1922,INT35,78,Declared
U1922,INT11,77,Declared
U1922,INT21,76,Lookalike model
U1922,INT43,74,Declared
U1922,INT05,71,Engagement-inferred
U1922,INT07,69,Engagement-inferred
U1922,INT16,68,Engagement-inferred
U1922,INT04,66,Engagement-inferred
U1923,INT11,95,Engagement-inferred
U1923,INT19,84,Engagement-inferred
U1923,INT14,82,Lookalike model
U1923,INT25,79,Engagement-inferred
U1923,INT18,73,Engagement-inferred
U1923,INT20,73,Engagement-inferred
U1923,INT47,71,Engagement-inferred
U1923,INT33,66,Lookalike model
U1923,INT21,66,Engagement-inferred
U1923,INT07,63,Engagement-inferred
U1923,INT16,61,Engagement-inferred
U1923,INT35,60,Lookalike model
U1923,INT09,58,Engagement-inferred
U1923,INT10,57,Lookalike model
U1924,INT18,97,Lookalike model
U1924,INT01,92,Lookalike model
U1924,INT02,88,Engagement-inferred
U1924,INT16,88,Lookalike model
U1924,INT41,84,Engagement-inferred
U1924,INT19,78,Engagement-inferred
U1924,INT40,78,Lookalike model
U1924,INT20,73,Engagement-inferred
U1924,INT12,72,Engagement-inferred
U1924,INT10,71,Engagement-inferred
U1924,INT42,71,Engagement-inferred
U1924,INT34,70,Lookalike model
U1924,INT17,70,Lookalike model
U1924,INT06,70,Engagement-inferred
U1925,INT47,78,Lookalike model
U1925,INT36,77,Declared
U1925,INT37,76,Engagement-inferred
U1925,INT22,74,Lookalike model
U1925,INT38,70,Declared
U1925,INT14,66,Engagement-inferred
U1925,INT25,62,Lookalike model
U1925,INT11,62,Engagement-inferred
U1925,INT39,60,Engagement-inferred
U1925,INT26,57,Engagement-inferred
U1925,INT23,57,Engagement-inferred
U1925,INT40,56,Declared
U1925,INT24,55,Engagement-inferred
U1925,INT44,53,Lookalike model
U1926,INT07,100,Engagement-inferred
U1926,INT10,98,Lookalike model
U1926,INT49,93,Engagement-inferred
U1926,INT50,87,Engagement-inferred
U1926,INT48,84,Engagement-inferred
U1926,INT08,82,Engagement-inferred
U1926,INT04,79,Engagement-inferred
U1926,INT09,74,Engagement-inferred
U1926,INT03,74,Lookalike model
U1926,INT44,70,Engagement-inferred
U1926,INT24,70,Declared
U1926,INT16,68,Lookalike model
U1926,INT05,65,Lookalike model
U1926,INT35,63,Engagement-inferred
U1927,INT26,92,Engagement-inferred
U1927,INT27,83,Engagement-inferred
U1927,INT40,79,Engagement-inferred
U1927,INT04,79,Declared
U1927,INT32,77,Engagement-inferred
U1927,INT11,77,Engagement-inferred
U1927,INT28,76,Engagement-inferred
U1927,INT05,75,Declared
U1927,INT14,74,Lookalike model
U1927,INT03,73,Engagement-inferred
U1927,INT01,72,Lookalike model
U1927,INT25,71,Lookalike model
U1927,INT31,71,Engagement-inferred
U1927,INT44,70,Declared
U1928,INT25,93,Engagement-inferred
U1928,INT36,87,Engagement-inferred
U1928,INT42,72,Engagement-inferred
U1928,INT38,71,Engagement-inferred
U1928,INT47,69,Engagement-inferred
U1928,INT03,65,Lookalike model
U1928,INT37,64,Engagement-inferred
U1928,INT40,63,Engagement-inferred
U1928,INT05,62,Engagement-inferred
U1928,INT13,62,Declared
U1928,INT39,59,Engagement-inferred
U1928,INT33,57,Declared
U1928,INT07,57,Engagement-inferred
U1928,INT08,55,Lookalike model
U1929,INT01,86,Declared
U1929,INT44,78,Engagement-inferred
U1929,INT47,77,Engagement-inferred
U1929,INT38,74,Lookalike model
U1929,INT03,74,Engagement-inferred
U1929,INT22,74,Engagement-inferred
U1929,INT06,73,Declared
U1929,INT02,73,Lookalike model
U1929,INT43,71,Lookalike model
U1929,INT27,70,Engagement-inferred
U1929,INT04,70,Declared
U1929,INT26,69,Engagement-inferred
U1929,INT10,66,Engagement-inferred
U1929,INT30,63,Engagement-inferred
U1930,INT04,100,Declared
U1930,INT05,93,Lookalike model
U1930,INT22,88,Lookalike model
U1930,INT24,86,Engagement-inferred
U1930,INT03,86,Engagement-inferred
U1930,INT38,85,Lookalike model
U1930,INT47,81,Engagement-inferred
U1930,INT30,78,Engagement-inferred
U1930,INT32,74,Declared
U1930,INT26,72,Declared
U1930,INT23,70,Engagement-inferred
U1930,INT27,69,Engagement-inferred
U1930,INT28,67,Engagement-inferred
U1930,INT29,63,Engagement-inferred
U1931,INT14,84,Lookalike model
U1931,INT11,78,Engagement-inferred
U1931,INT04,77,Engagement-inferred
U1931,INT03,76,Engagement-inferred
U1931,INT40,75,Engagement-inferred
U1931,INT36,74,Lookalike model
U1931,INT42,69,Engagement-inferred
U1931,INT44,68,Lookalike model
U1931,INT47,68,Lookalike model
U1931,INT37,65,Lookalike model
U1931,INT07,64,Declared
U1931,INT19,62,Engagement-inferred
U1931,INT38,62,Engagement-inferred
U1931,INT05,59,Engagement-inferred
U1932,INT26,100,Engagement-inferred
U1932,INT36,96,Engagement-inferred
U1932,INT48,84,Engagement-inferred
U1932,INT49,82,Engagement-inferred
U1932,INT31,82,Declared
U1932,INT10,79,Engagement-inferred
U1932,INT27,78,Declared
U1932,INT39,75,Engagement-inferred
U1932,INT29,74,Engagement-inferred
U1932,INT37,73,Lookalike model
U1932,INT28,73,Engagement-inferred
U1932,INT16,71,Engagement-inferred
U1932,INT11,71,Declared
U1932,INT08,70,Lookalike model
U1933,INT44,92,Engagement-inferred
U1933,INT26,92,Declared
U1933,INT27,84,Engagement-inferred
U1933,INT43,83,Engagement-inferred
U1933,INT32,77,Lookalike model
U1933,INT29,77,Engagement-inferred
U1933,INT10,76,Declared
U1933,INT16,73,Declared
U1933,INT25,73,Engagement-inferred
U1933,INT28,70,Engagement-inferred
U1933,INT17,65,Declared
U1933,INT11,65,Engagement-inferred
U1933,INT14,64,Lookalike model
U1933,INT40,63,Declared
U1934,INT04,84,Engagement-inferred
U1934,INT03,81,Engagement-inferred
U1934,INT25,78,Declared
U1934,INT05,77,Engagement-inferred
U1934,INT37,73,Engagement-inferred
U1934,INT32,73,Lookalike model
U1934,INT11,72,Declared
U1934,INT10,70,Lookalike model
U1934,INT26,67,Engagement-inferred
U1934,INT28,66,Engagement-inferred
U1934,INT29,66,Lookalike model
U1934,INT33,66,Engagement-inferred
U1934,INT14,64,Engagement-inferred
U1934,INT36,62,Engagement-inferred
U1935,INT33,100,Engagement-inferred
U1935,INT34,86,Lookalike model
U1935,INT16,86,Engagement-inferred
U1935,INT26,86,Engagement-inferred
U1935,INT29,83,Engagement-inferred
U1935,INT27,77,Engagement-inferred
U1935,INT28,77,Engagement-inferred
U1935,INT03,74,Engagement-inferred
U1935,INT25,73,Engagement-inferred
U1935,INT07,73,Engagement-inferred
U1935,INT35,72,Declared
U1935,INT38,71,Lookalike model
U1935,INT47,71,Engagement-inferred
U1935,INT04,70,Engagement-inferred
U1936,INT03,100,Lookalike model
U1936,INT01,93,Lookalike model
U1936,INT04,88,Declared
U1936,INT02,84,Engagement-inferred
U1936,INT05,79,Engagement-inferred
U1936,INT19,77,Lookalike model
U1936,INT06,74,Engagement-inferred
U1936,INT49,71,Declared
U1936,INT21,68,Lookalike model
U1936,INT44,67,Engagement-inferred
U1936,INT20,66,Declared
U1936,INT48,65,Declared
U1936,INT10,64,Engagement-inferred
U1936,INT18,63,Engagement-inferred
U1937,INT27,100,Declared
U1937,INT26,100,Lookalike model
U1937,INT28,89,Declared
U1937,INT29,82,Engagement-inferred
U1937,INT30,82,Lookalike model
U1937,INT32,78,Engagement-inferred
U1937,INT31,76,Engagement-inferred
U1937,INT07,71,Lookalike model
U1937,INT11,70,Engagement-inferred
U1937,INT10,68,Engagement-inferred
U1937,INT01,68,Lookalike model
U1937,INT09,62,Engagement-inferred
U1937,INT36,61,Lookalike model
U1937,INT02,57,Engagement-inferred
U1938,INT47,93,Engagement-inferred
U1938,INT03,86,Lookalike model
U1938,INT38,82,Engagement-inferred
U1938,INT25,77,Engagement-inferred
U1938,INT07,74,Engagement-inferred
U1938,INT24,66,Engagement-inferred
U1938,INT04,66,Engagement-inferred
U1938,INT05,64,Engagement-inferred
U1938,INT40,61,Declared
U1938,INT01,61,Engagement-inferred
U1938,INT02,59,Declared
U1938,INT10,59,Lookalike model
U1938,INT28,58,Engagement-inferred
U1938,INT09,56,Engagement-inferred
U1939,INT19,92,Lookalike model
U1939,INT20,91,Declared
U1939,INT24,88,Engagement-inferred
U1939,INT22,80,Engagement-inferred
U1939,INT41,78,Engagement-inferred
U1939,INT44,75,Engagement-inferred
U1939,INT43,73,Declared
U1939,INT11,70,Declared
U1939,INT18,68,Engagement-inferred
U1939,INT27,65,Declared
U1939,INT21,64,Lookalike model
U1939,INT23,64,Declared
U1939,INT40,63,Engagement-inferred
U1939,INT32,61,Declared
U1940,INT02,100,Engagement-inferred
U1940,INT01,100,Engagement-inferred
U1940,INT06,95,Declared
U1940,INT25,78,Engagement-inferred
U1940,INT10,70,Declared
U1940,INT37,70,Declared
U1940,INT47,69,Engagement-inferred
U1940,INT36,64,Lookalike model
U1940,INT26,59,Lookalike model
U1940,INT38,55,Declared
U1940,INT39,53,Lookalike model
U1940,INT13,52,Declared
U1940,INT44,51,Lookalike model
U1940,INT24,48,Engagement-inferred
U1941,INT35,86,Lookalike model
U1941,INT33,83,Engagement-inferred
U1941,INT34,78,Engagement-inferred
U1941,INT13,71,Engagement-inferred
U1941,INT14,63,Engagement-inferred
U1941,INT38,62,Lookalike model
U1941,INT22,62,Declared
U1941,INT44,60,Engagement-inferred
U1941,INT50,58,Engagement-inferred
U1941,INT49,56,Engagement-inferred
U1941,INT11,55,Engagement-inferred
U1941,INT23,54,Declared
U1941,INT47,54,Engagement-inferred
U1941,INT01,54,Lookalike model
U1942,INT27,100,Engagement-inferred
U1942,INT17,100,Engagement-inferred
U1942,INT16,100,Lookalike model
U1942,INT26,93,Lookalike model
U1942,INT33,93,Engagement-inferred
U1942,INT28,90,Engagement-inferred
U1942,INT34,83,Engagement-inferred
U1942,INT35,80,Engagement-inferred
U1942,INT32,77,Lookalike model
U1942,INT12,75,Engagement-inferred
U1942,INT10,71,Declared
U1942,INT29,71,Engagement-inferred
U1942,INT31,70,Engagement-inferred
U1942,INT30,68,Engagement-inferred
U1943,INT07,100,Engagement-inferred
U1943,INT08,92,Engagement-inferred
U1943,INT33,85,Engagement-inferred
U1943,INT09,83,Declared
U1943,INT43,82,Engagement-inferred
U1943,INT44,82,Engagement-inferred
U1943,INT18,74,Engagement-inferred
U1943,INT20,69,Lookalike model
U1943,INT46,67,Engagement-inferred
U1943,INT19,67,Engagement-inferred
U1943,INT03,65,Engagement-inferred
U1943,INT11,65,Engagement-inferred
U1943,INT10,64,Engagement-inferred
U1943,INT17,63,Engagement-inferred
U1944,INT26,92,Engagement-inferred
U1944,INT43,82,Engagement-inferred
U1944,INT47,82,Declared
U1944,INT29,81,Engagement-inferred
U1944,INT07,79,Engagement-inferred
U1944,INT30,75,Engagement-inferred
U1944,INT38,75,Engagement-inferred
U1944,INT31,74,Declared
U1944,INT44,74,Lookalike model
U1944,INT27,72,Engagement-inferred
U1944,INT32,72,Declared
U1944,INT20,71,Engagement-inferred
U1944,INT11,71,Engagement-inferred
U1944,INT28,68,Engagement-inferred
U1945,INT01,97,Lookalike model
U1945,INT11,91,Engagement-inferred
U1945,INT14,81,Engagement-inferred
U1945,INT22,81,Lookalike model
U1945,INT24,75,Engagement-inferred
U1945,INT06,75,Engagement-inferred
U1945,INT44,73,Engagement-inferred
U1945,INT26,71,Lookalike model
U1945,INT03,71,Engagement-inferred
U1945,INT48,70,Engagement-inferred
U1945,INT49,69,Lookalike model
U1945,INT29,68,Lookalike model
U1945,INT02,68,Engagement-inferred
U1945,INT27,65,Engagement-inferred
U1946,INT07,91,Engagement-inferred
U1946,INT03,86,Engagement-inferred
U1946,INT04,82,Engagement-inferred
U1946,INT08,82,Declared
U1946,INT10,82,Lookalike model
U1946,INT05,80,Engagement-inferred
U1946,INT33,80,Engagement-inferred
U1946,INT14,77,Declared
U1946,INT11,76,Engagement-inferred
U1946,INT09,75,Declared
U1946,INT35,74,Lookalike model
U1946,INT34,70,Engagement-inferred
U1946,INT20,69,Declared
U1946,INT19,68,Lookalike model
U1947,INT26,92,Engagement-inferred
U1947,INT27,73,Engagement-inferred
U1947,INT44,71,Engagement-inferred
U1947,INT29,71,Lookalike model
U1947,INT32,68,Engagement-inferred
U1947,INT42,65,Engagement-inferred
U1947,INT16,64,Engagement-inferred
U1947,INT28,64,Engagement-inferred
U1947,INT30,62,Lookalike model
U1947,INT37,61,Engagement-inferred
U1947,INT36,60,Engagement-inferred
U1947,INT46,60,Declared
U1947,INT43,59,Declared
U1947,INT07,58,Lookalike model
U1948,INT07,96,Lookalike model
U1948,INT44,91,Engagement-inferred
U1948,INT40,86,Engagement-inferred
U1948,INT42,80,Engagement-inferred
U1948,INT08,79,Engagement-inferred
U1948,INT43,75,Engagement-inferred
U1948,INT33,75,Engagement-inferred
U1948,INT09,68,Declared
U1948,INT41,67,Engagement-inferred
U1948,INT16,65,Engagement-inferred
U1948,INT14,64,Lookalike model
U1948,INT11,63,Engagement-inferred
U1948,INT10,62,Lookalike model
U1948,INT34,62,Engagement-inferred
U1949,INT47,91,Declared
U1949,INT38,88,Engagement-inferred
U1949,INT26,79,Engagement-inferred
U1949,INT10,72,Declared
U1949,INT33,72,Engagement-inferred
U1949,INT27,72,Engagement-inferred
U1949,INT30,68,Engagement-inferred
U1949,INT28,66,Engagement-inferred
U1949,INT32,66,Lookalike model
U1949,INT36,65,Engagement-inferred
U1949,INT29,64,Engagement-inferred
U1949,INT34,64,Declared
U1949,INT31,59,Engagement-inferred
U1949,INT35,59,Lookalike model
U1950,INT44,98,Engagement-inferred
U1950,INT43,88,Declared
U1950,INT07,85,Lookalike model
U1950,INT33,81,Lookalike model
U1950,INT08,81,Engagement-inferred
U1950,INT34,77,Lookalike model
U1950,INT09,68,Engagement-inferred
U1950,INT46,67,Engagement-inferred
U1950,INT14,67,Lookalike model
U1950,INT35,66,Engagement-inferred
U1950,INT10,65,Declared
U1950,INT11,63,Engagement-inferred
U1950,INT04,62,Engagement-inferred
U1950,INT03,62,Engagement-inferred
U1951,INT03,88,Engagement-inferred
U1951,INT04,84,Engagement-inferred
U1951,INT49,83,Lookalike model
U1951,INT22,80,Engagement-inferred
U1951,INT11,74,Engagement-inferred
U1951,INT48,72,Engagement-inferred
U1951,INT05,71,Declared
U1951,INT14,69,Engagement-inferred
U1951,INT23,67,Engagement-inferred
U1951,INT38,67,Engagement-inferred
U1951,INT25,66,Lookalike model
U1951,INT24,64,Lookalike model
U1951,INT01,62,Lookalike model
U1951,INT50,59,Engagement-inferred
U1952,INT07,85,Engagement-inferred
U1952,INT08,73,Engagement-inferred
U1952,INT09,72,Lookalike model
U1952,INT45,65,Engagement-inferred
U1952,INT16,65,Lookalike model
U1952,INT33,63,Lookalike model
U1952,INT17,59,Engagement-inferred
U1952,INT03,59,Declared
U1952,INT11,58,Declared
U1952,INT41,55,Declared
U1952,INT14,55,Lookalike model
U1952,INT25,54,Engagement-inferred
U1952,INT40,51,Engagement-inferred
U1952,INT04,51,Declared
U1953,INT44,84,Engagement-inferred
U1953,INT47,82,Lookalike model
U1953,INT16,81,Engagement-inferred
U1953,INT25,81,Lookalike model
U1953,INT11,80,Engagement-inferred
U1953,INT14,77,Engagement-inferred
U1953,INT43,71,Engagement-inferred
U1953,INT38,70,Lookalike model
U1953,INT29,61,Engagement-inferred
U1953,INT46,60,Engagement-inferred
U1953,INT42,60,Engagement-inferred
U1953,INT17,59,Lookalike model
U1953,INT26,58,Lookalike model
U1953,INT03,57,Engagement-inferred
U1954,INT10,100,Engagement-inferred
U1954,INT16,85,Declared
U1954,INT47,85,Declared
U1954,INT48,79,Lookalike model
U1954,INT17,75,Engagement-inferred
U1954,INT38,74,Engagement-inferred
U1954,INT49,74,Engagement-inferred
U1954,INT01,74,Lookalike model
U1954,INT22,71,Engagement-inferred
U1954,INT44,69,Lookalike model
U1954,INT20,69,Lookalike model
U1954,INT40,69,Engagement-inferred
U1954,INT02,66,Declared
U1954,INT12,61,Declared
U1955,INT23,89,Engagement-inferred
U1955,INT22,87,Engagement-inferred
U1955,INT03,85,Engagement-inferred
U1955,INT07,85,Lookalike model
U1955,INT19,84,Engagement-inferred
U1955,INT20,82,Lookalike model
U1955,INT42,82,Engagement-inferred
U1955,INT04,80,Engagement-inferred
U1955,INT05,78,Engagement-inferred
U1955,INT08,75,Engagement-inferred
U1955,INT24,75,Lookalike model
U1955,INT40,74,Lookalike model
U1955,INT14,74,Lookalike model
U1955,INT09,73,Engagement-inferred
U1956,INT33,89,Engagement-inferred
U1956,INT11,86,Engagement-inferred
U1956,INT40,83,Engagement-inferred
U1956,INT07,79,Lookalike model
U1956,INT26,75,Engagement-inferred
U1956,INT28,74,Engagement-inferred
U1956,INT42,74,Declared
U1956,INT41,73,Engagement-inferred
U1956,INT35,73,Declared
U1956,INT08,73,Declared
U1956,INT09,73,Declared
U1956,INT45,72,Declared
U1956,INT48,71,Engagement-inferred
U1956,INT50,71,Engagement-inferred
U1957,INT01,91,Declared
U1957,INT36,85,Lookalike model
U1957,INT03,82,Declared
U1957,INT02,80,Engagement-inferred
U1957,INT39,79,Engagement-inferred
U1957,INT37,78,Engagement-inferred
U1957,INT22,77,Lookalike model
U1957,INT07,71,Engagement-inferred
U1957,INT15,70,Declared
U1957,INT25,70,Engagement-inferred
U1957,INT06,69,Engagement-inferred
U1957,INT08,66,Engagement-inferred
U1957,INT24,65,Lookalike model
U1957,INT44,64,Declared
U1958,INT29,76,Engagement-inferred
U1958,INT14,76,Lookalike model
U1958,INT26,75,Engagement-inferred
U1958,INT27,74,Engagement-inferred
U1958,INT11,74,Engagement-inferred
U1958,INT28,71,Declared
U1958,INT30,68,Engagement-inferred
U1958,INT31,68,Lookalike model
U1958,INT38,65,Lookalike model
U1958,INT10,58,Lookalike model
U1958,INT25,58,Engagement-inferred
U1958,INT33,57,Engagement-inferred
U1958,INT32,56,Engagement-inferred
U1958,INT48,54,Engagement-inferred
U1959,INT03,96,Engagement-inferred
U1959,INT11,95,Engagement-inferred
U1959,INT04,95,Engagement-inferred
U1959,INT10,86,Engagement-inferred
U1959,INT33,81,Declared
U1959,INT26,78,Lookalike model
U1959,INT19,73,Engagement-inferred
U1959,INT28,72,Lookalike model
U1959,INT34,72,Lookalike model
U1959,INT29,72,Engagement-inferred
U1959,INT14,71,Declared
U1959,INT07,70,Declared
U1959,INT27,69,Lookalike model
U1959,INT05,69,Engagement-inferred
U1960,INT01,92,Engagement-inferred
U1960,INT07,83,Engagement-inferred
U1960,INT02,77,Engagement-inferred
U1960,INT26,75,Lookalike model
U1960,INT11,73,Declared
U1960,INT08,73,Engagement-inferred
U1960,INT43,70,Engagement-inferred
U1960,INT29,70,Engagement-inferred
U1960,INT28,69,Engagement-inferred
U1960,INT33,67,Declared
U1960,INT14,66,Engagement-inferred
U1960,INT06,63,Declared
U1960,INT09,62,Lookalike model
U1960,INT30,59,Engagement-inferred
U1961,INT16,100,Engagement-inferred
U1961,INT07,81,Lookalike model
U1961,INT17,80,Declared
U1961,INT08,79,Engagement-inferred
U1961,INT10,76,Engagement-inferred
U1961,INT01,71,Engagement-inferred
U1961,INT43,70,Engagement-inferred
U1961,INT41,70,Declared
U1961,INT42,70,Engagement-inferred
U1961,INT44,69,Lookalike model
U1961,INT04,69,Engagement-inferred
U1961,INT22,67,Engagement-inferred
U1961,INT03,66,Engagement-inferred
U1961,INT11,66,Engagement-inferred
U1962,INT22,89,Declared
U1962,INT26,87,Engagement-inferred
U1962,INT24,81,Engagement-inferred
U1962,INT23,78,Engagement-inferred
U1962,INT49,76,Lookalike model
U1962,INT28,71,Engagement-inferred
U1962,INT27,70,Engagement-inferred
U1962,INT32,70,Engagement-inferred
U1962,INT31,67,Declared
U1962,INT15,62,Declared
U1962,INT30,61,Engagement-inferred
U1962,INT29,61,Engagement-inferred
U1962,INT50,60,Lookalike model
U1962,INT36,57,Declared
U1963,INT10,89,Lookalike model
U1963,INT02,74,Lookalike model
U1963,INT33,74,Lookalike model
U1963,INT40,70,Lookalike model
U1963,INT42,70,Engagement-inferred
U1963,INT01,67,Engagement-inferred
U1963,INT16,66,Engagement-inferred
U1963,INT24,61,Declared
U1963,INT06,60,Engagement-inferred
U1963,INT41,60,Engagement-inferred
U1963,INT07,59,Engagement-inferred
U1963,INT26,58,Lookalike model
U1963,INT34,56,Lookalike model
U1963,INT11,55,Declared
U1964,INT23,100,Engagement-inferred
U1964,INT11,94,Declared
U1964,INT22,93,Engagement-inferred
U1964,INT26,91,Engagement-inferred
U1964,INT24,85,Declared
U1964,INT15,81,Engagement-inferred
U1964,INT27,77,Engagement-inferred
U1964,INT44,77,Declared
U1964,INT16,75,Engagement-inferred
U1964,INT30,75,Engagement-inferred
U1964,INT14,74,Engagement-inferred
U1964,INT17,74,Lookalike model
U1964,INT09,73,Engagement-inferred
U1964,INT50,73,Engagement-inferred
U1965,INT44,96,Engagement-inferred
U1965,INT26,91,Engagement-inferred
U1965,INT28,87,Lookalike model
U1965,INT19,79,Lookalike model
U1965,INT32,77,Engagement-inferred
U1965,INT18,75,Engagement-inferred
U1965,INT49,73,Declared
U1965,INT43,71,Engagement-inferred
U1965,INT27,71,Declared
U1965,INT30,69,Engagement-inferred
U1965,INT31,69,Engagement-inferred
U1965,INT29,69,Lookalike model
U1965,INT01,68,Declared
U1965,INT46,66,Engagement-inferred
U1966,INT33,99,Lookalike model
U1966,INT07,96,Engagement-inferred
U1966,INT01,80,Engagement-inferred
U1966,INT25,76,Declared
U1966,INT09,75,Engagement-inferred
U1966,INT35,73,Engagement-inferred
U1966,INT34,73,Engagement-inferred
U1966,INT47,73,Declared
U1966,INT08,70,Lookalike model
U1966,INT06,67,Engagement-inferred
U1966,INT02,61,Engagement-inferred
U1966,INT11,59,Declared
U1966,INT30,57,Engagement-inferred
U1966,INT38,55,Engagement-inferred
U1967,INT01,84,Lookalike model
U1967,INT19,78,Engagement-inferred
U1967,INT46,77,Engagement-inferred
U1967,INT02,75,Engagement-inferred
U1967,INT22,73,Engagement-inferred
U1967,INT06,73,Lookalike model
U1967,INT23,68,Engagement-inferred
U1967,INT20,68,Engagement-inferred
U1967,INT26,66,Engagement-inferred
U1967,INT18,64,Declared
U1967,INT24,63,Engagement-inferred
U1967,INT15,61,Engagement-inferred
U1967,INT21,61,Engagement-inferred
U1967,INT03,58,Engagement-inferred
U1968,INT18,96,Engagement-inferred
U1968,INT20,92,Engagement-inferred
U1968,INT24,92,Declared
U1968,INT19,89,Engagement-inferred
U1968,INT22,88,Lookalike model
U1968,INT11,87,Engagement-inferred
U1968,INT07,85,Declared
U1968,INT21,84,Engagement-inferred
U1968,INT14,82,Engagement-inferred
U1968,INT23,82,Engagement-inferred
U1968,INT05,78,Declared
U1968,INT45,77,Engagement-inferred
U1968,INT08,75,Engagement-inferred
U1968,INT03,75,Engagement-inferred
U1969,INT03,86,Engagement-inferred
U1969,INT44,84,Engagement-inferred
U1969,INT04,74,Lookalike model
U1969,INT36,72,Engagement-inferred
U1969,INT47,70,Lookalike model
U1969,INT43,68,Lookalike model
U1969,INT48,67,Engagement-inferred
U1969,INT01,66,Engagement-inferred
U1969,INT26,65,Engagement-inferred
U1969,INT29,64,Engagement-inferred
U1969,INT05,64,Engagement-inferred
U1969,INT06,63,Engagement-inferred
U1969,INT11,62,Engagement-inferred
U1969,INT21,62,Engagement-inferred
U1970,INT11,78,Declared
U1970,INT14,76,Declared
U1970,INT26,72,Engagement-inferred
U1970,INT47,69,Lookalike model
U1970,INT44,68,Engagement-inferred
U1970,INT45,66,Engagement-inferred
U1970,INT10,65,Engagement-inferred
U1970,INT43,64,Engagement-inferred
U1970,INT38,64,Lookalike model
U1970,INT32,62,Engagement-inferred
U1970,INT03,60,Declared
U1970,INT28,60,Declared
U1970,INT22,58,Engagement-inferred
U1970,INT30,55,Engagement-inferred
U1971,INT26,94,Declared
U1971,INT28,85,Engagement-inferred
U1971,INT29,85,Lookalike model
U1971,INT32,81,Engagement-inferred
U1971,INT36,76,Engagement-inferred
U1971,INT27,76,Engagement-inferred
U1971,INT24,75,Engagement-inferred
U1971,INT01,75,Lookalike model
U1971,INT40,73,Lookalike model
U1971,INT46,71,Lookalike model
U1971,INT06,69,Lookalike model
U1971,INT41,68,Engagement-inferred
U1971,INT30,68,Engagement-inferred
U1971,INT37,66,Engagement-inferred
U1972,INT25,96,Lookalike model
U1972,INT40,87,Engagement-inferred
U1972,INT49,78,Engagement-inferred
U1972,INT24,70,Engagement-inferred
U1972,INT42,63,Engagement-inferred
U1972,INT48,61,Engagement-inferred
U1972,INT41,60,Engagement-inferred
U1972,INT11,60,Engagement-inferred
U1972,INT23,59,Engagement-inferred
U1972,INT50,59,Engagement-inferred
U1972,INT22,58,Engagement-inferred
U1972,INT16,57,Engagement-inferred
U1972,INT14,56,Engagement-inferred
U1972,INT17,56,Engagement-inferred
U1973,INT26,86,Engagement-inferred
U1973,INT27,85,Lookalike model
U1973,INT30,84,Engagement-inferred
U1973,INT11,83,Lookalike model
U1973,INT14,83,Engagement-inferred
U1973,INT28,82,Engagement-inferred
U1973,INT47,80,Lookalike model
U1973,INT38,73,Lookalike model
U1973,INT32,73,Engagement-inferred
U1973,INT29,71,Declared
U1973,INT31,63,Lookalike model
U1973,INT10,63,Lookalike model
U1973,INT36,57,Lookalike model
U1973,INT25,53,Declared
U1974,INT07,100,Engagement-inferred
U1974,INT08,89,Engagement-inferred
U1974,INT09,87,Declared
U1974,INT03,75,Lookalike model
U1974,INT04,73,Lookalike model
U1974,INT11,71,Engagement-inferred
U1974,INT14,69,Declared
U1974,INT25,68,Engagement-inferred
U1974,INT24,67,Engagement-inferred
U1974,INT33,65,Engagement-inferred
U1974,INT22,64,Engagement-inferred
U1974,INT23,62,Engagement-inferred
U1974,INT44,60,Engagement-inferred
U1974,INT26,59,Declared
U1975,INT26,89,Declared
U1975,INT28,87,Lookalike model
U1975,INT32,85,Engagement-inferred
U1975,INT30,84,Engagement-inferred
U1975,INT27,81,Engagement-inferred
U1975,INT33,81,Engagement-inferred
U1975,INT36,80,Declared
U1975,INT31,80,Engagement-inferred
U1975,INT10,75,Engagement-inferred
U1975,INT29,73,Engagement-inferred
U1975,INT49,72,Lookalike model
U1975,INT04,72,Engagement-inferred
U1975,INT48,72,Declared
U1975,INT47,68,Engagement-inferred
U1976,INT07,89,Declared
U1976,INT01,84,Lookalike model
U1976,INT08,82,Declared
U1976,INT09,75,Declared
U1976,INT44,70,Lookalike model
U1976,INT06,62,Engagement-inferred
U1976,INT49,62,Lookalike model
U1976,INT11,61,Declared
U1976,INT14,58,Engagement-inferred
U1976,INT10,55,Engagement-inferred
U1976,INT43,55,Engagement-inferred
U1976,INT48,54,Lookalike model
U1976,INT02,54,Engagement-inferred
U1976,INT25,54,Declared
U1977,INT16,92,Engagement-inferred
U1977,INT33,84,Engagement-inferred
U1977,INT04,84,Engagement-inferred
U1977,INT38,83,Engagement-inferred
U1977,INT47,82,Engagement-inferred
U1977,INT34,81,Declared
U1977,INT13,77,Declared
U1977,INT12,72,Declared
U1977,INT03,72,Engagement-inferred
U1977,INT07,69,Engagement-inferred
U1977,INT17,69,Engagement-inferred
U1977,INT44,68,Engagement-inferred
U1977,INT43,67,Engagement-inferred
U1977,INT35,66,Engagement-inferred
U1978,INT26,98,Engagement-inferred
U1978,INT47,98,Declared
U1978,INT07,95,Engagement-inferred
U1978,INT16,81,Engagement-inferred
U1978,INT28,81,Engagement-inferred
U1978,INT38,76,Lookalike model
U1978,INT27,76,Engagement-inferred
U1978,INT08,76,Declared
U1978,INT30,74,Declared
U1978,INT44,74,Lookalike model
U1978,INT09,72,Engagement-inferred
U1978,INT43,71,Engagement-inferred
U1978,INT25,71,Engagement-inferred
U1978,INT32,70,Declared
U1979,INT26,99,Engagement-inferred
U1979,INT27,76,Engagement-inferred
U1979,INT22,76,Engagement-inferred
U1979,INT23,75,Lookalike model
U1979,INT24,73,Engagement-inferred
U1979,INT28,72,Declared
U1979,INT32,69,Engagement-inferred
U1979,INT31,67,Engagement-inferred
U1979,INT29,67,Engagement-inferred
U1979,INT07,66,Engagement-inferred
U1979,INT30,65,Engagement-inferred
U1979,INT03,64,Lookalike model
U1979,INT33,64,Engagement-inferred
U1979,INT05,63,Engagement-inferred
U1980,INT19,91,Engagement-inferred
U1980,INT40,82,Declared
U1980,INT20,81,Engagement-inferred
U1980,INT42,80,Engagement-inferred
U1980,INT48,79,Engagement-inferred
U1980,INT14,78,Lookalike model
U1980,INT41,77,Engagement-inferred
U1980,INT21,75,Lookalike model
U1980,INT18,74,Lookalike model
U1980,INT23,74,Declared
U1980,INT11,73,Engagement-inferred
U1980,INT10,70,Lookalike model
U1980,INT49,69,Engagement-inferred
U1980,INT22,68,Engagement-inferred
U1981,INT03,91,Declared
U1981,INT16,91,Engagement-inferred
U1981,INT05,83,Engagement-inferred
U1981,INT27,82,Engagement-inferred
U1981,INT28,79,Engagement-inferred
U1981,INT04,78,Declared
U1981,INT19,74,Engagement-inferred
U1981,INT26,70,Engagement-inferred
U1981,INT11,68,Engagement-inferred
U1981,INT09,68,Lookalike model
U1981,INT40,66,Lookalike model
U1981,INT07,66,Engagement-inferred
U1981,INT30,66,Engagement-inferred
U1981,INT32,65,Lookalike model
U1982,INT38,94,Declared
U1982,INT01,90,Engagement-inferred
U1982,INT24,87,Declared
U1982,INT22,84,Engagement-inferred
U1982,INT23,81,Lookalike model
U1982,INT47,80,Engagement-inferred
U1982,INT02,78,Engagement-inferred
U1982,INT36,72,Declared
U1982,INT37,67,Declared
U1982,INT04,66,Declared
U1982,INT15,65,Engagement-inferred
U1982,INT06,64,Engagement-inferred
U1982,INT33,63,Engagement-inferred
U1982,INT27,62,Engagement-inferred
U1983,INT47,92,Engagement-inferred
U1983,INT11,87,Lookalike model
U1983,INT38,82,Engagement-inferred
U1983,INT14,78,Engagement-inferred
U1983,INT16,73,Engagement-inferred
U1983,INT17,70,Engagement-inferred
U1983,INT33,63,Lookalike model
U1983,INT07,60,Engagement-inferred
U1983,INT09,59,Engagement-inferred
U1983,INT12,57,Engagement-inferred
U1983,INT21,52,Engagement-inferred
U1983,INT29,51,Engagement-inferred
U1983,INT26,51,Lookalike model
U1983,INT27,49,Engagement-inferred
U1984,INT19,89,Engagement-inferred
U1984,INT18,88,Engagement-inferred
U1984,INT26,76,Engagement-inferred
U1984,INT20,73,Lookalike model
U1984,INT21,72,Lookalike model
U1984,INT16,71,Lookalike model
U1984,INT02,71,Engagement-inferred
U1984,INT36,70,Engagement-inferred
U1984,INT01,69,Engagement-inferred
U1984,INT11,68,Declared
U1984,INT17,65,Engagement-inferred
U1984,INT10,61,Engagement-inferred
U1984,INT49,57,Engagement-inferred
U1984,INT23,56,Engagement-inferred
U1985,INT49,100,Engagement-inferred
U1985,INT01,96,Engagement-inferred
U1985,INT50,90,Declared
U1985,INT48,83,Declared
U1985,INT11,79,Engagement-inferred
U1985,INT19,78,Declared
U1985,INT47,78,Engagement-inferred
U1985,INT18,75,Engagement-inferred
U1985,INT14,74,Declared
U1985,INT04,74,Engagement-inferred
U1985,INT02,72,Engagement-inferred
U1985,INT38,71,Engagement-inferred
U1985,INT21,65,Engagement-inferred
U1985,INT25,65,Engagement-inferred
U1986,INT01,88,Declared
U1986,INT11,86,Engagement-inferred
U1986,INT47,85,Engagement-inferred
U1986,INT14,82,Lookalike model
U1986,INT27,77,Lookalike model
U1986,INT06,75,Engagement-inferred
U1986,INT38,73,Declared
U1986,INT02,72,Lookalike model
U1986,INT33,70,Engagement-inferred
U1986,INT13,69,Engagement-inferred
U1986,INT25,68,Engagement-inferred
U1986,INT26,63,Declared
U1986,INT10,62,Declared
U1986,INT29,60,Engagement-inferred
U1987,INT40,71,Engagement-inferred
U1987,INT47,65,Engagement-inferred
U1987,INT42,63,Engagement-inferred
U1987,INT08,62,Engagement-inferred
U1987,INT24,60,Lookalike model
U1987,INT41,60,Lookalike model
U1987,INT09,58,Engagement-inferred
U1987,INT38,55,Engagement-inferred
U1987,INT32,55,Declared
U1987,INT45,54,Engagement-inferred
U1987,INT22,52,Engagement-inferred
U1987,INT07,51,Engagement-inferred
U1987,INT16,50,Engagement-inferred
U1987,INT44,50,Engagement-inferred
U1988,INT40,80,Declared
U1988,INT27,79,Engagement-inferred
U1988,INT47,79,Engagement-inferred
U1988,INT28,79,Lookalike model
U1988,INT44,75,Engagement-inferred
U1988,INT26,73,Lookalike model
U1988,INT38,72,Lookalike model
U1988,INT48,70,Engagement-inferred
U1988,INT41,69,Engagement-inferred
U1988,INT50,64,Engagement-inferred
U1988,INT42,63,Engagement-inferred
U1988,INT07,62,Engagement-inferred
U1988,INT10,60,Engagement-inferred
U1988,INT03,59,Lookalike model
U1989,INT19,88,Lookalike model
U1989,INT16,87,Lookalike model
U1989,INT36,85,Declared
U1989,INT37,80,Declared
U1989,INT33,78,Engagement-inferred
U1989,INT18,78,Lookalike model
U1989,INT12,77,Engagement-inferred
U1989,INT10,76,Declared
U1989,INT35,75,Lookalike model
U1989,INT26,74,Engagement-inferred
U1989,INT21,73,Engagement-inferred
U1989,INT17,73,Lookalike model
U1989,INT20,72,Declared
U1989,INT34,72,Engagement-inferred
U1990,INT47,94,Engagement-inferred
U1990,INT19,92,Engagement-inferred
U1990,INT21,86,Engagement-inferred
U1990,INT20,82,Engagement-inferred
U1990,INT43,77,Engagement-inferred
U1990,INT44,77,Engagement-inferred
U1990,INT38,77,Engagement-inferred
U1990,INT34,72,Declared
U1990,INT18,72,Engagement-inferred
U1990,INT40,71,Engagement-inferred
U1990,INT36,71,Lookalike model
U1990,INT33,65,Engagement-inferred
U1990,INT37,60,Declared
U1990,INT39,58,Engagement-inferred
U1991,INT11,94,Declared
U1991,INT33,83,Engagement-inferred
U1991,INT14,81,Declared
U1991,INT21,78,Declared
U1991,INT25,78,Engagement-inferred
U1991,INT19,76,Engagement-inferred
U1991,INT16,73,Engagement-inferred
U1991,INT36,72,Declared
U1991,INT20,66,Engagement-inferred
U1991,INT17,66,Engagement-inferred
U1991,INT03,61,Declared
U1991,INT37,60,Engagement-inferred
U1991,INT18,58,Engagement-inferred
U1991,INT34,58,Engagement-inferred
U1992,INT33,85,Engagement-inferred
U1992,INT26,80,Declared
U1992,INT40,80,Engagement-inferred
U1992,INT14,76,Engagement-inferred
U1992,INT49,74,Declared
U1992,INT48,72,Engagement-inferred
U1992,INT43,70,Lookalike model
U1992,INT41,70,Engagement-inferred
U1992,INT44,68,Engagement-inferred
U1992,INT35,66,Lookalike model
U1992,INT19,65,Engagement-inferred
U1992,INT34,64,Engagement-inferred
U1992,INT11,63,Lookalike model
U1992,INT50,62,Engagement-inferred
U1993,INT44,94,Engagement-inferred
U1993,INT11,92,Engagement-inferred
U1993,INT14,84,Lookalike model
U1993,INT19,75,Engagement-inferred
U1993,INT43,72,Declared
U1993,INT20,70,Lookalike model
U1993,INT16,68,Engagement-inferred
U1993,INT47,67,Engagement-inferred
U1993,INT10,66,Declared
U1993,INT38,66,Engagement-inferred
U1993,INT17,63,Declared
U1993,INT12,62,Declared
U1993,INT02,61,Declared
U1993,INT18,61,Engagement-inferred
U1994,INT25,95,Engagement-inferred
U1994,INT07,86,Engagement-inferred
U1994,INT42,86,Engagement-inferred
U1994,INT40,80,Lookalike model
U1994,INT03,79,Engagement-inferred
U1994,INT09,78,Engagement-inferred
U1994,INT08,75,Engagement-inferred
U1994,INT38,75,Engagement-inferred
U1994,INT47,74,Lookalike model
U1994,INT17,66,Engagement-inferred
U1994,INT16,66,Engagement-inferred
U1994,INT41,64,Engagement-inferred
U1994,INT04,60,Engagement-inferred
U1994,INT10,59,Lookalike model
U1995,INT07,97,Engagement-inferred
U1995,INT11,89,Declared
U1995,INT17,88,Declared
U1995,INT14,79,Declared
U1995,INT10,79,Lookalike model
U1995,INT16,77,Engagement-inferred
U1995,INT03,73,Engagement-inferred
U1995,INT09,73,Declared
U1995,INT30,72,Engagement-inferred
U1995,INT26,72,Declared
U1995,INT12,71,Engagement-inferred
U1995,INT36,70,Declared
U1995,INT08,69,Engagement-inferred
U1995,INT04,68,Lookalike model
U1996,INT26,100,Engagement-inferred
U1996,INT16,93,Engagement-inferred
U1996,INT32,92,Declared
U1996,INT01,92,Engagement-inferred
U1996,INT19,89,Engagement-inferred
U1996,INT27,83,Engagement-inferred
U1996,INT06,83,Declared
U1996,INT29,83,Engagement-inferred
U1996,INT31,83,Lookalike model
U1996,INT03,83,Engagement-inferred
U1996,INT28,81,Engagement-inferred
U1996,INT11,81,Engagement-inferred
U1996,INT17,79,Engagement-inferred
U1996,INT49,76,Engagement-inferred
U1997,INT33,98,Engagement-inferred
U1997,INT07,91,Engagement-inferred
U1997,INT09,87,Engagement-inferred
U1997,INT08,87,Lookalike model
U1997,INT35,85,Engagement-inferred
U1997,INT34,79,Engagement-inferred
U1997,INT01,79,Engagement-inferred
U1997,INT19,77,Engagement-inferred
U1997,INT29,74,Lookalike model
U1997,INT26,72,Engagement-inferred
U1997,INT44,66,Engagement-inferred
U1997,INT43,65,Engagement-inferred
U1997,INT28,65,Engagement-inferred
U1997,INT27,62,Engagement-inferred
U1998,INT22,86,Lookalike model
U1998,INT16,84,Engagement-inferred
U1998,INT23,84,Engagement-inferred
U1998,INT44,82,Engagement-inferred
U1998,INT07,81,Engagement-inferred
U1998,INT24,80,Engagement-inferred
U1998,INT17,77,Lookalike model
U1998,INT43,76,Lookalike model
U1998,INT12,71,Declared
U1998,INT49,70,Engagement-inferred
U1998,INT50,68,Lookalike model
U1998,INT01,65,Engagement-inferred
U1998,INT37,63,Declared
U1998,INT48,63,Engagement-inferred
U1999,INT44,94,Engagement-inferred
U1999,INT26,94,Lookalike model
U1999,INT47,93,Lookalike model
U1999,INT46,92,Engagement-inferred
U1999,INT01,89,Engagement-inferred
U1999,INT27,83,Engagement-inferred
U1999,INT31,82,Declared
U1999,INT38,82,Declared
U1999,INT28,79,Engagement-inferred
U1999,INT43,77,Declared
U1999,INT33,77,Lookalike model
U1999,INT36,74,Lookalike model
U1999,INT29,73,Declared
U1999,INT30,71,Engagement-inferred
U2000,INT33,83,Engagement-inferred
U2000,INT19,81,Engagement-inferred
U2000,INT16,79,Engagement-inferred
U2000,INT40,78,Engagement-inferred
U2000,INT46,74,Engagement-inferred
U2000,INT44,73,Declared
U2000,INT20,72,Engagement-inferred
U2000,INT21,71,Declared
U2000,INT34,70,Declared
U2000,INT22,70,Lookalike model
U2000,INT18,70,Engagement-inferred
U2000,INT08,66,Declared
U2000,INT07,65,Engagement-inferred
U2000,INT27,63,Engagement-inferred
