device_id,user_id,device_type,brand,model,operating_system,is_primary_device,mobile_advertising_id,ad_tracking_allowed,avg_daily_pickups,pct_time_on_wifi,carrier
DEV00001,U0001,Smartphone,Samsung,Galaxy A56,Android 16,TRUE,3d25496c-fa5c-8824-d327-ada0c7909b81,TRUE,156,72,AT&T
DEV00002,U0002,Smartphone,Apple,iPhone 16,iOS 26.1,TRUE,ece1b521-8597-8ca2-5581-4c5873152652,TRUE,128,56,Verizon
DEV00003,U0002,Laptop,Apple,MacBook Air,macOS 26,FALSE,,,,86,
DEV00004,U0003,Smartphone,Apple,iPhone 14,iOS 18.6,TRUE,bd52a75d-b9cd-c093-6d62-5dc4ffaf609e,TRUE,79,41,Verizon
DEV00005,U0004,Smartphone,Apple,iPhone 17,iOS 18.6,TRUE,f4a49192-9e41-3751-9658-55b1f6568f57,FALSE,118,58,AT&T
DEV00006,U0004,Laptop,Dell,XPS 13,Windows 11,FALSE,,,,91,
DEV00007,U0005,Smartphone,Motorola,Moto G Power,Android 16,TRUE,fa2558cb-dce4-78e0-7d70-41cb4779c981,TRUE,122,71,US Cellular
DEV00008,U0005,Laptop,Apple,MacBook Air,macOS 26,FALSE,,,,73,
DEV00009,U0006,Smartphone,Samsung,Galaxy S24,Android 16,TRUE,6fd53d51-1695-281f-1509-f673dfc27a2a,TRUE,90,55,T-Mobile
DEV00010,U0006,Laptop,Apple,MacBook Pro,macOS 26,FALSE,,,,83,
DEV00011,U0007,Smartphone,Apple,iPhone 14,iOS 26.1,TRUE,5b51bc98-9892-cf92-7703-30886ab355e5,FALSE,153,52,Mint Mobile
DEV00012,U0008,Smartphone,Apple,iPhone 13,iOS 18.6,TRUE,091c6df9-ab7b-cb66-49f7-bd206f14b532,FALSE,152,76,Mint Mobile
DEV00013,U0008,Laptop,Apple,MacBook Air,macOS 26,FALSE,,,,82,
DEV00014,U0009,Smartphone,Apple,iPhone 14,iOS 26.1,TRUE,44e2b76e-2751-102f-b413-8cb6bc61c156,FALSE,71,58,Verizon
DEV00015,U0009,Laptop,Apple,MacBook Pro,macOS 26,FALSE,,,,80,
DEV00016,U0010,Smartphone,Samsung,Galaxy A56,Android 16,TRUE,0e013f11-dfaa-8399-1c85-3fd695f6a19a,TRUE,160,80,Verizon
DEV00017,U0010,Laptop,Lenovo,Yoga Slim,Windows 11,FALSE,,,,83,
DEV00018,U0011,Smartphone,Apple,iPhone 15,iOS 26.1,TRUE,e4028e47-a01e-7b77-0b5a-9c057014b6e7,TRUE,82,47,Mint Mobile
DEV00019,U0012,Smartphone,Apple,iPhone 14,iOS 26.1,TRUE,0fa3be5f-8ff0-0445-392d-bb47d70741f2,TRUE,138,59,Mint Mobile
DEV00020,U0012,Laptop,Apple,MacBook Pro,macOS 26,FALSE,,,,93,
DEV00021,U0012,Tablet,Apple,iPad,iPadOS 26,FALSE,,,,93,
DEV00022,U0013,Smartphone,Samsung,Galaxy S24,Android 16,TRUE,5e530bf0-63d5-61f2-c65c-7168e4fa1609,TRUE,87,86,T-Mobile
DEV00023,U0013,Laptop,Apple,MacBook Pro,macOS 26,FALSE,,,,85,
DEV00024,U0013,Tablet,Apple,iPad Air,iPadOS 26,FALSE,,,,96,
DEV00025,U0014,Smartphone,Samsung,Galaxy A56,Android 16,TRUE,cf768563-f6c5-b421-5789-01bd87de93bf,FALSE,81,59,Mint Mobile
DEV00026,U0014,Laptop,Lenovo,Yoga Slim,Windows 11,FALSE,,,,91,
DEV00027,U0015,Smartphone,Samsung,Galaxy S24,Android 16,TRUE,40299d22-b660-0d9b-38d8-9fb8a5971a1e,TRUE,84,65,Verizon
DEV00028,U0015,Laptop,HP,Spectre x360,Windows 11,FALSE,,,,100,
DEV00029,U0016,Smartphone,Apple,iPhone 14,iOS 26.1,TRUE,45e85a33-9cab-0e8d-f71a-d4fe2e03162d,FALSE,108,42,Visible
DEV00030,U0016,Laptop,Dell,XPS 13,Windows 11,FALSE,,,,90,
DEV00031,U0017,Smartphone,Samsung,Galaxy S24,Android 15,TRUE,3647de0d-afce-bd52-2930-e8606dd80af6,TRUE,66,67,T-Mobile
DEV00032,U0017,Laptop,Apple,MacBook Air,macOS 26,FALSE,,,,92,
DEV00033,U0018,Smartphone,Apple,iPhone 13,iOS 26.1,TRUE,8e20fd3d-8e1f-150d-ad1b-9bce46c74209,TRUE,104,62,Verizon
DEV00034,U0019,Smartphone,Apple,iPhone Air,iOS 26.1,TRUE,fc4c7cef-0516-0a98-ea37-82df80213d3f,TRUE,164,76,Verizon
DEV00035,U0019,Laptop,Apple,MacBook Air,macOS 26,FALSE,,,,88,
DEV00036,U0020,Smartphone,Apple,iPhone 13,iOS 26.1,TRUE,ece88b23-f049-fca5-2fa0-8d734157109b,TRUE,115,80,Visible
DEV00037,U0021,Smartphone,Samsung,Galaxy S24,Android 16,TRUE,01b441fa-9efd-7715-5d52-410e2e9c727d,FALSE,126,62,Visible
DEV00038,U0022,Smartphone,Samsung,Galaxy S24,Android 15,TRUE,9f02594d-a980-9829-851a-cc7a03e8c94a,FALSE,126,63,AT&T
DEV00039,U0022,Laptop,Apple,MacBook Air,macOS 26,FALSE,,,,86,
DEV00040,U0022,Tablet,Apple,iPad,iPadOS 26,FALSE,,,,97,
DEV00041,U0023,Smartphone,Apple,iPhone 13,iOS 18.6,TRUE,e536c0a6-f65d-ee6c-5e25-53e485f9e4dd,TRUE,164,76,Verizon
DEV00042,U0023,Laptop,Lenovo,Yoga Slim,Windows 11,FALSE,,,,88,
DEV00043,U0024,Smartphone,Samsung,Galaxy S25,Android 16,TRUE,7ebc2291-c2b1-e8e3-ddd5-4a7caa4e5883,TRUE,133,95,AT&T
DEV00044,U0024,Laptop,Apple,MacBook Air,macOS 26,FALSE,,,,89,
DEV00045,U0025,Smartphone,Apple,iPhone 17,iOS 18.6,TRUE,228fb395-ac48-c5dd-a05e-0eb3dbd4feb3,FALSE,115,46,AT&T
DEV00046,U0025,Laptop,Lenovo,Yoga Slim,Windows 11,FALSE,,,,83,
DEV00047,U0025,Tablet,Apple,iPad Air,iPadOS 26,FALSE,,,,88,
DEV00048,U0026,Smartphone,Samsung,Galaxy S24,Android 16,TRUE,4a4df712-d756-83f9-5686-264c1dcb9332,TRUE,66,80,T-Mobile
DEV00049,U0026,Laptop,HP,Spectre x360,Windows 11,FALSE,,,,90,
DEV00050,U0027,Smartphone,Apple,iPhone 15,iOS 26.1,TRUE,c3b223ea-e302-3b4e-b1ea-b320eef95ff8,TRUE,132,49,Cricket
DEV00051,U0027,Laptop,Dell,XPS 13,Windows 11,FALSE,,,,82,
DEV00052,U0027,Tablet,Apple,iPad,iPadOS 26,FALSE,,,,89,
DEV00053,U0028,Smartphone,Apple,iPhone 14,iOS 26.1,TRUE,47e96798-4dc4-1ff3-9ec8-49d6e9a43f26,TRUE,128,95,T-Mobile
DEV00054,U0028,Laptop,Apple,MacBook Air,macOS 26,FALSE,,,,92,
DEV00055,U0028,Tablet,Apple,iPad Pro,iPadOS 26,FALSE,,,,87,
DEV00056,U0029,Smartphone,Apple,iPhone 13,iOS 18.6,TRUE,757f5d71-89ff-cab3-9018-c7411834d18c,TRUE,99,85,Visible
DEV00057,U0030,Smartphone,Apple,iPhone 17,iOS 18.6,TRUE,2094dde9-238c-c429-5816-eb1d0b4e452a,FALSE,75,54,Visible
DEV00058,U0030,Laptop,Apple,MacBook Pro,macOS 26,FALSE,,,,77,
DEV00059,U0031,Smartphone,Samsung,Galaxy A56,Android 16,TRUE,2e90a21f-f1be-277d-7060-bde4f0e9dfe6,TRUE,143,81,Visible
DEV00060,U0031,Laptop,HP,Spectre x360,Windows 11,FALSE,,,,77,
DEV00061,U0032,Smartphone,Apple,iPhone 16,iOS 18.6,TRUE,4503282a-3338-4ad8-1afb-4201369734e6,FALSE,103,53,Cricket
DEV00062,U0032,Laptop,Dell,XPS 13,Windows 11,FALSE,,,,80,
DEV00063,U0032,Tablet,Apple,iPad,iPadOS 26,FALSE,,,,90,
DEV00064,U0033,Smartphone,Apple,iPhone 17,iOS 26.1,TRUE,4326ad5c-d14a-6097-1889-1b32cd6f35fc,FALSE,144,66,Verizon
DEV00065,U0034,Smartphone,Google,Pixel 9,Android 16,TRUE,6e5e8c56-e997-ae6c-b24e-07c2eaa1b4aa,TRUE,79,52,Verizon
DEV00066,U0034,Laptop,Apple,MacBook Air,macOS 26,FALSE,,,,85,
DEV00067,U0034,Tablet,Apple,iPad,iPadOS 26,FALSE,,,,93,
DEV00068,U0035,Smartphone,Apple,iPhone 15,iOS 26.1,TRUE,b5468af1-f9ce-b552-7fcb-1d0d8e598df8,FALSE,123,67,Mint Mobile
DEV00069,U0035,Laptop,Apple,MacBook Pro,macOS 26,FALSE,,,,72,
DEV00070,U0036,Smartphone,Apple,iPhone 13,iOS 26.1,TRUE,5c665f57-99d5-2193-b93f-1183e37cf6e0,FALSE,127,68,T-Mobile
DEV00071,U0036,Laptop,HP,Spectre x360,Windows 11,FALSE,,,,83,
DEV00072,U0037,Smartphone,Google,Pixel 10,Android 16,TRUE,c993c5a8-625a-55ff-2a6d-2348a86bb223,TRUE,68,51,Verizon
DEV00073,U0038,Smartphone,Apple,iPhone 14,iOS 18.6,TRUE,8bb205eb-9404-c8f6-aa84-df698084934f,FALSE,74,63,T-Mobile
DEV00074,U0039,Smartphone,Motorola,Motorola Edge,Android 16,TRUE,0e638d52-bd57-c8bd-14e9-4a684eef3f7f,TRUE,120,79,Mint Mobile
DEV00075,U0039,Laptop,Apple,MacBook Air,macOS 26,FALSE,,,,78,
DEV00076,U0040,Smartphone,Apple,iPhone 15,iOS 18.6,TRUE,e4ae809c-b050-d921-0d29-a0ca989bc96b,FALSE,151,86,Verizon
DEV00077,U0040,Laptop,Microsoft,Surface Laptop,Windows 11,FALSE,,,,85,
DEV00078,U0041,Smartphone,Apple,iPhone 14,iOS 26.1,TRUE,33f165ba-7987-c929-9c16-cfc2b6193e5b,FALSE,112,74,Verizon
DEV00079,U0041,Laptop,Apple,MacBook Pro,macOS 26,FALSE,,,,100,
DEV00080,U0042,Smartphone,Apple,iPhone 15,iOS 26.1,TRUE,4149818d-df30-a630-6446-2e7c09701154,FALSE,129,59,AT&T
DEV00081,U0042,Laptop,Apple,MacBook Pro,macOS 26,FALSE,,,,88,
DEV00082,U0042,Tablet,Apple,iPad,iPadOS 26,FALSE,,,,84,
DEV00083,U0043,Smartphone,Apple,iPhone 14,iOS 26.1,TRUE,2db85a64-91bb-fb4f-c792-451003e392a9,FALSE,110,83,AT&T
DEV00084,U0043,Laptop,Apple,MacBook Pro,macOS 26,FALSE,,,,65,
DEV00085,U0044,Smartphone,Google,Pixel 8a,Android 16,TRUE,f8ac3526-0823-c9a0-06bc-cd9deccfb7ad,FALSE,123,33,Mint Mobile
DEV00086,U0044,Tablet,Apple,iPad Air,iPadOS 26,FALSE,,,,87,
DEV00087,U0045,Smartphone,Apple,iPhone 16,iOS 26.1,TRUE,773f3d5d-64cb-1a83-854a-fac93d13a220,FALSE,130,60,Verizon
DEV00088,U0045,Laptop,Apple,MacBook Air,macOS 26,FALSE,,,,81,
DEV00089,U0046,Smartphone,Apple,iPhone 16,iOS 26.1,TRUE,9b28ba18-03ab-71db-5800-ccd451802749,TRUE,131,64,Mint Mobile
DEV00090,U0046,Laptop,Apple,MacBook Air,macOS 26,FALSE,,,,91,
DEV00091,U0047,Smartphone,Apple,iPhone 16,iOS 26.1,TRUE,35be279d-eafc-c01a-343b-b0ab3050d71f,FALSE,112,46,T-Mobile
DEV00092,U0047,Laptop,Apple,MacBook Pro,macOS 26,FALSE,,,,100,
DEV00093,U0047,Tablet,Apple,iPad,iPadOS 26,FALSE,,,,85,
DEV00094,U0048,Smartphone,Apple,iPhone 17,iOS 26.1,TRUE,8999e1b3-c697-9601-d77d-ea441c8fe62b,FALSE,166,91,Verizon
DEV00095,U0048,Laptop,Dell,XPS 13,Windows 11,FALSE,,,,100,
DEV00096,U0049,Smartphone,Samsung,Galaxy S25,Android 15,TRUE,b694fd08-c318-764a-b575-5b4e5e44c39d,TRUE,101,88,Verizon
DEV00097,U0049,Laptop,Apple,MacBook Pro,macOS 26,FALSE,,,,90,
DEV00098,U0050,Smartphone,Apple,iPhone 15,iOS 26.1,TRUE,e1a9b3be-f359-99dd-8c21-d98deaf640db,TRUE,79,51,AT&T
DEV00099,U0050,Laptop,Apple,MacBook Air,macOS 26,FALSE,,,,85,
DEV00100,U0050,Tablet,Apple,iPad Pro,iPadOS 26,FALSE,,,,100,
DEV00101,U0051,Smartphone,Apple,iPhone 14,iOS 26.1,TRUE,4680b5c0-9921-c94e-596a-9cb3f2613b2f,FALSE,115,44,T-Mobile
DEV00102,U0051,Laptop,Apple,MacBook Air,macOS 26,FALSE,,,,68,
DEV00103,U0052,Smartphone,Samsung,Galaxy S25,Android 16,TRUE,3d43b591-11e9-2b1d-7995-294684e0adee,FALSE,144,87,T-Mobile
DEV00104,U0052,Laptop,Apple,MacBook Air,macOS 26,FALSE,,,,100,
DEV00105,U0052,Tablet,Apple,iPad Air,iPadOS 26,FALSE,,,,86,
DEV00106,U0053,Smartphone,Google,Pixel 10,Android 15,TRUE,c8ba438b-b459-c5f4-ca66-2710f8c04084,TRUE,96,77,T-Mobile
DEV00107,U0053,Laptop,Apple,MacBook Pro,macOS 26,FALSE,,,,82,
DEV00108,U0053,Tablet,Apple,iPad Air,iPadOS 26,FALSE,,,,99,
DEV00109,U0054,Smartphone,Apple,iPhone 15,iOS 26.1,TRUE,080550ce-8fd0-e396-6f42-9fe4cbdba06e,FALSE,107,50,Verizon
DEV00110,U0054,Laptop,Apple,MacBook Pro,macOS 26,FALSE,,,,72,
DEV00111,U0055,Smartphone,Apple,iPhone 15,iOS 18.6,TRUE,24a36c6f-d98f-b3e8-8e21-934597fabc36,FALSE,171,53,AT&T
DEV00112,U0055,Laptop,Dell,XPS 13,Windows 11,FALSE,,,,94,
DEV00113,U0056,Smartphone,Apple,iPhone 14,iOS 26.1,TRUE,45ce515f-af0c-37fa-7492-f31d68840444,TRUE,121,61,Verizon
DEV00114,U0056,Laptop,Apple,MacBook Air,macOS 26,FALSE,,,,89,
DEV00115,U0057,Smartphone,Google,Pixel 10,Android 15,TRUE,58b8598f-f347-4652-775d-b02db1b41a8f,TRUE,153,54,T-Mobile
DEV00116,U0057,Laptop,Lenovo,Yoga Slim,Windows 11,FALSE,,,,86,
DEV00117,U0057,Tablet,Apple,iPad,iPadOS 26,FALSE,,,,84,
DEV00118,U0058,Smartphone,Apple,iPhone 17,iOS 18.6,TRUE,92811d57-7431-1d16-8139-ba687b882ada,FALSE,124,57,T-Mobile
DEV00119,U0059,Smartphone,Apple,iPhone 16,iOS 26.1,TRUE,40dc9115-5191-edd0-3adc-a11a131c562c,FALSE,132,53,Verizon
DEV00120,U0059,Laptop,Apple,MacBook Air,macOS 26,FALSE,,,,84,
DEV00121,U0060,Smartphone,Apple,iPhone 16,iOS 26.1,TRUE,5eb8cfe2-f05f-b842-6d5c-af1a0bb9a86c,FALSE,63,53,T-Mobile
DEV00122,U0060,Laptop,HP,Spectre x360,Windows 11,FALSE,,,,94,
DEV00123,U0061,Smartphone,Apple,iPhone 16,iOS 26.1,TRUE,de86e1e1-d13f-0dde-5c34-ecd3e9467b88,FALSE,134,70,AT&T
DEV00124,U0061,Laptop,Dell,XPS 13,Windows 11,FALSE,,,,100,
DEV00125,U0062,Smartphone,Apple,iPhone 14,iOS 26.1,TRUE,e51a4055-cdd5-e472-8dab-2c3d6917faad,TRUE,122,48,Verizon
DEV00126,U0063,Smartphone,Apple,iPhone 15,iOS 26.1,TRUE,d54f1d5b-a681-906a-e4b1-7bad8d9bc7a6,FALSE,95,46,T-Mobile
DEV00127,U0063,Laptop,HP,Spectre x360,Windows 11,FALSE,,,,90,
DEV00128,U0064,Smartphone,Apple,iPhone 16,iOS 26.1,TRUE,c6424ce6-b31f-9f4a-d75b-19addaef0113,FALSE,98,68,Verizon
DEV00129,U0064,Laptop,Apple,MacBook Pro,macOS 26,FALSE,,,,76,
DEV00130,U0065,Smartphone,Google,Pixel 9,Android 16,TRUE,f4391fee-d02a-2601-90e2-628f0e720510,FALSE,64,59,AT&T
DEV00131,U0066,Smartphone,Apple,iPhone 15,iOS 26.1,TRUE,3eaee829-df92-0796-299a-8c1f519de20f,TRUE,145,40,Verizon
DEV00132,U0066,Tablet,Apple,iPad,iPadOS 26,FALSE,,,,100,
DEV00133,U0067,Smartphone,Google,Pixel 10,Android 15,TRUE,1ec1d58f-9ed5-8eda-69f8-2cf5209cfade,FALSE,113,34,Verizon
DEV00134,U0067,Laptop,HP,Spectre x360,Windows 11,FALSE,,,,85,
DEV00135,U0068,Smartphone,Apple,iPhone Air,iOS 26.1,TRUE,541c84d7-2333-628b-72ad-acb40730c9b5,TRUE,119,66,Verizon
DEV00136,U0068,Laptop,Microsoft,Surface Laptop,Windows 11,FALSE,,,,99,
DEV00137,U0069,Smartphone,Apple,iPhone 14,iOS 26.1,TRUE,2246180d-ff20-5582-11ab-28e985eb23f9,TRUE,53,56,Cricket
DEV00138,U0069,Laptop,Apple,MacBook Air,macOS 26,FALSE,,,,83,
DEV00139,U0069,Tablet,Apple,iPad Pro,iPadOS 26,FALSE,,,,89,
DEV00140,U0070,Smartphone,Apple,iPhone 15,iOS 26.1,TRUE,0141002f-b78e-eb5f-5509-55ea5a69fc84,TRUE,109,69,Verizon
DEV00141,U0070,Laptop,Microsoft,Surface Laptop,Windows 11,FALSE,,,,93,
DEV00142,U0070,Tablet,Samsung,Galaxy Tab S9,Android 16,FALSE,,,,77,
DEV00143,U0071,Smartphone,Apple,iPhone 15,iOS 26.1,TRUE,c407c42d-c0da-b8c8-d36c-a00cbdc0cd9a,FALSE,90,41,Verizon
DEV00144,U0071,Laptop,Apple,MacBook Pro,macOS 26,FALSE,,,,87,
DEV00145,U0072,Smartphone,Apple,iPhone 13,iOS 26.1,TRUE,6c5b65b7-39ed-3697-ad84-deabe8c748d2,FALSE,111,62,T-Mobile
DEV00146,U0072,Laptop,Apple,MacBook Air,macOS 26,FALSE,,,,88,
DEV00147,U0073,Smartphone,Google,Pixel 8a,Android 16,TRUE,0c72b228-e59c-5320-771b-4cc19299fd61,FALSE,102,62,AT&T
DEV00148,U0073,Laptop,Apple,MacBook Air,macOS 26,FALSE,,,,90,
DEV00149,U0074,Smartphone,Apple,iPhone 13,iOS 18.6,TRUE,0afe8928-5b53-11a7-f986-19aeb38b5d2d,FALSE,152,66,Verizon
DEV00150,U0074,Laptop,Apple,MacBook Air,macOS 26,FALSE,,,,79,
DEV00151,U0075,Smartphone,Apple,iPhone 15,iOS 26.1,TRUE,76f240c7-66d7-eaa5-7d6f-99b2b5556c86,FALSE,108,52,Verizon
DEV00152,U0076,Smartphone,Apple,iPhone 16,iOS 26.1,TRUE,549b8fe5-d86d-26ba-1527-2a773a7a8c6c,FALSE,142,48,Cricket
DEV00153,U0076,Tablet,Apple,iPad,iPadOS 26,FALSE,,,,82,
DEV00154,U0077,Smartphone,Apple,iPhone 16,iOS 26.1,TRUE,962e41f2-4154-62d5-6fce-c85f204fbffb,FALSE,128,54,Verizon
DEV00155,U0078,Smartphone,Samsung,Galaxy S25,Android 15,TRUE,fa1ff8ad-80e9-9a65-c37d-b87c10329ccd,TRUE,103,63,AT&T
DEV00156,U0078,Laptop,Apple,MacBook Air,macOS 26,FALSE,,,,86,
DEV00157,U0079,Smartphone,Apple,iPhone 15,iOS 26.1,TRUE,f4c2e779-b01f-12db-beed-aa5c160785c4,TRUE,122,64,T-Mobile
DEV00158,U0079,Laptop,Apple,MacBook Pro,macOS 26,FALSE,,,,93,
DEV00159,U0080,Smartphone,Apple,iPhone Air,iOS 26.1,TRUE,f92d1aec-2cbe-12f8-4f25-f370619305fd,TRUE,92,57,T-Mobile
DEV00160,U0081,Smartphone,Apple,iPhone 16,iOS 18.6,TRUE,8f9ad5c4-264a-283c-371d-d5572234d5da,TRUE,94,61,Verizon
DEV00161,U0081,Laptop,Apple,MacBook Pro,macOS 26,FALSE,,,,85,
DEV00162,U0082,Smartphone,Samsung,Galaxy S25,Android 15,TRUE,9a68a9a4-07bc-14e9-4812-ef6b83863708,TRUE,126,71,Visible
DEV00163,U0082,Laptop,Apple,MacBook Air,macOS 26,FALSE,,,,100,
DEV00164,U0083,Smartphone,Samsung,Galaxy S23,Android 16,TRUE,2cfb5571-e679-0fdc-10fc-388ff349a131,TRUE,114,70,Verizon
DEV00165,U0083,Laptop,Lenovo,Yoga Slim,Windows 11,FALSE,,,,92,
DEV00166,U0084,Smartphone,Apple,iPhone 17,iOS 26.1,TRUE,a7da184b-6543-f2ae-8318-8c866e89ad69,TRUE,145,49,Verizon
DEV00167,U0084,Laptop,Microsoft,Surface Laptop,Windows 11,FALSE,,,,82,
DEV00168,U0085,Smartphone,Apple,iPhone Air,iOS 18.6,TRUE,6b4d3f69-8167-049c-461c-7ae97e7a3f92,FALSE,78,66,Visible
DEV00169,U0085,Laptop,Apple,MacBook Air,macOS 26,FALSE,,,,97,
DEV00170,U0086,Smartphone,Google,Pixel 9,Android 15,TRUE,1b1d98df-2977-73df-5d62-f72868eb6a00,TRUE,94,57,Cricket
DEV00171,U0086,Laptop,Dell,XPS 13,Windows 11,FALSE,,,,85,
DEV00172,U0087,Smartphone,Apple,iPhone 15,iOS 26.1,TRUE,87612228-cb8e-5833-c95a-b61b66c7002e,FALSE,90,42,AT&T
DEV00173,U0087,Laptop,Dell,XPS 13,Windows 11,FALSE,,,,82,
DEV00174,U0088,Smartphone,Samsung,Galaxy A56,Android 16,TRUE,8e8d4046-367a-9791-b5ce-89afbff261a9,FALSE,158,63,Mint Mobile
DEV00175,U0088,Laptop,Apple,MacBook Air,macOS 26,FALSE,,,,78,
DEV00176,U0089,Smartphone,Apple,iPhone 13,iOS 26.1,TRUE,a957a8e8-7a41-b5a0-4a8e-082a93d20b0a,TRUE,106,90,Mint Mobile
DEV00177,U0089,Laptop,Apple,MacBook Pro,macOS 26,FALSE,,,,92,
DEV00178,U0090,Smartphone,Apple,iPhone 15,iOS 26.1,TRUE,c3f5c5b9-ce3d-2801-65bf-d3e4c6aef635,FALSE,164,73,T-Mobile
DEV00179,U0090,Laptop,Dell,XPS 13,Windows 11,FALSE,,,,86,
DEV00180,U0090,Tablet,Samsung,Galaxy Tab S9,Android 16,FALSE,,,,89,
DEV00181,U0091,Smartphone,Apple,iPhone 17,iOS 26.1,TRUE,fda9545a-0230-2db7-a604-db66bfede37b,FALSE,176,79,T-Mobile
DEV00182,U0092,Smartphone,Samsung,Galaxy A56,Android 15,TRUE,64f1cf65-6fa7-43f3-8666-dfb29fb3cb35,TRUE,148,78,Verizon
DEV00183,U0092,Laptop,HP,Spectre x360,Windows 11,FALSE,,,,77,
DEV00184,U0093,Smartphone,Apple,iPhone 16,iOS 26.1,TRUE,e8bca66d-2ff1-2d8e-9b77-dc941f7c416c,FALSE,113,64,T-Mobile
DEV00185,U0093,Laptop,Apple,MacBook Air,macOS 26,FALSE,,,,83,
DEV00186,U0094,Smartphone,Apple,iPhone 13,iOS 26.1,TRUE,12d2c216-4016-1cb2-8064-85b39f8fea20,FALSE,114,68,T-Mobile
DEV00187,U0094,Laptop,Apple,MacBook Pro,macOS 26,FALSE,,,,84,
DEV00188,U0095,Smartphone,Apple,iPhone Air,iOS 26.1,TRUE,67db8455-b93c-c70b-e9d4-e6ac5cff4bce,TRUE,80,67,Mint Mobile
DEV00189,U0095,Laptop,Apple,MacBook Pro,macOS 26,FALSE,,,,94,
DEV00190,U0095,Tablet,Apple,iPad,iPadOS 26,FALSE,,,,87,
DEV00191,U0096,Smartphone,Apple,iPhone 13,iOS 26.1,TRUE,b2698f7f-7257-7822-c4bc-df8413a315f5,TRUE,29,64,Cricket
DEV00192,U0096,Laptop,Apple,MacBook Pro,macOS 26,FALSE,,,,89,
DEV00193,U0097,Smartphone,Apple,iPhone 14,iOS 26.1,TRUE,162e7763-c9b4-17b8-ae8b-14683714cc03,TRUE,90,76,T-Mobile
DEV00194,U0097,Laptop,Apple,MacBook Air,macOS 26,FALSE,,,,93,
DEV00195,U0098,Smartphone,Apple,iPhone 14,iOS 26.1,TRUE,cd783bdf-6f44-84b8-43e7-1ed7d09b4a6c,TRUE,76,38,AT&T
DEV00196,U0098,Laptop,Apple,MacBook Pro,macOS 26,FALSE,,,,74,
DEV00197,U0099,Smartphone,Apple,iPhone 15,iOS 18.6,TRUE,1ef5fdec-d81f-4772-61ea-7dc269bab3cc,TRUE,113,52,T-Mobile
DEV00198,U0099,Laptop,Apple,MacBook Air,macOS 26,FALSE,,,,79,
DEV00199,U0099,Tablet,Apple,iPad Air,iPadOS 26,FALSE,,,,89,
DEV00200,U0100,Smartphone,Apple,iPhone 16,iOS 26.1,TRUE,91def07e-9ec8-670c-5b9f-4fd7560b45a5,FALSE,128,52,AT&T
DEV00201,U0100,Laptop,Apple,MacBook Air,macOS 26,FALSE,,,,94,
DEV00202,U0101,Smartphone,Samsung,Galaxy S23,Android 15,TRUE,7d5321da-a56b-090f-107b-039a79633a43,TRUE,138,76,AT&T
DEV00203,U0101,Laptop,Apple,MacBook Pro,macOS 26,FALSE,,,,86,
DEV00204,U0101,Tablet,Apple,iPad,iPadOS 26,FALSE,,,,83,
DEV00205,U0102,Smartphone,Apple,iPhone 14,iOS 18.6,TRUE,aec6b0d9-75fc-e10b-36d2-49205c7e53b3,FALSE,127,52,T-Mobile
DEV00206,U0102,Laptop,Apple,MacBook Air,macOS 26,FALSE,,,,79,
DEV00207,U0103,Smartphone,Apple,iPhone 15,iOS 26.1,TRUE,c1afbc48-6827-893b-3c1d-dfd3e26a6ffa,FALSE,93,81,Verizon
DEV00208,U0104,Smartphone,Samsung,Galaxy S23,Android 16,TRUE,71617452-46b4-e3a5-f4e1-f0a61d21f53f,TRUE,139,69,Visible
DEV00209,U0104,Laptop,Apple,MacBook Air,macOS 26,FALSE,,,,79,
DEV00210,U0105,Smartphone,Samsung,Galaxy S24,Android 16,TRUE,4e8efab5-f419-7956-860c-afa7803e06cd,FALSE,58,60,Verizon
DEV00211,U0105,Laptop,Dell,XPS 13,Windows 11,FALSE,,,,86,
DEV00212,U0106,Smartphone,Apple,iPhone 16,iOS 26.1,TRUE,c312bcb7-b3f6-f7eb-cbfb-6b04e863780e,FALSE,169,68,Verizon
DEV00213,U0106,Laptop,HP,Spectre x360,Windows 11,FALSE,,,,98,
DEV00214,U0107,Smartphone,Apple,iPhone Air,iOS 18.6,TRUE,eb27258c-1523-ce36-80ef-308a918a53d3,TRUE,143,54,Mint Mobile
DEV00215,U0107,Laptop,Apple,MacBook Pro,macOS 26,FALSE,,,,89,
DEV00216,U0108,Smartphone,Apple,iPhone 13,iOS 26.1,TRUE,75ecd445-b143-fa0b-e5b3-78146d5213d4,FALSE,138,43,Verizon
DEV00217,U0109,Smartphone,Apple,iPhone 16,iOS 26.1,TRUE,c8059f54-3cec-3f80-113c-ff7f0278acfe,FALSE,102,41,T-Mobile
DEV00218,U0109,Laptop,Dell,XPS 13,Windows 11,FALSE,,,,85,
DEV00219,U0110,Smartphone,Apple,iPhone Air,iOS 18.6,TRUE,0487b422-9031-708c-5cf4-540447e70d22,FALSE,145,60,AT&T
DEV00220,U0110,Laptop,Dell,XPS 13,Windows 11,FALSE,,,,83,
DEV00221,U0111,Smartphone,Apple,iPhone 15,iOS 26.1,TRUE,7dec2f4c-8fcc-5658-d85a-71462905c277,TRUE,93,75,Mint Mobile
DEV00222,U0111,Tablet,Apple,iPad Air,iPadOS 26,FALSE,,,,88,
DEV00223,U0112,Smartphone,Apple,iPhone 16,iOS 26.1,TRUE,622ed92d-4c6a-5e4e-59cc-e5577efd66eb,TRUE,105,48,T-Mobile
DEV00224,U0112,Laptop,Apple,MacBook Air,macOS 26,FALSE,,,,81,
DEV00225,U0112,Tablet,Apple,iPad,iPadOS 26,FALSE,,,,78,
DEV00226,U0113,Smartphone,Apple,iPhone 15,iOS 18.6,TRUE,a9e28267-3250-6f8e-8e00-9d289ce80032,TRUE,91,32,Verizon
DEV00227,U0113,Laptop,Apple,MacBook Air,macOS 26,FALSE,,,,83,
DEV00228,U0113,Tablet,Apple,iPad Pro,iPadOS 26,FALSE,,,,100,
DEV00229,U0114,Smartphone,Apple,iPhone Air,iOS 26.1,TRUE,6674fa18-1e1d-3921-68db-fc8f62819d6f,FALSE,78,79,AT&T
DEV00230,U0114,Laptop,Apple,MacBook Pro,macOS 26,FALSE,,,,87,
DEV00231,U0115,Smartphone,Apple,iPhone 13,iOS 18.6,TRUE,de0242ae-87a2-c5ec-c899-2c597113057a,FALSE,93,57,AT&T
DEV00232,U0115,Laptop,Lenovo,Yoga Slim,Windows 11,FALSE,,,,93,
DEV00233,U0116,Smartphone,Apple,iPhone 15,iOS 26.1,TRUE,0dfcdaee-5ffe-fcca-29a9-c0ea57c71a76,FALSE,126,53,Mint Mobile
DEV00234,U0116,Laptop,Microsoft,Surface Laptop,Windows 11,FALSE,,,,96,
DEV00235,U0117,Smartphone,Samsung,Galaxy A56,Android 16,TRUE,3b1b739f-b65e-cc54-315d-5106a6865988,TRUE,97,43,Mint Mobile
DEV00236,U0117,Laptop,Dell,XPS 13,Windows 11,FALSE,,,,85,
DEV00237,U0118,Smartphone,Google,Pixel 10,Android 16,TRUE,3b9c1fd6-60a3-b8aa-17c1-86738fc94b31,TRUE,154,58,Cricket
DEV00238,U0118,Laptop,Apple,MacBook Pro,macOS 26,FALSE,,,,87,
DEV00239,U0119,Smartphone,Apple,iPhone 14,iOS 18.6,TRUE,e41e1a6f-f955-c43b-8b1a-591efaf8c419,FALSE,103,68,T-Mobile
DEV00240,U0119,Laptop,Microsoft,Surface Laptop,Windows 11,FALSE,,,,95,
DEV00241,U0120,Smartphone,Motorola,Moto G Power,Android 16,TRUE,0b10cb00-a1b8-e257-13ae-52e049c3faae,TRUE,193,59,US Cellular
DEV00242,U0120,Laptop,Apple,MacBook Pro,macOS 26,FALSE,,,,87,
DEV00243,U0120,Tablet,Apple,iPad Air,iPadOS 26,FALSE,,,,88,
DEV00244,U0121,Smartphone,Apple,iPhone 16,iOS 26.1,TRUE,efa3145f-450a-d404-afaf-3dd8f4487ce0,FALSE,126,62,Verizon
DEV00245,U0121,Laptop,Dell,XPS 13,Windows 11,FALSE,,,,86,
DEV00246,U0122,Smartphone,Apple,iPhone 15,iOS 26.1,TRUE,901b5c98-80d8-5f89-610b-17c81ded09a4,FALSE,99,47,Verizon
DEV00247,U0123,Smartphone,Apple,iPhone 16,iOS 18.6,TRUE,ad9a3096-648c-aa6e-24d7-8a252321f6ef,FALSE,107,48,T-Mobile
DEV00248,U0124,Smartphone,Apple,iPhone 15,iOS 26.1,TRUE,e18f416f-33fa-362f-eb41-f7f47de99430,FALSE,95,61,Verizon
DEV00249,U0124,Tablet,Apple,iPad,iPadOS 26,FALSE,,,,94,
DEV00250,U0125,Smartphone,Apple,iPhone 13,iOS 18.6,TRUE,f5f1b7c3-15c0-7fca-a424-2bec8ea2828c,FALSE,175,75,Verizon
DEV00251,U0125,Laptop,Apple,MacBook Air,macOS 26,FALSE,,,,92,
DEV00252,U0126,Smartphone,Apple,iPhone 13,iOS 26.1,TRUE,75adf483-8b29-0536-c0b5-497bd66e7dd7,FALSE,114,52,Cricket
DEV00253,U0126,Laptop,Apple,MacBook Air,macOS 26,FALSE,,,,77,
DEV00254,U0127,Smartphone,Apple,iPhone 16,iOS 18.6,TRUE,4ed66f17-c54a-cca8-55e1-c8ef9d84e34e,FALSE,155,78,T-Mobile
DEV00255,U0127,Laptop,Dell,XPS 13,Windows 11,FALSE,,,,81,
DEV00256,U0127,Tablet,Apple,iPad,iPadOS 26,FALSE,,,,81,
DEV00257,U0128,Smartphone,Apple,iPhone 14,iOS 26.1,TRUE,a98ffc65-8140-379c-13b2-232b2c1d369f,FALSE,146,53,Visible
DEV00258,U0128,Laptop,Apple,MacBook Pro,macOS 26,FALSE,,,,93,
DEV00259,U0128,Tablet,Apple,iPad Pro,iPadOS 26,FALSE,,,,98,
DEV00260,U0129,Smartphone,Samsung,Galaxy A56,Android 16,TRUE,6f59f7f0-ee53-3e28-ace5-5a6f7ae9132b,TRUE,104,51,AT&T
DEV00261,U0129,Laptop,Apple,MacBook Pro,macOS 26,FALSE,,,,87,
DEV00262,U0130,Smartphone,Apple,iPhone 14,iOS 18.6,TRUE,164329c7-f344-3e6b-9936-70acd6a29ad5,FALSE,128,67,Verizon
DEV00263,U0131,Smartphone,Samsung,Galaxy S24,Android 16,TRUE,e038599f-c140-7ab2-9dac-3eb8d95e1d03,TRUE,113,60,AT&T
DEV00264,U0131,Laptop,Apple,MacBook Pro,macOS 26,FALSE,,,,85,
DEV00265,U0131,Tablet,Apple,iPad,iPadOS 26,FALSE,,,,92,
DEV00266,U0132,Smartphone,Apple,iPhone 16,iOS 26.1,TRUE,2f289094-10af-475d-ed83-f7694b1e4a6f,FALSE,128,65,Verizon
DEV00267,U0132,Laptop,Apple,MacBook Air,macOS 26,FALSE,,,,91,
DEV00268,U0133,Smartphone,Apple,iPhone 17,iOS 26.1,TRUE,3fcc3fc0-0872-3068-99e5-ac158da90eaf,FALSE,131,56,T-Mobile
DEV00269,U0133,Laptop,ASUS,Gaming Laptop,Windows 11,FALSE,,,,89,
DEV00270,U0134,Smartphone,Apple,iPhone 16,iOS 26.1,TRUE,d6049e98-0a23-4bf8-d281-d8ccfe42828b,TRUE,157,65,Visible
DEV00271,U0134,Laptop,Apple,MacBook Air,macOS 26,FALSE,,,,84,
DEV00272,U0135,Smartphone,Apple,iPhone 14,iOS 26.1,TRUE,1da38520-2647-06d6-b247-952c158740a1,TRUE,98,82,T-Mobile
DEV00273,U0135,Laptop,Dell,XPS 13,Windows 11,FALSE,,,,80,
DEV00274,U0135,Tablet,Samsung,Galaxy Tab S9,Android 16,FALSE,,,,88,
DEV00275,U0136,Smartphone,Apple,iPhone 15,iOS 26.1,TRUE,09fb4a86-c257-a7f3-805a-97c70498bc5d,FALSE,155,83,AT&T
DEV00276,U0136,Laptop,Dell,XPS 13,Windows 11,FALSE,,,,93,
DEV00277,U0137,Smartphone,Apple,iPhone 15,iOS 26.1,TRUE,aa265aeb-50df-6379-cbac-af2e36edadc6,TRUE,198,58,Verizon
DEV00278,U0137,Laptop,Apple,MacBook Pro,macOS 26,FALSE,,,,87,
DEV00279,U0138,Smartphone,Apple,iPhone 16,iOS 26.1,TRUE,e1d5e904-9bfd-f2c2-8895-6f56e6350f26,FALSE,110,50,AT&T
DEV00280,U0138,Laptop,Apple,MacBook Air,macOS 26,FALSE,,,,97,
DEV00281,U0139,Smartphone,Apple,iPhone 15,iOS 18.6,TRUE,99226886-ba15-f9f8-454d-df30030910a5,FALSE,159,82,T-Mobile
DEV00282,U0139,Laptop,Apple,MacBook Air,macOS 26,FALSE,,,,88,
DEV00283,U0140,Smartphone,Motorola,Motorola Edge,Android 16,TRUE,8fa195f4-8624-a722-2c5b-e9ec9985864f,TRUE,157,44,Verizon
DEV00284,U0140,Laptop,Apple,MacBook Pro,macOS 26,FALSE,,,,98,
DEV00285,U0141,Smartphone,Apple,iPhone 16,iOS 26.1,TRUE,a5388904-f3fa-9bd0-666a-ec6bb808257f,TRUE,111,64,US Cellular
DEV00286,U0141,Laptop,Apple,MacBook Air,macOS 26,FALSE,,,,94,
DEV00287,U0142,Smartphone,Samsung,Galaxy S25,Android 16,TRUE,b7840911-c96d-fe2c-e209-9a011ce832de,TRUE,87,63,Verizon
DEV00288,U0142,Laptop,Apple,MacBook Pro,macOS 26,FALSE,,,,84,
DEV00289,U0142,Tablet,Apple,iPad,iPadOS 26,FALSE,,,,100,
DEV00290,U0143,Smartphone,Apple,iPhone 15,iOS 26.1,TRUE,67cdd748-946a-142b-f96e-86e03e22d4f7,FALSE,116,69,Verizon
DEV00291,U0144,Smartphone,Apple,iPhone 15,iOS 26.1,TRUE,cf3f0478-dd5c-603d-a559-5e2f42be545f,FALSE,111,56,T-Mobile
DEV00292,U0144,Laptop,Lenovo,Yoga Slim,Windows 11,FALSE,,,,87,
DEV00293,U0144,Tablet,Apple,iPad,iPadOS 26,FALSE,,,,85,
DEV00294,U0145,Smartphone,Apple,iPhone 14,iOS 18.6,TRUE,eb72c34b-40be-dfcd-ef18-2394d454a7b5,FALSE,140,71,Cricket
DEV00295,U0146,Smartphone,Apple,iPhone 16,iOS 26.1,TRUE,b5205cf9-c931-1ccf-21f2-471c3e5e18ff,FALSE,140,64,Verizon
DEV00296,U0146,Laptop,HP,Spectre x360,Windows 11,FALSE,,,,83,
DEV00297,U0146,Tablet,Apple,iPad Air,iPadOS 26,FALSE,,,,90,
DEV00298,U0147,Smartphone,Apple,iPhone 17,iOS 18.6,TRUE,4ca5ad23-78d2-33b6-bfde-e417f86778ec,FALSE,126,55,Verizon
DEV00299,U0147,Laptop,Apple,MacBook Pro,macOS 26,FALSE,,,,91,
DEV00300,U0148,Smartphone,Apple,iPhone 15,iOS 18.6,TRUE,7669d825-825d-d82d-04bd-c9b9df448f56,TRUE,88,60,AT&T
DEV00301,U0148,Laptop,Dell,XPS 13,Windows 11,FALSE,,,,87,
DEV00302,U0149,Smartphone,Apple,iPhone 15,iOS 18.6,TRUE,33791fec-e98e-8fe3-1b51-fa6d612e3e1b,FALSE,145,43,T-Mobile
DEV00303,U0149,Laptop,Apple,MacBook Pro,macOS 26,FALSE,,,,88,
DEV00304,U0150,Smartphone,Apple,iPhone 15,iOS 18.6,TRUE,ae9fd231-cf98-c217-064d-a556a670ff27,FALSE,104,62,US Cellular
DEV00305,U0150,Laptop,Apple,MacBook Air,macOS 26,FALSE,,,,84,
DEV00306,U0151,Smartphone,Apple,iPhone 15,iOS 26.1,TRUE,62dfca05-b1a2-77af-00d8-d476730d7a11,TRUE,109,60,T-Mobile
DEV00307,U0151,Laptop,Lenovo,Yoga Slim,Windows 11,FALSE,,,,92,
DEV00308,U0152,Smartphone,Apple,iPhone 13,iOS 26.1,TRUE,d86f92c1-b7eb-0a00-9dc7-710d71184885,TRUE,85,66,Mint Mobile
DEV00309,U0152,Laptop,Apple,MacBook Pro,macOS 26,FALSE,,,,93,
DEV00310,U0153,Smartphone,Apple,iPhone 14,iOS 26.1,TRUE,9a9d13e6-29b4-a075-a2af-7db8bc55c1aa,FALSE,114,52,T-Mobile
DEV00311,U0153,Laptop,Apple,MacBook Air,macOS 26,FALSE,,,,89,
DEV00312,U0154,Smartphone,Samsung,Galaxy S25,Android 15,TRUE,023a8dd5-59ed-41a4-6ee6-733b6b9e8361,TRUE,131,75,Visible
DEV00313,U0154,Laptop,Lenovo,Yoga Slim,Windows 11,FALSE,,,,89,
DEV00314,U0155,Smartphone,Google,Pixel 10,Android 16,TRUE,db2178e8-67c6-2f4f-9221-595848e17c5a,TRUE,111,63,T-Mobile
DEV00315,U0155,Tablet,Apple,iPad Air,iPadOS 26,FALSE,,,,97,
DEV00316,U0156,Smartphone,Apple,iPhone 16,iOS 26.1,TRUE,74eab33d-348c-d411-9dcf-aab2a6f79c74,FALSE,143,31,T-Mobile
DEV00317,U0156,Laptop,Apple,MacBook Air,macOS 26,FALSE,,,,90,
DEV00318,U0156,Tablet,Apple,iPad Air,iPadOS 26,FALSE,,,,97,
DEV00319,U0157,Smartphone,Google,Pixel 8a,Android 16,TRUE,99e9fc9f-d073-845a-f087-b6451ad1523d,TRUE,132,61,AT&T
DEV00320,U0158,Smartphone,Google,Pixel 9,Android 16,TRUE,82135925-6ed0-cc3e-762f-e05def78316b,FALSE,144,77,Visible
DEV00321,U0158,Laptop,Apple,MacBook Air,macOS 26,FALSE,,,,71,
DEV00322,U0159,Smartphone,Apple,iPhone 15,iOS 26.1,TRUE,f1e07d55-4306-f83e-cecb-70c5d5acb4f6,FALSE,93,48,Visible
DEV00323,U0159,Laptop,Microsoft,Surface Laptop,Windows 11,FALSE,,,,96,
DEV00324,U0160,Smartphone,Apple,iPhone 13,iOS 26.1,TRUE,94c137dd-5aba-919e-5778-8e21d294b265,FALSE,170,56,Mint Mobile
DEV00325,U0160,Laptop,Lenovo,Yoga Slim,Windows 11,FALSE,,,,75,
DEV00326,U0161,Smartphone,Samsung,Galaxy S25,Android 15,TRUE,3603ff36-e8c1-2214-5a3d-7d5719a0afad,TRUE,115,51,AT&T
DEV00327,U0162,Smartphone,Apple,iPhone 13,iOS 18.6,TRUE,e5b015d0-33ef-d8c9-020a-212ba513fdd9,FALSE,129,69,Verizon
DEV00328,U0162,Laptop,Apple,MacBook Air,macOS 26,FALSE,,,,87,
DEV00329,U0163,Smartphone,Apple,iPhone 15,iOS 26.1,TRUE,505b9cb4-233f-752a-94c2-074c01417dca,FALSE,131,67,Verizon
DEV00330,U0163,Laptop,Microsoft,Surface Laptop,Windows 11,FALSE,,,,100,
DEV00331,U0164,Smartphone,Apple,iPhone 14,iOS 26.1,TRUE,767b8dfc-ed59-634d-0534-ceceecb412b0,FALSE,110,71,Verizon
DEV00332,U0164,Tablet,Samsung,Galaxy Tab S9,Android 16,FALSE,,,,90,
DEV00333,U0165,Smartphone,Apple,iPhone 15,iOS 26.1,TRUE,5e811e2b-df04-6e5e-eac9-bac09f927640,FALSE,128,87,T-Mobile
DEV00334,U0165,Laptop,Lenovo,Yoga Slim,Windows 11,FALSE,,,,90,
DEV00335,U0166,Smartphone,Apple,iPhone 16,iOS 26.1,TRUE,6c50f287-edf5-a81c-f395-dbe87964ffba,FALSE,93,71,Verizon
DEV00336,U0167,Smartphone,Apple,iPhone 13,iOS 26.1,TRUE,5683ff30-c2e8-fcb1-4963-92a04a6ebaf8,TRUE,81,60,AT&T
DEV00337,U0167,Laptop,Lenovo,Yoga Slim,Windows 11,FALSE,,,,100,
DEV00338,U0167,Tablet,Apple,iPad,iPadOS 26,FALSE,,,,100,
DEV00339,U0168,Smartphone,Apple,iPhone 15,iOS 26.1,TRUE,830288ff-899c-b943-3087-3230626fea7a,TRUE,67,68,US Cellular
DEV00340,U0168,Tablet,Apple,iPad,iPadOS 26,FALSE,,,,91,
DEV00341,U0169,Smartphone,Apple,iPhone 15,iOS 26.1,TRUE,5beb81eb-8b50-f2c8-4f09-b19c910aa203,FALSE,119,57,T-Mobile
DEV00342,U0169,Laptop,Apple,MacBook Pro,macOS 26,FALSE,,,,91,
DEV00343,U0170,Smartphone,Samsung,Galaxy S25,Android 15,TRUE,adb42e99-eec8-31fd-b1ef-cd0076fa6324,FALSE,89,50,Verizon
DEV00344,U0170,Laptop,Apple,MacBook Pro,macOS 26,FALSE,,,,73,
DEV00345,U0171,Smartphone,Google,Pixel 9,Android 16,TRUE,36b30b8a-0660-1ef8-51e5-4fac76ec3262,TRUE,129,66,Cricket
DEV00346,U0171,Laptop,Apple,MacBook Pro,macOS 26,FALSE,,,,94,
DEV00347,U0172,Smartphone,Apple,iPhone Air,iOS 26.1,TRUE,651f02f4-076d-fca4-3737-0a66a9a844bb,FALSE,127,65,T-Mobile
DEV00348,U0172,Laptop,Dell,XPS 13,Windows 11,FALSE,,,,86,
DEV00349,U0173,Smartphone,Motorola,Moto G Power,Android 16,TRUE,cf17c6c5-6131-ef0a-4bbc-8599152c2afc,TRUE,135,53,Mint Mobile
DEV00350,U0173,Laptop,Microsoft,Surface Laptop,Windows 11,FALSE,,,,79,
DEV00351,U0173,Tablet,Apple,iPad,iPadOS 26,FALSE,,,,90,
DEV00352,U0174,Smartphone,Apple,iPhone 16,iOS 26.1,TRUE,c2f1db8c-4a98-b0c3-1d83-942a1fa9248f,FALSE,115,71,Verizon
DEV00353,U0175,Smartphone,Apple,iPhone 14,iOS 18.6,TRUE,ae7b69d7-2433-6ca3-196b-945a7a2627c0,FALSE,162,79,Visible
DEV00354,U0175,Laptop,Apple,MacBook Air,macOS 26,FALSE,,,,98,
DEV00355,U0176,Smartphone,Apple,iPhone 14,iOS 18.6,TRUE,2999db14-bca3-3314-ce63-e3e74b0912a3,FALSE,145,80,Verizon
DEV00356,U0176,Laptop,Apple,MacBook Pro,macOS 26,FALSE,,,,92,
DEV00357,U0177,Smartphone,Samsung,Galaxy S24,Android 16,TRUE,685a219c-8e12-cfdc-1d0f-48dd494a34a0,FALSE,94,53,Visible
DEV00358,U0177,Laptop,Apple,MacBook Pro,macOS 26,FALSE,,,,83,
DEV00359,U0178,Smartphone,Apple,iPhone 15,iOS 26.1,TRUE,3963c42a-0d09-4223-4cdb-8060fd675591,FALSE,94,68,T-Mobile
DEV00360,U0178,Laptop,HP,Spectre x360,Windows 11,FALSE,,,,75,
DEV00361,U0179,Smartphone,Apple,iPhone 15,iOS 26.1,TRUE,c3cae9e5-a9c7-a05d-bc6e-daf3f2df1889,FALSE,88,73,Mint Mobile
DEV00362,U0179,Laptop,Lenovo,Yoga Slim,Windows 11,FALSE,,,,100,
DEV00363,U0180,Smartphone,Apple,iPhone 16,iOS 26.1,TRUE,7de55d63-789d-7fac-5287-307f360a68a6,FALSE,126,78,Mint Mobile
DEV00364,U0180,Laptop,HP,Spectre x360,Windows 11,FALSE,,,,100,
DEV00365,U0181,Smartphone,Apple,iPhone 16,iOS 26.1,TRUE,09b82d99-f31d-56a4-8e41-c2f479fd3b0e,FALSE,149,78,Verizon
DEV00366,U0181,Laptop,Lenovo,Yoga Slim,Windows 11,FALSE,,,,87,
DEV00367,U0181,Tablet,Samsung,Galaxy Tab S9,Android 16,FALSE,,,,98,
DEV00368,U0182,Smartphone,Samsung,Galaxy S25,Android 16,TRUE,5d3c1b9d-ff7a-214f-b2a2-3b7b4332ee02,TRUE,156,49,T-Mobile
DEV00369,U0182,Laptop,HP,Spectre x360,Windows 11,FALSE,,,,85,
DEV00370,U0183,Smartphone,Samsung,Galaxy S24,Android 16,TRUE,e89cda22-5def-29ea-8d77-23e12c942528,TRUE,147,55,Visible
DEV00371,U0183,Laptop,Dell,XPS 13,Windows 11,FALSE,,,,94,
DEV00372,U0184,Smartphone,Google,Pixel 9,Android 15,TRUE,71b73342-9f1a-53b6-6ea1-c2f7bedfad4e,TRUE,136,57,Visible
DEV00373,U0184,Laptop,Lenovo,Yoga Slim,Windows 11,FALSE,,,,98,
DEV00374,U0185,Smartphone,Apple,iPhone 16,iOS 26.1,TRUE,00052cf4-97b8-294f-c0c9-e1428d0dc948,FALSE,173,70,Cricket
DEV00375,U0185,Laptop,Apple,MacBook Air,macOS 26,FALSE,,,,89,
DEV00376,U0185,Tablet,Samsung,Galaxy Tab S9,Android 16,FALSE,,,,80,
DEV00377,U0186,Smartphone,Apple,iPhone 15,iOS 26.1,TRUE,a451481c-00bf-7745-b741-a1a59ec47b7a,FALSE,145,66,AT&T
DEV00378,U0186,Laptop,Dell,XPS 13,Windows 11,FALSE,,,,92,
DEV00379,U0187,Smartphone,Samsung,Galaxy A56,Android 16,TRUE,e8be84f1-058d-fa13-2865-3e1404a44132,TRUE,77,53,T-Mobile
DEV00380,U0187,Laptop,Lenovo,Gaming Laptop,Windows 11,FALSE,,,,89,
DEV00381,U0188,Smartphone,Apple,iPhone 16,iOS 18.6,TRUE,617e67c7-5d8b-c146-65ff-55d6852e90d1,FALSE,122,64,Mint Mobile
DEV00382,U0188,Laptop,Apple,MacBook Air,macOS 26,FALSE,,,,74,
DEV00383,U0188,Tablet,Samsung,Galaxy Tab S9,Android 16,FALSE,,,,84,
DEV00384,U0189,Smartphone,Apple,iPhone 15,iOS 26.1,TRUE,cabd57bc-3b52-4b64-38d4-f4cfd31c873b,FALSE,152,46,T-Mobile
DEV00385,U0189,Laptop,HP,Spectre x360,Windows 11,FALSE,,,,72,
DEV00386,U0190,Smartphone,Google,Pixel 9,Android 16,TRUE,318d1d87-748b-8f02-4923-c8374ecffd9e,FALSE,139,81,AT&T
DEV00387,U0190,Laptop,HP,Spectre x360,Windows 11,FALSE,,,,83,
DEV00388,U0191,Smartphone,Samsung,Galaxy S25,Android 16,TRUE,b3bda9c5-6d4f-8540-02e3-b7375bd908b8,TRUE,108,61,Verizon
DEV00389,U0191,Laptop,HP,Spectre x360,Windows 11,FALSE,,,,85,
DEV00390,U0192,Smartphone,Apple,iPhone 15,iOS 18.6,TRUE,d13b13a7-caaf-67f3-dfdb-4d8777f5f81c,TRUE,88,59,AT&T
DEV00391,U0192,Laptop,Microsoft,Surface Laptop,Windows 11,FALSE,,,,87,
DEV00392,U0193,Smartphone,Apple,iPhone Air,iOS 18.6,TRUE,df916ec2-b267-d31f-4841-b5c902852a2b,FALSE,122,50,AT&T
DEV00393,U0193,Laptop,Apple,MacBook Pro,macOS 26,FALSE,,,,91,
DEV00394,U0193,Tablet,Apple,iPad,iPadOS 26,FALSE,,,,80,
DEV00395,U0194,Smartphone,Samsung,Galaxy A56,Android 15,TRUE,4b1b9a9a-ff0b-894b-ce16-14e85cbf7efe,TRUE,92,83,Verizon
DEV00396,U0194,Laptop,Apple,MacBook Air,macOS 26,FALSE,,,,86,
DEV00397,U0194,Tablet,Samsung,Galaxy Tab S9,Android 16,FALSE,,,,95,
DEV00398,U0195,Smartphone,Apple,iPhone 15,iOS 26.1,TRUE,6b6a473b-f74f-08ab-0bbf-c8e1c0d0ba62,FALSE,145,66,Verizon
DEV00399,U0195,Laptop,Apple,MacBook Pro,macOS 26,FALSE,,,,95,
DEV00400,U0196,Smartphone,Apple,iPhone 16,iOS 26.1,TRUE,5c2a149e-168b-c251-c885-b404cdc94350,FALSE,189,39,Verizon
DEV00401,U0197,Smartphone,Apple,iPhone 16,iOS 18.6,TRUE,20e4756a-7b8c-96a7-c7ff-cd89b6320f07,FALSE,122,72,AT&T
DEV00402,U0197,Laptop,Apple,MacBook Pro,macOS 26,FALSE,,,,82,
DEV00403,U0198,Smartphone,Apple,iPhone 16,iOS 26.1,TRUE,8827f957-66b3-1ff2-4977-0d81ff6757bc,FALSE,123,66,T-Mobile
DEV00404,U0198,Laptop,Dell,XPS 13,Windows 11,FALSE,,,,87,
DEV00405,U0198,Tablet,Apple,iPad,iPadOS 26,FALSE,,,,94,
DEV00406,U0199,Smartphone,Apple,iPhone Air,iOS 26.1,TRUE,b8571c08-a7f7-a584-63ab-7e4be7959cc0,FALSE,125,69,T-Mobile
DEV00407,U0199,Laptop,HP,Spectre x360,Windows 11,FALSE,,,,93,
DEV00408,U0200,Smartphone,Apple,iPhone 15,iOS 26.1,TRUE,c1764194-99ea-1780-0b9c-5207ad7ba4af,FALSE,166,57,Cricket
DEV00409,U0200,Laptop,Apple,MacBook Pro,macOS 26,FALSE,,,,86,
DEV00410,U0200,Tablet,Apple,iPad,iPadOS 26,FALSE,,,,100,
DEV00411,U0201,Smartphone,Samsung,Galaxy S25,Android 16,TRUE,d44e9d05-2512-e1ad-0732-b7f388007962,TRUE,142,49,T-Mobile
DEV00412,U0201,Laptop,Apple,MacBook Pro,macOS 26,FALSE,,,,96,
DEV00413,U0202,Smartphone,Samsung,Galaxy S24,Android 16,TRUE,9d907bfb-2d39-e17e-cf0a-c57157827da0,TRUE,118,57,AT&T
DEV00414,U0202,Laptop,Apple,MacBook Air,macOS 26,FALSE,,,,100,
DEV00415,U0202,Tablet,Apple,iPad Pro,iPadOS 26,FALSE,,,,95,
DEV00416,U0203,Smartphone,Apple,iPhone 14,iOS 26.1,TRUE,681b252d-537d-5f71-464b-4f6093ec5805,FALSE,194,65,Mint Mobile
DEV00417,U0203,Laptop,HP,Spectre x360,Windows 11,FALSE,,,,88,
DEV00418,U0203,Tablet,Apple,iPad Air,iPadOS 26,FALSE,,,,90,
DEV00419,U0204,Smartphone,Apple,iPhone 14,iOS 18.6,TRUE,5db8ed5b-2929-34c9-88e7-e9df835b40ce,FALSE,75,45,AT&T
DEV00420,U0204,Laptop,Microsoft,Surface Laptop,Windows 11,FALSE,,,,91,
DEV00421,U0204,Tablet,Apple,iPad,iPadOS 26,FALSE,,,,75,
DEV00422,U0205,Smartphone,Apple,iPhone 14,iOS 26.1,TRUE,3a6bb7dd-b5c9-ea5a-9434-5c5d9592562b,TRUE,98,87,Visible
DEV00423,U0205,Laptop,Apple,MacBook Air,macOS 26,FALSE,,,,93,
DEV00424,U0206,Smartphone,Apple,iPhone 17,iOS 18.6,TRUE,32010469-b938-b4a8-5e3a-f7e437b8d62c,FALSE,87,60,Visible
DEV00425,U0206,Laptop,HP,Spectre x360,Windows 11,FALSE,,,,93,
DEV00426,U0207,Smartphone,Apple,iPhone 14,iOS 18.6,TRUE,f55fd198-c95d-6dc3-0002-3aefd2bd76c7,FALSE,128,57,Verizon
DEV00427,U0207,Laptop,Apple,MacBook Air,macOS 26,FALSE,,,,89,
DEV00428,U0208,Smartphone,Apple,iPhone 17,iOS 26.1,TRUE,fa425418-b1eb-3b3b-8ec5-7e21ef48eb8c,FALSE,140,79,AT&T
DEV00429,U0208,Laptop,Apple,MacBook Air,macOS 26,FALSE,,,,86,
DEV00430,U0209,Smartphone,Apple,iPhone 16,iOS 26.1,TRUE,6a06df89-b37c-59c1-3c9b-7ff6b610f9f5,TRUE,134,48,Verizon
DEV00431,U0209,Laptop,Apple,MacBook Air,macOS 26,FALSE,,,,90,
DEV00432,U0210,Smartphone,Apple,iPhone 16,iOS 26.1,TRUE,3965615d-e4a6-4606-c299-3b9aa8d171fd,TRUE,120,56,Verizon
DEV00433,U0210,Laptop,Apple,MacBook Pro,macOS 26,FALSE,,,,86,
DEV00434,U0210,Tablet,Samsung,Galaxy Tab S9,Android 16,FALSE,,,,88,
DEV00435,U0211,Smartphone,Samsung,Galaxy A56,Android 16,TRUE,76ea778f-b649-d432-f6ec-758c5b20c63a,FALSE,131,66,T-Mobile
DEV00436,U0211,Laptop,Apple,MacBook Air,macOS 26,FALSE,,,,80,
DEV00437,U0212,Smartphone,Apple,iPhone 16,iOS 26.1,TRUE,9b0f51ec-7ae1-88af-d15b-0e3660cd3a7a,FALSE,123,64,Verizon
DEV00438,U0212,Laptop,Apple,MacBook Pro,macOS 26,FALSE,,,,92,
DEV00439,U0213,Smartphone,Apple,iPhone 15,iOS 26.1,TRUE,c286474b-9dae-6deb-51df-d020c8bf05a0,FALSE,128,53,T-Mobile
DEV00440,U0213,Laptop,Apple,MacBook Air,macOS 26,FALSE,,,,96,
DEV00441,U0213,Tablet,Apple,iPad Air,iPadOS 26,FALSE,,,,80,
DEV00442,U0214,Smartphone,Apple,iPhone 14,iOS 26.1,TRUE,02256f3e-4556-d49a-c51b-b0bdf21b25a9,FALSE,155,47,Visible
DEV00443,U0214,Laptop,Apple,MacBook Air,macOS 26,FALSE,,,,95,
DEV00444,U0215,Smartphone,Apple,iPhone 13,iOS 26.1,TRUE,c5857406-5589-14c0-b91f-fbcb4549dcd2,FALSE,140,37,T-Mobile
DEV00445,U0215,Laptop,Apple,MacBook Air,macOS 26,FALSE,,,,83,
DEV00446,U0216,Smartphone,Apple,iPhone Air,iOS 26.1,TRUE,456e7308-9263-6396-c1b7-0a6268663f38,TRUE,83,59,AT&T
DEV00447,U0216,Laptop,HP,Spectre x360,Windows 11,FALSE,,,,88,
DEV00448,U0217,Smartphone,Apple,iPhone 13,iOS 26.1,TRUE,c573af94-954f-1270-9aee-09a4ba31f1bb,FALSE,111,56,AT&T
DEV00449,U0217,Laptop,Apple,MacBook Air,macOS 26,FALSE,,,,79,
DEV00450,U0218,Smartphone,Apple,iPhone 13,iOS 26.1,TRUE,3781a345-d21b-5ca0-5745-300956c8fea0,FALSE,72,49,Verizon
DEV00451,U0218,Laptop,Apple,MacBook Air,macOS 26,FALSE,,,,79,
DEV00452,U0218,Tablet,Apple,iPad,iPadOS 26,FALSE,,,,89,
DEV00453,U0219,Smartphone,Samsung,Galaxy S23,Android 15,TRUE,9c3f78a7-8dc9-a730-22e3-04def1987b8a,TRUE,148,63,Verizon
DEV00454,U0220,Smartphone,Google,Pixel 9,Android 16,TRUE,c1023b78-107c-6ee0-55d1-eb9af72eb01d,TRUE,76,46,AT&T
DEV00455,U0220,Laptop,Apple,MacBook Air,macOS 26,FALSE,,,,78,
DEV00456,U0221,Smartphone,Motorola,Moto G Power,Android 16,TRUE,ab070e0d-f7d8-7342-3722-9c0743037fea,TRUE,136,42,AT&T
DEV00457,U0221,Laptop,Apple,MacBook Pro,macOS 26,FALSE,,,,94,
DEV00458,U0222,Smartphone,Samsung,Galaxy A56,Android 16,TRUE,2db3f3b7-7824-c952-3b34-e4ec5aaa4f68,TRUE,187,51,Verizon
DEV00459,U0222,Laptop,HP,Spectre x360,Windows 11,FALSE,,,,92,
DEV00460,U0223,Smartphone,Samsung,Galaxy S25,Android 15,TRUE,f7bd59b3-3628-39ba-cc6b-84dc5a37d8b0,TRUE,100,79,T-Mobile
DEV00461,U0223,Laptop,Apple,MacBook Pro,macOS 26,FALSE,,,,81,
DEV00462,U0224,Smartphone,Apple,iPhone 16,iOS 26.1,TRUE,74bc5605-3086-ba47-80ab-dffc9013993d,FALSE,122,20,T-Mobile
DEV00463,U0225,Smartphone,Apple,iPhone 16,iOS 26.1,TRUE,63b7dfe8-913d-9733-d9ad-1aeb317e9953,FALSE,165,53,T-Mobile
DEV00464,U0226,Smartphone,Motorola,Moto G Power,Android 16,TRUE,3b8683e4-8b6c-6e5b-901d-b2a87be47820,FALSE,122,48,Verizon
DEV00465,U0226,Laptop,Apple,MacBook Pro,macOS 26,FALSE,,,,82,
DEV00466,U0227,Smartphone,Apple,iPhone 13,iOS 26.1,TRUE,88376732-dd8f-97cf-5175-37f97e9b06c7,TRUE,134,65,Verizon
DEV00467,U0227,Tablet,Apple,iPad,iPadOS 26,FALSE,,,,98,
DEV00468,U0228,Smartphone,Samsung,Galaxy S24,Android 16,TRUE,086969bb-b852-93e8-f07c-10d016d7ee4b,TRUE,80,57,Verizon
DEV00469,U0228,Laptop,Dell,XPS 13,Windows 11,FALSE,,,,87,
DEV00470,U0229,Smartphone,Samsung,Galaxy S25,Android 16,TRUE,5ab00499-1490-25ea-c18f-617a54acb604,TRUE,92,44,T-Mobile
DEV00471,U0229,Laptop,HP,Spectre x360,Windows 11,FALSE,,,,86,
DEV00472,U0229,Tablet,Apple,iPad,iPadOS 26,FALSE,,,,75,
DEV00473,U0230,Smartphone,Apple,iPhone 15,iOS 26.1,TRUE,cfc5427b-77e8-c6b1-f73e-353ee705f681,FALSE,136,50,AT&T
DEV00474,U0231,Smartphone,Apple,iPhone 15,iOS 26.1,TRUE,50d4e1be-7f19-64d4-c9f9-2842ca55b894,FALSE,189,61,T-Mobile
DEV00475,U0232,Smartphone,Samsung,Galaxy A56,Android 16,TRUE,6387fedb-4387-e6a3-1847-a5d003acd225,TRUE,195,58,AT&T
DEV00476,U0232,Laptop,Apple,MacBook Pro,macOS 26,FALSE,,,,88,
DEV00477,U0233,Smartphone,Apple,iPhone 15,iOS 26.1,TRUE,86d5c004-aff0-6069-4cc7-8c50d4f9bc04,FALSE,118,53,T-Mobile
DEV00478,U0233,Laptop,Apple,MacBook Air,macOS 26,FALSE,,,,95,
DEV00479,U0234,Smartphone,Apple,iPhone 15,iOS 26.1,TRUE,22a2e040-b8fe-8b32-5bdc-eebac31bd21b,FALSE,176,75,Verizon
DEV00480,U0235,Smartphone,Apple,iPhone 15,iOS 26.1,TRUE,f36f4d73-b6d4-0761-7b1c-9e10726128c7,TRUE,148,50,Mint Mobile
DEV00481,U0235,Laptop,Apple,MacBook Air,macOS 26,FALSE,,,,84,
DEV00482,U0235,Tablet,Samsung,Galaxy Tab S9,Android 16,FALSE,,,,81,
DEV00483,U0236,Smartphone,Apple,iPhone 16,iOS 26.1,TRUE,f817b47c-3fed-51a7-b406-38051d340fe6,FALSE,131,34,Mint Mobile
DEV00484,U0236,Laptop,Apple,MacBook Air,macOS 26,FALSE,,,,80,
DEV00485,U0237,Smartphone,Apple,iPhone 13,iOS 26.1,TRUE,84a617f0-ab26-9a51-6bc4-5dd1e08cd06c,FALSE,115,72,Verizon
DEV00486,U0238,Smartphone,Samsung,Galaxy A56,Android 16,TRUE,e28c809e-b758-eba7-b8ad-eb4d7a044df8,TRUE,126,60,Verizon
DEV00487,U0239,Smartphone,Apple,iPhone 14,iOS 26.1,TRUE,7b74264d-1f8b-99b5-2539-c2c22a448f8c,FALSE,129,76,Verizon
DEV00488,U0239,Laptop,Microsoft,Surface Laptop,Windows 11,FALSE,,,,91,
DEV00489,U0239,Tablet,Apple,iPad Air,iPadOS 26,FALSE,,,,91,
DEV00490,U0240,Smartphone,Samsung,Galaxy S23,Android 15,TRUE,f1c4d6da-c101-8f6a-e176-1e37fce589bd,TRUE,65,45,Cricket
DEV00491,U0240,Laptop,HP,Spectre x360,Windows 11,FALSE,,,,87,
DEV00492,U0241,Smartphone,Apple,iPhone 17,iOS 26.1,TRUE,22fbf551-dfca-41be-3740-bfadcf268f4d,TRUE,118,86,AT&T
DEV00493,U0241,Laptop,Dell,XPS 13,Windows 11,FALSE,,,,100,
DEV00494,U0241,Tablet,Apple,iPad,iPadOS 26,FALSE,,,,96,
DEV00495,U0242,Smartphone,Apple,iPhone 14,iOS 18.6,TRUE,9036adf7-3f3d-c0b0-3b6c-248dbf6603c4,TRUE,125,55,T-Mobile
DEV00496,U0242,Laptop,Microsoft,Surface Laptop,Windows 11,FALSE,,,,86,
DEV00497,U0243,Smartphone,Apple,iPhone 15,iOS 26.1,TRUE,1be12697-dc0a-4441-ef5b-449935b417a0,TRUE,153,55,AT&T
DEV00498,U0243,Laptop,Dell,XPS 13,Windows 11,FALSE,,,,89,
DEV00499,U0244,Smartphone,Apple,iPhone 15,iOS 26.1,TRUE,03a71c38-2da2-0f58-4d2c-e2fb5ce42fce,TRUE,118,63,Verizon
DEV00500,U0244,Laptop,Apple,MacBook Air,macOS 26,FALSE,,,,75,
DEV00501,U0245,Smartphone,Apple,iPhone 16,iOS 26.1,TRUE,dc017a84-d3c5-d2ac-4cd0-e9e382c4fe25,TRUE,74,60,T-Mobile
DEV00502,U0245,Laptop,Dell,XPS 13,Windows 11,FALSE,,,,91,
DEV00503,U0246,Smartphone,Apple,iPhone 15,iOS 26.1,TRUE,5bc7aaac-7cb8-e357-61d0-2be488a982e3,FALSE,127,95,T-Mobile
DEV00504,U0246,Laptop,Apple,MacBook Pro,macOS 26,FALSE,,,,80,
DEV00505,U0246,Tablet,Apple,iPad Pro,iPadOS 26,FALSE,,,,80,
DEV00506,U0247,Smartphone,Samsung,Galaxy S25,Android 15,TRUE,5ef1bbe2-0cc4-66a3-aa93-bf38a92bd2ff,FALSE,90,65,US Cellular
DEV00507,U0248,Smartphone,Apple,iPhone 13,iOS 18.6,TRUE,62c010f4-93eb-51ef-c49b-621f6a7d43a9,TRUE,123,45,Verizon
DEV00508,U0249,Smartphone,Apple,iPhone 16,iOS 26.1,TRUE,43de10f1-fb9b-e6f3-00ba-523d07329db5,FALSE,165,72,AT&T
DEV00509,U0250,Smartphone,Apple,iPhone 15,iOS 26.1,TRUE,be19c987-f46e-defa-01fe-7f3d33665a19,FALSE,103,61,T-Mobile
DEV00510,U0251,Smartphone,Apple,iPhone 16,iOS 26.1,TRUE,5563ce4a-6f6c-80b7-85d6-1160c9caf68c,TRUE,162,64,Verizon
DEV00511,U0251,Laptop,Lenovo,Yoga Slim,Windows 11,FALSE,,,,90,
DEV00512,U0252,Smartphone,Apple,iPhone 15,iOS 26.1,TRUE,fb6ad8c5-5796-1837-316d-6b92e49cc616,FALSE,74,70,T-Mobile
DEV00513,U0252,Laptop,Apple,MacBook Air,macOS 26,FALSE,,,,100,
DEV00514,U0253,Smartphone,Apple,iPhone 14,iOS 26.1,TRUE,813cf1f8-9c1c-efc2-e1bc-87e3cf02fbac,FALSE,115,55,AT&T
DEV00515,U0253,Laptop,Apple,MacBook Pro,macOS 26,FALSE,,,,72,
DEV00516,U0254,Smartphone,Apple,iPhone 16,iOS 26.1,TRUE,32b18e71-cd1c-e09d-5b64-9ca6ab4b3b8a,FALSE,50,91,AT&T
DEV00517,U0254,Laptop,Apple,MacBook Pro,macOS 26,FALSE,,,,89,
DEV00518,U0255,Smartphone,Apple,iPhone 17,iOS 26.1,TRUE,25e0c6cc-b8fc-57ad-cf07-731bf4cb1127,FALSE,102,41,AT&T
DEV00519,U0255,Laptop,Lenovo,Yoga Slim,Windows 11,FALSE,,,,91,
DEV00520,U0256,Smartphone,Apple,iPhone 14,iOS 26.1,TRUE,d660ca29-18d6-4b19-e33a-78b93e8bd3f8,FALSE,127,66,Mint Mobile
DEV00521,U0256,Laptop,Lenovo,Yoga Slim,Windows 11,FALSE,,,,83,
DEV00522,U0256,Tablet,Apple,iPad,iPadOS 26,FALSE,,,,100,
DEV00523,U0257,Smartphone,Apple,iPhone Air,iOS 26.1,TRUE,af2bbe38-17bf-dd5b-0943-e2242b562b57,FALSE,133,55,Verizon
DEV00524,U0257,Laptop,Lenovo,Yoga Slim,Windows 11,FALSE,,,,82,
DEV00525,U0258,Smartphone,Apple,iPhone 15,iOS 26.1,TRUE,16529cd6-a7b4-82d7-ab2a-a731f4056a7f,FALSE,78,64,Verizon
DEV00526,U0258,Laptop,Microsoft,Surface Laptop,Windows 11,FALSE,,,,88,
DEV00527,U0258,Tablet,Apple,iPad Air,iPadOS 26,FALSE,,,,89,
DEV00528,U0259,Smartphone,Apple,iPhone 14,iOS 26.1,TRUE,2996348f-f209-8685-c8fc-a8d2505766d9,FALSE,87,74,T-Mobile
DEV00529,U0260,Smartphone,Motorola,Moto G Power,Android 16,TRUE,158e2b02-b1ef-a5ea-3316-465a49ee653a,TRUE,91,46,Verizon
DEV00530,U0260,Laptop,Lenovo,Gaming Laptop,Windows 11,FALSE,,,,91,
DEV00531,U0261,Smartphone,Google,Pixel 8a,Android 16,TRUE,823f0c72-d31b-80d1-31b1-d5dc6b96770f,TRUE,116,65,AT&T
DEV00532,U0261,Laptop,Apple,MacBook Pro,macOS 26,FALSE,,,,81,
DEV00533,U0262,Smartphone,Apple,iPhone 15,iOS 26.1,TRUE,23adc812-68af-84e5-a39f-065639ef7c1a,FALSE,148,56,Cricket
DEV00534,U0262,Laptop,Apple,MacBook Pro,macOS 26,FALSE,,,,69,
DEV00535,U0262,Tablet,Apple,iPad,iPadOS 26,FALSE,,,,91,
DEV00536,U0263,Smartphone,Google,Pixel 10,Android 16,TRUE,8e1809d5-b8b3-c5a8-f240-1d104aed8a2a,FALSE,87,65,Visible
DEV00537,U0263,Tablet,Samsung,Galaxy Tab S9,Android 16,FALSE,,,,83,
DEV00538,U0264,Smartphone,Apple,iPhone 14,iOS 18.6,TRUE,f9c40375-b231-b3c1-054b-913563635602,FALSE,157,66,T-Mobile
DEV00539,U0264,Tablet,Apple,iPad Air,iPadOS 26,FALSE,,,,79,
DEV00540,U0265,Smartphone,Samsung,Galaxy A56,Android 16,TRUE,3aac61db-dced-3ec6-1c48-9906bd6ef63c,TRUE,58,56,T-Mobile
DEV00541,U0266,Smartphone,Samsung,Galaxy S25,Android 16,TRUE,47ecc1ef-7aee-6dba-995f-d7f7e8fda104,TRUE,124,71,T-Mobile
DEV00542,U0266,Laptop,HP,Spectre x360,Windows 11,FALSE,,,,95,
DEV00543,U0267,Smartphone,Apple,iPhone 16,iOS 26.1,TRUE,1d50515d-3587-a79b-e04c-908504956dc2,TRUE,102,68,Mint Mobile
DEV00544,U0267,Laptop,Apple,MacBook Air,macOS 26,FALSE,,,,88,
DEV00545,U0268,Smartphone,Samsung,Galaxy S23,Android 16,TRUE,e5213867-a11d-244b-b9bc-f87fb6558aa0,TRUE,82,63,T-Mobile
DEV00546,U0268,Laptop,Apple,MacBook Air,macOS 26,FALSE,,,,78,
DEV00547,U0269,Smartphone,Apple,iPhone 17,iOS 26.1,TRUE,1fac023c-ce36-d693-1a96-71fd33f46acb,FALSE,112,55,T-Mobile
DEV00548,U0269,Laptop,Apple,MacBook Air,macOS 26,FALSE,,,,94,
DEV00549,U0269,Tablet,Samsung,Galaxy Tab S9,Android 16,FALSE,,,,97,
DEV00550,U0270,Smartphone,Apple,iPhone 16,iOS 26.1,TRUE,ef236fd9-7e8b-5bb3-da99-0fdd4a70d4e5,FALSE,93,54,Verizon
DEV00551,U0270,Laptop,Dell,XPS 13,Windows 11,FALSE,,,,92,
DEV00552,U0271,Smartphone,Apple,iPhone 15,iOS 26.1,TRUE,75b768c3-98ee-c9e5-4148-259a16a31301,FALSE,77,72,T-Mobile
DEV00553,U0271,Laptop,Dell,XPS 13,Windows 11,FALSE,,,,88,
DEV00554,U0272,Smartphone,Apple,iPhone 15,iOS 26.1,TRUE,48e45643-2e80-a9bf-1c65-93169bd38b88,FALSE,93,51,AT&T
DEV00555,U0272,Laptop,Apple,MacBook Air,macOS 26,FALSE,,,,81,
DEV00556,U0273,Smartphone,Apple,iPhone 14,iOS 26.1,TRUE,e8385271-8fe7-0cbd-d4b3-5c0b02d0fa56,FALSE,99,47,Verizon
DEV00557,U0273,Laptop,Apple,MacBook Pro,macOS 26,FALSE,,,,81,
DEV00558,U0274,Smartphone,Apple,iPhone 16,iOS 26.1,TRUE,bf926345-4954-aeac-b1c0-c6c13c89412e,TRUE,115,55,Visible
DEV00559,U0274,Laptop,Apple,MacBook Pro,macOS 26,FALSE,,,,66,
DEV00560,U0275,Smartphone,Apple,iPhone 16,iOS 26.1,TRUE,09626639-f032-2527-8ca9-a73453b7a9f1,FALSE,129,65,T-Mobile
DEV00561,U0275,Laptop,Apple,MacBook Air,macOS 26,FALSE,,,,90,
DEV00562,U0276,Smartphone,Apple,iPhone 13,iOS 26.1,TRUE,04b1dafd-cbb9-ca67-d4a7-d9b6c2d47182,FALSE,89,53,Mint Mobile
DEV00563,U0276,Laptop,Dell,XPS 13,Windows 11,FALSE,,,,84,
DEV00564,U0277,Smartphone,Samsung,Galaxy S24,Android 16,TRUE,84359b7c-4afd-ae04-f50e-295a5a1e82e0,TRUE,89,46,T-Mobile
DEV00565,U0277,Laptop,Lenovo,Gaming Laptop,Windows 11,FALSE,,,,100,
DEV00566,U0277,Tablet,Apple,iPad Pro,iPadOS 26,FALSE,,,,87,
DEV00567,U0278,Smartphone,Apple,iPhone 13,iOS 26.1,TRUE,fb58e729-ceb0-ed53-5f32-8ce96db777a0,TRUE,132,59,Verizon
DEV00568,U0278,Laptop,Apple,MacBook Air,macOS 26,FALSE,,,,85,
DEV00569,U0278,Tablet,Apple,iPad,iPadOS 26,FALSE,,,,86,
DEV00570,U0279,Smartphone,Apple,iPhone 16,iOS 26.1,TRUE,161b485c-85a3-45d5-3611-c5e64c76bdb6,FALSE,85,59,T-Mobile
DEV00571,U0279,Tablet,Samsung,Galaxy Tab S9,Android 16,FALSE,,,,85,
DEV00572,U0280,Smartphone,Apple,iPhone Air,iOS 26.1,TRUE,3d1009e5-dfa6-d356-52f3-4478813055c7,FALSE,90,67,AT&T
DEV00573,U0280,Laptop,Apple,MacBook Air,macOS 26,FALSE,,,,100,
DEV00574,U0281,Smartphone,Samsung,Galaxy A56,Android 16,TRUE,5d79ea7e-d25b-c9a2-4d26-dd87bcdee7f1,TRUE,102,55,Verizon
DEV00575,U0282,Smartphone,Apple,iPhone Air,iOS 26.1,TRUE,8ce07d06-8f7d-30a9-6c93-75019f25990a,TRUE,155,59,Verizon
DEV00576,U0282,Laptop,Lenovo,Yoga Slim,Windows 11,FALSE,,,,98,
DEV00577,U0283,Smartphone,Apple,iPhone Air,iOS 18.6,TRUE,32d11ecd-5145-db84-bf5b-6dd2d9e78bdd,FALSE,78,63,AT&T
DEV00578,U0283,Laptop,Apple,MacBook Air,macOS 26,FALSE,,,,91,
DEV00579,U0284,Smartphone,Apple,iPhone 16,iOS 26.1,TRUE,18e64c94-77e2-4caf-e1ff-588068f934be,TRUE,78,58,Verizon
DEV00580,U0284,Laptop,Apple,MacBook Pro,macOS 26,FALSE,,,,81,
DEV00581,U0285,Smartphone,Apple,iPhone 16,iOS 26.1,TRUE,bcf18143-b9ef-62cf-d543-c97f09c7179d,TRUE,123,66,Cricket
DEV00582,U0286,Smartphone,Apple,iPhone 14,iOS 26.1,TRUE,84f94f5a-d600-0cad-a212-7490ecab4221,FALSE,113,70,AT&T
DEV00583,U0286,Laptop,Apple,MacBook Air,macOS 26,FALSE,,,,94,
DEV00584,U0287,Smartphone,Samsung,Galaxy S24,Android 16,TRUE,ab7edcfd-89af-870d-0460-94c57d525b40,TRUE,125,74,T-Mobile
DEV00585,U0288,Smartphone,Apple,iPhone 16,iOS 18.6,TRUE,348ed590-bde7-f991-2df7-712242ac2d6c,FALSE,139,69,Visible
DEV00586,U0288,Laptop,Microsoft,Surface Laptop,Windows 11,FALSE,,,,100,
DEV00587,U0289,Smartphone,Apple,iPhone 17,iOS 26.1,TRUE,0581b6c2-a0ef-12ce-1782-7d23cf5b32d8,FALSE,77,89,Verizon
DEV00588,U0289,Laptop,Apple,MacBook Air,macOS 26,FALSE,,,,88,
DEV00589,U0290,Smartphone,Apple,iPhone 16,iOS 26.1,TRUE,90e1fe91-0595-bedf-6786-a9090ebbf80d,FALSE,99,67,Cricket
DEV00590,U0290,Laptop,Apple,MacBook Air,macOS 26,FALSE,,,,81,
DEV00591,U0291,Smartphone,Apple,iPhone 14,iOS 18.6,TRUE,32b2d185-1411-16fa-02e9-828634477778,FALSE,119,38,Verizon
DEV00592,U0291,Laptop,Apple,MacBook Pro,macOS 26,FALSE,,,,76,
DEV00593,U0292,Smartphone,Apple,iPhone 16,iOS 26.1,TRUE,00ec3b43-75bc-a947-4bbf-e0c618614df4,FALSE,188,58,T-Mobile
DEV00594,U0292,Laptop,Lenovo,Gaming Laptop,Windows 11,FALSE,,,,79,
DEV00595,U0293,Smartphone,Apple,iPhone 15,iOS 26.1,TRUE,611a3902-8447-44a9-f4c5-50129bb912aa,FALSE,151,58,T-Mobile
DEV00596,U0293,Laptop,Microsoft,Surface Laptop,Windows 11,FALSE,,,,81,
DEV00597,U0294,Smartphone,Apple,iPhone 15,iOS 26.1,TRUE,bf7b3ba2-cadb-927b-0e42-b27b139254d8,TRUE,167,71,Verizon
DEV00598,U0294,Laptop,Apple,MacBook Pro,macOS 26,FALSE,,,,100,
DEV00599,U0295,Smartphone,Apple,iPhone 14,iOS 18.6,TRUE,17c556a8-0472-7d57-129f-388d0279b0d4,FALSE,183,76,AT&T
DEV00600,U0295,Laptop,Dell,XPS 13,Windows 11,FALSE,,,,86,
DEV00601,U0296,Smartphone,Apple,iPhone 16,iOS 18.6,TRUE,013b9aed-3482-6861-cde1-85414a71cf97,FALSE,108,84,T-Mobile
DEV00602,U0296,Laptop,Apple,MacBook Air,macOS 26,FALSE,,,,87,
DEV00603,U0297,Smartphone,Motorola,Moto G Power,Android 15,TRUE,13027d45-4c6d-10bc-6cd0-b9c5e2ea6d78,TRUE,95,32,Verizon
DEV00604,U0297,Laptop,Apple,MacBook Pro,macOS 26,FALSE,,,,86,
DEV00605,U0298,Smartphone,Apple,iPhone 15,iOS 18.6,TRUE,063d0b65-faed-6142-9321-f931c11c2fd4,FALSE,120,76,T-Mobile
DEV00606,U0298,Laptop,HP,Spectre x360,Windows 11,FALSE,,,,100,
DEV00607,U0298,Tablet,Apple,iPad Air,iPadOS 26,FALSE,,,,81,
DEV00608,U0299,Smartphone,Samsung,Galaxy S25,Android 15,TRUE,87cb418a-ca1a-f302-e9e7-f1781d4de5b0,TRUE,128,38,Verizon
DEV00609,U0299,Laptop,Apple,MacBook Pro,macOS 26,FALSE,,,,91,
DEV00610,U0300,Smartphone,Apple,iPhone 17,iOS 18.6,TRUE,449bca0f-9a63-12ed-bb9f-6a22bac7493b,FALSE,178,72,T-Mobile
DEV00611,U0300,Laptop,Apple,MacBook Air,macOS 26,FALSE,,,,100,
DEV00612,U0301,Smartphone,Apple,iPhone 16,iOS 26.1,TRUE,681bf35b-84c4-8d17-ccee-cf6a5f0f0e6b,TRUE,136,60,Verizon
DEV00613,U0301,Laptop,Apple,MacBook Air,macOS 26,FALSE,,,,83,
DEV00614,U0302,Smartphone,Apple,iPhone 13,iOS 26.1,TRUE,a803ff37-32b0-a64b-ff55-9195ef9ae1af,TRUE,116,75,AT&T
DEV00615,U0302,Laptop,Apple,MacBook Air,macOS 26,FALSE,,,,92,
DEV00616,U0302,Tablet,Apple,iPad,iPadOS 26,FALSE,,,,89,
DEV00617,U0303,Smartphone,Apple,iPhone 13,iOS 26.1,TRUE,0912895f-72e2-1bef-a66d-8abffcc1134d,TRUE,127,59,AT&T
DEV00618,U0303,Laptop,Apple,MacBook Air,macOS 26,FALSE,,,,89,
DEV00619,U0304,Smartphone,Apple,iPhone 15,iOS 26.1,TRUE,1fa9dc9b-e4f0-59b7-6516-03e3f0ef8986,FALSE,115,57,AT&T
DEV00620,U0304,Laptop,Apple,MacBook Air,macOS 26,FALSE,,,,86,
DEV00621,U0305,Smartphone,Apple,iPhone 15,iOS 26.1,TRUE,62db6da2-b294-ad6b-2615-be926c4bcddd,FALSE,111,64,Cricket
DEV00622,U0305,Laptop,Dell,XPS 13,Windows 11,FALSE,,,,91,
DEV00623,U0306,Smartphone,Samsung,Galaxy S23,Android 16,TRUE,42c87e0d-8982-cf64-c5fe-9b53b35b38f2,TRUE,134,82,Verizon
DEV00624,U0306,Laptop,Apple,MacBook Air,macOS 26,FALSE,,,,77,
DEV00625,U0307,Smartphone,Apple,iPhone 15,iOS 26.1,TRUE,70321e31-bd3f-37b4-013d-8c1c80a2dc55,TRUE,119,47,T-Mobile
DEV00626,U0307,Laptop,Apple,MacBook Air,macOS 26,FALSE,,,,89,
DEV00627,U0308,Smartphone,Samsung,Galaxy S24,Android 16,TRUE,e14c6b6a-7806-12bc-de6c-fc0ccde07d71,TRUE,152,62,Verizon
DEV00628,U0308,Laptop,Dell,XPS 13,Windows 11,FALSE,,,,88,
DEV00629,U0309,Smartphone,Apple,iPhone 15,iOS 18.6,TRUE,6a8f011f-99dc-39f6-206b-fc047df24b7f,FALSE,163,77,Visible
DEV00630,U0309,Laptop,Lenovo,Yoga Slim,Windows 11,FALSE,,,,86,
DEV00631,U0310,Smartphone,Apple,iPhone 15,iOS 18.6,TRUE,a29504ad-a089-0e6c-edc9-55651496b689,FALSE,156,62,US Cellular
DEV00632,U0310,Tablet,Apple,iPad Air,iPadOS 26,FALSE,,,,90,
DEV00633,U0311,Smartphone,Google,Pixel 9,Android 15,TRUE,cf3837a2-49c8-aba3-98f8-3e7a0f8e9aea,TRUE,99,68,T-Mobile
DEV00634,U0311,Laptop,Apple,MacBook Pro,macOS 26,FALSE,,,,86,
DEV00635,U0312,Smartphone,Samsung,Galaxy S23,Android 15,TRUE,1aca3466-c851-0c40-81db-b7fafad4e667,TRUE,153,64,Visible
DEV00636,U0312,Laptop,Apple,MacBook Air,macOS 26,FALSE,,,,97,
DEV00637,U0313,Smartphone,Apple,iPhone 17,iOS 26.1,TRUE,c347ed0b-b5fb-6f85-6813-7d66349ec3d2,FALSE,155,60,T-Mobile
DEV00638,U0313,Laptop,Apple,MacBook Air,macOS 26,FALSE,,,,88,
DEV00639,U0313,Tablet,Apple,iPad Pro,iPadOS 26,FALSE,,,,83,
DEV00640,U0314,Smartphone,Apple,iPhone 14,iOS 26.1,TRUE,61281eda-580b-7430-bdc1-84b178b61461,FALSE,83,65,Visible
DEV00641,U0314,Laptop,Apple,MacBook Air,macOS 26,FALSE,,,,92,
DEV00642,U0314,Tablet,Apple,iPad Pro,iPadOS 26,FALSE,,,,97,
DEV00643,U0315,Smartphone,Motorola,Moto G Power,Android 16,TRUE,af77796f-bf17-4cd8-b843-0d45e1ab3408,FALSE,70,65,Verizon
DEV00644,U0316,Smartphone,Apple,iPhone 13,iOS 26.1,TRUE,d9fa8c31-ec78-f09b-ffb9-7afbd009c565,FALSE,125,58,Mint Mobile
DEV00645,U0316,Laptop,Lenovo,Yoga Slim,Windows 11,FALSE,,,,90,
DEV00646,U0317,Smartphone,Apple,iPhone 16,iOS 26.1,TRUE,110e6fea-9d82-8694-7185-d3a44748c1ec,FALSE,127,58,AT&T
DEV00647,U0317,Laptop,Dell,XPS 13,Windows 11,FALSE,,,,87,
DEV00648,U0318,Smartphone,Apple,iPhone 14,iOS 26.1,TRUE,d16023a9-aebb-e93f-8518-144da9f0d057,FALSE,86,36,T-Mobile
DEV00649,U0318,Laptop,Dell,XPS 13,Windows 11,FALSE,,,,82,
DEV00650,U0318,Tablet,Apple,iPad,iPadOS 26,FALSE,,,,100,
DEV00651,U0319,Smartphone,Apple,iPhone 15,iOS 26.1,TRUE,162470f6-952f-dcf4-a886-78c8ced650cf,FALSE,125,58,T-Mobile
DEV00652,U0320,Smartphone,Samsung,Galaxy S24,Android 15,TRUE,ad9dfacc-c2c6-d190-904d-d51a87f31c64,TRUE,137,48,AT&T
DEV00653,U0320,Laptop,HP,Spectre x360,Windows 11,FALSE,,,,75,
DEV00654,U0321,Smartphone,Samsung,Galaxy S24,Android 16,TRUE,519a2afe-9193-e3cc-9ba5-fb4390bececd,TRUE,134,40,T-Mobile
DEV00655,U0321,Laptop,Apple,MacBook Pro,macOS 26,FALSE,,,,93,
DEV00656,U0322,Smartphone,Apple,iPhone 17,iOS 18.6,TRUE,3e2c9a93-a18a-ebbe-e21f-f15111c89a74,FALSE,128,55,Verizon
DEV00657,U0322,Laptop,Apple,MacBook Air,macOS 26,FALSE,,,,91,
DEV00658,U0323,Smartphone,Apple,iPhone 14,iOS 26.1,TRUE,49371e0b-446b-bca1-d139-909e78628296,TRUE,181,75,AT&T
DEV00659,U0323,Laptop,Apple,MacBook Air,macOS 26,FALSE,,,,85,
DEV00660,U0324,Smartphone,Apple,iPhone 15,iOS 18.6,TRUE,40b4d223-6446-db44-a107-f3f7af672854,FALSE,80,46,T-Mobile
DEV00661,U0324,Laptop,Lenovo,Yoga Slim,Windows 11,FALSE,,,,83,
DEV00662,U0325,Smartphone,Apple,iPhone 15,iOS 26.1,TRUE,4f75bc68-b859-8ac1-d904-036c5390cefc,FALSE,135,71,Cricket
DEV00663,U0325,Laptop,Lenovo,Yoga Slim,Windows 11,FALSE,,,,92,
DEV00664,U0326,Smartphone,Apple,iPhone 13,iOS 26.1,TRUE,d67047f7-a1aa-8d15-6783-6be55635472d,FALSE,108,53,T-Mobile
DEV00665,U0326,Laptop,HP,Spectre x360,Windows 11,FALSE,,,,86,
DEV00666,U0327,Smartphone,Apple,iPhone 14,iOS 26.1,TRUE,b894be14-f699-6c3e-9bfd-a089aadbdced,FALSE,88,42,T-Mobile
DEV00667,U0327,Laptop,HP,Spectre x360,Windows 11,FALSE,,,,77,
DEV00668,U0328,Smartphone,Apple,iPhone 16,iOS 26.1,TRUE,f9c6f760-6c93-6527-a1e6-35785779a0ee,TRUE,97,49,Verizon
DEV00669,U0329,Smartphone,Apple,iPhone 15,iOS 26.1,TRUE,18ad16f6-eb8c-418e-ac89-82f8a4301e2d,FALSE,110,69,Verizon
DEV00670,U0330,Smartphone,Apple,iPhone 16,iOS 26.1,TRUE,a8f6a64c-a953-9524-2596-93d7f5aa82ce,FALSE,93,47,AT&T
DEV00671,U0330,Laptop,Apple,MacBook Pro,macOS 26,FALSE,,,,74,
DEV00672,U0331,Smartphone,Apple,iPhone 16,iOS 26.1,TRUE,b5d002e2-2804-8cf1-41d5-b33f31635219,TRUE,95,62,T-Mobile
DEV00673,U0332,Smartphone,Apple,iPhone 14,iOS 26.1,TRUE,77fe3558-4caa-4826-3231-d397e6fb27c3,FALSE,122,62,AT&T
DEV00674,U0332,Laptop,Apple,MacBook Pro,macOS 26,FALSE,,,,87,
DEV00675,U0333,Smartphone,Apple,iPhone 14,iOS 26.1,TRUE,8a7db7e1-c3f4-d557-4abb-cad1ff0fa599,FALSE,145,51,T-Mobile
DEV00676,U0334,Smartphone,Apple,iPhone 13,iOS 26.1,TRUE,a1c707a1-8999-92e8-2ed7-96d097b905a3,TRUE,133,65,T-Mobile
DEV00677,U0335,Smartphone,Apple,iPhone 13,iOS 18.6,TRUE,0b3f894b-abe8-89a8-9bfe-166606772b7a,FALSE,140,61,T-Mobile
DEV00678,U0335,Laptop,Apple,MacBook Air,macOS 26,FALSE,,,,95,
DEV00679,U0335,Tablet,Apple,iPad Air,iPadOS 26,FALSE,,,,95,
DEV00680,U0336,Smartphone,Samsung,Galaxy S23,Android 16,TRUE,276a44d8-dc2f-c9f9-eeb9-0afbe15f05e7,TRUE,148,55,T-Mobile
DEV00681,U0336,Laptop,HP,Spectre x360,Windows 11,FALSE,,,,88,
DEV00682,U0336,Tablet,Apple,iPad,iPadOS 26,FALSE,,,,80,
DEV00683,U0337,Smartphone,Apple,iPhone 13,iOS 26.1,TRUE,878d4f9f-074f-3946-dcc9-b7e012559e51,FALSE,115,38,T-Mobile
DEV00684,U0337,Laptop,Apple,MacBook Air,macOS 26,FALSE,,,,84,
DEV00685,U0338,Smartphone,Apple,iPhone 14,iOS 26.1,TRUE,33fbbba3-d4eb-ef02-7118-e31163a5631a,TRUE,157,64,AT&T
DEV00686,U0338,Laptop,Apple,MacBook Air,macOS 26,FALSE,,,,78,
DEV00687,U0339,Smartphone,Apple,iPhone 14,iOS 26.1,TRUE,36292d25-07c4-1353-0ee9-c0a07762918c,TRUE,109,76,AT&T
DEV00688,U0339,Laptop,Apple,MacBook Pro,macOS 26,FALSE,,,,89,
DEV00689,U0340,Smartphone,Apple,iPhone 15,iOS 26.1,TRUE,bf5b60a2-bd90-4493-b878-8c9e0a22589f,TRUE,164,81,Visible
DEV00690,U0340,Laptop,Apple,MacBook Air,macOS 26,FALSE,,,,98,
DEV00691,U0341,Smartphone,Google,Pixel 10,Android 16,TRUE,ea1bcbe4-9d45-2250-8f13-d0eb7e0f712b,TRUE,98,69,AT&T
DEV00692,U0341,Laptop,Apple,MacBook Air,macOS 26,FALSE,,,,91,
DEV00693,U0342,Smartphone,Apple,iPhone Air,iOS 26.1,TRUE,32995b5a-4778-7a96-7711-4a760ec376d8,FALSE,119,53,T-Mobile
DEV00694,U0342,Laptop,Apple,MacBook Air,macOS 26,FALSE,,,,84,
DEV00695,U0342,Tablet,Apple,iPad,iPadOS 26,FALSE,,,,93,
DEV00696,U0343,Smartphone,Apple,iPhone 15,iOS 26.1,TRUE,b140254f-bb5b-2316-d94b-d4d45cb6eb0a,FALSE,91,64,T-Mobile
DEV00697,U0343,Laptop,Dell,XPS 13,Windows 11,FALSE,,,,84,
DEV00698,U0344,Smartphone,Apple,iPhone 17,iOS 18.6,TRUE,e562b0d3-3cf1-a4a9-f8ac-6841656d9c04,FALSE,128,60,AT&T
DEV00699,U0344,Laptop,Apple,MacBook Air,macOS 26,FALSE,,,,92,
DEV00700,U0345,Smartphone,Apple,iPhone Air,iOS 26.1,TRUE,75db3e6b-4b3d-70c8-2b06-0e6d683d51fd,FALSE,134,82,T-Mobile
DEV00701,U0345,Tablet,Apple,iPad Air,iPadOS 26,FALSE,,,,93,
DEV00702,U0346,Smartphone,Samsung,Galaxy S24,Android 16,TRUE,c5959e5c-b9ec-6ce2-ba06-f2048c65b718,TRUE,143,58,T-Mobile
DEV00703,U0347,Smartphone,Motorola,Moto G Power,Android 16,TRUE,64a6ab4c-20f2-20c2-36b7-ede714188879,TRUE,162,65,T-Mobile
DEV00704,U0348,Smartphone,Apple,iPhone 15,iOS 26.1,TRUE,58097d9d-d231-0cdd-b1fa-33caae1bccc4,FALSE,112,40,Mint Mobile
DEV00705,U0348,Laptop,HP,Spectre x360,Windows 11,FALSE,,,,79,
DEV00706,U0349,Smartphone,Apple,iPhone 16,iOS 26.1,TRUE,ec5c352b-2109-eece-0420-378d5131c577,TRUE,52,59,Verizon
DEV00707,U0349,Laptop,Apple,MacBook Air,macOS 26,FALSE,,,,82,
DEV00708,U0350,Smartphone,Apple,iPhone 14,iOS 26.1,TRUE,3c669f5a-9144-8212-a8fb-4851057079b6,TRUE,113,36,AT&T
DEV00709,U0350,Laptop,Apple,MacBook Air,macOS 26,FALSE,,,,87,
DEV00710,U0351,Smartphone,Apple,iPhone 14,iOS 18.6,TRUE,0b3d84a0-9252-a2ab-05fb-82e4ad7d3999,TRUE,102,58,Verizon
DEV00711,U0352,Smartphone,Apple,iPhone 15,iOS 26.1,TRUE,c0d2bf39-50b8-e81c-e991-04a29b67b597,FALSE,112,59,Verizon
DEV00712,U0352,Laptop,Apple,MacBook Air,macOS 26,FALSE,,,,81,
DEV00713,U0353,Smartphone,Samsung,Galaxy A56,Android 15,TRUE,7e823751-588e-6780-a387-ac34aefef586,TRUE,98,77,Verizon
DEV00714,U0354,Smartphone,Apple,iPhone 13,iOS 26.1,TRUE,dd12029c-ce7d-1a24-7a5e-fe731a44546b,TRUE,78,63,AT&T
DEV00715,U0355,Smartphone,Samsung,Galaxy S25,Android 16,TRUE,d5204853-70a6-1b54-aa7f-5fd1304fb150,FALSE,44,49,Verizon
DEV00716,U0355,Tablet,Apple,iPad,iPadOS 26,FALSE,,,,86,
DEV00717,U0356,Smartphone,Apple,iPhone 15,iOS 26.1,TRUE,54ae2bb1-53cf-181c-0d15-3117d4221e39,TRUE,135,73,Verizon
DEV00718,U0356,Laptop,Lenovo,Yoga Slim,Windows 11,FALSE,,,,79,
DEV00719,U0357,Smartphone,Apple,iPhone 16,iOS 26.1,TRUE,f906d57f-3055-324b-ab25-fc93ba755fb4,FALSE,116,71,Verizon
DEV00720,U0357,Laptop,Apple,MacBook Air,macOS 26,FALSE,,,,75,
DEV00721,U0358,Smartphone,Apple,iPhone 15,iOS 26.1,TRUE,3eee1102-28ac-7b9e-6861-50b4c24790eb,TRUE,111,53,T-Mobile
DEV00722,U0358,Laptop,Lenovo,Yoga Slim,Windows 11,FALSE,,,,79,
DEV00723,U0359,Smartphone,Samsung,Galaxy S23,Android 16,TRUE,230c8b38-6976-450e-284c-d78a40e5044d,FALSE,130,35,AT&T
DEV00724,U0359,Laptop,Apple,MacBook Pro,macOS 26,FALSE,,,,100,
DEV00725,U0360,Smartphone,Apple,iPhone 13,iOS 26.1,TRUE,d976edf5-db41-95fc-3e04-a2d7a24af2bc,FALSE,122,62,Cricket
DEV00726,U0360,Laptop,HP,Spectre x360,Windows 11,FALSE,,,,95,
DEV00727,U0360,Tablet,Apple,iPad Air,iPadOS 26,FALSE,,,,84,
DEV00728,U0361,Smartphone,Apple,iPhone 14,iOS 26.1,TRUE,9f6be072-af14-8853-deac-1a0e508e1160,FALSE,160,60,T-Mobile
DEV00729,U0361,Laptop,Apple,MacBook Air,macOS 26,FALSE,,,,78,
DEV00730,U0361,Tablet,Apple,iPad Air,iPadOS 26,FALSE,,,,90,
DEV00731,U0362,Smartphone,Samsung,Galaxy A56,Android 16,TRUE,455aa55d-7b29-fd4e-5054-7573ec49b724,TRUE,66,44,AT&T
DEV00732,U0362,Laptop,Microsoft,Surface Laptop,Windows 11,FALSE,,,,92,
DEV00733,U0363,Smartphone,Apple,iPhone 17,iOS 26.1,TRUE,8896dd48-bd15-40de-a7fb-1e7b6fb35a15,FALSE,135,63,AT&T
DEV00734,U0363,Laptop,Lenovo,Yoga Slim,Windows 11,FALSE,,,,78,
DEV00735,U0364,Smartphone,Apple,iPhone 16,iOS 26.1,TRUE,da45ecbf-e4aa-e4be-15c9-b74f36efa858,FALSE,83,51,T-Mobile
DEV00736,U0365,Smartphone,Apple,iPhone Air,iOS 26.1,TRUE,d46f16a1-f519-c4c2-9884-d3e65ecf92c0,TRUE,179,71,Cricket
DEV00737,U0365,Laptop,Apple,MacBook Air,macOS 26,FALSE,,,,93,
DEV00738,U0366,Smartphone,Apple,iPhone 15,iOS 26.1,TRUE,923d17b4-d405-d5ba-6480-b2bbc35e5936,FALSE,69,59,T-Mobile
DEV00739,U0366,Laptop,Apple,MacBook Air,macOS 26,FALSE,,,,85,
DEV00740,U0367,Smartphone,Apple,iPhone 15,iOS 26.1,TRUE,7ff13496-a136-09e7-5800-8078532fcf7d,FALSE,137,69,AT&T
DEV00741,U0367,Laptop,Apple,MacBook Air,macOS 26,FALSE,,,,86,
DEV00742,U0367,Tablet,Apple,iPad Air,iPadOS 26,FALSE,,,,93,
DEV00743,U0368,Smartphone,Apple,iPhone 15,iOS 26.1,TRUE,22e94a7a-e749-8793-7ec8-0559d40aa3d4,TRUE,131,62,Verizon
DEV00744,U0368,Laptop,Apple,MacBook Pro,macOS 26,FALSE,,,,94,
DEV00745,U0369,Smartphone,Motorola,Motorola Edge,Android 16,TRUE,18af6112-f02f-da45-7973-7eec06042614,TRUE,91,60,T-Mobile
DEV00746,U0369,Laptop,HP,Spectre x360,Windows 11,FALSE,,,,78,
DEV00747,U0370,Smartphone,Apple,iPhone 15,iOS 26.1,TRUE,e60e1672-dcab-a0fe-6141-5d39eec9daff,FALSE,122,63,US Cellular
DEV00748,U0370,Laptop,Apple,MacBook Air,macOS 26,FALSE,,,,93,
DEV00749,U0371,Smartphone,Apple,iPhone 16,iOS 26.1,TRUE,21771313-1f3b-da6d-2405-7c38c575c0c7,TRUE,79,57,T-Mobile
DEV00750,U0371,Laptop,Microsoft,Surface Laptop,Windows 11,FALSE,,,,92,
DEV00751,U0372,Smartphone,Apple,iPhone 13,iOS 26.1,TRUE,33668942-7108-d79b-d0a5-191fc1d533db,FALSE,122,53,AT&T
DEV00752,U0372,Laptop,Apple,MacBook Air,macOS 26,FALSE,,,,69,
DEV00753,U0373,Smartphone,Apple,iPhone 13,iOS 26.1,TRUE,daf22fc6-01c3-815a-c49c-a73a49a1a92d,FALSE,188,46,T-Mobile
DEV00754,U0373,Laptop,HP,Spectre x360,Windows 11,FALSE,,,,90,
DEV00755,U0373,Tablet,Apple,iPad Air,iPadOS 26,FALSE,,,,96,
DEV00756,U0374,Smartphone,Apple,iPhone 14,iOS 26.1,TRUE,72809924-763f-f696-d494-1e8cea2d5be0,TRUE,117,50,AT&T
DEV00757,U0374,Laptop,HP,Spectre x360,Windows 11,FALSE,,,,83,
DEV00758,U0375,Smartphone,Samsung,Galaxy A56,Android 16,TRUE,38ca3fb5-1180-a385-a864-14e2d56f24b4,TRUE,123,60,Visible
DEV00759,U0375,Laptop,Apple,MacBook Air,macOS 26,FALSE,,,,90,
DEV00760,U0376,Smartphone,Apple,iPhone 13,iOS 26.1,TRUE,d718f453-9683-ee2b-2ead-516ce7603c09,FALSE,101,56,T-Mobile
DEV00761,U0376,Laptop,Apple,MacBook Air,macOS 26,FALSE,,,,84,
DEV00762,U0376,Tablet,Apple,iPad Air,iPadOS 26,FALSE,,,,79,
DEV00763,U0377,Smartphone,Samsung,Galaxy S25,Android 16,TRUE,b9cb628a-29c5-3ff5-835b-77b6bb888f35,TRUE,74,51,T-Mobile
DEV00764,U0378,Smartphone,Motorola,Motorola Edge,Android 15,TRUE,8da44e45-c913-5850-b835-f9195eca0a04,FALSE,117,72,Visible
DEV00765,U0378,Laptop,Apple,MacBook Air,macOS 26,FALSE,,,,87,
DEV00766,U0379,Smartphone,Samsung,Galaxy A56,Android 15,TRUE,add220e7-27d0-b66a-014d-a4c5bcaeded6,FALSE,77,75,Mint Mobile
DEV00767,U0379,Laptop,Apple,MacBook Air,macOS 26,FALSE,,,,87,
DEV00768,U0379,Tablet,Apple,iPad Pro,iPadOS 26,FALSE,,,,79,
DEV00769,U0380,Smartphone,Apple,iPhone 13,iOS 26.1,TRUE,683a3622-4331-fd8e-033e-b6b5e82e9304,TRUE,72,43,T-Mobile
DEV00770,U0381,Smartphone,Motorola,Motorola Edge,Android 16,TRUE,af26de5e-62d0-8206-cb1b-3da682b6c6e4,FALSE,85,74,Verizon
DEV00771,U0381,Laptop,Dell,XPS 13,Windows 11,FALSE,,,,83,
DEV00772,U0382,Smartphone,Apple,iPhone 15,iOS 26.1,TRUE,4e20c1ff-3ff6-85ef-42cc-ebcf9a56c7a8,FALSE,109,65,T-Mobile
DEV00773,U0382,Tablet,Apple,iPad,iPadOS 26,FALSE,,,,100,
DEV00774,U0383,Smartphone,Apple,iPhone 15,iOS 26.1,TRUE,360cc64a-b200-69d3-1d85-15a2403020f3,FALSE,42,63,Cricket
DEV00775,U0383,Laptop,Apple,MacBook Air,macOS 26,FALSE,,,,87,
DEV00776,U0384,Smartphone,Apple,iPhone 14,iOS 26.1,TRUE,119e336f-214d-96cf-fa42-ed5b9ede3b42,TRUE,101,58,Verizon
DEV00777,U0384,Laptop,Apple,MacBook Air,macOS 26,FALSE,,,,78,
DEV00778,U0384,Tablet,Apple,iPad,iPadOS 26,FALSE,,,,89,
DEV00779,U0385,Smartphone,Apple,iPhone 13,iOS 26.1,TRUE,fd25cabb-f7fe-8d58-4609-e377df937af2,TRUE,112,67,AT&T
DEV00780,U0385,Laptop,Apple,MacBook Air,macOS 26,FALSE,,,,86,
DEV00781,U0385,Tablet,Apple,iPad,iPadOS 26,FALSE,,,,86,
DEV00782,U0386,Smartphone,Apple,iPhone 14,iOS 18.6,TRUE,784fd3d2-c80a-3909-419f-e1bd5ce6d6d1,FALSE,151,63,Visible
DEV00783,U0386,Laptop,Apple,MacBook Pro,macOS 26,FALSE,,,,90,
DEV00784,U0387,Smartphone,Apple,iPhone 14,iOS 26.1,TRUE,2e3e3ddc-e97a-cd6e-455a-2798816530e3,FALSE,68,66,Mint Mobile
DEV00785,U0387,Laptop,Lenovo,Yoga Slim,Windows 11,FALSE,,,,90,
DEV00786,U0388,Smartphone,Apple,iPhone 15,iOS 26.1,TRUE,f2b95c8b-98a6-5d7b-fce5-e7ee7f2de8c5,TRUE,74,70,T-Mobile
DEV00787,U0388,Laptop,HP,Spectre x360,Windows 11,FALSE,,,,91,
DEV00788,U0389,Smartphone,Samsung,Galaxy A56,Android 16,TRUE,ac9450b2-1ba4-3c69-dbac-344667f17ff7,TRUE,121,71,Verizon
DEV00789,U0389,Laptop,Apple,MacBook Pro,macOS 26,FALSE,,,,93,
DEV00790,U0389,Tablet,Apple,iPad,iPadOS 26,FALSE,,,,88,
DEV00791,U0390,Smartphone,Google,Pixel 8a,Android 16,TRUE,af50769a-5e24-82be-5dcb-f5404ffa131b,FALSE,100,83,AT&T
DEV00792,U0390,Laptop,Apple,MacBook Air,macOS 26,FALSE,,,,95,
DEV00793,U0391,Smartphone,Samsung,Galaxy S25,Android 16,TRUE,f3deb0f8-24e0-d0be-95f2-ec3ecda2974f,FALSE,110,80,AT&T
DEV00794,U0391,Laptop,Apple,MacBook Pro,macOS 26,FALSE,,,,76,
DEV00795,U0392,Smartphone,Apple,iPhone Air,iOS 18.6,TRUE,af5690f6-ab82-30c4-c6ac-dbc242e6b566,FALSE,131,72,AT&T
DEV00796,U0392,Laptop,Dell,XPS 13,Windows 11,FALSE,,,,84,
DEV00797,U0393,Smartphone,Apple,iPhone 17,iOS 26.1,TRUE,8c92f3ea-bcc8-47c6-f69e-77ba1c118eca,FALSE,97,70,AT&T
DEV00798,U0393,Laptop,HP,Spectre x360,Windows 11,FALSE,,,,78,
DEV00799,U0394,Smartphone,Samsung,Galaxy A56,Android 16,TRUE,de032e6c-f704-33f2-ffa7-e87070d543ca,TRUE,127,82,US Cellular
DEV00800,U0394,Tablet,Samsung,Galaxy Tab S9,Android 16,FALSE,,,,86,
DEV00801,U0395,Smartphone,Samsung,Galaxy A56,Android 16,TRUE,9e990b26-426f-45ed-7188-b8977f7cedee,TRUE,59,60,T-Mobile
DEV00802,U0395,Laptop,Lenovo,Yoga Slim,Windows 11,FALSE,,,,85,
DEV00803,U0396,Smartphone,Apple,iPhone 15,iOS 26.1,TRUE,90df75ed-7636-145a-17a0-fb2b39a6de86,FALSE,114,74,Verizon
DEV00804,U0396,Laptop,HP,Spectre x360,Windows 11,FALSE,,,,95,
DEV00805,U0397,Smartphone,Apple,iPhone 16,iOS 26.1,TRUE,7daa9ec7-27ab-e4d3-4286-0b1dc7585557,FALSE,137,63,AT&T
DEV00806,U0397,Tablet,Apple,iPad,iPadOS 26,FALSE,,,,82,
DEV00807,U0398,Smartphone,Apple,iPhone 15,iOS 26.1,TRUE,489b7199-9dad-e717-14a5-a833e1ff0785,FALSE,99,65,Visible
DEV00808,U0399,Smartphone,Apple,iPhone 17,iOS 26.1,TRUE,c49cbc4e-0240-82da-89af-93ab1de677eb,FALSE,143,70,Verizon
DEV00809,U0399,Laptop,Dell,XPS 13,Windows 11,FALSE,,,,89,
DEV00810,U0400,Smartphone,Samsung,Galaxy S25,Android 15,TRUE,d48d7f7c-1b6a-12d2-a931-74c9cb0134b8,TRUE,156,39,AT&T
DEV00811,U0400,Laptop,HP,Spectre x360,Windows 11,FALSE,,,,100,
DEV00812,U0401,Smartphone,Samsung,Galaxy S24,Android 15,TRUE,a89ae2ce-9233-f40e-3452-f7cb11d45203,TRUE,121,56,T-Mobile
DEV00813,U0401,Laptop,Apple,MacBook Air,macOS 26,FALSE,,,,100,
DEV00814,U0401,Tablet,Apple,iPad Air,iPadOS 26,FALSE,,,,80,
DEV00815,U0402,Smartphone,Apple,iPhone 15,iOS 18.6,TRUE,0ed7af25-a6ff-43ee-c260-4dd7f5b70d2e,FALSE,142,62,Visible
DEV00816,U0402,Laptop,Apple,MacBook Air,macOS 26,FALSE,,,,78,
DEV00817,U0403,Smartphone,Apple,iPhone 14,iOS 18.6,TRUE,ef41dfc7-f482-6405-cba4-bb9d420700c6,FALSE,110,62,Mint Mobile
DEV00818,U0403,Laptop,Lenovo,Yoga Slim,Windows 11,FALSE,,,,83,
DEV00819,U0403,Tablet,Apple,iPad,iPadOS 26,FALSE,,,,93,
DEV00820,U0404,Smartphone,Apple,iPhone 15,iOS 26.1,TRUE,f044167c-1f63-22cf-781f-235f31ce06e7,FALSE,98,42,Cricket
DEV00821,U0404,Laptop,Lenovo,Yoga Slim,Windows 11,FALSE,,,,85,
DEV00822,U0405,Smartphone,Apple,iPhone Air,iOS 26.1,TRUE,407ad147-d685-088a-f0d4-f4a961e64eba,FALSE,164,46,Verizon
DEV00823,U0405,Laptop,Apple,MacBook Air,macOS 26,FALSE,,,,85,
DEV00824,U0406,Smartphone,Google,Pixel 8a,Android 16,TRUE,7691a911-5e05-0e89-b351-01637903a3d0,TRUE,141,55,T-Mobile
DEV00825,U0406,Laptop,ASUS,Gaming Laptop,Windows 11,FALSE,,,,78,
DEV00826,U0406,Tablet,Apple,iPad,iPadOS 26,FALSE,,,,99,
DEV00827,U0407,Smartphone,Apple,iPhone 14,iOS 18.6,TRUE,b72dbbf6-3cd1-0ee0-ba0a-401d982cf2ce,FALSE,93,84,AT&T
DEV00828,U0407,Laptop,Apple,MacBook Air,macOS 26,FALSE,,,,92,
DEV00829,U0408,Smartphone,Apple,iPhone 13,iOS 26.1,TRUE,f1809d63-5be9-7502-6409-b5596d31cbc3,TRUE,169,43,Cricket
DEV00830,U0408,Laptop,Apple,MacBook Pro,macOS 26,FALSE,,,,77,
DEV00831,U0409,Smartphone,Apple,iPhone 14,iOS 26.1,TRUE,6f29226d-8287-36a4-ee5d-c2ab4a75d358,TRUE,120,56,AT&T
DEV00832,U0409,Laptop,Apple,MacBook Air,macOS 26,FALSE,,,,86,
DEV00833,U0410,Smartphone,Apple,iPhone 17,iOS 26.1,TRUE,e4059f5f-e0a6-235f-f3c7-2d625ce6b160,FALSE,146,72,Verizon
DEV00834,U0410,Laptop,Apple,MacBook Air,macOS 26,FALSE,,,,85,
DEV00835,U0410,Tablet,Apple,iPad Air,iPadOS 26,FALSE,,,,85,
DEV00836,U0411,Smartphone,Samsung,Galaxy S24,Android 16,TRUE,b6b3c5e0-35be-6b30-626a-39fb58a6884d,TRUE,104,93,T-Mobile
DEV00837,U0411,Laptop,Lenovo,Yoga Slim,Windows 11,FALSE,,,,89,
DEV00838,U0412,Smartphone,Samsung,Galaxy A56,Android 16,TRUE,4a3e593f-3eab-afb6-9667-41b8291f8dc4,TRUE,126,65,AT&T
DEV00839,U0412,Tablet,Apple,iPad,iPadOS 26,FALSE,,,,87,
DEV00840,U0413,Smartphone,Apple,iPhone 13,iOS 26.1,TRUE,231d70c8-e518-3da5-71f0-25ceb6b19048,FALSE,123,70,Verizon
DEV00841,U0413,Laptop,Apple,MacBook Pro,macOS 26,FALSE,,,,91,
DEV00842,U0414,Smartphone,Apple,iPhone 16,iOS 26.1,TRUE,c65567f3-43ca-cc84-e03b-a7ca96715782,FALSE,76,51,AT&T
DEV00843,U0414,Laptop,Apple,MacBook Air,macOS 26,FALSE,,,,85,
DEV00844,U0415,Smartphone,Apple,iPhone 16,iOS 18.6,TRUE,669f8f26-ce6d-d740-2d02-007d7e2b1eca,FALSE,146,52,T-Mobile
DEV00845,U0415,Laptop,Microsoft,Surface Laptop,Windows 11,FALSE,,,,92,
DEV00846,U0416,Smartphone,Apple,iPhone 17,iOS 26.1,TRUE,594d9945-50a5-30ce-d254-32e05a27b01e,TRUE,137,44,AT&T
DEV00847,U0416,Laptop,Apple,MacBook Air,macOS 26,FALSE,,,,82,
DEV00848,U0417,Smartphone,Apple,iPhone 14,iOS 26.1,TRUE,8db515f3-4236-ec58-5af9-4f835d5cfb64,FALSE,116,57,Mint Mobile
DEV00849,U0417,Laptop,ASUS,Gaming Laptop,Windows 11,FALSE,,,,70,
DEV00850,U0418,Smartphone,Apple,iPhone 16,iOS 26.1,TRUE,3f61b375-dd51-6976-fd45-4ce5731ec692,FALSE,157,69,T-Mobile
DEV00851,U0418,Laptop,HP,Spectre x360,Windows 11,FALSE,,,,85,
DEV00852,U0419,Smartphone,Apple,iPhone 14,iOS 26.1,TRUE,cb56ddcc-7eeb-71ba-425f-a21c453bed03,FALSE,106,71,T-Mobile
DEV00853,U0419,Tablet,Apple,iPad Air,iPadOS 26,FALSE,,,,99,
DEV00854,U0420,Smartphone,Google,Pixel 10,Android 15,TRUE,31422827-92bd-42a6-79b1-c70450b2b0ae,FALSE,68,74,AT&T
DEV00855,U0421,Smartphone,Apple,iPhone 14,iOS 18.6,TRUE,d73a3e54-efa8-8fc0-a244-926663888e23,FALSE,70,75,Verizon
DEV00856,U0421,Laptop,Apple,MacBook Air,macOS 26,FALSE,,,,95,
DEV00857,U0421,Tablet,Apple,iPad Air,iPadOS 26,FALSE,,,,96,
DEV00858,U0422,Smartphone,Apple,iPhone 14,iOS 26.1,TRUE,3018d95c-5403-ad4d-addd-76564954146a,FALSE,150,61,Verizon
DEV00859,U0423,Smartphone,Apple,iPhone 16,iOS 26.1,TRUE,b177c8e9-a8a3-db3e-11d9-994909e90fce,TRUE,92,64,T-Mobile
DEV00860,U0423,Tablet,Apple,iPad Air,iPadOS 26,FALSE,,,,90,
DEV00861,U0424,Smartphone,Apple,iPhone 17,iOS 26.1,TRUE,d6dfd509-bf9b-22ae-6864-bb8ae37ea490,FALSE,168,62,AT&T
DEV00862,U0424,Tablet,Apple,iPad Pro,iPadOS 26,FALSE,,,,87,
DEV00863,U0425,Smartphone,Google,Pixel 9,Android 15,TRUE,b180bc20-6a5e-850a-e28b-c0b1d7042ae6,TRUE,148,56,T-Mobile
DEV00864,U0425,Laptop,Apple,MacBook Pro,macOS 26,FALSE,,,,92,
DEV00865,U0426,Smartphone,Apple,iPhone 14,iOS 26.1,TRUE,86a5931e-b423-4287-f1fa-0664b92941bb,FALSE,141,47,Verizon
DEV00866,U0427,Smartphone,Samsung,Galaxy A56,Android 15,TRUE,92724ece-9bf5-9953-997f-1ac347300644,TRUE,109,49,Verizon
DEV00867,U0428,Smartphone,Apple,iPhone 13,iOS 26.1,TRUE,91330d59-7310-e401-34b1-a67ef9ecd115,FALSE,117,55,T-Mobile
DEV00868,U0428,Laptop,Apple,MacBook Air,macOS 26,FALSE,,,,96,
DEV00869,U0429,Smartphone,Samsung,Galaxy S24,Android 15,TRUE,9be6bb6f-0fb2-457e-43d7-39f35a5bc2c6,TRUE,82,74,Mint Mobile
DEV00870,U0430,Smartphone,Google,Pixel 8a,Android 15,TRUE,f08a6620-fc87-2fa7-9e9a-b2df777f726f,TRUE,96,34,AT&T
DEV00871,U0430,Laptop,Apple,MacBook Air,macOS 26,FALSE,,,,75,
DEV00872,U0431,Smartphone,Google,Pixel 8a,Android 16,TRUE,b74ab213-99ff-688a-edd6-7f7cdad35808,TRUE,153,53,T-Mobile
DEV00873,U0431,Laptop,Lenovo,Yoga Slim,Windows 11,FALSE,,,,86,
DEV00874,U0432,Smartphone,Apple,iPhone 14,iOS 26.1,TRUE,7e9087fb-02ab-e0c2-c14b-3389b4f67283,FALSE,145,72,Verizon
DEV00875,U0432,Laptop,Apple,MacBook Air,macOS 26,FALSE,,,,91,
DEV00876,U0433,Smartphone,Apple,iPhone 16,iOS 26.1,TRUE,90e12948-ce6e-6209-2112-3e2905f01187,TRUE,134,57,Verizon
DEV00877,U0433,Laptop,Dell,XPS 13,Windows 11,FALSE,,,,84,
DEV00878,U0434,Smartphone,Apple,iPhone 15,iOS 18.6,TRUE,7c14928a-71ea-2e03-ea3f-b4e7561250e1,FALSE,145,56,Verizon
DEV00879,U0434,Laptop,Dell,XPS 13,Windows 11,FALSE,,,,80,
DEV00880,U0435,Smartphone,Apple,iPhone 13,iOS 26.1,TRUE,612b20d2-8701-d1bc-20ff-9d039b7dd2a6,TRUE,119,64,T-Mobile
DEV00881,U0436,Smartphone,Apple,iPhone 16,iOS 26.1,TRUE,dc941ff8-e199-b790-a43b-0a0efeeeda15,FALSE,134,81,T-Mobile
DEV00882,U0437,Smartphone,Apple,iPhone 14,iOS 18.6,TRUE,31e32d2e-f635-2981-2b46-e265ab28989f,FALSE,119,62,Mint Mobile
DEV00883,U0437,Laptop,Apple,MacBook Air,macOS 26,FALSE,,,,82,
DEV00884,U0438,Smartphone,Apple,iPhone 17,iOS 26.1,TRUE,03dd0d9e-b9ca-8c81-14da-ab009632bfce,FALSE,195,44,Mint Mobile
DEV00885,U0438,Laptop,HP,Spectre x360,Windows 11,FALSE,,,,85,
DEV00886,U0438,Tablet,Samsung,Galaxy Tab S9,Android 16,FALSE,,,,82,
DEV00887,U0439,Smartphone,Apple,iPhone Air,iOS 26.1,TRUE,13bdbfcf-de57-7904-426e-941579836bbe,FALSE,154,45,Verizon
DEV00888,U0440,Smartphone,Apple,iPhone 16,iOS 26.1,TRUE,0bded1d6-a114-96c0-61a4-e7d50bb38e35,FALSE,135,51,AT&T
DEV00889,U0440,Laptop,HP,Spectre x360,Windows 11,FALSE,,,,87,
DEV00890,U0441,Smartphone,Samsung,Galaxy S25,Android 16,TRUE,d8ca9d9b-b6af-749e-41a7-7e3c6a80d83a,TRUE,125,63,Visible
DEV00891,U0442,Smartphone,Apple,iPhone 16,iOS 18.6,TRUE,7f53d92a-ba98-4fea-38bf-28c71ecb1d60,FALSE,104,55,AT&T
DEV00892,U0442,Laptop,Apple,MacBook Air,macOS 26,FALSE,,,,82,
DEV00893,U0442,Tablet,Apple,iPad,iPadOS 26,FALSE,,,,99,
DEV00894,U0443,Smartphone,Apple,iPhone 16,iOS 18.6,TRUE,3e63bfac-df1c-f8a8-7edc-305c43364d1a,TRUE,79,49,T-Mobile
DEV00895,U0443,Laptop,Dell,XPS 13,Windows 11,FALSE,,,,93,
DEV00896,U0444,Smartphone,Google,Pixel 8a,Android 16,TRUE,13908128-42a7-e770-d2b9-067364ead057,TRUE,182,64,T-Mobile
DEV00897,U0444,Tablet,Apple,iPad,iPadOS 26,FALSE,,,,88,
DEV00898,U0445,Smartphone,Samsung,Galaxy S23,Android 16,TRUE,4b11bf2a-82d4-4ce4-f1ef-e564fe2fab1e,TRUE,138,65,Verizon
DEV00899,U0445,Laptop,Lenovo,Yoga Slim,Windows 11,FALSE,,,,100,
DEV00900,U0446,Smartphone,Apple,iPhone 15,iOS 26.1,TRUE,7449b7c1-4146-9f30-ce85-c2ece5ddb1be,FALSE,74,50,Verizon
DEV00901,U0447,Smartphone,Samsung,Galaxy S24,Android 16,TRUE,2417c29f-1d3b-cf15-1f24-07be6aeb6ef2,FALSE,132,58,T-Mobile
DEV00902,U0448,Smartphone,Samsung,Galaxy S25,Android 16,TRUE,521bf82d-8747-fa5b-8029-cf15fe9ab8e8,FALSE,88,71,Verizon
DEV00903,U0448,Laptop,Dell,XPS 13,Windows 11,FALSE,,,,91,
DEV00904,U0449,Smartphone,Motorola,Motorola Edge,Android 16,TRUE,d2afd74f-e354-2691-8b23-fea339646fef,TRUE,105,70,Verizon
DEV00905,U0449,Tablet,Apple,iPad Pro,iPadOS 26,FALSE,,,,88,
DEV00906,U0450,Smartphone,Apple,iPhone 15,iOS 26.1,TRUE,5cc26975-3caf-c712-0914-3bd3b0aab6ac,FALSE,138,63,Verizon
DEV00907,U0450,Laptop,Apple,MacBook Air,macOS 26,FALSE,,,,80,
DEV00908,U0451,Smartphone,Apple,iPhone 17,iOS 26.1,TRUE,6113dddf-3b9f-1286-9456-c33513a1750d,TRUE,84,56,T-Mobile
DEV00909,U0451,Laptop,HP,Spectre x360,Windows 11,FALSE,,,,89,
DEV00910,U0452,Smartphone,Apple,iPhone 14,iOS 26.1,TRUE,69814bb0-c21f-7850-63b1-50f4e105d091,FALSE,100,67,Verizon
DEV00911,U0452,Laptop,Apple,MacBook Air,macOS 26,FALSE,,,,93,
DEV00912,U0453,Smartphone,Apple,iPhone 15,iOS 26.1,TRUE,86bf5f24-f2c4-dd00-a4ec-68854e9bd9ba,FALSE,109,72,US Cellular
DEV00913,U0453,Laptop,Apple,MacBook Pro,macOS 26,FALSE,,,,95,
DEV00914,U0454,Smartphone,Apple,iPhone 15,iOS 26.1,TRUE,fbca05b9-e5a7-a6e4-ca77-945963a4074b,FALSE,173,49,AT&T
DEV00915,U0454,Tablet,Apple,iPad Air,iPadOS 26,FALSE,,,,88,
DEV00916,U0455,Smartphone,Apple,iPhone 15,iOS 26.1,TRUE,51875627-6026-7079-c4be-619cf0b2e6b9,FALSE,115,71,Mint Mobile
DEV00917,U0455,Laptop,Apple,MacBook Pro,macOS 26,FALSE,,,,84,
DEV00918,U0456,Smartphone,Apple,iPhone 14,iOS 26.1,TRUE,ffef44a6-13d5-addf-a9d0-ef570c02979f,FALSE,84,59,T-Mobile
DEV00919,U0456,Laptop,Apple,MacBook Pro,macOS 26,FALSE,,,,82,
DEV00920,U0457,Smartphone,Google,Pixel 10,Android 15,TRUE,fb3e1b78-f449-71b3-5020-30f19e71d1da,FALSE,146,36,T-Mobile
DEV00921,U0457,Laptop,Apple,MacBook Air,macOS 26,FALSE,,,,93,
DEV00922,U0458,Smartphone,Apple,iPhone Air,iOS 26.1,TRUE,b9fd0892-e7fc-f1bd-2b4e-928b843a944f,FALSE,143,65,Verizon
DEV00923,U0458,Laptop,Microsoft,Surface Laptop,Windows 11,FALSE,,,,74,
DEV00924,U0458,Tablet,Apple,iPad,iPadOS 26,FALSE,,,,77,
DEV00925,U0459,Smartphone,Google,Pixel 8a,Android 16,TRUE,63176291-46b3-c2d0-f55d-999925f370a3,TRUE,109,46,AT&T
DEV00926,U0459,Laptop,Microsoft,Surface Laptop,Windows 11,FALSE,,,,83,
DEV00927,U0460,Smartphone,Apple,iPhone 15,iOS 26.1,TRUE,f472c900-3cdc-af8c-0c57-7d53640f0b9a,FALSE,127,66,Verizon
DEV00928,U0460,Laptop,Apple,MacBook Pro,macOS 26,FALSE,,,,89,
DEV00929,U0461,Smartphone,Apple,iPhone 16,iOS 26.1,TRUE,a858e234-36b8-ed3c-b1ee-489697671927,TRUE,78,74,Mint Mobile
DEV00930,U0461,Laptop,HP,Spectre x360,Windows 11,FALSE,,,,85,
DEV00931,U0462,Smartphone,Apple,iPhone Air,iOS 26.1,TRUE,3f76cefe-b44b-c891-a25d-8d73f48d7032,FALSE,125,59,Verizon
DEV00932,U0462,Tablet,Apple,iPad Pro,iPadOS 26,FALSE,,,,93,
DEV00933,U0463,Smartphone,Apple,iPhone 14,iOS 26.1,TRUE,ab54cc32-f4a5-eef6-0d47-7003401f7073,FALSE,111,69,Mint Mobile
DEV00934,U0463,Laptop,Apple,MacBook Pro,macOS 26,FALSE,,,,84,
DEV00935,U0464,Smartphone,Apple,iPhone 16,iOS 26.1,TRUE,e85e622b-8274-eaf0-7db1-f1a7212dcf09,TRUE,119,55,AT&T
DEV00936,U0464,Tablet,Apple,iPad Air,iPadOS 26,FALSE,,,,100,
DEV00937,U0465,Smartphone,Apple,iPhone 15,iOS 26.1,TRUE,6585001a-d531-b06c-5642-ec58a2f9b9a3,FALSE,76,69,AT&T
DEV00938,U0465,Laptop,Apple,MacBook Air,macOS 26,FALSE,,,,85,
DEV00939,U0465,Tablet,Apple,iPad,iPadOS 26,FALSE,,,,95,
DEV00940,U0466,Smartphone,Apple,iPhone 14,iOS 26.1,TRUE,0fa20e95-3b60-b836-a478-47cd1eb724ee,TRUE,77,52,AT&T
DEV00941,U0466,Laptop,Apple,MacBook Pro,macOS 26,FALSE,,,,100,
DEV00942,U0467,Smartphone,Motorola,Moto G Power,Android 16,TRUE,ede9d376-3ad0-0fc2-74ed-4aa11f2a3296,FALSE,115,44,AT&T
DEV00943,U0467,Laptop,Apple,MacBook Air,macOS 26,FALSE,,,,92,
DEV00944,U0468,Smartphone,Apple,iPhone 16,iOS 26.1,TRUE,06ee110d-9168-434f-bf85-667c38597877,FALSE,98,48,Visible
DEV00945,U0469,Smartphone,Apple,iPhone 15,iOS 26.1,TRUE,80b7a892-78f4-88d0-ada1-b898f6c665b1,FALSE,130,59,Verizon
DEV00946,U0469,Laptop,Apple,MacBook Air,macOS 26,FALSE,,,,89,
DEV00947,U0470,Smartphone,Apple,iPhone 16,iOS 26.1,TRUE,0f147cc4-9d54-579e-ff53-7a85429cf99c,FALSE,104,57,Verizon
DEV00948,U0470,Laptop,Apple,MacBook Air,macOS 26,FALSE,,,,94,
DEV00949,U0471,Smartphone,Apple,iPhone 14,iOS 26.1,TRUE,f781201f-7dba-31d0-963c-ef9bf80501f3,TRUE,91,53,AT&T
DEV00950,U0471,Laptop,Apple,MacBook Air,macOS 26,FALSE,,,,88,
DEV00951,U0471,Tablet,Apple,iPad,iPadOS 26,FALSE,,,,88,
DEV00952,U0472,Smartphone,Apple,iPhone 15,iOS 26.1,TRUE,45405101-f7c4-2938-01c5-1746d0b407b8,FALSE,130,76,Verizon
DEV00953,U0473,Smartphone,Google,Pixel 8a,Android 16,TRUE,0871c588-9c1c-e72c-9225-cccbfdd27830,TRUE,181,48,US Cellular
DEV00954,U0474,Smartphone,Apple,iPhone 14,iOS 26.1,TRUE,1a0d4c51-fdd3-3e15-df91-05086000be6a,FALSE,95,66,Mint Mobile
DEV00955,U0475,Smartphone,Apple,iPhone 16,iOS 26.1,TRUE,e6397e69-4bed-7000-76bc-92b8ef2e3436,FALSE,114,91,Verizon
DEV00956,U0475,Laptop,Apple,MacBook Pro,macOS 26,FALSE,,,,87,
DEV00957,U0476,Smartphone,Apple,iPhone 16,iOS 26.1,TRUE,90b86790-1f31-5916-6eab-3c9dce2247bf,FALSE,111,54,Verizon
DEV00958,U0476,Laptop,Dell,XPS 13,Windows 11,FALSE,,,,100,
DEV00959,U0477,Smartphone,Apple,iPhone 14,iOS 26.1,TRUE,ea7f01ce-5c02-c93b-6f5a-432b8d19f495,FALSE,90,54,T-Mobile
DEV00960,U0477,Laptop,Apple,MacBook Air,macOS 26,FALSE,,,,92,
DEV00961,U0477,Tablet,Apple,iPad,iPadOS 26,FALSE,,,,90,
DEV00962,U0478,Smartphone,Apple,iPhone 15,iOS 26.1,TRUE,a0aaa9e7-c506-db24-13d7-8ad4f0c5b771,FALSE,160,62,AT&T
DEV00963,U0478,Laptop,Dell,XPS 13,Windows 11,FALSE,,,,80,
DEV00964,U0479,Smartphone,Google,Pixel 10,Android 15,TRUE,44d36eee-dc37-9d8d-fc68-906003eb7969,TRUE,94,57,T-Mobile
DEV00965,U0479,Laptop,Dell,XPS 13,Windows 11,FALSE,,,,65,
DEV00966,U0480,Smartphone,Apple,iPhone 15,iOS 18.6,TRUE,d7a1ae74-1c09-0f10-46ec-b9b7f7d4c5c5,FALSE,144,70,Verizon
DEV00967,U0480,Laptop,Apple,MacBook Air,macOS 26,FALSE,,,,77,
DEV00968,U0481,Smartphone,Apple,iPhone 17,iOS 26.1,TRUE,1c9481dd-440c-f618-874e-f4872cadebf1,FALSE,141,48,AT&T
DEV00969,U0482,Smartphone,Apple,iPhone 16,iOS 26.1,TRUE,a80e6114-3d0f-81cc-3938-bf081dc694dc,FALSE,129,70,Visible
DEV00970,U0483,Smartphone,Apple,iPhone 15,iOS 26.1,TRUE,3f1c47c4-c632-87ba-643c-70f71d30f0ba,FALSE,175,56,T-Mobile
DEV00971,U0484,Smartphone,Apple,iPhone 14,iOS 26.1,TRUE,cc984b74-841f-336c-f9b5-4b30aa94b1da,FALSE,102,67,AT&T
DEV00972,U0484,Laptop,Microsoft,Surface Laptop,Windows 11,FALSE,,,,83,
DEV00973,U0485,Smartphone,Samsung,Galaxy S24,Android 16,TRUE,45199659-b397-8270-423c-5ca88a998978,TRUE,112,54,Verizon
DEV00974,U0485,Laptop,Apple,MacBook Pro,macOS 26,FALSE,,,,82,
DEV00975,U0485,Tablet,Apple,iPad Air,iPadOS 26,FALSE,,,,89,
DEV00976,U0486,Smartphone,Apple,iPhone 15,iOS 26.1,TRUE,72e1264b-5ca7-3c9a-c908-826f848cb928,FALSE,143,50,Verizon
DEV00977,U0486,Laptop,Apple,MacBook Air,macOS 26,FALSE,,,,90,
DEV00978,U0487,Smartphone,Apple,iPhone 16,iOS 26.1,TRUE,ca84e1d7-35dd-5002-e886-f66ce9b61644,FALSE,185,38,Verizon
DEV00979,U0487,Laptop,Apple,MacBook Air,macOS 26,FALSE,,,,84,
DEV00980,U0488,Smartphone,Apple,iPhone 16,iOS 26.1,TRUE,24bd27d3-c1f9-608f-240b-1894f0152c24,FALSE,110,77,AT&T
DEV00981,U0488,Laptop,Microsoft,Surface Laptop,Windows 11,FALSE,,,,98,
DEV00982,U0489,Smartphone,Samsung,Galaxy S25,Android 16,TRUE,4e524e6d-305a-41a9-5028-0ec01df7bb65,FALSE,80,50,T-Mobile
DEV00983,U0489,Laptop,Apple,MacBook Pro,macOS 26,FALSE,,,,93,
DEV00984,U0490,Smartphone,Samsung,Galaxy S24,Android 16,TRUE,aa2349c6-b0f3-b755-fa51-ccb0be6956a1,TRUE,132,47,T-Mobile
DEV00985,U0490,Laptop,Apple,MacBook Air,macOS 26,FALSE,,,,85,
DEV00986,U0491,Smartphone,Apple,iPhone 16,iOS 18.6,TRUE,2c17fb37-f329-0a7f-f25d-642a0f6af8f2,TRUE,105,63,Verizon
DEV00987,U0491,Laptop,Dell,XPS 13,Windows 11,FALSE,,,,73,
DEV00988,U0492,Smartphone,Apple,iPhone 14,iOS 26.1,TRUE,50dae7a0-2eec-59fd-4f74-0e0404400c70,FALSE,89,72,T-Mobile
DEV00989,U0492,Laptop,Apple,MacBook Air,macOS 26,FALSE,,,,87,
DEV00990,U0493,Smartphone,Apple,iPhone 15,iOS 18.6,TRUE,52e6ce57-0b09-4bba-2030-12a73d275b36,FALSE,76,72,AT&T
DEV00991,U0493,Laptop,Apple,MacBook Air,macOS 26,FALSE,,,,81,
DEV00992,U0494,Smartphone,Apple,iPhone 14,iOS 26.1,TRUE,b7ab9a8d-fd90-b371-3f35-1a5ca7b05ba7,FALSE,169,74,Verizon
DEV00993,U0495,Smartphone,Apple,iPhone 16,iOS 26.1,TRUE,f7807afc-42d5-f6e4-2d48-838823e1536d,FALSE,111,75,Verizon
DEV00994,U0495,Laptop,Apple,MacBook Air,macOS 26,FALSE,,,,71,
DEV00995,U0495,Tablet,Apple,iPad Pro,iPadOS 26,FALSE,,,,90,
DEV00996,U0496,Smartphone,Apple,iPhone 16,iOS 26.1,TRUE,06193a8b-8e01-4857-9778-0ec6bd2663bc,TRUE,134,58,Verizon
DEV00997,U0496,Laptop,Apple,MacBook Air,macOS 26,FALSE,,,,89,
DEV00998,U0497,Smartphone,Samsung,Galaxy A56,Android 16,TRUE,d4be17f7-9f4b-bd38-5daf-5a892fe342b4,TRUE,99,83,Verizon
DEV00999,U0497,Laptop,Lenovo,Yoga Slim,Windows 11,FALSE,,,,86,
DEV01000,U0498,Smartphone,Apple,iPhone 16,iOS 18.6,TRUE,4d6748a2-9658-a32d-6930-fb8155671d8d,FALSE,123,69,Verizon
DEV01001,U0498,Laptop,Microsoft,Surface Laptop,Windows 11,FALSE,,,,100,
DEV01002,U0498,Tablet,Apple,iPad Air,iPadOS 26,FALSE,,,,100,
DEV01003,U0499,Smartphone,Samsung,Galaxy S25,Android 16,TRUE,f999d154-1896-caae-b885-0ab65f1f5f60,TRUE,116,49,T-Mobile
DEV01004,U0500,Smartphone,Apple,iPhone 14,iOS 26.1,TRUE,628003d0-6981-8606-1243-3e6b2d3b33a3,FALSE,134,42,T-Mobile
DEV01005,U0501,Smartphone,Apple,iPhone Air,iOS 26.1,TRUE,cb4b154e-1fc5-b297-e302-b349063d1f19,FALSE,109,55,Verizon
DEV01006,U0501,Laptop,Apple,MacBook Pro,macOS 26,FALSE,,,,100,
DEV01007,U0502,Smartphone,Google,Pixel 9,Android 16,TRUE,20e3aaba-1e5b-e8ba-c4cd-03d5549add91,TRUE,111,45,AT&T
DEV01008,U0502,Laptop,Apple,MacBook Air,macOS 26,FALSE,,,,96,
DEV01009,U0503,Smartphone,Apple,iPhone Air,iOS 26.1,TRUE,3361f5fa-e0ff-8b2d-9306-d5b2ac231140,FALSE,97,53,AT&T
DEV01010,U0503,Laptop,Apple,MacBook Pro,macOS 26,FALSE,,,,90,
DEV01011,U0503,Tablet,Apple,iPad,iPadOS 26,FALSE,,,,83,
DEV01012,U0504,Smartphone,Apple,iPhone Air,iOS 18.6,TRUE,8bfb0c9a-ae04-6f34-fb19-d7f403f56b42,FALSE,152,51,AT&T
DEV01013,U0505,Smartphone,Apple,iPhone 17,iOS 26.1,TRUE,7a96bdb7-2333-fb9a-5e5a-2dc39141da3c,TRUE,105,58,Verizon
DEV01014,U0505,Laptop,Apple,MacBook Pro,macOS 26,FALSE,,,,76,
DEV01015,U0506,Smartphone,Apple,iPhone 15,iOS 26.1,TRUE,3d0facbc-b885-a9ca-7660-6926bddb9ca5,TRUE,90,62,AT&T
DEV01016,U0507,Smartphone,Apple,iPhone 14,iOS 18.6,TRUE,5605cbdc-d532-30e3-5ca2-56f77b95cdcd,FALSE,171,61,Verizon
DEV01017,U0507,Laptop,Dell,XPS 13,Windows 11,FALSE,,,,86,
DEV01018,U0508,Smartphone,Samsung,Galaxy A56,Android 16,TRUE,8ab9613b-5567-06d6-3afa-63a98173b8e9,TRUE,90,65,US Cellular
DEV01019,U0509,Smartphone,Google,Pixel 8a,Android 16,TRUE,859eae69-f8bb-a749-847e-13292a7edb0d,TRUE,132,70,T-Mobile
DEV01020,U0509,Laptop,HP,Spectre x360,Windows 11,FALSE,,,,78,
DEV01021,U0509,Tablet,Apple,iPad Pro,iPadOS 26,FALSE,,,,94,
DEV01022,U0510,Smartphone,Apple,iPhone 15,iOS 26.1,TRUE,e064d3b9-9c29-c910-7a5b-1b14a6884258,FALSE,109,77,T-Mobile
DEV01023,U0510,Laptop,Apple,MacBook Pro,macOS 26,FALSE,,,,87,
DEV01024,U0510,Tablet,Apple,iPad,iPadOS 26,FALSE,,,,98,
DEV01025,U0511,Smartphone,Apple,iPhone Air,iOS 26.1,TRUE,e49647ae-fb8e-27b6-654f-ca686cf7e4e4,FALSE,112,63,Verizon
DEV01026,U0511,Laptop,Dell,XPS 13,Windows 11,FALSE,,,,90,
DEV01027,U0512,Smartphone,Apple,iPhone 13,iOS 26.1,TRUE,0883e881-06c3-3b0c-358d-b8473d1ea99d,FALSE,124,74,T-Mobile
DEV01028,U0512,Laptop,Apple,MacBook Air,macOS 26,FALSE,,,,82,
DEV01029,U0513,Smartphone,Apple,iPhone 16,iOS 26.1,TRUE,676b0499-aed9-af5c-389a-df8f73ea4558,FALSE,131,78,Verizon
DEV01030,U0513,Laptop,HP,Spectre x360,Windows 11,FALSE,,,,93,
DEV01031,U0513,Tablet,Apple,iPad,iPadOS 26,FALSE,,,,100,
DEV01032,U0514,Smartphone,Apple,iPhone 15,iOS 26.1,TRUE,883c1d79-cb06-a103-65e3-9f3d92b39111,FALSE,83,56,Verizon
DEV01033,U0515,Smartphone,Apple,iPhone 15,iOS 26.1,TRUE,88e64494-efca-3bec-df0f-c2316f6f20c4,FALSE,136,54,AT&T
DEV01034,U0515,Laptop,Lenovo,Yoga Slim,Windows 11,FALSE,,,,83,
DEV01035,U0515,Tablet,Apple,iPad,iPadOS 26,FALSE,,,,96,
DEV01036,U0516,Smartphone,Google,Pixel 10,Android 16,TRUE,5b37ffd6-6f37-8b1e-859b-5d04720fb7a2,TRUE,92,49,AT&T
DEV01037,U0516,Laptop,Lenovo,Yoga Slim,Windows 11,FALSE,,,,90,
DEV01038,U0517,Smartphone,Apple,iPhone 17,iOS 18.6,TRUE,ef199402-7165-38b3-63de-1a867f59f9da,FALSE,146,82,T-Mobile
DEV01039,U0517,Laptop,Apple,MacBook Air,macOS 26,FALSE,,,,94,
DEV01040,U0518,Smartphone,Apple,iPhone 16,iOS 26.1,TRUE,5a1b506b-1066-58b0-ef07-1613c489dcc4,TRUE,113,63,Visible
DEV01041,U0518,Laptop,Apple,MacBook Air,macOS 26,FALSE,,,,95,
DEV01042,U0519,Smartphone,Apple,iPhone 17,iOS 26.1,TRUE,5f062df1-ab74-24f3-3f46-b3238aefa3d2,TRUE,132,77,T-Mobile
DEV01043,U0519,Laptop,HP,Spectre x360,Windows 11,FALSE,,,,86,
DEV01044,U0519,Tablet,Apple,iPad Pro,iPadOS 26,FALSE,,,,94,
DEV01045,U0520,Smartphone,Apple,iPhone 14,iOS 26.1,TRUE,2652b604-ee60-fb3d-349c-f0fac61dfd16,FALSE,46,69,T-Mobile
DEV01046,U0521,Smartphone,Apple,iPhone 15,iOS 26.1,TRUE,d0b1b4a6-90ed-0540-e44b-d1f04b7a3869,FALSE,145,71,AT&T
DEV01047,U0521,Laptop,Apple,MacBook Air,macOS 26,FALSE,,,,80,
DEV01048,U0522,Smartphone,Apple,iPhone 15,iOS 26.1,TRUE,c3655af7-1c54-598f-9ddd-c4468c7389d8,TRUE,122,66,Verizon
DEV01049,U0522,Laptop,Apple,MacBook Air,macOS 26,FALSE,,,,94,
DEV01050,U0522,Tablet,Samsung,Galaxy Tab S9,Android 16,FALSE,,,,84,
DEV01051,U0523,Smartphone,Apple,iPhone 15,iOS 26.1,TRUE,25067e52-b5aa-5373-b3b2-2e3290510556,TRUE,92,66,T-Mobile
DEV01052,U0523,Laptop,Apple,MacBook Air,macOS 26,FALSE,,,,96,
DEV01053,U0523,Tablet,Apple,iPad,iPadOS 26,FALSE,,,,93,
DEV01054,U0524,Smartphone,Apple,iPhone 13,iOS 26.1,TRUE,828f5ae5-2633-ba47-ff39-76bd43baff79,FALSE,150,59,Mint Mobile
DEV01055,U0524,Laptop,Apple,MacBook Air,macOS 26,FALSE,,,,92,
DEV01056,U0525,Smartphone,Apple,iPhone 14,iOS 18.6,TRUE,3a3b8e2c-045f-18e3-d48a-3794e4a29d2a,FALSE,100,86,T-Mobile
DEV01057,U0525,Laptop,Dell,XPS 13,Windows 11,FALSE,,,,85,
DEV01058,U0526,Smartphone,Samsung,Galaxy S24,Android 16,TRUE,ebed81cb-fba0-c983-7b0c-2d25d57c35c3,FALSE,125,72,T-Mobile
DEV01059,U0526,Laptop,Apple,MacBook Air,macOS 26,FALSE,,,,77,
DEV01060,U0527,Smartphone,Apple,iPhone 16,iOS 26.1,TRUE,cd4a0eea-cf36-76d0-a624-3fd795362ea8,FALSE,174,70,T-Mobile
DEV01061,U0527,Laptop,Apple,MacBook Pro,macOS 26,FALSE,,,,84,
DEV01062,U0527,Tablet,Apple,iPad,iPadOS 26,FALSE,,,,88,
DEV01063,U0528,Smartphone,Apple,iPhone 14,iOS 26.1,TRUE,123178c5-3fe2-a241-bf3a-a7496ad00f0b,FALSE,66,73,AT&T
DEV01064,U0528,Laptop,Microsoft,Surface Laptop,Windows 11,FALSE,,,,76,
DEV01065,U0529,Smartphone,Apple,iPhone 17,iOS 26.1,TRUE,28101b6d-48f0-14ee-9d0a-091eea7aa7ff,TRUE,90,73,Verizon
DEV01066,U0530,Smartphone,Apple,iPhone 16,iOS 26.1,TRUE,0bf57169-9bee-89d9-18dd-ed5b707577d5,FALSE,143,57,AT&T
DEV01067,U0530,Laptop,Apple,MacBook Air,macOS 26,FALSE,,,,99,
DEV01068,U0530,Tablet,Apple,iPad,iPadOS 26,FALSE,,,,81,
DEV01069,U0531,Smartphone,Google,Pixel 10,Android 16,TRUE,f3122e7b-0710-2d43-09af-563873f98430,TRUE,79,55,Mint Mobile
DEV01070,U0532,Smartphone,Apple,iPhone 16,iOS 26.1,TRUE,20c0469a-0058-d7a6-e938-ebe89531da97,FALSE,113,53,US Cellular
DEV01071,U0533,Smartphone,Samsung,Galaxy S23,Android 15,TRUE,974dc9c5-58cb-159e-4147-de40da56e1f7,TRUE,83,65,AT&T
DEV01072,U0534,Smartphone,Samsung,Galaxy S25,Android 16,TRUE,327e10e9-d4a6-2dfb-3bb4-9e38e1a3326b,TRUE,89,72,Visible
DEV01073,U0534,Laptop,Apple,MacBook Pro,macOS 26,FALSE,,,,94,
DEV01074,U0535,Smartphone,Apple,iPhone 14,iOS 26.1,TRUE,1fb8518f-5ca4-7cf5-f1fe-c12408aea6a4,FALSE,85,51,T-Mobile
DEV01075,U0535,Laptop,Apple,MacBook Air,macOS 26,FALSE,,,,91,
DEV01076,U0536,Smartphone,Apple,iPhone 16,iOS 26.1,TRUE,bbce4318-22e2-87dd-1f8b-27e7777e0f71,TRUE,124,75,Verizon
DEV01077,U0536,Laptop,Apple,MacBook Air,macOS 26,FALSE,,,,91,
DEV01078,U0536,Tablet,Apple,iPad Air,iPadOS 26,FALSE,,,,89,
DEV01079,U0537,Smartphone,Apple,iPhone 14,iOS 18.6,TRUE,89ce572b-70c1-096f-d1d2-608da3f305eb,TRUE,94,52,Verizon
DEV01080,U0537,Laptop,Apple,MacBook Air,macOS 26,FALSE,,,,100,
DEV01081,U0537,Tablet,Apple,iPad Pro,iPadOS 26,FALSE,,,,94,
DEV01082,U0538,Smartphone,Apple,iPhone 14,iOS 26.1,TRUE,ca4c83df-ab65-4ca0-4b39-a6d9c29e65f7,FALSE,113,69,Visible
DEV01083,U0538,Laptop,Dell,XPS 13,Windows 11,FALSE,,,,86,
DEV01084,U0539,Smartphone,Apple,iPhone 13,iOS 26.1,TRUE,48d73c01-4ab6-d1f4-d3ca-568175e0b792,FALSE,112,72,Cricket
DEV01085,U0539,Laptop,Dell,XPS 13,Windows 11,FALSE,,,,83,
DEV01086,U0539,Tablet,Apple,iPad,iPadOS 26,FALSE,,,,89,
DEV01087,U0540,Smartphone,Apple,iPhone 15,iOS 26.1,TRUE,00bfff27-401c-d742-1852-4ac2b0ecfc30,FALSE,126,60,T-Mobile
DEV01088,U0540,Laptop,Apple,MacBook Air,macOS 26,FALSE,,,,77,
DEV01089,U0541,Smartphone,Apple,iPhone 16,iOS 26.1,TRUE,1fad304f-13f9-42c9-1f02-1524382f5b62,FALSE,59,49,Verizon
DEV01090,U0541,Laptop,Dell,XPS 13,Windows 11,FALSE,,,,100,
DEV01091,U0542,Smartphone,Apple,iPhone 15,iOS 26.1,TRUE,2db3e674-e8ef-4593-4c9e-0e163ef013d7,FALSE,139,49,Verizon
DEV01092,U0542,Laptop,Apple,MacBook Air,macOS 26,FALSE,,,,81,
DEV01093,U0542,Tablet,Apple,iPad Air,iPadOS 26,FALSE,,,,72,
DEV01094,U0543,Smartphone,Apple,iPhone 13,iOS 26.1,TRUE,ae695737-4bc7-65af-d69b-ea58c4c1b2e6,FALSE,121,68,AT&T
DEV01095,U0544,Smartphone,Apple,iPhone 15,iOS 26.1,TRUE,1caf149e-d8a9-5b68-114f-48a67b5d8edb,FALSE,95,76,Visible
DEV01096,U0545,Smartphone,Google,Pixel 8a,Android 16,TRUE,78613a31-31e3-1c6a-5b69-eb1f39d2284d,FALSE,113,62,AT&T
DEV01097,U0545,Laptop,Apple,MacBook Pro,macOS 26,FALSE,,,,87,
DEV01098,U0546,Smartphone,Apple,iPhone 13,iOS 26.1,TRUE,86dbabad-b06a-c63e-b0ab-2a6d7cc53d11,TRUE,137,74,AT&T
DEV01099,U0546,Laptop,Apple,MacBook Pro,macOS 26,FALSE,,,,78,
DEV01100,U0547,Smartphone,Samsung,Galaxy S24,Android 16,TRUE,cf12ce58-7312-e5be-0061-b97f9e670973,TRUE,186,67,Mint Mobile
DEV01101,U0547,Laptop,Apple,MacBook Pro,macOS 26,FALSE,,,,89,
DEV01102,U0548,Smartphone,Apple,iPhone 14,iOS 26.1,TRUE,f5a46614-15d2-a29a-f887-ef027bbd971e,FALSE,58,91,Verizon
DEV01103,U0548,Laptop,Apple,MacBook Pro,macOS 26,FALSE,,,,87,
DEV01104,U0549,Smartphone,Apple,iPhone 16,iOS 26.1,TRUE,00875921-e4ae-5154-f62d-f5560a03657f,TRUE,102,77,Verizon
DEV01105,U0549,Laptop,Dell,XPS 13,Windows 11,FALSE,,,,69,
DEV01106,U0550,Smartphone,Apple,iPhone 15,iOS 26.1,TRUE,eb91d43d-903c-5dcf-9c3c-14f8e5fc1c12,TRUE,99,59,AT&T
DEV01107,U0550,Laptop,Microsoft,Surface Laptop,Windows 11,FALSE,,,,76,
DEV01108,U0551,Smartphone,Google,Pixel 8a,Android 16,TRUE,57e46df1-4788-cf6a-ddee-a976ff5cefe0,FALSE,115,65,T-Mobile
DEV01109,U0552,Smartphone,Apple,iPhone 16,iOS 26.1,TRUE,373e7801-1f1f-28f9-6d08-2047ad067816,TRUE,91,65,AT&T
DEV01110,U0552,Laptop,Apple,MacBook Air,macOS 26,FALSE,,,,80,
DEV01111,U0553,Smartphone,Apple,iPhone 15,iOS 18.6,TRUE,fa8513fd-8ac4-d06a-1819-7a5ddbaec812,FALSE,138,55,AT&T
DEV01112,U0554,Smartphone,Apple,iPhone 16,iOS 26.1,TRUE,ed9a3a85-93bc-b459-694b-7d432b908e86,FALSE,91,70,AT&T
DEV01113,U0555,Smartphone,Apple,iPhone 15,iOS 26.1,TRUE,ca62fee4-12d7-2dda-6dcb-9fe3bdd273f2,FALSE,130,59,T-Mobile
DEV01114,U0555,Laptop,HP,Spectre x360,Windows 11,FALSE,,,,87,
DEV01115,U0555,Tablet,Apple,iPad,iPadOS 26,FALSE,,,,91,
DEV01116,U0556,Smartphone,Apple,iPhone 14,iOS 18.6,TRUE,67255b93-bb8e-7919-3084-a6f679e94716,FALSE,167,54,T-Mobile
DEV01117,U0556,Laptop,HP,Spectre x360,Windows 11,FALSE,,,,98,
DEV01118,U0557,Smartphone,Apple,iPhone 16,iOS 26.1,TRUE,da037330-c11e-cf2c-b965-168505e44465,FALSE,134,55,T-Mobile
DEV01119,U0558,Smartphone,Apple,iPhone 17,iOS 18.6,TRUE,aa471c4e-b9b5-6ba4-0410-1143bedf4817,FALSE,140,68,T-Mobile
DEV01120,U0558,Laptop,Apple,MacBook Pro,macOS 26,FALSE,,,,82,
DEV01121,U0559,Smartphone,Apple,iPhone Air,iOS 26.1,TRUE,bfd19937-389f-ce31-5e94-380994a4e032,FALSE,87,71,T-Mobile
DEV01122,U0559,Laptop,Apple,MacBook Air,macOS 26,FALSE,,,,100,
DEV01123,U0560,Smartphone,Apple,iPhone 15,iOS 18.6,TRUE,3f46af8c-6e83-632c-c9fb-3b695d19b565,TRUE,143,64,T-Mobile
DEV01124,U0560,Tablet,Apple,iPad Air,iPadOS 26,FALSE,,,,85,
DEV01125,U0561,Smartphone,Samsung,Galaxy A56,Android 15,TRUE,ff8df6f8-d15e-2cf3-5679-7dd128be1ea9,TRUE,95,77,AT&T
DEV01126,U0562,Smartphone,Apple,iPhone 15,iOS 26.1,TRUE,c6402447-3697-b4ec-fdbc-22b9a5b617c8,FALSE,120,42,T-Mobile
DEV01127,U0562,Laptop,Apple,MacBook Air,macOS 26,FALSE,,,,87,
DEV01128,U0562,Tablet,Apple,iPad,iPadOS 26,FALSE,,,,93,
DEV01129,U0563,Smartphone,Apple,iPhone 16,iOS 26.1,TRUE,dcc9d11b-6f21-78bc-ec77-5c45fca8f8d1,FALSE,119,75,Verizon
DEV01130,U0563,Laptop,HP,Spectre x360,Windows 11,FALSE,,,,76,
DEV01131,U0564,Smartphone,Apple,iPhone 15,iOS 26.1,TRUE,d20d3d6e-c2f9-7d2f-b896-4672c5235fc6,FALSE,100,48,AT&T
DEV01132,U0564,Laptop,Apple,MacBook Air,macOS 26,FALSE,,,,96,
DEV01133,U0565,Smartphone,Google,Pixel 9,Android 15,TRUE,eb2dc050-50c9-3bb9-4b49-e296a6c97205,TRUE,139,58,AT&T
DEV01134,U0566,Smartphone,Samsung,Galaxy S24,Android 16,TRUE,9cba3578-c469-7e4a-7f2b-a08b5ba4c786,TRUE,120,79,Verizon
DEV01135,U0566,Laptop,Apple,MacBook Air,macOS 26,FALSE,,,,84,
DEV01136,U0567,Smartphone,Apple,iPhone 15,iOS 26.1,TRUE,9c66ec83-15c4-ddb6-866b-e6c881d88413,FALSE,126,78,AT&T
DEV01137,U0567,Laptop,Dell,XPS 13,Windows 11,FALSE,,,,82,
DEV01138,U0568,Smartphone,Apple,iPhone 14,iOS 26.1,TRUE,1c9c85c4-7885-949c-8725-1dc5ec26b53f,TRUE,95,76,AT&T
DEV01139,U0569,Smartphone,Motorola,Motorola Edge,Android 16,TRUE,83913243-fd35-8178-6b54-2c3f8c7afd7e,TRUE,90,66,T-Mobile
DEV01140,U0570,Smartphone,Apple,iPhone 13,iOS 26.1,TRUE,50bf1e90-e4dc-78e0-7257-56a9ab2a87ce,FALSE,102,59,US Cellular
DEV01141,U0570,Laptop,Microsoft,Surface Laptop,Windows 11,FALSE,,,,99,
DEV01142,U0571,Smartphone,Apple,iPhone 16,iOS 18.6,TRUE,d6532488-ce49-1881-3fd1-af8b901a4f45,FALSE,90,40,T-Mobile
DEV01143,U0572,Smartphone,Motorola,Motorola Edge,Android 16,TRUE,a04715cc-3b1a-ec88-b398-5dc6a2495fa3,TRUE,106,42,T-Mobile
DEV01144,U0572,Laptop,Apple,MacBook Air,macOS 26,FALSE,,,,88,
DEV01145,U0573,Smartphone,Apple,iPhone Air,iOS 26.1,TRUE,d48e6e51-483b-ce60-056b-f56ebb762312,FALSE,100,90,T-Mobile
DEV01146,U0573,Laptop,Apple,MacBook Air,macOS 26,FALSE,,,,87,
DEV01147,U0573,Tablet,Apple,iPad Air,iPadOS 26,FALSE,,,,88,
DEV01148,U0574,Smartphone,Samsung,Galaxy S23,Android 16,TRUE,b70978aa-9044-85fb-560e-d31fed46e080,TRUE,163,54,AT&T
DEV01149,U0574,Laptop,Microsoft,Surface Laptop,Windows 11,FALSE,,,,82,
DEV01150,U0575,Smartphone,Apple,iPhone 16,iOS 26.1,TRUE,43550fb4-4f56-0672-a2a4-26a8177904bc,FALSE,71,91,T-Mobile
DEV01151,U0575,Laptop,Apple,MacBook Air,macOS 26,FALSE,,,,100,
DEV01152,U0576,Smartphone,Apple,iPhone 13,iOS 26.1,TRUE,629f6acb-654b-6d49-758d-b9405b67ae6f,FALSE,151,74,Verizon
DEV01153,U0576,Laptop,Lenovo,Yoga Slim,Windows 11,FALSE,,,,91,
DEV01154,U0577,Smartphone,Apple,iPhone Air,iOS 26.1,TRUE,ac438c86-66b4-a946-5c1f-ab7d4c682b61,FALSE,90,51,Verizon
DEV01155,U0577,Laptop,Apple,MacBook Air,macOS 26,FALSE,,,,99,
DEV01156,U0578,Smartphone,Apple,iPhone 14,iOS 26.1,TRUE,97c5da2e-056a-cf3f-eec5-ac6c0a03777e,FALSE,101,66,T-Mobile
DEV01157,U0578,Laptop,ASUS,Gaming Laptop,Windows 11,FALSE,,,,82,
DEV01158,U0579,Smartphone,Apple,iPhone 16,iOS 18.6,TRUE,202a432a-53d5-bd23-7da0-eb98bce0fc20,TRUE,128,61,T-Mobile
DEV01159,U0580,Smartphone,Apple,iPhone 14,iOS 26.1,TRUE,46fede5c-4919-6e95-4053-20af127da8d2,FALSE,87,54,Verizon
DEV01160,U0581,Smartphone,Apple,iPhone 16,iOS 18.6,TRUE,b98e5411-610f-107d-8e88-37680a21a41b,FALSE,129,72,T-Mobile
DEV01161,U0581,Laptop,Microsoft,Surface Laptop,Windows 11,FALSE,,,,86,
DEV01162,U0582,Smartphone,Apple,iPhone 15,iOS 26.1,TRUE,0525ce4a-34f4-f7c8-0d11-a5bcdac46163,FALSE,141,71,AT&T
DEV01163,U0583,Smartphone,Samsung,Galaxy S25,Android 15,TRUE,d8df1334-e148-b403-3be9-9e956036b4f0,TRUE,136,47,AT&T
DEV01164,U0584,Smartphone,Apple,iPhone Air,iOS 18.6,TRUE,1dc01a27-adff-fc3a-29f4-8066ba25e714,TRUE,113,64,AT&T
DEV01165,U0584,Laptop,Microsoft,Surface Laptop,Windows 11,FALSE,,,,98,
DEV01166,U0585,Smartphone,Apple,iPhone 16,iOS 26.1,TRUE,f575942d-4f51-74d3-f5ae-0835a014c593,FALSE,91,59,T-Mobile
DEV01167,U0586,Smartphone,Apple,iPhone 15,iOS 26.1,TRUE,c7bbf3cf-60e7-d7bb-94f5-c8c0777a026d,TRUE,130,58,Verizon
DEV01168,U0586,Laptop,Apple,MacBook Pro,macOS 26,FALSE,,,,100,
DEV01169,U0587,Smartphone,Apple,iPhone Air,iOS 18.6,TRUE,52a0dc2a-da5f-4d1a-9e10-28936732a6e7,FALSE,107,74,Verizon
DEV01170,U0587,Laptop,Apple,MacBook Air,macOS 26,FALSE,,,,75,
DEV01171,U0587,Tablet,Apple,iPad Air,iPadOS 26,FALSE,,,,89,
DEV01172,U0588,Smartphone,Apple,iPhone 17,iOS 18.6,TRUE,6cb99031-ed26-005b-67db-33f20299893f,FALSE,83,59,T-Mobile
DEV01173,U0588,Laptop,Apple,MacBook Pro,macOS 26,FALSE,,,,80,
DEV01174,U0588,Tablet,Samsung,Galaxy Tab S9,Android 16,FALSE,,,,94,
DEV01175,U0589,Smartphone,Apple,iPhone Air,iOS 26.1,TRUE,84978888-f5e9-a88c-5c08-7178673d285d,FALSE,103,45,AT&T
DEV01176,U0589,Laptop,Apple,MacBook Pro,macOS 26,FALSE,,,,82,
DEV01177,U0590,Smartphone,Apple,iPhone 17,iOS 26.1,TRUE,6dd04bbc-a9b9-4899-285f-8c9499e005e9,FALSE,139,76,T-Mobile
DEV01178,U0590,Laptop,Apple,MacBook Air,macOS 26,FALSE,,,,100,
DEV01179,U0591,Smartphone,Apple,iPhone 15,iOS 26.1,TRUE,136ebd65-f4a9-efe3-a672-ea673db7cc81,FALSE,150,70,Verizon
DEV01180,U0591,Laptop,HP,Spectre x360,Windows 11,FALSE,,,,88,
DEV01181,U0592,Smartphone,Apple,iPhone 16,iOS 26.1,TRUE,1aec4925-c885-7f7c-3055-c539b57e014f,FALSE,120,58,Visible
DEV01182,U0592,Laptop,Apple,MacBook Air,macOS 26,FALSE,,,,100,
DEV01183,U0593,Smartphone,Google,Pixel 8a,Android 16,TRUE,6806bd97-1765-26a2-3385-0a01b8bccf3c,FALSE,95,54,T-Mobile
DEV01184,U0593,Laptop,Apple,MacBook Pro,macOS 26,FALSE,,,,95,
DEV01185,U0594,Smartphone,Apple,iPhone 13,iOS 26.1,TRUE,5f656eff-39c7-181a-5dfb-4fdca97ed0e0,FALSE,114,65,Verizon
DEV01186,U0595,Smartphone,Samsung,Galaxy A56,Android 16,TRUE,4715a1df-b55b-c53c-4ecd-b687004f3860,TRUE,78,69,Verizon
DEV01187,U0595,Laptop,Apple,MacBook Pro,macOS 26,FALSE,,,,75,
DEV01188,U0596,Smartphone,Apple,iPhone Air,iOS 26.1,TRUE,7a7a91a1-adec-b38c-6f35-8047e75d4eec,FALSE,91,76,Verizon
DEV01189,U0596,Laptop,Apple,MacBook Pro,macOS 26,FALSE,,,,87,
DEV01190,U0597,Smartphone,Motorola,Motorola Edge,Android 16,TRUE,9aae202e-4de6-6c40-ab48-744369b8ea78,TRUE,146,68,Visible
DEV01191,U0597,Laptop,Dell,XPS 13,Windows 11,FALSE,,,,80,
DEV01192,U0598,Smartphone,Apple,iPhone 14,iOS 26.1,TRUE,0ca89332-e595-7372-f481-69b779bcc715,FALSE,137,54,T-Mobile
DEV01193,U0598,Laptop,Apple,MacBook Pro,macOS 26,FALSE,,,,83,
DEV01194,U0599,Smartphone,Samsung,Galaxy S24,Android 16,TRUE,d1c92988-470f-e8cd-74c4-ed6a7ecc1ef4,TRUE,112,63,Cricket
DEV01195,U0600,Smartphone,Apple,iPhone 16,iOS 18.6,TRUE,4606bbac-f6e3-4978-911a-1a0b092ff09a,FALSE,114,56,AT&T
DEV01196,U0600,Laptop,Apple,MacBook Air,macOS 26,FALSE,,,,78,
DEV01197,U0601,Smartphone,Apple,iPhone 14,iOS 26.1,TRUE,75cd21f4-b00a-9c0b-5076-a672719ac1fa,FALSE,112,43,T-Mobile
DEV01198,U0601,Laptop,Apple,MacBook Air,macOS 26,FALSE,,,,92,
DEV01199,U0602,Smartphone,Samsung,Galaxy S23,Android 16,TRUE,2b9029e1-03c6-959c-53dc-ab112b693d98,TRUE,151,59,Verizon
DEV01200,U0602,Laptop,Apple,MacBook Air,macOS 26,FALSE,,,,94,
DEV01201,U0603,Smartphone,Apple,iPhone 13,iOS 18.6,TRUE,8d872817-7c72-2355-d295-a39733e54cc4,FALSE,132,62,Visible
DEV01202,U0604,Smartphone,Apple,iPhone 15,iOS 26.1,TRUE,6df41622-bd92-7d16-37f6-265bb9228a77,FALSE,133,69,T-Mobile
DEV01203,U0604,Laptop,Apple,MacBook Pro,macOS 26,FALSE,,,,75,
DEV01204,U0605,Smartphone,Apple,iPhone 13,iOS 26.1,TRUE,1ab9ee8b-ed62-b6d7-9587-93dd5d31b251,FALSE,136,61,Verizon
DEV01205,U0605,Laptop,Apple,MacBook Air,macOS 26,FALSE,,,,95,
DEV01206,U0606,Smartphone,Apple,iPhone 17,iOS 26.1,TRUE,4e269db2-88b1-f322-5d76-b7758e23e3c6,FALSE,89,64,AT&T
DEV01207,U0607,Smartphone,Apple,iPhone 16,iOS 26.1,TRUE,d5b8c4ad-9f0f-1939-bd8b-b871ab963002,FALSE,56,61,AT&T
DEV01208,U0607,Tablet,Apple,iPad,iPadOS 26,FALSE,,,,90,
DEV01209,U0608,Smartphone,Apple,iPhone Air,iOS 26.1,TRUE,13b8bdb1-5fdd-784c-9bdf-c74ed4303016,TRUE,140,58,Verizon
DEV01210,U0609,Smartphone,Apple,iPhone 15,iOS 18.6,TRUE,be8dee57-4619-a608-a43b-6da88e210c9c,FALSE,96,54,T-Mobile
DEV01211,U0609,Laptop,Apple,MacBook Air,macOS 26,FALSE,,,,92,
DEV01212,U0609,Tablet,Apple,iPad Pro,iPadOS 26,FALSE,,,,95,
DEV01213,U0610,Smartphone,Apple,iPhone 15,iOS 18.6,TRUE,b788a0af-4e3b-d0fa-afe3-54320a797071,FALSE,136,55,Verizon
DEV01214,U0610,Laptop,Dell,XPS 13,Windows 11,FALSE,,,,79,
DEV01215,U0611,Smartphone,Google,Pixel 8a,Android 16,TRUE,8078c127-834a-219c-a12a-44d6ffd0520e,TRUE,99,54,Verizon
DEV01216,U0611,Tablet,Apple,iPad Air,iPadOS 26,FALSE,,,,93,
DEV01217,U0612,Smartphone,Samsung,Galaxy S24,Android 16,TRUE,c9cce8b1-60d5-7d7e-29c7-7b3bc5c3cd75,TRUE,128,71,T-Mobile
DEV01218,U0612,Laptop,Apple,MacBook Air,macOS 26,FALSE,,,,77,
DEV01219,U0612,Tablet,Apple,iPad,iPadOS 26,FALSE,,,,94,
DEV01220,U0613,Smartphone,Apple,iPhone 14,iOS 26.1,TRUE,b663c1a8-8ae1-9641-54f4-dbdff9cf5ae1,FALSE,145,73,Verizon
DEV01221,U0613,Laptop,Apple,MacBook Air,macOS 26,FALSE,,,,82,
DEV01222,U0614,Smartphone,Apple,iPhone 14,iOS 26.1,TRUE,026e6035-e52a-0a6c-84ad-75e154778d94,FALSE,101,55,Mint Mobile
DEV01223,U0614,Laptop,Apple,MacBook Pro,macOS 26,FALSE,,,,92,
DEV01224,U0614,Tablet,Apple,iPad,iPadOS 26,FALSE,,,,83,
DEV01225,U0615,Smartphone,Motorola,Moto G Power,Android 15,TRUE,dc25c105-1910-b7ac-f80d-4bde04019485,TRUE,117,75,T-Mobile
DEV01226,U0615,Laptop,HP,Spectre x360,Windows 11,FALSE,,,,100,
DEV01227,U0615,Tablet,Apple,iPad,iPadOS 26,FALSE,,,,91,
DEV01228,U0616,Smartphone,Samsung,Galaxy S25,Android 15,TRUE,3494d504-0a16-d11a-eaa5-db56a305f6b2,TRUE,95,65,Visible
DEV01229,U0616,Laptop,Apple,MacBook Pro,macOS 26,FALSE,,,,86,
DEV01230,U0617,Smartphone,Apple,iPhone 13,iOS 26.1,TRUE,9aa88db1-ffdf-170a-454a-e9a1f3deee50,FALSE,170,67,T-Mobile
DEV01231,U0617,Laptop,Apple,MacBook Air,macOS 26,FALSE,,,,72,
DEV01232,U0618,Smartphone,Apple,iPhone 16,iOS 26.1,TRUE,b7e1d35a-4953-dd8c-5327-4646dd3346c5,TRUE,109,80,AT&T
DEV01233,U0618,Laptop,Microsoft,Surface Laptop,Windows 11,FALSE,,,,85,
DEV01234,U0619,Smartphone,Samsung,Galaxy S25,Android 16,TRUE,9a392009-5f7f-6588-80a5-07b57991d786,TRUE,92,40,Verizon
DEV01235,U0619,Laptop,Apple,MacBook Air,macOS 26,FALSE,,,,96,
DEV01236,U0620,Smartphone,Apple,iPhone Air,iOS 26.1,TRUE,563c2cec-5b92-1798-6898-886683de3242,TRUE,117,70,Mint Mobile
DEV01237,U0620,Laptop,Apple,MacBook Air,macOS 26,FALSE,,,,87,
DEV01238,U0621,Smartphone,Apple,iPhone 14,iOS 18.6,TRUE,23b537ed-8f8f-1877-ef94-78343be600f2,TRUE,170,35,Verizon
DEV01239,U0621,Laptop,Apple,MacBook Air,macOS 26,FALSE,,,,100,
DEV01240,U0622,Smartphone,Apple,iPhone 15,iOS 26.1,TRUE,09c5cbbb-e825-00c1-9469-dbf8f853b519,TRUE,126,70,T-Mobile
DEV01241,U0622,Laptop,Apple,MacBook Pro,macOS 26,FALSE,,,,88,
DEV01242,U0622,Tablet,Apple,iPad,iPadOS 26,FALSE,,,,87,
DEV01243,U0623,Smartphone,Apple,iPhone Air,iOS 26.1,TRUE,c2c45b34-d94a-7e1b-3a28-333a835c6e4e,TRUE,108,56,Verizon
DEV01244,U0623,Laptop,Microsoft,Surface Laptop,Windows 11,FALSE,,,,83,
DEV01245,U0624,Smartphone,Samsung,Galaxy S23,Android 16,TRUE,f5cd46a9-519c-b887-1ae7-cdc76774a71f,TRUE,155,36,T-Mobile
DEV01246,U0624,Laptop,Apple,MacBook Pro,macOS 26,FALSE,,,,86,
DEV01247,U0625,Smartphone,Apple,iPhone 16,iOS 26.1,TRUE,c823001e-2a3b-564e-719f-e03ab94f45d6,FALSE,128,70,T-Mobile
DEV01248,U0625,Laptop,Apple,MacBook Pro,macOS 26,FALSE,,,,87,
DEV01249,U0625,Tablet,Apple,iPad Pro,iPadOS 26,FALSE,,,,93,
DEV01250,U0626,Smartphone,Apple,iPhone Air,iOS 18.6,TRUE,8fc54427-e962-e939-46ec-5c7419df0051,TRUE,133,92,T-Mobile
DEV01251,U0627,Smartphone,Google,Pixel 9,Android 16,TRUE,6801c078-ba09-eba7-37b4-e167bbcaf5cf,TRUE,146,48,T-Mobile
DEV01252,U0627,Laptop,Dell,XPS 13,Windows 11,FALSE,,,,98,
DEV01253,U0628,Smartphone,Apple,iPhone 13,iOS 26.1,TRUE,52f98cac-3a2c-2164-ad7b-d5ce3cd094c7,FALSE,145,63,Mint Mobile
DEV01254,U0629,Smartphone,Apple,iPhone 16,iOS 26.1,TRUE,27b45e3a-4435-11d5-41df-c548d535fdf4,FALSE,188,82,T-Mobile
DEV01255,U0629,Laptop,Apple,MacBook Pro,macOS 26,FALSE,,,,94,
DEV01256,U0630,Smartphone,Samsung,Galaxy A56,Android 15,TRUE,1e534691-ff93-925b-2619-ad9d11124729,FALSE,118,59,T-Mobile
DEV01257,U0630,Laptop,Apple,MacBook Pro,macOS 26,FALSE,,,,97,
DEV01258,U0631,Smartphone,Apple,iPhone 15,iOS 18.6,TRUE,7fa182bc-e2c3-f6f7-bd72-8db44536f9f2,TRUE,125,47,T-Mobile
DEV01259,U0631,Laptop,Lenovo,Yoga Slim,Windows 11,FALSE,,,,85,
DEV01260,U0631,Tablet,Apple,iPad,iPadOS 26,FALSE,,,,90,
DEV01261,U0632,Smartphone,Apple,iPhone 16,iOS 26.1,TRUE,56b74e52-dfec-ce8e-9886-ec5be1daa3f0,FALSE,113,71,Verizon
DEV01262,U0632,Laptop,Lenovo,Yoga Slim,Windows 11,FALSE,,,,87,
DEV01263,U0632,Tablet,Apple,iPad,iPadOS 26,FALSE,,,,99,
DEV01264,U0633,Smartphone,Apple,iPhone 15,iOS 26.1,TRUE,64401f66-6b08-d9fd-5c51-b13ef6e0ce7d,FALSE,76,67,Verizon
DEV01265,U0634,Smartphone,Apple,iPhone 16,iOS 26.1,TRUE,c61f2ea9-1c78-b212-a4ce-fea247366c2c,TRUE,134,61,Verizon
DEV01266,U0634,Laptop,Apple,MacBook Air,macOS 26,FALSE,,,,81,
DEV01267,U0635,Smartphone,Apple,iPhone 15,iOS 26.1,TRUE,4e3d4e71-62cf-d776-0da7-48a9092617a7,FALSE,45,41,Verizon
DEV01268,U0635,Laptop,Apple,MacBook Air,macOS 26,FALSE,,,,99,
DEV01269,U0635,Tablet,Apple,iPad Air,iPadOS 26,FALSE,,,,88,
DEV01270,U0636,Smartphone,Apple,iPhone 13,iOS 26.1,TRUE,1dace6ef-8bb2-1169-7785-9e381c758932,FALSE,66,63,AT&T
DEV01271,U0636,Laptop,Dell,XPS 13,Windows 11,FALSE,,,,90,
DEV01272,U0637,Smartphone,Apple,iPhone Air,iOS 26.1,TRUE,25e6fdd6-f7b5-b7e5-ab09-e9d6e00e5093,TRUE,139,45,T-Mobile
DEV01273,U0637,Laptop,Apple,MacBook Air,macOS 26,FALSE,,,,90,
DEV01274,U0638,Smartphone,Samsung,Galaxy A56,Android 16,TRUE,3b73f2bf-8396-c7ae-f2a1-6aa7fe9c58d5,TRUE,94,60,T-Mobile
DEV01275,U0638,Laptop,Apple,MacBook Air,macOS 26,FALSE,,,,94,
DEV01276,U0638,Tablet,Apple,iPad,iPadOS 26,FALSE,,,,94,
DEV01277,U0639,Smartphone,Apple,iPhone 15,iOS 26.1,TRUE,6a0772e4-5962-5e5b-f27c-e5aaf74b112c,FALSE,71,57,T-Mobile
DEV01278,U0639,Laptop,Apple,MacBook Air,macOS 26,FALSE,,,,94,
DEV01279,U0640,Smartphone,Apple,iPhone 15,iOS 26.1,TRUE,481ba3f9-dd86-a34e-19b4-7d7ba1550953,FALSE,57,85,T-Mobile
DEV01280,U0640,Laptop,Apple,MacBook Air,macOS 26,FALSE,,,,91,
DEV01281,U0640,Tablet,Apple,iPad Air,iPadOS 26,FALSE,,,,91,
DEV01282,U0641,Smartphone,Samsung,Galaxy S24,Android 16,TRUE,69402255-7a06-4180-d589-a5f772de2c67,TRUE,91,72,T-Mobile
DEV01283,U0641,Laptop,Apple,MacBook Air,macOS 26,FALSE,,,,74,
DEV01284,U0642,Smartphone,Apple,iPhone Air,iOS 26.1,TRUE,ddca64c6-3780-08cd-2e94-ad8539f47ab4,FALSE,150,70,AT&T
DEV01285,U0642,Laptop,Apple,MacBook Air,macOS 26,FALSE,,,,75,
DEV01286,U0643,Smartphone,Apple,iPhone 14,iOS 26.1,TRUE,77e62149-945a-e622-4b2c-54aceacae39b,TRUE,132,69,Visible
DEV01287,U0643,Laptop,Apple,MacBook Air,macOS 26,FALSE,,,,87,
DEV01288,U0644,Smartphone,Samsung,Galaxy S24,Android 16,TRUE,9b262f45-fc7a-d6ed-dace-c1f6e1612e56,TRUE,145,58,AT&T
DEV01289,U0644,Laptop,Apple,MacBook Air,macOS 26,FALSE,,,,88,
DEV01290,U0645,Smartphone,Apple,iPhone 15,iOS 18.6,TRUE,4da8b293-5310-f7ef-cdbe-7ab81b41512f,TRUE,129,69,T-Mobile
DEV01291,U0645,Laptop,Apple,MacBook Air,macOS 26,FALSE,,,,83,
DEV01292,U0646,Smartphone,Apple,iPhone 16,iOS 18.6,TRUE,6edc7038-31b4-edb0-c64f-d28682f73956,TRUE,126,66,Verizon
DEV01293,U0646,Laptop,Apple,MacBook Air,macOS 26,FALSE,,,,82,
DEV01294,U0646,Tablet,Apple,iPad,iPadOS 26,FALSE,,,,100,
DEV01295,U0647,Smartphone,Samsung,Galaxy S24,Android 16,TRUE,998645ee-2efe-9f19-4cd5-b4c97d43ed20,TRUE,141,74,T-Mobile
DEV01296,U0647,Tablet,Apple,iPad,iPadOS 26,FALSE,,,,95,
DEV01297,U0648,Smartphone,Apple,iPhone Air,iOS 26.1,TRUE,97ef7c23-cb4d-ac27-2c46-8077f274c3e1,TRUE,150,64,AT&T
DEV01298,U0648,Laptop,Apple,MacBook Air,macOS 26,FALSE,,,,74,
DEV01299,U0649,Smartphone,Google,Pixel 10,Android 16,TRUE,6aa782c3-d3e9-029a-7301-e90b112b824a,TRUE,124,55,Verizon
DEV01300,U0649,Laptop,Apple,MacBook Pro,macOS 26,FALSE,,,,81,
DEV01301,U0649,Tablet,Apple,iPad Air,iPadOS 26,FALSE,,,,76,
DEV01302,U0650,Smartphone,Google,Pixel 9,Android 16,TRUE,c5e4e7b0-e1c8-04e1-93eb-5517d6370821,FALSE,126,63,AT&T
DEV01303,U0650,Laptop,Apple,MacBook Pro,macOS 26,FALSE,,,,87,
DEV01304,U0651,Smartphone,Apple,iPhone 17,iOS 26.1,TRUE,b9793050-f4b7-e2c6-7cda-782242e763d5,TRUE,111,45,T-Mobile
DEV01305,U0652,Smartphone,Apple,iPhone 14,iOS 26.1,TRUE,8b47c682-58b7-f9a7-c4e9-d6545cd748a0,FALSE,166,50,Visible
DEV01306,U0652,Laptop,Lenovo,Yoga Slim,Windows 11,FALSE,,,,86,
DEV01307,U0653,Smartphone,Samsung,Galaxy S25,Android 16,TRUE,9d0d3f6d-d485-f147-3a04-8364e65e1398,FALSE,118,68,Verizon
DEV01308,U0653,Laptop,Apple,MacBook Air,macOS 26,FALSE,,,,88,
DEV01309,U0654,Smartphone,Apple,iPhone 14,iOS 26.1,TRUE,649f9b76-6c3f-378e-f8b8-c897e5ab4c63,TRUE,67,77,T-Mobile
DEV01310,U0654,Tablet,Apple,iPad,iPadOS 26,FALSE,,,,84,
DEV01311,U0655,Smartphone,Apple,iPhone 16,iOS 26.1,TRUE,ae2beed3-7d9c-0131-0363-029e7d699bd5,FALSE,120,60,AT&T
DEV01312,U0655,Laptop,Apple,MacBook Pro,macOS 26,FALSE,,,,73,
DEV01313,U0656,Smartphone,Apple,iPhone 15,iOS 26.1,TRUE,96766fb5-6056-e42a-5b42-dc42065396c6,FALSE,105,90,AT&T
DEV01314,U0657,Smartphone,Apple,iPhone 14,iOS 26.1,TRUE,36eea815-9409-1922-c5f5-ac41e4cb803c,FALSE,94,63,T-Mobile
DEV01315,U0657,Laptop,Lenovo,Yoga Slim,Windows 11,FALSE,,,,95,
DEV01316,U0657,Tablet,Apple,iPad,iPadOS 26,FALSE,,,,90,
DEV01317,U0658,Smartphone,Apple,iPhone 16,iOS 18.6,TRUE,8bddbf29-5467-5891-87f6-9aab542734f3,TRUE,106,56,AT&T
DEV01318,U0658,Laptop,Apple,MacBook Air,macOS 26,FALSE,,,,84,
DEV01319,U0658,Tablet,Apple,iPad,iPadOS 26,FALSE,,,,92,
DEV01320,U0659,Smartphone,Apple,iPhone 13,iOS 26.1,TRUE,b7c5905b-7093-91d0-9ab8-157dfe7f6b94,FALSE,173,79,T-Mobile
DEV01321,U0660,Smartphone,Google,Pixel 10,Android 16,TRUE,6f2fa4cc-5d93-ba65-d8e2-a05f3fd83f62,TRUE,94,73,AT&T
DEV01322,U0660,Laptop,Apple,MacBook Air,macOS 26,FALSE,,,,91,
DEV01323,U0661,Smartphone,Apple,iPhone 15,iOS 26.1,TRUE,0fc92e50-7b14-4a66-1372-bb911d53f84f,FALSE,151,54,AT&T
DEV01324,U0661,Laptop,Apple,MacBook Pro,macOS 26,FALSE,,,,89,
DEV01325,U0662,Smartphone,Apple,iPhone 15,iOS 26.1,TRUE,1d597d86-6ed8-aa16-81ed-e3892185b19f,TRUE,142,64,Verizon
DEV01326,U0663,Smartphone,Apple,iPhone 15,iOS 26.1,TRUE,cf9159a1-bc90-67e7-e8c0-e1209b0d328d,FALSE,167,48,Cricket
DEV01327,U0663,Tablet,Apple,iPad,iPadOS 26,FALSE,,,,93,
DEV01328,U0664,Smartphone,Apple,iPhone 16,iOS 18.6,TRUE,45834fc3-85e2-67b7-c720-325baabfabc6,FALSE,131,69,AT&T
DEV01329,U0664,Laptop,Apple,MacBook Air,macOS 26,FALSE,,,,76,
DEV01330,U0664,Tablet,Samsung,Galaxy Tab S9,Android 16,FALSE,,,,80,
DEV01331,U0665,Smartphone,Apple,iPhone 17,iOS 18.6,TRUE,75c6ea0e-d16a-09e4-4327-e36083c13b9b,FALSE,79,56,Verizon
DEV01332,U0665,Laptop,Apple,MacBook Air,macOS 26,FALSE,,,,98,
DEV01333,U0666,Smartphone,Apple,iPhone 17,iOS 18.6,TRUE,709d6d3a-2ed8-d852-606f-20a633edad14,FALSE,109,63,T-Mobile
DEV01334,U0667,Smartphone,Apple,iPhone 17,iOS 26.1,TRUE,2e270268-30b5-89d9-e8bb-286f15a982d8,FALSE,128,71,Cricket
DEV01335,U0667,Laptop,Apple,MacBook Pro,macOS 26,FALSE,,,,88,
DEV01336,U0668,Smartphone,Apple,iPhone 17,iOS 26.1,TRUE,82679622-5598-488d-1a5d-89ceacddb81b,TRUE,134,58,AT&T
DEV01337,U0669,Smartphone,Apple,iPhone 13,iOS 26.1,TRUE,f38ee92b-027b-50b6-7fc4-cb00809a9db1,FALSE,162,58,T-Mobile
DEV01338,U0669,Laptop,Lenovo,Yoga Slim,Windows 11,FALSE,,,,78,
DEV01339,U0670,Smartphone,Apple,iPhone 14,iOS 26.1,TRUE,2b51d64e-d128-f004-7b37-1bbda90bc403,TRUE,128,60,AT&T
DEV01340,U0670,Laptop,HP,Spectre x360,Windows 11,FALSE,,,,91,
DEV01341,U0671,Smartphone,Apple,iPhone 14,iOS 26.1,TRUE,a1256cdf-c13a-5ee2-1e44-fde3242b9fda,FALSE,107,51,Mint Mobile
DEV01342,U0672,Smartphone,Apple,iPhone 14,iOS 26.1,TRUE,0c14eea6-3d62-976d-3874-59290f85a68e,FALSE,134,88,Verizon
DEV01343,U0673,Smartphone,Apple,iPhone 15,iOS 26.1,TRUE,74cc0249-c4f9-23e3-adf4-fa05e5c8a7d0,TRUE,127,70,T-Mobile
DEV01344,U0673,Laptop,Apple,MacBook Air,macOS 26,FALSE,,,,86,
DEV01345,U0674,Smartphone,Apple,iPhone 16,iOS 18.6,TRUE,796209e1-f70f-5d8a-85ae-2e2c37997b5e,TRUE,70,58,Visible
DEV01346,U0674,Laptop,Apple,MacBook Pro,macOS 26,FALSE,,,,78,
DEV01347,U0674,Tablet,Apple,iPad Air,iPadOS 26,FALSE,,,,97,
DEV01348,U0675,Smartphone,Apple,iPhone 15,iOS 18.6,TRUE,7fad3ac0-8cd5-5fc8-5346-eb7ebfd88bea,FALSE,104,60,T-Mobile
DEV01349,U0675,Laptop,Apple,MacBook Air,macOS 26,FALSE,,,,92,
DEV01350,U0676,Smartphone,Apple,iPhone 15,iOS 18.6,TRUE,7d365e7f-4c25-534b-52df-286068aa8091,FALSE,144,54,AT&T
DEV01351,U0676,Laptop,Dell,XPS 13,Windows 11,FALSE,,,,84,
DEV01352,U0676,Tablet,Samsung,Galaxy Tab S9,Android 16,FALSE,,,,90,
DEV01353,U0677,Smartphone,Samsung,Galaxy A56,Android 16,TRUE,c1d6dc1e-c616-3e21-6da8-379debd242c2,TRUE,122,63,Verizon
DEV01354,U0677,Laptop,Apple,MacBook Pro,macOS 26,FALSE,,,,81,
DEV01355,U0677,Tablet,Apple,iPad Air,iPadOS 26,FALSE,,,,90,
DEV01356,U0678,Smartphone,Motorola,Moto G Power,Android 16,TRUE,6d259c82-573e-f397-a2be-23e75fada8b1,TRUE,84,66,T-Mobile
DEV01357,U0678,Laptop,Apple,MacBook Air,macOS 26,FALSE,,,,100,
DEV01358,U0679,Smartphone,Apple,iPhone 15,iOS 26.1,TRUE,300607c9-a2ab-74c0-bcd9-499242b7747d,FALSE,96,69,AT&T
DEV01359,U0679,Laptop,HP,Spectre x360,Windows 11,FALSE,,,,93,
DEV01360,U0679,Tablet,Apple,iPad,iPadOS 26,FALSE,,,,85,
DEV01361,U0680,Smartphone,Apple,iPhone 16,iOS 26.1,TRUE,bf9633ff-5c39-182c-259e-9ac53de94d1a,FALSE,62,48,T-Mobile
DEV01362,U0680,Laptop,Dell,XPS 13,Windows 11,FALSE,,,,79,
DEV01363,U0681,Smartphone,Apple,iPhone 16,iOS 26.1,TRUE,2e7551ea-5e56-7f24-0dc8-4c43d63e62d7,FALSE,103,72,Verizon
DEV01364,U0681,Laptop,Apple,MacBook Air,macOS 26,FALSE,,,,100,
DEV01365,U0682,Smartphone,Apple,iPhone 14,iOS 26.1,TRUE,da1bc96e-f6ac-a991-ed15-78b07d9ce44c,FALSE,121,67,T-Mobile
DEV01366,U0682,Laptop,ASUS,Gaming Laptop,Windows 11,FALSE,,,,89,
DEV01367,U0683,Smartphone,Apple,iPhone Air,iOS 26.1,TRUE,7b6b3e1d-3261-5179-d6c6-0f7416a6b066,FALSE,135,74,Cricket
DEV01368,U0683,Laptop,Apple,MacBook Pro,macOS 26,FALSE,,,,80,
DEV01369,U0683,Tablet,Apple,iPad Air,iPadOS 26,FALSE,,,,82,
DEV01370,U0684,Smartphone,Apple,iPhone 14,iOS 26.1,TRUE,4aeb30a8-72ad-552b-d102-a60dcf16e98b,FALSE,91,57,Verizon
DEV01371,U0684,Laptop,Microsoft,Surface Laptop,Windows 11,FALSE,,,,86,
DEV01372,U0685,Smartphone,Apple,iPhone 15,iOS 26.1,TRUE,a1bbc02e-a191-155a-45c9-8174cd76c6cf,FALSE,104,69,Verizon
DEV01373,U0685,Laptop,Apple,MacBook Air,macOS 26,FALSE,,,,88,
DEV01374,U0686,Smartphone,Apple,iPhone 15,iOS 26.1,TRUE,0b12484e-d3a2-ae91-e89c-1699dea7fcfe,FALSE,127,69,Verizon
DEV01375,U0686,Laptop,Apple,MacBook Air,macOS 26,FALSE,,,,83,
DEV01376,U0687,Smartphone,Apple,iPhone 13,iOS 26.1,TRUE,d8173710-b0de-1f2d-8650-277878f9bc20,TRUE,145,83,Verizon
DEV01377,U0688,Smartphone,Apple,iPhone 13,iOS 26.1,TRUE,8f051224-835c-2acd-b500-90f70f6b2004,TRUE,129,51,AT&T
DEV01378,U0688,Laptop,HP,Spectre x360,Windows 11,FALSE,,,,81,
DEV01379,U0688,Tablet,Samsung,Galaxy Tab S9,Android 16,FALSE,,,,88,
DEV01380,U0689,Smartphone,Apple,iPhone 13,iOS 26.1,TRUE,4a88aa4c-37bb-4a77-cb30-4b63fc743296,FALSE,145,55,T-Mobile
DEV01381,U0689,Laptop,Apple,MacBook Pro,macOS 26,FALSE,,,,99,
DEV01382,U0690,Smartphone,Apple,iPhone 17,iOS 26.1,TRUE,19a100b5-1d24-7205-9d0f-a50475f06c5e,FALSE,145,59,US Cellular
DEV01383,U0690,Laptop,Dell,XPS 13,Windows 11,FALSE,,,,87,
DEV01384,U0690,Tablet,Apple,iPad,iPadOS 26,FALSE,,,,98,
DEV01385,U0691,Smartphone,Apple,iPhone 14,iOS 26.1,TRUE,abfc4451-6b64-0556-ae4a-9e16db1066b7,FALSE,80,60,AT&T
DEV01386,U0691,Laptop,Dell,XPS 13,Windows 11,FALSE,,,,91,
DEV01387,U0691,Tablet,Apple,iPad,iPadOS 26,FALSE,,,,87,
DEV01388,U0692,Smartphone,Apple,iPhone 16,iOS 26.1,TRUE,809c0914-d932-0783-42e8-5c2ce26e51c1,TRUE,120,74,AT&T
DEV01389,U0692,Laptop,Apple,MacBook Air,macOS 26,FALSE,,,,86,
DEV01390,U0693,Smartphone,Apple,iPhone 15,iOS 26.1,TRUE,60164113-cc4c-d35d-2cc5-8e6e65a5d418,TRUE,127,43,T-Mobile
DEV01391,U0693,Laptop,ASUS,Gaming Laptop,Windows 11,FALSE,,,,99,
DEV01392,U0693,Tablet,Apple,iPad,iPadOS 26,FALSE,,,,87,
DEV01393,U0694,Smartphone,Apple,iPhone 14,iOS 26.1,TRUE,f9c3e204-df76-a128-0dda-638e993935f9,FALSE,101,75,US Cellular
DEV01394,U0694,Laptop,Apple,MacBook Air,macOS 26,FALSE,,,,92,
DEV01395,U0695,Smartphone,Google,Pixel 8a,Android 16,TRUE,4fc7c4b1-b8f5-d29b-d284-a46b55051f16,TRUE,94,68,Visible
DEV01396,U0695,Laptop,HP,Spectre x360,Windows 11,FALSE,,,,99,
DEV01397,U0696,Smartphone,Apple,iPhone 15,iOS 26.1,TRUE,f097fa75-3517-2057-cf54-6a1aabd8447e,FALSE,110,69,T-Mobile
DEV01398,U0697,Smartphone,Apple,iPhone 13,iOS 18.6,TRUE,beeeadf0-d0ff-d55b-71f8-392e01fb2299,TRUE,161,61,Verizon
DEV01399,U0697,Tablet,Apple,iPad,iPadOS 26,FALSE,,,,94,
DEV01400,U0698,Smartphone,Apple,iPhone 14,iOS 26.1,TRUE,288ed723-573d-a840-044c-24befcaa7537,FALSE,117,51,Verizon
DEV01401,U0698,Laptop,Apple,MacBook Air,macOS 26,FALSE,,,,81,
DEV01402,U0699,Smartphone,Apple,iPhone 16,iOS 26.1,TRUE,e39a66c1-6422-79f1-4def-f868c7f7487e,FALSE,108,43,Verizon
DEV01403,U0699,Laptop,HP,Spectre x360,Windows 11,FALSE,,,,73,
DEV01404,U0700,Smartphone,Apple,iPhone 15,iOS 26.1,TRUE,4b27bfbe-41c1-1c64-ffb2-0df175ebc3eb,FALSE,132,58,Verizon
DEV01405,U0700,Laptop,Apple,MacBook Pro,macOS 26,FALSE,,,,100,
DEV01406,U0701,Smartphone,Apple,iPhone 14,iOS 26.1,TRUE,c15f7f57-012c-9922-6d7a-8bbfd556fc7e,TRUE,110,62,T-Mobile
DEV01407,U0701,Laptop,HP,Spectre x360,Windows 11,FALSE,,,,91,
DEV01408,U0701,Tablet,Apple,iPad Air,iPadOS 26,FALSE,,,,89,
DEV01409,U0702,Smartphone,Google,Pixel 10,Android 15,TRUE,04b8bb8f-9aa2-2412-7d94-ecd40d456e2f,TRUE,118,54,T-Mobile
DEV01410,U0703,Smartphone,Apple,iPhone 15,iOS 18.6,TRUE,37531e8c-75df-74c1-f5c1-d6bd0f1e9572,TRUE,94,77,T-Mobile
DEV01411,U0703,Laptop,Apple,MacBook Pro,macOS 26,FALSE,,,,70,
DEV01412,U0704,Smartphone,Apple,iPhone 15,iOS 18.6,TRUE,6952c590-6134-8027-aaae-a3e54a111dbe,FALSE,113,70,T-Mobile
DEV01413,U0704,Laptop,ASUS,Gaming Laptop,Windows 11,FALSE,,,,88,
DEV01414,U0705,Smartphone,Apple,iPhone Air,iOS 26.1,TRUE,0bb09dc2-825f-9141-96b2-62b42cc135e4,TRUE,101,48,AT&T
DEV01415,U0705,Laptop,Apple,MacBook Air,macOS 26,FALSE,,,,84,
DEV01416,U0706,Smartphone,Apple,iPhone 17,iOS 18.6,TRUE,7f2cf5e4-482f-f482-6e9c-7d0a1c8f9b4e,FALSE,96,70,Verizon
DEV01417,U0706,Laptop,Lenovo,Yoga Slim,Windows 11,FALSE,,,,74,
DEV01418,U0706,Tablet,Apple,iPad Pro,iPadOS 26,FALSE,,,,84,
DEV01419,U0707,Smartphone,Apple,iPhone 16,iOS 26.1,TRUE,d2675192-15eb-d226-f3ea-2d883eea72c9,FALSE,109,55,Verizon
DEV01420,U0707,Laptop,HP,Spectre x360,Windows 11,FALSE,,,,86,
DEV01421,U0708,Smartphone,Apple,iPhone 16,iOS 26.1,TRUE,e36abc8f-5a67-e4f4-1363-600d70560dba,FALSE,93,77,T-Mobile
DEV01422,U0708,Laptop,Apple,MacBook Air,macOS 26,FALSE,,,,97,
DEV01423,U0709,Smartphone,Apple,iPhone 13,iOS 26.1,TRUE,cc39d1d0-f9a0-b5b6-5b54-ce0e1c6a3a7b,TRUE,152,53,Verizon
DEV01424,U0709,Laptop,Apple,MacBook Air,macOS 26,FALSE,,,,92,
DEV01425,U0709,Tablet,Apple,iPad Air,iPadOS 26,FALSE,,,,91,
DEV01426,U0710,Smartphone,Motorola,Moto G Power,Android 15,TRUE,b0c1f58c-6da2-1c2b-5e59-0e9d9766ca3b,FALSE,161,76,Verizon
DEV01427,U0710,Laptop,HP,Spectre x360,Windows 11,FALSE,,,,69,
DEV01428,U0710,Tablet,Apple,iPad Pro,iPadOS 26,FALSE,,,,84,
DEV01429,U0711,Smartphone,Apple,iPhone 13,iOS 18.6,TRUE,d825961f-7822-ec83-e084-d2ca858d4cc6,FALSE,84,60,Verizon
DEV01430,U0711,Laptop,Lenovo,Yoga Slim,Windows 11,FALSE,,,,82,
DEV01431,U0712,Smartphone,Apple,iPhone 15,iOS 26.1,TRUE,1e9bf21c-24fd-5cc1-f1d5-67015ce517f4,TRUE,117,62,T-Mobile
DEV01432,U0712,Tablet,Apple,iPad Air,iPadOS 26,FALSE,,,,77,
DEV01433,U0713,Smartphone,Apple,iPhone 17,iOS 26.1,TRUE,fe301257-7eb5-1bbb-cdb7-31a5563c9d78,TRUE,66,60,Verizon
DEV01434,U0713,Laptop,Apple,MacBook Air,macOS 26,FALSE,,,,97,
DEV01435,U0714,Smartphone,Apple,iPhone 15,iOS 26.1,TRUE,d3705c59-1679-60e2-9640-9194d4dd0d36,TRUE,111,55,AT&T
DEV01436,U0715,Smartphone,Samsung,Galaxy S25,Android 16,TRUE,df541cda-b1a5-6c6a-be6b-f1a2e1d86143,TRUE,89,59,Cricket
DEV01437,U0715,Laptop,Apple,MacBook Air,macOS 26,FALSE,,,,92,
DEV01438,U0716,Smartphone,Google,Pixel 9,Android 16,TRUE,b4a8118b-4f21-c965-dc48-2401c0e6fcd3,TRUE,132,71,AT&T
DEV01439,U0717,Smartphone,Apple,iPhone 15,iOS 26.1,TRUE,367c00b5-f9fc-9406-f267-46d929316ad5,FALSE,126,54,Verizon
DEV01440,U0717,Laptop,Apple,MacBook Air,macOS 26,FALSE,,,,85,
DEV01441,U0718,Smartphone,Apple,iPhone 14,iOS 26.1,TRUE,e979e2c8-4d14-484d-e7a6-2ff522b85acc,FALSE,69,43,Verizon
DEV01442,U0718,Laptop,HP,Spectre x360,Windows 11,FALSE,,,,87,
DEV01443,U0719,Smartphone,Apple,iPhone Air,iOS 26.1,TRUE,749f80a8-a0bb-fc1b-9856-4f43531d7e19,FALSE,93,89,Verizon
DEV01444,U0719,Laptop,HP,Spectre x360,Windows 11,FALSE,,,,83,
DEV01445,U0720,Smartphone,Apple,iPhone 15,iOS 26.1,TRUE,fcb59d7c-9fda-5461-2ee5-841eb417090c,FALSE,102,65,T-Mobile
DEV01446,U0721,Smartphone,Apple,iPhone 14,iOS 18.6,TRUE,68ddd88a-b697-50b4-f89d-3f6ce1ee7ad9,TRUE,127,65,AT&T
DEV01447,U0722,Smartphone,Apple,iPhone 15,iOS 26.1,TRUE,8c19dee2-a523-8f99-c0dd-9bd2eb005b2b,FALSE,115,65,Verizon
DEV01448,U0722,Laptop,Apple,MacBook Air,macOS 26,FALSE,,,,80,
DEV01449,U0723,Smartphone,Apple,iPhone Air,iOS 26.1,TRUE,e3bf7ed5-94fb-e89f-ac36-650207f2b14a,FALSE,106,87,AT&T
DEV01450,U0723,Laptop,Apple,MacBook Air,macOS 26,FALSE,,,,90,
DEV01451,U0724,Smartphone,Google,Pixel 10,Android 16,TRUE,e39cc0c6-f0fa-b8ff-9e8b-3e094d315cc7,FALSE,117,74,Cricket
DEV01452,U0725,Smartphone,Apple,iPhone 14,iOS 26.1,TRUE,94310cd1-5180-2e75-f709-0e8558ebcecf,FALSE,88,63,AT&T
DEV01453,U0725,Laptop,Apple,MacBook Air,macOS 26,FALSE,,,,94,
DEV01454,U0726,Smartphone,Apple,iPhone Air,iOS 26.1,TRUE,f6238eee-b15c-c68a-c963-d5ac2d2db004,FALSE,147,82,Verizon
DEV01455,U0726,Laptop,HP,Spectre x360,Windows 11,FALSE,,,,78,
DEV01456,U0726,Tablet,Apple,iPad Pro,iPadOS 26,FALSE,,,,86,
DEV01457,U0727,Smartphone,Apple,iPhone 16,iOS 18.6,TRUE,0238bbd1-68a1-d465-07f0-6e9712f56e61,FALSE,94,50,Mint Mobile
DEV01458,U0727,Laptop,HP,Spectre x360,Windows 11,FALSE,,,,89,
DEV01459,U0728,Smartphone,Motorola,Moto G Power,Android 15,TRUE,47eae4fd-d2ce-76c6-3df1-c64d2500ae89,TRUE,120,62,US Cellular
DEV01460,U0728,Laptop,Apple,MacBook Pro,macOS 26,FALSE,,,,93,
DEV01461,U0729,Smartphone,Apple,iPhone 15,iOS 26.1,TRUE,ef33df44-59cd-1341-ced6-f800e6d6312e,TRUE,141,60,AT&T
DEV01462,U0729,Laptop,Lenovo,Yoga Slim,Windows 11,FALSE,,,,80,
DEV01463,U0730,Smartphone,Apple,iPhone 15,iOS 26.1,TRUE,0acc674b-43ef-dca8-8def-814651e302cc,FALSE,142,68,T-Mobile
DEV01464,U0730,Laptop,Dell,XPS 13,Windows 11,FALSE,,,,90,
DEV01465,U0731,Smartphone,Apple,iPhone 13,iOS 18.6,TRUE,06f3fb45-5314-4eba-32fe-8fb1c60a48e2,FALSE,155,59,T-Mobile
DEV01466,U0731,Laptop,HP,Spectre x360,Windows 11,FALSE,,,,84,
DEV01467,U0732,Smartphone,Apple,iPhone 17,iOS 26.1,TRUE,6ffecd3c-e64d-1b53-1a8c-f3c3d0a1da43,FALSE,56,63,T-Mobile
DEV01468,U0732,Laptop,Apple,MacBook Pro,macOS 26,FALSE,,,,91,
DEV01469,U0733,Smartphone,Apple,iPhone 17,iOS 26.1,TRUE,dd645d4d-b10e-2b5a-8acc-fecc37c901c7,TRUE,142,59,T-Mobile
DEV01470,U0733,Laptop,Apple,MacBook Pro,macOS 26,FALSE,,,,78,
DEV01471,U0734,Smartphone,Motorola,Moto G Power,Android 15,TRUE,b146bc2a-5405-ecf9-76ea-6bddee5e5c98,FALSE,138,73,Verizon
DEV01472,U0734,Laptop,Lenovo,Yoga Slim,Windows 11,FALSE,,,,94,
DEV01473,U0734,Tablet,Apple,iPad,iPadOS 26,FALSE,,,,91,
DEV01474,U0735,Smartphone,Apple,iPhone 15,iOS 26.1,TRUE,072c21bc-303f-e7fb-4999-4aae83953c8d,FALSE,83,69,Verizon
DEV01475,U0735,Laptop,Apple,MacBook Air,macOS 26,FALSE,,,,88,
DEV01476,U0735,Tablet,Apple,iPad,iPadOS 26,FALSE,,,,100,
DEV01477,U0736,Smartphone,Google,Pixel 9,Android 15,TRUE,09018d69-2dd7-7b71-2543-426de09ad04d,TRUE,121,54,AT&T
DEV01478,U0736,Tablet,Apple,iPad Air,iPadOS 26,FALSE,,,,83,
DEV01479,U0737,Smartphone,Apple,iPhone 17,iOS 18.6,TRUE,a2be575a-2d88-ac82-3ea7-995626ee59e9,FALSE,128,64,AT&T
DEV01480,U0738,Smartphone,Apple,iPhone 15,iOS 26.1,TRUE,e88a3ed7-9e97-af14-bd7f-1a5caf3edc5e,TRUE,171,67,T-Mobile
DEV01481,U0738,Laptop,Lenovo,Gaming Laptop,Windows 11,FALSE,,,,85,
DEV01482,U0738,Tablet,Apple,iPad Pro,iPadOS 26,FALSE,,,,90,
DEV01483,U0739,Smartphone,Samsung,Galaxy S24,Android 16,TRUE,7383fe4b-efc0-b503-24cb-8bee6a544370,TRUE,103,75,T-Mobile
DEV01484,U0739,Laptop,Apple,MacBook Pro,macOS 26,FALSE,,,,80,
DEV01485,U0740,Smartphone,Apple,iPhone 15,iOS 26.1,TRUE,8b965113-eeb2-1f1b-487c-10c7c0cc83bc,FALSE,128,61,Visible
DEV01486,U0740,Tablet,Apple,iPad,iPadOS 26,FALSE,,,,93,
DEV01487,U0741,Smartphone,Apple,iPhone 13,iOS 26.1,TRUE,5371a915-1182-7e55-b422-fdae6323c625,TRUE,133,78,AT&T
DEV01488,U0741,Laptop,Apple,MacBook Air,macOS 26,FALSE,,,,97,
DEV01489,U0742,Smartphone,Samsung,Galaxy S25,Android 16,TRUE,6af011b8-2a15-0bf1-c5e4-7e11cfc6d644,TRUE,152,63,T-Mobile
DEV01490,U0742,Laptop,Lenovo,Yoga Slim,Windows 11,FALSE,,,,92,
DEV01491,U0742,Tablet,Apple,iPad,iPadOS 26,FALSE,,,,81,
DEV01492,U0743,Smartphone,Samsung,Galaxy S23,Android 15,TRUE,bc5132dc-2ea9-d639-8bee-15ee53061f9b,TRUE,119,52,Verizon
DEV01493,U0743,Laptop,Apple,MacBook Pro,macOS 26,FALSE,,,,86,
DEV01494,U0743,Tablet,Apple,iPad,iPadOS 26,FALSE,,,,92,
DEV01495,U0744,Smartphone,Samsung,Galaxy A56,Android 16,TRUE,cdcefc2f-c4f5-132a-19c4-5454c0534d03,TRUE,115,62,T-Mobile
DEV01496,U0744,Tablet,Apple,iPad,iPadOS 26,FALSE,,,,94,
DEV01497,U0745,Smartphone,Apple,iPhone 16,iOS 26.1,TRUE,bb5256e0-eac0-c029-992d-a98c5c90a25a,FALSE,47,51,Verizon
DEV01498,U0745,Laptop,Apple,MacBook Air,macOS 26,FALSE,,,,93,
DEV01499,U0745,Tablet,Apple,iPad Pro,iPadOS 26,FALSE,,,,86,
DEV01500,U0746,Smartphone,Google,Pixel 9,Android 16,TRUE,edfe19b7-02af-7355-ac3d-3db0f7d096cc,FALSE,93,41,T-Mobile
DEV01501,U0746,Laptop,Dell,XPS 13,Windows 11,FALSE,,,,100,
DEV01502,U0747,Smartphone,Apple,iPhone Air,iOS 26.1,TRUE,d6339f66-eabe-78ef-4b3f-540d4fc35170,FALSE,113,61,T-Mobile
DEV01503,U0747,Laptop,HP,Spectre x360,Windows 11,FALSE,,,,79,
DEV01504,U0748,Smartphone,Apple,iPhone 16,iOS 26.1,TRUE,f38bea7f-95a3-a129-77dd-20e6174dc78c,FALSE,128,57,AT&T
DEV01505,U0748,Laptop,Apple,MacBook Air,macOS 26,FALSE,,,,92,
DEV01506,U0749,Smartphone,Apple,iPhone 16,iOS 26.1,TRUE,dae7adcb-fee9-aa5f-38d0-c336756091dd,FALSE,107,49,Cricket
DEV01507,U0749,Laptop,Apple,MacBook Air,macOS 26,FALSE,,,,84,
DEV01508,U0750,Smartphone,Google,Pixel 8a,Android 15,TRUE,3e7b39a5-2c5f-1f0c-18e0-fe7390685c30,TRUE,181,59,T-Mobile
DEV01509,U0751,Smartphone,Apple,iPhone 17,iOS 26.1,TRUE,1720577d-e894-d976-30c1-34c3252407d5,FALSE,80,60,Mint Mobile
DEV01510,U0751,Laptop,HP,Spectre x360,Windows 11,FALSE,,,,92,
DEV01511,U0751,Tablet,Apple,iPad,iPadOS 26,FALSE,,,,91,
DEV01512,U0752,Smartphone,Apple,iPhone 16,iOS 26.1,TRUE,1c3a711b-74b8-fe0a-4c19-710fc72440bc,TRUE,116,58,Cricket
DEV01513,U0752,Laptop,Apple,MacBook Air,macOS 26,FALSE,,,,78,
DEV01514,U0753,Smartphone,Motorola,Moto G Power,Android 16,TRUE,5092bd3c-3356-1337-ee8a-e5ccb574a248,TRUE,156,69,AT&T
DEV01515,U0753,Laptop,Apple,MacBook Air,macOS 26,FALSE,,,,96,
DEV01516,U0753,Tablet,Samsung,Galaxy Tab S9,Android 16,FALSE,,,,91,
DEV01517,U0754,Smartphone,Apple,iPhone Air,iOS 18.6,TRUE,68591d40-7d54-0ea7-62cb-a5bd422be4fc,FALSE,127,55,Verizon
DEV01518,U0754,Laptop,Apple,MacBook Air,macOS 26,FALSE,,,,79,
DEV01519,U0754,Tablet,Apple,iPad,iPadOS 26,FALSE,,,,92,
DEV01520,U0755,Smartphone,Apple,iPhone 14,iOS 26.1,TRUE,bfb1c34f-e8a0-147a-8811-61cd7341296f,FALSE,109,79,Verizon
DEV01521,U0755,Laptop,Lenovo,Yoga Slim,Windows 11,FALSE,,,,72,
DEV01522,U0755,Tablet,Apple,iPad,iPadOS 26,FALSE,,,,100,
DEV01523,U0756,Smartphone,Apple,iPhone 16,iOS 18.6,TRUE,90fd033d-3089-30e8-d4b2-995d4400682c,FALSE,114,92,T-Mobile
DEV01524,U0756,Laptop,Microsoft,Surface Laptop,Windows 11,FALSE,,,,89,
DEV01525,U0757,Smartphone,Google,Pixel 8a,Android 16,TRUE,33011aae-abed-2720-978f-3ede6f410f04,TRUE,122,58,T-Mobile
DEV01526,U0757,Laptop,Lenovo,Yoga Slim,Windows 11,FALSE,,,,89,
DEV01527,U0758,Smartphone,Motorola,Moto G Power,Android 16,TRUE,49d1a99a-557d-1a05-56d8-732f90086e21,TRUE,135,62,AT&T
DEV01528,U0758,Laptop,Apple,MacBook Pro,macOS 26,FALSE,,,,90,
DEV01529,U0759,Smartphone,Apple,iPhone 14,iOS 26.1,TRUE,6f1bf9f9-31be-82bc-9141-d3917a4b0f2a,TRUE,143,69,Verizon
DEV01530,U0759,Laptop,Apple,MacBook Air,macOS 26,FALSE,,,,88,
DEV01531,U0759,Tablet,Samsung,Galaxy Tab S9,Android 16,FALSE,,,,95,
DEV01532,U0760,Smartphone,Apple,iPhone 17,iOS 26.1,TRUE,b3ad6742-4b98-39bb-1917-590d64744d66,TRUE,136,42,AT&T
DEV01533,U0760,Laptop,Apple,MacBook Air,macOS 26,FALSE,,,,83,
DEV01534,U0761,Smartphone,Apple,iPhone 13,iOS 26.1,TRUE,63c572f6-6463-1eb7-13c3-49a97efb0112,FALSE,186,61,US Cellular
DEV01535,U0761,Laptop,Apple,MacBook Pro,macOS 26,FALSE,,,,91,
DEV01536,U0761,Tablet,Apple,iPad Air,iPadOS 26,FALSE,,,,76,
DEV01537,U0762,Smartphone,Apple,iPhone Air,iOS 26.1,TRUE,1fe508b3-51b8-6e2b-b674-ed0ee039c5e5,FALSE,97,58,AT&T
DEV01538,U0762,Laptop,HP,Spectre x360,Windows 11,FALSE,,,,97,
DEV01539,U0763,Smartphone,Apple,iPhone 15,iOS 26.1,TRUE,10e2008b-4db7-66f3-bed3-050bf6208fba,TRUE,138,47,AT&T
DEV01540,U0763,Laptop,Lenovo,Yoga Slim,Windows 11,FALSE,,,,90,
DEV01541,U0764,Smartphone,Samsung,Galaxy S24,Android 16,TRUE,b346e576-efc1-3b65-d4c3-339c82afb4e6,TRUE,76,86,Verizon
DEV01542,U0764,Laptop,Apple,MacBook Pro,macOS 26,FALSE,,,,96,
DEV01543,U0765,Smartphone,Apple,iPhone 14,iOS 26.1,TRUE,cc6c0a8a-2b89-1e9f-5a78-ab211b51b387,TRUE,114,65,T-Mobile
DEV01544,U0766,Smartphone,Apple,iPhone 15,iOS 18.6,TRUE,403ff622-6bff-5dc5-ea72-01af941bfcde,FALSE,94,55,Verizon
DEV01545,U0766,Laptop,Apple,MacBook Air,macOS 26,FALSE,,,,91,
DEV01546,U0767,Smartphone,Apple,iPhone 15,iOS 18.6,TRUE,eb29fa2b-55be-1f38-de7e-e8230890c453,FALSE,166,66,T-Mobile
DEV01547,U0767,Laptop,Dell,XPS 13,Windows 11,FALSE,,,,81,
DEV01548,U0767,Tablet,Apple,iPad Pro,iPadOS 26,FALSE,,,,85,
DEV01549,U0768,Smartphone,Apple,iPhone 16,iOS 26.1,TRUE,ec515524-dae7-dba9-73b2-284806cea2a9,FALSE,164,73,AT&T
DEV01550,U0768,Laptop,Apple,MacBook Air,macOS 26,FALSE,,,,77,
DEV01551,U0769,Smartphone,Apple,iPhone 13,iOS 26.1,TRUE,aa550792-0fc6-b750-4c19-e1f86e6585ad,FALSE,109,38,T-Mobile
DEV01552,U0770,Smartphone,Samsung,Galaxy S25,Android 15,TRUE,77cf0b58-b3d6-d020-b5c2-3348ffc0cf70,TRUE,142,47,Verizon
DEV01553,U0770,Laptop,HP,Spectre x360,Windows 11,FALSE,,,,85,
DEV01554,U0771,Smartphone,Apple,iPhone 17,iOS 26.1,TRUE,9eee8d4d-0e65-ea1a-20dd-5d75309b3ddf,FALSE,136,62,Verizon
DEV01555,U0771,Laptop,Apple,MacBook Air,macOS 26,FALSE,,,,85,
DEV01556,U0771,Tablet,Apple,iPad Pro,iPadOS 26,FALSE,,,,96,
DEV01557,U0772,Smartphone,Apple,iPhone Air,iOS 26.1,TRUE,0ce7128b-71fa-df95-0e8a-446bc5c47d5b,TRUE,83,40,T-Mobile
DEV01558,U0773,Smartphone,Apple,iPhone 16,iOS 18.6,TRUE,eb3dfe18-9b54-65ad-5cb4-02f26d31187b,TRUE,158,67,AT&T
DEV01559,U0773,Laptop,Apple,MacBook Pro,macOS 26,FALSE,,,,87,
DEV01560,U0773,Tablet,Apple,iPad Air,iPadOS 26,FALSE,,,,85,
DEV01561,U0774,Smartphone,Apple,iPhone 15,iOS 26.1,TRUE,e902a958-a576-7826-058c-dd156b3bb7c2,FALSE,97,45,AT&T
DEV01562,U0774,Laptop,Apple,MacBook Pro,macOS 26,FALSE,,,,81,
DEV01563,U0775,Smartphone,Apple,iPhone 15,iOS 26.1,TRUE,ed604358-b743-815a-7aaa-e5f6b6af7116,FALSE,117,46,Cricket
DEV01564,U0775,Laptop,Dell,XPS 13,Windows 11,FALSE,,,,82,
DEV01565,U0776,Smartphone,Samsung,Galaxy S23,Android 15,TRUE,ba87b10f-babb-f2bb-9ae7-2d813a80aef5,TRUE,77,33,Verizon
DEV01566,U0777,Smartphone,Apple,iPhone 17,iOS 26.1,TRUE,ea1a06d6-b824-76b7-d016-9c41aff54892,FALSE,117,64,AT&T
DEV01567,U0777,Laptop,Dell,XPS 13,Windows 11,FALSE,,,,82,
DEV01568,U0778,Smartphone,Samsung,Galaxy S25,Android 15,TRUE,57cd1bf1-0e89-f678-a208-6e83b3a60585,TRUE,124,58,AT&T
DEV01569,U0779,Smartphone,Apple,iPhone 13,iOS 26.1,TRUE,d8402d5d-1a4b-be09-2226-8ab516b0724a,FALSE,103,84,T-Mobile
DEV01570,U0779,Laptop,ASUS,Gaming Laptop,Windows 11,FALSE,,,,97,
DEV01571,U0779,Tablet,Apple,iPad,iPadOS 26,FALSE,,,,99,
DEV01572,U0780,Smartphone,Apple,iPhone 15,iOS 26.1,TRUE,7c1afcbd-4c19-2619-c693-24768252b794,TRUE,109,42,T-Mobile
DEV01573,U0780,Laptop,Dell,XPS 13,Windows 11,FALSE,,,,74,
DEV01574,U0780,Tablet,Apple,iPad Pro,iPadOS 26,FALSE,,,,92,
DEV01575,U0781,Smartphone,Apple,iPhone 17,iOS 18.6,TRUE,611ba8fa-c93e-40a2-21bb-748ce9a0b776,FALSE,104,69,Verizon
DEV01576,U0782,Smartphone,Apple,iPhone 13,iOS 26.1,TRUE,4a3fc5c6-b634-1b10-fd2c-32ea8461317f,TRUE,127,61,AT&T
DEV01577,U0782,Laptop,Apple,MacBook Air,macOS 26,FALSE,,,,81,
DEV01578,U0782,Tablet,Apple,iPad Pro,iPadOS 26,FALSE,,,,100,
DEV01579,U0783,Smartphone,Apple,iPhone 16,iOS 26.1,TRUE,559a8ba1-253b-bfae-7b06-3a42105ef4b1,TRUE,113,54,Verizon
DEV01580,U0784,Smartphone,Samsung,Galaxy S24,Android 16,TRUE,79695dcc-d50c-d47b-e0ca-b2a1d7bbef50,TRUE,179,68,AT&T
DEV01581,U0785,Smartphone,Apple,iPhone 15,iOS 26.1,TRUE,15b66bb8-502f-86bb-30a1-7c78e614f7bc,FALSE,74,68,Verizon
DEV01582,U0785,Laptop,Apple,MacBook Air,macOS 26,FALSE,,,,77,
DEV01583,U0785,Tablet,Apple,iPad,iPadOS 26,FALSE,,,,87,
DEV01584,U0786,Smartphone,Apple,iPhone 16,iOS 26.1,TRUE,e400f048-4cce-a9a6-00df-f8e7c1ed385c,FALSE,133,65,T-Mobile
DEV01585,U0786,Laptop,Apple,MacBook Air,macOS 26,FALSE,,,,98,
DEV01586,U0787,Smartphone,Apple,iPhone 15,iOS 26.1,TRUE,a7417d25-8498-2233-ed6c-bc048290bed7,FALSE,92,76,Cricket
DEV01587,U0787,Laptop,Apple,MacBook Air,macOS 26,FALSE,,,,88,
DEV01588,U0788,Smartphone,Apple,iPhone 16,iOS 26.1,TRUE,1232a76c-ebdd-17a2-3548-59d9c3100495,FALSE,111,70,AT&T
DEV01589,U0788,Tablet,Apple,iPad,iPadOS 26,FALSE,,,,98,
DEV01590,U0789,Smartphone,Apple,iPhone 14,iOS 26.1,TRUE,9089ecbd-940b-df17-b632-0922fcc3115d,FALSE,115,74,AT&T
DEV01591,U0789,Laptop,Apple,MacBook Air,macOS 26,FALSE,,,,88,
DEV01592,U0790,Smartphone,Apple,iPhone 14,iOS 26.1,TRUE,d8d6ceba-ed59-cc81-e66e-8e395916bc9a,FALSE,90,60,Mint Mobile
DEV01593,U0790,Laptop,Apple,MacBook Air,macOS 26,FALSE,,,,79,
DEV01594,U0791,Smartphone,Apple,iPhone 16,iOS 26.1,TRUE,08b105b0-812b-7024-9791-ce914e776d33,FALSE,89,45,T-Mobile
DEV01595,U0791,Laptop,Dell,XPS 13,Windows 11,FALSE,,,,83,
DEV01596,U0792,Smartphone,Apple,iPhone 14,iOS 18.6,TRUE,cee036b6-b3ab-3053-32e1-98892c6fc87c,FALSE,87,73,Verizon
DEV01597,U0792,Laptop,Apple,MacBook Air,macOS 26,FALSE,,,,83,
DEV01598,U0793,Smartphone,Apple,iPhone 15,iOS 26.1,TRUE,27959fd0-651f-af5f-649f-58f956471707,TRUE,109,55,T-Mobile
DEV01599,U0794,Smartphone,Apple,iPhone Air,iOS 26.1,TRUE,3a7e933f-b80a-a4ff-57c2-4d889a0458a6,FALSE,96,60,AT&T
DEV01600,U0794,Laptop,HP,Spectre x360,Windows 11,FALSE,,,,91,
DEV01601,U0794,Tablet,Apple,iPad,iPadOS 26,FALSE,,,,86,
DEV01602,U0795,Smartphone,Apple,iPhone 13,iOS 18.6,TRUE,e81e25d1-5879-649d-28be-88c650fdecab,FALSE,137,59,AT&T
DEV01603,U0795,Laptop,Apple,MacBook Pro,macOS 26,FALSE,,,,83,
DEV01604,U0796,Smartphone,Apple,iPhone 15,iOS 26.1,TRUE,d082e03b-eb1e-cad7-0d06-fe0959e51084,FALSE,106,66,Mint Mobile
DEV01605,U0796,Tablet,Apple,iPad,iPadOS 26,FALSE,,,,91,
DEV01606,U0797,Smartphone,Apple,iPhone Air,iOS 18.6,TRUE,36707f96-64de-9870-ccf8-06a92be83bb9,FALSE,183,76,Verizon
DEV01607,U0797,Laptop,Apple,MacBook Air,macOS 26,FALSE,,,,96,
DEV01608,U0798,Smartphone,Apple,iPhone Air,iOS 26.1,TRUE,015ba203-9cdd-9083-869e-6a2bb5097ca1,FALSE,125,85,T-Mobile
DEV01609,U0798,Laptop,Apple,MacBook Air,macOS 26,FALSE,,,,100,
DEV01610,U0799,Smartphone,Apple,iPhone 15,iOS 26.1,TRUE,16500560-0460-cbbb-e64a-2f1300702686,FALSE,122,63,T-Mobile
DEV01611,U0799,Laptop,Apple,MacBook Pro,macOS 26,FALSE,,,,81,
DEV01612,U0799,Tablet,Apple,iPad Air,iPadOS 26,FALSE,,,,92,
DEV01613,U0800,Smartphone,Apple,iPhone 17,iOS 26.1,TRUE,63769a8f-6a86-018c-d6e0-98582c4f2d89,FALSE,136,86,AT&T
DEV01614,U0800,Laptop,Apple,MacBook Pro,macOS 26,FALSE,,,,91,
DEV01615,U0800,Tablet,Apple,iPad,iPadOS 26,FALSE,,,,94,
DEV01616,U0801,Smartphone,Apple,iPhone 14,iOS 26.1,TRUE,233120d0-58d1-722c-caf6-5adbec6eb364,TRUE,126,59,Verizon
DEV01617,U0802,Smartphone,Google,Pixel 9,Android 16,TRUE,277f4a7d-8ac7-b834-ed3d-c118a008ae35,TRUE,151,74,T-Mobile
DEV01618,U0802,Laptop,Apple,MacBook Pro,macOS 26,FALSE,,,,94,
DEV01619,U0803,Smartphone,Apple,iPhone 15,iOS 26.1,TRUE,6ba1b720-3bbb-b231-01be-c8e09898715c,FALSE,128,69,Verizon
DEV01620,U0803,Laptop,Apple,MacBook Air,macOS 26,FALSE,,,,94,
DEV01621,U0804,Smartphone,Samsung,Galaxy A56,Android 15,TRUE,c13d3a0b-8a04-a989-f3ad-d41628160a7b,TRUE,112,68,Verizon
DEV01622,U0804,Laptop,ASUS,Gaming Laptop,Windows 11,FALSE,,,,95,
DEV01623,U0805,Smartphone,Apple,iPhone 13,iOS 26.1,TRUE,ab8176b3-fd94-a1cb-c7c3-7141072e71fb,FALSE,58,61,AT&T
DEV01624,U0805,Laptop,Apple,MacBook Air,macOS 26,FALSE,,,,99,
DEV01625,U0806,Smartphone,Apple,iPhone 16,iOS 18.6,TRUE,5ffd7a8d-6c08-fbd2-64f9-e958b33580bc,FALSE,128,58,T-Mobile
DEV01626,U0806,Laptop,Apple,MacBook Air,macOS 26,FALSE,,,,100,
DEV01627,U0806,Tablet,Apple,iPad Pro,iPadOS 26,FALSE,,,,87,
DEV01628,U0807,Smartphone,Apple,iPhone 14,iOS 26.1,TRUE,51994654-ae65-5a5d-7b00-efa43b6899f3,TRUE,102,63,T-Mobile
DEV01629,U0807,Laptop,Lenovo,Yoga Slim,Windows 11,FALSE,,,,85,
DEV01630,U0808,Smartphone,Apple,iPhone 14,iOS 26.1,TRUE,2af54198-3f4d-9906-24db-30460fa61cc2,FALSE,107,48,Mint Mobile
DEV01631,U0808,Laptop,Apple,MacBook Pro,macOS 26,FALSE,,,,84,
DEV01632,U0809,Smartphone,Apple,iPhone 15,iOS 26.1,TRUE,48c2df64-ef6b-4464-9e10-24aca1e6da6b,FALSE,76,70,T-Mobile
DEV01633,U0809,Laptop,Dell,XPS 13,Windows 11,FALSE,,,,81,
DEV01634,U0810,Smartphone,Apple,iPhone 15,iOS 26.1,TRUE,373cd27f-fe89-15ac-1915-18ca1d68fa73,FALSE,145,67,Visible
DEV01635,U0811,Smartphone,Apple,iPhone 13,iOS 26.1,TRUE,86baf274-4821-5473-8dc8-8e0c9e112f87,TRUE,140,56,T-Mobile
DEV01636,U0811,Laptop,Apple,MacBook Air,macOS 26,FALSE,,,,86,
DEV01637,U0812,Smartphone,Apple,iPhone 15,iOS 26.1,TRUE,5c95b0a5-965f-f569-c32f-2944639f906a,FALSE,85,63,Visible
DEV01638,U0813,Smartphone,Google,Pixel 8a,Android 15,TRUE,30a9f45b-d84d-bd92-500f-a10224ccc9be,TRUE,150,69,Verizon
DEV01639,U0813,Tablet,Apple,iPad,iPadOS 26,FALSE,,,,84,
DEV01640,U0814,Smartphone,Apple,iPhone 17,iOS 26.1,TRUE,96789501-7495-5964-926e-0bd894776d71,FALSE,154,51,Verizon
DEV01641,U0814,Laptop,Apple,MacBook Pro,macOS 26,FALSE,,,,92,
DEV01642,U0815,Smartphone,Samsung,Galaxy S25,Android 16,TRUE,28d23735-d487-3723-00c5-4d09ee0617bb,TRUE,179,76,AT&T
DEV01643,U0816,Smartphone,Apple,iPhone 14,iOS 26.1,TRUE,906a41fc-8473-35b9-d242-a0bb1290b6f3,FALSE,88,89,AT&T
DEV01644,U0816,Tablet,Apple,iPad Air,iPadOS 26,FALSE,,,,77,
DEV01645,U0817,Smartphone,Apple,iPhone 16,iOS 26.1,TRUE,73665ef3-62b3-23f3-26fc-3728b8652a49,FALSE,83,74,AT&T
DEV01646,U0817,Laptop,Apple,MacBook Air,macOS 26,FALSE,,,,73,
DEV01647,U0817,Tablet,Apple,iPad Pro,iPadOS 26,FALSE,,,,84,
DEV01648,U0818,Smartphone,Apple,iPhone Air,iOS 26.1,TRUE,a488f215-9229-d2d5-8b42-4a914b69fffb,TRUE,164,50,Verizon
DEV01649,U0818,Laptop,Apple,MacBook Air,macOS 26,FALSE,,,,90,
DEV01650,U0819,Smartphone,Apple,iPhone 16,iOS 26.1,TRUE,c05edaee-f974-6e2e-4f9a-8e6769dafc52,FALSE,86,78,AT&T
DEV01651,U0819,Laptop,ASUS,Gaming Laptop,Windows 11,FALSE,,,,85,
DEV01652,U0820,Smartphone,Apple,iPhone 15,iOS 18.6,TRUE,34754d04-5de3-f2c0-4c86-36d10c4a3057,FALSE,67,60,AT&T
DEV01653,U0821,Smartphone,Apple,iPhone 13,iOS 26.1,TRUE,18949b79-6f62-56d2-bd76-6f64b58da783,FALSE,127,59,T-Mobile
DEV01654,U0821,Laptop,HP,Spectre x360,Windows 11,FALSE,,,,78,
DEV01655,U0822,Smartphone,Apple,iPhone Air,iOS 26.1,TRUE,69de0a55-349c-2cc3-4580-c55247310cfe,FALSE,143,74,AT&T
DEV01656,U0822,Laptop,Microsoft,Surface Laptop,Windows 11,FALSE,,,,89,
DEV01657,U0822,Tablet,Apple,iPad Air,iPadOS 26,FALSE,,,,89,
DEV01658,U0823,Smartphone,Samsung,Galaxy A56,Android 16,TRUE,5fde3b55-6e8c-906a-42f3-ed357b193157,TRUE,135,54,AT&T
DEV01659,U0823,Laptop,Apple,MacBook Pro,macOS 26,FALSE,,,,90,
DEV01660,U0824,Smartphone,Apple,iPhone 16,iOS 26.1,TRUE,8da11b59-36b6-afd0-46aa-0b123d2e1508,FALSE,137,53,AT&T
DEV01661,U0824,Laptop,Apple,MacBook Pro,macOS 26,FALSE,,,,61,
DEV01662,U0824,Tablet,Apple,iPad,iPadOS 26,FALSE,,,,95,
DEV01663,U0825,Smartphone,Apple,iPhone 15,iOS 26.1,TRUE,82df746d-0cab-6b3d-3657-e8b5c19781fe,FALSE,122,44,T-Mobile
DEV01664,U0825,Laptop,Apple,MacBook Pro,macOS 26,FALSE,,,,97,
DEV01665,U0826,Smartphone,Samsung,Galaxy S23,Android 16,TRUE,80136db0-e403-f363-9da0-2c42cd002c22,FALSE,91,50,Verizon
DEV01666,U0827,Smartphone,Apple,iPhone 16,iOS 26.1,TRUE,b384ffe9-9050-860a-3f22-7229383d23b1,FALSE,176,46,Visible
DEV01667,U0827,Laptop,HP,Spectre x360,Windows 11,FALSE,,,,89,
DEV01668,U0828,Smartphone,Samsung,Galaxy S24,Android 16,TRUE,5fdd2508-05bb-45f2-fd2f-67a50a3e6f94,TRUE,115,62,Cricket
DEV01669,U0829,Smartphone,Apple,iPhone 14,iOS 26.1,TRUE,e4b3885a-a3b4-c257-fdea-4f785fe17030,FALSE,121,67,Verizon
DEV01670,U0829,Laptop,Lenovo,Yoga Slim,Windows 11,FALSE,,,,96,
DEV01671,U0830,Smartphone,Apple,iPhone 15,iOS 18.6,TRUE,cab6a0fc-9f55-b42a-d1d4-332a471745e1,FALSE,96,60,T-Mobile
DEV01672,U0831,Smartphone,Apple,iPhone 17,iOS 26.1,TRUE,7ea4c739-475a-5515-6dad-66cc5b401665,FALSE,174,62,Verizon
DEV01673,U0832,Smartphone,Apple,iPhone 15,iOS 26.1,TRUE,03c8edc5-cd3f-d807-496a-748cda45d09e,FALSE,81,85,AT&T
DEV01674,U0832,Laptop,Apple,MacBook Air,macOS 26,FALSE,,,,86,
DEV01675,U0833,Smartphone,Apple,iPhone 14,iOS 26.1,TRUE,49f5b807-5a4e-8e3c-2c73-22d86498500d,TRUE,135,54,T-Mobile
DEV01676,U0833,Laptop,Apple,MacBook Pro,macOS 26,FALSE,,,,80,
DEV01677,U0833,Tablet,Apple,iPad,iPadOS 26,FALSE,,,,99,
DEV01678,U0834,Smartphone,Apple,iPhone 14,iOS 26.1,TRUE,d765b848-352a-fec5-920b-1f9c7a7eb2da,FALSE,102,58,AT&T
DEV01679,U0834,Laptop,HP,Spectre x360,Windows 11,FALSE,,,,88,
DEV01680,U0835,Smartphone,Apple,iPhone 17,iOS 26.1,TRUE,efc84bc1-2581-6c58-cd95-859819280b5f,FALSE,92,56,T-Mobile
DEV01681,U0835,Tablet,Apple,iPad,iPadOS 26,FALSE,,,,89,
DEV01682,U0836,Smartphone,Apple,iPhone 16,iOS 26.1,TRUE,6079f9e0-689c-cdc9-e502-764f511adf99,FALSE,120,82,T-Mobile
DEV01683,U0836,Laptop,Apple,MacBook Pro,macOS 26,FALSE,,,,87,
DEV01684,U0837,Smartphone,Apple,iPhone 17,iOS 26.1,TRUE,fbdbb47e-555b-9d62-450f-3e4e3bc801ff,FALSE,125,46,Verizon
DEV01685,U0838,Smartphone,Samsung,Galaxy S24,Android 16,TRUE,8f5d30df-159f-092d-5539-bdbcf5f923e1,TRUE,151,71,T-Mobile
DEV01686,U0838,Laptop,HP,Spectre x360,Windows 11,FALSE,,,,94,
DEV01687,U0839,Smartphone,Google,Pixel 9,Android 15,TRUE,efcb3643-ed4e-e562-9ea6-4d6bd9f5e24b,FALSE,177,67,AT&T
DEV01688,U0839,Laptop,Dell,XPS 13,Windows 11,FALSE,,,,74,
DEV01689,U0840,Smartphone,Apple,iPhone 13,iOS 26.1,TRUE,c232043e-3438-5ecb-95a0-d6d7250df553,TRUE,135,60,AT&T
DEV01690,U0840,Laptop,Dell,XPS 13,Windows 11,FALSE,,,,85,
DEV01691,U0840,Tablet,Apple,iPad,iPadOS 26,FALSE,,,,100,
DEV01692,U0841,Smartphone,Apple,iPhone 13,iOS 26.1,TRUE,1ca5d452-4fed-1411-e392-bc6b2ca453b4,FALSE,107,72,T-Mobile
DEV01693,U0842,Smartphone,Apple,iPhone 14,iOS 18.6,TRUE,442063ad-0a1c-1452-28b8-564223117176,FALSE,106,44,Verizon
DEV01694,U0842,Laptop,Apple,MacBook Air,macOS 26,FALSE,,,,100,
DEV01695,U0843,Smartphone,Apple,iPhone 13,iOS 18.6,TRUE,1446bcc7-a697-13b1-3f37-88056cc66f69,FALSE,111,65,Mint Mobile
DEV01696,U0843,Laptop,Microsoft,Surface Laptop,Windows 11,FALSE,,,,100,
DEV01697,U0844,Smartphone,Apple,iPhone 13,iOS 26.1,TRUE,94a82530-3971-ab15-4cbd-59d242ba7b93,FALSE,102,61,Verizon
DEV01698,U0844,Laptop,Apple,MacBook Air,macOS 26,FALSE,,,,74,
DEV01699,U0845,Smartphone,Samsung,Galaxy A56,Android 15,TRUE,14a60ad8-43ba-957d-17f9-05ac2ca73417,TRUE,139,59,Verizon
DEV01700,U0845,Laptop,Lenovo,Yoga Slim,Windows 11,FALSE,,,,95,
DEV01701,U0845,Tablet,Apple,iPad,iPadOS 26,FALSE,,,,100,
DEV01702,U0846,Smartphone,Apple,iPhone 14,iOS 26.1,TRUE,cff9adaf-6c3b-9d30-7690-fab57c83f76b,TRUE,115,58,AT&T
DEV01703,U0846,Laptop,Apple,MacBook Pro,macOS 26,FALSE,,,,81,
DEV01704,U0847,Smartphone,Apple,iPhone 16,iOS 26.1,TRUE,11a738da-9763-d681-768a-af2c5f0d91be,FALSE,131,51,AT&T
DEV01705,U0847,Laptop,Microsoft,Surface Laptop,Windows 11,FALSE,,,,92,
DEV01706,U0848,Smartphone,Apple,iPhone 16,iOS 26.1,TRUE,03d47755-0078-b374-9d50-bfb0c7f7c93a,FALSE,126,78,AT&T
DEV01707,U0848,Laptop,Dell,XPS 13,Windows 11,FALSE,,,,90,
DEV01708,U0848,Tablet,Apple,iPad,iPadOS 26,FALSE,,,,87,
DEV01709,U0849,Smartphone,Samsung,Galaxy S23,Android 16,TRUE,16ef1468-8818-4dbe-c12a-96bdd1632109,TRUE,175,51,AT&T
DEV01710,U0849,Laptop,Dell,XPS 13,Windows 11,FALSE,,,,76,
DEV01711,U0849,Tablet,Apple,iPad Air,iPadOS 26,FALSE,,,,82,
DEV01712,U0850,Smartphone,Apple,iPhone 15,iOS 26.1,TRUE,322b2255-2d68-e11d-d213-8b8553c0b1aa,FALSE,60,82,Verizon
DEV01713,U0850,Laptop,ASUS,Gaming Laptop,Windows 11,FALSE,,,,92,
DEV01714,U0850,Tablet,Apple,iPad,iPadOS 26,FALSE,,,,100,
DEV01715,U0851,Smartphone,Apple,iPhone 14,iOS 18.6,TRUE,6ed1caad-3a3a-52a4-f21f-b3f95a6f1e1b,FALSE,86,86,Mint Mobile
DEV01716,U0851,Laptop,Apple,MacBook Air,macOS 26,FALSE,,,,87,
DEV01717,U0851,Tablet,Apple,iPad Air,iPadOS 26,FALSE,,,,94,
DEV01718,U0852,Smartphone,Apple,iPhone 17,iOS 26.1,TRUE,ab87fc76-6dcc-290f-c96b-e841d877ca45,FALSE,165,65,Verizon
DEV01719,U0852,Laptop,Apple,MacBook Pro,macOS 26,FALSE,,,,99,
DEV01720,U0853,Smartphone,Samsung,Galaxy S23,Android 16,TRUE,04595322-e8e0-5e4c-41db-f7a4d67624e9,TRUE,98,53,T-Mobile
DEV01721,U0853,Tablet,Apple,iPad Air,iPadOS 26,FALSE,,,,74,
DEV01722,U0854,Smartphone,Apple,iPhone 17,iOS 26.1,TRUE,70de2fae-7163-c260-30f3-f7c4ca167c86,FALSE,80,62,Cricket
DEV01723,U0855,Smartphone,Apple,iPhone 14,iOS 26.1,TRUE,8928d825-654c-8b08-3ee7-31eb6667c2f1,FALSE,80,56,Visible
DEV01724,U0856,Smartphone,Samsung,Galaxy A56,Android 16,TRUE,48e92367-061a-4f3a-7713-96cc3a68e317,TRUE,117,61,T-Mobile
DEV01725,U0856,Laptop,Apple,MacBook Air,macOS 26,FALSE,,,,94,
DEV01726,U0856,Tablet,Apple,iPad,iPadOS 26,FALSE,,,,100,
DEV01727,U0857,Smartphone,Apple,iPhone 14,iOS 26.1,TRUE,619c4490-0dce-1687-bb06-25bd0bc8c6fa,TRUE,125,57,T-Mobile
DEV01728,U0857,Laptop,Microsoft,Surface Laptop,Windows 11,FALSE,,,,93,
DEV01729,U0857,Tablet,Apple,iPad,iPadOS 26,FALSE,,,,95,
DEV01730,U0858,Smartphone,Apple,iPhone 15,iOS 26.1,TRUE,e26640d4-c1aa-4933-8ac4-ff1b1a15d4b4,FALSE,143,73,Verizon
DEV01731,U0858,Laptop,Dell,XPS 13,Windows 11,FALSE,,,,96,
DEV01732,U0859,Smartphone,Samsung,Galaxy S25,Android 16,TRUE,9e924d28-3a17-dcf7-f950-6c80c919b3ea,TRUE,102,60,T-Mobile
DEV01733,U0859,Laptop,Microsoft,Surface Laptop,Windows 11,FALSE,,,,82,
DEV01734,U0860,Smartphone,Apple,iPhone 14,iOS 26.1,TRUE,feab9b8c-ce69-b581-1bf0-1c95dbc14a64,FALSE,96,62,Verizon
DEV01735,U0860,Laptop,HP,Spectre x360,Windows 11,FALSE,,,,83,
DEV01736,U0861,Smartphone,Apple,iPhone 15,iOS 26.1,TRUE,b7b6fff9-ce39-8f4d-c655-f77b25661b2b,FALSE,113,65,Verizon
DEV01737,U0861,Laptop,Apple,MacBook Air,macOS 26,FALSE,,,,97,
DEV01738,U0862,Smartphone,Apple,iPhone 14,iOS 26.1,TRUE,2ab6347f-0625-5ac6-31e2-c5aebf988420,TRUE,118,70,T-Mobile
DEV01739,U0862,Tablet,Apple,iPad,iPadOS 26,FALSE,,,,100,
DEV01740,U0863,Smartphone,Apple,iPhone 16,iOS 26.1,TRUE,c221070f-dd7c-1721-1220-d1052e3c7982,FALSE,134,62,T-Mobile
DEV01741,U0863,Laptop,Apple,MacBook Air,macOS 26,FALSE,,,,100,
DEV01742,U0864,Smartphone,Apple,iPhone 15,iOS 26.1,TRUE,05777e32-95c5-3b2b-c0e3-6b26f1a03d7c,FALSE,156,57,AT&T
DEV01743,U0864,Laptop,Apple,MacBook Pro,macOS 26,FALSE,,,,87,
DEV01744,U0865,Smartphone,Apple,iPhone 16,iOS 26.1,TRUE,ccb9214f-abe3-0bf9-1951-e2cbc3db5ffa,FALSE,135,54,Verizon
DEV01745,U0865,Laptop,Dell,XPS 13,Windows 11,FALSE,,,,73,
DEV01746,U0866,Smartphone,Apple,iPhone 15,iOS 18.6,TRUE,b621ab70-fbe4-7f2f-55b5-99c023e3d1be,FALSE,141,70,T-Mobile
DEV01747,U0866,Tablet,Apple,iPad Pro,iPadOS 26,FALSE,,,,89,
DEV01748,U0867,Smartphone,Samsung,Galaxy S25,Android 16,TRUE,cf517154-2764-e2ff-7267-eb227592e43b,FALSE,140,76,AT&T
DEV01749,U0867,Laptop,Apple,MacBook Pro,macOS 26,FALSE,,,,76,
DEV01750,U0868,Smartphone,Samsung,Galaxy S24,Android 16,TRUE,6480755c-3a75-9b35-0c5a-048a67e24ea4,TRUE,98,66,T-Mobile
DEV01751,U0868,Tablet,Samsung,Galaxy Tab S9,Android 16,FALSE,,,,93,
DEV01752,U0869,Smartphone,Apple,iPhone 14,iOS 26.1,TRUE,8e15b144-d44b-ad0a-6599-fec4d51e6b49,FALSE,108,59,Verizon
DEV01753,U0869,Laptop,Lenovo,Gaming Laptop,Windows 11,FALSE,,,,100,
DEV01754,U0870,Smartphone,Apple,iPhone 16,iOS 26.1,TRUE,bd010501-f9a7-56fc-fedc-044fcb13e817,FALSE,89,58,Mint Mobile
DEV01755,U0870,Laptop,Dell,XPS 13,Windows 11,FALSE,,,,77,
DEV01756,U0871,Smartphone,Samsung,Galaxy S25,Android 16,TRUE,d0bb13d3-e9ee-079c-ff67-2b40c1a7e90a,TRUE,101,83,Verizon
DEV01757,U0872,Smartphone,Google,Pixel 10,Android 15,TRUE,b7913b67-e4ad-1afc-4191-b77fd456becd,FALSE,101,69,AT&T
DEV01758,U0872,Laptop,Microsoft,Surface Laptop,Windows 11,FALSE,,,,96,
DEV01759,U0873,Smartphone,Samsung,Galaxy S24,Android 16,TRUE,38898383-a449-063a-7c98-4db27d9a40e8,TRUE,75,54,AT&T
DEV01760,U0873,Laptop,Apple,MacBook Pro,macOS 26,FALSE,,,,79,
DEV01761,U0874,Smartphone,Apple,iPhone 13,iOS 26.1,TRUE,e19d5683-fd8a-1696-4c40-c879fd04f6bb,FALSE,94,68,T-Mobile
DEV01762,U0874,Laptop,Apple,MacBook Air,macOS 26,FALSE,,,,70,
DEV01763,U0875,Smartphone,Apple,iPhone 16,iOS 18.6,TRUE,c2201d65-a6a7-78e8-a96c-02c52e4c46da,FALSE,100,57,AT&T
DEV01764,U0875,Laptop,Lenovo,Yoga Slim,Windows 11,FALSE,,,,76,
DEV01765,U0875,Tablet,Apple,iPad,iPadOS 26,FALSE,,,,93,
DEV01766,U0876,Smartphone,Apple,iPhone 17,iOS 26.1,TRUE,f2823df1-d094-cc11-f1cc-7f7d62292b97,FALSE,88,55,T-Mobile
DEV01767,U0876,Laptop,Apple,MacBook Air,macOS 26,FALSE,,,,90,
DEV01768,U0877,Smartphone,Apple,iPhone 15,iOS 26.1,TRUE,2a2e4411-0e71-c98d-be08-5230fa7b535e,FALSE,86,57,AT&T
DEV01769,U0877,Laptop,HP,Spectre x360,Windows 11,FALSE,,,,90,
DEV01770,U0877,Tablet,Apple,iPad,iPadOS 26,FALSE,,,,88,
DEV01771,U0878,Smartphone,Apple,iPhone 15,iOS 26.1,TRUE,8cbd6474-877c-61df-7a1c-0cf571d78025,FALSE,98,56,T-Mobile
DEV01772,U0878,Laptop,Apple,MacBook Pro,macOS 26,FALSE,,,,90,
DEV01773,U0879,Smartphone,Apple,iPhone 13,iOS 26.1,TRUE,ddf8a96f-170b-2792-2c24-23beabcaf09a,FALSE,131,69,Visible
DEV01774,U0879,Laptop,Lenovo,Yoga Slim,Windows 11,FALSE,,,,74,
DEV01775,U0879,Tablet,Apple,iPad Air,iPadOS 26,FALSE,,,,84,
DEV01776,U0880,Smartphone,Samsung,Galaxy S23,Android 16,TRUE,6cf6faa6-a40d-4629-a6e2-2747395cadfd,TRUE,82,67,AT&T
DEV01777,U0880,Laptop,Apple,MacBook Air,macOS 26,FALSE,,,,95,
DEV01778,U0881,Smartphone,Apple,iPhone 16,iOS 18.6,TRUE,1bd0b952-5119-0c35-3822-92e90ff0e5cc,FALSE,85,69,AT&T
DEV01779,U0881,Laptop,Apple,MacBook Air,macOS 26,FALSE,,,,94,
DEV01780,U0882,Smartphone,Apple,iPhone 15,iOS 26.1,TRUE,79967838-a471-8d7e-cfaf-35ace1fd9e04,FALSE,120,59,Verizon
DEV01781,U0882,Laptop,Apple,MacBook Air,macOS 26,FALSE,,,,90,
DEV01782,U0882,Tablet,Apple,iPad,iPadOS 26,FALSE,,,,82,
DEV01783,U0883,Smartphone,Motorola,Moto G Power,Android 16,TRUE,089c6b51-7ec7-0704-3d5d-01ffcd5b50c4,TRUE,107,62,Verizon
DEV01784,U0883,Laptop,Apple,MacBook Air,macOS 26,FALSE,,,,97,
DEV01785,U0884,Smartphone,Apple,iPhone 14,iOS 26.1,TRUE,6338b987-3377-87b4-8192-aae14c726267,FALSE,101,67,Verizon
DEV01786,U0884,Laptop,Lenovo,Yoga Slim,Windows 11,FALSE,,,,85,
DEV01787,U0885,Smartphone,Apple,iPhone 13,iOS 26.1,TRUE,4a8b2e50-ade4-7c61-7383-95a1a982aefa,TRUE,99,53,Visible
DEV01788,U0885,Laptop,Apple,MacBook Air,macOS 26,FALSE,,,,100,
DEV01789,U0886,Smartphone,Apple,iPhone 17,iOS 26.1,TRUE,49c1aa84-83b4-3534-2a95-286e3350a6f5,FALSE,161,63,T-Mobile
DEV01790,U0886,Laptop,HP,Spectre x360,Windows 11,FALSE,,,,89,
DEV01791,U0887,Smartphone,Apple,iPhone 15,iOS 26.1,TRUE,bc3064ac-c2b3-00bf-125f-be7791c62630,FALSE,73,72,T-Mobile
DEV01792,U0887,Laptop,Lenovo,Gaming Laptop,Windows 11,FALSE,,,,92,
DEV01793,U0888,Smartphone,Apple,iPhone Air,iOS 26.1,TRUE,b4411a9a-57a7-96e5-c5b2-9c0c13a60c73,FALSE,78,37,Cricket
DEV01794,U0888,Tablet,Apple,iPad,iPadOS 26,FALSE,,,,96,
DEV01795,U0889,Smartphone,Apple,iPhone 16,iOS 26.1,TRUE,2a0aa3af-9cc6-ebba-83ac-24730de834f3,FALSE,126,55,Cricket
DEV01796,U0889,Tablet,Apple,iPad Air,iPadOS 26,FALSE,,,,94,
DEV01797,U0890,Smartphone,Samsung,Galaxy S23,Android 15,TRUE,4899c6b8-8868-0b97-6306-1fd2888e2c66,FALSE,100,73,Verizon
DEV01798,U0890,Laptop,Lenovo,Yoga Slim,Windows 11,FALSE,,,,91,
DEV01799,U0890,Tablet,Apple,iPad,iPadOS 26,FALSE,,,,93,
DEV01800,U0891,Smartphone,Apple,iPhone 14,iOS 26.1,TRUE,d652d439-03ae-dfa2-dec8-7c5b67dc995c,FALSE,124,52,T-Mobile
DEV01801,U0891,Laptop,Apple,MacBook Air,macOS 26,FALSE,,,,92,
DEV01802,U0892,Smartphone,Apple,iPhone 15,iOS 26.1,TRUE,3de47162-d847-6ae5-1258-51dbaee46bfa,TRUE,117,64,T-Mobile
DEV01803,U0893,Smartphone,Apple,iPhone 14,iOS 26.1,TRUE,736a791a-159e-0fce-bb39-59a9a3b2ea75,FALSE,107,58,T-Mobile
DEV01804,U0893,Laptop,Apple,MacBook Pro,macOS 26,FALSE,,,,75,
DEV01805,U0893,Tablet,Apple,iPad,iPadOS 26,FALSE,,,,84,
DEV01806,U0894,Smartphone,Apple,iPhone 15,iOS 26.1,TRUE,9c8a1c76-db16-7b39-79c6-e9c86fc801e5,TRUE,122,67,T-Mobile
DEV01807,U0894,Laptop,Apple,MacBook Pro,macOS 26,FALSE,,,,79,
DEV01808,U0895,Smartphone,Apple,iPhone 16,iOS 26.1,TRUE,2ce22c34-d8b3-91d4-9c94-719f32b11bd6,FALSE,129,83,Cricket
DEV01809,U0896,Smartphone,Apple,iPhone 15,iOS 26.1,TRUE,cda0ae31-05d9-9f54-4f20-816777fcb9d5,TRUE,140,77,Verizon
DEV01810,U0897,Smartphone,Apple,iPhone 14,iOS 26.1,TRUE,2e4f6898-854e-5238-fe9e-71178149b9d4,FALSE,117,78,T-Mobile
DEV01811,U0897,Laptop,Apple,MacBook Pro,macOS 26,FALSE,,,,81,
DEV01812,U0898,Smartphone,Apple,iPhone Air,iOS 26.1,TRUE,f02fa06c-12dd-62d4-be77-905a8164c1b4,TRUE,89,59,AT&T
DEV01813,U0898,Laptop,Apple,MacBook Pro,macOS 26,FALSE,,,,81,
DEV01814,U0898,Tablet,Samsung,Galaxy Tab S9,Android 16,FALSE,,,,92,
DEV01815,U0899,Smartphone,Motorola,Moto G Power,Android 16,TRUE,e60cbf67-43c8-3ade-d944-6fe721bb19b6,FALSE,129,49,AT&T
DEV01816,U0899,Tablet,Apple,iPad Air,iPadOS 26,FALSE,,,,94,
DEV01817,U0900,Smartphone,Motorola,Moto G Power,Android 16,TRUE,7fec703a-5399-53c0-c1f1-a955b7f6080b,FALSE,139,74,Cricket
DEV01818,U0900,Laptop,Microsoft,Surface Laptop,Windows 11,FALSE,,,,77,
DEV01819,U0900,Tablet,Apple,iPad Pro,iPadOS 26,FALSE,,,,86,
DEV01820,U0901,Smartphone,Apple,iPhone 13,iOS 26.1,TRUE,766b83ff-6ceb-49d0-23e9-476b6b59c93a,FALSE,71,72,T-Mobile
DEV01821,U0901,Laptop,Apple,MacBook Air,macOS 26,FALSE,,,,100,
DEV01822,U0902,Smartphone,Apple,iPhone 16,iOS 26.1,TRUE,0e60e66d-9add-87b9-9625-0fd6f7ae2c50,FALSE,158,81,AT&T
DEV01823,U0902,Laptop,Apple,MacBook Pro,macOS 26,FALSE,,,,79,
DEV01824,U0903,Smartphone,Apple,iPhone 15,iOS 26.1,TRUE,3564ee9a-ab82-072a-7ebd-3b1affaf4115,TRUE,145,74,AT&T
DEV01825,U0903,Laptop,Microsoft,Surface Laptop,Windows 11,FALSE,,,,92,
DEV01826,U0903,Tablet,Apple,iPad Air,iPadOS 26,FALSE,,,,96,
DEV01827,U0904,Smartphone,Apple,iPhone 14,iOS 26.1,TRUE,563f59bb-8ecb-0304-643b-398a4741b428,FALSE,134,64,T-Mobile
DEV01828,U0904,Laptop,ASUS,Gaming Laptop,Windows 11,FALSE,,,,77,
DEV01829,U0905,Smartphone,Google,Pixel 9,Android 16,TRUE,389161b3-be20-8eec-bf32-81534e213b94,TRUE,139,58,Verizon
DEV01830,U0905,Laptop,Apple,MacBook Pro,macOS 26,FALSE,,,,84,
DEV01831,U0905,Tablet,Apple,iPad,iPadOS 26,FALSE,,,,91,
DEV01832,U0906,Smartphone,Apple,iPhone 14,iOS 18.6,TRUE,33dab687-5ad1-a560-760d-ceb6af6af405,TRUE,130,52,Verizon
DEV01833,U0906,Laptop,Microsoft,Surface Laptop,Windows 11,FALSE,,,,88,
DEV01834,U0907,Smartphone,Apple,iPhone 17,iOS 26.1,TRUE,26b11b28-6482-8b2b-c28a-5053b4153f2f,FALSE,156,58,T-Mobile
DEV01835,U0907,Laptop,Apple,MacBook Air,macOS 26,FALSE,,,,86,
DEV01836,U0907,Tablet,Apple,iPad,iPadOS 26,FALSE,,,,93,
DEV01837,U0908,Smartphone,Apple,iPhone Air,iOS 26.1,TRUE,75f527eb-5eb8-a04a-3f6b-e1b4ca63d9fd,FALSE,135,37,Cricket
DEV01838,U0908,Laptop,Apple,MacBook Air,macOS 26,FALSE,,,,76,
DEV01839,U0908,Tablet,Apple,iPad Pro,iPadOS 26,FALSE,,,,83,
DEV01840,U0909,Smartphone,Samsung,Galaxy S25,Android 15,TRUE,038c8f14-5e81-e2d3-cc69-e0369f03fce7,TRUE,93,54,Verizon
DEV01841,U0909,Laptop,Apple,MacBook Air,macOS 26,FALSE,,,,88,
DEV01842,U0910,Smartphone,Samsung,Galaxy S23,Android 15,TRUE,0c7f4f65-f77d-ed2e-5103-59832998a4bc,FALSE,115,62,AT&T
DEV01843,U0910,Tablet,Apple,iPad Air,iPadOS 26,FALSE,,,,99,
DEV01844,U0911,Smartphone,Apple,iPhone 15,iOS 18.6,TRUE,94100aed-2c3f-a972-2960-f932953464c5,FALSE,71,50,Verizon
DEV01845,U0911,Laptop,Lenovo,Yoga Slim,Windows 11,FALSE,,,,95,
DEV01846,U0912,Smartphone,Apple,iPhone 14,iOS 26.1,TRUE,39d44c6e-af45-4ea4-c694-f5d32e71bddf,TRUE,136,79,Verizon
DEV01847,U0912,Laptop,Microsoft,Surface Laptop,Windows 11,FALSE,,,,90,
DEV01848,U0912,Tablet,Apple,iPad,iPadOS 26,FALSE,,,,87,
DEV01849,U0913,Smartphone,Google,Pixel 10,Android 16,TRUE,617de624-8e1b-152c-8d22-bfcf8e4bd5af,FALSE,150,52,Visible
DEV01850,U0913,Laptop,Apple,MacBook Pro,macOS 26,FALSE,,,,97,
DEV01851,U0914,Smartphone,Apple,iPhone Air,iOS 26.1,TRUE,2f962483-98d9-3522-2097-5d80102cdef2,FALSE,95,95,Verizon
DEV01852,U0914,Tablet,Samsung,Galaxy Tab S9,Android 16,FALSE,,,,77,
DEV01853,U0915,Smartphone,Google,Pixel 10,Android 15,TRUE,0cafac2c-8de6-b7db-7b4a-fa3b64351443,TRUE,75,59,AT&T
DEV01854,U0915,Laptop,Apple,MacBook Air,macOS 26,FALSE,,,,86,
DEV01855,U0916,Smartphone,Apple,iPhone 15,iOS 26.1,TRUE,9bdfea9f-4aa9-a991-7a1d-c75627d20b0f,FALSE,108,65,Verizon
DEV01856,U0916,Laptop,Lenovo,Yoga Slim,Windows 11,FALSE,,,,73,
DEV01857,U0917,Smartphone,Apple,iPhone 15,iOS 18.6,TRUE,1a52d9ee-40dc-8559-18b7-6dd13fdb1571,FALSE,100,58,AT&T
DEV01858,U0917,Tablet,Apple,iPad,iPadOS 26,FALSE,,,,79,
DEV01859,U0918,Smartphone,Samsung,Galaxy S24,Android 16,TRUE,c471a06a-af2e-6633-22ba-8e71623fbfa4,TRUE,105,69,Visible
DEV01860,U0918,Laptop,Apple,MacBook Air,macOS 26,FALSE,,,,81,
DEV01861,U0919,Smartphone,Apple,iPhone 14,iOS 26.1,TRUE,acd7e022-2ade-808b-badd-a994a090d683,FALSE,143,63,Visible
DEV01862,U0920,Smartphone,Apple,iPhone 16,iOS 26.1,TRUE,fa097598-246b-8d35-f684-ab316dd54f6e,TRUE,64,61,T-Mobile
DEV01863,U0921,Smartphone,Apple,iPhone 15,iOS 26.1,TRUE,3e8321fe-8887-aec6-fba2-0caa6f2aa4cc,FALSE,113,79,AT&T
DEV01864,U0921,Laptop,Dell,XPS 13,Windows 11,FALSE,,,,88,
DEV01865,U0921,Tablet,Apple,iPad,iPadOS 26,FALSE,,,,100,
DEV01866,U0922,Smartphone,Apple,iPhone 14,iOS 26.1,TRUE,f70675c0-1a2a-dd4d-5ba6-176d062808c3,FALSE,139,78,AT&T
DEV01867,U0922,Laptop,Apple,MacBook Air,macOS 26,FALSE,,,,94,
DEV01868,U0923,Smartphone,Samsung,Galaxy A56,Android 16,TRUE,1b1c7655-0c65-446a-19cf-65473aa61f2a,TRUE,133,47,T-Mobile
DEV01869,U0923,Laptop,Apple,MacBook Pro,macOS 26,FALSE,,,,86,
DEV01870,U0924,Smartphone,Apple,iPhone 14,iOS 26.1,TRUE,10e36d5d-ba6b-2d2d-9aa2-fa3e00325667,FALSE,149,70,AT&T
DEV01871,U0924,Laptop,Lenovo,Yoga Slim,Windows 11,FALSE,,,,84,
DEV01872,U0925,Smartphone,Apple,iPhone 14,iOS 26.1,TRUE,88ab0fbb-cbd6-f73a-3d8c-6fe10d7770ac,FALSE,105,60,T-Mobile
DEV01873,U0925,Laptop,HP,Spectre x360,Windows 11,FALSE,,,,82,
DEV01874,U0926,Smartphone,Apple,iPhone 15,iOS 26.1,TRUE,63921aba-b98a-9a7d-a04f-c8ecf49cbded,FALSE,104,55,Visible
DEV01875,U0926,Laptop,Apple,MacBook Air,macOS 26,FALSE,,,,86,
DEV01876,U0926,Tablet,Samsung,Galaxy Tab S9,Android 16,FALSE,,,,85,
DEV01877,U0927,Smartphone,Apple,iPhone Air,iOS 26.1,TRUE,1ef7f04d-3723-f068-f07c-291c7dbe488e,FALSE,52,29,Verizon
DEV01878,U0928,Smartphone,Apple,iPhone 16,iOS 26.1,TRUE,8e52eeec-13f0-867a-878a-2a3715d8fb5e,TRUE,129,45,AT&T
DEV01879,U0928,Laptop,HP,Spectre x360,Windows 11,FALSE,,,,95,
DEV01880,U0929,Smartphone,Apple,iPhone 15,iOS 18.6,TRUE,5dc87bb8-94c4-adda-b47e-02b0c20836df,FALSE,120,55,Verizon
DEV01881,U0929,Laptop,ASUS,Gaming Laptop,Windows 11,FALSE,,,,76,
DEV01882,U0930,Smartphone,Apple,iPhone 15,iOS 26.1,TRUE,20859ba8-54c7-2112-50b7-bc8c7e277b52,FALSE,149,55,AT&T
DEV01883,U0930,Laptop,Apple,MacBook Air,macOS 26,FALSE,,,,94,
DEV01884,U0930,Tablet,Apple,iPad Air,iPadOS 26,FALSE,,,,84,
DEV01885,U0931,Smartphone,Apple,iPhone 15,iOS 26.1,TRUE,786dcca5-7891-ec7f-46ec-b874490e7fea,FALSE,159,68,Verizon
DEV01886,U0931,Laptop,Apple,MacBook Air,macOS 26,FALSE,,,,89,
DEV01887,U0932,Smartphone,Apple,iPhone 13,iOS 26.1,TRUE,ca101501-02b5-b7dc-4fe4-22aedaf99f1d,TRUE,119,72,T-Mobile
DEV01888,U0932,Laptop,HP,Spectre x360,Windows 11,FALSE,,,,82,
DEV01889,U0932,Tablet,Apple,iPad Air,iPadOS 26,FALSE,,,,89,
DEV01890,U0933,Smartphone,Samsung,Galaxy S24,Android 15,TRUE,35a9287a-1c66-11fa-96c8-ccf2ad4b60a4,TRUE,116,49,Cricket
DEV01891,U0933,Laptop,Dell,XPS 13,Windows 11,FALSE,,,,83,
DEV01892,U0933,Tablet,Apple,iPad Pro,iPadOS 26,FALSE,,,,89,
DEV01893,U0934,Smartphone,Apple,iPhone 17,iOS 18.6,TRUE,b053d91d-7ddf-a65b-6d54-705581b1a9de,FALSE,55,82,T-Mobile
DEV01894,U0934,Laptop,HP,Spectre x360,Windows 11,FALSE,,,,90,
DEV01895,U0935,Smartphone,Samsung,Galaxy S25,Android 16,TRUE,f3470b64-c35f-87c4-eaf4-ae3b72c6dd7b,TRUE,94,61,AT&T
DEV01896,U0935,Laptop,Dell,XPS 13,Windows 11,FALSE,,,,78,
DEV01897,U0935,Tablet,Apple,iPad Pro,iPadOS 26,FALSE,,,,95,
DEV01898,U0936,Smartphone,Apple,iPhone 15,iOS 26.1,TRUE,15f6857e-9d14-8aeb-9e7d-bae269033ed7,FALSE,175,68,AT&T
DEV01899,U0936,Laptop,Apple,MacBook Air,macOS 26,FALSE,,,,95,
DEV01900,U0936,Tablet,Apple,iPad,iPadOS 26,FALSE,,,,80,
DEV01901,U0937,Smartphone,Apple,iPhone 16,iOS 26.1,TRUE,438426b0-4e8d-863c-d961-cf832a985507,TRUE,92,47,AT&T
DEV01902,U0937,Laptop,Apple,MacBook Air,macOS 26,FALSE,,,,81,
DEV01903,U0938,Smartphone,Apple,iPhone 14,iOS 26.1,TRUE,2b39efa1-4cf8-4ba1-071e-4ef3ed872c6f,FALSE,170,64,Mint Mobile
DEV01904,U0938,Laptop,Apple,MacBook Air,macOS 26,FALSE,,,,82,
DEV01905,U0939,Smartphone,Apple,iPhone 17,iOS 26.1,TRUE,ef125a78-0547-f9ba-1163-0d76d3698695,TRUE,119,83,T-Mobile
DEV01906,U0939,Laptop,Apple,MacBook Pro,macOS 26,FALSE,,,,96,
DEV01907,U0940,Smartphone,Apple,iPhone 17,iOS 26.1,TRUE,7954a05e-ae76-ef7d-6d20-8af618eb076f,FALSE,99,61,US Cellular
DEV01908,U0940,Laptop,Dell,XPS 13,Windows 11,FALSE,,,,82,
DEV01909,U0941,Smartphone,Apple,iPhone 15,iOS 26.1,TRUE,4c3ba353-0bbe-e3ad-5025-8fb280fa725b,FALSE,182,64,Visible
DEV01910,U0941,Laptop,Dell,XPS 13,Windows 11,FALSE,,,,81,
DEV01911,U0942,Smartphone,Apple,iPhone Air,iOS 26.1,TRUE,61a62e6e-8771-8fab-d2aa-e4714a9e5a2a,FALSE,127,62,T-Mobile
DEV01912,U0942,Laptop,Apple,MacBook Air,macOS 26,FALSE,,,,79,
DEV01913,U0943,Smartphone,Apple,iPhone 14,iOS 26.1,TRUE,cba833a1-dc00-1aca-68d3-bf8b163c511f,TRUE,182,67,AT&T
DEV01914,U0943,Laptop,Apple,MacBook Air,macOS 26,FALSE,,,,96,
DEV01915,U0943,Tablet,Apple,iPad,iPadOS 26,FALSE,,,,83,
DEV01916,U0944,Smartphone,Apple,iPhone 13,iOS 26.1,TRUE,3e5818a9-f6b2-e412-0412-b5ac09b7386c,FALSE,135,74,Cricket
DEV01917,U0944,Laptop,Dell,XPS 13,Windows 11,FALSE,,,,100,
DEV01918,U0945,Smartphone,Motorola,Moto G Power,Android 15,TRUE,162f3700-6f0f-75ba-fd82-3f2013d6b8d4,TRUE,117,61,Visible
DEV01919,U0945,Laptop,HP,Spectre x360,Windows 11,FALSE,,,,77,
DEV01920,U0946,Smartphone,Apple,iPhone Air,iOS 26.1,TRUE,3d0ac2a2-cde5-1b3f-179b-1562a303124c,FALSE,109,75,Verizon
DEV01921,U0946,Laptop,Apple,MacBook Air,macOS 26,FALSE,,,,93,
DEV01922,U0947,Smartphone,Apple,iPhone 14,iOS 18.6,TRUE,dabeadee-831a-1e94-658a-d1ac9b1e9586,FALSE,100,63,Verizon
DEV01923,U0947,Laptop,Apple,MacBook Air,macOS 26,FALSE,,,,84,
DEV01924,U0948,Smartphone,Samsung,Galaxy S24,Android 16,TRUE,5a9bed08-7ac5-9459-05a7-9e5d11575a27,FALSE,78,42,AT&T
DEV01925,U0949,Smartphone,Apple,iPhone 16,iOS 26.1,TRUE,fbe164a2-079a-2f8b-7f15-825c97dc7ee7,FALSE,78,38,AT&T
DEV01926,U0949,Laptop,Lenovo,Yoga Slim,Windows 11,FALSE,,,,88,
DEV01927,U0950,Smartphone,Apple,iPhone 16,iOS 26.1,TRUE,d8eaa746-76c2-3b63-624b-ccb27840a3eb,FALSE,132,80,Verizon
DEV01928,U0950,Laptop,Lenovo,Yoga Slim,Windows 11,FALSE,,,,95,
DEV01929,U0951,Smartphone,Apple,iPhone 14,iOS 26.1,TRUE,ec7d271d-4ec0-c89b-38c5-964b5b9c128a,FALSE,143,79,US Cellular
DEV01930,U0951,Laptop,Lenovo,Yoga Slim,Windows 11,FALSE,,,,100,
DEV01931,U0952,Smartphone,Apple,iPhone 16,iOS 26.1,TRUE,dd8d5ce5-c185-d9be-282d-ecea793bd4f0,FALSE,91,53,AT&T
DEV01932,U0952,Laptop,Apple,MacBook Air,macOS 26,FALSE,,,,69,
DEV01933,U0952,Tablet,Samsung,Galaxy Tab S9,Android 16,FALSE,,,,82,
DEV01934,U0953,Smartphone,Apple,iPhone 16,iOS 26.1,TRUE,709575c5-580c-b561-45ae-c74ca3f1f99d,FALSE,127,51,US Cellular
DEV01935,U0953,Tablet,Samsung,Galaxy Tab S9,Android 16,FALSE,,,,90,
DEV01936,U0954,Smartphone,Samsung,Galaxy S23,Android 15,TRUE,0e162b7a-c942-1935-a1f5-17931a40e039,TRUE,146,44,Verizon
DEV01937,U0954,Laptop,Apple,MacBook Air,macOS 26,FALSE,,,,90,
DEV01938,U0955,Smartphone,Apple,iPhone 14,iOS 26.1,TRUE,15aded4c-0240-ca73-936a-bc5f155fbbe2,FALSE,88,57,AT&T
DEV01939,U0955,Laptop,Apple,MacBook Pro,macOS 26,FALSE,,,,77,
DEV01940,U0956,Smartphone,Apple,iPhone 15,iOS 26.1,TRUE,27cd3b38-139b-e7a1-6706-4d75a5e88e2a,FALSE,115,39,AT&T
DEV01941,U0956,Laptop,HP,Spectre x360,Windows 11,FALSE,,,,99,
DEV01942,U0957,Smartphone,Apple,iPhone 13,iOS 26.1,TRUE,ecf78239-cd2b-41df-a074-05711c9af2d1,FALSE,142,59,Cricket
DEV01943,U0957,Laptop,Dell,XPS 13,Windows 11,FALSE,,,,99,
DEV01944,U0958,Smartphone,Google,Pixel 8a,Android 16,TRUE,8b88fc2e-bcd6-db52-7619-2db3a70c207a,FALSE,107,62,Verizon
DEV01945,U0958,Laptop,Dell,XPS 13,Windows 11,FALSE,,,,81,
DEV01946,U0958,Tablet,Apple,iPad Pro,iPadOS 26,FALSE,,,,93,
DEV01947,U0959,Smartphone,Apple,iPhone Air,iOS 26.1,TRUE,fb159efb-b615-3f71-ebe1-000a04ab45b6,FALSE,135,76,Verizon
DEV01948,U0959,Laptop,Apple,MacBook Air,macOS 26,FALSE,,,,82,
DEV01949,U0960,Smartphone,Apple,iPhone 16,iOS 26.1,TRUE,925f1c1d-3778-3b7a-eaf1-3625e330be8b,TRUE,109,59,Visible
DEV01950,U0960,Laptop,Lenovo,Yoga Slim,Windows 11,FALSE,,,,77,
DEV01951,U0960,Tablet,Apple,iPad Air,iPadOS 26,FALSE,,,,98,
DEV01952,U0961,Smartphone,Apple,iPhone 15,iOS 18.6,TRUE,727c78b4-6738-3d3b-f16f-3de684ac8c81,TRUE,152,68,Verizon
DEV01953,U0961,Laptop,Apple,MacBook Pro,macOS 26,FALSE,,,,98,
DEV01954,U0962,Smartphone,Google,Pixel 8a,Android 15,TRUE,28e2c373-386e-7566-3567-3cd3f7871053,TRUE,137,59,Cricket
DEV01955,U0962,Laptop,Apple,MacBook Air,macOS 26,FALSE,,,,89,
DEV01956,U0963,Smartphone,Apple,iPhone 17,iOS 26.1,TRUE,39744b9c-c692-a4ea-8cb0-2cc5790b09bc,FALSE,121,44,Verizon
DEV01957,U0963,Laptop,HP,Spectre x360,Windows 11,FALSE,,,,87,
DEV01958,U0964,Smartphone,Apple,iPhone 15,iOS 26.1,TRUE,1fb3599c-23c2-3e72-0a24-cc509c96cb2c,FALSE,98,59,Verizon
DEV01959,U0964,Laptop,Apple,MacBook Air,macOS 26,FALSE,,,,78,
DEV01960,U0965,Smartphone,Apple,iPhone 13,iOS 18.6,TRUE,884ae838-e75c-5b45-1528-67c8167c51b4,FALSE,86,78,Verizon
DEV01961,U0965,Laptop,Apple,MacBook Air,macOS 26,FALSE,,,,82,
DEV01962,U0966,Smartphone,Apple,iPhone 16,iOS 18.6,TRUE,97941f98-1c1d-5e35-627d-65855dc665c3,FALSE,88,57,T-Mobile
DEV01963,U0966,Laptop,Apple,MacBook Air,macOS 26,FALSE,,,,77,
DEV01964,U0967,Smartphone,Apple,iPhone 17,iOS 18.6,TRUE,a40087a4-17e6-c8a4-833d-554097b9b09f,FALSE,122,45,Verizon
DEV01965,U0967,Laptop,Apple,MacBook Air,macOS 26,FALSE,,,,91,
DEV01966,U0968,Smartphone,Apple,iPhone 14,iOS 26.1,TRUE,0fe9f373-c087-9382-7bbe-98d82e537a59,FALSE,77,63,T-Mobile
DEV01967,U0968,Laptop,Apple,MacBook Air,macOS 26,FALSE,,,,86,
DEV01968,U0969,Smartphone,Samsung,Galaxy S25,Android 16,TRUE,b861bc65-7813-58a8-f148-d6025d53c97f,FALSE,148,66,Verizon
DEV01969,U0969,Laptop,Dell,XPS 13,Windows 11,FALSE,,,,97,
DEV01970,U0969,Tablet,Apple,iPad,iPadOS 26,FALSE,,,,98,
DEV01971,U0970,Smartphone,Apple,iPhone 17,iOS 18.6,TRUE,878b38e6-fd84-9d2b-0a85-8d387cdbb6e6,TRUE,155,48,Verizon
DEV01972,U0970,Laptop,Apple,MacBook Pro,macOS 26,FALSE,,,,79,
DEV01973,U0971,Smartphone,Google,Pixel 9,Android 16,TRUE,22728fd9-8e09-2d27-219b-99f753bff795,TRUE,159,58,T-Mobile
DEV01974,U0971,Laptop,HP,Spectre x360,Windows 11,FALSE,,,,99,
DEV01975,U0971,Tablet,Samsung,Galaxy Tab S9,Android 16,FALSE,,,,84,
DEV01976,U0972,Smartphone,Apple,iPhone 16,iOS 26.1,TRUE,24eff40e-fca2-ad44-f722-c52e58b01cac,FALSE,140,53,T-Mobile
DEV01977,U0973,Smartphone,Apple,iPhone 13,iOS 26.1,TRUE,89025514-f329-39c5-5b30-a83b10250a4f,FALSE,97,54,Verizon
DEV01978,U0973,Laptop,HP,Spectre x360,Windows 11,FALSE,,,,84,
DEV01979,U0974,Smartphone,Google,Pixel 10,Android 16,TRUE,59a5c59b-912a-b91e-55e6-7496ba3ac5d7,TRUE,139,72,Verizon
DEV01980,U0974,Laptop,Dell,XPS 13,Windows 11,FALSE,,,,100,
DEV01981,U0975,Smartphone,Apple,iPhone 17,iOS 26.1,TRUE,b1986190-f2ae-2065-2fb1-e52eec0a45b6,FALSE,94,88,AT&T
DEV01982,U0975,Laptop,Lenovo,Yoga Slim,Windows 11,FALSE,,,,88,
DEV01983,U0976,Smartphone,Apple,iPhone 14,iOS 18.6,TRUE,3f19ff93-670a-e28d-e7c1-4b7c27b17947,FALSE,92,65,AT&T
DEV01984,U0976,Laptop,Apple,MacBook Air,macOS 26,FALSE,,,,81,
DEV01985,U0977,Smartphone,Samsung,Galaxy S24,Android 16,TRUE,39dae938-cb37-fa62-ee80-33aaa78a04ee,TRUE,162,74,Verizon
DEV01986,U0977,Laptop,Apple,MacBook Air,macOS 26,FALSE,,,,89,
DEV01987,U0978,Smartphone,Apple,iPhone 13,iOS 26.1,TRUE,4856947b-94bc-b6cb-dcba-bfd1815d39b2,FALSE,156,51,T-Mobile
DEV01988,U0978,Laptop,Apple,MacBook Pro,macOS 26,FALSE,,,,100,
DEV01989,U0978,Tablet,Apple,iPad,iPadOS 26,FALSE,,,,100,
DEV01990,U0979,Smartphone,Apple,iPhone 13,iOS 26.1,TRUE,60f7a741-5555-c54c-3e77-3eaab2808f8f,TRUE,94,67,T-Mobile
DEV01991,U0979,Laptop,Apple,MacBook Air,macOS 26,FALSE,,,,86,
DEV01992,U0980,Smartphone,Apple,iPhone 15,iOS 18.6,TRUE,65e00c72-e4be-8036-d514-99ad222970ca,FALSE,104,56,T-Mobile
DEV01993,U0980,Laptop,Apple,MacBook Pro,macOS 26,FALSE,,,,84,
DEV01994,U0981,Smartphone,Apple,iPhone 16,iOS 26.1,TRUE,9b091e69-87a4-eb2f-283e-01ee835f5799,FALSE,145,71,Verizon
DEV01995,U0981,Laptop,Microsoft,Surface Laptop,Windows 11,FALSE,,,,80,
DEV01996,U0982,Smartphone,Apple,iPhone 14,iOS 18.6,TRUE,502a1f9e-d526-6b34-4256-ace1a636b72f,FALSE,100,34,AT&T
DEV01997,U0982,Laptop,HP,Spectre x360,Windows 11,FALSE,,,,94,
DEV01998,U0983,Smartphone,Google,Pixel 9,Android 16,TRUE,c703db09-4384-db7d-03d3-a1b3f3b11e50,TRUE,119,64,AT&T
DEV01999,U0983,Laptop,Lenovo,Yoga Slim,Windows 11,FALSE,,,,82,
DEV02000,U0984,Smartphone,Samsung,Galaxy S24,Android 15,TRUE,8d4c02d6-e2e1-37d8-1502-fcb16d646136,TRUE,138,73,AT&T
DEV02001,U0984,Laptop,Apple,MacBook Pro,macOS 26,FALSE,,,,80,
DEV02002,U0985,Smartphone,Apple,iPhone 16,iOS 26.1,TRUE,e068a9ec-17e0-b770-d783-65a0a3ca3a0d,FALSE,136,71,Verizon
DEV02003,U0986,Smartphone,Samsung,Galaxy A56,Android 16,TRUE,a842ca18-5275-6f11-c673-c1aa24a91d7e,TRUE,129,56,T-Mobile
DEV02004,U0987,Smartphone,Apple,iPhone 15,iOS 26.1,TRUE,3e6f1c86-f04d-d004-5b3f-f5beaf54245f,FALSE,136,66,Verizon
DEV02005,U0987,Laptop,Apple,MacBook Air,macOS 26,FALSE,,,,93,
DEV02006,U0987,Tablet,Samsung,Galaxy Tab S9,Android 16,FALSE,,,,84,
DEV02007,U0988,Smartphone,Apple,iPhone 13,iOS 26.1,TRUE,caf8d82f-6782-f089-1552-d20c4236fd0d,FALSE,167,60,T-Mobile
DEV02008,U0988,Laptop,Apple,MacBook Air,macOS 26,FALSE,,,,91,
DEV02009,U0989,Smartphone,Apple,iPhone 16,iOS 18.6,TRUE,0226676f-9460-65fe-95be-b05b69116ee6,FALSE,157,53,AT&T
DEV02010,U0989,Laptop,Apple,MacBook Pro,macOS 26,FALSE,,,,84,
DEV02011,U0990,Smartphone,Samsung,Galaxy S25,Android 16,TRUE,dfba411d-1484-406d-9097-7d631acb7c55,FALSE,136,89,Mint Mobile
DEV02012,U0990,Laptop,Apple,MacBook Pro,macOS 26,FALSE,,,,100,
DEV02013,U0990,Tablet,Apple,iPad Air,iPadOS 26,FALSE,,,,90,
DEV02014,U0991,Smartphone,Apple,iPhone 14,iOS 26.1,TRUE,e57a4b1f-b74e-e733-e963-4dec429da180,TRUE,123,64,AT&T
DEV02015,U0992,Smartphone,Apple,iPhone 15,iOS 18.6,TRUE,253e7239-b859-4111-6d4a-0ee4427efc29,TRUE,192,69,Verizon
DEV02016,U0992,Laptop,Apple,MacBook Air,macOS 26,FALSE,,,,92,
DEV02017,U0993,Smartphone,Apple,iPhone 15,iOS 26.1,TRUE,6ec45b60-9b07-29c2-1e64-9a92627ccc62,TRUE,178,52,T-Mobile
DEV02018,U0994,Smartphone,Google,Pixel 10,Android 15,TRUE,8df1f2c7-5292-18ea-7796-e853f3c837da,TRUE,123,79,Verizon
DEV02019,U0994,Laptop,Apple,MacBook Air,macOS 26,FALSE,,,,78,
DEV02020,U0995,Smartphone,Apple,iPhone 15,iOS 26.1,TRUE,d9aa6d3d-0ac4-d19b-1674-1f0ef061687a,FALSE,91,81,AT&T
DEV02021,U0995,Laptop,Apple,MacBook Air,macOS 26,FALSE,,,,86,
DEV02022,U0996,Smartphone,Apple,iPhone 15,iOS 26.1,TRUE,54e30291-1f99-c92f-1c44-1384933ea527,FALSE,104,54,Verizon
DEV02023,U0996,Laptop,Apple,MacBook Air,macOS 26,FALSE,,,,86,
DEV02024,U0997,Smartphone,Apple,iPhone 16,iOS 26.1,TRUE,bbf0180e-b82b-bef2-0776-362c85dd950e,FALSE,145,60,US Cellular
DEV02025,U0997,Laptop,Apple,MacBook Pro,macOS 26,FALSE,,,,85,
DEV02026,U0998,Smartphone,Apple,iPhone 14,iOS 26.1,TRUE,3edbe54e-7dac-790b-697f-2af33462d278,FALSE,79,57,AT&T
DEV02027,U0998,Laptop,Apple,MacBook Air,macOS 26,FALSE,,,,86,
DEV02028,U0998,Tablet,Apple,iPad Air,iPadOS 26,FALSE,,,,83,
DEV02029,U0999,Smartphone,Apple,iPhone 17,iOS 26.1,TRUE,13b9a15a-ee52-e2a1-f74e-34b434941b66,FALSE,165,77,AT&T
DEV02030,U1000,Smartphone,Apple,iPhone 14,iOS 18.6,TRUE,4f02dc76-2195-a383-fc05-c89e6e08ab70,FALSE,124,42,Verizon
DEV02031,U1001,Smartphone,Apple,iPhone 14,iOS 18.6,TRUE,156e3ffa-f826-e4cf-b61e-a97a492d64cc,TRUE,113,68,AT&T
DEV02032,U1001,Tablet,Apple,iPad Pro,iPadOS 26,FALSE,,,,92,
DEV02033,U1002,Smartphone,Apple,iPhone 13,iOS 18.6,TRUE,7ef32903-5b7a-e675-faea-807d391b5c37,TRUE,58,58,Verizon
DEV02034,U1002,Laptop,Apple,MacBook Air,macOS 26,FALSE,,,,79,
DEV02035,U1003,Smartphone,Apple,iPhone 16,iOS 26.1,TRUE,c8422f7d-f2a5-3e65-6dbc-d365d4ed0351,TRUE,72,73,Verizon
DEV02036,U1003,Laptop,Microsoft,Surface Laptop,Windows 11,FALSE,,,,85,
DEV02037,U1004,Smartphone,Apple,iPhone 16,iOS 26.1,TRUE,7eb7d75a-1f0d-a9f8-4b03-71a747ce748e,FALSE,104,95,Mint Mobile
DEV02038,U1004,Laptop,Apple,MacBook Pro,macOS 26,FALSE,,,,85,
DEV02039,U1005,Smartphone,Apple,iPhone 15,iOS 26.1,TRUE,b113a9f6-c9ff-3c74-860b-604cc5f57669,FALSE,124,69,AT&T
DEV02040,U1005,Laptop,Dell,XPS 13,Windows 11,FALSE,,,,72,
DEV02041,U1006,Smartphone,Apple,iPhone 15,iOS 18.6,TRUE,d020233d-284b-f02e-d858-44283c973e7b,TRUE,118,71,Verizon
DEV02042,U1006,Laptop,Apple,MacBook Air,macOS 26,FALSE,,,,100,
DEV02043,U1007,Smartphone,Apple,iPhone 16,iOS 26.1,TRUE,68f9d924-4c62-a81b-9e58-c8287fd629e1,FALSE,76,66,T-Mobile
DEV02044,U1007,Laptop,Apple,MacBook Pro,macOS 26,FALSE,,,,81,
DEV02045,U1007,Tablet,Apple,iPad Air,iPadOS 26,FALSE,,,,85,
DEV02046,U1008,Smartphone,Google,Pixel 10,Android 16,TRUE,a6709b9b-d13c-75e5-8a63-629132727e7c,FALSE,93,61,T-Mobile
DEV02047,U1008,Laptop,Apple,MacBook Air,macOS 26,FALSE,,,,84,
DEV02048,U1008,Tablet,Apple,iPad,iPadOS 26,FALSE,,,,96,
DEV02049,U1009,Smartphone,Apple,iPhone 16,iOS 18.6,TRUE,225ae8b6-3aa5-1f29-63e9-46ffcdd7231e,FALSE,113,57,T-Mobile
DEV02050,U1009,Laptop,HP,Spectre x360,Windows 11,FALSE,,,,97,
DEV02051,U1009,Tablet,Apple,iPad,iPadOS 26,FALSE,,,,95,
DEV02052,U1010,Smartphone,Apple,iPhone 14,iOS 26.1,TRUE,8a2e2e30-febe-f18d-c243-d6df103d5991,FALSE,145,46,Verizon
DEV02053,U1011,Smartphone,Apple,iPhone 15,iOS 18.6,TRUE,072e709c-aff2-7d14-dbfb-26bdf21537a1,FALSE,158,68,Verizon
DEV02054,U1011,Laptop,Apple,MacBook Air,macOS 26,FALSE,,,,95,
DEV02055,U1012,Smartphone,Motorola,Moto G Power,Android 16,TRUE,f489772e-ad69-d7f3-2ebf-9f71b52c06d1,TRUE,97,75,T-Mobile
DEV02056,U1012,Laptop,Lenovo,Yoga Slim,Windows 11,FALSE,,,,88,
DEV02057,U1013,Smartphone,Apple,iPhone 16,iOS 26.1,TRUE,9cbed9f9-9664-fe52-2de9-a1430dc36b3d,TRUE,108,86,T-Mobile
DEV02058,U1013,Laptop,Dell,XPS 13,Windows 11,FALSE,,,,79,
DEV02059,U1014,Smartphone,Apple,iPhone 13,iOS 26.1,TRUE,17d6e549-9351-7412-b46b-96696e80b466,TRUE,143,76,US Cellular
DEV02060,U1015,Smartphone,Apple,iPhone 15,iOS 18.6,TRUE,45f020ed-cc1a-0690-dd48-60848f5f31ca,FALSE,155,63,AT&T
DEV02061,U1015,Laptop,Apple,MacBook Pro,macOS 26,FALSE,,,,83,
DEV02062,U1016,Smartphone,Apple,iPhone 14,iOS 18.6,TRUE,569430a2-76a6-fd52-048f-3886472cc978,FALSE,169,63,AT&T
DEV02063,U1016,Laptop,Apple,MacBook Pro,macOS 26,FALSE,,,,92,
DEV02064,U1016,Tablet,Apple,iPad Air,iPadOS 26,FALSE,,,,100,
DEV02065,U1017,Smartphone,Apple,iPhone 14,iOS 26.1,TRUE,61e9a88b-8d62-e804-a15f-8779dd1a4bd9,TRUE,108,67,T-Mobile
DEV02066,U1017,Laptop,Apple,MacBook Air,macOS 26,FALSE,,,,69,
DEV02067,U1018,Smartphone,Apple,iPhone 14,iOS 26.1,TRUE,0b49bbc3-747d-adb0-773c-801fd7fd58bf,FALSE,87,59,Mint Mobile
DEV02068,U1018,Laptop,Apple,MacBook Air,macOS 26,FALSE,,,,80,
DEV02069,U1019,Smartphone,Apple,iPhone 15,iOS 26.1,TRUE,dfe43e47-a910-fb2a-8c76-2c93403635d7,TRUE,171,57,T-Mobile
DEV02070,U1019,Laptop,Apple,MacBook Pro,macOS 26,FALSE,,,,88,
DEV02071,U1020,Smartphone,Apple,iPhone 16,iOS 26.1,TRUE,08873d1b-8c11-9458-4471-0869f5f42859,TRUE,103,61,AT&T
DEV02072,U1020,Laptop,Apple,MacBook Air,macOS 26,FALSE,,,,91,
DEV02073,U1021,Smartphone,Apple,iPhone Air,iOS 18.6,TRUE,ae7a286f-bf3a-2689-6feb-50ec702fc7c0,TRUE,89,43,T-Mobile
DEV02074,U1021,Laptop,Apple,MacBook Air,macOS 26,FALSE,,,,86,
DEV02075,U1022,Smartphone,Apple,iPhone 13,iOS 26.1,TRUE,f614095c-cada-9152-1458-182d9973afec,FALSE,104,70,T-Mobile
DEV02076,U1023,Smartphone,Samsung,Galaxy A56,Android 15,TRUE,ff4274a4-e44c-7383-8a4d-0008385d0880,TRUE,125,71,Verizon
DEV02077,U1023,Laptop,Dell,XPS 13,Windows 11,FALSE,,,,94,
DEV02078,U1023,Tablet,Apple,iPad,iPadOS 26,FALSE,,,,93,
DEV02079,U1024,Smartphone,Apple,iPhone 15,iOS 26.1,TRUE,54548c65-cd8b-2d8c-30ca-8d9e643c713f,FALSE,101,48,Visible
DEV02080,U1024,Laptop,Apple,MacBook Air,macOS 26,FALSE,,,,96,
DEV02081,U1025,Smartphone,Samsung,Galaxy S25,Android 16,TRUE,5ef14d4f-1fb9-6790-6d8d-807f18229264,TRUE,143,52,Mint Mobile
DEV02082,U1026,Smartphone,Apple,iPhone 16,iOS 18.6,TRUE,2e75c379-0a95-0b37-3213-6cd021ae2821,TRUE,114,41,T-Mobile
DEV02083,U1027,Smartphone,Samsung,Galaxy S23,Android 16,TRUE,a594182a-3c62-44f2-8bf0-0b6d3f6b5609,FALSE,79,41,Verizon
DEV02084,U1027,Laptop,Apple,MacBook Pro,macOS 26,FALSE,,,,77,
DEV02085,U1027,Tablet,Apple,iPad,iPadOS 26,FALSE,,,,88,
DEV02086,U1028,Smartphone,Apple,iPhone 15,iOS 26.1,TRUE,9f05b5c3-6c4b-b1b6-61e2-c0c0f30a9b32,FALSE,155,70,Verizon
DEV02087,U1028,Laptop,Apple,MacBook Air,macOS 26,FALSE,,,,96,
DEV02088,U1029,Smartphone,Apple,iPhone 15,iOS 18.6,TRUE,4515aa2d-a4f1-b092-6073-4a102462d747,FALSE,166,49,Verizon
DEV02089,U1029,Laptop,Apple,MacBook Air,macOS 26,FALSE,,,,90,
DEV02090,U1030,Smartphone,Apple,iPhone 16,iOS 18.6,TRUE,28130499-0a5c-065c-4dc8-3f558713108c,FALSE,104,63,T-Mobile
DEV02091,U1031,Smartphone,Apple,iPhone 16,iOS 26.1,TRUE,9d142738-913c-e3ba-d288-334b8b0e3af4,TRUE,86,58,T-Mobile
DEV02092,U1031,Laptop,HP,Spectre x360,Windows 11,FALSE,,,,91,
DEV02093,U1032,Smartphone,Apple,iPhone 14,iOS 26.1,TRUE,179e3321-c593-cc5e-37a3-f7513b827b15,FALSE,107,51,T-Mobile
DEV02094,U1032,Tablet,Apple,iPad,iPadOS 26,FALSE,,,,95,
DEV02095,U1033,Smartphone,Apple,iPhone 16,iOS 26.1,TRUE,368387da-4f43-4e1d-d299-a68e9f80a33c,FALSE,96,81,AT&T
DEV02096,U1033,Laptop,Apple,MacBook Air,macOS 26,FALSE,,,,86,
DEV02097,U1034,Smartphone,Apple,iPhone 14,iOS 18.6,TRUE,185d6e2d-02af-f58d-4b01-32c8bf820ead,FALSE,129,59,Verizon
DEV02098,U1034,Laptop,Dell,XPS 13,Windows 11,FALSE,,,,80,
DEV02099,U1035,Smartphone,Apple,iPhone 15,iOS 18.6,TRUE,d17240b9-1a08-a2dc-7ec7-fa3a482a00be,FALSE,140,43,T-Mobile
DEV02100,U1035,Laptop,Dell,XPS 13,Windows 11,FALSE,,,,82,
DEV02101,U1036,Smartphone,Apple,iPhone Air,iOS 26.1,TRUE,6f27f47d-2b80-27fa-7d1b-2aeba3922e8e,FALSE,98,48,AT&T
DEV02102,U1036,Laptop,Apple,MacBook Air,macOS 26,FALSE,,,,91,
DEV02103,U1036,Tablet,Samsung,Galaxy Tab S9,Android 16,FALSE,,,,87,
DEV02104,U1037,Smartphone,Apple,iPhone 17,iOS 26.1,TRUE,b9daf9cd-620a-e345-68aa-2670cc12d8d9,TRUE,136,58,Cricket
DEV02105,U1037,Laptop,Apple,MacBook Pro,macOS 26,FALSE,,,,91,
DEV02106,U1037,Tablet,Apple,iPad Pro,iPadOS 26,FALSE,,,,92,
DEV02107,U1038,Smartphone,Apple,iPhone 16,iOS 26.1,TRUE,448e692d-1088-3c53-fc2f-2987df216348,TRUE,130,60,Verizon
DEV02108,U1038,Laptop,Apple,MacBook Air,macOS 26,FALSE,,,,100,
DEV02109,U1039,Smartphone,Apple,iPhone 13,iOS 26.1,TRUE,7c982a60-cc5b-61c9-ce49-0358895567dc,FALSE,167,46,Verizon
DEV02110,U1039,Laptop,Dell,XPS 13,Windows 11,FALSE,,,,98,
DEV02111,U1040,Smartphone,Google,Pixel 9,Android 15,TRUE,0a218d92-cddd-26ac-8b4b-4499b615fc49,TRUE,118,82,Verizon
DEV02112,U1040,Laptop,Apple,MacBook Pro,macOS 26,FALSE,,,,84,
DEV02113,U1040,Tablet,Apple,iPad,iPadOS 26,FALSE,,,,94,
DEV02114,U1041,Smartphone,Apple,iPhone 13,iOS 18.6,TRUE,8599e60f-e104-9886-b863-09d52d7d86a3,TRUE,118,71,Verizon
DEV02115,U1041,Tablet,Apple,iPad Pro,iPadOS 26,FALSE,,,,90,
DEV02116,U1042,Smartphone,Apple,iPhone 15,iOS 18.6,TRUE,a2ea2491-0347-52fb-8d6e-be253e07e64c,FALSE,99,61,AT&T
DEV02117,U1043,Smartphone,Apple,iPhone 17,iOS 26.1,TRUE,f1c7da78-a861-dfc5-8c25-65e584a2c4b1,FALSE,75,45,Verizon
DEV02118,U1043,Laptop,Apple,MacBook Air,macOS 26,FALSE,,,,83,
DEV02119,U1043,Tablet,Samsung,Galaxy Tab S9,Android 16,FALSE,,,,76,
DEV02120,U1044,Smartphone,Samsung,Galaxy S24,Android 16,TRUE,271b1780-7bf8-eca8-5533-58a6329b1019,TRUE,131,46,Cricket
DEV02121,U1045,Smartphone,Apple,iPhone Air,iOS 26.1,TRUE,ad8a0130-6b82-b3aa-3758-a0451f4fc119,FALSE,90,81,T-Mobile
DEV02122,U1045,Laptop,Dell,XPS 13,Windows 11,FALSE,,,,89,
DEV02123,U1045,Tablet,Apple,iPad,iPadOS 26,FALSE,,,,91,
DEV02124,U1046,Smartphone,Apple,iPhone 14,iOS 26.1,TRUE,0e6b3c7c-6161-ab2a-cdea-5802e2c88016,FALSE,167,85,T-Mobile
DEV02125,U1046,Laptop,HP,Spectre x360,Windows 11,FALSE,,,,80,
DEV02126,U1047,Smartphone,Apple,iPhone 13,iOS 26.1,TRUE,415f5a3f-9ef0-5e98-eba0-3686e060e979,FALSE,86,62,AT&T
DEV02127,U1047,Laptop,HP,Spectre x360,Windows 11,FALSE,,,,91,
DEV02128,U1048,Smartphone,Apple,iPhone Air,iOS 26.1,TRUE,e911260a-6103-8dc5-7ec1-1e4650833ad0,FALSE,84,64,T-Mobile
DEV02129,U1048,Laptop,Apple,MacBook Air,macOS 26,FALSE,,,,89,
DEV02130,U1049,Smartphone,Apple,iPhone 13,iOS 26.1,TRUE,fc6f9eb2-aa92-7892-eec0-4f971bede327,FALSE,78,65,Verizon
DEV02131,U1049,Laptop,Lenovo,Yoga Slim,Windows 11,FALSE,,,,78,
DEV02132,U1049,Tablet,Apple,iPad,iPadOS 26,FALSE,,,,99,
DEV02133,U1050,Smartphone,Samsung,Galaxy S25,Android 16,TRUE,121ee392-5e7f-21b9-ec44-90cedfa0886a,FALSE,100,49,Verizon
DEV02134,U1051,Smartphone,Apple,iPhone 17,iOS 26.1,TRUE,5dde26dc-aa13-698c-a3ad-c4c42063ac94,FALSE,32,54,AT&T
DEV02135,U1051,Laptop,Apple,MacBook Air,macOS 26,FALSE,,,,86,
DEV02136,U1052,Smartphone,Samsung,Galaxy S25,Android 16,TRUE,758aa0e4-56a4-936e-1c4a-c261f29c2ce7,TRUE,75,63,Visible
DEV02137,U1052,Laptop,Lenovo,Yoga Slim,Windows 11,FALSE,,,,81,
DEV02138,U1053,Smartphone,Google,Pixel 10,Android 16,TRUE,5209ff4f-54bb-3cae-8b1f-d0359d3f59f5,TRUE,96,55,Verizon
DEV02139,U1053,Laptop,Apple,MacBook Pro,macOS 26,FALSE,,,,92,
DEV02140,U1053,Tablet,Apple,iPad Pro,iPadOS 26,FALSE,,,,81,
DEV02141,U1054,Smartphone,Samsung,Galaxy A56,Android 16,TRUE,502974f5-4b5c-6b1b-6cf6-b5092ebca49d,FALSE,152,44,T-Mobile
DEV02142,U1054,Tablet,Apple,iPad Air,iPadOS 26,FALSE,,,,88,
DEV02143,U1055,Smartphone,Apple,iPhone 16,iOS 26.1,TRUE,029af7b6-2c3c-78e7-afb7-8312495892a6,TRUE,122,64,AT&T
DEV02144,U1056,Smartphone,Apple,iPhone 14,iOS 26.1,TRUE,db563b19-c3ec-a2ab-c055-6e7e8a4d1cbd,TRUE,60,64,Cricket
DEV02145,U1057,Smartphone,Apple,iPhone 15,iOS 26.1,TRUE,7d670f1c-4a14-757b-fe99-890ad1fb4614,FALSE,135,75,T-Mobile
DEV02146,U1057,Laptop,Apple,MacBook Air,macOS 26,FALSE,,,,87,
DEV02147,U1058,Smartphone,Apple,iPhone 15,iOS 26.1,TRUE,c2550e7c-c827-e176-6eea-b50e218c282f,FALSE,130,66,T-Mobile
DEV02148,U1058,Laptop,Apple,MacBook Air,macOS 26,FALSE,,,,85,
DEV02149,U1058,Tablet,Apple,iPad,iPadOS 26,FALSE,,,,98,
DEV02150,U1059,Smartphone,Apple,iPhone 17,iOS 26.1,TRUE,bc8957b7-9b7a-f4f4-d9ac-26e9229178d9,FALSE,23,42,Mint Mobile
DEV02151,U1059,Laptop,Lenovo,Yoga Slim,Windows 11,FALSE,,,,90,
DEV02152,U1060,Smartphone,Apple,iPhone 16,iOS 26.1,TRUE,98ed81fb-22c5-2530-4013-90166fd9f9ec,FALSE,89,65,T-Mobile
DEV02153,U1060,Laptop,Apple,MacBook Air,macOS 26,FALSE,,,,83,
DEV02154,U1061,Smartphone,Apple,iPhone 14,iOS 26.1,TRUE,cee8cea1-b371-bf9d-0e73-7a1a651247b6,FALSE,134,69,AT&T
DEV02155,U1061,Laptop,Lenovo,Yoga Slim,Windows 11,FALSE,,,,81,
DEV02156,U1062,Smartphone,Apple,iPhone 14,iOS 26.1,TRUE,22785b7d-b147-9dc0-9624-adde3524dad4,FALSE,90,49,Cricket
DEV02157,U1062,Laptop,Apple,MacBook Air,macOS 26,FALSE,,,,84,
DEV02158,U1063,Smartphone,Apple,iPhone 13,iOS 26.1,TRUE,75158f82-df83-3597-8e8d-9c11863ba444,FALSE,76,74,AT&T
DEV02159,U1063,Laptop,Apple,MacBook Pro,macOS 26,FALSE,,,,70,
DEV02160,U1064,Smartphone,Apple,iPhone 14,iOS 26.1,TRUE,68a12875-81a8-1702-71bd-e216b9b2fa6a,FALSE,123,49,T-Mobile
DEV02161,U1065,Smartphone,Samsung,Galaxy S23,Android 16,TRUE,cf499921-64dd-bbde-bbb8-f66fcd798537,FALSE,80,55,T-Mobile
DEV02162,U1065,Laptop,Apple,MacBook Air,macOS 26,FALSE,,,,84,
DEV02163,U1066,Smartphone,Apple,iPhone 16,iOS 26.1,TRUE,4cc59ef9-ee0d-d3a1-4ec2-7951bf6864a7,FALSE,121,67,Cricket
DEV02164,U1066,Laptop,Lenovo,Yoga Slim,Windows 11,FALSE,,,,95,
DEV02165,U1067,Smartphone,Samsung,Galaxy A56,Android 16,TRUE,5e2b592e-024f-6433-ec3c-c3b297670012,TRUE,73,63,AT&T
DEV02166,U1067,Laptop,Dell,XPS 13,Windows 11,FALSE,,,,100,
DEV02167,U1068,Smartphone,Apple,iPhone 15,iOS 26.1,TRUE,5c958369-dddb-e1fa-5f57-cba124af1e3d,FALSE,110,64,T-Mobile
DEV02168,U1068,Laptop,Apple,MacBook Air,macOS 26,FALSE,,,,76,
DEV02169,U1069,Smartphone,Apple,iPhone 16,iOS 26.1,TRUE,cd90f694-d512-43fc-6098-6855c0bf3785,FALSE,86,63,Verizon
DEV02170,U1069,Laptop,Lenovo,Yoga Slim,Windows 11,FALSE,,,,97,
DEV02171,U1070,Smartphone,Apple,iPhone Air,iOS 26.1,TRUE,4a1e82c2-1d80-0409-6bb6-ecb9c359b6f1,TRUE,48,42,Verizon
DEV02172,U1070,Laptop,HP,Spectre x360,Windows 11,FALSE,,,,93,
DEV02173,U1071,Smartphone,Samsung,Galaxy S24,Android 16,TRUE,f5673966-7490-d25b-846f-96cb01c3b117,TRUE,76,55,T-Mobile
DEV02174,U1071,Laptop,Apple,MacBook Pro,macOS 26,FALSE,,,,97,
DEV02175,U1071,Tablet,Samsung,Galaxy Tab S9,Android 16,FALSE,,,,76,
DEV02176,U1072,Smartphone,Samsung,Galaxy S24,Android 16,TRUE,06b6b2a3-6365-95d1-02cf-5040c730fdaf,FALSE,152,65,Verizon
DEV02177,U1072,Tablet,Apple,iPad,iPadOS 26,FALSE,,,,96,
DEV02178,U1073,Smartphone,Apple,iPhone 14,iOS 18.6,TRUE,2215202b-e347-c06b-4e57-1e4984a810bf,FALSE,99,54,Cricket
DEV02179,U1073,Laptop,Apple,MacBook Air,macOS 26,FALSE,,,,89,
DEV02180,U1074,Smartphone,Motorola,Moto G Power,Android 16,TRUE,27655f62-3b99-6bde-9567-bfeff50ff3cd,TRUE,151,76,Verizon
DEV02181,U1074,Tablet,Apple,iPad Pro,iPadOS 26,FALSE,,,,84,
DEV02182,U1075,Smartphone,Apple,iPhone 15,iOS 26.1,TRUE,c8f4161a-fef5-4057-8cee-c7e61c008501,TRUE,99,54,Verizon
DEV02183,U1075,Laptop,Apple,MacBook Air,macOS 26,FALSE,,,,83,
DEV02184,U1076,Smartphone,Samsung,Galaxy S25,Android 15,TRUE,1a19e994-72cd-fb19-f7d5-073d5d980f5d,TRUE,95,68,AT&T
DEV02185,U1077,Smartphone,Apple,iPhone 13,iOS 18.6,TRUE,bfd989eb-4fbd-946c-86fb-fa8b658e79f4,FALSE,101,54,Mint Mobile
DEV02186,U1078,Smartphone,Apple,iPhone 15,iOS 18.6,TRUE,aa74c894-59d7-dc3c-8e37-1d0fa7b2e5c9,FALSE,120,54,Verizon
DEV02187,U1079,Smartphone,Google,Pixel 9,Android 15,TRUE,5e7863cd-3659-f279-22e0-23af2313f850,FALSE,196,61,Cricket
DEV02188,U1079,Laptop,Apple,MacBook Pro,macOS 26,FALSE,,,,82,
DEV02189,U1080,Smartphone,Apple,iPhone 17,iOS 26.1,TRUE,3e348814-9d3c-4470-1aa8-ee16ca948c94,FALSE,90,59,T-Mobile
DEV02190,U1081,Smartphone,Apple,iPhone 16,iOS 26.1,TRUE,ac9aa9da-3328-9b57-963d-55698ea5e8a3,TRUE,110,71,Verizon
DEV02191,U1081,Laptop,Apple,MacBook Pro,macOS 26,FALSE,,,,86,
DEV02192,U1082,Smartphone,Samsung,Galaxy A56,Android 16,TRUE,01c9fa4d-249c-fe7e-0e67-6bc15b72fe8b,TRUE,178,64,AT&T
DEV02193,U1082,Laptop,Dell,XPS 13,Windows 11,FALSE,,,,97,
DEV02194,U1083,Smartphone,Apple,iPhone 15,iOS 26.1,TRUE,458bce0b-c1d9-f3da-52f5-066e6694162e,FALSE,88,68,AT&T
DEV02195,U1084,Smartphone,Apple,iPhone 13,iOS 26.1,TRUE,316c992b-d83d-15e9-3908-d0bf238eb267,FALSE,141,66,Verizon
DEV02196,U1084,Laptop,Lenovo,Yoga Slim,Windows 11,FALSE,,,,84,
DEV02197,U1085,Smartphone,Apple,iPhone 13,iOS 26.1,TRUE,33a05f6a-c82c-2916-bf7f-8e2f5a4a411e,TRUE,108,63,Verizon
DEV02198,U1086,Smartphone,Samsung,Galaxy A56,Android 16,TRUE,07eefe38-f2e3-8f5e-52f9-ca40ef4fbbd9,TRUE,144,68,T-Mobile
DEV02199,U1086,Laptop,HP,Spectre x360,Windows 11,FALSE,,,,88,
DEV02200,U1086,Tablet,Samsung,Galaxy Tab S9,Android 16,FALSE,,,,99,
DEV02201,U1087,Smartphone,Apple,iPhone 15,iOS 26.1,TRUE,8cec0cc1-4e43-6907-d6d1-8eb32ed08aed,FALSE,113,57,AT&T
DEV02202,U1087,Laptop,Apple,MacBook Air,macOS 26,FALSE,,,,84,
DEV02203,U1087,Tablet,Apple,iPad,iPadOS 26,FALSE,,,,90,
DEV02204,U1088,Smartphone,Apple,iPhone 15,iOS 26.1,TRUE,9f6c1ffa-c6ce-3a7f-1deb-12c1af1f9fff,TRUE,116,65,T-Mobile
DEV02205,U1088,Laptop,Apple,MacBook Pro,macOS 26,FALSE,,,,84,
DEV02206,U1089,Smartphone,Samsung,Galaxy A56,Android 16,TRUE,e3be2756-2d4d-59ee-e53a-fd6c287ec7bc,TRUE,159,55,Verizon
DEV02207,U1090,Smartphone,Apple,iPhone Air,iOS 26.1,TRUE,1ece51c1-cd6c-c3da-d987-28d032ac7b09,FALSE,149,57,AT&T
DEV02208,U1090,Laptop,Apple,MacBook Pro,macOS 26,FALSE,,,,96,
DEV02209,U1091,Smartphone,Apple,iPhone 17,iOS 26.1,TRUE,ffc2c9bf-b62d-15a8-efad-7d99aef6a396,TRUE,109,64,Mint Mobile
DEV02210,U1091,Laptop,Apple,MacBook Air,macOS 26,FALSE,,,,75,
DEV02211,U1092,Smartphone,Apple,iPhone 15,iOS 26.1,TRUE,b7137008-a36c-c066-8475-b8b8e823690b,FALSE,65,67,AT&T
DEV02212,U1093,Smartphone,Apple,iPhone 16,iOS 26.1,TRUE,06846b5a-e99f-33a7-4088-431227ce278b,TRUE,149,57,AT&T
DEV02213,U1093,Laptop,Apple,MacBook Pro,macOS 26,FALSE,,,,96,
DEV02214,U1094,Smartphone,Apple,iPhone 13,iOS 26.1,TRUE,bd2a77ce-8757-3839-2c47-4198f2ca6671,FALSE,105,53,T-Mobile
DEV02215,U1095,Smartphone,Samsung,Galaxy A56,Android 15,TRUE,8800a590-b1dd-7a41-8d56-9fe30732c580,TRUE,150,62,Cricket
DEV02216,U1095,Laptop,Apple,MacBook Air,macOS 26,FALSE,,,,87,
DEV02217,U1096,Smartphone,Apple,iPhone Air,iOS 26.1,TRUE,e248b6c2-6209-585b-11a0-9b4429802523,FALSE,135,58,T-Mobile
DEV02218,U1096,Laptop,Apple,MacBook Air,macOS 26,FALSE,,,,93,
DEV02219,U1096,Tablet,Apple,iPad Air,iPadOS 26,FALSE,,,,80,
DEV02220,U1097,Smartphone,Motorola,Motorola Edge,Android 16,TRUE,7eb70168-7b84-5b2e-572f-80321afe5afd,FALSE,125,45,T-Mobile
DEV02221,U1098,Smartphone,Apple,iPhone 16,iOS 26.1,TRUE,7fc36b36-8a2e-e1d0-931e-973ec1946ccf,FALSE,83,61,Verizon
DEV02222,U1098,Laptop,Apple,MacBook Pro,macOS 26,FALSE,,,,95,
DEV02223,U1099,Smartphone,Apple,iPhone 13,iOS 26.1,TRUE,e94e3d17-b89f-0cb6-1194-7a0e9b72c347,FALSE,163,60,US Cellular
DEV02224,U1099,Laptop,Microsoft,Surface Laptop,Windows 11,FALSE,,,,81,
DEV02225,U1100,Smartphone,Apple,iPhone 13,iOS 26.1,TRUE,e6c5e40a-1190-1296-b485-3a93c356245f,FALSE,92,52,Verizon
DEV02226,U1100,Laptop,Apple,MacBook Air,macOS 26,FALSE,,,,73,
DEV02227,U1100,Tablet,Apple,iPad Pro,iPadOS 26,FALSE,,,,99,
DEV02228,U1101,Smartphone,Apple,iPhone 14,iOS 26.1,TRUE,93b76907-2605-516e-21eb-7f9a38b3376d,TRUE,82,45,Verizon
DEV02229,U1101,Laptop,Apple,MacBook Air,macOS 26,FALSE,,,,89,
DEV02230,U1101,Tablet,Apple,iPad Pro,iPadOS 26,FALSE,,,,89,
DEV02231,U1102,Smartphone,Apple,iPhone Air,iOS 26.1,TRUE,eb735341-d127-bfe0-f55e-0a6404a19b28,FALSE,169,59,T-Mobile
DEV02232,U1102,Laptop,Lenovo,Yoga Slim,Windows 11,FALSE,,,,74,
DEV02233,U1103,Smartphone,Apple,iPhone 16,iOS 18.6,TRUE,122eba6f-b7d3-e16a-8991-ace0a706566b,FALSE,101,64,AT&T
DEV02234,U1103,Laptop,HP,Spectre x360,Windows 11,FALSE,,,,95,
DEV02235,U1103,Tablet,Apple,iPad Air,iPadOS 26,FALSE,,,,96,
DEV02236,U1104,Smartphone,Samsung,Galaxy S24,Android 16,TRUE,fb7f7940-ad53-adb6-021f-4ab5911698f9,TRUE,79,71,Visible
DEV02237,U1105,Smartphone,Apple,iPhone 13,iOS 26.1,TRUE,b99c00fc-9101-f13a-9480-7aa3dc6a60ff,FALSE,110,42,AT&T
DEV02238,U1106,Smartphone,Apple,iPhone 14,iOS 26.1,TRUE,9ddfd14c-5e5f-abea-9c97-dfd358de40cf,TRUE,74,52,Verizon
DEV02239,U1106,Laptop,Apple,MacBook Air,macOS 26,FALSE,,,,84,
DEV02240,U1107,Smartphone,Apple,iPhone 16,iOS 26.1,TRUE,481da5df-1436-3b30-15be-c04770e45252,FALSE,101,59,Verizon
DEV02241,U1107,Laptop,Apple,MacBook Air,macOS 26,FALSE,,,,89,
DEV02242,U1108,Smartphone,Apple,iPhone 14,iOS 26.1,TRUE,a1c897bd-6e0e-3b83-a56c-2170225d8ffd,FALSE,119,68,Verizon
DEV02243,U1109,Smartphone,Apple,iPhone 17,iOS 26.1,TRUE,d1fde27a-e10f-af23-f733-9d8b0f5efe3e,TRUE,78,64,AT&T
DEV02244,U1109,Laptop,Apple,MacBook Air,macOS 26,FALSE,,,,85,
DEV02245,U1109,Tablet,Apple,iPad Air,iPadOS 26,FALSE,,,,93,
DEV02246,U1110,Smartphone,Samsung,Galaxy A56,Android 15,TRUE,b4ad33b6-6d35-f0f8-5a46-9b4368b92050,FALSE,128,61,Verizon
DEV02247,U1110,Laptop,Dell,XPS 13,Windows 11,FALSE,,,,95,
DEV02248,U1111,Smartphone,Samsung,Galaxy A56,Android 16,TRUE,1fdbc754-80e7-ff15-a4b7-846ac422ca5c,TRUE,82,51,AT&T
DEV02249,U1111,Tablet,Apple,iPad,iPadOS 26,FALSE,,,,90,
DEV02250,U1112,Smartphone,Motorola,Motorola Edge,Android 15,TRUE,491dcc80-890f-de8f-e5e0-720fb10f2eeb,TRUE,177,42,AT&T
DEV02251,U1112,Laptop,Apple,MacBook Pro,macOS 26,FALSE,,,,85,
DEV02252,U1112,Tablet,Apple,iPad Air,iPadOS 26,FALSE,,,,87,
DEV02253,U1113,Smartphone,Apple,iPhone 13,iOS 26.1,TRUE,e468421a-1fed-394f-369c-ef3172d5cc1c,FALSE,120,53,AT&T
DEV02254,U1114,Smartphone,Apple,iPhone 14,iOS 26.1,TRUE,bc5ff786-15a1-4bc3-eae1-7dd19a53130e,TRUE,132,79,Verizon
DEV02255,U1114,Laptop,Apple,MacBook Pro,macOS 26,FALSE,,,,90,
DEV02256,U1115,Smartphone,Samsung,Galaxy S25,Android 16,TRUE,514feb05-7a18-4b64-6afd-7e9adf8d98e0,TRUE,151,64,US Cellular
DEV02257,U1115,Laptop,Apple,MacBook Air,macOS 26,FALSE,,,,94,
DEV02258,U1116,Smartphone,Apple,iPhone 15,iOS 26.1,TRUE,c0a4153a-5052-19ca-94c3-aaa35e9f9326,FALSE,82,78,Verizon
DEV02259,U1116,Laptop,Apple,MacBook Air,macOS 26,FALSE,,,,95,
DEV02260,U1117,Smartphone,Apple,iPhone 16,iOS 26.1,TRUE,4df9325b-f60c-b009-4e0f-7d18facd794c,FALSE,178,57,AT&T
DEV02261,U1118,Smartphone,Samsung,Galaxy S25,Android 15,TRUE,5413b7ff-7c42-ea0e-da72-7144d11c5886,TRUE,110,67,AT&T
DEV02262,U1118,Laptop,Dell,XPS 13,Windows 11,FALSE,,,,83,
DEV02263,U1119,Smartphone,Samsung,Galaxy S25,Android 16,TRUE,1e945bab-a74c-0703-0957-5634b5f41697,TRUE,158,86,AT&T
DEV02264,U1119,Laptop,Lenovo,Yoga Slim,Windows 11,FALSE,,,,90,
DEV02265,U1120,Smartphone,Google,Pixel 9,Android 15,TRUE,33591581-b2c0-1279-fc80-8c8c74c6dc94,TRUE,81,73,AT&T
DEV02266,U1121,Smartphone,Apple,iPhone 14,iOS 26.1,TRUE,82a7375b-51e8-4c6d-6ecd-41e49a2c755c,FALSE,101,77,AT&T
DEV02267,U1121,Laptop,Apple,MacBook Air,macOS 26,FALSE,,,,80,
DEV02268,U1122,Smartphone,Apple,iPhone 16,iOS 26.1,TRUE,ee1b953d-9e29-8b28-b3a2-1dbb90cc45e5,FALSE,121,71,T-Mobile
DEV02269,U1122,Laptop,HP,Spectre x360,Windows 11,FALSE,,,,73,
DEV02270,U1123,Smartphone,Apple,iPhone 17,iOS 26.1,TRUE,1c325af4-d443-72c8-dc5c-5e7e927c6601,FALSE,73,52,T-Mobile
DEV02271,U1123,Laptop,Dell,XPS 13,Windows 11,FALSE,,,,79,
DEV02272,U1123,Tablet,Apple,iPad,iPadOS 26,FALSE,,,,90,
DEV02273,U1124,Smartphone,Google,Pixel 10,Android 16,TRUE,df8ad7cd-debe-d2c9-7df6-54494ac6c883,TRUE,92,55,T-Mobile
DEV02274,U1124,Laptop,Apple,MacBook Air,macOS 26,FALSE,,,,100,
DEV02275,U1125,Smartphone,Apple,iPhone 15,iOS 26.1,TRUE,b500bafc-3ba8-2bac-6057-95e531318d1d,FALSE,111,69,AT&T
DEV02276,U1126,Smartphone,Apple,iPhone 13,iOS 18.6,TRUE,969a7264-83cb-26b7-41bd-3b3a70487618,FALSE,97,32,AT&T
DEV02277,U1126,Laptop,HP,Spectre x360,Windows 11,FALSE,,,,79,
DEV02278,U1126,Tablet,Apple,iPad,iPadOS 26,FALSE,,,,99,
DEV02279,U1127,Smartphone,Apple,iPhone 13,iOS 26.1,TRUE,a87760dc-65df-0df8-983b-6a3d5c772954,FALSE,141,33,AT&T
DEV02280,U1127,Laptop,Dell,XPS 13,Windows 11,FALSE,,,,94,
DEV02281,U1127,Tablet,Apple,iPad Air,iPadOS 26,FALSE,,,,82,
DEV02282,U1128,Smartphone,Apple,iPhone 15,iOS 26.1,TRUE,cea56b32-3375-614f-397f-0c532c872ade,FALSE,78,49,Verizon
DEV02283,U1129,Smartphone,Apple,iPhone 15,iOS 18.6,TRUE,b10cfaa4-7806-2bf5-653a-dcada511148d,FALSE,128,37,T-Mobile
DEV02284,U1130,Smartphone,Apple,iPhone Air,iOS 18.6,TRUE,8853996a-e545-5720-5fab-afc8d8de4636,FALSE,84,52,Verizon
DEV02285,U1130,Laptop,Lenovo,Yoga Slim,Windows 11,FALSE,,,,100,
DEV02286,U1131,Smartphone,Apple,iPhone 14,iOS 26.1,TRUE,54aef4da-d0dd-6a71-0b72-af4a24c7b469,FALSE,130,67,AT&T
DEV02287,U1131,Laptop,Lenovo,Yoga Slim,Windows 11,FALSE,,,,85,
DEV02288,U1132,Smartphone,Samsung,Galaxy S25,Android 16,TRUE,0a88043d-b25d-07bc-ea68-6c95256f41f3,TRUE,91,67,T-Mobile
DEV02289,U1132,Laptop,Lenovo,Yoga Slim,Windows 11,FALSE,,,,87,
DEV02290,U1133,Smartphone,Apple,iPhone 13,iOS 26.1,TRUE,888c5075-7d67-aaf8-7836-870e9609e968,FALSE,92,61,Cricket
DEV02291,U1133,Laptop,Apple,MacBook Air,macOS 26,FALSE,,,,85,
DEV02292,U1134,Smartphone,Apple,iPhone 17,iOS 26.1,TRUE,3a9b94e6-c245-78cc-0714-92eb8cade4db,FALSE,136,67,AT&T
DEV02293,U1134,Tablet,Apple,iPad Pro,iPadOS 26,FALSE,,,,88,
DEV02294,U1135,Smartphone,Apple,iPhone 13,iOS 26.1,TRUE,bdd491d6-4d17-82a7-6c96-216b2aee3310,FALSE,104,72,AT&T
DEV02295,U1135,Laptop,Dell,XPS 13,Windows 11,FALSE,,,,90,
DEV02296,U1135,Tablet,Apple,iPad,iPadOS 26,FALSE,,,,90,
DEV02297,U1136,Smartphone,Apple,iPhone 14,iOS 26.1,TRUE,2e9c5498-d124-0cc2-908e-41a2efe0f5d6,FALSE,167,70,Verizon
DEV02298,U1137,Smartphone,Apple,iPhone Air,iOS 26.1,TRUE,a02e9487-92b0-b72a-b4df-bd9b58a9007a,TRUE,128,64,T-Mobile
DEV02299,U1138,Smartphone,Apple,iPhone 13,iOS 26.1,TRUE,d59472c9-07a9-c19f-e947-c90458719cf3,FALSE,119,63,T-Mobile
DEV02300,U1138,Laptop,Microsoft,Surface Laptop,Windows 11,FALSE,,,,96,
DEV02301,U1139,Smartphone,Apple,iPhone 16,iOS 26.1,TRUE,a62ed9b4-06bf-0549-3c21-92290572e0ac,FALSE,83,52,AT&T
DEV02302,U1140,Smartphone,Apple,iPhone 13,iOS 26.1,TRUE,dee227d7-322e-8079-9f52-5a5f165d9dd1,FALSE,96,62,AT&T
DEV02303,U1140,Tablet,Apple,iPad,iPadOS 26,FALSE,,,,90,
DEV02304,U1141,Smartphone,Google,Pixel 9,Android 15,TRUE,11364cf3-a894-1a33-de12-e2d489a10e18,TRUE,177,79,AT&T
DEV02305,U1141,Laptop,Dell,XPS 13,Windows 11,FALSE,,,,97,
DEV02306,U1142,Smartphone,Samsung,Galaxy S25,Android 15,TRUE,652dfc41-0988-45d1-0f8e-2b3e8b46fcae,TRUE,115,55,T-Mobile
DEV02307,U1142,Laptop,Lenovo,Yoga Slim,Windows 11,FALSE,,,,86,
DEV02308,U1143,Smartphone,Samsung,Galaxy S25,Android 16,TRUE,7fcc011d-6a2e-781c-9778-e556889cc8be,TRUE,129,55,T-Mobile
DEV02309,U1144,Smartphone,Apple,iPhone 16,iOS 26.1,TRUE,3a149aab-2d33-6bc1-4865-02463e0af2ba,TRUE,52,67,T-Mobile
DEV02310,U1145,Smartphone,Samsung,Galaxy S24,Android 16,TRUE,dded230b-869e-e89c-c1b1-d67c09411f1c,TRUE,88,79,AT&T
DEV02311,U1145,Laptop,HP,Spectre x360,Windows 11,FALSE,,,,100,
DEV02312,U1146,Smartphone,Apple,iPhone 16,iOS 26.1,TRUE,c8d6cd65-1105-c630-a37e-102565d78b1f,FALSE,178,44,Verizon
DEV02313,U1147,Smartphone,Samsung,Galaxy S24,Android 16,TRUE,d8f35ce7-d18e-5cf7-900c-0a01de64dd87,TRUE,135,57,AT&T
DEV02314,U1147,Laptop,HP,Spectre x360,Windows 11,FALSE,,,,92,
DEV02315,U1148,Smartphone,Google,Pixel 9,Android 16,TRUE,a58354d5-2d84-9dbf-ad08-d50330d50459,TRUE,116,55,Verizon
DEV02316,U1148,Laptop,Dell,XPS 13,Windows 11,FALSE,,,,77,
DEV02317,U1149,Smartphone,Apple,iPhone 15,iOS 26.1,TRUE,1fc97721-d02d-86bc-9ee2-ba7e70dfdd81,FALSE,104,71,T-Mobile
DEV02318,U1149,Laptop,Apple,MacBook Air,macOS 26,FALSE,,,,84,
DEV02319,U1150,Smartphone,Samsung,Galaxy S23,Android 15,TRUE,76815666-5a6c-3f3b-0967-a21f83ca0b9b,TRUE,85,66,Cricket
DEV02320,U1150,Laptop,Lenovo,Yoga Slim,Windows 11,FALSE,,,,75,
DEV02321,U1150,Tablet,Apple,iPad Air,iPadOS 26,FALSE,,,,89,
DEV02322,U1151,Smartphone,Apple,iPhone 13,iOS 18.6,TRUE,94c73803-7803-055a-e86f-0f2595382767,FALSE,111,49,AT&T
DEV02323,U1151,Tablet,Apple,iPad,iPadOS 26,FALSE,,,,89,
DEV02324,U1152,Smartphone,Apple,iPhone 13,iOS 26.1,TRUE,b5e73eaa-e38d-8839-990c-b9f275ee5943,FALSE,160,60,AT&T
DEV02325,U1152,Laptop,Apple,MacBook Pro,macOS 26,FALSE,,,,100,
DEV02326,U1153,Smartphone,Apple,iPhone 13,iOS 18.6,TRUE,8a45004b-291f-d14e-2cf4-97839196e554,TRUE,152,78,T-Mobile
DEV02327,U1153,Tablet,Apple,iPad Air,iPadOS 26,FALSE,,,,84,
DEV02328,U1154,Smartphone,Apple,iPhone 16,iOS 26.1,TRUE,1f4871c4-84bf-d8b6-5856-07142f9f5cdb,FALSE,74,78,Verizon
DEV02329,U1154,Laptop,Apple,MacBook Air,macOS 26,FALSE,,,,79,
DEV02330,U1155,Smartphone,Apple,iPhone Air,iOS 26.1,TRUE,f42a26d5-9d47-8760-08c4-71c799f3d261,FALSE,132,64,Cricket
DEV02331,U1155,Laptop,Apple,MacBook Air,macOS 26,FALSE,,,,71,
DEV02332,U1155,Tablet,Apple,iPad,iPadOS 26,FALSE,,,,99,
DEV02333,U1156,Smartphone,Apple,iPhone 16,iOS 26.1,TRUE,0d786365-a56f-ed7f-02c9-79de0742b982,FALSE,133,62,AT&T
DEV02334,U1156,Laptop,Apple,MacBook Air,macOS 26,FALSE,,,,85,
DEV02335,U1157,Smartphone,Apple,iPhone 16,iOS 26.1,TRUE,d0a63aaf-e20b-3fe3-52b7-45d341ad4903,TRUE,74,58,Verizon
DEV02336,U1157,Laptop,Microsoft,Surface Laptop,Windows 11,FALSE,,,,97,
DEV02337,U1157,Tablet,Samsung,Galaxy Tab S9,Android 16,FALSE,,,,87,
DEV02338,U1158,Smartphone,Apple,iPhone Air,iOS 26.1,TRUE,2a33b083-2a09-5489-b4e6-7ff3f5de44ae,TRUE,132,68,AT&T
DEV02339,U1158,Laptop,Dell,XPS 13,Windows 11,FALSE,,,,74,
DEV02340,U1159,Smartphone,Apple,iPhone 16,iOS 26.1,TRUE,07937a3e-58f6-1f9b-096a-4d71afd5701a,TRUE,86,61,AT&T
DEV02341,U1159,Laptop,Apple,MacBook Pro,macOS 26,FALSE,,,,93,
DEV02342,U1159,Tablet,Apple,iPad,iPadOS 26,FALSE,,,,92,
DEV02343,U1160,Smartphone,Apple,iPhone 14,iOS 26.1,TRUE,4dbb650a-57fe-f2e3-fe3f-6fe9e07fd937,TRUE,101,58,AT&T
DEV02344,U1160,Laptop,HP,Spectre x360,Windows 11,FALSE,,,,89,
DEV02345,U1160,Tablet,Apple,iPad,iPadOS 26,FALSE,,,,84,
DEV02346,U1161,Smartphone,Apple,iPhone 14,iOS 26.1,TRUE,dd2c4e91-4af7-c3f7-fd58-99a5273f3b60,FALSE,99,49,AT&T
DEV02347,U1161,Laptop,Apple,MacBook Pro,macOS 26,FALSE,,,,94,
DEV02348,U1161,Tablet,Apple,iPad,iPadOS 26,FALSE,,,,82,
DEV02349,U1162,Smartphone,Apple,iPhone 13,iOS 26.1,TRUE,e9866e7e-3905-d26c-2be7-614c03bea687,FALSE,88,77,Verizon
DEV02350,U1162,Laptop,Dell,XPS 13,Windows 11,FALSE,,,,82,
DEV02351,U1163,Smartphone,Apple,iPhone 13,iOS 26.1,TRUE,d17de5eb-97ee-8153-d0f6-90e67b8554d5,FALSE,162,66,US Cellular
DEV02352,U1163,Laptop,Dell,XPS 13,Windows 11,FALSE,,,,100,
DEV02353,U1163,Tablet,Apple,iPad,iPadOS 26,FALSE,,,,85,
DEV02354,U1164,Smartphone,Apple,iPhone 15,iOS 26.1,TRUE,b86727bb-86b3-ff1c-56af-922770026c88,TRUE,163,62,T-Mobile
DEV02355,U1164,Laptop,Apple,MacBook Air,macOS 26,FALSE,,,,91,
DEV02356,U1165,Smartphone,Apple,iPhone 16,iOS 26.1,TRUE,ca6e63c4-981f-0dfb-a6b5-bcf1ff666e1d,TRUE,58,52,Cricket
DEV02357,U1165,Laptop,Apple,MacBook Pro,macOS 26,FALSE,,,,88,
DEV02358,U1166,Smartphone,Apple,iPhone 16,iOS 26.1,TRUE,78fca3d1-5e46-36b3-02be-6c7f85f2bcd9,TRUE,148,49,Cricket
DEV02359,U1166,Tablet,Apple,iPad,iPadOS 26,FALSE,,,,82,
DEV02360,U1167,Smartphone,Apple,iPhone 16,iOS 26.1,TRUE,1d7178be-c17b-c575-e4f3-9abea69b66da,FALSE,100,61,Mint Mobile
DEV02361,U1167,Laptop,Apple,MacBook Pro,macOS 26,FALSE,,,,91,
DEV02362,U1168,Smartphone,Google,Pixel 9,Android 16,TRUE,830158d6-159e-1745-5630-c9cf488b2eee,FALSE,165,54,AT&T
DEV02363,U1168,Laptop,Lenovo,Yoga Slim,Windows 11,FALSE,,,,79,
DEV02364,U1169,Smartphone,Samsung,Galaxy S25,Android 15,TRUE,3d93ab54-bb56-6088-0f00-4b253d9ba8b0,TRUE,137,64,T-Mobile
DEV02365,U1169,Tablet,Apple,iPad,iPadOS 26,FALSE,,,,83,
DEV02366,U1170,Smartphone,Apple,iPhone 17,iOS 26.1,TRUE,e6828709-0558-f51c-418b-c88a49f8c8fa,FALSE,99,58,AT&T
DEV02367,U1170,Laptop,Apple,MacBook Air,macOS 26,FALSE,,,,90,
DEV02368,U1171,Smartphone,Samsung,Galaxy A56,Android 15,TRUE,7d18a110-fcbf-f26e-5187-bd59fc2e25a7,TRUE,79,43,T-Mobile
DEV02369,U1171,Laptop,Apple,MacBook Air,macOS 26,FALSE,,,,87,
DEV02370,U1172,Smartphone,Samsung,Galaxy A56,Android 15,TRUE,d13c3980-1c7d-c0f7-ae7c-15bff0fff8b4,TRUE,66,72,AT&T
DEV02371,U1172,Laptop,Apple,MacBook Air,macOS 26,FALSE,,,,93,
DEV02372,U1173,Smartphone,Apple,iPhone 14,iOS 26.1,TRUE,2093eb8d-82c2-f9fa-dd11-0e3f1e5b282b,TRUE,163,45,Verizon
DEV02373,U1173,Laptop,Apple,MacBook Pro,macOS 26,FALSE,,,,92,
DEV02374,U1174,Smartphone,Apple,iPhone 15,iOS 26.1,TRUE,4742e43f-7987-6391-f903-5e01fbf2401f,FALSE,159,62,Visible
DEV02375,U1174,Laptop,Lenovo,Yoga Slim,Windows 11,FALSE,,,,87,
DEV02376,U1175,Smartphone,Apple,iPhone Air,iOS 18.6,TRUE,8ff87296-11f4-21d7-c8cb-338586de6a91,TRUE,69,60,AT&T
DEV02377,U1175,Laptop,Apple,MacBook Pro,macOS 26,FALSE,,,,89,
DEV02378,U1176,Smartphone,Apple,iPhone Air,iOS 26.1,TRUE,adbb4bf1-1006-3f8e-dc69-09e0fbf002cb,FALSE,109,60,AT&T
DEV02379,U1176,Tablet,Apple,iPad Air,iPadOS 26,FALSE,,,,89,
DEV02380,U1177,Smartphone,Apple,iPhone 16,iOS 26.1,TRUE,02866a91-6a53-2cfd-5f8d-67643b673964,FALSE,89,62,AT&T
DEV02381,U1177,Laptop,Apple,MacBook Pro,macOS 26,FALSE,,,,87,
DEV02382,U1177,Tablet,Apple,iPad,iPadOS 26,FALSE,,,,97,
DEV02383,U1178,Smartphone,Apple,iPhone 16,iOS 26.1,TRUE,245704d2-53d3-24ec-de4a-7656044914c1,FALSE,98,72,Verizon
DEV02384,U1179,Smartphone,Apple,iPhone 15,iOS 26.1,TRUE,908f2072-1722-cbdf-c469-b68448cd518b,TRUE,137,73,Verizon
DEV02385,U1180,Smartphone,Apple,iPhone 13,iOS 26.1,TRUE,ad1b3f2a-97a7-d143-8d33-4f90af77723e,FALSE,102,75,T-Mobile
DEV02386,U1180,Laptop,Dell,XPS 13,Windows 11,FALSE,,,,88,
DEV02387,U1181,Smartphone,Apple,iPhone 14,iOS 26.1,TRUE,4ca40ae2-2538-11f8-ba3b-e96dd53094e2,FALSE,142,64,AT&T
DEV02388,U1181,Laptop,Lenovo,Gaming Laptop,Windows 11,FALSE,,,,81,
DEV02389,U1182,Smartphone,Apple,iPhone 13,iOS 18.6,TRUE,c846a468-ee14-3bd5-9684-dc0aa02270cc,FALSE,65,55,T-Mobile
DEV02390,U1182,Laptop,Microsoft,Surface Laptop,Windows 11,FALSE,,,,78,
DEV02391,U1183,Smartphone,Apple,iPhone 13,iOS 26.1,TRUE,b342224f-70fc-343c-1921-ebdeb69afec5,FALSE,92,69,AT&T
DEV02392,U1183,Laptop,Apple,MacBook Air,macOS 26,FALSE,,,,92,
DEV02393,U1184,Smartphone,Apple,iPhone 16,iOS 26.1,TRUE,71939479-90b7-dcdd-2774-9749ed2c4bc5,FALSE,117,61,T-Mobile
DEV02394,U1185,Smartphone,Google,Pixel 9,Android 16,TRUE,976c9e12-2d71-70d5-34b6-c8ada2e2f48b,TRUE,89,51,T-Mobile
DEV02395,U1185,Laptop,Apple,MacBook Air,macOS 26,FALSE,,,,78,
DEV02396,U1186,Smartphone,Apple,iPhone 16,iOS 26.1,TRUE,b6e8cec0-6687-d03b-c3b6-899922116827,FALSE,177,70,Verizon
DEV02397,U1186,Laptop,Apple,MacBook Pro,macOS 26,FALSE,,,,80,
DEV02398,U1186,Tablet,Apple,iPad,iPadOS 26,FALSE,,,,92,
DEV02399,U1187,Smartphone,Apple,iPhone 14,iOS 26.1,TRUE,02df30c0-4bfa-8e42-1221-db40205a4d30,FALSE,155,62,Verizon
DEV02400,U1187,Laptop,HP,Spectre x360,Windows 11,FALSE,,,,90,
DEV02401,U1188,Smartphone,Apple,iPhone 14,iOS 26.1,TRUE,b4dad7a1-fc53-a48c-32fe-2d066e448425,FALSE,80,60,AT&T
DEV02402,U1188,Laptop,Apple,MacBook Pro,macOS 26,FALSE,,,,86,
DEV02403,U1189,Smartphone,Apple,iPhone 13,iOS 26.1,TRUE,fd22eada-af87-7709-9c55-0087ab51b2be,FALSE,108,75,T-Mobile
DEV02404,U1189,Laptop,Apple,MacBook Air,macOS 26,FALSE,,,,82,
DEV02405,U1190,Smartphone,Apple,iPhone 14,iOS 26.1,TRUE,d671f164-12d8-0811-1c12-b050f4b307f1,TRUE,113,51,Verizon
DEV02406,U1190,Laptop,Apple,MacBook Air,macOS 26,FALSE,,,,85,
DEV02407,U1190,Tablet,Samsung,Galaxy Tab S9,Android 16,FALSE,,,,81,
DEV02408,U1191,Smartphone,Motorola,Moto G Power,Android 15,TRUE,21450f68-d2b6-e058-36fd-908dbacd9308,TRUE,138,28,T-Mobile
DEV02409,U1191,Laptop,HP,Spectre x360,Windows 11,FALSE,,,,73,
DEV02410,U1192,Smartphone,Apple,iPhone 15,iOS 26.1,TRUE,5cbf52b1-f10e-e220-4d9f-861e9d7786ec,FALSE,136,58,Verizon
DEV02411,U1193,Smartphone,Apple,iPhone 15,iOS 26.1,TRUE,89ea6c7a-04e7-82e7-5832-44a6e24d1ca2,FALSE,166,58,AT&T
DEV02412,U1193,Tablet,Apple,iPad,iPadOS 26,FALSE,,,,90,
DEV02413,U1194,Smartphone,Apple,iPhone 16,iOS 18.6,TRUE,7e0ccaf4-1a89-0faa-95af-ff5e79872b86,FALSE,85,42,Verizon
DEV02414,U1194,Laptop,Apple,MacBook Air,macOS 26,FALSE,,,,87,
DEV02415,U1195,Smartphone,Apple,iPhone 14,iOS 26.1,TRUE,3e919211-6b01-6de1-f552-83cd5d538155,FALSE,115,60,Verizon
DEV02416,U1195,Laptop,Dell,XPS 13,Windows 11,FALSE,,,,91,
DEV02417,U1195,Tablet,Apple,iPad Air,iPadOS 26,FALSE,,,,89,
DEV02418,U1196,Smartphone,Apple,iPhone 13,iOS 26.1,TRUE,f4334688-ea20-7e4e-eb2d-f67b2fa4406c,TRUE,119,64,T-Mobile
DEV02419,U1196,Laptop,Lenovo,Yoga Slim,Windows 11,FALSE,,,,95,
DEV02420,U1197,Smartphone,Apple,iPhone 15,iOS 26.1,TRUE,7d0f8668-8324-d847-344a-dff5887f1c2a,FALSE,128,56,Verizon
DEV02421,U1197,Laptop,Microsoft,Surface Laptop,Windows 11,FALSE,,,,94,
DEV02422,U1198,Smartphone,Apple,iPhone 16,iOS 26.1,TRUE,a72d5dbb-7236-9165-3e4a-f864517e7e48,FALSE,177,45,T-Mobile
DEV02423,U1198,Laptop,Lenovo,Yoga Slim,Windows 11,FALSE,,,,77,
DEV02424,U1198,Tablet,Apple,iPad Air,iPadOS 26,FALSE,,,,84,
DEV02425,U1199,Smartphone,Samsung,Galaxy S25,Android 15,TRUE,4ea4c984-cafe-c161-0ff0-fbcb39a06944,TRUE,110,59,T-Mobile
DEV02426,U1199,Laptop,Apple,MacBook Pro,macOS 26,FALSE,,,,91,
DEV02427,U1200,Smartphone,Apple,iPhone 13,iOS 18.6,TRUE,4bd202d1-bd2f-97a4-d8d5-b222195ece9d,TRUE,61,65,AT&T
DEV02428,U1201,Smartphone,Samsung,Galaxy S25,Android 16,TRUE,56ee5a4d-dbfe-d0e5-399e-ea89cde2ad8b,TRUE,135,73,Mint Mobile
DEV02429,U1201,Tablet,Apple,iPad Air,iPadOS 26,FALSE,,,,87,
DEV02430,U1202,Smartphone,Apple,iPhone 17,iOS 26.1,TRUE,2e84a861-4443-12f5-d625-5cdd363a138b,FALSE,73,87,Verizon
DEV02431,U1203,Smartphone,Apple,iPhone 17,iOS 26.1,TRUE,78d83e03-f482-67b2-55c1-898695bb0c91,FALSE,129,62,Verizon
DEV02432,U1203,Laptop,HP,Spectre x360,Windows 11,FALSE,,,,90,
DEV02433,U1204,Smartphone,Google,Pixel 8a,Android 16,TRUE,4a7e1bea-48ef-bae5-4651-665e6c3067f3,FALSE,136,64,AT&T
DEV02434,U1204,Laptop,Apple,MacBook Pro,macOS 26,FALSE,,,,98,
DEV02435,U1205,Smartphone,Google,Pixel 10,Android 16,TRUE,ad31bf73-7e84-8fbd-9873-1c1ad58be15e,TRUE,160,47,AT&T
DEV02436,U1205,Tablet,Apple,iPad,iPadOS 26,FALSE,,,,90,
DEV02437,U1206,Smartphone,Samsung,Galaxy A56,Android 15,TRUE,46922584-dbf6-0bee-df9a-33f7903317dc,FALSE,106,67,AT&T
DEV02438,U1206,Laptop,Apple,MacBook Air,macOS 26,FALSE,,,,91,
DEV02439,U1207,Smartphone,Apple,iPhone 17,iOS 26.1,TRUE,1987e0e5-b287-2d42-9139-a40b524a289b,TRUE,115,76,AT&T
DEV02440,U1207,Tablet,Apple,iPad Air,iPadOS 26,FALSE,,,,93,
DEV02441,U1208,Smartphone,Apple,iPhone 16,iOS 26.1,TRUE,f45050ca-b216-92b1-23fc-36bc2a6aba6d,FALSE,94,38,T-Mobile
DEV02442,U1208,Laptop,HP,Spectre x360,Windows 11,FALSE,,,,92,
DEV02443,U1208,Tablet,Apple,iPad Pro,iPadOS 26,FALSE,,,,86,
DEV02444,U1209,Smartphone,Apple,iPhone 13,iOS 26.1,TRUE,bf9b01e1-a960-2e68-d687-a5e580ca9ffa,TRUE,96,57,Verizon
DEV02445,U1210,Smartphone,Apple,iPhone 16,iOS 26.1,TRUE,2fc4395a-ef75-da18-5c47-990fd268f329,FALSE,157,35,AT&T
DEV02446,U1210,Laptop,Apple,MacBook Pro,macOS 26,FALSE,,,,91,
DEV02447,U1210,Tablet,Apple,iPad,iPadOS 26,FALSE,,,,85,
DEV02448,U1211,Smartphone,Apple,iPhone 15,iOS 18.6,TRUE,1e2719ac-b6d7-48b8-c2b8-7c16b6baddec,TRUE,144,56,AT&T
DEV02449,U1211,Laptop,Apple,MacBook Air,macOS 26,FALSE,,,,96,
DEV02450,U1212,Smartphone,Apple,iPhone 15,iOS 26.1,TRUE,3f1a2e0d-ba56-bd9f-5c16-ae5075dbab12,FALSE,33,64,Verizon
DEV02451,U1212,Laptop,Apple,MacBook Pro,macOS 26,FALSE,,,,86,
DEV02452,U1212,Tablet,Apple,iPad Air,iPadOS 26,FALSE,,,,87,
DEV02453,U1213,Smartphone,Apple,iPhone 17,iOS 18.6,TRUE,c2e7d3e3-90bf-2269-a235-c69fe64e5d08,TRUE,119,68,AT&T
DEV02454,U1213,Tablet,Apple,iPad,iPadOS 26,FALSE,,,,81,
DEV02455,U1214,Smartphone,Apple,iPhone 15,iOS 26.1,TRUE,b06f8862-5fda-2e96-674e-dd44b6394e22,TRUE,84,50,T-Mobile
DEV02456,U1215,Smartphone,Google,Pixel 9,Android 16,TRUE,48416483-418b-a7e1-6ab6-5eaa0eb5994f,TRUE,104,53,Visible
DEV02457,U1215,Laptop,Dell,XPS 13,Windows 11,FALSE,,,,75,
DEV02458,U1216,Smartphone,Apple,iPhone 14,iOS 18.6,TRUE,13c4c11b-2012-3d73-6d63-cad79f12b708,FALSE,89,51,T-Mobile
DEV02459,U1216,Laptop,Lenovo,Yoga Slim,Windows 11,FALSE,,,,87,
DEV02460,U1217,Smartphone,Apple,iPhone 16,iOS 26.1,TRUE,112c2eda-63a3-ef3d-6861-817d0608e27e,FALSE,125,61,AT&T
DEV02461,U1217,Laptop,Apple,MacBook Air,macOS 26,FALSE,,,,90,
DEV02462,U1218,Smartphone,Samsung,Galaxy S25,Android 16,TRUE,e203960d-a9f7-b994-8698-e6f5ae4e268f,TRUE,192,67,AT&T
DEV02463,U1218,Laptop,Apple,MacBook Pro,macOS 26,FALSE,,,,85,
DEV02464,U1219,Smartphone,Apple,iPhone Air,iOS 26.1,TRUE,9218a98c-57e4-e427-8744-85f1410b6b61,FALSE,151,49,AT&T
DEV02465,U1219,Laptop,Apple,MacBook Air,macOS 26,FALSE,,,,87,
DEV02466,U1220,Smartphone,Apple,iPhone 15,iOS 26.1,TRUE,01a58ccb-056e-daa6-c935-f8fd670b2133,TRUE,145,65,Mint Mobile
DEV02467,U1221,Smartphone,Apple,iPhone 16,iOS 26.1,TRUE,12aeeb15-5733-48b9-6593-bce37b88290b,FALSE,101,54,T-Mobile
DEV02468,U1221,Laptop,Lenovo,Yoga Slim,Windows 11,FALSE,,,,84,
DEV02469,U1222,Smartphone,Apple,iPhone 16,iOS 26.1,TRUE,61054bfb-66fd-ae0f-f0f2-3b7d4c4c5093,FALSE,126,69,T-Mobile
DEV02470,U1222,Laptop,Dell,XPS 13,Windows 11,FALSE,,,,96,
DEV02471,U1223,Smartphone,Apple,iPhone 14,iOS 26.1,TRUE,ce3da98f-646e-ba84-c6bc-b1e4166edb8b,FALSE,68,55,Verizon
DEV02472,U1224,Smartphone,Apple,iPhone Air,iOS 26.1,TRUE,e693579b-ed5c-2460-35ec-2836dcb5e9dc,FALSE,198,82,Mint Mobile
DEV02473,U1225,Smartphone,Apple,iPhone 14,iOS 26.1,TRUE,892c4563-3a8a-f325-718e-f7797d79d336,FALSE,195,40,Verizon
DEV02474,U1225,Laptop,Microsoft,Surface Laptop,Windows 11,FALSE,,,,100,
DEV02475,U1225,Tablet,Apple,iPad Pro,iPadOS 26,FALSE,,,,91,
DEV02476,U1226,Smartphone,Samsung,Galaxy S25,Android 15,TRUE,bcaa03ba-84d9-8eb1-34b4-82c9fe92c3a1,FALSE,102,95,AT&T
DEV02477,U1226,Tablet,Apple,iPad,iPadOS 26,FALSE,,,,98,
DEV02478,U1227,Smartphone,Apple,iPhone 14,iOS 18.6,TRUE,4e819fa7-8ea6-2893-181c-78e2faa33757,TRUE,121,57,Verizon
DEV02479,U1227,Laptop,Lenovo,Yoga Slim,Windows 11,FALSE,,,,95,
DEV02480,U1228,Smartphone,Apple,iPhone 15,iOS 18.6,TRUE,ff4a84e8-e1a5-bc44-53fc-29c62cda0974,FALSE,139,65,AT&T
DEV02481,U1228,Laptop,Apple,MacBook Pro,macOS 26,FALSE,,,,89,
DEV02482,U1229,Smartphone,Samsung,Galaxy A56,Android 16,TRUE,b090e702-3417-4144-b75d-7c10178f0329,FALSE,142,69,Verizon
DEV02483,U1229,Laptop,Apple,MacBook Air,macOS 26,FALSE,,,,85,
DEV02484,U1230,Smartphone,Apple,iPhone 15,iOS 26.1,TRUE,640d8bd4-7fdd-d0f9-bfdc-f96ed76a5092,FALSE,94,37,Verizon
DEV02485,U1230,Laptop,Lenovo,Yoga Slim,Windows 11,FALSE,,,,100,
DEV02486,U1231,Smartphone,Google,Pixel 9,Android 16,TRUE,048555a4-b389-7898-55c7-208f0c55a9dc,FALSE,102,69,T-Mobile
DEV02487,U1232,Smartphone,Apple,iPhone Air,iOS 26.1,TRUE,2ed37d83-638f-aac0-114e-b7e8622b0bdd,FALSE,131,35,Verizon
DEV02488,U1232,Laptop,Lenovo,Yoga Slim,Windows 11,FALSE,,,,100,
DEV02489,U1232,Tablet,Apple,iPad Pro,iPadOS 26,FALSE,,,,90,
DEV02490,U1233,Smartphone,Apple,iPhone 15,iOS 26.1,TRUE,8b410da5-2df6-64a1-49d9-f55eb09866ac,FALSE,114,59,T-Mobile
DEV02491,U1234,Smartphone,Apple,iPhone 16,iOS 26.1,TRUE,21d9f282-3f1b-216f-b873-bebf00105581,FALSE,100,48,AT&T
DEV02492,U1234,Laptop,Apple,MacBook Pro,macOS 26,FALSE,,,,83,
DEV02493,U1235,Smartphone,Samsung,Galaxy A56,Android 15,TRUE,9c6ace85-db8c-908a-c870-d3d67357f2f2,TRUE,144,54,T-Mobile
DEV02494,U1235,Laptop,Apple,MacBook Pro,macOS 26,FALSE,,,,85,
DEV02495,U1236,Smartphone,Samsung,Galaxy A56,Android 16,TRUE,146188de-1e3d-ef6a-b295-3c0a0ae2caee,TRUE,80,72,Verizon
DEV02496,U1236,Laptop,Apple,MacBook Pro,macOS 26,FALSE,,,,84,
DEV02497,U1237,Smartphone,Samsung,Galaxy A56,Android 16,TRUE,0ce76e15-1dd2-bca3-83f9-6bdf42491223,TRUE,100,55,Visible
DEV02498,U1237,Tablet,Samsung,Galaxy Tab S9,Android 16,FALSE,,,,93,
DEV02499,U1238,Smartphone,Apple,iPhone 15,iOS 26.1,TRUE,a46d4680-98d3-bc2d-c027-e400064027b8,FALSE,115,51,Mint Mobile
DEV02500,U1238,Laptop,Apple,MacBook Air,macOS 26,FALSE,,,,80,
DEV02501,U1238,Tablet,Samsung,Galaxy Tab S9,Android 16,FALSE,,,,85,
DEV02502,U1239,Smartphone,Apple,iPhone 14,iOS 18.6,TRUE,b6cdb53a-678f-21dc-73ef-89c353ce7ac6,FALSE,112,72,T-Mobile
DEV02503,U1239,Laptop,Lenovo,Yoga Slim,Windows 11,FALSE,,,,89,
DEV02504,U1240,Smartphone,Apple,iPhone 14,iOS 26.1,TRUE,a7ef3e9e-49f2-39a6-5aab-2c68c3b77fbc,FALSE,133,80,Verizon
DEV02505,U1240,Laptop,Microsoft,Surface Laptop,Windows 11,FALSE,,,,94,
DEV02506,U1240,Tablet,Apple,iPad Pro,iPadOS 26,FALSE,,,,96,
DEV02507,U1241,Smartphone,Apple,iPhone 14,iOS 26.1,TRUE,873df754-33f6-0493-c275-ac02da19d20a,FALSE,114,54,Verizon
DEV02508,U1242,Smartphone,Apple,iPhone 16,iOS 26.1,TRUE,d3fbc139-8dbe-a415-f2e1-76831b228cb7,FALSE,146,61,AT&T
DEV02509,U1242,Laptop,Apple,MacBook Air,macOS 26,FALSE,,,,80,
DEV02510,U1243,Smartphone,Samsung,Galaxy A56,Android 16,TRUE,d482b225-2b13-9b58-68ad-f4d8843309e2,TRUE,152,60,Verizon
DEV02511,U1244,Smartphone,Samsung,Galaxy S23,Android 16,TRUE,d643ea3f-b0b0-644a-709d-46a314bbf68d,TRUE,141,65,AT&T
DEV02512,U1245,Smartphone,Apple,iPhone 14,iOS 26.1,TRUE,2dcca352-a14b-7f65-05f4-b5f63fb1c478,FALSE,85,70,Mint Mobile
DEV02513,U1245,Laptop,Apple,MacBook Air,macOS 26,FALSE,,,,83,
DEV02514,U1246,Smartphone,Apple,iPhone 15,iOS 26.1,TRUE,822644ff-c2e8-88ce-e54e-c73bb08a9df2,TRUE,153,72,Verizon
DEV02515,U1246,Laptop,Apple,MacBook Air,macOS 26,FALSE,,,,100,
DEV02516,U1247,Smartphone,Apple,iPhone 15,iOS 26.1,TRUE,645d264c-79bb-2b37-9eef-93bf087fbaa7,TRUE,86,79,Verizon
DEV02517,U1248,Smartphone,Apple,iPhone 13,iOS 18.6,TRUE,22a79399-bc2e-5e32-aa26-681feec4c4b3,FALSE,164,73,Visible
DEV02518,U1248,Tablet,Apple,iPad Air,iPadOS 26,FALSE,,,,92,
DEV02519,U1249,Smartphone,Samsung,Galaxy S25,Android 15,TRUE,a5a8400c-dd36-df8e-698a-ce404d567e8a,TRUE,133,56,T-Mobile
DEV02520,U1249,Laptop,Apple,MacBook Air,macOS 26,FALSE,,,,82,
DEV02521,U1250,Smartphone,Apple,iPhone 14,iOS 18.6,TRUE,526c3795-e599-a102-1a08-1f24229a8170,FALSE,166,78,Verizon
DEV02522,U1251,Smartphone,Google,Pixel 9,Android 16,TRUE,d12553ab-2dc6-4881-5730-05bd5faf2677,TRUE,98,71,T-Mobile
DEV02523,U1251,Laptop,Dell,XPS 13,Windows 11,FALSE,,,,81,
DEV02524,U1252,Smartphone,Apple,iPhone 16,iOS 18.6,TRUE,11864f3d-51b5-2191-d06e-f88c9e45fc8c,FALSE,102,55,Verizon
DEV02525,U1252,Laptop,Apple,MacBook Air,macOS 26,FALSE,,,,96,
DEV02526,U1252,Tablet,Apple,iPad,iPadOS 26,FALSE,,,,92,
DEV02527,U1253,Smartphone,Apple,iPhone 13,iOS 26.1,TRUE,2580f0e3-1ddc-a14c-0050-5e06df83d87a,FALSE,140,76,Verizon
DEV02528,U1253,Laptop,Apple,MacBook Air,macOS 26,FALSE,,,,81,
DEV02529,U1254,Smartphone,Apple,iPhone 14,iOS 26.1,TRUE,7587627f-523e-8cbf-8f1e-95c67bd1acf5,FALSE,131,61,AT&T
DEV02530,U1254,Laptop,Apple,MacBook Pro,macOS 26,FALSE,,,,83,
DEV02531,U1255,Smartphone,Apple,iPhone 14,iOS 26.1,TRUE,98433ae9-f63e-bbdd-6ffa-a94ccc731fd3,FALSE,139,45,AT&T
DEV02532,U1255,Laptop,Apple,MacBook Air,macOS 26,FALSE,,,,89,
DEV02533,U1256,Smartphone,Apple,iPhone 14,iOS 18.6,TRUE,8b462c92-8955-cd5e-e739-811327eaea04,FALSE,110,44,Visible
DEV02534,U1256,Laptop,Apple,MacBook Pro,macOS 26,FALSE,,,,99,
DEV02535,U1257,Smartphone,Samsung,Galaxy A56,Android 16,TRUE,718f0d8a-0687-7f74-6732-951f05dc8d42,TRUE,170,42,Visible
DEV02536,U1257,Laptop,Microsoft,Surface Laptop,Windows 11,FALSE,,,,84,
DEV02537,U1258,Smartphone,Samsung,Galaxy S25,Android 16,TRUE,578fee63-b342-62bf-bee9-21329e58e70b,TRUE,152,64,Verizon
DEV02538,U1258,Laptop,Apple,MacBook Air,macOS 26,FALSE,,,,92,
DEV02539,U1259,Smartphone,Apple,iPhone 15,iOS 26.1,TRUE,0be2746c-59a0-2c78-2b55-7e36afa9af44,TRUE,124,61,T-Mobile
DEV02540,U1259,Laptop,Dell,XPS 13,Windows 11,FALSE,,,,79,
DEV02541,U1260,Smartphone,Samsung,Galaxy S24,Android 15,TRUE,9bc81525-872c-4b2a-e12e-4431821d9665,TRUE,143,72,Verizon
DEV02542,U1260,Laptop,Apple,MacBook Air,macOS 26,FALSE,,,,98,
DEV02543,U1261,Smartphone,Apple,iPhone 14,iOS 26.1,TRUE,73517038-75a1-cbf0-c8af-88809185497a,FALSE,164,91,AT&T
DEV02544,U1261,Laptop,Apple,MacBook Air,macOS 26,FALSE,,,,97,
DEV02545,U1261,Tablet,Apple,iPad,iPadOS 26,FALSE,,,,81,
DEV02546,U1262,Smartphone,Apple,iPhone 17,iOS 26.1,TRUE,6e042905-53d1-23d6-1b68-b7702f207c16,FALSE,142,58,AT&T
DEV02547,U1262,Laptop,Apple,MacBook Air,macOS 26,FALSE,,,,86,
DEV02548,U1263,Smartphone,Apple,iPhone 16,iOS 26.1,TRUE,cb5b7f84-0144-7af0-23ee-28970c537b11,FALSE,99,57,T-Mobile
DEV02549,U1264,Smartphone,Apple,iPhone 15,iOS 26.1,TRUE,537e05ee-bc6d-4752-17bb-35bfae083294,FALSE,155,65,Mint Mobile
DEV02550,U1264,Laptop,Apple,MacBook Pro,macOS 26,FALSE,,,,83,
DEV02551,U1265,Smartphone,Apple,iPhone 15,iOS 26.1,TRUE,0315895b-0091-6c53-c501-33333f591ad5,FALSE,143,47,AT&T
DEV02552,U1265,Laptop,Apple,MacBook Air,macOS 26,FALSE,,,,87,
DEV02553,U1266,Smartphone,Google,Pixel 10,Android 16,TRUE,2320e421-43bf-84e0-60f8-9db4cab082c1,FALSE,87,69,Verizon
DEV02554,U1266,Laptop,Apple,MacBook Air,macOS 26,FALSE,,,,99,
DEV02555,U1267,Smartphone,Apple,iPhone 17,iOS 18.6,TRUE,120b7baa-770e-9905-0bf6-b7ef01fdd52b,FALSE,160,87,T-Mobile
DEV02556,U1268,Smartphone,Apple,iPhone 17,iOS 26.1,TRUE,e529362b-533e-76c9-6c29-05ee391c844b,TRUE,128,53,Mint Mobile
DEV02557,U1269,Smartphone,Apple,iPhone 16,iOS 18.6,TRUE,672349dd-56ea-9926-dfde-af9f4218b96d,FALSE,143,75,Verizon
DEV02558,U1270,Smartphone,Apple,iPhone 14,iOS 26.1,TRUE,1adb7cbb-11ff-0569-514a-7e836885a4f9,TRUE,203,54,AT&T
DEV02559,U1271,Smartphone,Apple,iPhone 15,iOS 26.1,TRUE,8145221a-44d4-1d6e-c0fd-73f3eb3f20ea,FALSE,137,62,Verizon
DEV02560,U1272,Smartphone,Apple,iPhone 13,iOS 18.6,TRUE,949332b7-b9c9-2f08-c1d1-4c42a1cbeb0b,TRUE,178,54,AT&T
DEV02561,U1272,Laptop,Apple,MacBook Air,macOS 26,FALSE,,,,77,
DEV02562,U1273,Smartphone,Google,Pixel 10,Android 16,TRUE,05bd07b7-a56c-6811-353f-62a7c50e7960,TRUE,103,59,Verizon
DEV02563,U1273,Laptop,HP,Spectre x360,Windows 11,FALSE,,,,81,
DEV02564,U1274,Smartphone,Apple,iPhone 15,iOS 26.1,TRUE,b8152bd1-a33d-fda7-673a-e4ffceb4276e,FALSE,100,64,Verizon
DEV02565,U1274,Laptop,Apple,MacBook Air,macOS 26,FALSE,,,,79,
DEV02566,U1275,Smartphone,Apple,iPhone 16,iOS 26.1,TRUE,0c078e20-b49e-db8f-cdc9-be6bc07af87e,FALSE,51,40,AT&T
DEV02567,U1275,Tablet,Apple,iPad,iPadOS 26,FALSE,,,,84,
DEV02568,U1276,Smartphone,Apple,iPhone 17,iOS 26.1,TRUE,9b613fcb-da23-58df-08ec-17766f4c7de0,FALSE,78,70,Verizon
DEV02569,U1276,Laptop,Lenovo,Yoga Slim,Windows 11,FALSE,,,,79,
DEV02570,U1276,Tablet,Apple,iPad Pro,iPadOS 26,FALSE,,,,91,
DEV02571,U1277,Smartphone,Samsung,Galaxy S24,Android 16,TRUE,66b0fadc-d1b0-49ae-da03-e70c0eabc520,TRUE,114,49,Visible
DEV02572,U1277,Laptop,Apple,MacBook Air,macOS 26,FALSE,,,,90,
DEV02573,U1278,Smartphone,Apple,iPhone 15,iOS 26.1,TRUE,220b3499-90f4-70c3-ee65-cd8ac9891d21,FALSE,111,58,AT&T
DEV02574,U1278,Laptop,Lenovo,Yoga Slim,Windows 11,FALSE,,,,81,
DEV02575,U1279,Smartphone,Apple,iPhone 13,iOS 26.1,TRUE,1ea176ad-7bdc-1956-068a-91e60f5c2e1b,TRUE,82,60,Verizon
DEV02576,U1279,Laptop,HP,Spectre x360,Windows 11,FALSE,,,,97,
DEV02577,U1279,Tablet,Samsung,Galaxy Tab S9,Android 16,FALSE,,,,83,
DEV02578,U1280,Smartphone,Apple,iPhone 16,iOS 26.1,TRUE,9abdfb45-40aa-b317-69c3-7b4556e6013b,TRUE,69,71,Verizon
DEV02579,U1280,Laptop,Apple,MacBook Air,macOS 26,FALSE,,,,82,
DEV02580,U1280,Tablet,Apple,iPad,iPadOS 26,FALSE,,,,91,
DEV02581,U1281,Smartphone,Apple,iPhone 14,iOS 26.1,TRUE,192f8698-8e6e-47d9-7fd7-0d888ffe8631,FALSE,115,47,Mint Mobile
DEV02582,U1281,Laptop,Dell,XPS 13,Windows 11,FALSE,,,,61,
DEV02583,U1281,Tablet,Apple,iPad Pro,iPadOS 26,FALSE,,,,88,
DEV02584,U1282,Smartphone,Motorola,Moto G Power,Android 16,TRUE,97214177-56d7-06a2-ee2c-6ff70160f2ad,TRUE,92,46,AT&T
DEV02585,U1282,Laptop,Dell,XPS 13,Windows 11,FALSE,,,,84,
DEV02586,U1283,Smartphone,Apple,iPhone 17,iOS 26.1,TRUE,5e5739ba-89d2-d3d5-ae2a-136f2e2807c2,FALSE,139,59,Verizon
DEV02587,U1283,Laptop,Apple,MacBook Air,macOS 26,FALSE,,,,96,
DEV02588,U1284,Smartphone,Samsung,Galaxy S25,Android 16,TRUE,3ce023cb-68d8-9916-060a-1fec59ac34b0,TRUE,125,76,US Cellular
DEV02589,U1285,Smartphone,Motorola,Moto G Power,Android 15,TRUE,20fb2ede-cb07-bd51-d938-526d07afe0bb,TRUE,154,72,T-Mobile
DEV02590,U1285,Tablet,Apple,iPad Air,iPadOS 26,FALSE,,,,87,
DEV02591,U1286,Smartphone,Apple,iPhone 16,iOS 18.6,TRUE,ebeec47d-6493-f355-8689-37aee2fece1e,FALSE,90,76,AT&T
DEV02592,U1287,Smartphone,Apple,iPhone 16,iOS 26.1,TRUE,4aeb31f6-6020-9c0f-acdc-09000f5a5c7b,TRUE,162,77,Verizon
DEV02593,U1287,Laptop,Apple,MacBook Air,macOS 26,FALSE,,,,94,
DEV02594,U1288,Smartphone,Apple,iPhone 14,iOS 18.6,TRUE,c1d7d158-b065-eb2d-ce00-1967bcf9f1c8,TRUE,179,50,T-Mobile
DEV02595,U1289,Smartphone,Apple,iPhone 16,iOS 18.6,TRUE,031dcf26-1830-a8a4-58d2-35a8fceef804,TRUE,58,46,T-Mobile
DEV02596,U1289,Laptop,Apple,MacBook Air,macOS 26,FALSE,,,,77,
DEV02597,U1290,Smartphone,Apple,iPhone 14,iOS 26.1,TRUE,9149ab02-962a-e12a-b7a5-b586fe4c04fb,FALSE,150,52,Verizon
DEV02598,U1290,Laptop,Apple,MacBook Air,macOS 26,FALSE,,,,93,
DEV02599,U1291,Smartphone,Samsung,Galaxy A56,Android 15,TRUE,0633ba73-13f5-8be1-b56c-2e507878c593,TRUE,165,53,T-Mobile
DEV02600,U1291,Laptop,Dell,XPS 13,Windows 11,FALSE,,,,93,
DEV02601,U1292,Smartphone,Samsung,Galaxy S25,Android 16,TRUE,a841f989-cbed-7f18-6ddc-5c036ff82707,FALSE,145,60,Verizon
DEV02602,U1292,Laptop,Lenovo,Yoga Slim,Windows 11,FALSE,,,,94,
DEV02603,U1293,Smartphone,Apple,iPhone 16,iOS 26.1,TRUE,e502f5ae-017f-d378-700d-4feec628c9a1,FALSE,174,75,T-Mobile
DEV02604,U1293,Laptop,Apple,MacBook Pro,macOS 26,FALSE,,,,100,
DEV02605,U1293,Tablet,Apple,iPad,iPadOS 26,FALSE,,,,81,
DEV02606,U1294,Smartphone,Apple,iPhone 13,iOS 26.1,TRUE,1b7b5bbb-c3ab-59d3-0483-4828348021f6,FALSE,106,56,Verizon
DEV02607,U1294,Laptop,Apple,MacBook Air,macOS 26,FALSE,,,,90,
DEV02608,U1295,Smartphone,Apple,iPhone 14,iOS 26.1,TRUE,bc3bd16a-27c4-1384-7a7a-a98e8a707131,FALSE,107,65,Verizon
DEV02609,U1295,Laptop,Microsoft,Surface Laptop,Windows 11,FALSE,,,,78,
DEV02610,U1296,Smartphone,Apple,iPhone Air,iOS 18.6,TRUE,f21a7c72-dfc4-aa18-bb4c-4ff8564a46b1,FALSE,114,80,T-Mobile
DEV02611,U1296,Laptop,HP,Spectre x360,Windows 11,FALSE,,,,93,
DEV02612,U1297,Smartphone,Samsung,Galaxy S24,Android 16,TRUE,84e1429f-e54f-92a2-a32f-da1927afc092,TRUE,156,46,AT&T
DEV02613,U1297,Laptop,Apple,MacBook Pro,macOS 26,FALSE,,,,86,
DEV02614,U1297,Tablet,Apple,iPad,iPadOS 26,FALSE,,,,88,
DEV02615,U1298,Smartphone,Samsung,Galaxy S24,Android 16,TRUE,e0bcac07-22fb-10da-0f3e-effdc6e1f6d0,TRUE,102,44,Verizon
DEV02616,U1298,Tablet,Apple,iPad Air,iPadOS 26,FALSE,,,,85,
DEV02617,U1299,Smartphone,Motorola,Motorola Edge,Android 15,TRUE,ae1f3b49-77d5-b67a-06ef-cc1eac21aa35,TRUE,196,84,T-Mobile
DEV02618,U1299,Laptop,Apple,MacBook Air,macOS 26,FALSE,,,,93,
DEV02619,U1299,Tablet,Apple,iPad,iPadOS 26,FALSE,,,,80,
DEV02620,U1300,Smartphone,Apple,iPhone 15,iOS 26.1,TRUE,2678a6eb-252d-0317-8160-48039fe20db9,FALSE,150,76,Verizon
DEV02621,U1300,Laptop,HP,Spectre x360,Windows 11,FALSE,,,,91,
DEV02622,U1301,Smartphone,Apple,iPhone 14,iOS 26.1,TRUE,0d661cab-017a-ede1-4d71-d50741ef6e88,TRUE,86,57,T-Mobile
DEV02623,U1301,Laptop,Apple,MacBook Pro,macOS 26,FALSE,,,,94,
DEV02624,U1302,Smartphone,Google,Pixel 10,Android 16,TRUE,d89c4cef-81bf-5ead-e918-4e83b7bb9849,TRUE,117,50,Verizon
DEV02625,U1302,Laptop,Apple,MacBook Air,macOS 26,FALSE,,,,96,
DEV02626,U1303,Smartphone,Apple,iPhone 16,iOS 26.1,TRUE,1cd0a51e-5a5b-4322-85d9-906caef600f2,FALSE,130,35,AT&T
DEV02627,U1303,Laptop,Apple,MacBook Pro,macOS 26,FALSE,,,,91,
DEV02628,U1304,Smartphone,Apple,iPhone 14,iOS 26.1,TRUE,78d2f1f2-a015-afa5-c999-9bf4059047a4,FALSE,131,45,Cricket
DEV02629,U1304,Laptop,Dell,XPS 13,Windows 11,FALSE,,,,90,
DEV02630,U1305,Smartphone,Apple,iPhone 13,iOS 26.1,TRUE,09e6a752-42ba-8db3-127e-74d2bf907753,TRUE,71,82,Verizon
DEV02631,U1306,Smartphone,Google,Pixel 10,Android 16,TRUE,f2cfe6a6-b90f-ce3f-94fc-a483d28b1f14,TRUE,97,44,T-Mobile
DEV02632,U1306,Laptop,Apple,MacBook Pro,macOS 26,FALSE,,,,88,
DEV02633,U1307,Smartphone,Apple,iPhone 15,iOS 26.1,TRUE,66700c9e-73ae-2cfd-dc8b-77af087f0e82,TRUE,179,66,Mint Mobile
DEV02634,U1307,Tablet,Apple,iPad,iPadOS 26,FALSE,,,,85,
DEV02635,U1308,Smartphone,Apple,iPhone 16,iOS 26.1,TRUE,bab0b2f2-fd9c-bf13-6744-2900855c9ebb,FALSE,139,64,T-Mobile
DEV02636,U1308,Laptop,Apple,MacBook Pro,macOS 26,FALSE,,,,68,
DEV02637,U1309,Smartphone,Apple,iPhone 16,iOS 26.1,TRUE,916de350-7b58-7e2c-7ca0-f771d8ff6341,TRUE,110,53,Verizon
DEV02638,U1309,Laptop,Apple,MacBook Air,macOS 26,FALSE,,,,98,
DEV02639,U1309,Tablet,Apple,iPad,iPadOS 26,FALSE,,,,77,
DEV02640,U1310,Smartphone,Apple,iPhone 16,iOS 26.1,TRUE,d7b396e7-6dde-c15f-3e7a-250d81b8cd93,TRUE,150,64,Verizon
DEV02641,U1310,Laptop,Lenovo,Yoga Slim,Windows 11,FALSE,,,,90,
DEV02642,U1311,Smartphone,Samsung,Galaxy S24,Android 15,TRUE,30625c40-e88c-cb4a-22c9-df6961124244,FALSE,123,58,AT&T
DEV02643,U1311,Laptop,Microsoft,Surface Laptop,Windows 11,FALSE,,,,77,
DEV02644,U1312,Smartphone,Apple,iPhone 16,iOS 18.6,TRUE,16d936ea-ef94-dc74-e7d7-8fcaac6fc61e,TRUE,106,59,Verizon
DEV02645,U1313,Smartphone,Samsung,Galaxy S23,Android 15,TRUE,e93583e3-7623-0a94-3df9-51eeaf6e73e3,TRUE,74,65,Verizon
DEV02646,U1314,Smartphone,Apple,iPhone Air,iOS 26.1,TRUE,d4ac1fb2-2a5c-20ec-90af-7ac239c55537,FALSE,55,55,AT&T
DEV02647,U1315,Smartphone,Apple,iPhone 14,iOS 26.1,TRUE,3584ea49-3ae8-3172-9dbe-cfb80ae5f04e,TRUE,154,54,T-Mobile
DEV02648,U1315,Laptop,Microsoft,Surface Laptop,Windows 11,FALSE,,,,100,
DEV02649,U1315,Tablet,Apple,iPad Air,iPadOS 26,FALSE,,,,94,
DEV02650,U1316,Smartphone,Apple,iPhone 14,iOS 26.1,TRUE,5822c128-02c7-7c3b-1113-b028eb7e13f8,FALSE,116,57,T-Mobile
DEV02651,U1316,Laptop,Apple,MacBook Air,macOS 26,FALSE,,,,87,
DEV02652,U1317,Smartphone,Apple,iPhone 16,iOS 26.1,TRUE,11f4e3ed-30f7-5e7a-782c-56bf6aab8b15,FALSE,122,59,Verizon
DEV02653,U1317,Tablet,Apple,iPad,iPadOS 26,FALSE,,,,87,
DEV02654,U1318,Smartphone,Google,Pixel 10,Android 16,TRUE,1981d958-79b3-187a-aee2-78e5f1e0e0b0,TRUE,150,58,AT&T
DEV02655,U1318,Laptop,Apple,MacBook Air,macOS 26,FALSE,,,,86,
DEV02656,U1319,Smartphone,Apple,iPhone 14,iOS 18.6,TRUE,156abfdf-74f9-4be6-85d3-fdec499cec87,FALSE,117,63,Verizon
DEV02657,U1320,Smartphone,Samsung,Galaxy S25,Android 16,TRUE,263d3f5c-2837-9afe-de95-8a177577e3ff,TRUE,142,70,Verizon
DEV02658,U1320,Laptop,Microsoft,Surface Laptop,Windows 11,FALSE,,,,90,
DEV02659,U1321,Smartphone,Apple,iPhone 15,iOS 26.1,TRUE,43797c5d-7f1b-05e3-8386-46ecf1112f3e,FALSE,73,42,Verizon
DEV02660,U1322,Smartphone,Apple,iPhone 13,iOS 26.1,TRUE,abda7806-40f4-d122-a14e-e945aa1ab4c4,FALSE,128,71,Verizon
DEV02661,U1323,Smartphone,Apple,iPhone 16,iOS 18.6,TRUE,d46d81b4-d5d2-cd60-81cb-8be7eea65228,FALSE,100,58,Mint Mobile
DEV02662,U1324,Smartphone,Apple,iPhone Air,iOS 26.1,TRUE,dfafa49e-32e3-f27f-0517-dc7b7af93052,FALSE,86,74,Verizon
DEV02663,U1324,Laptop,Apple,MacBook Air,macOS 26,FALSE,,,,87,
DEV02664,U1325,Smartphone,Apple,iPhone 16,iOS 26.1,TRUE,e5fb702d-d514-4ea8-cb27-477b563ac6bd,FALSE,84,60,AT&T
DEV02665,U1325,Laptop,Dell,XPS 13,Windows 11,FALSE,,,,86,
DEV02666,U1326,Smartphone,Apple,iPhone Air,iOS 18.6,TRUE,bbcedaf5-62fe-676a-1b45-a3135c71d00d,FALSE,80,68,T-Mobile
DEV02667,U1326,Laptop,Apple,MacBook Air,macOS 26,FALSE,,,,83,
DEV02668,U1327,Smartphone,Samsung,Galaxy A56,Android 16,TRUE,a72bc8f1-c679-1c99-9a87-4ead0813a49c,FALSE,60,50,AT&T
DEV02669,U1327,Laptop,Apple,MacBook Air,macOS 26,FALSE,,,,86,
DEV02670,U1328,Smartphone,Samsung,Galaxy A56,Android 16,TRUE,f6919fc3-a71c-a615-e96f-bff387801761,TRUE,20,55,Mint Mobile
DEV02671,U1328,Laptop,Apple,MacBook Air,macOS 26,FALSE,,,,83,
DEV02672,U1328,Tablet,Apple,iPad Air,iPadOS 26,FALSE,,,,87,
DEV02673,U1329,Smartphone,Apple,iPhone 16,iOS 26.1,TRUE,dad8ba2d-60f0-2bab-847a-ff4dccaf5c30,FALSE,81,66,Verizon
DEV02674,U1329,Laptop,Apple,MacBook Pro,macOS 26,FALSE,,,,81,
DEV02675,U1329,Tablet,Apple,iPad Pro,iPadOS 26,FALSE,,,,100,
DEV02676,U1330,Smartphone,Samsung,Galaxy S23,Android 16,TRUE,1495d7af-b452-ca77-0f28-3eca55dd6211,FALSE,108,79,Mint Mobile
DEV02677,U1331,Smartphone,Google,Pixel 10,Android 16,TRUE,a19e9bba-2164-371c-0a63-afa36038bcd7,TRUE,108,61,AT&T
DEV02678,U1331,Laptop,Dell,XPS 13,Windows 11,FALSE,,,,85,
DEV02679,U1332,Smartphone,Apple,iPhone 16,iOS 26.1,TRUE,c223d341-8e4c-3b76-bb9e-ba444a7e16b0,FALSE,147,44,T-Mobile
DEV02680,U1332,Laptop,Lenovo,Yoga Slim,Windows 11,FALSE,,,,79,
DEV02681,U1333,Smartphone,Apple,iPhone 14,iOS 26.1,TRUE,d294c9be-42f5-2e50-abd2-e98f0a0800e7,FALSE,106,61,Verizon
DEV02682,U1333,Laptop,Apple,MacBook Pro,macOS 26,FALSE,,,,98,
DEV02683,U1334,Smartphone,Google,Pixel 9,Android 16,TRUE,3581677a-cc58-577f-4987-9cf1f9023d64,FALSE,101,70,Verizon
DEV02684,U1335,Smartphone,Apple,iPhone Air,iOS 18.6,TRUE,293db15c-4d8a-65e1-fdf9-ceefff375fd2,FALSE,129,44,AT&T
DEV02685,U1335,Laptop,Apple,MacBook Air,macOS 26,FALSE,,,,81,
DEV02686,U1336,Smartphone,Apple,iPhone 13,iOS 26.1,TRUE,6d9f32bf-69d6-d1e8-2a45-4f08c14e65b4,TRUE,144,43,AT&T
DEV02687,U1336,Tablet,Apple,iPad,iPadOS 26,FALSE,,,,95,
DEV02688,U1337,Smartphone,Apple,iPhone 16,iOS 18.6,TRUE,a51567aa-8d44-ab31-5da1-b95b45a99bbe,TRUE,147,63,T-Mobile
DEV02689,U1337,Laptop,Apple,MacBook Air,macOS 26,FALSE,,,,95,
DEV02690,U1338,Smartphone,Apple,iPhone 13,iOS 18.6,TRUE,9fbfba47-235b-9eff-8fd7-f10f4fe78766,FALSE,157,60,Cricket
DEV02691,U1338,Laptop,Lenovo,Yoga Slim,Windows 11,FALSE,,,,82,
DEV02692,U1339,Smartphone,Apple,iPhone 17,iOS 26.1,TRUE,1d762237-dc3b-af1c-1da4-06e2689ab7e7,TRUE,68,74,Mint Mobile
DEV02693,U1339,Laptop,Apple,MacBook Air,macOS 26,FALSE,,,,98,
DEV02694,U1340,Smartphone,Apple,iPhone 16,iOS 26.1,TRUE,d8926d8e-532b-ad75-2cff-9aae1027f487,FALSE,131,67,T-Mobile
DEV02695,U1340,Laptop,Dell,XPS 13,Windows 11,FALSE,,,,100,
DEV02696,U1340,Tablet,Apple,iPad,iPadOS 26,FALSE,,,,80,
DEV02697,U1341,Smartphone,Apple,iPhone 14,iOS 26.1,TRUE,23cd2aae-9f7d-66c8-fa39-2dee79060a70,FALSE,107,48,AT&T
DEV02698,U1341,Laptop,Apple,MacBook Air,macOS 26,FALSE,,,,88,
DEV02699,U1342,Smartphone,Apple,iPhone Air,iOS 26.1,TRUE,3ba198fd-69e5-8909-5853-e36c0c37478c,FALSE,98,57,Verizon
DEV02700,U1342,Laptop,HP,Spectre x360,Windows 11,FALSE,,,,88,
DEV02701,U1343,Smartphone,Apple,iPhone Air,iOS 26.1,TRUE,6c979183-d7e9-1e56-d1cd-45da20512023,FALSE,139,56,Mint Mobile
DEV02702,U1344,Smartphone,Apple,iPhone 15,iOS 26.1,TRUE,cbf586d3-dbfa-13a1-7a5e-fc4a747d93d6,FALSE,93,68,T-Mobile
DEV02703,U1344,Laptop,Microsoft,Surface Laptop,Windows 11,FALSE,,,,85,
DEV02704,U1345,Smartphone,Apple,iPhone 15,iOS 26.1,TRUE,37412d83-3235-5790-f31c-4796ecfc4ce7,FALSE,170,76,AT&T
DEV02705,U1345,Laptop,Apple,MacBook Pro,macOS 26,FALSE,,,,83,
DEV02706,U1346,Smartphone,Apple,iPhone 14,iOS 26.1,TRUE,afd41ce2-41f5-cd99-7f4a-d7e1d0d49b2f,FALSE,60,66,Cricket
DEV02707,U1346,Laptop,HP,Spectre x360,Windows 11,FALSE,,,,86,
DEV02708,U1347,Smartphone,Apple,iPhone 15,iOS 26.1,TRUE,d4166123-4579-8456-1e39-d61845457b61,TRUE,88,68,AT&T
DEV02709,U1348,Smartphone,Apple,iPhone 16,iOS 26.1,TRUE,6e95cc00-7e62-af05-eaca-0769275d4bbc,TRUE,137,47,US Cellular
DEV02710,U1348,Laptop,Dell,XPS 13,Windows 11,FALSE,,,,80,
DEV02711,U1349,Smartphone,Apple,iPhone 16,iOS 26.1,TRUE,cef5f282-3956-2913-8a21-e8777ff0181e,TRUE,152,72,Verizon
DEV02712,U1349,Laptop,Lenovo,Yoga Slim,Windows 11,FALSE,,,,96,
DEV02713,U1349,Tablet,Apple,iPad,iPadOS 26,FALSE,,,,98,
DEV02714,U1350,Smartphone,Apple,iPhone 13,iOS 26.1,TRUE,a5fa07cf-59c6-8303-1e46-ef02497ad2f0,TRUE,59,71,Verizon
DEV02715,U1350,Laptop,Apple,MacBook Air,macOS 26,FALSE,,,,93,
DEV02716,U1351,Smartphone,Apple,iPhone 16,iOS 18.6,TRUE,4131be2f-c677-c8f6-5028-a68cf32fafd1,FALSE,148,59,Verizon
DEV02717,U1351,Laptop,Microsoft,Surface Laptop,Windows 11,FALSE,,,,85,
DEV02718,U1352,Smartphone,Apple,iPhone 14,iOS 26.1,TRUE,0e4a712a-9f5c-e0ed-7ffa-d2da77648325,FALSE,158,79,Mint Mobile
DEV02719,U1353,Smartphone,Apple,iPhone 15,iOS 26.1,TRUE,f75840b2-31ec-c75f-dbfa-a9c4ef594f2a,FALSE,74,76,AT&T
DEV02720,U1354,Smartphone,Google,Pixel 10,Android 15,TRUE,7c16f9c5-4c99-d869-f7d2-61496f2534cb,FALSE,142,62,AT&T
DEV02721,U1354,Laptop,Apple,MacBook Pro,macOS 26,FALSE,,,,79,
DEV02722,U1354,Tablet,Apple,iPad Air,iPadOS 26,FALSE,,,,89,
DEV02723,U1355,Smartphone,Google,Pixel 9,Android 16,TRUE,dc9a074f-6e6c-048a-e73a-0695b75e6090,TRUE,124,71,Verizon
DEV02724,U1355,Laptop,Lenovo,Gaming Laptop,Windows 11,FALSE,,,,87,
DEV02725,U1356,Smartphone,Apple,iPhone 16,iOS 26.1,TRUE,625effdd-ef40-9333-020c-a1098b5295b6,FALSE,42,68,AT&T
DEV02726,U1356,Laptop,Lenovo,Yoga Slim,Windows 11,FALSE,,,,100,
DEV02727,U1357,Smartphone,Apple,iPhone 15,iOS 26.1,TRUE,2bb1ae5d-2fc4-bb34-2386-b9132d8c3183,FALSE,141,37,AT&T
DEV02728,U1357,Tablet,Apple,iPad,iPadOS 26,FALSE,,,,92,
DEV02729,U1358,Smartphone,Apple,iPhone 16,iOS 26.1,TRUE,2005a6ee-42a1-47c7-a0eb-fffc1e73c94f,FALSE,164,58,AT&T
DEV02730,U1359,Smartphone,Samsung,Galaxy S25,Android 16,TRUE,a1d0b064-d904-0d4a-1ed9-4f44cc0b948c,TRUE,128,28,AT&T
DEV02731,U1359,Laptop,Microsoft,Surface Laptop,Windows 11,FALSE,,,,93,
DEV02732,U1360,Smartphone,Apple,iPhone 16,iOS 18.6,TRUE,ca19f58f-b963-9487-8313-c243f9e0e9ca,FALSE,71,76,AT&T
DEV02733,U1360,Laptop,ASUS,Gaming Laptop,Windows 11,FALSE,,,,92,
DEV02734,U1361,Smartphone,Google,Pixel 8a,Android 16,TRUE,bfcd84a7-754e-178e-e8c9-a83d66568eee,TRUE,106,53,Verizon
DEV02735,U1361,Laptop,Microsoft,Surface Laptop,Windows 11,FALSE,,,,88,
DEV02736,U1362,Smartphone,Apple,iPhone 15,iOS 26.1,TRUE,6f301c6f-3397-a23c-fe5d-35413b5497ce,TRUE,115,81,Verizon
DEV02737,U1362,Laptop,Dell,XPS 13,Windows 11,FALSE,,,,88,
DEV02738,U1363,Smartphone,Motorola,Motorola Edge,Android 16,TRUE,8b3a6afe-a861-ef2f-e785-97ff5a8ef5d7,TRUE,35,46,T-Mobile
DEV02739,U1363,Laptop,Lenovo,Yoga Slim,Windows 11,FALSE,,,,71,
DEV02740,U1364,Smartphone,Apple,iPhone 14,iOS 26.1,TRUE,659ca99a-85f9-f861-f68c-a4e1a291044c,FALSE,87,74,T-Mobile
DEV02741,U1365,Smartphone,Apple,iPhone 15,iOS 26.1,TRUE,5274a575-4889-ae7b-f994-7e4776eb3598,FALSE,84,51,Verizon
DEV02742,U1365,Laptop,Dell,XPS 13,Windows 11,FALSE,,,,97,
DEV02743,U1366,Smartphone,Apple,iPhone 15,iOS 26.1,TRUE,a539b8be-faf7-51a7-1328-38a25ef1b7f4,TRUE,101,57,Verizon
DEV02744,U1366,Laptop,Apple,MacBook Air,macOS 26,FALSE,,,,92,
DEV02745,U1367,Smartphone,Apple,iPhone 14,iOS 26.1,TRUE,89d912fc-6f24-dd9d-a6ae-accab9f9b6e9,TRUE,96,63,AT&T
DEV02746,U1367,Tablet,Samsung,Galaxy Tab S9,Android 16,FALSE,,,,90,
DEV02747,U1368,Smartphone,Apple,iPhone 16,iOS 26.1,TRUE,9adecd71-7d72-7a34-c87d-cc0ecddb473a,TRUE,148,42,T-Mobile
DEV02748,U1369,Smartphone,Apple,iPhone 14,iOS 26.1,TRUE,e8b66373-7d03-3fad-e78e-dc83cd04d469,FALSE,88,61,Verizon
DEV02749,U1369,Laptop,HP,Spectre x360,Windows 11,FALSE,,,,99,
DEV02750,U1370,Smartphone,Apple,iPhone 15,iOS 26.1,TRUE,111b83c7-efd3-3169-74dd-de6ca643b2a7,FALSE,64,57,AT&T
DEV02751,U1370,Laptop,Microsoft,Surface Laptop,Windows 11,FALSE,,,,84,
DEV02752,U1371,Smartphone,Samsung,Galaxy S24,Android 16,TRUE,03f2d61b-62ad-b151-ce8e-edf2349d48a7,TRUE,58,53,T-Mobile
DEV02753,U1372,Smartphone,Samsung,Galaxy S25,Android 15,TRUE,e5c77e95-8244-1080-c206-7517dfb63abd,TRUE,71,63,T-Mobile
DEV02754,U1372,Laptop,Apple,MacBook Air,macOS 26,FALSE,,,,70,
DEV02755,U1373,Smartphone,Google,Pixel 9,Android 16,TRUE,db8a8699-5924-ad0f-942b-4868b3748873,TRUE,104,58,Verizon
DEV02756,U1374,Smartphone,Apple,iPhone 15,iOS 26.1,TRUE,3e21be67-e204-31c4-af7f-29f749ec067e,FALSE,111,44,Verizon
DEV02757,U1374,Laptop,Apple,MacBook Pro,macOS 26,FALSE,,,,97,
DEV02758,U1375,Smartphone,Apple,iPhone 13,iOS 26.1,TRUE,69efe616-c390-5c08-a6d1-dce408a4c2ba,TRUE,73,62,AT&T
DEV02759,U1375,Laptop,Lenovo,Yoga Slim,Windows 11,FALSE,,,,70,
DEV02760,U1375,Tablet,Apple,iPad,iPadOS 26,FALSE,,,,96,
DEV02761,U1376,Smartphone,Samsung,Galaxy S25,Android 16,TRUE,02a046a9-4f74-b68b-d316-8b6f800e49ed,FALSE,133,58,Mint Mobile
DEV02762,U1376,Laptop,Apple,MacBook Air,macOS 26,FALSE,,,,94,
DEV02763,U1377,Smartphone,Apple,iPhone 16,iOS 26.1,TRUE,d9a7138b-6140-1833-1504-85b84f65e3d3,TRUE,102,95,Verizon
DEV02764,U1377,Laptop,Apple,MacBook Air,macOS 26,FALSE,,,,70,
DEV02765,U1378,Smartphone,Apple,iPhone 16,iOS 26.1,TRUE,9662aca9-00ae-f4ce-7181-af15f8d57fdf,FALSE,119,61,AT&T
DEV02766,U1378,Laptop,Dell,XPS 13,Windows 11,FALSE,,,,74,
DEV02767,U1379,Smartphone,Apple,iPhone 17,iOS 26.1,TRUE,65891bbf-6997-6fb7-a35e-9649ac9c3f78,FALSE,74,46,Verizon
DEV02768,U1379,Laptop,Lenovo,Yoga Slim,Windows 11,FALSE,,,,78,
DEV02769,U1380,Smartphone,Apple,iPhone 14,iOS 26.1,TRUE,ea289d60-2753-57e9-3263-4bac578b9864,FALSE,82,61,AT&T
DEV02770,U1380,Laptop,Apple,MacBook Air,macOS 26,FALSE,,,,98,
DEV02771,U1380,Tablet,Apple,iPad,iPadOS 26,FALSE,,,,87,
DEV02772,U1381,Smartphone,Motorola,Moto G Power,Android 16,TRUE,6ec2e3c0-8bf8-096f-2b80-a6f8e26bda5c,TRUE,100,76,AT&T
DEV02773,U1382,Smartphone,Apple,iPhone 15,iOS 18.6,TRUE,773031fe-6e6c-b559-e19e-997bac76fe85,FALSE,108,41,T-Mobile
DEV02774,U1383,Smartphone,Apple,iPhone 16,iOS 26.1,TRUE,56de9a2d-4049-e3b5-c81a-661df36c437d,TRUE,138,54,T-Mobile
DEV02775,U1383,Laptop,Microsoft,Surface Laptop,Windows 11,FALSE,,,,84,
DEV02776,U1384,Smartphone,Samsung,Galaxy A56,Android 16,TRUE,dacc98fc-a608-8fe7-7da6-f0b0fdf51ccf,TRUE,122,74,Mint Mobile
DEV02777,U1384,Laptop,Dell,XPS 13,Windows 11,FALSE,,,,88,
DEV02778,U1384,Tablet,Apple,iPad Air,iPadOS 26,FALSE,,,,94,
DEV02779,U1385,Smartphone,Apple,iPhone 16,iOS 18.6,TRUE,a26ad353-9ec5-c29b-8f95-26daa00199c7,TRUE,86,33,AT&T
DEV02780,U1385,Laptop,Apple,MacBook Air,macOS 26,FALSE,,,,93,
DEV02781,U1386,Smartphone,Apple,iPhone 15,iOS 26.1,TRUE,59c59781-c456-b435-68ae-f8785800c9e9,FALSE,136,65,T-Mobile
DEV02782,U1386,Laptop,Lenovo,Yoga Slim,Windows 11,FALSE,,,,90,
DEV02783,U1386,Tablet,Apple,iPad Air,iPadOS 26,FALSE,,,,100,
DEV02784,U1387,Smartphone,Samsung,Galaxy A56,Android 15,TRUE,41f018ee-e5bf-6665-565d-1255600a6ae1,TRUE,147,47,Mint Mobile
DEV02785,U1387,Laptop,Apple,MacBook Pro,macOS 26,FALSE,,,,87,
DEV02786,U1388,Smartphone,Apple,iPhone 13,iOS 26.1,TRUE,cfa3feef-0226-028a-e7e2-e559ba195f28,FALSE,107,71,AT&T
DEV02787,U1388,Laptop,Apple,MacBook Pro,macOS 26,FALSE,,,,81,
DEV02788,U1388,Tablet,Apple,iPad Air,iPadOS 26,FALSE,,,,83,
DEV02789,U1389,Smartphone,Apple,iPhone 17,iOS 26.1,TRUE,a96e5884-c374-5087-0b25-121efe37bd50,FALSE,150,55,T-Mobile
DEV02790,U1389,Laptop,Apple,MacBook Air,macOS 26,FALSE,,,,100,
DEV02791,U1389,Tablet,Apple,iPad Pro,iPadOS 26,FALSE,,,,91,
DEV02792,U1390,Smartphone,Apple,iPhone 15,iOS 18.6,TRUE,22981ce5-eb0c-323f-3a7c-101a31d7514e,FALSE,86,61,US Cellular
DEV02793,U1390,Laptop,Apple,MacBook Pro,macOS 26,FALSE,,,,87,
DEV02794,U1391,Smartphone,Apple,iPhone 15,iOS 26.1,TRUE,f2ab0987-2394-ef25-bb2a-6c52100f200c,FALSE,68,44,Verizon
DEV02795,U1392,Smartphone,Samsung,Galaxy S25,Android 16,TRUE,926a8c76-64c0-caf7-1d3f-c289bfdf64eb,FALSE,113,66,AT&T
DEV02796,U1393,Smartphone,Apple,iPhone 17,iOS 26.1,TRUE,f2299b7a-8e09-9720-c1bb-e69ced38a883,FALSE,130,45,AT&T
DEV02797,U1393,Laptop,Microsoft,Surface Laptop,Windows 11,FALSE,,,,87,
DEV02798,U1393,Tablet,Apple,iPad,iPadOS 26,FALSE,,,,93,
DEV02799,U1394,Smartphone,Samsung,Galaxy S25,Android 15,TRUE,4be80fe2-afa7-f4e3-4bec-d10a22692422,TRUE,81,61,AT&T
DEV02800,U1394,Laptop,Apple,MacBook Air,macOS 26,FALSE,,,,96,
DEV02801,U1395,Smartphone,Samsung,Galaxy S23,Android 16,TRUE,fdd3af87-b624-6673-aa3e-b38352e569fd,TRUE,169,84,Visible
DEV02802,U1395,Laptop,Apple,MacBook Pro,macOS 26,FALSE,,,,88,
DEV02803,U1396,Smartphone,Apple,iPhone 14,iOS 26.1,TRUE,68b48036-d3e6-1e81-ee56-a724e3a743f9,TRUE,171,69,AT&T
DEV02804,U1396,Laptop,Dell,XPS 13,Windows 11,FALSE,,,,97,
DEV02805,U1397,Smartphone,Apple,iPhone 15,iOS 26.1,TRUE,0d1f0cab-f2fe-ef9b-4d6c-8a6281f7ea5f,TRUE,141,64,Cricket
DEV02806,U1397,Laptop,Lenovo,Yoga Slim,Windows 11,FALSE,,,,100,
DEV02807,U1397,Tablet,Apple,iPad Air,iPadOS 26,FALSE,,,,78,
DEV02808,U1398,Smartphone,Apple,iPhone Air,iOS 26.1,TRUE,a950b3c8-c8a5-307e-d73c-9b622d308449,TRUE,72,63,Mint Mobile
DEV02809,U1398,Laptop,Apple,MacBook Air,macOS 26,FALSE,,,,87,
DEV02810,U1399,Smartphone,Apple,iPhone 14,iOS 26.1,TRUE,97265176-4ebc-919b-b218-915f7aa196c8,FALSE,124,79,Verizon
DEV02811,U1399,Laptop,Apple,MacBook Air,macOS 26,FALSE,,,,100,
DEV02812,U1400,Smartphone,Apple,iPhone 15,iOS 26.1,TRUE,894e7a18-0781-abb0-70e4-edcadc0dbf64,FALSE,121,37,T-Mobile
DEV02813,U1401,Smartphone,Apple,iPhone 14,iOS 18.6,TRUE,a43f4de0-b66c-fb1e-1b2b-bc6db48cc9f1,FALSE,122,69,Verizon
DEV02814,U1401,Laptop,Microsoft,Surface Laptop,Windows 11,FALSE,,,,83,
DEV02815,U1402,Smartphone,Apple,iPhone 13,iOS 26.1,TRUE,0603831a-7403-afbe-b5cb-2bcab590168c,FALSE,156,59,T-Mobile
DEV02816,U1402,Laptop,Apple,MacBook Air,macOS 26,FALSE,,,,89,
DEV02817,U1402,Tablet,Samsung,Galaxy Tab S9,Android 16,FALSE,,,,90,
DEV02818,U1403,Smartphone,Apple,iPhone 17,iOS 26.1,TRUE,d2342ff3-1dfb-37c7-1db4-e42e6714e71e,FALSE,106,68,Visible
DEV02819,U1403,Laptop,Lenovo,Yoga Slim,Windows 11,FALSE,,,,80,
DEV02820,U1404,Smartphone,Apple,iPhone 16,iOS 18.6,TRUE,f1d3e662-ca04-61a2-939e-8c63636bf0a0,FALSE,72,57,Verizon
DEV02821,U1404,Laptop,Apple,MacBook Air,macOS 26,FALSE,,,,89,
DEV02822,U1405,Smartphone,Google,Pixel 9,Android 15,TRUE,59bfa8b3-9ab6-18d6-3355-36acccc2f753,TRUE,91,61,Verizon
DEV02823,U1406,Smartphone,Apple,iPhone 14,iOS 18.6,TRUE,a9ff7703-36d1-e539-6dd3-56b6724700eb,FALSE,119,69,AT&T
DEV02824,U1406,Laptop,Apple,MacBook Air,macOS 26,FALSE,,,,80,
DEV02825,U1407,Smartphone,Apple,iPhone 15,iOS 18.6,TRUE,26aa95d6-6005-b9d0-d4b2-b6ffed08b375,FALSE,141,24,Verizon
DEV02826,U1408,Smartphone,Apple,iPhone 15,iOS 18.6,TRUE,94e9bb3d-256b-7289-da91-2a1271bc0d6c,FALSE,112,82,T-Mobile
DEV02827,U1408,Laptop,Dell,XPS 13,Windows 11,FALSE,,,,82,
DEV02828,U1409,Smartphone,Apple,iPhone 14,iOS 26.1,TRUE,f916e78c-62a3-89fe-f9f4-99590b4ecaf0,FALSE,89,56,Verizon
DEV02829,U1409,Laptop,Apple,MacBook Pro,macOS 26,FALSE,,,,94,
DEV02830,U1410,Smartphone,Apple,iPhone 13,iOS 18.6,TRUE,beb779a0-04d0-7fdf-c0f6-52fff9292274,FALSE,97,55,AT&T
DEV02831,U1410,Laptop,Lenovo,Yoga Slim,Windows 11,FALSE,,,,88,
DEV02832,U1411,Smartphone,Samsung,Galaxy S25,Android 16,TRUE,2155f5e6-0a45-9402-83d2-7314fa3779ea,TRUE,148,85,T-Mobile
DEV02833,U1412,Smartphone,Apple,iPhone 17,iOS 26.1,TRUE,5d0d239b-2ff5-6e7b-7a12-243b82a66158,TRUE,135,76,AT&T
DEV02834,U1412,Laptop,Apple,MacBook Pro,macOS 26,FALSE,,,,87,
DEV02835,U1413,Smartphone,Google,Pixel 8a,Android 15,TRUE,fe7c5918-8d74-c6d6-33f5-999d9e455fb7,TRUE,63,66,T-Mobile
DEV02836,U1414,Smartphone,Apple,iPhone 13,iOS 26.1,TRUE,cdfafe42-00fe-9eb1-3fa6-cfdaf5b70fa3,FALSE,130,59,Mint Mobile
DEV02837,U1414,Laptop,Apple,MacBook Air,macOS 26,FALSE,,,,94,
DEV02838,U1415,Smartphone,Apple,iPhone 16,iOS 26.1,TRUE,40ff6d7d-faf3-7849-9b5f-c624a83c5043,TRUE,99,67,Verizon
DEV02839,U1415,Laptop,Apple,MacBook Air,macOS 26,FALSE,,,,83,
DEV02840,U1416,Smartphone,Apple,iPhone 16,iOS 18.6,TRUE,d8cea689-82ef-29e6-6b04-de7cf1994cda,FALSE,159,73,Verizon
DEV02841,U1416,Laptop,Dell,XPS 13,Windows 11,FALSE,,,,89,
DEV02842,U1416,Tablet,Samsung,Galaxy Tab S9,Android 16,FALSE,,,,89,
DEV02843,U1417,Smartphone,Google,Pixel 9,Android 15,TRUE,f432d0ec-5914-a19d-2801-cbc7261d81cf,TRUE,127,72,Mint Mobile
DEV02844,U1417,Laptop,Dell,XPS 13,Windows 11,FALSE,,,,89,
DEV02845,U1418,Smartphone,Samsung,Galaxy A56,Android 16,TRUE,5fecd0b8-5ee4-0f14-55e6-2939fddeb17d,TRUE,127,52,Verizon
DEV02846,U1419,Smartphone,Apple,iPhone 15,iOS 26.1,TRUE,01d0d671-34d2-d7d8-c94e-cff871bf873e,FALSE,93,39,Verizon
DEV02847,U1419,Laptop,Apple,MacBook Air,macOS 26,FALSE,,,,90,
DEV02848,U1420,Smartphone,Apple,iPhone 15,iOS 26.1,TRUE,20dd2be9-302b-3863-3185-c119a2e4ea59,FALSE,157,54,T-Mobile
DEV02849,U1421,Smartphone,Apple,iPhone 15,iOS 18.6,TRUE,a46a9ca4-c0c0-129e-a559-a14288137bda,FALSE,103,83,AT&T
DEV02850,U1421,Laptop,Dell,XPS 13,Windows 11,FALSE,,,,87,
DEV02851,U1421,Tablet,Apple,iPad,iPadOS 26,FALSE,,,,100,
DEV02852,U1422,Smartphone,Samsung,Galaxy A56,Android 16,TRUE,e419c440-3fbc-5ac6-5e2d-bcd21b76da43,TRUE,79,68,Verizon
DEV02853,U1422,Laptop,Apple,MacBook Pro,macOS 26,FALSE,,,,93,
DEV02854,U1422,Tablet,Apple,iPad Air,iPadOS 26,FALSE,,,,100,
DEV02855,U1423,Smartphone,Apple,iPhone 13,iOS 26.1,TRUE,0d6512f7-1337-553e-054e-2cd093d99d8b,TRUE,115,62,T-Mobile
DEV02856,U1423,Laptop,Apple,MacBook Air,macOS 26,FALSE,,,,90,
DEV02857,U1423,Tablet,Samsung,Galaxy Tab S9,Android 16,FALSE,,,,90,
DEV02858,U1424,Smartphone,Apple,iPhone 15,iOS 26.1,TRUE,33ea9e51-37da-888a-c8d6-371274880bdd,FALSE,93,46,AT&T
DEV02859,U1424,Laptop,Apple,MacBook Air,macOS 26,FALSE,,,,87,
DEV02860,U1424,Tablet,Apple,iPad,iPadOS 26,FALSE,,,,93,
DEV02861,U1425,Smartphone,Apple,iPhone 14,iOS 26.1,TRUE,414e4f01-68d2-7f44-5fa2-06c4c47267e2,TRUE,95,75,Verizon
DEV02862,U1425,Laptop,Apple,MacBook Pro,macOS 26,FALSE,,,,75,
DEV02863,U1426,Smartphone,Samsung,Galaxy A56,Android 16,TRUE,4f2e02d0-d196-87f7-13bb-b6e59e20e06e,TRUE,65,61,US Cellular
DEV02864,U1426,Laptop,Apple,MacBook Air,macOS 26,FALSE,,,,95,
DEV02865,U1427,Smartphone,Apple,iPhone 15,iOS 18.6,TRUE,e0018a1e-dc53-6e95-6917-95aa48f76d93,FALSE,113,42,AT&T
DEV02866,U1427,Laptop,Apple,MacBook Pro,macOS 26,FALSE,,,,88,
DEV02867,U1428,Smartphone,Apple,iPhone 16,iOS 26.1,TRUE,8408f946-2030-7668-af12-0c747d2445df,FALSE,132,73,AT&T
DEV02868,U1428,Laptop,Apple,MacBook Air,macOS 26,FALSE,,,,95,
DEV02869,U1428,Tablet,Apple,iPad,iPadOS 26,FALSE,,,,100,
DEV02870,U1429,Smartphone,Apple,iPhone 15,iOS 26.1,TRUE,4e982ad0-2299-790a-9393-57a7e419c080,FALSE,81,75,Verizon
DEV02871,U1429,Laptop,Microsoft,Surface Laptop,Windows 11,FALSE,,,,83,
DEV02872,U1430,Smartphone,Apple,iPhone 17,iOS 26.1,TRUE,ebdae5b1-d36a-f814-7c63-dc440d5371cb,TRUE,145,55,Visible
DEV02873,U1430,Laptop,Lenovo,Yoga Slim,Windows 11,FALSE,,,,95,
DEV02874,U1430,Tablet,Samsung,Galaxy Tab S9,Android 16,FALSE,,,,84,
DEV02875,U1431,Smartphone,Samsung,Galaxy S24,Android 15,TRUE,7c1040b6-e1ba-9823-2a21-52de2faf21df,TRUE,113,64,Verizon
DEV02876,U1431,Tablet,Apple,iPad Air,iPadOS 26,FALSE,,,,99,
DEV02877,U1432,Smartphone,Samsung,Galaxy A56,Android 15,TRUE,e5643a56-3628-762a-8801-28cba76ce28b,TRUE,118,61,Visible
DEV02878,U1432,Laptop,Apple,MacBook Air,macOS 26,FALSE,,,,82,
DEV02879,U1432,Tablet,Apple,iPad,iPadOS 26,FALSE,,,,78,
DEV02880,U1433,Smartphone,Apple,iPhone 16,iOS 26.1,TRUE,cc826464-8045-7d87-bd88-1db88bb6e8d1,FALSE,115,44,Verizon
DEV02881,U1433,Laptop,Dell,XPS 13,Windows 11,FALSE,,,,85,
DEV02882,U1434,Smartphone,Apple,iPhone 14,iOS 26.1,TRUE,8764c84f-4004-612d-6c0c-cdf21a7ad88f,FALSE,143,78,Cricket
DEV02883,U1434,Laptop,Apple,MacBook Air,macOS 26,FALSE,,,,87,
DEV02884,U1435,Smartphone,Apple,iPhone 15,iOS 26.1,TRUE,361e72bd-e67c-efd4-f621-41dbd2f93966,FALSE,111,62,Mint Mobile
DEV02885,U1435,Laptop,Apple,MacBook Air,macOS 26,FALSE,,,,69,
DEV02886,U1436,Smartphone,Apple,iPhone 15,iOS 26.1,TRUE,1e60a23e-444a-9ccb-7ac0-f59138e93139,FALSE,131,64,AT&T
DEV02887,U1436,Laptop,Dell,XPS 13,Windows 11,FALSE,,,,100,
DEV02888,U1437,Smartphone,Google,Pixel 9,Android 16,TRUE,1a7d38bf-57ba-9f90-d310-e037eb2b0eec,TRUE,119,71,T-Mobile
DEV02889,U1437,Laptop,Apple,MacBook Air,macOS 26,FALSE,,,,92,
DEV02890,U1438,Smartphone,Apple,iPhone Air,iOS 18.6,TRUE,656f578b-a2d8-db11-bef6-98a0dcf0e31a,FALSE,107,56,Verizon
DEV02891,U1439,Smartphone,Apple,iPhone 16,iOS 26.1,TRUE,87bf0786-c799-8dca-f006-c2a59a2fed9c,FALSE,109,64,AT&T
DEV02892,U1439,Laptop,Apple,MacBook Air,macOS 26,FALSE,,,,92,
DEV02893,U1439,Tablet,Apple,iPad,iPadOS 26,FALSE,,,,87,
DEV02894,U1440,Smartphone,Apple,iPhone 13,iOS 26.1,TRUE,f42087ec-34c4-29ce-86be-a94be2d806fc,FALSE,162,76,T-Mobile
DEV02895,U1440,Laptop,Apple,MacBook Air,macOS 26,FALSE,,,,95,
DEV02896,U1441,Smartphone,Apple,iPhone 17,iOS 26.1,TRUE,8f143683-5b42-e326-0ddd-2af0fe4aa4f7,TRUE,146,42,Verizon
DEV02897,U1442,Smartphone,Samsung,Galaxy S23,Android 15,TRUE,d4322dc4-e61c-0d7d-50a0-80e0d7b1f0bb,TRUE,64,54,T-Mobile
DEV02898,U1442,Laptop,Apple,MacBook Air,macOS 26,FALSE,,,,98,
DEV02899,U1443,Smartphone,Apple,iPhone 14,iOS 18.6,TRUE,80f11a5e-e999-b918-0807-2bc9011105be,FALSE,83,46,T-Mobile
DEV02900,U1443,Laptop,Apple,MacBook Air,macOS 26,FALSE,,,,84,
DEV02901,U1443,Tablet,Apple,iPad Pro,iPadOS 26,FALSE,,,,75,
DEV02902,U1444,Smartphone,Apple,iPhone 15,iOS 18.6,TRUE,44164db9-6253-d41a-e322-c226a7edc29d,FALSE,134,44,T-Mobile
DEV02903,U1444,Laptop,Apple,MacBook Air,macOS 26,FALSE,,,,100,
DEV02904,U1445,Smartphone,Apple,iPhone 15,iOS 18.6,TRUE,e8b73e07-94e5-0399-ae0c-e271df867964,FALSE,139,38,AT&T
DEV02905,U1445,Laptop,Apple,MacBook Air,macOS 26,FALSE,,,,99,
DEV02906,U1445,Tablet,Apple,iPad Air,iPadOS 26,FALSE,,,,82,
DEV02907,U1446,Smartphone,Apple,iPhone 13,iOS 26.1,TRUE,266bd4ca-3ce2-a9d1-e05e-5ab12760664b,FALSE,161,75,Cricket
DEV02908,U1446,Laptop,Apple,MacBook Air,macOS 26,FALSE,,,,83,
DEV02909,U1446,Tablet,Samsung,Galaxy Tab S9,Android 16,FALSE,,,,97,
DEV02910,U1447,Smartphone,Apple,iPhone 16,iOS 26.1,TRUE,b878a2b1-75c6-255f-cde3-3148e63a5758,FALSE,174,65,Verizon
DEV02911,U1447,Laptop,Apple,MacBook Air,macOS 26,FALSE,,,,100,
DEV02912,U1448,Smartphone,Apple,iPhone 16,iOS 26.1,TRUE,67aea2ad-0507-6af0-3e2b-062913e57913,TRUE,86,54,T-Mobile
DEV02913,U1448,Laptop,Apple,MacBook Air,macOS 26,FALSE,,,,84,
DEV02914,U1449,Smartphone,Apple,iPhone 14,iOS 26.1,TRUE,796eab32-ed3d-b43e-b621-e6f53cb1f586,FALSE,127,50,AT&T
DEV02915,U1449,Laptop,Apple,MacBook Air,macOS 26,FALSE,,,,83,
DEV02916,U1450,Smartphone,Apple,iPhone 15,iOS 18.6,TRUE,b204969c-fb29-dfed-f49c-591b06f51ff3,FALSE,98,73,AT&T
DEV02917,U1450,Laptop,HP,Spectre x360,Windows 11,FALSE,,,,84,
DEV02918,U1451,Smartphone,Google,Pixel 9,Android 16,TRUE,85c85f47-1870-9138-290f-36ccafe7e554,TRUE,86,62,Verizon
DEV02919,U1452,Smartphone,Apple,iPhone 15,iOS 18.6,TRUE,162e705a-587f-1be1-7d46-9f3c89eeb536,FALSE,80,66,Verizon
DEV02920,U1453,Smartphone,Apple,iPhone 14,iOS 26.1,TRUE,7aff9d7c-b66c-b23f-6b06-2857a76cab53,FALSE,103,62,Mint Mobile
DEV02921,U1453,Laptop,Lenovo,Yoga Slim,Windows 11,FALSE,,,,100,
DEV02922,U1454,Smartphone,Apple,iPhone 15,iOS 26.1,TRUE,e675bc85-221c-80a4-9482-d41e1abbbf57,FALSE,181,51,Mint Mobile
DEV02923,U1454,Laptop,HP,Spectre x360,Windows 11,FALSE,,,,94,
DEV02924,U1455,Smartphone,Samsung,Galaxy A56,Android 16,TRUE,66cd6219-debe-6107-90d3-5d6b7d1c9848,FALSE,71,85,Verizon
DEV02925,U1455,Laptop,Apple,MacBook Pro,macOS 26,FALSE,,,,70,
DEV02926,U1455,Tablet,Samsung,Galaxy Tab S9,Android 16,FALSE,,,,100,
DEV02927,U1456,Smartphone,Apple,iPhone 15,iOS 26.1,TRUE,ab05f73a-3aef-d350-69ea-5353f8e08f5f,FALSE,144,68,T-Mobile
DEV02928,U1456,Laptop,Apple,MacBook Pro,macOS 26,FALSE,,,,83,
DEV02929,U1457,Smartphone,Apple,iPhone 15,iOS 26.1,TRUE,660e8001-6400-bf3e-1dfc-370460fe17c1,FALSE,139,80,T-Mobile
DEV02930,U1457,Laptop,Dell,XPS 13,Windows 11,FALSE,,,,98,
DEV02931,U1458,Smartphone,Apple,iPhone 14,iOS 26.1,TRUE,0a4152fd-8d2e-8ea2-673c-1265945cfeb4,FALSE,44,39,Cricket
DEV02932,U1458,Laptop,Apple,MacBook Pro,macOS 26,FALSE,,,,79,
DEV02933,U1459,Smartphone,Apple,iPhone 14,iOS 18.6,TRUE,8f5a3f36-c730-fb49-000e-be91716a2d9b,TRUE,67,69,AT&T
DEV02934,U1459,Laptop,Apple,MacBook Air,macOS 26,FALSE,,,,92,
DEV02935,U1460,Smartphone,Apple,iPhone 14,iOS 26.1,TRUE,6a801f77-51c5-1dac-0193-1f0423e4a600,TRUE,20,72,AT&T
DEV02936,U1460,Laptop,Apple,MacBook Pro,macOS 26,FALSE,,,,94,
DEV02937,U1461,Smartphone,Apple,iPhone Air,iOS 26.1,TRUE,5944c4ef-2e7b-4065-76da-192e855b5754,TRUE,112,62,Verizon
DEV02938,U1461,Laptop,Apple,MacBook Pro,macOS 26,FALSE,,,,80,
DEV02939,U1462,Smartphone,Apple,iPhone 13,iOS 26.1,TRUE,d790141a-343b-e45b-afa9-316b4d3fbc2d,FALSE,188,79,Verizon
DEV02940,U1462,Laptop,Apple,MacBook Pro,macOS 26,FALSE,,,,83,
DEV02941,U1463,Smartphone,Apple,iPhone 15,iOS 18.6,TRUE,4561537c-227e-5906-3c4f-ad17db3962cc,FALSE,99,52,AT&T
DEV02942,U1463,Laptop,Apple,MacBook Air,macOS 26,FALSE,,,,95,
DEV02943,U1464,Smartphone,Apple,iPhone 15,iOS 26.1,TRUE,df9471c3-c986-2f1f-e895-578af1b4ded5,FALSE,46,43,Verizon
DEV02944,U1465,Smartphone,Samsung,Galaxy A56,Android 16,TRUE,f1240dec-e385-dbe0-0c07-8d0163b3ed28,TRUE,83,45,T-Mobile
DEV02945,U1465,Laptop,Apple,MacBook Pro,macOS 26,FALSE,,,,92,
DEV02946,U1466,Smartphone,Apple,iPhone 14,iOS 26.1,TRUE,1dc912b4-a850-611d-c913-f50951de1e74,TRUE,73,56,Visible
DEV02947,U1466,Laptop,Apple,MacBook Pro,macOS 26,FALSE,,,,88,
DEV02948,U1467,Smartphone,Apple,iPhone 15,iOS 18.6,TRUE,078d01a6-7ba0-94d3-b499-98b6ebb7eb06,TRUE,133,55,T-Mobile
DEV02949,U1467,Tablet,Apple,iPad Pro,iPadOS 26,FALSE,,,,92,
DEV02950,U1468,Smartphone,Apple,iPhone 14,iOS 26.1,TRUE,24c7f150-1abf-e109-5353-5ea1a1da1db8,TRUE,53,74,Verizon
DEV02951,U1468,Laptop,Lenovo,Yoga Slim,Windows 11,FALSE,,,,90,
DEV02952,U1469,Smartphone,Google,Pixel 10,Android 15,TRUE,17c495f8-811b-a441-2900-d21ac01422a4,TRUE,146,53,Mint Mobile
DEV02953,U1469,Laptop,Apple,MacBook Air,macOS 26,FALSE,,,,84,
DEV02954,U1469,Tablet,Samsung,Galaxy Tab S9,Android 16,FALSE,,,,84,
DEV02955,U1470,Smartphone,Apple,iPhone 13,iOS 26.1,TRUE,badd05ab-5899-a3a3-7166-d9efb8479068,TRUE,95,77,T-Mobile
DEV02956,U1470,Laptop,Apple,MacBook Air,macOS 26,FALSE,,,,93,
DEV02957,U1470,Tablet,Samsung,Galaxy Tab S9,Android 16,FALSE,,,,97,
DEV02958,U1471,Smartphone,Apple,iPhone Air,iOS 26.1,TRUE,3d1ae18c-888b-4369-9444-8c87981cd3a7,FALSE,150,58,Verizon
DEV02959,U1471,Laptop,Apple,MacBook Air,macOS 26,FALSE,,,,84,
DEV02960,U1472,Smartphone,Apple,iPhone 15,iOS 26.1,TRUE,1b4a82e2-29f6-562d-acaa-08de17661466,FALSE,108,53,T-Mobile
DEV02961,U1472,Laptop,Apple,MacBook Air,macOS 26,FALSE,,,,90,
DEV02962,U1473,Smartphone,Apple,iPhone 14,iOS 26.1,TRUE,51cfb96a-8f91-9291-1eac-0a3df642e536,FALSE,119,55,T-Mobile
DEV02963,U1473,Laptop,Apple,MacBook Air,macOS 26,FALSE,,,,83,
DEV02964,U1474,Smartphone,Apple,iPhone 15,iOS 26.1,TRUE,b9a08f7a-2d98-3171-13f6-d74fad3fa940,FALSE,162,59,Verizon
DEV02965,U1475,Smartphone,Google,Pixel 10,Android 16,TRUE,b6b8c67f-3ed6-a8d2-3f28-468ddad6e426,TRUE,152,66,Verizon
DEV02966,U1475,Tablet,Apple,iPad Pro,iPadOS 26,FALSE,,,,98,
DEV02967,U1476,Smartphone,Apple,iPhone 15,iOS 18.6,TRUE,f90552be-8f03-af50-2822-98424562596e,TRUE,110,81,Verizon
DEV02968,U1476,Laptop,Apple,MacBook Air,macOS 26,FALSE,,,,86,
DEV02969,U1477,Smartphone,Apple,iPhone 14,iOS 26.1,TRUE,fd487f21-3d03-2ecf-4762-c91ae0d233e4,FALSE,124,55,T-Mobile
DEV02970,U1477,Laptop,Dell,XPS 13,Windows 11,FALSE,,,,73,
DEV02971,U1478,Smartphone,Samsung,Galaxy A56,Android 16,TRUE,827da9e1-b558-3831-c48e-c61bda364037,TRUE,128,78,AT&T
DEV02972,U1478,Laptop,Apple,MacBook Air,macOS 26,FALSE,,,,85,
DEV02973,U1478,Tablet,Samsung,Galaxy Tab S9,Android 16,FALSE,,,,81,
DEV02974,U1479,Smartphone,Apple,iPhone 15,iOS 26.1,TRUE,22950c4a-885f-8487-56b5-594d72f8cbd6,FALSE,143,67,Cricket
DEV02975,U1479,Laptop,Apple,MacBook Air,macOS 26,FALSE,,,,90,
DEV02976,U1480,Smartphone,Apple,iPhone 17,iOS 26.1,TRUE,dc35835c-8f93-d087-9c28-82b742457f66,FALSE,90,57,T-Mobile
DEV02977,U1480,Laptop,Apple,MacBook Pro,macOS 26,FALSE,,,,86,
DEV02978,U1481,Smartphone,Google,Pixel 9,Android 16,TRUE,8f7397dd-7cf1-aca7-4091-7e7db387f79d,TRUE,122,50,T-Mobile
DEV02979,U1481,Laptop,Apple,MacBook Pro,macOS 26,FALSE,,,,80,
DEV02980,U1482,Smartphone,Apple,iPhone 14,iOS 26.1,TRUE,c1076140-09c2-24a2-8bfa-c2c0ae8ca4e8,FALSE,114,51,Verizon
DEV02981,U1482,Laptop,Apple,MacBook Air,macOS 26,FALSE,,,,87,
DEV02982,U1482,Tablet,Apple,iPad,iPadOS 26,FALSE,,,,74,
DEV02983,U1483,Smartphone,Apple,iPhone 14,iOS 26.1,TRUE,d89ea8f7-b3b2-c1c7-20a1-73218f14cdb6,FALSE,142,57,T-Mobile
DEV02984,U1483,Laptop,Apple,MacBook Air,macOS 26,FALSE,,,,94,
DEV02985,U1484,Smartphone,Apple,iPhone 13,iOS 26.1,TRUE,d1fa9d9e-e1bb-7fe8-721d-dc4dc26b9419,FALSE,190,75,AT&T
DEV02986,U1484,Laptop,Apple,MacBook Air,macOS 26,FALSE,,,,99,
DEV02987,U1485,Smartphone,Apple,iPhone 15,iOS 26.1,TRUE,cd26ba64-bf5f-a0c0-923c-2fd79de03882,FALSE,123,63,Verizon
DEV02988,U1485,Laptop,Apple,MacBook Pro,macOS 26,FALSE,,,,89,
DEV02989,U1485,Tablet,Samsung,Galaxy Tab S9,Android 16,FALSE,,,,95,
DEV02990,U1486,Smartphone,Apple,iPhone 15,iOS 18.6,TRUE,2fe90294-8068-4167-589e-7f6514d58bca,FALSE,110,59,AT&T
DEV02991,U1486,Laptop,Apple,MacBook Pro,macOS 26,FALSE,,,,100,
DEV02992,U1487,Smartphone,Apple,iPhone 15,iOS 26.1,TRUE,d96f0d22-25aa-e570-cae5-b39d7ef629e4,TRUE,102,64,AT&T
DEV02993,U1488,Smartphone,Google,Pixel 10,Android 16,TRUE,d870c561-3310-7147-6e2f-23b8f92a8e9d,FALSE,83,58,T-Mobile
DEV02994,U1489,Smartphone,Apple,iPhone 16,iOS 26.1,TRUE,39b212db-64c5-93f4-4595-14045b514a87,FALSE,116,70,Visible
DEV02995,U1490,Smartphone,Google,Pixel 10,Android 16,TRUE,6f8b124a-dc23-363a-f484-d7accee95a33,TRUE,168,57,T-Mobile
DEV02996,U1490,Laptop,Apple,MacBook Pro,macOS 26,FALSE,,,,86,
DEV02997,U1491,Smartphone,Apple,iPhone 15,iOS 26.1,TRUE,4fc81d2a-d6c8-1893-db3f-50e0ae4e7a01,TRUE,176,56,T-Mobile
DEV02998,U1491,Laptop,Apple,MacBook Pro,macOS 26,FALSE,,,,90,
DEV02999,U1491,Tablet,Apple,iPad,iPadOS 26,FALSE,,,,88,
DEV03000,U1492,Smartphone,Apple,iPhone Air,iOS 26.1,TRUE,791a0108-9666-7391-55b7-cd739aa7dcb5,FALSE,116,59,T-Mobile
DEV03001,U1492,Laptop,Apple,MacBook Air,macOS 26,FALSE,,,,81,
DEV03002,U1492,Tablet,Samsung,Galaxy Tab S9,Android 16,FALSE,,,,91,
DEV03003,U1493,Smartphone,Samsung,Galaxy S24,Android 15,TRUE,0d7a30c2-2875-61cf-7931-904fd7170361,TRUE,143,57,AT&T
DEV03004,U1494,Smartphone,Apple,iPhone 17,iOS 26.1,TRUE,fe8eab3a-0afc-61ed-e460-ba37eb019570,FALSE,86,60,Verizon
DEV03005,U1494,Laptop,Lenovo,Yoga Slim,Windows 11,FALSE,,,,100,
DEV03006,U1495,Smartphone,Apple,iPhone 14,iOS 26.1,TRUE,8e22d2a6-a7c7-84df-bb1e-13b67f5777be,FALSE,163,64,Verizon
DEV03007,U1495,Laptop,HP,Spectre x360,Windows 11,FALSE,,,,91,
DEV03008,U1496,Smartphone,Apple,iPhone 16,iOS 26.1,TRUE,f77676fe-6360-0057-1398-67d3ca5836bf,TRUE,127,59,Verizon
DEV03009,U1496,Tablet,Samsung,Galaxy Tab S9,Android 16,FALSE,,,,87,
DEV03010,U1497,Smartphone,Apple,iPhone 16,iOS 26.1,TRUE,9a5590da-0450-da2f-d1ad-1a30bd25a53d,FALSE,143,49,Verizon
DEV03011,U1497,Laptop,Apple,MacBook Pro,macOS 26,FALSE,,,,76,
DEV03012,U1498,Smartphone,Apple,iPhone Air,iOS 18.6,TRUE,28ab4cb2-ed0c-bc68-2bf3-659769367d56,FALSE,120,80,Verizon
DEV03013,U1498,Tablet,Apple,iPad Pro,iPadOS 26,FALSE,,,,100,
DEV03014,U1499,Smartphone,Apple,iPhone 15,iOS 26.1,TRUE,79551661-9e35-7c92-b66d-4cb3769528a3,FALSE,87,63,Visible
DEV03015,U1499,Laptop,HP,Spectre x360,Windows 11,FALSE,,,,81,
DEV03016,U1500,Smartphone,Google,Pixel 9,Android 15,TRUE,623d18dc-9b03-9f9e-8088-2a86235a0f08,TRUE,137,48,Verizon
DEV03017,U1501,Smartphone,Apple,iPhone 16,iOS 18.6,TRUE,62a423b1-3b04-397e-3c0e-16f118d21388,FALSE,84,49,Verizon
DEV03018,U1502,Smartphone,Apple,iPhone 15,iOS 26.1,TRUE,a1f73775-c1ff-e321-0913-f740e3bf8528,FALSE,147,52,AT&T
DEV03019,U1502,Laptop,HP,Spectre x360,Windows 11,FALSE,,,,81,
DEV03020,U1503,Smartphone,Apple,iPhone 16,iOS 26.1,TRUE,08f7c674-2f9c-5350-b3da-4f8c6b5c1740,TRUE,110,78,Verizon
DEV03021,U1503,Laptop,Apple,MacBook Air,macOS 26,FALSE,,,,82,
DEV03022,U1504,Smartphone,Samsung,Galaxy S25,Android 15,TRUE,8b4c4e9e-81cc-7ec3-e2d9-b3da07939b9b,TRUE,117,58,Verizon
DEV03023,U1504,Laptop,Apple,MacBook Pro,macOS 26,FALSE,,,,80,
DEV03024,U1504,Tablet,Samsung,Galaxy Tab S9,Android 16,FALSE,,,,93,
DEV03025,U1505,Smartphone,Apple,iPhone 14,iOS 26.1,TRUE,21425bc5-2c42-13f1-b6df-ecb8c3d2920c,TRUE,70,67,Mint Mobile
DEV03026,U1505,Laptop,Apple,MacBook Air,macOS 26,FALSE,,,,96,
DEV03027,U1506,Smartphone,Apple,iPhone 15,iOS 26.1,TRUE,cd384f8d-d1c2-e66e-adec-ba9ec3ae9581,TRUE,99,52,AT&T
DEV03028,U1507,Smartphone,Apple,iPhone 15,iOS 26.1,TRUE,c49afcd3-edb0-da63-da33-8b66adcead1f,FALSE,123,72,AT&T
DEV03029,U1507,Tablet,Samsung,Galaxy Tab S9,Android 16,FALSE,,,,83,
DEV03030,U1508,Smartphone,Apple,iPhone Air,iOS 26.1,TRUE,056323f5-bc38-37db-b2d5-3722fb2f49b6,TRUE,125,50,Verizon
DEV03031,U1508,Laptop,Apple,MacBook Air,macOS 26,FALSE,,,,94,
DEV03032,U1509,Smartphone,Google,Pixel 10,Android 16,TRUE,a7d06596-406b-067c-eafb-cb0c86287808,FALSE,126,60,AT&T
DEV03033,U1509,Laptop,Apple,MacBook Air,macOS 26,FALSE,,,,96,
DEV03034,U1510,Smartphone,Apple,iPhone 15,iOS 26.1,TRUE,055d776f-6a59-0451-96ae-ca6dd07aff2d,TRUE,131,85,T-Mobile
DEV03035,U1510,Laptop,Lenovo,Gaming Laptop,Windows 11,FALSE,,,,91,
DEV03036,U1511,Smartphone,Apple,iPhone 17,iOS 26.1,TRUE,4e2c2899-0e45-c588-96fd-122894885837,FALSE,119,66,AT&T
DEV03037,U1511,Laptop,Apple,MacBook Air,macOS 26,FALSE,,,,70,
DEV03038,U1512,Smartphone,Apple,iPhone 16,iOS 26.1,TRUE,ce7b5528-7d85-fdf1-263c-d1ccb7698e23,FALSE,116,69,T-Mobile
DEV03039,U1512,Laptop,Apple,MacBook Pro,macOS 26,FALSE,,,,96,
DEV03040,U1513,Smartphone,Apple,iPhone 15,iOS 18.6,TRUE,d30f8bdb-234c-f9f3-6927-43a8dc3c33cd,FALSE,131,62,Verizon
DEV03041,U1513,Laptop,Apple,MacBook Air,macOS 26,FALSE,,,,86,
DEV03042,U1514,Smartphone,Apple,iPhone 13,iOS 26.1,TRUE,b16aeac6-3fb3-3302-c6d6-c97be044337a,FALSE,154,54,Verizon
DEV03043,U1514,Laptop,Apple,MacBook Air,macOS 26,FALSE,,,,89,
DEV03044,U1515,Smartphone,Apple,iPhone Air,iOS 26.1,TRUE,0af91e56-64be-6c2a-c2a3-91b932405045,TRUE,127,75,Verizon
DEV03045,U1515,Laptop,Dell,XPS 13,Windows 11,FALSE,,,,81,
DEV03046,U1516,Smartphone,Apple,iPhone 15,iOS 26.1,TRUE,d507eb7b-0699-f736-ff90-95a24ff9542a,FALSE,157,46,Verizon
DEV03047,U1516,Laptop,Lenovo,Yoga Slim,Windows 11,FALSE,,,,93,
DEV03048,U1517,Smartphone,Samsung,Galaxy A56,Android 16,TRUE,3da3f507-2cb8-8da4-5a9d-0184eddaeb0e,TRUE,134,51,T-Mobile
DEV03049,U1517,Laptop,Apple,MacBook Air,macOS 26,FALSE,,,,88,
DEV03050,U1518,Smartphone,Apple,iPhone 15,iOS 26.1,TRUE,4b8bbe7f-27b3-4ab3-5180-869e1d2ece44,FALSE,85,64,T-Mobile
DEV03051,U1518,Laptop,Apple,MacBook Air,macOS 26,FALSE,,,,97,
DEV03052,U1519,Smartphone,Apple,iPhone 16,iOS 26.1,TRUE,f72d3235-2120-fb54-78a4-5f073a112393,TRUE,108,76,Verizon
DEV03053,U1519,Tablet,Apple,iPad Pro,iPadOS 26,FALSE,,,,94,
DEV03054,U1520,Smartphone,Apple,iPhone 15,iOS 26.1,TRUE,738beabc-93a6-daa7-ac05-2fc15e468455,FALSE,164,43,AT&T
DEV03055,U1520,Laptop,Apple,MacBook Pro,macOS 26,FALSE,,,,94,
DEV03056,U1520,Tablet,Apple,iPad,iPadOS 26,FALSE,,,,81,
DEV03057,U1521,Smartphone,Apple,iPhone 16,iOS 18.6,TRUE,0b06fee6-46a7-b020-6c7b-810060b9f638,FALSE,79,59,T-Mobile
DEV03058,U1522,Smartphone,Apple,iPhone 13,iOS 26.1,TRUE,848cfd19-dc41-ba31-2a6c-1a6bd3cb1d9b,FALSE,178,65,Verizon
DEV03059,U1522,Laptop,Dell,XPS 13,Windows 11,FALSE,,,,83,
DEV03060,U1522,Tablet,Samsung,Galaxy Tab S9,Android 16,FALSE,,,,86,
DEV03061,U1523,Smartphone,Apple,iPhone 15,iOS 18.6,TRUE,56ac4fd3-2f7a-8a59-a12d-6a4e435ffb4e,TRUE,148,67,AT&T
DEV03062,U1523,Laptop,Apple,MacBook Air,macOS 26,FALSE,,,,97,
DEV03063,U1524,Smartphone,Apple,iPhone 14,iOS 26.1,TRUE,ae3c62ec-828c-9b97-c069-ac6c48dc554c,TRUE,106,63,T-Mobile
DEV03064,U1524,Laptop,Lenovo,Yoga Slim,Windows 11,FALSE,,,,92,
DEV03065,U1525,Smartphone,Apple,iPhone 13,iOS 18.6,TRUE,ec9558e1-54a4-6799-3ebd-d1fb20abe896,TRUE,60,57,Verizon
DEV03066,U1525,Laptop,Lenovo,Yoga Slim,Windows 11,FALSE,,,,86,
DEV03067,U1525,Tablet,Apple,iPad,iPadOS 26,FALSE,,,,100,
DEV03068,U1526,Smartphone,Apple,iPhone 14,iOS 26.1,TRUE,57c961fa-f311-15a2-9bf6-ca071c4394b5,FALSE,156,65,AT&T
DEV03069,U1526,Laptop,Apple,MacBook Air,macOS 26,FALSE,,,,85,
DEV03070,U1527,Smartphone,Google,Pixel 8a,Android 16,TRUE,32376455-e8d3-9b9a-30f0-09093907d816,TRUE,77,74,AT&T
DEV03071,U1528,Smartphone,Apple,iPhone 16,iOS 26.1,TRUE,044e6f99-d10e-745c-21d8-2e8dc6d982ff,FALSE,76,74,T-Mobile
DEV03072,U1528,Laptop,Lenovo,Yoga Slim,Windows 11,FALSE,,,,85,
DEV03073,U1529,Smartphone,Apple,iPhone 16,iOS 26.1,TRUE,cbaec148-63ee-79a8-edcb-211ebacee848,TRUE,144,75,AT&T
DEV03074,U1529,Laptop,Lenovo,Yoga Slim,Windows 11,FALSE,,,,80,
DEV03075,U1530,Smartphone,Apple,iPhone 13,iOS 18.6,TRUE,ae95ed7d-4f3a-9662-4b32-e7e3183990a7,TRUE,91,83,Verizon
DEV03076,U1530,Laptop,Apple,MacBook Air,macOS 26,FALSE,,,,86,
DEV03077,U1531,Smartphone,Samsung,Galaxy S25,Android 16,TRUE,7e0d3125-32aa-aab4-df3c-77af08d08b31,TRUE,174,46,AT&T
DEV03078,U1531,Laptop,Apple,MacBook Air,macOS 26,FALSE,,,,91,
DEV03079,U1531,Tablet,Apple,iPad Air,iPadOS 26,FALSE,,,,82,
DEV03080,U1532,Smartphone,Apple,iPhone 16,iOS 26.1,TRUE,d804624a-5de0-3088-d9a5-a24880ab1060,FALSE,143,90,AT&T
DEV03081,U1533,Smartphone,Apple,iPhone 15,iOS 26.1,TRUE,173950d1-dc16-7137-6d33-43aaa75a4882,FALSE,119,59,T-Mobile
DEV03082,U1533,Laptop,Apple,MacBook Pro,macOS 26,FALSE,,,,75,
DEV03083,U1533,Tablet,Apple,iPad,iPadOS 26,FALSE,,,,89,
DEV03084,U1534,Smartphone,Apple,iPhone 16,iOS 26.1,TRUE,2d00d82f-5bab-6531-3fdd-dc7370699ba2,FALSE,186,60,Verizon
DEV03085,U1534,Laptop,Apple,MacBook Pro,macOS 26,FALSE,,,,82,
DEV03086,U1534,Tablet,Apple,iPad Air,iPadOS 26,FALSE,,,,79,
DEV03087,U1535,Smartphone,Samsung,Galaxy S25,Android 15,TRUE,2678871e-0eda-db85-fbe8-d84e5eaa1179,TRUE,77,47,T-Mobile
DEV03088,U1535,Laptop,Apple,MacBook Air,macOS 26,FALSE,,,,93,
DEV03089,U1536,Smartphone,Apple,iPhone 15,iOS 26.1,TRUE,55eee53e-fa2f-df51-deef-894965835892,FALSE,132,72,Verizon
DEV03090,U1536,Laptop,Lenovo,Yoga Slim,Windows 11,FALSE,,,,82,
DEV03091,U1537,Smartphone,Google,Pixel 10,Android 15,TRUE,2bf331e4-5436-aead-f421-a1c60cbab46f,TRUE,110,61,T-Mobile
DEV03092,U1537,Laptop,Dell,XPS 13,Windows 11,FALSE,,,,85,
DEV03093,U1537,Tablet,Apple,iPad Air,iPadOS 26,FALSE,,,,87,
DEV03094,U1538,Smartphone,Apple,iPhone 14,iOS 26.1,TRUE,47a0ea42-742b-5d24-18d4-e0bca1d6e0d0,FALSE,176,64,Verizon
DEV03095,U1538,Laptop,Apple,MacBook Air,macOS 26,FALSE,,,,77,
DEV03096,U1539,Smartphone,Apple,iPhone 14,iOS 26.1,TRUE,742aad00-699f-7d9e-1c2c-296cbb30bcfc,FALSE,144,73,T-Mobile
DEV03097,U1540,Smartphone,Apple,iPhone 15,iOS 18.6,TRUE,70490f5b-54c0-3e02-066f-09b941dbffca,TRUE,110,81,Verizon
DEV03098,U1540,Laptop,Lenovo,Yoga Slim,Windows 11,FALSE,,,,84,
DEV03099,U1541,Smartphone,Google,Pixel 8a,Android 16,TRUE,7b832951-7090-2eb0-9606-b658505e2dd9,TRUE,117,56,T-Mobile
DEV03100,U1541,Laptop,Apple,MacBook Air,macOS 26,FALSE,,,,100,
DEV03101,U1542,Smartphone,Apple,iPhone 17,iOS 26.1,TRUE,e76a81ad-b6ea-d0fa-0efa-45dfbd6809d6,FALSE,103,47,T-Mobile
DEV03102,U1542,Laptop,Lenovo,Yoga Slim,Windows 11,FALSE,,,,89,
DEV03103,U1543,Smartphone,Apple,iPhone 17,iOS 26.1,TRUE,fa2a8066-63e9-8b1f-0604-675913e90651,FALSE,131,80,AT&T
DEV03104,U1543,Laptop,HP,Spectre x360,Windows 11,FALSE,,,,75,
DEV03105,U1543,Tablet,Samsung,Galaxy Tab S9,Android 16,FALSE,,,,94,
DEV03106,U1544,Smartphone,Apple,iPhone Air,iOS 26.1,TRUE,a64b0b4e-a722-ed22-59b8-d8652ee0ce27,FALSE,127,67,T-Mobile
DEV03107,U1544,Laptop,Apple,MacBook Air,macOS 26,FALSE,,,,97,
DEV03108,U1544,Tablet,Samsung,Galaxy Tab S9,Android 16,FALSE,,,,100,
DEV03109,U1545,Smartphone,Apple,iPhone 14,iOS 26.1,TRUE,80497ecb-a31a-53cb-9784-b52084d5ee95,TRUE,178,49,Mint Mobile
DEV03110,U1545,Laptop,Apple,MacBook Pro,macOS 26,FALSE,,,,93,
DEV03111,U1546,Smartphone,Apple,iPhone 15,iOS 26.1,TRUE,5c52b6f8-3242-b447-5c97-1d4c27e87587,FALSE,148,75,Verizon
DEV03112,U1546,Laptop,Apple,MacBook Air,macOS 26,FALSE,,,,81,
DEV03113,U1547,Smartphone,Apple,iPhone 16,iOS 26.1,TRUE,d59da861-8646-deae-f7a3-efbf18967955,FALSE,123,65,AT&T
DEV03114,U1548,Smartphone,Apple,iPhone 14,iOS 26.1,TRUE,312e0f6a-07d3-2492-4b80-35ed9f6c8e73,TRUE,114,57,Verizon
DEV03115,U1548,Laptop,Apple,MacBook Pro,macOS 26,FALSE,,,,97,
DEV03116,U1549,Smartphone,Apple,iPhone 14,iOS 26.1,TRUE,1a570959-7ac3-7440-1a1b-a6cf9890d645,FALSE,144,52,Verizon
DEV03117,U1550,Smartphone,Apple,iPhone 16,iOS 18.6,TRUE,71e18399-6664-4e70-15ed-bdff38219104,TRUE,147,57,T-Mobile
DEV03118,U1550,Laptop,Lenovo,Yoga Slim,Windows 11,FALSE,,,,91,
DEV03119,U1550,Tablet,Apple,iPad,iPadOS 26,FALSE,,,,85,
DEV03120,U1551,Smartphone,Apple,iPhone 14,iOS 26.1,TRUE,d923fe2a-40c2-482e-1b1f-2cd6367f30d2,FALSE,152,37,Verizon
DEV03121,U1551,Tablet,Apple,iPad,iPadOS 26,FALSE,,,,85,
DEV03122,U1552,Smartphone,Apple,iPhone 15,iOS 26.1,TRUE,52f2ee7f-8952-cb57-69e2-b59dd5b5cffd,FALSE,104,65,Cricket
DEV03123,U1552,Laptop,Apple,MacBook Air,macOS 26,FALSE,,,,99,
DEV03124,U1553,Smartphone,Samsung,Galaxy A56,Android 16,TRUE,8af7b0ed-d1be-61ac-b36d-d7c8db75fb07,TRUE,121,57,Visible
DEV03125,U1553,Laptop,Apple,MacBook Air,macOS 26,FALSE,,,,83,
DEV03126,U1554,Smartphone,Apple,iPhone 14,iOS 26.1,TRUE,8d880d9f-bc15-312f-8580-b18e667a50b5,TRUE,103,69,Verizon
DEV03127,U1554,Laptop,Lenovo,Yoga Slim,Windows 11,FALSE,,,,92,
DEV03128,U1555,Smartphone,Apple,iPhone 13,iOS 18.6,TRUE,431d4180-cfa7-4e5d-95da-d0ca79a878b6,TRUE,81,68,Visible
DEV03129,U1555,Laptop,Apple,MacBook Air,macOS 26,FALSE,,,,96,
DEV03130,U1555,Tablet,Apple,iPad,iPadOS 26,FALSE,,,,91,
DEV03131,U1556,Smartphone,Apple,iPhone 13,iOS 26.1,TRUE,d1fb6166-f30e-7c36-a02a-cdd81e7a53b8,FALSE,98,80,Verizon
DEV03132,U1556,Laptop,HP,Spectre x360,Windows 11,FALSE,,,,81,
DEV03133,U1557,Smartphone,Apple,iPhone 15,iOS 26.1,TRUE,c351fe27-d0aa-5817-dd03-ed8a5de0cc65,FALSE,155,46,Verizon
DEV03134,U1557,Laptop,Apple,MacBook Air,macOS 26,FALSE,,,,96,
DEV03135,U1558,Smartphone,Apple,iPhone 15,iOS 26.1,TRUE,661760d7-ffee-521e-a310-0c594b385a2f,FALSE,113,43,Verizon
DEV03136,U1558,Laptop,HP,Spectre x360,Windows 11,FALSE,,,,92,
DEV03137,U1559,Smartphone,Apple,iPhone 15,iOS 26.1,TRUE,a4213bed-bfec-f955-cb6d-e6e39b382d06,FALSE,88,57,T-Mobile
DEV03138,U1559,Laptop,Lenovo,Yoga Slim,Windows 11,FALSE,,,,85,
DEV03139,U1559,Tablet,Apple,iPad Air,iPadOS 26,FALSE,,,,93,
DEV03140,U1560,Smartphone,Apple,iPhone 15,iOS 26.1,TRUE,2b2d5aa9-e4a8-b2a8-02b4-73838f4e8ba2,FALSE,129,60,AT&T
DEV03141,U1560,Laptop,Lenovo,Yoga Slim,Windows 11,FALSE,,,,85,
DEV03142,U1561,Smartphone,Apple,iPhone 16,iOS 26.1,TRUE,13920e49-491e-9f1b-efe7-34e6d8aace19,FALSE,134,52,AT&T
DEV03143,U1561,Laptop,Apple,MacBook Air,macOS 26,FALSE,,,,85,
DEV03144,U1561,Tablet,Apple,iPad,iPadOS 26,FALSE,,,,87,
DEV03145,U1562,Smartphone,Apple,iPhone 16,iOS 18.6,TRUE,d02ef4c4-2025-7e7d-0df2-facc7ccf239d,TRUE,88,74,T-Mobile
DEV03146,U1562,Laptop,Apple,MacBook Pro,macOS 26,FALSE,,,,86,
DEV03147,U1563,Smartphone,Apple,iPhone 15,iOS 26.1,TRUE,12bb8f60-e267-7950-2725-70861dc6933e,TRUE,111,69,T-Mobile
DEV03148,U1563,Laptop,Lenovo,Yoga Slim,Windows 11,FALSE,,,,93,
DEV03149,U1564,Smartphone,Motorola,Moto G Power,Android 15,TRUE,51b45702-4bd6-fa7e-cd70-b2921154aa2a,TRUE,123,61,AT&T
DEV03150,U1564,Laptop,Dell,XPS 13,Windows 11,FALSE,,,,100,
DEV03151,U1565,Smartphone,Apple,iPhone 14,iOS 26.1,TRUE,1987f45b-db62-c56f-a1b2-32adf80db810,FALSE,64,63,Verizon
DEV03152,U1566,Smartphone,Google,Pixel 10,Android 16,TRUE,5ac8476e-e4c8-c0fc-bce9-568600616c63,TRUE,120,72,Verizon
DEV03153,U1566,Laptop,Apple,MacBook Air,macOS 26,FALSE,,,,89,
DEV03154,U1567,Smartphone,Apple,iPhone 13,iOS 26.1,TRUE,90572113-8235-bbc7-641b-52a27b723602,TRUE,153,51,Verizon
DEV03155,U1568,Smartphone,Apple,iPhone 17,iOS 26.1,TRUE,91c5d20e-3798-04b7-62dc-347c172f8319,FALSE,114,68,T-Mobile
DEV03156,U1568,Laptop,Apple,MacBook Air,macOS 26,FALSE,,,,84,
DEV03157,U1569,Smartphone,Google,Pixel 8a,Android 16,TRUE,4e661c30-43bb-7ba7-56c8-5390dfc3cc78,TRUE,128,66,T-Mobile
DEV03158,U1569,Laptop,Apple,MacBook Air,macOS 26,FALSE,,,,95,
DEV03159,U1569,Tablet,Apple,iPad Pro,iPadOS 26,FALSE,,,,90,
DEV03160,U1570,Smartphone,Apple,iPhone 16,iOS 18.6,TRUE,84a0acbd-a26a-32e8-cc4d-82c272d9e9d0,TRUE,120,62,AT&T
DEV03161,U1570,Laptop,Lenovo,Yoga Slim,Windows 11,FALSE,,,,89,
DEV03162,U1571,Smartphone,Apple,iPhone 16,iOS 18.6,TRUE,db94d578-ac53-1122-fb96-afc3532b94c8,FALSE,114,60,Verizon
DEV03163,U1571,Laptop,HP,Spectre x360,Windows 11,FALSE,,,,80,
DEV03164,U1572,Smartphone,Apple,iPhone 14,iOS 26.1,TRUE,eb3c8b92-0bf5-85df-e355-f0be6697b976,FALSE,122,61,Verizon
DEV03165,U1572,Laptop,Apple,MacBook Air,macOS 26,FALSE,,,,100,
DEV03166,U1572,Tablet,Samsung,Galaxy Tab S9,Android 16,FALSE,,,,87,
DEV03167,U1573,Smartphone,Apple,iPhone 15,iOS 26.1,TRUE,26d76721-de01-0325-a2cb-ce6415c30966,TRUE,138,81,Cricket
DEV03168,U1573,Laptop,Microsoft,Surface Laptop,Windows 11,FALSE,,,,86,
DEV03169,U1574,Smartphone,Apple,iPhone 14,iOS 26.1,TRUE,8e6c6111-5553-1171-8b24-ca2b0257fd73,TRUE,95,55,T-Mobile
DEV03170,U1574,Laptop,Lenovo,Yoga Slim,Windows 11,FALSE,,,,85,
DEV03171,U1575,Smartphone,Apple,iPhone 15,iOS 18.6,TRUE,58c1b8e9-ebda-68d7-e070-faf961a06274,TRUE,124,45,T-Mobile
DEV03172,U1576,Smartphone,Apple,iPhone 16,iOS 26.1,TRUE,9c1fc23c-0446-8e91-ce18-0de0eaa00b04,FALSE,85,58,Verizon
DEV03173,U1577,Smartphone,Apple,iPhone Air,iOS 26.1,TRUE,eda8d2fc-b866-7cfb-e979-4fd64cdb55ef,FALSE,113,55,T-Mobile
DEV03174,U1577,Laptop,Apple,MacBook Air,macOS 26,FALSE,,,,86,
DEV03175,U1578,Smartphone,Apple,iPhone 13,iOS 26.1,TRUE,808a99dd-4103-246f-e7e6-d573fdf1337a,FALSE,67,65,Verizon
DEV03176,U1578,Laptop,Apple,MacBook Air,macOS 26,FALSE,,,,99,
DEV03177,U1579,Smartphone,Apple,iPhone 15,iOS 18.6,TRUE,716716d4-781b-ece5-4e07-72f10c7cc489,FALSE,163,75,T-Mobile
DEV03178,U1579,Laptop,Apple,MacBook Air,macOS 26,FALSE,,,,97,
DEV03179,U1580,Smartphone,Apple,iPhone 16,iOS 26.1,TRUE,e22b5dc6-549e-0754-2fdb-adb42a2ada10,FALSE,88,61,AT&T
DEV03180,U1580,Laptop,ASUS,Gaming Laptop,Windows 11,FALSE,,,,71,
DEV03181,U1580,Tablet,Apple,iPad Air,iPadOS 26,FALSE,,,,94,
DEV03182,U1581,Smartphone,Apple,iPhone 15,iOS 26.1,TRUE,d6c3fe7f-1424-3f9f-88a9-62259e0d6788,FALSE,101,64,AT&T
DEV03183,U1581,Laptop,Dell,XPS 13,Windows 11,FALSE,,,,92,
DEV03184,U1582,Smartphone,Samsung,Galaxy S24,Android 16,TRUE,d1800b23-21d8-5858-0fa8-ac71a3e27fc0,TRUE,177,62,Verizon
DEV03185,U1582,Laptop,Apple,MacBook Air,macOS 26,FALSE,,,,89,
DEV03186,U1583,Smartphone,Apple,iPhone 16,iOS 26.1,TRUE,b900f62c-9fe6-a627-f28d-b93b55d23195,FALSE,121,65,AT&T
DEV03187,U1583,Laptop,Apple,MacBook Pro,macOS 26,FALSE,,,,80,
DEV03188,U1584,Smartphone,Apple,iPhone 14,iOS 18.6,TRUE,3a14e976-22cf-f5b3-d2d4-1942e0b53c5b,FALSE,133,68,Verizon
DEV03189,U1584,Laptop,Apple,MacBook Air,macOS 26,FALSE,,,,100,
DEV03190,U1584,Tablet,Apple,iPad Pro,iPadOS 26,FALSE,,,,99,
DEV03191,U1585,Smartphone,Apple,iPhone 17,iOS 26.1,TRUE,a0a0a455-256d-0123-a41b-c945daa2adce,FALSE,122,57,T-Mobile
DEV03192,U1585,Laptop,Apple,MacBook Pro,macOS 26,FALSE,,,,85,
DEV03193,U1586,Smartphone,Google,Pixel 10,Android 16,TRUE,a67a2e69-85dd-9205-548c-8033b37f518b,TRUE,80,53,Verizon
DEV03194,U1586,Laptop,Lenovo,Yoga Slim,Windows 11,FALSE,,,,94,
DEV03195,U1587,Smartphone,Apple,iPhone 16,iOS 26.1,TRUE,f8b6140e-b502-8440-6715-e70d9002567f,FALSE,77,75,Verizon
DEV03196,U1587,Tablet,Apple,iPad Air,iPadOS 26,FALSE,,,,97,
DEV03197,U1588,Smartphone,Apple,iPhone 14,iOS 26.1,TRUE,531cf538-10c6-52e1-54c3-2f40f6a9648e,FALSE,144,71,T-Mobile
DEV03198,U1589,Smartphone,Apple,iPhone 15,iOS 26.1,TRUE,7b6f9f46-f702-5e15-a0e2-84d271ad222f,TRUE,189,34,AT&T
DEV03199,U1589,Laptop,Dell,XPS 13,Windows 11,FALSE,,,,84,
DEV03200,U1590,Smartphone,Samsung,Galaxy S25,Android 16,TRUE,cb3f0821-78bf-3e67-7b82-bae4fb2efaaa,TRUE,54,59,Cricket
DEV03201,U1590,Laptop,Dell,XPS 13,Windows 11,FALSE,,,,81,
DEV03202,U1591,Smartphone,Apple,iPhone 15,iOS 26.1,TRUE,7f2ef475-8405-11d4-13ee-7949f23fc005,FALSE,182,59,AT&T
DEV03203,U1592,Smartphone,Samsung,Galaxy S24,Android 15,TRUE,e5deded1-d590-4575-8cbd-910a082bb72d,TRUE,75,60,AT&T
DEV03204,U1592,Laptop,Dell,XPS 13,Windows 11,FALSE,,,,94,
DEV03205,U1593,Smartphone,Apple,iPhone 16,iOS 26.1,TRUE,8114f701-6015-0062-d635-5dabdc3d7b66,TRUE,114,58,AT&T
DEV03206,U1593,Laptop,Apple,MacBook Air,macOS 26,FALSE,,,,96,
DEV03207,U1594,Smartphone,Apple,iPhone 16,iOS 26.1,TRUE,a3162781-8c4a-f5d8-0a12-20af69782cda,FALSE,82,63,Verizon
DEV03208,U1594,Laptop,Microsoft,Surface Laptop,Windows 11,FALSE,,,,84,
DEV03209,U1595,Smartphone,Apple,iPhone 15,iOS 26.1,TRUE,9513ce8e-852c-ebd8-e7c2-ebf355fbded3,FALSE,118,51,T-Mobile
DEV03210,U1595,Laptop,HP,Spectre x360,Windows 11,FALSE,,,,82,
DEV03211,U1596,Smartphone,Samsung,Galaxy A56,Android 15,TRUE,45dc72f0-4133-daa4-7410-841addb3b9a7,TRUE,155,70,T-Mobile
DEV03212,U1596,Tablet,Apple,iPad,iPadOS 26,FALSE,,,,96,
DEV03213,U1597,Smartphone,Motorola,Moto G Power,Android 15,TRUE,32849324-472d-ee9d-7631-5abe9ae3aa23,FALSE,153,58,T-Mobile
DEV03214,U1597,Laptop,Apple,MacBook Air,macOS 26,FALSE,,,,97,
DEV03215,U1598,Smartphone,Samsung,Galaxy S24,Android 16,TRUE,aca5e83f-6b4e-5778-c866-6d88d4b63539,TRUE,106,65,Cricket
DEV03216,U1598,Laptop,Lenovo,Yoga Slim,Windows 11,FALSE,,,,92,
DEV03217,U1599,Smartphone,Apple,iPhone 15,iOS 26.1,TRUE,65e0bc9e-e450-d20c-41fd-dc604d52b7fe,FALSE,102,75,Verizon
DEV03218,U1599,Laptop,Apple,MacBook Air,macOS 26,FALSE,,,,81,
DEV03219,U1599,Tablet,Apple,iPad Air,iPadOS 26,FALSE,,,,86,
DEV03220,U1600,Smartphone,Apple,iPhone 17,iOS 26.1,TRUE,1865db15-36cf-5c81-6958-a8364ad087a4,FALSE,118,60,Verizon
DEV03221,U1601,Smartphone,Samsung,Galaxy S25,Android 16,TRUE,4e61242e-9ac2-c8c0-a9d9-6c70988e739b,FALSE,61,73,AT&T
DEV03222,U1601,Laptop,HP,Spectre x360,Windows 11,FALSE,,,,86,
DEV03223,U1602,Smartphone,Apple,iPhone 17,iOS 26.1,TRUE,50cc0681-667b-470d-afa4-d3d07aea0e75,TRUE,194,43,Verizon
DEV03224,U1602,Laptop,Apple,MacBook Pro,macOS 26,FALSE,,,,87,
DEV03225,U1602,Tablet,Apple,iPad,iPadOS 26,FALSE,,,,95,
DEV03226,U1603,Smartphone,Apple,iPhone 13,iOS 18.6,TRUE,70ff0024-c535-7416-70dd-2a2a1594497f,TRUE,119,89,Verizon
DEV03227,U1603,Laptop,Dell,XPS 13,Windows 11,FALSE,,,,93,
DEV03228,U1604,Smartphone,Apple,iPhone 16,iOS 26.1,TRUE,bf847296-49b5-cb2f-17b0-a7e7aae96173,FALSE,138,55,T-Mobile
DEV03229,U1604,Laptop,Apple,MacBook Pro,macOS 26,FALSE,,,,88,
DEV03230,U1604,Tablet,Apple,iPad,iPadOS 26,FALSE,,,,91,
DEV03231,U1605,Smartphone,Samsung,Galaxy S25,Android 15,TRUE,7537facc-4a4d-a1ac-5317-2ce87a54e8f4,FALSE,157,49,AT&T
DEV03232,U1605,Laptop,Apple,MacBook Pro,macOS 26,FALSE,,,,96,
DEV03233,U1606,Smartphone,Apple,iPhone 17,iOS 26.1,TRUE,4a1591bb-a2bc-818c-3d39-7fde41363ae2,FALSE,76,68,Mint Mobile
DEV03234,U1606,Laptop,HP,Spectre x360,Windows 11,FALSE,,,,90,
DEV03235,U1607,Smartphone,Apple,iPhone 15,iOS 26.1,TRUE,7e62a470-acdd-214a-951d-ef9a8fd1db9d,TRUE,88,63,AT&T
DEV03236,U1607,Laptop,Apple,MacBook Air,macOS 26,FALSE,,,,100,
DEV03237,U1608,Smartphone,Apple,iPhone 13,iOS 26.1,TRUE,443d50ec-51bc-47c7-ada3-9b3b61062880,TRUE,44,56,AT&T
DEV03238,U1609,Smartphone,Apple,iPhone 14,iOS 26.1,TRUE,403d6fcb-0cde-9555-0d44-ef3a8c5f91e1,FALSE,138,85,Visible
DEV03239,U1609,Laptop,Apple,MacBook Air,macOS 26,FALSE,,,,94,
DEV03240,U1610,Smartphone,Apple,iPhone 16,iOS 26.1,TRUE,47d3c36a-a005-0279-b08c-3770ac2db909,FALSE,122,43,Cricket
DEV03241,U1611,Smartphone,Apple,iPhone 13,iOS 26.1,TRUE,6cb2d8d0-5557-b8cc-549c-65da27110cbb,FALSE,68,76,Visible
DEV03242,U1611,Laptop,HP,Spectre x360,Windows 11,FALSE,,,,79,
DEV03243,U1612,Smartphone,Google,Pixel 10,Android 16,TRUE,3674b528-aabb-65c9-5904-a5fecdf6b690,TRUE,131,47,Verizon
DEV03244,U1613,Smartphone,Apple,iPhone 17,iOS 26.1,TRUE,bb6acc1e-d0f9-2714-eacc-dd9dd6b43283,FALSE,131,72,Mint Mobile
DEV03245,U1613,Laptop,Dell,XPS 13,Windows 11,FALSE,,,,97,
DEV03246,U1614,Smartphone,Apple,iPhone 14,iOS 26.1,TRUE,2eb79955-c8e0-7d48-b6e4-0b7975d21e74,FALSE,137,58,Mint Mobile
DEV03247,U1614,Laptop,Apple,MacBook Air,macOS 26,FALSE,,,,81,
DEV03248,U1615,Smartphone,Samsung,Galaxy S25,Android 16,TRUE,8c1391ed-1293-4447-756b-e326ac73f9f4,TRUE,146,65,T-Mobile
DEV03249,U1615,Laptop,Apple,MacBook Air,macOS 26,FALSE,,,,94,
DEV03250,U1616,Smartphone,Google,Pixel 8a,Android 15,TRUE,c95d9876-7f28-7648-1cc6-fd303d4ba847,TRUE,80,69,Verizon
DEV03251,U1616,Laptop,Apple,MacBook Air,macOS 26,FALSE,,,,82,
DEV03252,U1616,Tablet,Apple,iPad Air,iPadOS 26,FALSE,,,,98,
DEV03253,U1617,Smartphone,Apple,iPhone 15,iOS 26.1,TRUE,d44028de-3526-ab1a-45df-7183d730ad64,FALSE,140,42,T-Mobile
DEV03254,U1617,Laptop,Apple,MacBook Air,macOS 26,FALSE,,,,92,
DEV03255,U1618,Smartphone,Apple,iPhone 17,iOS 26.1,TRUE,5ab855c8-93c1-06dc-d233-0e51c72eeeb0,FALSE,101,84,AT&T
DEV03256,U1619,Smartphone,Samsung,Galaxy S24,Android 16,TRUE,25458eae-082b-8a6f-66ab-2a11015b5cfc,FALSE,116,44,Cricket
DEV03257,U1620,Smartphone,Apple,iPhone 16,iOS 26.1,TRUE,0465fd3a-2cfb-5e9a-29aa-9c9b70881fc4,FALSE,150,46,T-Mobile
DEV03258,U1620,Laptop,Apple,MacBook Air,macOS 26,FALSE,,,,95,
DEV03259,U1620,Tablet,Apple,iPad Air,iPadOS 26,FALSE,,,,99,
DEV03260,U1621,Smartphone,Apple,iPhone 15,iOS 26.1,TRUE,859e1a1f-5927-4564-0f0a-47cf3424183a,FALSE,73,59,T-Mobile
DEV03261,U1621,Laptop,HP,Spectre x360,Windows 11,FALSE,,,,87,
DEV03262,U1621,Tablet,Apple,iPad Pro,iPadOS 26,FALSE,,,,98,
DEV03263,U1622,Smartphone,Apple,iPhone 17,iOS 26.1,TRUE,595d6792-67d7-439f-3d1d-881f4338a5ba,FALSE,152,37,Mint Mobile
DEV03264,U1622,Laptop,Apple,MacBook Air,macOS 26,FALSE,,,,93,
DEV03265,U1623,Smartphone,Samsung,Galaxy S24,Android 16,TRUE,e292e146-139d-79c5-5eea-1c63abaad264,TRUE,99,64,T-Mobile
DEV03266,U1623,Laptop,Apple,MacBook Air,macOS 26,FALSE,,,,87,
DEV03267,U1624,Smartphone,Apple,iPhone 13,iOS 26.1,TRUE,299ee431-5e91-eb53-94d8-7fd28d2a3ffb,TRUE,94,66,AT&T
DEV03268,U1624,Laptop,Apple,MacBook Air,macOS 26,FALSE,,,,84,
DEV03269,U1625,Smartphone,Apple,iPhone 13,iOS 26.1,TRUE,07c018ec-e075-826b-cae4-914d10aaedd9,FALSE,81,64,Verizon
DEV03270,U1625,Laptop,Apple,MacBook Air,macOS 26,FALSE,,,,90,
DEV03271,U1626,Smartphone,Apple,iPhone Air,iOS 26.1,TRUE,effba309-09a2-3cd6-ab3e-6501b36c5bb9,FALSE,72,87,AT&T
DEV03272,U1626,Laptop,Lenovo,Yoga Slim,Windows 11,FALSE,,,,89,
DEV03273,U1627,Smartphone,Apple,iPhone 15,iOS 26.1,TRUE,6f417108-a8bb-ec43-7011-2aa96866017f,FALSE,97,45,Verizon
DEV03274,U1627,Laptop,Apple,MacBook Air,macOS 26,FALSE,,,,80,
DEV03275,U1628,Smartphone,Apple,iPhone 16,iOS 26.1,TRUE,06f50676-2ec2-842a-841a-baa94549022e,FALSE,140,37,Verizon
DEV03276,U1628,Laptop,Apple,MacBook Air,macOS 26,FALSE,,,,91,
DEV03277,U1629,Smartphone,Apple,iPhone 16,iOS 26.1,TRUE,e5252ff7-3491-9a90-f5aa-d70f39fe82a8,FALSE,93,49,Mint Mobile
DEV03278,U1630,Smartphone,Apple,iPhone 14,iOS 26.1,TRUE,5b30774f-97b0-aa75-e3c7-2adf6514e5be,FALSE,174,70,Cricket
DEV03279,U1630,Laptop,Apple,MacBook Pro,macOS 26,FALSE,,,,88,
DEV03280,U1631,Smartphone,Apple,iPhone 17,iOS 26.1,TRUE,074ad4be-6bbe-26e8-6577-5f23153be151,FALSE,57,65,T-Mobile
DEV03281,U1631,Laptop,Apple,MacBook Air,macOS 26,FALSE,,,,75,
DEV03282,U1631,Tablet,Samsung,Galaxy Tab S9,Android 16,FALSE,,,,98,
DEV03283,U1632,Smartphone,Apple,iPhone 16,iOS 26.1,TRUE,6025f7d4-e155-9b51-5363-499a86c0857c,FALSE,153,63,Mint Mobile
DEV03284,U1632,Laptop,Apple,MacBook Air,macOS 26,FALSE,,,,99,
DEV03285,U1632,Tablet,Samsung,Galaxy Tab S9,Android 16,FALSE,,,,78,
DEV03286,U1633,Smartphone,Apple,iPhone 14,iOS 18.6,TRUE,ddec8c7b-cc86-5a5f-4df0-eeadc7b2dc57,FALSE,118,86,AT&T
DEV03287,U1633,Laptop,Apple,MacBook Air,macOS 26,FALSE,,,,99,
DEV03288,U1634,Smartphone,Apple,iPhone 15,iOS 26.1,TRUE,7cd0dc9b-9298-7020-6ac9-2ebc0abc8e3f,FALSE,147,68,Visible
DEV03289,U1634,Laptop,Apple,MacBook Air,macOS 26,FALSE,,,,95,
DEV03290,U1635,Smartphone,Motorola,Moto G Power,Android 16,TRUE,6f9b9258-171b-c357-d5b6-b2eaa6c83683,TRUE,161,59,T-Mobile
DEV03291,U1636,Smartphone,Samsung,Galaxy S25,Android 15,TRUE,b8e5896a-ffc7-ae22-577e-81633be85d10,TRUE,151,63,T-Mobile
DEV03292,U1636,Laptop,Apple,MacBook Pro,macOS 26,FALSE,,,,83,
DEV03293,U1637,Smartphone,Apple,iPhone 16,iOS 18.6,TRUE,021f0a37-f207-2ac1-283f-904244ff8a56,TRUE,122,63,T-Mobile
DEV03294,U1638,Smartphone,Apple,iPhone 15,iOS 18.6,TRUE,9d4af7f4-c79c-a972-d7f1-2c72343843ab,FALSE,133,68,Mint Mobile
DEV03295,U1638,Laptop,Apple,MacBook Air,macOS 26,FALSE,,,,71,
DEV03296,U1638,Tablet,Samsung,Galaxy Tab S9,Android 16,FALSE,,,,85,
DEV03297,U1639,Smartphone,Apple,iPhone 14,iOS 26.1,TRUE,4e133a9d-1632-d1de-0b07-12168cd429a9,TRUE,144,79,T-Mobile
DEV03298,U1639,Laptop,Apple,MacBook Air,macOS 26,FALSE,,,,100,
DEV03299,U1639,Tablet,Samsung,Galaxy Tab S9,Android 16,FALSE,,,,79,
DEV03300,U1640,Smartphone,Google,Pixel 10,Android 16,TRUE,6b459081-98c3-9b52-5ea5-360439d8fb1b,TRUE,134,64,T-Mobile
DEV03301,U1640,Laptop,Apple,MacBook Air,macOS 26,FALSE,,,,77,
DEV03302,U1641,Smartphone,Apple,iPhone 16,iOS 26.1,TRUE,78a003de-17c3-56d6-7f33-c8dd9abfc7c1,FALSE,123,94,AT&T
DEV03303,U1641,Laptop,Dell,XPS 13,Windows 11,FALSE,,,,84,
DEV03304,U1642,Smartphone,Apple,iPhone 17,iOS 18.6,TRUE,af239905-ae33-3634-5e29-d8727c820007,FALSE,119,69,T-Mobile
DEV03305,U1643,Smartphone,Samsung,Galaxy S23,Android 16,TRUE,2b80c028-9f7a-ede2-7c7b-9b5ef667ab65,FALSE,146,45,T-Mobile
DEV03306,U1643,Laptop,Apple,MacBook Air,macOS 26,FALSE,,,,74,
DEV03307,U1644,Smartphone,Apple,iPhone 16,iOS 18.6,TRUE,c01ab1f4-a70b-1753-c7e6-831082cc47c9,FALSE,45,50,T-Mobile
DEV03308,U1644,Laptop,Apple,MacBook Air,macOS 26,FALSE,,,,78,
DEV03309,U1644,Tablet,Apple,iPad Pro,iPadOS 26,FALSE,,,,96,
DEV03310,U1645,Smartphone,Apple,iPhone 16,iOS 18.6,TRUE,651535fd-ed96-4f13-62ec-a40a43c68377,FALSE,99,53,AT&T
DEV03311,U1645,Laptop,Apple,MacBook Air,macOS 26,FALSE,,,,66,
DEV03312,U1646,Smartphone,Apple,iPhone 13,iOS 18.6,TRUE,b185878c-2fd8-6018-d55b-71f5973a92d4,TRUE,89,46,Mint Mobile
DEV03313,U1647,Smartphone,Apple,iPhone 14,iOS 26.1,TRUE,95792e99-18f4-1edb-3ce3-2fd578666d17,FALSE,76,70,T-Mobile
DEV03314,U1647,Laptop,Apple,MacBook Pro,macOS 26,FALSE,,,,91,
DEV03315,U1648,Smartphone,Apple,iPhone 15,iOS 26.1,TRUE,8083c115-28fe-2058-ea0b-0c0cb786fd1c,TRUE,87,92,AT&T
DEV03316,U1648,Laptop,Dell,XPS 13,Windows 11,FALSE,,,,84,
DEV03317,U1649,Smartphone,Apple,iPhone 14,iOS 18.6,TRUE,e94ece7b-4a92-57ea-6209-19467b23ae5d,FALSE,40,49,Mint Mobile
DEV03318,U1649,Laptop,Apple,MacBook Air,macOS 26,FALSE,,,,94,
DEV03319,U1649,Tablet,Apple,iPad Pro,iPadOS 26,FALSE,,,,84,
DEV03320,U1650,Smartphone,Apple,iPhone 15,iOS 26.1,TRUE,b9e6a8d0-20fe-c1d0-3ee4-321368b41459,FALSE,121,56,AT&T
DEV03321,U1650,Laptop,Apple,MacBook Air,macOS 26,FALSE,,,,73,
DEV03322,U1651,Smartphone,Apple,iPhone 17,iOS 18.6,TRUE,58e24f4d-f993-8910-5c77-7dff7c496673,FALSE,133,81,T-Mobile
DEV03323,U1651,Tablet,Apple,iPad,iPadOS 26,FALSE,,,,79,
DEV03324,U1652,Smartphone,Apple,iPhone 17,iOS 26.1,TRUE,2fd958df-6ea3-98d4-541d-ca062657621b,TRUE,129,68,Verizon
DEV03325,U1652,Laptop,Apple,MacBook Pro,macOS 26,FALSE,,,,82,
DEV03326,U1652,Tablet,Apple,iPad Air,iPadOS 26,FALSE,,,,84,
DEV03327,U1653,Smartphone,Apple,iPhone 14,iOS 26.1,TRUE,47c0530e-1c89-d937-6b74-0880c5286d19,TRUE,130,65,AT&T
DEV03328,U1653,Laptop,Dell,XPS 13,Windows 11,FALSE,,,,88,
DEV03329,U1654,Smartphone,Apple,iPhone 15,iOS 26.1,TRUE,a4fc2b83-6c2f-ab44-92b7-9d8086618906,FALSE,113,91,T-Mobile
DEV03330,U1654,Laptop,Apple,MacBook Pro,macOS 26,FALSE,,,,94,
DEV03331,U1654,Tablet,Apple,iPad Pro,iPadOS 26,FALSE,,,,91,
DEV03332,U1655,Smartphone,Apple,iPhone 16,iOS 18.6,TRUE,f39e5b77-2937-bbd3-b39d-7d017cd2ca50,FALSE,67,80,T-Mobile
DEV03333,U1655,Laptop,Apple,MacBook Air,macOS 26,FALSE,,,,100,
DEV03334,U1656,Smartphone,Samsung,Galaxy S24,Android 16,TRUE,a7d1ecac-0377-c6c9-ea32-a66ccdca1bb7,TRUE,131,86,T-Mobile
DEV03335,U1656,Laptop,Apple,MacBook Pro,macOS 26,FALSE,,,,87,
DEV03336,U1656,Tablet,Apple,iPad,iPadOS 26,FALSE,,,,92,
DEV03337,U1657,Smartphone,Apple,iPhone 14,iOS 18.6,TRUE,8625d840-cf1d-cdff-3862-fbf16266b37a,TRUE,101,57,T-Mobile
DEV03338,U1657,Tablet,Apple,iPad Air,iPadOS 26,FALSE,,,,90,
DEV03339,U1658,Smartphone,Apple,iPhone 16,iOS 26.1,TRUE,978525ed-d3e7-5158-c8d4-68b936c1a620,FALSE,143,65,AT&T
DEV03340,U1658,Laptop,Apple,MacBook Air,macOS 26,FALSE,,,,92,
DEV03341,U1658,Tablet,Apple,iPad Air,iPadOS 26,FALSE,,,,77,
DEV03342,U1659,Smartphone,Apple,iPhone 13,iOS 26.1,TRUE,5e218781-64b1-a0c8-5a2e-baf08e5d3afe,FALSE,119,58,T-Mobile
DEV03343,U1659,Laptop,Dell,XPS 13,Windows 11,FALSE,,,,100,
DEV03344,U1660,Smartphone,Apple,iPhone 15,iOS 18.6,TRUE,089a3cac-2388-756d-78b4-7a117eebfea7,TRUE,117,53,T-Mobile
DEV03345,U1660,Laptop,Lenovo,Yoga Slim,Windows 11,FALSE,,,,89,
DEV03346,U1660,Tablet,Apple,iPad,iPadOS 26,FALSE,,,,100,
DEV03347,U1661,Smartphone,Apple,iPhone 14,iOS 26.1,TRUE,b86dd468-8643-4545-200f-ae811f02e50d,FALSE,137,69,Verizon
DEV03348,U1661,Laptop,Apple,MacBook Pro,macOS 26,FALSE,,,,74,
DEV03349,U1662,Smartphone,Apple,iPhone 15,iOS 26.1,TRUE,dd3d2694-a492-6155-9714-bd88dbbec368,FALSE,116,56,Mint Mobile
DEV03350,U1662,Laptop,Lenovo,Yoga Slim,Windows 11,FALSE,,,,88,
DEV03351,U1663,Smartphone,Apple,iPhone 16,iOS 26.1,TRUE,2704f66b-d13c-5d74-9c47-ab0b2062e708,TRUE,103,64,Verizon
DEV03352,U1664,Smartphone,Apple,iPhone 16,iOS 18.6,TRUE,cce6204b-9deb-1678-b848-c096ae4d2124,FALSE,103,57,AT&T
DEV03353,U1664,Laptop,Microsoft,Surface Laptop,Windows 11,FALSE,,,,92,
DEV03354,U1664,Tablet,Apple,iPad Air,iPadOS 26,FALSE,,,,84,
DEV03355,U1665,Smartphone,Apple,iPhone 17,iOS 26.1,TRUE,723f6db7-770d-aac6-7dd8-1094227427ab,FALSE,119,62,Mint Mobile
DEV03356,U1665,Tablet,Apple,iPad,iPadOS 26,FALSE,,,,87,
DEV03357,U1666,Smartphone,Apple,iPhone 17,iOS 18.6,TRUE,7f820979-370f-9b96-3dae-b5a716330974,FALSE,90,64,Verizon
DEV03358,U1666,Laptop,Apple,MacBook Air,macOS 26,FALSE,,,,97,
DEV03359,U1667,Smartphone,Google,Pixel 10,Android 16,TRUE,0ced21f0-7960-70b8-2d8f-fec60ace820a,TRUE,147,62,Mint Mobile
DEV03360,U1667,Laptop,Apple,MacBook Pro,macOS 26,FALSE,,,,72,
DEV03361,U1668,Smartphone,Apple,iPhone 15,iOS 26.1,TRUE,019f5b21-e92f-a24d-51f0-3d8b68e64561,FALSE,136,68,Verizon
DEV03362,U1668,Laptop,Apple,MacBook Air,macOS 26,FALSE,,,,85,
DEV03363,U1669,Smartphone,Apple,iPhone 16,iOS 26.1,TRUE,29151017-55cb-c376-05f5-a1e8b32fd229,FALSE,105,74,T-Mobile
DEV03364,U1669,Laptop,Microsoft,Surface Laptop,Windows 11,FALSE,,,,85,
DEV03365,U1669,Tablet,Apple,iPad Pro,iPadOS 26,FALSE,,,,84,
DEV03366,U1670,Smartphone,Samsung,Galaxy S23,Android 16,TRUE,17f4d4a7-e65b-f13d-6b4b-b38514e2c5d2,TRUE,123,52,Visible
DEV03367,U1670,Laptop,Apple,MacBook Air,macOS 26,FALSE,,,,93,
DEV03368,U1670,Tablet,Apple,iPad,iPadOS 26,FALSE,,,,96,
DEV03369,U1671,Smartphone,Apple,iPhone 16,iOS 26.1,TRUE,abfead51-912a-7496-be7d-98c651905148,FALSE,99,43,Verizon
DEV03370,U1672,Smartphone,Apple,iPhone 15,iOS 26.1,TRUE,8b809ec0-d29d-015c-c5b0-66476a687133,FALSE,109,51,Verizon
DEV03371,U1672,Laptop,Apple,MacBook Air,macOS 26,FALSE,,,,100,
DEV03372,U1672,Tablet,Apple,iPad,iPadOS 26,FALSE,,,,85,
DEV03373,U1673,Smartphone,Apple,iPhone 14,iOS 26.1,TRUE,5e4dede6-103a-ff36-7512-7f3d2a44a40f,FALSE,117,65,T-Mobile
DEV03374,U1673,Tablet,Samsung,Galaxy Tab S9,Android 16,FALSE,,,,88,
DEV03375,U1674,Smartphone,Samsung,Galaxy S25,Android 16,TRUE,0709bf4b-db09-b2b1-66dc-17551f292fa2,TRUE,106,81,AT&T
DEV03376,U1674,Laptop,ASUS,Gaming Laptop,Windows 11,FALSE,,,,93,
DEV03377,U1675,Smartphone,Samsung,Galaxy S25,Android 16,TRUE,b6b72360-1265-5733-07d0-d603837722c2,TRUE,131,63,Verizon
DEV03378,U1675,Tablet,Apple,iPad,iPadOS 26,FALSE,,,,75,
DEV03379,U1676,Smartphone,Samsung,Galaxy S25,Android 16,TRUE,15eb5cce-aa8d-fc89-c534-2810c0367a69,TRUE,130,68,Verizon
DEV03380,U1676,Laptop,Apple,MacBook Air,macOS 26,FALSE,,,,95,
DEV03381,U1677,Smartphone,Apple,iPhone 13,iOS 26.1,TRUE,e8cc4ac5-e0b1-e7fe-941a-1700ef23ab57,FALSE,156,73,AT&T
DEV03382,U1677,Laptop,Apple,MacBook Air,macOS 26,FALSE,,,,85,
DEV03383,U1677,Tablet,Apple,iPad Air,iPadOS 26,FALSE,,,,86,
DEV03384,U1678,Smartphone,Apple,iPhone 15,iOS 26.1,TRUE,f47bdef2-ca75-234c-fa7d-8aeb5b6441f7,FALSE,68,71,AT&T
DEV03385,U1678,Laptop,Dell,XPS 13,Windows 11,FALSE,,,,91,
DEV03386,U1679,Smartphone,Apple,iPhone 16,iOS 18.6,TRUE,cf1222ea-f452-65ed-bc55-7cf35d2899d4,TRUE,117,66,T-Mobile
DEV03387,U1680,Smartphone,Motorola,Moto G Power,Android 16,TRUE,bfda4ed7-286c-489a-95bb-19da1992f838,TRUE,76,64,T-Mobile
DEV03388,U1680,Laptop,HP,Spectre x360,Windows 11,FALSE,,,,90,
DEV03389,U1681,Smartphone,Apple,iPhone 14,iOS 26.1,TRUE,37073c1c-87d8-6fd2-76cc-a4e9ac8d3a53,FALSE,123,76,Verizon
DEV03390,U1681,Laptop,Apple,MacBook Pro,macOS 26,FALSE,,,,93,
DEV03391,U1681,Tablet,Samsung,Galaxy Tab S9,Android 16,FALSE,,,,94,
DEV03392,U1682,Smartphone,Apple,iPhone 15,iOS 26.1,TRUE,bd83b4f6-d569-1452-bfae-0d37738326ea,FALSE,86,65,AT&T
DEV03393,U1682,Laptop,Apple,MacBook Air,macOS 26,FALSE,,,,78,
DEV03394,U1683,Smartphone,Apple,iPhone 16,iOS 26.1,TRUE,03a6d6c1-18c8-34c7-a9cb-67c1fa7bea62,FALSE,92,75,Verizon
DEV03395,U1683,Laptop,Apple,MacBook Air,macOS 26,FALSE,,,,89,
DEV03396,U1684,Smartphone,Google,Pixel 9,Android 16,TRUE,1d86542a-aa7e-c00c-feda-01b838a41f7f,TRUE,114,54,Cricket
DEV03397,U1684,Laptop,Apple,MacBook Pro,macOS 26,FALSE,,,,100,
DEV03398,U1685,Smartphone,Apple,iPhone 15,iOS 26.1,TRUE,62c1c204-228a-08de-0f6d-a8cafdcc85a0,TRUE,150,55,T-Mobile
DEV03399,U1685,Laptop,Apple,MacBook Air,macOS 26,FALSE,,,,76,
DEV03400,U1685,Tablet,Apple,iPad,iPadOS 26,FALSE,,,,88,
DEV03401,U1686,Smartphone,Apple,iPhone 15,iOS 26.1,TRUE,d99a26f7-c161-4a46-c011-a014246e45c1,FALSE,146,68,T-Mobile
DEV03402,U1687,Smartphone,Apple,iPhone 15,iOS 26.1,TRUE,abab97ea-2917-6655-635e-e255e1ecb93e,TRUE,156,55,Verizon
DEV03403,U1687,Laptop,HP,Spectre x360,Windows 11,FALSE,,,,69,
DEV03404,U1687,Tablet,Apple,iPad Air,iPadOS 26,FALSE,,,,95,
DEV03405,U1688,Smartphone,Apple,iPhone 13,iOS 26.1,TRUE,a231c499-3e55-4b81-ebe7-e5806a649570,FALSE,194,62,AT&T
DEV03406,U1688,Laptop,Lenovo,Yoga Slim,Windows 11,FALSE,,,,73,
DEV03407,U1688,Tablet,Samsung,Galaxy Tab S9,Android 16,FALSE,,,,92,
DEV03408,U1689,Smartphone,Apple,iPhone 15,iOS 26.1,TRUE,92e9ebb7-b17a-67fa-c9b5-ba3c781f4b23,FALSE,122,70,T-Mobile
DEV03409,U1689,Laptop,Dell,XPS 13,Windows 11,FALSE,,,,82,
DEV03410,U1690,Smartphone,Apple,iPhone 15,iOS 18.6,TRUE,295c80f4-8c53-e150-a3c1-94aef91c9e50,FALSE,129,61,Verizon
DEV03411,U1690,Laptop,HP,Spectre x360,Windows 11,FALSE,,,,99,
DEV03412,U1691,Smartphone,Apple,iPhone 16,iOS 26.1,TRUE,fcc99f44-2058-57dd-a86a-87984b7d0ea2,FALSE,155,80,Verizon
DEV03413,U1691,Laptop,Apple,MacBook Air,macOS 26,FALSE,,,,90,
DEV03414,U1691,Tablet,Apple,iPad Air,iPadOS 26,FALSE,,,,100,
DEV03415,U1692,Smartphone,Apple,iPhone 15,iOS 26.1,TRUE,c6c6fd6f-9699-2b29-a36f-7b8c771b352b,FALSE,108,89,Verizon
DEV03416,U1692,Laptop,Apple,MacBook Air,macOS 26,FALSE,,,,95,
DEV03417,U1693,Smartphone,Apple,iPhone 14,iOS 26.1,TRUE,f0fec4d2-6eb3-0f61-a5f7-06c790e4d7e3,TRUE,106,61,AT&T
DEV03418,U1693,Laptop,Apple,MacBook Pro,macOS 26,FALSE,,,,77,
DEV03419,U1693,Tablet,Apple,iPad,iPadOS 26,FALSE,,,,87,
DEV03420,U1694,Smartphone,Apple,iPhone 15,iOS 26.1,TRUE,0325e7d1-1500-2125-967a-7e39065b2240,TRUE,143,80,T-Mobile
DEV03421,U1694,Laptop,Apple,MacBook Pro,macOS 26,FALSE,,,,94,
DEV03422,U1695,Smartphone,Apple,iPhone 16,iOS 26.1,TRUE,c69af49d-fae2-4bdd-0983-f226c1cd2729,FALSE,57,59,AT&T
DEV03423,U1696,Smartphone,Apple,iPhone 13,iOS 26.1,TRUE,9ef0cf29-7d38-1dd5-2e1e-bac63d450023,FALSE,141,33,Verizon
DEV03424,U1696,Laptop,HP,Spectre x360,Windows 11,FALSE,,,,83,
DEV03425,U1697,Smartphone,Apple,iPhone 14,iOS 18.6,TRUE,e14f6831-9c63-8200-273a-6d99be4ab9d2,FALSE,113,54,T-Mobile
DEV03426,U1697,Laptop,Apple,MacBook Air,macOS 26,FALSE,,,,76,
DEV03427,U1698,Smartphone,Apple,iPhone 15,iOS 26.1,TRUE,62e5cad1-5842-f82e-9fac-ef19bb77947b,FALSE,134,49,T-Mobile
DEV03428,U1698,Laptop,Apple,MacBook Pro,macOS 26,FALSE,,,,93,
DEV03429,U1699,Smartphone,Apple,iPhone 14,iOS 26.1,TRUE,65af318b-ab62-0f79-4cfb-aba3a0978270,FALSE,89,57,AT&T
DEV03430,U1699,Laptop,HP,Spectre x360,Windows 11,FALSE,,,,89,
DEV03431,U1700,Smartphone,Apple,iPhone 15,iOS 26.1,TRUE,e4ea6f85-1250-0f25-0b29-9f03ee1bb5b3,FALSE,61,71,Mint Mobile
DEV03432,U1700,Laptop,Apple,MacBook Air,macOS 26,FALSE,,,,76,
DEV03433,U1701,Smartphone,Samsung,Galaxy S25,Android 16,TRUE,411505eb-b671-4b5b-2fcd-ae9e9d521f17,TRUE,97,59,T-Mobile
DEV03434,U1701,Laptop,HP,Spectre x360,Windows 11,FALSE,,,,78,
DEV03435,U1701,Tablet,Apple,iPad Air,iPadOS 26,FALSE,,,,94,
DEV03436,U1702,Smartphone,Apple,iPhone 15,iOS 26.1,TRUE,52e9533c-9507-7839-b78d-c8280e759b3c,FALSE,133,60,T-Mobile
DEV03437,U1702,Tablet,Apple,iPad Air,iPadOS 26,FALSE,,,,92,
DEV03438,U1703,Smartphone,Apple,iPhone 15,iOS 26.1,TRUE,2cafa6a7-461c-b9f3-75f6-7cd0b172ea91,FALSE,214,67,T-Mobile
DEV03439,U1703,Laptop,Apple,MacBook Air,macOS 26,FALSE,,,,100,
DEV03440,U1704,Smartphone,Apple,iPhone 16,iOS 26.1,TRUE,30ca2567-2386-9156-2a8b-809413263c2b,FALSE,133,58,AT&T
DEV03441,U1704,Laptop,Dell,XPS 13,Windows 11,FALSE,,,,99,
DEV03442,U1705,Smartphone,Apple,iPhone 16,iOS 18.6,TRUE,7f28d304-4823-217b-c75f-56892d85f0ee,FALSE,116,60,T-Mobile
DEV03443,U1705,Laptop,Apple,MacBook Air,macOS 26,FALSE,,,,94,
DEV03444,U1706,Smartphone,Apple,iPhone 14,iOS 26.1,TRUE,8b3f4ebf-5868-fc70-f742-c244dce93ee6,TRUE,136,40,AT&T
DEV03445,U1707,Smartphone,Apple,iPhone 16,iOS 26.1,TRUE,61c60eea-7cf0-cb93-27fd-c48ddda5c237,FALSE,129,68,Verizon
DEV03446,U1707,Laptop,Apple,MacBook Pro,macOS 26,FALSE,,,,77,
DEV03447,U1708,Smartphone,Apple,iPhone 14,iOS 26.1,TRUE,aba116b1-1ced-a055-7713-f89581b1ac96,FALSE,156,76,Visible
DEV03448,U1708,Laptop,Apple,MacBook Air,macOS 26,FALSE,,,,93,
DEV03449,U1709,Smartphone,Apple,iPhone 15,iOS 26.1,TRUE,068526a0-15ed-c91a-9cb9-8c3ae94834f6,FALSE,113,73,T-Mobile
DEV03450,U1709,Laptop,Apple,MacBook Air,macOS 26,FALSE,,,,75,
DEV03451,U1710,Smartphone,Apple,iPhone 13,iOS 26.1,TRUE,3d2c8dae-4e10-01cd-0d2b-4396ffc8737d,FALSE,149,78,Verizon
DEV03452,U1710,Laptop,Apple,MacBook Air,macOS 26,FALSE,,,,88,
DEV03453,U1711,Smartphone,Apple,iPhone 14,iOS 26.1,TRUE,10d00531-eb07-2eb4-3882-a6118cd359bb,FALSE,107,59,Verizon
DEV03454,U1711,Laptop,Apple,MacBook Air,macOS 26,FALSE,,,,93,
DEV03455,U1712,Smartphone,Apple,iPhone 17,iOS 26.1,TRUE,887b0eb9-93d0-a93b-d94f-56681cfa4dcb,FALSE,101,57,Verizon
DEV03456,U1712,Laptop,Apple,MacBook Air,macOS 26,FALSE,,,,86,
DEV03457,U1713,Smartphone,Samsung,Galaxy S23,Android 16,TRUE,de3d6eae-7006-d4b1-ac31-2493175bc21e,TRUE,118,75,AT&T
DEV03458,U1713,Laptop,Microsoft,Surface Laptop,Windows 11,FALSE,,,,88,
DEV03459,U1713,Tablet,Apple,iPad,iPadOS 26,FALSE,,,,90,
DEV03460,U1714,Smartphone,Apple,iPhone 15,iOS 18.6,TRUE,96b6b8bb-d0fa-ad9a-cfad-204c3b3c4c71,TRUE,111,77,Verizon
DEV03461,U1714,Laptop,Apple,MacBook Air,macOS 26,FALSE,,,,81,
DEV03462,U1715,Smartphone,Apple,iPhone 15,iOS 18.6,TRUE,7422584d-5eb8-b9da-365d-a4acfe6fb8d8,FALSE,163,58,AT&T
DEV03463,U1715,Laptop,Apple,MacBook Air,macOS 26,FALSE,,,,82,
DEV03464,U1716,Smartphone,Apple,iPhone 14,iOS 26.1,TRUE,dd2fd696-35ee-b31e-b940-bc14ce9e2fd3,FALSE,149,49,T-Mobile
DEV03465,U1716,Laptop,HP,Spectre x360,Windows 11,FALSE,,,,94,
DEV03466,U1717,Smartphone,Apple,iPhone 15,iOS 26.1,TRUE,e345da7f-4481-1884-ef74-208fae1daff0,FALSE,151,55,T-Mobile
DEV03467,U1717,Laptop,Apple,MacBook Pro,macOS 26,FALSE,,,,87,
DEV03468,U1717,Tablet,Apple,iPad Air,iPadOS 26,FALSE,,,,90,
DEV03469,U1718,Smartphone,Apple,iPhone 17,iOS 26.1,TRUE,29cbb8c0-309e-5275-1e76-109c77d517c7,FALSE,120,66,AT&T
DEV03470,U1718,Laptop,Apple,MacBook Air,macOS 26,FALSE,,,,100,
DEV03471,U1718,Tablet,Apple,iPad,iPadOS 26,FALSE,,,,92,
DEV03472,U1719,Smartphone,Apple,iPhone 17,iOS 26.1,TRUE,3034ee64-c68e-8c5d-d472-132b7d566ff7,TRUE,129,67,T-Mobile
DEV03473,U1719,Laptop,Lenovo,Yoga Slim,Windows 11,FALSE,,,,82,
DEV03474,U1720,Smartphone,Google,Pixel 10,Android 16,TRUE,cedc5ec3-16ff-63ff-52c3-231388ec7c05,FALSE,147,69,AT&T
DEV03475,U1720,Laptop,Apple,MacBook Air,macOS 26,FALSE,,,,84,
DEV03476,U1720,Tablet,Apple,iPad Air,iPadOS 26,FALSE,,,,83,
DEV03477,U1721,Smartphone,Apple,iPhone 13,iOS 26.1,TRUE,708d6047-2f63-e4d0-d73b-f7265279cb3b,TRUE,119,57,AT&T
DEV03478,U1721,Laptop,Dell,XPS 13,Windows 11,FALSE,,,,88,
DEV03479,U1722,Smartphone,Apple,iPhone 17,iOS 26.1,TRUE,c547ae9e-6948-9fb1-fee5-0d57e2d7d78d,FALSE,143,50,AT&T
DEV03480,U1722,Laptop,Apple,MacBook Air,macOS 26,FALSE,,,,96,
DEV03481,U1722,Tablet,Apple,iPad Pro,iPadOS 26,FALSE,,,,89,
DEV03482,U1723,Smartphone,Samsung,Galaxy S24,Android 15,TRUE,28b4eb66-e41c-f39d-d944-4c79d5e545ad,TRUE,162,46,T-Mobile
DEV03483,U1723,Laptop,Dell,XPS 13,Windows 11,FALSE,,,,85,
DEV03484,U1724,Smartphone,Apple,iPhone 16,iOS 26.1,TRUE,f8905434-7ee7-bcf2-a23d-7e3074887673,FALSE,101,50,Verizon
DEV03485,U1724,Laptop,Lenovo,Yoga Slim,Windows 11,FALSE,,,,79,
DEV03486,U1724,Tablet,Apple,iPad Air,iPadOS 26,FALSE,,,,100,
DEV03487,U1725,Smartphone,Apple,iPhone 17,iOS 26.1,TRUE,5dae27e2-a74b-ca35-eb53-95fe387cf554,TRUE,119,62,T-Mobile
DEV03488,U1725,Laptop,Apple,MacBook Air,macOS 26,FALSE,,,,86,
DEV03489,U1726,Smartphone,Apple,iPhone 15,iOS 26.1,TRUE,093afb1e-b8ab-92b8-1b39-2fb3488821e4,TRUE,165,65,AT&T
DEV03490,U1726,Laptop,HP,Spectre x360,Windows 11,FALSE,,,,90,
DEV03491,U1727,Smartphone,Apple,iPhone Air,iOS 26.1,TRUE,bacec1ea-2046-331c-6b68-ae816c20f61e,FALSE,111,80,Verizon
DEV03492,U1727,Laptop,Dell,XPS 13,Windows 11,FALSE,,,,84,
DEV03493,U1728,Smartphone,Apple,iPhone 14,iOS 26.1,TRUE,8060b03d-f4c5-4b09-5e94-b09cd2630bc7,FALSE,81,46,Verizon
DEV03494,U1728,Tablet,Apple,iPad,iPadOS 26,FALSE,,,,81,
DEV03495,U1729,Smartphone,Apple,iPhone 16,iOS 26.1,TRUE,ecef4194-8f05-7d70-ec2e-164a77cc3d6e,FALSE,127,78,Verizon
DEV03496,U1729,Laptop,Dell,XPS 13,Windows 11,FALSE,,,,88,
DEV03497,U1729,Tablet,Apple,iPad,iPadOS 26,FALSE,,,,75,
DEV03498,U1730,Smartphone,Apple,iPhone 15,iOS 26.1,TRUE,974ed129-6160-0977-a05e-9a90e731d787,FALSE,105,66,AT&T
DEV03499,U1731,Smartphone,Samsung,Galaxy S24,Android 15,TRUE,05314de2-954c-af8f-2fe0-5506ce069795,TRUE,180,76,AT&T
DEV03500,U1731,Laptop,Apple,MacBook Pro,macOS 26,FALSE,,,,83,
DEV03501,U1732,Smartphone,Apple,iPhone 13,iOS 26.1,TRUE,eed00677-99f8-1ff0-0a52-6dfb40c96197,TRUE,99,56,Mint Mobile
DEV03502,U1732,Laptop,Apple,MacBook Air,macOS 26,FALSE,,,,91,
DEV03503,U1733,Smartphone,Apple,iPhone 14,iOS 26.1,TRUE,f08689ce-5fad-0e3e-656d-a84eb6b18321,FALSE,152,41,T-Mobile
DEV03504,U1733,Laptop,HP,Spectre x360,Windows 11,FALSE,,,,96,
DEV03505,U1734,Smartphone,Apple,iPhone 15,iOS 26.1,TRUE,4802909a-c41c-087a-70b2-adeb0d1018e5,FALSE,178,56,Visible
DEV03506,U1734,Laptop,Apple,MacBook Air,macOS 26,FALSE,,,,89,
DEV03507,U1735,Smartphone,Google,Pixel 9,Android 16,TRUE,7edabd6a-d36d-8ad2-c842-d22595ab5f8d,TRUE,112,71,AT&T
DEV03508,U1735,Laptop,HP,Spectre x360,Windows 11,FALSE,,,,92,
DEV03509,U1735,Tablet,Samsung,Galaxy Tab S9,Android 16,FALSE,,,,89,
DEV03510,U1736,Smartphone,Apple,iPhone 14,iOS 18.6,TRUE,539a0bb5-a02f-d904-34b8-2ff60db9cb55,TRUE,143,53,AT&T
DEV03511,U1736,Laptop,Apple,MacBook Air,macOS 26,FALSE,,,,81,
DEV03512,U1737,Smartphone,Apple,iPhone 15,iOS 26.1,TRUE,45a1ebb2-85f4-e823-c8d9-4227d5a147cb,TRUE,115,74,AT&T
DEV03513,U1737,Laptop,Apple,MacBook Pro,macOS 26,FALSE,,,,72,
DEV03514,U1738,Smartphone,Apple,iPhone 16,iOS 26.1,TRUE,341b59ab-4a8b-5c02-5897-2e78470f1af7,FALSE,101,88,Verizon
DEV03515,U1738,Laptop,Apple,MacBook Air,macOS 26,FALSE,,,,87,
DEV03516,U1738,Tablet,Apple,iPad Pro,iPadOS 26,FALSE,,,,100,
DEV03517,U1739,Smartphone,Samsung,Galaxy S24,Android 16,TRUE,be836cf7-2805-71b6-5c0f-88dd496ff185,TRUE,121,60,AT&T
DEV03518,U1739,Laptop,Apple,MacBook Air,macOS 26,FALSE,,,,96,
DEV03519,U1740,Smartphone,Apple,iPhone 16,iOS 18.6,TRUE,46f81dab-6096-d448-72aa-4d9226003e95,FALSE,125,47,T-Mobile
DEV03520,U1740,Laptop,Apple,MacBook Air,macOS 26,FALSE,,,,100,
DEV03521,U1741,Smartphone,Samsung,Galaxy A56,Android 15,TRUE,5a6d5357-9dca-5f13-cd2e-56e7744cb60c,TRUE,121,65,Cricket
DEV03522,U1741,Laptop,Apple,MacBook Air,macOS 26,FALSE,,,,97,
DEV03523,U1742,Smartphone,Samsung,Galaxy S25,Android 16,TRUE,89ff57b5-e16b-5e1f-cf4f-f2c0e9a60c77,FALSE,120,60,AT&T
DEV03524,U1742,Laptop,Apple,MacBook Air,macOS 26,FALSE,,,,87,
DEV03525,U1743,Smartphone,Apple,iPhone 15,iOS 26.1,TRUE,df79fd3a-d6a1-1cac-0f08-fdaf5ef6beb8,TRUE,111,53,Mint Mobile
DEV03526,U1744,Smartphone,Apple,iPhone 16,iOS 26.1,TRUE,89ebce13-1a93-6841-a1f1-41e61b3754e0,FALSE,80,51,T-Mobile
DEV03527,U1744,Laptop,Apple,MacBook Air,macOS 26,FALSE,,,,99,
DEV03528,U1745,Smartphone,Apple,iPhone 15,iOS 18.6,TRUE,41851751-fbd7-0dd8-a7b4-da9dcf81bbbd,FALSE,100,77,AT&T
DEV03529,U1745,Laptop,Apple,MacBook Air,macOS 26,FALSE,,,,99,
DEV03530,U1745,Tablet,Samsung,Galaxy Tab S9,Android 16,FALSE,,,,84,
DEV03531,U1746,Smartphone,Apple,iPhone 15,iOS 26.1,TRUE,eeaee3b6-5eea-6708-bb9c-5a5ddef74d78,FALSE,189,59,Verizon
DEV03532,U1746,Laptop,Apple,MacBook Air,macOS 26,FALSE,,,,80,
DEV03533,U1746,Tablet,Samsung,Galaxy Tab S9,Android 16,FALSE,,,,84,
DEV03534,U1747,Smartphone,Samsung,Galaxy S24,Android 16,TRUE,d04a3667-0c27-5759-c79c-49e4eb0e4a52,FALSE,106,69,AT&T
DEV03535,U1747,Laptop,Apple,MacBook Air,macOS 26,FALSE,,,,96,
DEV03536,U1748,Smartphone,Google,Pixel 8a,Android 16,TRUE,bbd86be2-9e3b-df3b-8264-abfd7db1dc34,TRUE,192,62,T-Mobile
DEV03537,U1748,Laptop,HP,Spectre x360,Windows 11,FALSE,,,,92,
DEV03538,U1749,Smartphone,Samsung,Galaxy S23,Android 16,TRUE,1954f64f-3324-fd45-7e04-c7af1ee435e0,TRUE,68,67,Mint Mobile
DEV03539,U1749,Laptop,Apple,MacBook Air,macOS 26,FALSE,,,,98,
DEV03540,U1750,Smartphone,Samsung,Galaxy S24,Android 16,TRUE,eb6199ba-24a6-013b-f84d-3f8c14f1dea0,TRUE,139,83,US Cellular
DEV03541,U1750,Tablet,Apple,iPad,iPadOS 26,FALSE,,,,82,
DEV03542,U1751,Smartphone,Apple,iPhone 15,iOS 26.1,TRUE,2350cd1b-6343-c92e-f649-5c8b502b3f8e,FALSE,112,56,AT&T
DEV03543,U1752,Smartphone,Apple,iPhone 14,iOS 26.1,TRUE,ca8a5b05-5a56-a71d-92e5-b71ab49514d4,FALSE,90,51,T-Mobile
DEV03544,U1752,Laptop,Microsoft,Surface Laptop,Windows 11,FALSE,,,,91,
DEV03545,U1752,Tablet,Apple,iPad Pro,iPadOS 26,FALSE,,,,100,
DEV03546,U1753,Smartphone,Apple,iPhone Air,iOS 26.1,TRUE,3c865902-653e-f9cf-0efa-7cd139af08a1,FALSE,100,61,T-Mobile
DEV03547,U1753,Laptop,Microsoft,Surface Laptop,Windows 11,FALSE,,,,93,
DEV03548,U1753,Tablet,Apple,iPad Pro,iPadOS 26,FALSE,,,,86,
DEV03549,U1754,Smartphone,Apple,iPhone 15,iOS 26.1,TRUE,c5c63f80-7dc9-2225-242a-ef2c566adba5,FALSE,91,64,AT&T
DEV03550,U1754,Laptop,Apple,MacBook Air,macOS 26,FALSE,,,,87,
DEV03551,U1755,Smartphone,Apple,iPhone 15,iOS 18.6,TRUE,6ca812f5-cf6d-c43e-4a28-c15597356bba,TRUE,112,56,Verizon
DEV03552,U1755,Laptop,Apple,MacBook Air,macOS 26,FALSE,,,,97,
DEV03553,U1755,Tablet,Apple,iPad,iPadOS 26,FALSE,,,,85,
DEV03554,U1756,Smartphone,Google,Pixel 10,Android 16,TRUE,d13bdb9a-39fc-eb24-b3c3-a8b16a44c0e1,TRUE,138,69,AT&T
DEV03555,U1756,Laptop,Apple,MacBook Air,macOS 26,FALSE,,,,89,
DEV03556,U1756,Tablet,Samsung,Galaxy Tab S9,Android 16,FALSE,,,,89,
DEV03557,U1757,Smartphone,Apple,iPhone 13,iOS 26.1,TRUE,24a94b06-48b5-ce7b-053f-1dcff241b364,FALSE,116,72,AT&T
DEV03558,U1758,Smartphone,Apple,iPhone 13,iOS 26.1,TRUE,b8c497f2-5f77-0f1e-bfb3-98db4ff1a581,FALSE,111,62,Verizon
DEV03559,U1758,Laptop,Dell,XPS 13,Windows 11,FALSE,,,,85,
DEV03560,U1758,Tablet,Apple,iPad,iPadOS 26,FALSE,,,,86,
DEV03561,U1759,Smartphone,Apple,iPhone Air,iOS 26.1,TRUE,d0896e20-7a43-1fd2-9ef0-9c2cbcd02a3e,FALSE,124,75,Verizon
DEV03562,U1759,Laptop,Apple,MacBook Air,macOS 26,FALSE,,,,96,
DEV03563,U1760,Smartphone,Apple,iPhone 16,iOS 26.1,TRUE,17fe8039-5762-141e-62fe-e2e5c80e1cda,FALSE,140,73,AT&T
DEV03564,U1760,Tablet,Samsung,Galaxy Tab S9,Android 16,FALSE,,,,86,
DEV03565,U1761,Smartphone,Google,Pixel 10,Android 15,TRUE,fedd2532-001d-8e0e-e9ea-476942843bbb,TRUE,124,40,Visible
DEV03566,U1761,Laptop,HP,Spectre x360,Windows 11,FALSE,,,,81,
DEV03567,U1762,Smartphone,Samsung,Galaxy S24,Android 16,TRUE,5e1c363e-791d-c500-78f5-df434785daf4,TRUE,107,67,T-Mobile
DEV03568,U1763,Smartphone,Apple,iPhone 15,iOS 26.1,TRUE,a3625049-6823-d579-4885-da4cd34bde21,FALSE,80,47,AT&T
DEV03569,U1763,Laptop,Apple,MacBook Air,macOS 26,FALSE,,,,78,
DEV03570,U1763,Tablet,Apple,iPad Air,iPadOS 26,FALSE,,,,91,
DEV03571,U1764,Smartphone,Apple,iPhone 15,iOS 26.1,TRUE,4604152c-09d5-5f73-3109-dd21a3cd57a0,FALSE,96,77,Verizon
DEV03572,U1764,Laptop,Apple,MacBook Pro,macOS 26,FALSE,,,,72,
DEV03573,U1765,Smartphone,Apple,iPhone 15,iOS 26.1,TRUE,f7ef09c5-8990-e748-a96f-103adb75effc,FALSE,150,67,Verizon
DEV03574,U1765,Laptop,Lenovo,Yoga Slim,Windows 11,FALSE,,,,86,
DEV03575,U1766,Smartphone,Apple,iPhone 15,iOS 26.1,TRUE,45af38db-842e-ac40-b6db-e821f2bd9312,FALSE,81,72,Verizon
DEV03576,U1767,Smartphone,Apple,iPhone 14,iOS 26.1,TRUE,d4f2ad97-7ab0-516c-ad7c-221891cc89a2,TRUE,90,55,Mint Mobile
DEV03577,U1767,Laptop,Apple,MacBook Air,macOS 26,FALSE,,,,77,
DEV03578,U1767,Tablet,Apple,iPad,iPadOS 26,FALSE,,,,98,
DEV03579,U1768,Smartphone,Apple,iPhone 13,iOS 26.1,TRUE,7d2f73bd-125e-a22b-7c42-1fe2d1d5ef78,TRUE,137,57,T-Mobile
DEV03580,U1768,Laptop,Dell,XPS 13,Windows 11,FALSE,,,,100,
DEV03581,U1768,Tablet,Apple,iPad,iPadOS 26,FALSE,,,,95,
DEV03582,U1769,Smartphone,Apple,iPhone 17,iOS 26.1,TRUE,59286040-6b68-f840-a7f2-86a2c4e8a39c,TRUE,128,53,Visible
DEV03583,U1770,Smartphone,Apple,iPhone 16,iOS 26.1,TRUE,034238e0-5776-dcd2-4a98-0471db15cfe4,FALSE,104,57,T-Mobile
DEV03584,U1770,Laptop,Apple,MacBook Pro,macOS 26,FALSE,,,,83,
DEV03585,U1770,Tablet,Samsung,Galaxy Tab S9,Android 16,FALSE,,,,92,
DEV03586,U1771,Smartphone,Samsung,Galaxy A56,Android 16,TRUE,f9b98a01-c308-baaa-bdab-df35ccdda7d6,TRUE,191,61,AT&T
DEV03587,U1771,Laptop,Apple,MacBook Pro,macOS 26,FALSE,,,,97,
DEV03588,U1771,Tablet,Apple,iPad Air,iPadOS 26,FALSE,,,,87,
DEV03589,U1772,Smartphone,Apple,iPhone 14,iOS 26.1,TRUE,e9044aad-151c-c8a1-1db1-36cddafc16f0,FALSE,99,41,T-Mobile
DEV03590,U1772,Laptop,Lenovo,Gaming Laptop,Windows 11,FALSE,,,,100,
DEV03591,U1773,Smartphone,Apple,iPhone 15,iOS 18.6,TRUE,036fdcc6-baf7-96bf-814a-ba7f188b3e82,TRUE,95,81,Verizon
DEV03592,U1774,Smartphone,Apple,iPhone 15,iOS 26.1,TRUE,26b65c25-41a7-668b-7ed0-fa22dfd3bd93,FALSE,163,71,Verizon
DEV03593,U1774,Laptop,Apple,MacBook Air,macOS 26,FALSE,,,,86,
DEV03594,U1775,Smartphone,Apple,iPhone 13,iOS 26.1,TRUE,4f971b93-054a-0ca6-be19-727ac029e61b,TRUE,112,61,T-Mobile
DEV03595,U1775,Laptop,Apple,MacBook Pro,macOS 26,FALSE,,,,97,
DEV03596,U1776,Smartphone,Google,Pixel 8a,Android 16,TRUE,e21c56fa-5b4b-c4c3-097f-2ab33e88ed9f,FALSE,36,61,T-Mobile
DEV03597,U1776,Laptop,Microsoft,Surface Laptop,Windows 11,FALSE,,,,73,
DEV03598,U1777,Smartphone,Apple,iPhone 17,iOS 26.1,TRUE,57ac5d91-1301-74e0-189f-88279f4edf18,FALSE,136,81,AT&T
DEV03599,U1778,Smartphone,Apple,iPhone 14,iOS 26.1,TRUE,c4776480-43eb-ce56-5324-4d73be856bcc,TRUE,116,54,AT&T
DEV03600,U1778,Laptop,Apple,MacBook Air,macOS 26,FALSE,,,,91,
DEV03601,U1779,Smartphone,Apple,iPhone 16,iOS 26.1,TRUE,dc624a50-0f14-b5d3-b538-2208b7db1a4a,FALSE,97,55,Verizon
DEV03602,U1779,Laptop,Apple,MacBook Air,macOS 26,FALSE,,,,73,
DEV03603,U1780,Smartphone,Apple,iPhone 13,iOS 18.6,TRUE,475f253f-7820-1b24-0579-9fb7a4d8d111,FALSE,112,66,Verizon
DEV03604,U1780,Laptop,Apple,MacBook Pro,macOS 26,FALSE,,,,96,
DEV03605,U1781,Smartphone,Samsung,Galaxy S25,Android 16,TRUE,aeec931f-b5ce-037d-ce0e-b37fecb369c3,FALSE,150,57,T-Mobile
DEV03606,U1782,Smartphone,Samsung,Galaxy S25,Android 15,TRUE,23a58b72-f793-8a1a-6f58-d98fb46b783b,TRUE,66,56,T-Mobile
DEV03607,U1783,Smartphone,Motorola,Moto G Power,Android 16,TRUE,d2693b78-7bb1-fe4d-b0be-15c83671e9ea,FALSE,130,47,AT&T
DEV03608,U1783,Laptop,Apple,MacBook Pro,macOS 26,FALSE,,,,88,
DEV03609,U1784,Smartphone,Apple,iPhone Air,iOS 18.6,TRUE,9dd4b0dc-3bde-78a1-3f21-bae1a487a9e8,TRUE,107,61,Verizon
DEV03610,U1784,Laptop,Dell,XPS 13,Windows 11,FALSE,,,,100,
DEV03611,U1784,Tablet,Apple,iPad Air,iPadOS 26,FALSE,,,,93,
DEV03612,U1785,Smartphone,Google,Pixel 9,Android 16,TRUE,f505cb3a-690e-644d-d054-d1bff81d32d8,TRUE,150,67,T-Mobile
DEV03613,U1785,Laptop,Apple,MacBook Air,macOS 26,FALSE,,,,85,
DEV03614,U1786,Smartphone,Apple,iPhone 16,iOS 26.1,TRUE,bee27c44-c3c6-e226-e7a7-c7ceb19be338,FALSE,157,74,Cricket
DEV03615,U1786,Tablet,Apple,iPad,iPadOS 26,FALSE,,,,95,
DEV03616,U1787,Smartphone,Apple,iPhone 14,iOS 26.1,TRUE,15effcd5-092e-93a9-80bf-ffe9bf9fbcab,TRUE,99,71,AT&T
DEV03617,U1788,Smartphone,Google,Pixel 10,Android 16,TRUE,6f8ae037-94f0-47ea-9996-860316645032,TRUE,116,52,T-Mobile
DEV03618,U1788,Laptop,HP,Spectre x360,Windows 11,FALSE,,,,82,
DEV03619,U1789,Smartphone,Apple,iPhone 17,iOS 26.1,TRUE,a5c931d3-4c82-3f09-2099-731e8d8c2bf2,TRUE,109,53,Verizon
DEV03620,U1789,Laptop,Apple,MacBook Air,macOS 26,FALSE,,,,81,
DEV03621,U1789,Tablet,Apple,iPad Pro,iPadOS 26,FALSE,,,,86,
DEV03622,U1790,Smartphone,Motorola,Motorola Edge,Android 16,TRUE,1317f343-83c9-937a-4e84-e4282d8418b2,TRUE,100,63,Verizon
DEV03623,U1790,Tablet,Apple,iPad,iPadOS 26,FALSE,,,,100,
DEV03624,U1791,Smartphone,Apple,iPhone 16,iOS 26.1,TRUE,8a4bf7b7-dda8-ed6d-d015-704ec40058d9,FALSE,121,57,Verizon
DEV03625,U1791,Laptop,Apple,MacBook Air,macOS 26,FALSE,,,,82,
DEV03626,U1792,Smartphone,Apple,iPhone 15,iOS 26.1,TRUE,71918f2d-6712-fe5e-25cf-31b0508ac57f,FALSE,74,77,AT&T
DEV03627,U1792,Laptop,Apple,MacBook Air,macOS 26,FALSE,,,,88,
DEV03628,U1792,Tablet,Apple,iPad Air,iPadOS 26,FALSE,,,,97,
DEV03629,U1793,Smartphone,Apple,iPhone Air,iOS 18.6,TRUE,7b8947dd-1adf-afd1-fee0-55ea8a458b3b,FALSE,173,62,AT&T
DEV03630,U1793,Laptop,Lenovo,Yoga Slim,Windows 11,FALSE,,,,80,
DEV03631,U1794,Smartphone,Apple,iPhone 15,iOS 26.1,TRUE,6f4edbf2-2150-f745-7736-54d91af7519a,FALSE,136,64,T-Mobile
DEV03632,U1794,Laptop,Microsoft,Surface Laptop,Windows 11,FALSE,,,,70,
DEV03633,U1795,Smartphone,Apple,iPhone 16,iOS 26.1,TRUE,ed69b2d3-e49b-25bd-0506-eab06278231e,FALSE,121,76,Verizon
DEV03634,U1795,Laptop,HP,Spectre x360,Windows 11,FALSE,,,,87,
DEV03635,U1796,Smartphone,Apple,iPhone 16,iOS 26.1,TRUE,26e307b9-a5b3-6fee-913c-7fac5f524d3c,FALSE,104,71,Visible
DEV03636,U1796,Laptop,Dell,XPS 13,Windows 11,FALSE,,,,82,
DEV03637,U1797,Smartphone,Apple,iPhone 15,iOS 26.1,TRUE,0580c859-5947-28b4-6c7b-6a4ad6a2efb5,FALSE,91,40,Verizon
DEV03638,U1797,Laptop,Apple,MacBook Air,macOS 26,FALSE,,,,80,
DEV03639,U1798,Smartphone,Google,Pixel 8a,Android 16,TRUE,02aad8bf-b870-a116-e0dd-2d3dce4844fd,TRUE,89,66,AT&T
DEV03640,U1798,Laptop,Apple,MacBook Air,macOS 26,FALSE,,,,94,
DEV03641,U1799,Smartphone,Apple,iPhone 15,iOS 26.1,TRUE,5ef617f5-41a3-2751-223a-4a024545f8a6,FALSE,154,47,Verizon
DEV03642,U1800,Smartphone,Apple,iPhone 14,iOS 26.1,TRUE,b26b8585-aa9f-2175-b7e5-3e42998eb2ff,FALSE,101,73,AT&T
DEV03643,U1800,Laptop,Apple,MacBook Pro,macOS 26,FALSE,,,,81,
DEV03644,U1801,Smartphone,Apple,iPhone 14,iOS 26.1,TRUE,100b41ee-ffbb-9ce8-27ca-9d7d170e9e6b,FALSE,147,41,AT&T
DEV03645,U1801,Laptop,Apple,MacBook Air,macOS 26,FALSE,,,,86,
DEV03646,U1802,Smartphone,Apple,iPhone 14,iOS 26.1,TRUE,301d9465-3eae-2273-b7fd-a2c76a7b2474,FALSE,157,71,AT&T
DEV03647,U1802,Laptop,Apple,MacBook Air,macOS 26,FALSE,,,,83,
DEV03648,U1803,Smartphone,Apple,iPhone 13,iOS 26.1,TRUE,043feb45-c2db-ac0f-9c8c-8e5a301486fe,FALSE,94,51,Verizon
DEV03649,U1804,Smartphone,Apple,iPhone 15,iOS 26.1,TRUE,8e9715fe-08f2-522e-1565-053d953b5fcf,TRUE,101,59,Verizon
DEV03650,U1804,Laptop,Apple,MacBook Air,macOS 26,FALSE,,,,85,
DEV03651,U1805,Smartphone,Apple,iPhone 14,iOS 26.1,TRUE,6d664ee7-d81a-107b-120d-081ece0fe3f4,FALSE,77,51,Verizon
DEV03652,U1805,Laptop,HP,Spectre x360,Windows 11,FALSE,,,,82,
DEV03653,U1805,Tablet,Apple,iPad,iPadOS 26,FALSE,,,,100,
DEV03654,U1806,Smartphone,Samsung,Galaxy S25,Android 16,TRUE,eaf2418b-f079-9a4b-85b4-bfc912fcc848,FALSE,96,76,T-Mobile
DEV03655,U1806,Laptop,HP,Spectre x360,Windows 11,FALSE,,,,90,
DEV03656,U1807,Smartphone,Apple,iPhone 14,iOS 26.1,TRUE,cc1262ae-43e0-08e6-2a88-45c55075d64b,FALSE,119,38,Verizon
DEV03657,U1807,Laptop,Dell,XPS 13,Windows 11,FALSE,,,,95,
DEV03658,U1807,Tablet,Apple,iPad,iPadOS 26,FALSE,,,,87,
DEV03659,U1808,Smartphone,Apple,iPhone 17,iOS 26.1,TRUE,6a587711-91a1-3603-38da-de1964dae587,TRUE,103,56,Verizon
DEV03660,U1808,Laptop,Apple,MacBook Air,macOS 26,FALSE,,,,100,
DEV03661,U1809,Smartphone,Apple,iPhone 14,iOS 26.1,TRUE,e2b4598a-27d5-50a4-463d-4ed5fdfb5c70,TRUE,148,48,AT&T
DEV03662,U1810,Smartphone,Google,Pixel 9,Android 16,TRUE,3cd6bad5-5513-118e-65b7-debab189a840,FALSE,102,57,Verizon
DEV03663,U1810,Laptop,HP,Spectre x360,Windows 11,FALSE,,,,86,
DEV03664,U1810,Tablet,Apple,iPad,iPadOS 26,FALSE,,,,93,
DEV03665,U1811,Smartphone,Apple,iPhone 16,iOS 26.1,TRUE,5aaf989b-df8c-8103-0fd2-3d9db6015abb,FALSE,105,69,AT&T
DEV03666,U1811,Laptop,HP,Spectre x360,Windows 11,FALSE,,,,100,
DEV03667,U1812,Smartphone,Apple,iPhone 14,iOS 26.1,TRUE,e2f4ce56-6dc9-f08a-ae12-991688b587ce,FALSE,113,52,Mint Mobile
DEV03668,U1812,Laptop,Apple,MacBook Air,macOS 26,FALSE,,,,82,
DEV03669,U1812,Tablet,Apple,iPad,iPadOS 26,FALSE,,,,95,
DEV03670,U1813,Smartphone,Apple,iPhone 14,iOS 18.6,TRUE,941166b7-1ed0-05dc-77c0-50a73d59bcac,TRUE,89,50,Verizon
DEV03671,U1813,Laptop,Microsoft,Surface Laptop,Windows 11,FALSE,,,,84,
DEV03672,U1814,Smartphone,Apple,iPhone 15,iOS 26.1,TRUE,f8808ffd-39a8-2f64-6575-12f16d36d39b,TRUE,136,68,Verizon
DEV03673,U1814,Laptop,Apple,MacBook Air,macOS 26,FALSE,,,,85,
DEV03674,U1815,Smartphone,Apple,iPhone 15,iOS 26.1,TRUE,7f2116a8-d508-f3d8-f8ad-48a4258892c5,FALSE,112,71,T-Mobile
DEV03675,U1815,Laptop,Apple,MacBook Air,macOS 26,FALSE,,,,86,
DEV03676,U1816,Smartphone,Apple,iPhone 16,iOS 26.1,TRUE,4ab8739e-d187-7247-041c-8aa9e3be93ce,TRUE,125,70,T-Mobile
DEV03677,U1816,Laptop,Apple,MacBook Pro,macOS 26,FALSE,,,,80,
DEV03678,U1817,Smartphone,Apple,iPhone 17,iOS 26.1,TRUE,8ae4048c-4202-879e-287b-919dc122347c,FALSE,144,80,Verizon
DEV03679,U1817,Tablet,Apple,iPad Pro,iPadOS 26,FALSE,,,,71,
DEV03680,U1818,Smartphone,Apple,iPhone 15,iOS 26.1,TRUE,a9ca29a7-7082-def0-23e1-20fcedc5bf50,FALSE,64,77,Visible
DEV03681,U1819,Smartphone,Apple,iPhone 14,iOS 26.1,TRUE,8508aba1-fd9d-5aa3-eb82-4c7bbd9b11cd,FALSE,118,72,AT&T
DEV03682,U1819,Laptop,Apple,MacBook Air,macOS 26,FALSE,,,,85,
DEV03683,U1820,Smartphone,Samsung,Galaxy A56,Android 16,TRUE,5e0d39f1-a433-325e-bae6-2ce91824f278,TRUE,136,72,Verizon
DEV03684,U1820,Tablet,Apple,iPad Pro,iPadOS 26,FALSE,,,,93,
DEV03685,U1821,Smartphone,Apple,iPhone 14,iOS 26.1,TRUE,b4a94d40-b244-5b3a-097f-21a4d7e42485,FALSE,92,79,AT&T
DEV03686,U1821,Laptop,Apple,MacBook Air,macOS 26,FALSE,,,,91,
DEV03687,U1822,Smartphone,Motorola,Moto G Power,Android 16,TRUE,339cc0aa-1d82-faa1-723f-2c64843f2119,FALSE,48,80,Verizon
DEV03688,U1822,Laptop,Apple,MacBook Air,macOS 26,FALSE,,,,94,
DEV03689,U1822,Tablet,Apple,iPad Pro,iPadOS 26,FALSE,,,,93,
DEV03690,U1823,Smartphone,Apple,iPhone Air,iOS 26.1,TRUE,3c01c6e0-a95e-09c2-42d6-e585cec06aaa,FALSE,147,71,Verizon
DEV03691,U1823,Laptop,Lenovo,Yoga Slim,Windows 11,FALSE,,,,84,
DEV03692,U1823,Tablet,Apple,iPad,iPadOS 26,FALSE,,,,96,
DEV03693,U1824,Smartphone,Apple,iPhone 13,iOS 26.1,TRUE,f079f933-464f-060f-65d4-f80ce5a67444,FALSE,121,63,AT&T
DEV03694,U1824,Laptop,HP,Spectre x360,Windows 11,FALSE,,,,88,
DEV03695,U1824,Tablet,Apple,iPad Pro,iPadOS 26,FALSE,,,,90,
DEV03696,U1825,Smartphone,Apple,iPhone 15,iOS 26.1,TRUE,fce2f542-bffa-6bbc-598a-1c44129cadc4,FALSE,102,80,AT&T
DEV03697,U1825,Laptop,Apple,MacBook Air,macOS 26,FALSE,,,,99,
DEV03698,U1825,Tablet,Apple,iPad,iPadOS 26,FALSE,,,,100,
DEV03699,U1826,Smartphone,Apple,iPhone 13,iOS 26.1,TRUE,04fcc43f-3b2c-d4c9-2f32-a5d524692a7e,TRUE,72,70,AT&T
DEV03700,U1826,Laptop,HP,Spectre x360,Windows 11,FALSE,,,,84,
DEV03701,U1826,Tablet,Apple,iPad Air,iPadOS 26,FALSE,,,,86,
DEV03702,U1827,Smartphone,Apple,iPhone 13,iOS 18.6,TRUE,d168e846-6407-0de2-b230-0832d122df38,FALSE,123,43,AT&T
DEV03703,U1827,Laptop,Apple,MacBook Pro,macOS 26,FALSE,,,,98,
DEV03704,U1828,Smartphone,Apple,iPhone 14,iOS 26.1,TRUE,899b27cf-0537-6c06-034c-32055e256b6a,FALSE,93,29,T-Mobile
DEV03705,U1828,Laptop,Dell,XPS 13,Windows 11,FALSE,,,,78,
DEV03706,U1829,Smartphone,Apple,iPhone 16,iOS 26.1,TRUE,33880f05-3ffb-e31b-e27f-d8a2aebe4d05,FALSE,146,65,Verizon
DEV03707,U1829,Laptop,HP,Spectre x360,Windows 11,FALSE,,,,86,
DEV03708,U1830,Smartphone,Samsung,Galaxy S23,Android 16,TRUE,047853bd-f20c-7622-c285-5868df5273c4,TRUE,138,59,T-Mobile
DEV03709,U1830,Laptop,Apple,MacBook Air,macOS 26,FALSE,,,,95,
DEV03710,U1830,Tablet,Apple,iPad Air,iPadOS 26,FALSE,,,,91,
DEV03711,U1831,Smartphone,Apple,iPhone 15,iOS 26.1,TRUE,9cf49c21-de91-f500-5020-f312cef83ad6,FALSE,124,74,Verizon
DEV03712,U1831,Laptop,HP,Spectre x360,Windows 11,FALSE,,,,85,
DEV03713,U1831,Tablet,Apple,iPad Pro,iPadOS 26,FALSE,,,,100,
DEV03714,U1832,Smartphone,Apple,iPhone 16,iOS 26.1,TRUE,cc3fcff7-5ef0-d4d3-8031-cd17cdd3e1da,FALSE,143,52,Mint Mobile
DEV03715,U1832,Laptop,Apple,MacBook Air,macOS 26,FALSE,,,,94,
DEV03716,U1833,Smartphone,Apple,iPhone 17,iOS 26.1,TRUE,9747446d-7b15-ac2d-21d0-d8a2ad6a2bb2,FALSE,137,57,T-Mobile
DEV03717,U1833,Laptop,Apple,MacBook Pro,macOS 26,FALSE,,,,84,
DEV03718,U1833,Tablet,Apple,iPad,iPadOS 26,FALSE,,,,87,
DEV03719,U1834,Smartphone,Apple,iPhone 15,iOS 26.1,TRUE,2572af07-86a4-7154-68d3-ecfe7879f71d,TRUE,102,64,T-Mobile
DEV03720,U1834,Laptop,Apple,MacBook Pro,macOS 26,FALSE,,,,89,
DEV03721,U1835,Smartphone,Apple,iPhone 14,iOS 26.1,TRUE,5ea23dc1-17db-dc35-b4cf-336e03d39cad,FALSE,110,71,Verizon
DEV03722,U1835,Laptop,Apple,MacBook Air,macOS 26,FALSE,,,,86,
DEV03723,U1835,Tablet,Apple,iPad Air,iPadOS 26,FALSE,,,,81,
DEV03724,U1836,Smartphone,Samsung,Galaxy S25,Android 16,TRUE,300cb955-a500-2de0-29a3-b3a13e529c09,TRUE,66,65,Verizon
DEV03725,U1836,Laptop,Apple,MacBook Air,macOS 26,FALSE,,,,91,
DEV03726,U1837,Smartphone,Google,Pixel 10,Android 16,TRUE,31ab3065-5c32-e548-721d-89528f776468,FALSE,95,71,Verizon
DEV03727,U1837,Laptop,Dell,XPS 13,Windows 11,FALSE,,,,88,
DEV03728,U1838,Smartphone,Apple,iPhone 14,iOS 26.1,TRUE,c3a42ba8-2e16-b5ba-0719-ebe1cb51587a,FALSE,89,44,Verizon
DEV03729,U1838,Laptop,Apple,MacBook Pro,macOS 26,FALSE,,,,82,
DEV03730,U1838,Tablet,Apple,iPad Pro,iPadOS 26,FALSE,,,,81,
DEV03731,U1839,Smartphone,Apple,iPhone Air,iOS 26.1,TRUE,01a96202-c6f6-126d-14bb-ebd78117a88c,TRUE,126,63,T-Mobile
DEV03732,U1840,Smartphone,Apple,iPhone 14,iOS 26.1,TRUE,b6c00d82-0c4e-878b-4f0d-30c10e7c0530,TRUE,128,65,Verizon
DEV03733,U1840,Tablet,Apple,iPad Air,iPadOS 26,FALSE,,,,76,
DEV03734,U1841,Smartphone,Apple,iPhone 16,iOS 26.1,TRUE,03183ab5-f034-7d4b-657d-40c57bcd6c40,FALSE,168,67,Verizon
DEV03735,U1841,Laptop,HP,Spectre x360,Windows 11,FALSE,,,,90,
DEV03736,U1842,Smartphone,Google,Pixel 9,Android 15,TRUE,9f40cce9-4c9e-a80d-68fd-c0aec788adaa,TRUE,111,56,T-Mobile
DEV03737,U1843,Smartphone,Apple,iPhone Air,iOS 26.1,TRUE,da6a5644-374c-d59f-90a1-4a340d7c93d3,FALSE,123,92,AT&T
DEV03738,U1843,Laptop,Apple,MacBook Pro,macOS 26,FALSE,,,,74,
DEV03739,U1844,Smartphone,Samsung,Galaxy S25,Android 16,TRUE,37bb96b4-97a1-faf5-0b88-d26cd60d558d,FALSE,89,62,Verizon
DEV03740,U1844,Laptop,HP,Spectre x360,Windows 11,FALSE,,,,90,
DEV03741,U1845,Smartphone,Apple,iPhone 14,iOS 26.1,TRUE,5c7e074d-5c9e-f170-c717-8bcf1d3bf312,FALSE,163,87,Verizon
DEV03742,U1845,Laptop,Apple,MacBook Air,macOS 26,FALSE,,,,77,
DEV03743,U1845,Tablet,Apple,iPad Air,iPadOS 26,FALSE,,,,80,
DEV03744,U1846,Smartphone,Apple,iPhone 13,iOS 18.6,TRUE,21dc916e-62ee-996f-d7f9-92c7ac51c517,FALSE,130,64,Verizon
DEV03745,U1846,Laptop,Apple,MacBook Air,macOS 26,FALSE,,,,86,
DEV03746,U1847,Smartphone,Apple,iPhone 15,iOS 26.1,TRUE,d72e0bc0-4848-a5f6-535c-383f43b16f02,FALSE,107,81,AT&T
DEV03747,U1847,Laptop,Apple,MacBook Air,macOS 26,FALSE,,,,90,
DEV03748,U1848,Smartphone,Apple,iPhone 13,iOS 18.6,TRUE,6c594dbe-f414-d545-7b03-1d5ce517d8b5,FALSE,144,31,AT&T
DEV03749,U1848,Laptop,Apple,MacBook Pro,macOS 26,FALSE,,,,98,
DEV03750,U1849,Smartphone,Apple,iPhone 15,iOS 26.1,TRUE,39fee5e0-9bde-2ac5-8934-ca5f925dd2b2,TRUE,134,68,T-Mobile
DEV03751,U1850,Smartphone,Apple,iPhone 14,iOS 26.1,TRUE,c286ac3c-363f-14bc-dd4a-c061088b7fa5,FALSE,97,68,AT&T
DEV03752,U1850,Laptop,Apple,MacBook Air,macOS 26,FALSE,,,,89,
DEV03753,U1851,Smartphone,Samsung,Galaxy S25,Android 16,TRUE,39b1ab3d-a19f-aadf-a957-73a870914a5c,TRUE,175,64,AT&T
DEV03754,U1851,Laptop,Apple,MacBook Air,macOS 26,FALSE,,,,85,
DEV03755,U1852,Smartphone,Apple,iPhone 14,iOS 26.1,TRUE,2bc0019e-fae8-bfdb-377b-990dee7d6bec,TRUE,98,63,T-Mobile
DEV03756,U1852,Laptop,Lenovo,Yoga Slim,Windows 11,FALSE,,,,97,
DEV03757,U1853,Smartphone,Apple,iPhone 14,iOS 26.1,TRUE,56f6ad79-e762-c7ae-6332-41da14bec942,FALSE,99,61,T-Mobile
DEV03758,U1853,Tablet,Apple,iPad Air,iPadOS 26,FALSE,,,,91,
DEV03759,U1854,Smartphone,Apple,iPhone 16,iOS 26.1,TRUE,3d765e60-56c0-23ec-5001-d163d8264481,FALSE,132,64,AT&T
DEV03760,U1854,Laptop,HP,Spectre x360,Windows 11,FALSE,,,,84,
DEV03761,U1855,Smartphone,Samsung,Galaxy A56,Android 15,TRUE,19484e6b-9cd4-b2ac-7c9f-651de07e5541,TRUE,82,68,T-Mobile
DEV03762,U1856,Smartphone,Apple,iPhone 13,iOS 26.1,TRUE,3332cc41-7e23-0684-7523-27afeb37270f,FALSE,107,27,AT&T
DEV03763,U1856,Tablet,Apple,iPad,iPadOS 26,FALSE,,,,89,
DEV03764,U1857,Smartphone,Apple,iPhone 17,iOS 26.1,TRUE,f01a772a-976b-7306-b830-ec08b916406a,FALSE,103,55,Verizon
DEV03765,U1857,Tablet,Apple,iPad,iPadOS 26,FALSE,,,,83,
DEV03766,U1858,Smartphone,Google,Pixel 10,Android 16,TRUE,a2e85a92-c100-1200-90a2-28ec57a50420,FALSE,151,49,T-Mobile
DEV03767,U1858,Laptop,Apple,MacBook Pro,macOS 26,FALSE,,,,100,
DEV03768,U1859,Smartphone,Apple,iPhone 13,iOS 26.1,TRUE,1383d187-7fc3-b616-6db1-f9b3d098e9f8,FALSE,57,60,Cricket
DEV03769,U1859,Laptop,HP,Spectre x360,Windows 11,FALSE,,,,91,
DEV03770,U1860,Smartphone,Apple,iPhone 13,iOS 26.1,TRUE,9ad8809a-f60c-c038-d20a-12255c201ca0,TRUE,86,76,Verizon
DEV03771,U1860,Laptop,Apple,MacBook Air,macOS 26,FALSE,,,,89,
DEV03772,U1861,Smartphone,Apple,iPhone 15,iOS 26.1,TRUE,1e389626-dbe8-c2df-b753-fb66ed339b03,FALSE,102,59,Verizon
DEV03773,U1861,Laptop,Apple,MacBook Air,macOS 26,FALSE,,,,81,
DEV03774,U1862,Smartphone,Samsung,Galaxy A56,Android 15,TRUE,11b70704-85ef-55f2-f70b-24ed60fca3bb,TRUE,100,70,T-Mobile
DEV03775,U1862,Laptop,Apple,MacBook Air,macOS 26,FALSE,,,,93,
DEV03776,U1863,Smartphone,Apple,iPhone 16,iOS 26.1,TRUE,b64afb3f-5790-7c0c-3640-887f2df60884,FALSE,93,49,T-Mobile
DEV03777,U1863,Laptop,Apple,MacBook Pro,macOS 26,FALSE,,,,86,
DEV03778,U1863,Tablet,Apple,iPad Air,iPadOS 26,FALSE,,,,83,
DEV03779,U1864,Smartphone,Samsung,Galaxy S23,Android 15,TRUE,8e2c9f8d-9ec5-09c4-5b25-81d97c4b5d4a,TRUE,99,53,AT&T
DEV03780,U1864,Laptop,Apple,MacBook Air,macOS 26,FALSE,,,,92,
DEV03781,U1864,Tablet,Apple,iPad,iPadOS 26,FALSE,,,,89,
DEV03782,U1865,Smartphone,Motorola,Motorola Edge,Android 15,TRUE,9bf4c2c2-b935-a938-0c83-bf912695753b,TRUE,108,49,Mint Mobile
DEV03783,U1866,Smartphone,Apple,iPhone 15,iOS 26.1,TRUE,dc4790f2-637c-ac0f-6aa6-9b818b0b242d,FALSE,95,46,Cricket
DEV03784,U1866,Laptop,Apple,MacBook Air,macOS 26,FALSE,,,,99,
DEV03785,U1867,Smartphone,Apple,iPhone 15,iOS 26.1,TRUE,dc1c731d-43cb-13f1-5edd-a5390909d6eb,FALSE,65,59,AT&T
DEV03786,U1867,Laptop,Apple,MacBook Air,macOS 26,FALSE,,,,97,
DEV03787,U1868,Smartphone,Apple,iPhone Air,iOS 26.1,TRUE,82cfe04e-17a2-eef8-c1d0-6021c28d09fb,TRUE,86,65,Verizon
DEV03788,U1868,Laptop,Apple,MacBook Pro,macOS 26,FALSE,,,,96,
DEV03789,U1869,Smartphone,Samsung,Galaxy S24,Android 16,TRUE,dbe30a5a-4db8-62c1-979b-5e4e3fbf9a76,TRUE,138,65,Verizon
DEV03790,U1870,Smartphone,Apple,iPhone 15,iOS 26.1,TRUE,ca1f7847-acb5-2c9b-47e9-8c91b8482a6c,FALSE,119,82,AT&T
DEV03791,U1871,Smartphone,Samsung,Galaxy S23,Android 16,TRUE,40f29327-6d24-01ae-146d-34632bcb56a4,TRUE,149,50,Cricket
DEV03792,U1871,Laptop,Apple,MacBook Air,macOS 26,FALSE,,,,93,
DEV03793,U1872,Smartphone,Apple,iPhone 16,iOS 26.1,TRUE,45beb789-4f96-e0cc-c741-da3c68f4479f,FALSE,121,65,AT&T
DEV03794,U1873,Smartphone,Apple,iPhone 17,iOS 26.1,TRUE,2d6ab598-077e-f619-4738-c7934874cbd7,TRUE,113,63,Verizon
DEV03795,U1873,Laptop,Apple,MacBook Air,macOS 26,FALSE,,,,84,
DEV03796,U1874,Smartphone,Apple,iPhone 14,iOS 26.1,TRUE,4d461e3b-1297-9609-7da7-675eee7d7d86,TRUE,102,73,Verizon
DEV03797,U1874,Laptop,Dell,XPS 13,Windows 11,FALSE,,,,82,
DEV03798,U1875,Smartphone,Apple,iPhone 15,iOS 26.1,TRUE,d0a0aeef-94c2-5e6d-8d5f-2e23d1e31140,FALSE,149,59,AT&T
DEV03799,U1875,Laptop,Apple,MacBook Air,macOS 26,FALSE,,,,94,
DEV03800,U1876,Smartphone,Apple,iPhone 14,iOS 26.1,TRUE,29eca7be-2948-62e3-8374-62da4f82409e,FALSE,124,70,Cricket
DEV03801,U1876,Laptop,Dell,XPS 13,Windows 11,FALSE,,,,79,
DEV03802,U1876,Tablet,Apple,iPad Air,iPadOS 26,FALSE,,,,88,
DEV03803,U1877,Smartphone,Apple,iPhone 15,iOS 26.1,TRUE,7598afe6-e832-edbd-3fdf-a1c4370bffd5,FALSE,126,62,Verizon
DEV03804,U1878,Smartphone,Apple,iPhone 14,iOS 26.1,TRUE,e8bcdff3-f756-d452-90ff-f9bde5cbdeae,TRUE,67,83,T-Mobile
DEV03805,U1878,Laptop,Apple,MacBook Pro,macOS 26,FALSE,,,,88,
DEV03806,U1879,Smartphone,Samsung,Galaxy S24,Android 16,TRUE,23128714-0a4a-26bc-8aac-12459eeada66,TRUE,127,54,AT&T
DEV03807,U1879,Laptop,Apple,MacBook Air,macOS 26,FALSE,,,,82,
DEV03808,U1879,Tablet,Samsung,Galaxy Tab S9,Android 16,FALSE,,,,88,
DEV03809,U1880,Smartphone,Apple,iPhone Air,iOS 26.1,TRUE,45cacd35-590d-636c-b7e2-33911ea71a87,TRUE,122,63,T-Mobile
DEV03810,U1880,Laptop,Dell,XPS 13,Windows 11,FALSE,,,,83,
DEV03811,U1881,Smartphone,Apple,iPhone 16,iOS 26.1,TRUE,df4158e7-9232-f6d1-0152-d63ebfb833ca,FALSE,128,68,T-Mobile
DEV03812,U1881,Laptop,Apple,MacBook Air,macOS 26,FALSE,,,,92,
DEV03813,U1882,Smartphone,Apple,iPhone 15,iOS 26.1,TRUE,6273b123-5ef3-5104-8658-74265276dc06,FALSE,156,62,Mint Mobile
DEV03814,U1882,Laptop,Lenovo,Yoga Slim,Windows 11,FALSE,,,,78,
DEV03815,U1883,Smartphone,Google,Pixel 8a,Android 16,TRUE,541f993a-5782-1d2a-bcdf-1e8b2731d354,FALSE,168,73,Verizon
DEV03816,U1883,Laptop,Apple,MacBook Air,macOS 26,FALSE,,,,83,
DEV03817,U1884,Smartphone,Apple,iPhone 16,iOS 26.1,TRUE,6236f2a9-c4d3-96e2-9733-0eef27ff358d,TRUE,115,56,Verizon
DEV03818,U1884,Laptop,Apple,MacBook Air,macOS 26,FALSE,,,,86,
DEV03819,U1885,Smartphone,Samsung,Galaxy S24,Android 15,TRUE,49eb407a-bff2-5e49-bdc4-034760782b34,TRUE,121,50,AT&T
DEV03820,U1885,Laptop,Lenovo,Gaming Laptop,Windows 11,FALSE,,,,84,
DEV03821,U1885,Tablet,Apple,iPad Air,iPadOS 26,FALSE,,,,89,
DEV03822,U1886,Smartphone,Samsung,Galaxy A56,Android 16,TRUE,83a324e7-b1bd-77c6-da61-36487f3ddf69,FALSE,96,60,AT&T
DEV03823,U1886,Tablet,Apple,iPad Pro,iPadOS 26,FALSE,,,,85,
DEV03824,U1887,Smartphone,Apple,iPhone 16,iOS 26.1,TRUE,1c6c103d-f66a-fdec-1fed-0a948c47dbaf,TRUE,194,44,T-Mobile
DEV03825,U1887,Laptop,HP,Spectre x360,Windows 11,FALSE,,,,86,
DEV03826,U1887,Tablet,Apple,iPad,iPadOS 26,FALSE,,,,92,
DEV03827,U1888,Smartphone,Apple,iPhone 14,iOS 18.6,TRUE,e6a109b2-eed0-289a-b519-7c9fec349d57,FALSE,85,59,Verizon
DEV03828,U1888,Laptop,Dell,XPS 13,Windows 11,FALSE,,,,87,
DEV03829,U1888,Tablet,Samsung,Galaxy Tab S9,Android 16,FALSE,,,,69,
DEV03830,U1889,Smartphone,Apple,iPhone 15,iOS 26.1,TRUE,ccd2fd98-3409-e459-1a4d-380bf215a416,FALSE,139,51,Mint Mobile
DEV03831,U1889,Laptop,Apple,MacBook Pro,macOS 26,FALSE,,,,84,
DEV03832,U1890,Smartphone,Apple,iPhone 15,iOS 26.1,TRUE,605b49d9-9406-4552-cd41-f744ea888054,FALSE,135,67,AT&T
DEV03833,U1890,Laptop,HP,Spectre x360,Windows 11,FALSE,,,,80,
DEV03834,U1891,Smartphone,Apple,iPhone 15,iOS 26.1,TRUE,195a6888-d1a7-335c-cdb4-e91c89b01bd1,FALSE,92,42,Verizon
DEV03835,U1891,Laptop,Apple,MacBook Pro,macOS 26,FALSE,,,,78,
DEV03836,U1892,Smartphone,Apple,iPhone 14,iOS 18.6,TRUE,4a7fcc18-f69d-a37e-d92c-b4cffd697602,FALSE,102,79,T-Mobile
DEV03837,U1892,Laptop,Apple,MacBook Pro,macOS 26,FALSE,,,,79,
DEV03838,U1893,Smartphone,Apple,iPhone 15,iOS 18.6,TRUE,3824c1ec-1950-3e85-51fc-3cb4d1658ac9,FALSE,75,79,T-Mobile
DEV03839,U1893,Laptop,Apple,MacBook Air,macOS 26,FALSE,,,,86,
DEV03840,U1893,Tablet,Apple,iPad,iPadOS 26,FALSE,,,,96,
DEV03841,U1894,Smartphone,Apple,iPhone 13,iOS 26.1,TRUE,1d19f947-e11e-9446-18a8-5525315b1ed0,FALSE,124,61,T-Mobile
DEV03842,U1894,Laptop,Apple,MacBook Air,macOS 26,FALSE,,,,88,
DEV03843,U1895,Smartphone,Google,Pixel 10,Android 15,TRUE,e846ae54-2ba4-4526-0133-3cc9e0d33ef2,TRUE,144,52,AT&T
DEV03844,U1895,Laptop,Lenovo,Yoga Slim,Windows 11,FALSE,,,,87,
DEV03845,U1896,Smartphone,Apple,iPhone 13,iOS 26.1,TRUE,5422d77e-e21d-6b36-a0d3-672cd3ac4c31,FALSE,134,59,T-Mobile
DEV03846,U1896,Laptop,Microsoft,Surface Laptop,Windows 11,FALSE,,,,62,
DEV03847,U1896,Tablet,Samsung,Galaxy Tab S9,Android 16,FALSE,,,,83,
DEV03848,U1897,Smartphone,Samsung,Galaxy A56,Android 16,TRUE,7609d8fa-3ed1-dfae-e71c-78d3483da569,TRUE,142,62,Mint Mobile
DEV03849,U1897,Laptop,Apple,MacBook Air,macOS 26,FALSE,,,,97,
DEV03850,U1897,Tablet,Apple,iPad,iPadOS 26,FALSE,,,,82,
DEV03851,U1898,Smartphone,Apple,iPhone 13,iOS 26.1,TRUE,d33fa6a8-e0c0-2b4a-c42c-d0a2899405e9,FALSE,117,60,T-Mobile
DEV03852,U1898,Laptop,Apple,MacBook Air,macOS 26,FALSE,,,,90,
DEV03853,U1898,Tablet,Apple,iPad Air,iPadOS 26,FALSE,,,,87,
DEV03854,U1899,Smartphone,Apple,iPhone 13,iOS 18.6,TRUE,395434af-643b-8773-a99e-2aaa245cba79,FALSE,163,84,AT&T
DEV03855,U1899,Laptop,Apple,MacBook Pro,macOS 26,FALSE,,,,79,
DEV03856,U1900,Smartphone,Apple,iPhone 15,iOS 26.1,TRUE,cc4fd8ab-4e43-785c-868a-b387a7989a41,FALSE,91,68,AT&T
DEV03857,U1901,Smartphone,Apple,iPhone 17,iOS 18.6,TRUE,dd788d57-6c55-3711-1299-c62a1a827afa,FALSE,147,46,Verizon
DEV03858,U1901,Laptop,Apple,MacBook Pro,macOS 26,FALSE,,,,82,
DEV03859,U1902,Smartphone,Apple,iPhone 14,iOS 26.1,TRUE,d2ce0f92-bbd8-996f-91cf-06e101c46e8d,FALSE,83,54,T-Mobile
DEV03860,U1902,Laptop,Dell,XPS 13,Windows 11,FALSE,,,,87,
DEV03861,U1903,Smartphone,Apple,iPhone 14,iOS 18.6,TRUE,75ce2af5-2098-f0ee-2954-329fac33415d,TRUE,172,59,T-Mobile
DEV03862,U1903,Laptop,Microsoft,Surface Laptop,Windows 11,FALSE,,,,88,
DEV03863,U1904,Smartphone,Google,Pixel 9,Android 16,TRUE,21fd24c3-3b3e-31ce-941e-2f71071b42e2,TRUE,123,54,Mint Mobile
DEV03864,U1904,Laptop,Lenovo,Yoga Slim,Windows 11,FALSE,,,,82,
DEV03865,U1905,Smartphone,Apple,iPhone 14,iOS 18.6,TRUE,95017a26-d4e9-3e9c-b457-5ec4d82a8043,FALSE,97,81,Verizon
DEV03866,U1905,Laptop,Microsoft,Surface Laptop,Windows 11,FALSE,,,,82,
DEV03867,U1906,Smartphone,Apple,iPhone 15,iOS 18.6,TRUE,be394b55-2e48-a251-af92-625859279cfd,FALSE,176,90,T-Mobile
DEV03868,U1906,Laptop,Apple,MacBook Pro,macOS 26,FALSE,,,,86,
DEV03869,U1906,Tablet,Apple,iPad Air,iPadOS 26,FALSE,,,,96,
DEV03870,U1907,Smartphone,Samsung,Galaxy S24,Android 16,TRUE,b7be0f67-4c20-30f5-3858-8c4527f1a317,TRUE,42,64,T-Mobile
DEV03871,U1907,Laptop,Apple,MacBook Pro,macOS 26,FALSE,,,,93,
DEV03872,U1907,Tablet,Apple,iPad,iPadOS 26,FALSE,,,,90,
DEV03873,U1908,Smartphone,Apple,iPhone 16,iOS 26.1,TRUE,e721a92a-b303-f29a-2ab4-e01fae95ab81,FALSE,90,66,AT&T
DEV03874,U1908,Laptop,Microsoft,Surface Laptop,Windows 11,FALSE,,,,89,
DEV03875,U1908,Tablet,Apple,iPad,iPadOS 26,FALSE,,,,92,
DEV03876,U1909,Smartphone,Apple,iPhone 17,iOS 18.6,TRUE,d9d5ca38-b6ad-9b81-3d88-6d375dbbae7e,FALSE,155,81,T-Mobile
DEV03877,U1910,Smartphone,Apple,iPhone 13,iOS 18.6,TRUE,98cf15ca-1803-1f05-b23f-2d4942977753,FALSE,121,65,Verizon
DEV03878,U1910,Laptop,Lenovo,Yoga Slim,Windows 11,FALSE,,,,85,
DEV03879,U1911,Smartphone,Apple,iPhone 13,iOS 26.1,TRUE,f38ce1d7-31c4-563d-e79f-05f95ef1cb86,FALSE,195,55,Cricket
DEV03880,U1911,Laptop,Apple,MacBook Pro,macOS 26,FALSE,,,,91,
DEV03881,U1912,Smartphone,Google,Pixel 10,Android 16,TRUE,c6b6d4cf-47cb-889e-29bf-45ce61734079,TRUE,169,65,AT&T
DEV03882,U1912,Laptop,HP,Spectre x360,Windows 11,FALSE,,,,87,
DEV03883,U1913,Smartphone,Apple,iPhone 15,iOS 18.6,TRUE,28839668-879f-199f-7927-6512a7e72a2d,FALSE,115,69,AT&T
DEV03884,U1914,Smartphone,Samsung,Galaxy A56,Android 15,TRUE,2396bef9-7dd0-38e0-b325-dc7bedde21eb,TRUE,180,69,AT&T
DEV03885,U1915,Smartphone,Apple,iPhone 15,iOS 18.6,TRUE,af833cf6-8936-175f-e8b2-c69f4a55ac7f,FALSE,94,77,T-Mobile
DEV03886,U1915,Laptop,Apple,MacBook Air,macOS 26,FALSE,,,,72,
DEV03887,U1915,Tablet,Apple,iPad Air,iPadOS 26,FALSE,,,,76,
DEV03888,U1916,Smartphone,Samsung,Galaxy S25,Android 15,TRUE,b3bcd861-f02a-078f-2881-87156cbf0e38,TRUE,150,41,Visible
DEV03889,U1916,Laptop,Dell,XPS 13,Windows 11,FALSE,,,,78,
DEV03890,U1917,Smartphone,Apple,iPhone 16,iOS 26.1,TRUE,46258aa2-a7dc-6be2-bf55-6469c870dc7a,FALSE,117,74,T-Mobile
DEV03891,U1917,Tablet,Samsung,Galaxy Tab S9,Android 16,FALSE,,,,95,
DEV03892,U1918,Smartphone,Apple,iPhone 15,iOS 26.1,TRUE,b821e0f9-e31a-a7d1-efc8-1cdc358b7453,FALSE,84,70,T-Mobile
DEV03893,U1918,Laptop,HP,Spectre x360,Windows 11,FALSE,,,,96,
DEV03894,U1919,Smartphone,Apple,iPhone Air,iOS 26.1,TRUE,9aa14913-2b32-89fe-f5d2-0489fa762aa6,FALSE,134,60,Mint Mobile
DEV03895,U1920,Smartphone,Apple,iPhone 16,iOS 26.1,TRUE,9207e2b1-3c28-3e35-137f-f7c14c561f3a,FALSE,125,65,Verizon
DEV03896,U1920,Laptop,Apple,MacBook Pro,macOS 26,FALSE,,,,92,
DEV03897,U1921,Smartphone,Apple,iPhone 14,iOS 18.6,TRUE,ecb4b275-b46e-f038-c02c-e8972cdba88a,FALSE,78,65,Cricket
DEV03898,U1921,Laptop,Dell,XPS 13,Windows 11,FALSE,,,,91,
DEV03899,U1921,Tablet,Apple,iPad,iPadOS 26,FALSE,,,,81,
DEV03900,U1922,Smartphone,Apple,iPhone 15,iOS 26.1,TRUE,80d20a11-bc37-5d12-e29c-e4f86fdb8362,TRUE,114,78,T-Mobile
DEV03901,U1922,Laptop,HP,Spectre x360,Windows 11,FALSE,,,,86,
DEV03902,U1923,Smartphone,Apple,iPhone 16,iOS 26.1,TRUE,7840beca-3f73-7a94-a70e-4298648c5d11,FALSE,74,66,Verizon
DEV03903,U1923,Laptop,Lenovo,Yoga Slim,Windows 11,FALSE,,,,97,
DEV03904,U1923,Tablet,Apple,iPad,iPadOS 26,FALSE,,,,89,
DEV03905,U1924,Smartphone,Samsung,Galaxy S25,Android 16,TRUE,babb5b2f-e627-4125-ba30-66a3d5333ab4,TRUE,133,52,Verizon
DEV03906,U1925,Smartphone,Apple,iPhone 15,iOS 26.1,TRUE,e82f3ecd-0a0f-bdd3-097f-1e8923830a20,FALSE,106,82,T-Mobile
DEV03907,U1926,Smartphone,Apple,iPhone 13,iOS 26.1,TRUE,46db13ee-578b-312c-b926-672d61518dbd,FALSE,105,76,T-Mobile
DEV03908,U1926,Laptop,Apple,MacBook Air,macOS 26,FALSE,,,,91,
DEV03909,U1926,Tablet,Apple,iPad Air,iPadOS 26,FALSE,,,,84,
DEV03910,U1927,Smartphone,Google,Pixel 10,Android 15,TRUE,b32c4ad7-c3bf-313c-5be2-0aa40484b465,FALSE,146,62,Cricket
DEV03911,U1927,Laptop,Apple,MacBook Air,macOS 26,FALSE,,,,81,
DEV03912,U1927,Tablet,Apple,iPad,iPadOS 26,FALSE,,,,84,
DEV03913,U1928,Smartphone,Apple,iPhone Air,iOS 26.1,TRUE,52d1dd1c-6ad3-f402-2b60-79f6be25dcb1,TRUE,109,58,AT&T
DEV03914,U1928,Laptop,Apple,MacBook Pro,macOS 26,FALSE,,,,93,
DEV03915,U1928,Tablet,Apple,iPad,iPadOS 26,FALSE,,,,86,
DEV03916,U1929,Smartphone,Apple,iPhone 16,iOS 26.1,TRUE,84c58446-57a6-6800-87fc-32359211e174,FALSE,124,60,Verizon
DEV03917,U1929,Laptop,Apple,MacBook Pro,macOS 26,FALSE,,,,96,
DEV03918,U1930,Smartphone,Motorola,Moto G Power,Android 16,TRUE,c8d3de7c-5063-6e0c-e337-9e784fb3f4ed,TRUE,44,74,Verizon
DEV03919,U1930,Laptop,Apple,MacBook Air,macOS 26,FALSE,,,,90,
DEV03920,U1930,Tablet,Apple,iPad,iPadOS 26,FALSE,,,,91,
DEV03921,U1931,Smartphone,Apple,iPhone 13,iOS 26.1,TRUE,b4bdd19b-5c90-bb47-4bc2-21ec09e5eb58,FALSE,126,64,AT&T
DEV03922,U1931,Laptop,Dell,XPS 13,Windows 11,FALSE,,,,91,
DEV03923,U1931,Tablet,Apple,iPad,iPadOS 26,FALSE,,,,87,
DEV03924,U1932,Smartphone,Apple,iPhone Air,iOS 26.1,TRUE,f240b1e0-df49-10cc-593e-130a02314709,FALSE,136,45,T-Mobile
DEV03925,U1933,Smartphone,Samsung,Galaxy A56,Android 16,TRUE,d0d0fcc7-3040-d6fe-e4b1-ddffac2735c4,TRUE,127,62,Cricket
DEV03926,U1933,Tablet,Apple,iPad,iPadOS 26,FALSE,,,,91,
DEV03927,U1934,Smartphone,Apple,iPhone 16,iOS 26.1,TRUE,1f2c81ac-d0f3-85fa-857c-50710b9a7680,FALSE,78,80,Verizon
DEV03928,U1934,Laptop,Apple,MacBook Air,macOS 26,FALSE,,,,89,
DEV03929,U1935,Smartphone,Apple,iPhone 13,iOS 26.1,TRUE,5c54e8cd-fcd9-7d7c-b9be-1e57066c20ac,TRUE,77,26,T-Mobile
DEV03930,U1936,Smartphone,Apple,iPhone 14,iOS 26.1,TRUE,c3e35542-7e41-cf01-c67b-8f6d0c0a4f05,FALSE,121,64,T-Mobile
DEV03931,U1937,Smartphone,Motorola,Motorola Edge,Android 15,TRUE,96df328c-1621-4d0d-65b7-e13700f1d20e,TRUE,112,41,T-Mobile
DEV03932,U1937,Laptop,Apple,MacBook Pro,macOS 26,FALSE,,,,77,
DEV03933,U1937,Tablet,Apple,iPad Air,iPadOS 26,FALSE,,,,79,
DEV03934,U1938,Smartphone,Apple,iPhone 17,iOS 26.1,TRUE,baa15c17-93a6-4ec6-27c0-08311965a611,TRUE,143,67,Verizon
DEV03935,U1938,Laptop,Dell,XPS 13,Windows 11,FALSE,,,,97,
DEV03936,U1938,Tablet,Apple,iPad Air,iPadOS 26,FALSE,,,,100,
DEV03937,U1939,Smartphone,Apple,iPhone 17,iOS 26.1,TRUE,b76adc10-e7bd-0a4e-6007-c67c6280c0f2,TRUE,82,75,Mint Mobile
DEV03938,U1939,Laptop,Apple,MacBook Air,macOS 26,FALSE,,,,95,
DEV03939,U1940,Smartphone,Samsung,Galaxy A56,Android 15,TRUE,6b178c8d-0295-2a92-dfba-97bd8b16efa8,FALSE,116,65,T-Mobile
DEV03940,U1940,Laptop,HP,Spectre x360,Windows 11,FALSE,,,,93,
DEV03941,U1941,Smartphone,Apple,iPhone 16,iOS 26.1,TRUE,9bc1c551-2e63-0d4a-5286-0c6a3394634e,FALSE,104,56,AT&T
DEV03942,U1941,Laptop,Apple,MacBook Air,macOS 26,FALSE,,,,75,
DEV03943,U1942,Smartphone,Apple,iPhone 13,iOS 26.1,TRUE,d09da1cd-ec2e-3da1-7daa-50450aa5dd9c,TRUE,117,64,T-Mobile
DEV03944,U1942,Laptop,ASUS,Gaming Laptop,Windows 11,FALSE,,,,99,
DEV03945,U1942,Tablet,Apple,iPad Air,iPadOS 26,FALSE,,,,83,
DEV03946,U1943,Smartphone,Apple,iPhone 14,iOS 26.1,TRUE,e754e7bd-3b35-e2df-89cc-d45899fd3a4c,FALSE,123,57,AT&T
DEV03947,U1943,Laptop,Apple,MacBook Air,macOS 26,FALSE,,,,77,
DEV03948,U1943,Tablet,Apple,iPad,iPadOS 26,FALSE,,,,94,
DEV03949,U1944,Smartphone,Apple,iPhone 13,iOS 26.1,TRUE,710be4d9-0440-8ad0-c5cb-499b8fa32a7f,FALSE,90,67,T-Mobile
DEV03950,U1944,Laptop,Apple,MacBook Air,macOS 26,FALSE,,,,94,
DEV03951,U1944,Tablet,Apple,iPad Air,iPadOS 26,FALSE,,,,88,
DEV03952,U1945,Smartphone,Apple,iPhone 13,iOS 26.1,TRUE,cdcad829-ac7c-78a9-b297-a1fbd6268797,FALSE,167,69,T-Mobile
DEV03953,U1945,Laptop,Apple,MacBook Air,macOS 26,FALSE,,,,74,
DEV03954,U1946,Smartphone,Samsung,Galaxy S25,Android 16,TRUE,b345598e-48b2-5116-2e46-dc4b2492512e,TRUE,143,69,AT&T
DEV03955,U1946,Laptop,HP,Spectre x360,Windows 11,FALSE,,,,95,
DEV03956,U1947,Smartphone,Apple,iPhone 16,iOS 26.1,TRUE,901d0907-7f18-8f4a-3bbb-8e5e2e64e5ed,TRUE,117,79,AT&T
DEV03957,U1947,Laptop,Apple,MacBook Pro,macOS 26,FALSE,,,,100,
DEV03958,U1947,Tablet,Apple,iPad Air,iPadOS 26,FALSE,,,,86,
DEV03959,U1948,Smartphone,Samsung,Galaxy S23,Android 16,TRUE,af202bfc-d961-481d-fb1c-c8cbdfd540c1,TRUE,121,74,T-Mobile
DEV03960,U1948,Tablet,Apple,iPad,iPadOS 26,FALSE,,,,88,
DEV03961,U1949,Smartphone,Apple,iPhone 17,iOS 18.6,TRUE,fe10af87-f403-c3ba-13b0-2b7b7875f73b,FALSE,95,74,Verizon
DEV03962,U1949,Laptop,Apple,MacBook Air,macOS 26,FALSE,,,,89,
DEV03963,U1950,Smartphone,Motorola,Moto G Power,Android 16,TRUE,2ee278f2-3807-cc80-51c7-00041c6f073d,FALSE,123,52,Verizon
DEV03964,U1950,Laptop,Lenovo,Yoga Slim,Windows 11,FALSE,,,,84,
DEV03965,U1951,Smartphone,Apple,iPhone 13,iOS 26.1,TRUE,72729f37-a9a8-00ce-f78f-98641caf8940,FALSE,137,52,T-Mobile
DEV03966,U1951,Laptop,Apple,MacBook Pro,macOS 26,FALSE,,,,86,
DEV03967,U1952,Smartphone,Apple,iPhone Air,iOS 26.1,TRUE,ef364e75-baf7-a254-ef6b-f38346882353,TRUE,117,64,AT&T
DEV03968,U1952,Tablet,Apple,iPad,iPadOS 26,FALSE,,,,90,
DEV03969,U1953,Smartphone,Apple,iPhone 15,iOS 26.1,TRUE,a30ad656-02be-4a45-3d75-5601159342fc,FALSE,166,66,AT&T
DEV03970,U1953,Laptop,Microsoft,Surface Laptop,Windows 11,FALSE,,,,93,
DEV03971,U1954,Smartphone,Google,Pixel 10,Android 16,TRUE,2c4e99a9-dcaa-5d01-0eda-42cb7fc3143c,TRUE,115,51,Cricket
DEV03972,U1954,Laptop,Apple,MacBook Air,macOS 26,FALSE,,,,72,
DEV03973,U1955,Smartphone,Samsung,Galaxy S23,Android 15,TRUE,0e8de43c-e899-103b-b700-c6d9642e6d5f,TRUE,70,62,Verizon
DEV03974,U1955,Laptop,Apple,MacBook Pro,macOS 26,FALSE,,,,90,
DEV03975,U1956,Smartphone,Apple,iPhone 16,iOS 26.1,TRUE,7eda7af5-8c32-fab7-8fed-8b126efc84fe,FALSE,76,57,US Cellular
DEV03976,U1956,Laptop,HP,Spectre x360,Windows 11,FALSE,,,,94,
DEV03977,U1957,Smartphone,Apple,iPhone 16,iOS 26.1,TRUE,fb1752a8-b964-9906-35ec-06abcb463478,FALSE,97,63,AT&T
DEV03978,U1957,Laptop,Apple,MacBook Pro,macOS 26,FALSE,,,,93,
DEV03979,U1957,Tablet,Apple,iPad,iPadOS 26,FALSE,,,,87,
DEV03980,U1958,Smartphone,Motorola,Motorola Edge,Android 16,TRUE,d887fff5-b2d7-e2f2-9430-d0487fb2b56b,TRUE,110,69,Visible
DEV03981,U1958,Laptop,Apple,MacBook Air,macOS 26,FALSE,,,,94,
DEV03982,U1959,Smartphone,Apple,iPhone 14,iOS 18.6,TRUE,f7a0d1e4-d209-b40d-1899-34ef327682a9,FALSE,145,44,Verizon
DEV03983,U1959,Laptop,Apple,MacBook Pro,macOS 26,FALSE,,,,70,
DEV03984,U1960,Smartphone,Motorola,Moto G Power,Android 16,TRUE,34b54ea8-18ff-369e-f701-12aa24a8b9de,TRUE,122,57,Verizon
DEV03985,U1960,Laptop,Apple,MacBook Pro,macOS 26,FALSE,,,,98,
DEV03986,U1961,Smartphone,Apple,iPhone 16,iOS 26.1,TRUE,c1c5a450-f952-f17c-dca7-9d772b4d7f62,TRUE,77,72,Verizon
DEV03987,U1961,Laptop,Apple,MacBook Pro,macOS 26,FALSE,,,,100,
DEV03988,U1961,Tablet,Apple,iPad,iPadOS 26,FALSE,,,,84,
DEV03989,U1962,Smartphone,Samsung,Galaxy S24,Android 16,TRUE,d9dbdea1-d927-ca4b-9700-4492253c053c,TRUE,56,64,Visible
DEV03990,U1962,Laptop,Dell,XPS 13,Windows 11,FALSE,,,,90,
DEV03991,U1963,Smartphone,Apple,iPhone 13,iOS 26.1,TRUE,54176433-c8f9-c54b-7ead-157e8a32ce35,TRUE,166,86,Verizon
DEV03992,U1963,Laptop,Apple,MacBook Air,macOS 26,FALSE,,,,97,
DEV03993,U1964,Smartphone,Apple,iPhone 14,iOS 26.1,TRUE,61001194-f0b2-220f-d73d-9832b9d80657,TRUE,110,64,Verizon
DEV03994,U1964,Laptop,ASUS,Gaming Laptop,Windows 11,FALSE,,,,92,
DEV03995,U1964,Tablet,Apple,iPad Air,iPadOS 26,FALSE,,,,100,
DEV03996,U1965,Smartphone,Apple,iPhone 15,iOS 26.1,TRUE,3387e041-1455-8d8f-001e-727948234913,TRUE,177,49,T-Mobile
DEV03997,U1965,Laptop,Apple,MacBook Pro,macOS 26,FALSE,,,,96,
DEV03998,U1966,Smartphone,Apple,iPhone 14,iOS 26.1,TRUE,77858db6-7ac9-8d0b-e7dc-35cb62e4fb4c,FALSE,131,73,Visible
DEV03999,U1966,Laptop,HP,Spectre x360,Windows 11,FALSE,,,,88,
DEV04000,U1967,Smartphone,Samsung,Galaxy S24,Android 16,TRUE,c7147251-bea4-c9b0-f071-7d295ce4cc77,TRUE,75,48,T-Mobile
DEV04001,U1967,Laptop,Dell,XPS 13,Windows 11,FALSE,,,,89,
DEV04002,U1968,Smartphone,Apple,iPhone 16,iOS 26.1,TRUE,a34cb58e-3681-cf43-bf4b-aaf08fc8f807,TRUE,156,43,Verizon
DEV04003,U1968,Laptop,Apple,MacBook Air,macOS 26,FALSE,,,,80,
DEV04004,U1969,Smartphone,Apple,iPhone 15,iOS 26.1,TRUE,52468860-b2ea-a72e-89a6-5b2e4467a6a3,FALSE,121,65,Verizon
DEV04005,U1969,Laptop,Apple,MacBook Pro,macOS 26,FALSE,,,,80,
DEV04006,U1969,Tablet,Apple,iPad Air,iPadOS 26,FALSE,,,,92,
DEV04007,U1970,Smartphone,Apple,iPhone 16,iOS 26.1,TRUE,b84aad71-bb2f-6deb-a630-48375c29b90d,TRUE,149,84,AT&T
DEV04008,U1971,Smartphone,Motorola,Moto G Power,Android 16,TRUE,a3e57426-9737-6236-87ee-82eab87687f7,TRUE,141,64,AT&T
DEV04009,U1971,Laptop,Dell,XPS 13,Windows 11,FALSE,,,,94,
DEV04010,U1971,Tablet,Apple,iPad,iPadOS 26,FALSE,,,,90,
DEV04011,U1972,Smartphone,Apple,iPhone 15,iOS 18.6,TRUE,ded6795e-f124-5559-bfa6-4748bda3b4b8,TRUE,69,67,T-Mobile
DEV04012,U1972,Laptop,Lenovo,Yoga Slim,Windows 11,FALSE,,,,85,
DEV04013,U1972,Tablet,Apple,iPad,iPadOS 26,FALSE,,,,90,
DEV04014,U1973,Smartphone,Apple,iPhone 14,iOS 26.1,TRUE,d71dbe35-9b4c-418a-b702-8cda2430d818,TRUE,161,53,Verizon
DEV04015,U1974,Smartphone,Apple,iPhone Air,iOS 18.6,TRUE,668eb6f6-3b07-23f8-8543-17301a239547,FALSE,125,71,AT&T
DEV04016,U1974,Laptop,Dell,XPS 13,Windows 11,FALSE,,,,94,
DEV04017,U1974,Tablet,Apple,iPad Air,iPadOS 26,FALSE,,,,100,
DEV04018,U1975,Smartphone,Apple,iPhone 14,iOS 18.6,TRUE,38999c6d-7902-e531-1b3f-2384b2009397,FALSE,130,35,Verizon
DEV04019,U1976,Smartphone,Apple,iPhone Air,iOS 26.1,TRUE,1916d64e-bcb2-7f70-cd5d-088df3765156,FALSE,57,49,Visible
DEV04020,U1976,Laptop,Apple,MacBook Air,macOS 26,FALSE,,,,87,
DEV04021,U1977,Smartphone,Samsung,Galaxy A56,Android 16,TRUE,4456e895-ff33-6ccf-3285-f2e753093b6a,TRUE,77,73,AT&T
DEV04022,U1977,Tablet,Samsung,Galaxy Tab S9,Android 16,FALSE,,,,86,
DEV04023,U1978,Smartphone,Apple,iPhone 15,iOS 26.1,TRUE,e093fa30-ecc3-234d-d57b-4fdab37580dc,FALSE,139,59,Verizon
DEV04024,U1978,Laptop,ASUS,Gaming Laptop,Windows 11,FALSE,,,,90,
DEV04025,U1979,Smartphone,Apple,iPhone 17,iOS 26.1,TRUE,4dc564a9-d9b3-0d73-d2c9-a29651573504,FALSE,158,56,AT&T
DEV04026,U1979,Laptop,Apple,MacBook Air,macOS 26,FALSE,,,,85,
DEV04027,U1980,Smartphone,Apple,iPhone 14,iOS 26.1,TRUE,886b2930-d6aa-c2cb-b645-7ffc28e04d74,TRUE,150,61,Verizon
DEV04028,U1980,Laptop,Apple,MacBook Air,macOS 26,FALSE,,,,97,
DEV04029,U1981,Smartphone,Google,Pixel 10,Android 15,TRUE,55e5826d-cd6f-bd51-23c2-3b25b12bac9b,FALSE,71,57,AT&T
DEV04030,U1981,Laptop,Apple,MacBook Air,macOS 26,FALSE,,,,90,
DEV04031,U1982,Smartphone,Apple,iPhone 14,iOS 26.1,TRUE,0eb10eb5-4411-738e-cd30-9091aba72cef,FALSE,142,85,T-Mobile
DEV04032,U1982,Laptop,Apple,MacBook Pro,macOS 26,FALSE,,,,94,
DEV04033,U1982,Tablet,Apple,iPad,iPadOS 26,FALSE,,,,91,
DEV04034,U1983,Smartphone,Google,Pixel 8a,Android 16,TRUE,3cede978-e54e-4d22-f17d-835f5f77bd5a,TRUE,125,81,Visible
DEV04035,U1983,Laptop,Lenovo,Yoga Slim,Windows 11,FALSE,,,,76,
DEV04036,U1984,Smartphone,Samsung,Galaxy S24,Android 16,TRUE,b62f771a-010c-efcf-c29f-695d9b556791,TRUE,143,73,Verizon
DEV04037,U1984,Laptop,HP,Spectre x360,Windows 11,FALSE,,,,91,
DEV04038,U1985,Smartphone,Apple,iPhone 16,iOS 26.1,TRUE,68bf6624-2271-77bc-3d51-6cf4f8ed9f25,FALSE,146,60,T-Mobile
DEV04039,U1985,Laptop,HP,Spectre x360,Windows 11,FALSE,,,,100,
DEV04040,U1985,Tablet,Apple,iPad,iPadOS 26,FALSE,,,,91,
DEV04041,U1986,Smartphone,Apple,iPhone 16,iOS 18.6,TRUE,2a5b5fa9-f01e-ec85-94d5-ed551426d9b3,FALSE,47,45,Verizon
DEV04042,U1986,Laptop,Lenovo,Yoga Slim,Windows 11,FALSE,,,,88,
DEV04043,U1987,Smartphone,Google,Pixel 8a,Android 15,TRUE,2011c02d-c853-6d71-2545-372fb93eefb8,TRUE,99,62,T-Mobile
DEV04044,U1987,Laptop,Lenovo,Yoga Slim,Windows 11,FALSE,,,,96,
DEV04045,U1987,Tablet,Apple,iPad,iPadOS 26,FALSE,,,,100,
DEV04046,U1988,Smartphone,Apple,iPhone 13,iOS 26.1,TRUE,373836d1-95af-dc39-546d-dd64284c7154,FALSE,57,61,Verizon
DEV04047,U1988,Laptop,Microsoft,Surface Laptop,Windows 11,FALSE,,,,91,
DEV04048,U1988,Tablet,Apple,iPad Pro,iPadOS 26,FALSE,,,,83,
DEV04049,U1989,Smartphone,Apple,iPhone 14,iOS 26.1,TRUE,5914c5b9-3b8a-2283-dd26-3cc0e5baae3c,TRUE,114,68,AT&T
DEV04050,U1989,Laptop,Apple,MacBook Pro,macOS 26,FALSE,,,,79,
DEV04051,U1990,Smartphone,Apple,iPhone 17,iOS 26.1,TRUE,79a112f0-5ebc-2d19-82e7-eeff2efdafc3,TRUE,136,71,T-Mobile
DEV04052,U1990,Laptop,Apple,MacBook Air,macOS 26,FALSE,,,,100,
DEV04053,U1991,Smartphone,Apple,iPhone 16,iOS 26.1,TRUE,58f63f38-eb76-315f-777d-f6ee0a92e159,FALSE,171,68,T-Mobile
DEV04054,U1991,Laptop,Lenovo,Yoga Slim,Windows 11,FALSE,,,,81,
DEV04055,U1992,Smartphone,Apple,iPhone 17,iOS 26.1,TRUE,5db12c94-2565-0f4c-2a1d-8dfb607de73a,FALSE,114,75,T-Mobile
DEV04056,U1992,Laptop,Apple,MacBook Air,macOS 26,FALSE,,,,86,
DEV04057,U1993,Smartphone,Apple,iPhone 17,iOS 18.6,TRUE,5bc10c90-b43f-ae1c-0ae4-1c1e638a2f17,FALSE,113,61,AT&T
DEV04058,U1993,Laptop,Apple,MacBook Air,macOS 26,FALSE,,,,91,
DEV04059,U1994,Smartphone,Samsung,Galaxy S25,Android 16,TRUE,88043c82-a166-c5c1-aef4-d032719c30cc,TRUE,133,59,AT&T
DEV04060,U1994,Laptop,Apple,MacBook Pro,macOS 26,FALSE,,,,71,
DEV04061,U1994,Tablet,Apple,iPad,iPadOS 26,FALSE,,,,82,
DEV04062,U1995,Smartphone,Samsung,Galaxy S24,Android 15,TRUE,0f11a333-c71f-6e9a-268d-b061d1623e79,TRUE,171,81,T-Mobile
DEV04063,U1995,Laptop,Apple,MacBook Air,macOS 26,FALSE,,,,91,
DEV04064,U1996,Smartphone,Apple,iPhone 15,iOS 18.6,TRUE,aacea77c-a28e-29ec-8b70-db038133ede9,FALSE,127,74,AT&T
DEV04065,U1997,Smartphone,Samsung,Galaxy S24,Android 16,TRUE,653eac8a-f795-d32d-208b-4f0a90cd9140,FALSE,150,79,T-Mobile
DEV04066,U1998,Smartphone,Apple,iPhone Air,iOS 26.1,TRUE,3a8b5192-0327-3252-0051-93e137073479,TRUE,142,64,T-Mobile
DEV04067,U1999,Smartphone,Samsung,Galaxy A56,Android 15,TRUE,634ad29d-7d28-2f8c-db07-1ca601dce100,TRUE,127,56,Verizon
DEV04068,U1999,Laptop,Apple,MacBook Air,macOS 26,FALSE,,,,98,
DEV04069,U2000,Smartphone,Apple,iPhone 15,iOS 26.1,TRUE,e956a28c-210d-22d9-dcf8-d8ad1406f9ab,TRUE,140,62,T-Mobile
DEV04070,U2000,Laptop,Lenovo,Yoga Slim,Windows 11,FALSE,,,,82,
DEV04071,U2000,Tablet,Samsung,Galaxy Tab S9,Android 16,FALSE,,,,85,
