user_id,openness,conscientiousness,extraversion,agreeableness,neuroticism,chronotype,attention_span_score,impulse_buying_score,social_influence_score,content_creator_level,values_segment,inferred_political_lean,political_lean_confidence,intent_new_phone,intent_travel_6mo,intent_meal_delivery,intent_gym_membership,intent_credit_card,recently_moved
U0001,50,58,29,42,23,Night Owl,70,60,40,Casual Poster,Experience Seekers,Center,0.9,TRUE,FALSE,TRUE,TRUE,FALSE,FALSE
U0002,57,61,66,43,44,Night Owl,55,58,62,Active Poster,Experience Seekers,Center-Left,0.45,TRUE,TRUE,FALSE,TRUE,FALSE,FALSE
U0003,49,72,56,92,56,Night Owl,57,70,40,Lurker,Achievers,Left,0.77,FALSE,FALSE,FALSE,FALSE,TRUE,TRUE
U0004,33,29,74,37,68,Night Owl,67,10,61,Casual Poster,Belongers,Right,0.64,FALSE,TRUE,FALSE,FALSE,FALSE,FALSE
U0005,27,41,51,63,76,Night Owl,81,62,52,Casual Poster,Trendsetters,Not inferred,0.0,FALSE,TRUE,FALSE,TRUE,FALSE,FALSE
U0006,51,50,56,66,58,Night Owl,98,67,53,Lurker,Belongers,Center-Right,0.75,FALSE,FALSE,TRUE,FALSE,FALSE,FALSE
U0007,49,64,50,74,42,Early Bird,93,43,55,Casual Poster,Trendsetters,Center-Left,0.8,FALSE,FALSE,FALSE,FALSE,FALSE,FALSE
U0008,38,37,46,41,61,Night Owl,67,72,39,Lurker,Changemakers,Center-Right,0.72,FALSE,FALSE,FALSE,TRUE,FALSE,FALSE
U0009,51,63,23,22,42,Early Bird,100,16,21,Lurker,Experience Seekers,Center,0.54,FALSE,FALSE,FALSE,TRUE,FALSE,FALSE
U0010,38,47,44,58,63,Flexible,73,64,31,Lurker,Experience Seekers,Not inferred,0.0,FALSE,FALSE,FALSE,FALSE,FALSE,FALSE
U0011,61,40,41,25,64,Flexible,92,45,31,Lurker,Trendsetters,Center-Right,0.88,FALSE,FALSE,FALSE,FALSE,TRUE,FALSE
U0012,62,37,35,29,34,Early Bird,79,68,41,Lurker,Trendsetters,Center-Right,0.52,TRUE,FALSE,FALSE,TRUE,FALSE,FALSE
U0013,55,57,43,60,45,Night Owl,69,24,40,Casual Poster,Experience Seekers,Center-Left,0.41,FALSE,FALSE,FALSE,TRUE,FALSE,FALSE
U0014,61,54,51,59,56,Flexible,93,35,43,Lurker,Experience Seekers,Left,0.47,FALSE,FALSE,FALSE,TRUE,FALSE,FALSE
U0015,66,35,79,55,54,Night Owl,77,49,71,Creator,Trendsetters,Left,0.52,TRUE,TRUE,FALSE,FALSE,FALSE,FALSE
U0016,39,55,56,44,22,Flexible,71,50,59,Active Poster,Trendsetters,Center-Right,0.86,FALSE,FALSE,TRUE,FALSE,FALSE,FALSE
U0017,61,45,45,78,30,Night Owl,59,72,47,Casual Poster,Trendsetters,Center-Right,0.36,FALSE,TRUE,FALSE,FALSE,TRUE,FALSE
U0018,37,48,71,63,62,Flexible,89,32,51,Casual Poster,Belongers,Center-Left,0.59,FALSE,TRUE,FALSE,FALSE,TRUE,FALSE
U0019,47,61,34,54,62,Flexible,67,69,35,Lurker,Achievers,Center-Right,0.39,FALSE,TRUE,FALSE,TRUE,FALSE,FALSE
U0020,45,25,31,60,56,Night Owl,72,72,39,Lurker,Pragmatists,Center-Left,0.36,TRUE,FALSE,FALSE,TRUE,FALSE,TRUE
U0021,28,50,72,66,57,Night Owl,62,44,74,Creator,Belongers,Left,0.71,FALSE,FALSE,FALSE,FALSE,FALSE,FALSE
U0022,42,31,77,79,74,Night Owl,67,40,64,Active Poster,Belongers,Center-Right,0.65,FALSE,TRUE,FALSE,FALSE,TRUE,TRUE
U0023,23,44,64,34,57,Flexible,59,54,58,Casual Poster,Achievers,Center,0.59,TRUE,FALSE,TRUE,FALSE,FALSE,FALSE
U0024,58,47,57,62,52,Early Bird,87,55,48,Lurker,Belongers,Center-Right,0.61,FALSE,FALSE,FALSE,FALSE,FALSE,FALSE
U0025,53,41,48,87,64,Flexible,94,15,47,Casual Poster,Experience Seekers,Left,0.43,FALSE,TRUE,FALSE,FALSE,FALSE,TRUE
U0026,78,48,37,55,38,Flexible,80,75,37,Lurker,Experience Seekers,Not inferred,0.0,FALSE,FALSE,FALSE,FALSE,FALSE,FALSE
U0027,48,30,63,64,62,Night Owl,51,13,51,Lurker,Belongers,Left,0.61,FALSE,TRUE,TRUE,TRUE,FALSE,TRUE
U0028,41,28,52,38,36,Flexible,74,72,46,Lurker,Belongers,Left,0.37,FALSE,FALSE,FALSE,FALSE,FALSE,TRUE
U0029,30,51,47,57,48,Flexible,73,48,54,Casual Poster,Changemakers,Left,0.88,FALSE,TRUE,FALSE,FALSE,FALSE,FALSE
U0030,61,62,64,49,22,Early Bird,64,38,58,Casual Poster,Belongers,Center-Right,0.58,TRUE,FALSE,FALSE,FALSE,FALSE,FALSE
U0031,47,45,50,23,45,Night Owl,78,63,49,Casual Poster,Pragmatists,Left,0.69,FALSE,TRUE,FALSE,TRUE,TRUE,FALSE
U0032,67,55,85,57,25,Early Bird,97,56,60,Casual Poster,Belongers,Center-Left,0.66,TRUE,TRUE,TRUE,FALSE,FALSE,FALSE
U0033,20,40,81,65,33,Early Bird,94,42,69,Active Poster,Changemakers,Center-Left,0.37,FALSE,FALSE,TRUE,TRUE,FALSE,FALSE
U0034,30,18,43,72,72,Night Owl,98,41,38,Lurker,Experience Seekers,Center-Left,0.41,FALSE,FALSE,FALSE,FALSE,FALSE,FALSE
U0035,73,62,26,10,59,Flexible,68,42,31,Lurker,Changemakers,Not inferred,0.0,FALSE,TRUE,TRUE,FALSE,TRUE,FALSE
U0036,46,37,42,79,79,Night Owl,99,38,44,Casual Poster,Experience Seekers,Center-Left,0.72,TRUE,FALSE,FALSE,TRUE,FALSE,TRUE
U0037,62,28,40,26,19,Flexible,83,73,33,Lurker,Experience Seekers,Left,0.52,FALSE,FALSE,FALSE,FALSE,FALSE,FALSE
U0038,32,46,52,65,31,Night Owl,59,62,35,Lurker,Achievers,Center-Left,0.45,FALSE,FALSE,FALSE,FALSE,TRUE,FALSE
U0039,29,72,75,25,46,Early Bird,70,37,63,Active Poster,Experience Seekers,Center-Right,0.55,TRUE,FALSE,FALSE,TRUE,FALSE,FALSE
U0040,43,36,73,48,68,Flexible,56,39,69,Active Poster,Experience Seekers,Center-Left,0.86,FALSE,FALSE,FALSE,FALSE,TRUE,FALSE
U0041,66,52,35,30,29,Night Owl,90,45,39,Casual Poster,Trendsetters,Left,0.81,FALSE,FALSE,TRUE,FALSE,FALSE,FALSE
U0042,34,63,51,66,61,Flexible,84,63,44,Lurker,Experience Seekers,Center-Right,0.55,FALSE,FALSE,FALSE,FALSE,FALSE,FALSE
U0043,57,37,38,25,57,Night Owl,75,23,29,Lurker,Experience Seekers,Center-Right,0.74,FALSE,TRUE,FALSE,TRUE,TRUE,FALSE
U0044,60,50,31,63,19,Flexible,94,74,40,Casual Poster,Pragmatists,Center-Right,0.54,FALSE,FALSE,FALSE,FALSE,FALSE,FALSE
U0045,51,47,46,43,26,Night Owl,59,40,39,Lurker,Changemakers,Not inferred,0.0,FALSE,FALSE,FALSE,TRUE,TRUE,FALSE
U0046,48,25,61,85,41,Flexible,59,50,62,Active Poster,Belongers,Center,0.52,FALSE,FALSE,FALSE,FALSE,TRUE,FALSE
U0047,66,26,49,45,11,Flexible,77,65,40,Lurker,Pragmatists,Left,0.84,FALSE,TRUE,FALSE,FALSE,FALSE,FALSE
U0048,33,27,80,18,29,Night Owl,100,78,78,Creator,Trendsetters,Center,0.49,FALSE,FALSE,TRUE,FALSE,FALSE,FALSE
U0049,55,37,56,85,34,Flexible,92,32,58,Active Poster,Experience Seekers,Center,0.62,FALSE,TRUE,TRUE,FALSE,FALSE,FALSE
U0050,48,60,57,36,13,Early Bird,84,40,54,Casual Poster,Changemakers,Center-Right,0.57,TRUE,FALSE,FALSE,FALSE,TRUE,FALSE
U0051,52,49,54,60,44,Night Owl,73,36,49,Casual Poster,Experience Seekers,Left,0.54,FALSE,TRUE,FALSE,FALSE,FALSE,FALSE
U0052,38,41,65,63,33,Night Owl,100,36,60,Casual Poster,Experience Seekers,Center-Left,0.56,FALSE,FALSE,FALSE,FALSE,FALSE,FALSE
U0053,57,59,29,67,46,Flexible,81,16,37,Lurker,Achievers,Center-Right,0.36,FALSE,FALSE,FALSE,FALSE,FALSE,FALSE
U0054,38,54,47,82,7,Early Bird,79,39,36,Lurker,Changemakers,Left,0.88,FALSE,FALSE,FALSE,FALSE,FALSE,FALSE
U0055,40,64,37,32,34,Flexible,100,51,32,Lurker,Changemakers,Left,0.52,FALSE,FALSE,TRUE,FALSE,FALSE,FALSE
U0056,41,45,49,67,18,Flexible,73,76,52,Casual Poster,Experience Seekers,Center,0.6,TRUE,FALSE,FALSE,TRUE,FALSE,FALSE
U0057,51,30,43,36,45,Night Owl,67,74,46,Casual Poster,Experience Seekers,Center-Left,0.7,FALSE,FALSE,FALSE,FALSE,TRUE,FALSE
U0058,42,64,25,71,29,Flexible,69,38,36,Lurker,Pragmatists,Center-Right,0.87,FALSE,FALSE,TRUE,FALSE,FALSE,FALSE
U0059,49,35,28,34,24,Flexible,80,60,47,Casual Poster,Trendsetters,Center-Left,0.52,FALSE,FALSE,FALSE,FALSE,TRUE,FALSE
U0060,43,49,62,28,59,Flexible,68,17,50,Casual Poster,Experience Seekers,Center-Right,0.46,FALSE,FALSE,TRUE,FALSE,TRUE,FALSE
U0061,56,40,29,81,66,Flexible,64,79,33,Lurker,Experience Seekers,Center,0.41,FALSE,TRUE,TRUE,FALSE,FALSE,FALSE
U0062,36,64,34,80,61,Night Owl,74,22,44,Casual Poster,Changemakers,Right,0.76,TRUE,FALSE,FALSE,TRUE,TRUE,FALSE
U0063,41,71,66,77,32,Night Owl,79,19,51,Casual Poster,Belongers,Right,0.48,FALSE,FALSE,FALSE,FALSE,FALSE,FALSE
U0064,50,38,20,85,26,Night Owl,67,56,37,Lurker,Belongers,Center,0.55,TRUE,TRUE,FALSE,FALSE,TRUE,FALSE
U0065,50,61,34,50,46,Flexible,88,51,34,Lurker,Experience Seekers,Center-Left,0.93,FALSE,FALSE,TRUE,FALSE,FALSE,FALSE
U0066,71,56,54,17,63,Night Owl,66,76,50,Casual Poster,Experience Seekers,Center,0.45,FALSE,TRUE,TRUE,TRUE,FALSE,FALSE
U0067,31,34,27,30,69,Night Owl,74,72,37,Lurker,Experience Seekers,Left,0.41,FALSE,TRUE,TRUE,FALSE,FALSE,FALSE
U0068,44,42,24,62,68,Flexible,83,34,28,Lurker,Achievers,Center-Right,0.38,FALSE,FALSE,TRUE,FALSE,FALSE,FALSE
U0069,35,50,58,39,59,Night Owl,76,60,50,Casual Poster,Achievers,Center-Right,0.94,TRUE,TRUE,TRUE,TRUE,TRUE,FALSE
U0070,46,51,22,41,35,Night Owl,64,37,32,Lurker,Trendsetters,Center-Right,0.5,FALSE,FALSE,TRUE,FALSE,FALSE,FALSE
U0071,66,60,31,54,38,Flexible,100,34,34,Lurker,Changemakers,Center-Left,0.52,FALSE,FALSE,FALSE,TRUE,FALSE,FALSE
U0072,57,42,40,50,21,Flexible,68,76,38,Lurker,Trendsetters,Center,0.59,TRUE,FALSE,TRUE,FALSE,FALSE,TRUE
U0073,26,73,54,74,55,Flexible,72,16,41,Lurker,Achievers,Not inferred,0.0,FALSE,FALSE,TRUE,FALSE,FALSE,FALSE
U0074,55,75,47,92,47,Flexible,98,37,43,Casual Poster,Achievers,Right,0.39,FALSE,FALSE,FALSE,FALSE,TRUE,FALSE
U0075,38,62,42,65,50,Flexible,74,27,53,Active Poster,Changemakers,Center-Left,0.35,FALSE,FALSE,TRUE,FALSE,FALSE,FALSE
U0076,45,27,73,60,61,Night Owl,74,64,58,Casual Poster,Belongers,Not inferred,0.0,FALSE,FALSE,FALSE,FALSE,FALSE,FALSE
U0077,59,51,36,82,64,Flexible,58,42,35,Lurker,Changemakers,Center-Right,0.47,FALSE,TRUE,FALSE,FALSE,FALSE,FALSE
U0078,47,41,50,33,20,Flexible,83,23,50,Casual Poster,Trendsetters,Not inferred,0.0,FALSE,TRUE,FALSE,FALSE,TRUE,FALSE
U0079,46,62,54,10,12,Flexible,95,56,70,Creator,Experience Seekers,Left,0.85,FALSE,FALSE,TRUE,TRUE,FALSE,FALSE
U0080,26,68,59,78,34,Early Bird,100,47,53,Casual Poster,Achievers,Center-Right,0.53,FALSE,TRUE,TRUE,FALSE,FALSE,FALSE
U0081,68,46,52,73,10,Early Bird,96,52,47,Casual Poster,Achievers,Center,0.88,FALSE,FALSE,FALSE,FALSE,TRUE,FALSE
U0082,52,84,38,50,46,Flexible,79,58,45,Casual Poster,Achievers,Center-Left,0.56,FALSE,FALSE,FALSE,FALSE,FALSE,TRUE
U0083,48,70,38,34,52,Flexible,68,56,39,Lurker,Achievers,Left,0.47,FALSE,TRUE,FALSE,FALSE,FALSE,FALSE
U0084,47,78,35,40,42,Flexible,88,66,44,Casual Poster,Achievers,Center-Right,0.94,FALSE,TRUE,FALSE,FALSE,TRUE,FALSE
U0085,42,18,55,78,55,Night Owl,70,44,46,Lurker,Belongers,Right,0.39,FALSE,TRUE,FALSE,TRUE,TRUE,FALSE
U0086,54,47,54,34,58,Flexible,88,51,50,Casual Poster,Changemakers,Center,0.62,FALSE,FALSE,TRUE,FALSE,TRUE,FALSE
U0087,55,60,43,37,46,Night Owl,88,53,40,Casual Poster,Achievers,Not inferred,0.0,FALSE,FALSE,TRUE,FALSE,FALSE,TRUE
U0088,60,50,56,85,51,Flexible,57,39,69,Active Poster,Trendsetters,Center,0.64,FALSE,FALSE,FALSE,FALSE,FALSE,FALSE
U0089,56,23,41,68,35,Night Owl,80,81,35,Lurker,Experience Seekers,Center-Right,0.88,TRUE,FALSE,FALSE,FALSE,TRUE,FALSE
U0090,62,44,60,64,12,Flexible,89,47,51,Casual Poster,Experience Seekers,Right,0.63,TRUE,TRUE,FALSE,FALSE,FALSE,FALSE
U0091,52,50,55,75,47,Flexible,86,42,52,Casual Poster,Pragmatists,Center-Left,0.51,FALSE,FALSE,TRUE,FALSE,TRUE,TRUE
U0092,52,40,76,73,27,Flexible,73,76,60,Casual Poster,Belongers,Center-Left,0.79,FALSE,TRUE,TRUE,FALSE,FALSE,FALSE
U0093,38,21,37,13,45,Night Owl,74,71,39,Lurker,Pragmatists,Right,0.52,TRUE,FALSE,TRUE,FALSE,TRUE,FALSE
U0094,49,28,67,74,24,Night Owl,75,67,54,Casual Poster,Changemakers,Right,0.67,TRUE,FALSE,TRUE,FALSE,FALSE,FALSE
U0095,53,61,70,24,58,Flexible,73,62,68,Active Poster,Trendsetters,Left,0.44,FALSE,FALSE,FALSE,FALSE,TRUE,FALSE
U0096,25,46,52,60,51,Flexible,75,33,49,Casual Poster,Pragmatists,Right,0.74,FALSE,TRUE,FALSE,FALSE,FALSE,FALSE
U0097,49,29,33,23,57,Night Owl,91,16,29,Lurker,Experience Seekers,Right,0.4,FALSE,FALSE,FALSE,FALSE,FALSE,FALSE
U0098,71,56,41,65,62,Flexible,75,41,44,Lurker,Belongers,Left,0.42,TRUE,TRUE,FALSE,FALSE,TRUE,FALSE
U0099,29,45,62,33,64,Flexible,83,30,44,Lurker,Changemakers,Left,0.73,TRUE,FALSE,TRUE,FALSE,FALSE,FALSE
U0100,38,47,53,30,47,Night Owl,73,72,58,Casual Poster,Experience Seekers,Center,0.93,FALSE,FALSE,TRUE,FALSE,FALSE,FALSE
U0101,56,40,26,86,57,Early Bird,89,34,37,Lurker,Experience Seekers,Center,0.65,FALSE,FALSE,TRUE,FALSE,FALSE,FALSE
U0102,66,62,38,32,31,Flexible,81,71,41,Lurker,Experience Seekers,Left,0.76,FALSE,FALSE,FALSE,TRUE,FALSE,FALSE
U0103,65,29,22,67,50,Night Owl,53,40,43,Casual Poster,Experience Seekers,Left,0.87,TRUE,FALSE,FALSE,TRUE,FALSE,FALSE
U0104,60,38,44,62,22,Night Owl,54,60,41,Lurker,Experience Seekers,Right,0.83,FALSE,FALSE,FALSE,TRUE,FALSE,FALSE
U0105,55,59,39,63,59,Flexible,96,82,37,Lurker,Experience Seekers,Center-Left,0.56,TRUE,FALSE,FALSE,FALSE,FALSE,FALSE
U0106,57,51,76,54,23,Early Bird,84,46,60,Casual Poster,Belongers,Center-Left,0.61,FALSE,FALSE,FALSE,TRUE,FALSE,FALSE
U0107,52,34,28,35,40,Flexible,71,38,36,Lurker,Experience Seekers,Left,0.77,FALSE,TRUE,TRUE,TRUE,TRUE,FALSE
U0108,47,34,65,68,28,Night Owl,61,55,61,Active Poster,Belongers,Center-Right,0.35,FALSE,TRUE,FALSE,FALSE,TRUE,FALSE
U0109,49,63,37,79,57,Night Owl,58,48,39,Lurker,Achievers,Center-Left,0.78,FALSE,FALSE,FALSE,FALSE,FALSE,FALSE
U0110,57,39,56,81,50,Flexible,76,68,51,Casual Poster,Experience Seekers,Center-Right,0.45,FALSE,FALSE,FALSE,FALSE,TRUE,TRUE
U0111,54,49,11,48,24,Early Bird,91,69,25,Lurker,Achievers,Right,0.55,TRUE,TRUE,FALSE,FALSE,FALSE,FALSE
U0112,29,47,50,61,40,Flexible,59,20,56,Casual Poster,Experience Seekers,Left,0.66,FALSE,FALSE,TRUE,TRUE,FALSE,FALSE
U0113,60,32,38,68,36,Flexible,80,62,52,Casual Poster,Changemakers,Center-Left,0.92,TRUE,FALSE,TRUE,FALSE,FALSE,FALSE
U0114,40,44,51,94,27,Night Owl,94,49,51,Casual Poster,Belongers,Right,0.47,TRUE,FALSE,TRUE,FALSE,FALSE,FALSE
U0115,74,42,35,68,68,Night Owl,82,17,40,Lurker,Experience Seekers,Center-Right,0.61,TRUE,FALSE,TRUE,FALSE,FALSE,FALSE
U0116,54,27,34,37,36,Flexible,69,2,34,Lurker,Experience Seekers,Center-Left,0.81,FALSE,FALSE,FALSE,FALSE,TRUE,FALSE
U0117,50,50,71,21,37,Flexible,91,29,63,Casual Poster,Changemakers,Left,0.61,FALSE,FALSE,TRUE,TRUE,FALSE,FALSE
U0118,39,62,40,53,63,Night Owl,62,44,45,Casual Poster,Achievers,Center-Right,0.47,TRUE,FALSE,FALSE,FALSE,TRUE,FALSE
U0119,37,66,54,31,63,Flexible,75,34,48,Lurker,Changemakers,Center-Left,0.91,FALSE,TRUE,FALSE,FALSE,FALSE,FALSE
U0120,54,26,65,64,31,Night Owl,69,28,64,Active Poster,Experience Seekers,Center-Left,0.64,FALSE,FALSE,FALSE,FALSE,FALSE,TRUE
U0121,41,42,70,53,39,Night Owl,77,63,63,Active Poster,Experience Seekers,Center-Right,0.63,FALSE,FALSE,FALSE,TRUE,FALSE,FALSE
U0122,56,66,54,30,57,Night Owl,74,41,43,Casual Poster,Experience Seekers,Center-Left,0.85,FALSE,TRUE,FALSE,FALSE,FALSE,FALSE
U0123,56,56,55,58,58,Night Owl,59,37,47,Casual Poster,Experience Seekers,Center,0.69,FALSE,TRUE,TRUE,FALSE,FALSE,FALSE
U0124,63,36,59,63,70,Night Owl,52,13,43,Lurker,Trendsetters,Center-Left,0.94,TRUE,FALSE,TRUE,FALSE,FALSE,FALSE
U0125,33,52,48,46,21,Flexible,90,53,45,Casual Poster,Experience Seekers,Left,0.52,FALSE,FALSE,FALSE,FALSE,FALSE,TRUE
U0126,47,39,66,27,62,Early Bird,90,58,48,Casual Poster,Belongers,Left,0.5,FALSE,FALSE,FALSE,FALSE,FALSE,TRUE
U0127,46,59,18,35,51,Flexible,74,35,33,Lurker,Changemakers,Right,0.6,FALSE,TRUE,FALSE,FALSE,FALSE,FALSE
U0128,54,44,58,46,25,Flexible,89,40,55,Casual Poster,Changemakers,Center-Right,0.8,FALSE,TRUE,FALSE,FALSE,FALSE,TRUE
U0129,52,65,45,42,24,Night Owl,72,52,53,Casual Poster,Achievers,Center,0.62,FALSE,FALSE,FALSE,FALSE,FALSE,FALSE
U0130,35,47,48,42,57,Early Bird,74,12,48,Casual Poster,Pragmatists,Left,0.65,FALSE,FALSE,TRUE,FALSE,FALSE,FALSE
U0131,46,39,29,56,72,Night Owl,72,44,40,Casual Poster,Achievers,Center-Left,0.91,FALSE,TRUE,FALSE,FALSE,TRUE,FALSE
U0132,59,44,25,24,59,Flexible,56,53,33,Lurker,Experience Seekers,Right,0.51,FALSE,FALSE,FALSE,TRUE,TRUE,FALSE
U0133,61,59,73,19,47,Early Bird,86,40,63,Casual Poster,Experience Seekers,Center-Left,0.85,FALSE,FALSE,TRUE,TRUE,FALSE,FALSE
U0134,36,25,52,44,21,Flexible,75,59,56,Active Poster,Trendsetters,Center-Left,0.46,FALSE,FALSE,TRUE,TRUE,FALSE,FALSE
U0135,51,45,23,27,54,Flexible,57,80,34,Lurker,Pragmatists,Center,0.44,TRUE,FALSE,TRUE,FALSE,FALSE,FALSE
U0136,57,21,41,91,62,Night Owl,85,57,22,Lurker,Experience Seekers,Center-Left,0.78,FALSE,TRUE,FALSE,TRUE,FALSE,FALSE
U0137,50,50,30,56,61,Night Owl,47,43,31,Lurker,Experience Seekers,Center-Right,0.4,TRUE,TRUE,FALSE,FALSE,FALSE,FALSE
U0138,32,41,61,8,60,Flexible,61,45,42,Lurker,Belongers,Center-Left,0.63,FALSE,FALSE,TRUE,FALSE,FALSE,FALSE
U0139,45,28,54,65,44,Flexible,100,45,34,Lurker,Experience Seekers,Right,0.52,FALSE,FALSE,TRUE,FALSE,FALSE,FALSE
U0140,34,44,38,25,26,Early Bird,82,48,49,Casual Poster,Achievers,Left,0.72,FALSE,FALSE,FALSE,FALSE,FALSE,FALSE
U0141,23,62,52,55,66,Night Owl,98,55,52,Casual Poster,Changemakers,Center-Left,0.73,FALSE,TRUE,TRUE,FALSE,TRUE,FALSE
U0142,55,43,49,23,31,Night Owl,64,45,38,Lurker,Trendsetters,Center-Left,0.88,FALSE,FALSE,FALSE,TRUE,FALSE,FALSE
U0143,58,60,82,38,61,Flexible,75,51,64,Casual Poster,Belongers,Center-Left,0.72,FALSE,FALSE,FALSE,TRUE,FALSE,TRUE
U0144,43,50,44,68,37,Night Owl,83,41,55,Casual Poster,Changemakers,Left,0.44,TRUE,TRUE,TRUE,TRUE,FALSE,FALSE
U0145,48,46,29,70,58,Early Bird,96,65,47,Casual Poster,Experience Seekers,Left,0.45,FALSE,TRUE,FALSE,FALSE,FALSE,TRUE
U0146,58,52,22,60,26,Flexible,90,19,42,Active Poster,Trendsetters,Right,0.63,FALSE,FALSE,TRUE,FALSE,FALSE,FALSE
U0147,42,68,44,31,12,Flexible,88,47,42,Casual Poster,Achievers,Center,0.61,FALSE,TRUE,FALSE,FALSE,FALSE,TRUE
U0148,61,45,32,63,11,Early Bird,91,19,29,Lurker,Experience Seekers,Center-Right,0.75,FALSE,FALSE,TRUE,FALSE,TRUE,FALSE
U0149,62,42,78,79,38,Night Owl,53,67,64,Active Poster,Changemakers,Left,0.9,TRUE,FALSE,FALSE,FALSE,FALSE,FALSE
U0150,64,50,24,50,37,Flexible,68,78,31,Lurker,Trendsetters,Center-Left,0.81,TRUE,FALSE,TRUE,TRUE,FALSE,FALSE
U0151,28,51,48,14,27,Flexible,93,57,43,Lurker,Achievers,Center-Right,0.53,FALSE,FALSE,TRUE,FALSE,FALSE,TRUE
U0152,52,44,52,61,76,Night Owl,72,29,55,Casual Poster,Experience Seekers,Left,0.75,FALSE,TRUE,TRUE,FALSE,FALSE,FALSE
U0153,46,71,57,31,36,Early Bird,92,16,59,Casual Poster,Trendsetters,Left,0.42,FALSE,FALSE,TRUE,FALSE,FALSE,FALSE
U0154,39,67,47,53,43,Early Bird,62,26,52,Casual Poster,Achievers,Center-Right,0.88,FALSE,TRUE,FALSE,FALSE,FALSE,TRUE
U0155,43,39,46,44,68,Night Owl,80,21,46,Lurker,Belongers,Center-Left,0.8,FALSE,FALSE,FALSE,TRUE,FALSE,FALSE
U0156,33,35,27,57,20,Flexible,63,37,44,Casual Poster,Experience Seekers,Center-Right,0.8,FALSE,FALSE,TRUE,FALSE,FALSE,FALSE
U0157,40,44,54,42,28,Flexible,73,53,55,Casual Poster,Changemakers,Not inferred,0.0,FALSE,FALSE,FALSE,FALSE,FALSE,FALSE
U0158,70,59,39,68,28,Early Bird,70,43,42,Lurker,Experience Seekers,Center-Left,0.68,FALSE,FALSE,FALSE,FALSE,FALSE,FALSE
U0159,60,35,29,51,48,Flexible,52,62,37,Lurker,Changemakers,Center-Right,0.42,FALSE,FALSE,FALSE,TRUE,FALSE,TRUE
U0160,65,68,46,57,80,Night Owl,64,47,45,Casual Poster,Achievers,Right,0.88,FALSE,TRUE,FALSE,FALSE,FALSE,FALSE
U0161,62,44,81,38,71,Flexible,80,29,63,Casual Poster,Belongers,Right,0.48,FALSE,TRUE,FALSE,FALSE,FALSE,FALSE
U0162,58,56,80,69,58,Flexible,81,47,61,Casual Poster,Experience Seekers,Center,0.84,FALSE,FALSE,FALSE,TRUE,FALSE,FALSE
U0163,74,49,54,42,26,Night Owl,83,34,50,Casual Poster,Trendsetters,Left,0.6,FALSE,TRUE,FALSE,FALSE,TRUE,FALSE
U0164,35,78,53,29,18,Early Bird,68,48,44,Lurker,Achievers,Left,0.42,FALSE,FALSE,FALSE,TRUE,TRUE,FALSE
U0165,53,41,69,55,78,Night Owl,69,94,58,Active Poster,Experience Seekers,Center-Left,0.91,TRUE,FALSE,TRUE,TRUE,TRUE,FALSE
U0166,62,44,62,73,75,Night Owl,79,59,53,Casual Poster,Changemakers,Center,0.53,FALSE,FALSE,TRUE,TRUE,FALSE,TRUE
U0167,52,44,38,50,39,Flexible,71,15,43,Lurker,Belongers,Center-Right,0.44,FALSE,FALSE,FALSE,FALSE,FALSE,FALSE
U0168,52,42,68,30,27,Flexible,62,20,62,Active Poster,Belongers,Left,0.47,FALSE,FALSE,TRUE,FALSE,TRUE,TRUE
U0169,61,77,86,31,14,Flexible,62,29,70,Active Poster,Trendsetters,Center-Left,0.63,FALSE,TRUE,FALSE,FALSE,FALSE,FALSE
U0170,46,47,31,47,53,Flexible,85,47,39,Casual Poster,Pragmatists,Center-Right,0.58,TRUE,FALSE,FALSE,TRUE,TRUE,FALSE
U0171,38,53,54,46,58,Early Bird,89,88,46,Lurker,Belongers,Center,0.4,FALSE,TRUE,FALSE,FALSE,FALSE,FALSE
U0172,35,66,73,59,54,Flexible,100,70,60,Casual Poster,Belongers,Center-Right,0.58,FALSE,FALSE,FALSE,FALSE,FALSE,FALSE
U0173,50,62,69,25,75,Night Owl,76,15,58,Casual Poster,Belongers,Left,0.84,FALSE,FALSE,FALSE,FALSE,FALSE,FALSE
U0174,47,54,62,36,50,Early Bird,65,78,59,Active Poster,Experience Seekers,Center,0.5,TRUE,TRUE,FALSE,FALSE,FALSE,FALSE
U0175,65,21,44,40,35,Flexible,65,22,58,Active Poster,Trendsetters,Center-Left,0.47,FALSE,TRUE,TRUE,FALSE,FALSE,FALSE
U0176,58,62,27,56,32,Night Owl,76,81,33,Lurker,Achievers,Center,0.89,FALSE,FALSE,FALSE,FALSE,FALSE,FALSE
U0177,50,39,45,50,70,Flexible,99,77,39,Lurker,Pragmatists,Center-Right,0.91,FALSE,FALSE,FALSE,FALSE,FALSE,FALSE
U0178,37,47,65,30,54,Early Bird,78,40,48,Lurker,Belongers,Center-Left,0.74,TRUE,TRUE,FALSE,FALSE,FALSE,FALSE
U0179,63,67,40,31,68,Flexible,76,42,43,Lurker,Achievers,Right,0.68,FALSE,FALSE,FALSE,FALSE,FALSE,FALSE
U0180,42,40,38,21,27,Night Owl,53,44,44,Lurker,Belongers,Center,0.87,FALSE,FALSE,FALSE,TRUE,FALSE,FALSE
U0181,57,68,73,64,29,Flexible,96,30,59,Casual Poster,Achievers,Right,0.46,FALSE,FALSE,FALSE,FALSE,TRUE,TRUE
U0182,34,58,66,34,52,Early Bird,68,31,49,Lurker,Belongers,Center-Left,0.41,TRUE,FALSE,FALSE,TRUE,FALSE,FALSE
U0183,47,55,43,69,62,Night Owl,66,42,46,Casual Poster,Changemakers,Left,0.61,TRUE,FALSE,TRUE,FALSE,FALSE,FALSE
U0184,46,40,61,31,25,Flexible,76,27,62,Active Poster,Belongers,Center,0.59,FALSE,TRUE,FALSE,TRUE,FALSE,FALSE
U0185,63,29,59,52,77,Night Owl,67,67,55,Active Poster,Experience Seekers,Left,0.42,FALSE,TRUE,FALSE,TRUE,FALSE,FALSE
U0186,39,52,42,59,73,Night Owl,84,28,42,Casual Poster,Changemakers,Right,0.37,FALSE,TRUE,FALSE,TRUE,FALSE,FALSE
U0187,34,55,60,65,35,Flexible,100,41,43,Lurker,Changemakers,Center-Left,0.85,FALSE,FALSE,FALSE,FALSE,FALSE,FALSE
U0188,45,30,81,27,71,Night Owl,74,34,57,Casual Poster,Belongers,Left,0.93,FALSE,FALSE,FALSE,FALSE,FALSE,FALSE
U0189,48,41,53,74,31,Early Bird,84,69,51,Active Poster,Trendsetters,Right,0.56,FALSE,TRUE,TRUE,FALSE,FALSE,FALSE
U0190,47,60,13,31,56,Flexible,76,55,20,Lurker,Trendsetters,Center-Right,0.83,TRUE,TRUE,FALSE,TRUE,TRUE,FALSE
U0191,60,31,45,15,29,Night Owl,69,61,54,Casual Poster,Changemakers,Right,0.73,FALSE,TRUE,FALSE,FALSE,TRUE,FALSE
U0192,73,45,56,66,24,Night Owl,68,53,50,Casual Poster,Changemakers,Center,0.64,TRUE,TRUE,FALSE,FALSE,FALSE,FALSE
U0193,33,50,47,19,56,Flexible,80,59,48,Casual Poster,Changemakers,Center-Left,0.79,FALSE,FALSE,TRUE,FALSE,FALSE,FALSE
U0194,52,65,74,68,16,Flexible,64,71,70,Creator,Belongers,Left,0.95,FALSE,FALSE,FALSE,FALSE,FALSE,FALSE
U0195,41,23,29,52,49,Night Owl,82,44,36,Lurker,Changemakers,Center,0.69,FALSE,FALSE,TRUE,FALSE,FALSE,FALSE
U0196,50,37,60,93,29,Night Owl,69,59,47,Casual Poster,Belongers,Center-Left,0.67,TRUE,FALSE,TRUE,FALSE,FALSE,TRUE
U0197,41,45,58,35,46,Early Bird,93,63,60,Casual Poster,Experience Seekers,Not inferred,0.0,FALSE,TRUE,FALSE,TRUE,TRUE,FALSE
U0198,54,53,34,39,63,Flexible,76,66,37,Lurker,Experience Seekers,Left,0.61,TRUE,TRUE,FALSE,TRUE,FALSE,TRUE
U0199,32,64,75,34,68,Night Owl,95,67,61,Casual Poster,Achievers,Center,0.77,TRUE,TRUE,TRUE,FALSE,TRUE,FALSE
U0200,59,64,32,58,53,Night Owl,74,77,32,Lurker,Experience Seekers,Left,0.92,FALSE,FALSE,FALSE,FALSE,FALSE,FALSE
U0201,53,36,54,24,45,Night Owl,47,49,41,Lurker,Achievers,Center-Left,0.49,FALSE,FALSE,FALSE,FALSE,FALSE,TRUE
U0202,67,38,39,47,49,Night Owl,76,41,51,Active Poster,Changemakers,Left,0.55,FALSE,FALSE,TRUE,FALSE,FALSE,FALSE
U0203,51,43,73,28,16,Flexible,78,66,66,Active Poster,Belongers,Left,0.74,FALSE,TRUE,TRUE,FALSE,FALSE,FALSE
U0204,36,45,57,22,49,Early Bird,99,53,47,Casual Poster,Experience Seekers,Center-Left,0.39,FALSE,FALSE,FALSE,TRUE,FALSE,FALSE
U0205,59,49,54,12,23,Night Owl,93,39,53,Casual Poster,Experience Seekers,Right,0.76,FALSE,TRUE,FALSE,TRUE,TRUE,FALSE
U0206,35,42,52,64,51,Flexible,95,79,48,Casual Poster,Changemakers,Right,0.67,FALSE,FALSE,FALSE,TRUE,FALSE,FALSE
U0207,49,55,53,28,61,Night Owl,51,45,48,Casual Poster,Experience Seekers,Left,0.81,FALSE,FALSE,FALSE,FALSE,TRUE,FALSE
U0208,45,42,60,31,39,Night Owl,82,79,42,Lurker,Experience Seekers,Center-Right,0.68,FALSE,FALSE,FALSE,FALSE,FALSE,FALSE
U0209,50,37,79,55,73,Night Owl,89,41,75,Creator,Belongers,Center,0.81,FALSE,FALSE,TRUE,FALSE,FALSE,FALSE
U0210,58,17,38,34,38,Night Owl,86,55,34,Lurker,Experience Seekers,Center-Left,0.76,TRUE,TRUE,TRUE,FALSE,FALSE,FALSE
U0211,41,41,37,66,66,Night Owl,66,41,44,Casual Poster,Experience Seekers,Center-Left,0.37,FALSE,FALSE,TRUE,FALSE,FALSE,TRUE
U0212,55,52,79,39,29,Early Bird,78,35,54,Casual Poster,Belongers,Center,0.51,TRUE,FALSE,FALSE,FALSE,FALSE,FALSE
U0213,36,67,29,42,27,Flexible,95,22,37,Lurker,Achievers,Center,0.95,TRUE,FALSE,FALSE,FALSE,FALSE,FALSE
U0214,65,34,12,81,34,Night Owl,73,53,23,Lurker,Changemakers,Center,0.69,TRUE,FALSE,TRUE,TRUE,FALSE,FALSE
U0215,58,37,49,16,34,Night Owl,66,52,52,Casual Poster,Experience Seekers,Center,0.79,FALSE,FALSE,TRUE,FALSE,FALSE,FALSE
U0216,52,30,76,60,24,Early Bird,88,56,56,Casual Poster,Trendsetters,Center,0.56,FALSE,FALSE,FALSE,FALSE,FALSE,FALSE
U0217,73,27,43,30,68,Flexible,87,62,56,Casual Poster,Trendsetters,Left,0.62,FALSE,FALSE,TRUE,FALSE,TRUE,FALSE
U0218,63,49,52,69,8,Early Bird,90,46,42,Lurker,Experience Seekers,Center-Left,0.64,FALSE,TRUE,FALSE,TRUE,FALSE,FALSE
U0219,50,42,40,62,54,Flexible,79,35,49,Casual Poster,Experience Seekers,Center,0.53,TRUE,TRUE,TRUE,FALSE,FALSE,FALSE
U0220,49,43,77,24,56,Night Owl,61,51,54,Casual Poster,Belongers,Not inferred,0.0,FALSE,FALSE,TRUE,FALSE,FALSE,FALSE
U0221,56,26,85,21,38,Night Owl,73,57,72,Active Poster,Experience Seekers,Left,0.49,FALSE,TRUE,FALSE,FALSE,FALSE,TRUE
U0222,48,56,54,52,36,Early Bird,97,31,53,Active Poster,Experience Seekers,Not inferred,0.0,FALSE,TRUE,FALSE,FALSE,FALSE,FALSE
U0223,66,40,58,33,66,Night Owl,84,24,57,Active Poster,Changemakers,Center-Left,0.93,FALSE,FALSE,FALSE,FALSE,FALSE,TRUE
U0224,49,46,70,45,28,Night Owl,49,23,69,Active Poster,Experience Seekers,Left,0.88,FALSE,TRUE,TRUE,FALSE,FALSE,TRUE
U0225,43,40,63,55,27,Night Owl,74,37,64,Active Poster,Trendsetters,Center-Left,0.36,FALSE,FALSE,TRUE,FALSE,FALSE,FALSE
U0226,30,61,62,33,47,Flexible,76,44,46,Lurker,Changemakers,Right,0.82,TRUE,FALSE,TRUE,FALSE,FALSE,FALSE
U0227,66,25,54,77,43,Night Owl,84,36,56,Active Poster,Trendsetters,Center-Right,0.64,FALSE,FALSE,FALSE,TRUE,FALSE,FALSE
U0228,43,49,78,37,53,Early Bird,71,33,62,Active Poster,Belongers,Center,0.57,FALSE,TRUE,TRUE,FALSE,FALSE,TRUE
U0229,32,64,70,41,37,Flexible,61,31,60,Casual Poster,Changemakers,Center-Right,0.49,FALSE,FALSE,FALSE,FALSE,FALSE,TRUE
U0230,47,84,55,37,22,Early Bird,73,33,62,Active Poster,Achievers,Center-Left,0.37,FALSE,FALSE,FALSE,TRUE,FALSE,FALSE
U0231,28,70,59,63,57,Early Bird,60,53,55,Active Poster,Belongers,Left,0.77,FALSE,FALSE,FALSE,FALSE,FALSE,FALSE
U0232,63,42,77,61,53,Flexible,75,37,53,Casual Poster,Experience Seekers,Center-Left,0.37,FALSE,TRUE,FALSE,FALSE,FALSE,FALSE
U0233,44,61,80,26,34,Early Bird,90,77,68,Active Poster,Belongers,Center-Right,0.57,TRUE,FALSE,FALSE,TRUE,FALSE,FALSE
U0234,65,29,28,60,51,Night Owl,71,37,36,Lurker,Experience Seekers,Center-Left,0.85,TRUE,FALSE,FALSE,FALSE,FALSE,FALSE
U0235,53,33,33,46,50,Night Owl,88,69,43,Casual Poster,Experience Seekers,Center,0.76,FALSE,FALSE,FALSE,FALSE,FALSE,TRUE
U0236,49,42,47,53,28,Night Owl,59,21,56,Active Poster,Trendsetters,Center,0.46,FALSE,FALSE,FALSE,FALSE,FALSE,FALSE
U0237,39,59,56,57,64,Flexible,100,53,43,Lurker,Experience Seekers,Left,0.85,FALSE,TRUE,TRUE,FALSE,FALSE,TRUE
U0238,68,40,31,47,66,Night Owl,78,55,34,Lurker,Trendsetters,Center-Right,0.45,FALSE,FALSE,TRUE,FALSE,FALSE,FALSE
U0239,37,49,47,61,16,Early Bird,94,56,41,Casual Poster,Trendsetters,Not inferred,0.0,FALSE,FALSE,TRUE,TRUE,FALSE,FALSE
U0240,45,35,32,15,44,Early Bird,99,46,21,Lurker,Pragmatists,Right,0.87,FALSE,FALSE,TRUE,TRUE,FALSE,TRUE
U0241,50,47,43,82,64,Night Owl,72,25,48,Casual Poster,Belongers,Left,0.42,FALSE,TRUE,TRUE,TRUE,FALSE,FALSE
U0242,43,45,31,62,42,Flexible,72,44,41,Casual Poster,Pragmatists,Center-Left,0.92,TRUE,TRUE,TRUE,TRUE,TRUE,FALSE
U0243,32,49,43,30,51,Flexible,82,49,48,Casual Poster,Pragmatists,Right,0.56,FALSE,FALSE,TRUE,TRUE,FALSE,FALSE
U0244,66,56,34,30,60,Night Owl,66,61,47,Casual Poster,Experience Seekers,Right,0.66,TRUE,FALSE,FALSE,TRUE,FALSE,FALSE
U0245,65,39,38,68,69,Flexible,90,52,47,Casual Poster,Experience Seekers,Center-Left,0.91,FALSE,FALSE,TRUE,FALSE,FALSE,FALSE
U0246,18,63,36,41,23,Early Bird,94,80,35,Lurker,Changemakers,Center,0.57,FALSE,FALSE,FALSE,FALSE,FALSE,FALSE
U0247,28,34,18,59,28,Flexible,86,35,26,Lurker,Changemakers,Right,0.47,FALSE,FALSE,FALSE,FALSE,TRUE,FALSE
U0248,36,34,46,62,43,Early Bird,97,44,42,Casual Poster,Experience Seekers,Left,0.67,FALSE,TRUE,TRUE,FALSE,FALSE,FALSE
U0249,36,48,57,86,42,Night Owl,56,35,48,Lurker,Achievers,Center-Left,0.55,FALSE,FALSE,TRUE,FALSE,FALSE,FALSE
U0250,34,57,65,44,29,Flexible,71,70,68,Active Poster,Belongers,Center,0.8,FALSE,FALSE,FALSE,FALSE,TRUE,FALSE
U0251,36,52,62,37,74,Night Owl,46,25,43,Lurker,Achievers,Center-Left,0.86,FALSE,FALSE,FALSE,FALSE,TRUE,TRUE
U0252,49,73,71,10,45,Flexible,67,42,69,Active Poster,Achievers,Left,0.49,FALSE,FALSE,FALSE,FALSE,FALSE,FALSE
U0253,41,74,37,57,43,Early Bird,93,52,43,Lurker,Achievers,Center-Right,0.49,TRUE,FALSE,TRUE,FALSE,FALSE,FALSE
U0254,29,50,53,51,42,Night Owl,95,53,55,Casual Poster,Achievers,Left,0.53,FALSE,FALSE,FALSE,TRUE,FALSE,FALSE
U0255,49,45,52,37,46,Flexible,83,62,51,Casual Poster,Achievers,Not inferred,0.0,FALSE,TRUE,FALSE,FALSE,FALSE,FALSE
U0256,53,49,33,34,45,Flexible,68,33,26,Lurker,Changemakers,Not inferred,0.0,FALSE,FALSE,TRUE,FALSE,FALSE,FALSE
U0257,52,55,60,57,19,Early Bird,60,64,52,Lurker,Experience Seekers,Not inferred,0.0,FALSE,FALSE,TRUE,FALSE,FALSE,TRUE
U0258,29,37,24,49,30,Night Owl,93,35,43,Casual Poster,Changemakers,Center-Left,0.9,FALSE,FALSE,TRUE,TRUE,FALSE,FALSE
U0259,42,56,49,56,47,Flexible,87,51,31,Lurker,Experience Seekers,Center-Left,0.6,FALSE,FALSE,FALSE,FALSE,TRUE,FALSE
U0260,45,35,33,24,13,Early Bird,69,58,42,Casual Poster,Pragmatists,Left,0.88,FALSE,TRUE,TRUE,FALSE,FALSE,FALSE
U0261,38,44,17,73,47,Flexible,91,67,29,Lurker,Changemakers,Center-Left,0.78,FALSE,FALSE,TRUE,FALSE,FALSE,FALSE
U0262,31,77,58,76,33,Early Bird,64,50,45,Casual Poster,Achievers,Center-Left,0.9,FALSE,FALSE,FALSE,FALSE,FALSE,FALSE
U0263,37,32,15,26,51,Night Owl,62,51,23,Lurker,Experience Seekers,Center-Left,0.88,FALSE,TRUE,FALSE,TRUE,FALSE,FALSE
U0264,65,40,17,39,41,Early Bird,92,34,32,Lurker,Trendsetters,Center,0.89,FALSE,TRUE,FALSE,FALSE,FALSE,FALSE
U0265,76,21,38,67,44,Night Owl,53,30,40,Lurker,Experience Seekers,Left,0.52,FALSE,FALSE,FALSE,FALSE,FALSE,FALSE
U0266,53,59,46,36,64,Flexible,79,34,41,Casual Poster,Experience Seekers,Left,0.42,TRUE,FALSE,FALSE,FALSE,TRUE,TRUE
U0267,52,51,64,30,54,Night Owl,89,70,62,Active Poster,Belongers,Center-Left,0.95,TRUE,FALSE,TRUE,FALSE,TRUE,TRUE
U0268,39,27,42,78,65,Night Owl,55,19,32,Lurker,Experience Seekers,Left,0.88,FALSE,TRUE,FALSE,FALSE,FALSE,FALSE
U0269,33,15,67,28,47,Night Owl,83,32,64,Casual Poster,Experience Seekers,Center-Left,0.4,FALSE,TRUE,TRUE,TRUE,FALSE,FALSE
U0270,52,55,64,52,18,Flexible,84,77,63,Active Poster,Experience Seekers,Center,0.68,FALSE,TRUE,FALSE,FALSE,TRUE,FALSE
U0271,49,50,45,63,20,Flexible,85,51,48,Lurker,Experience Seekers,Not inferred,0.0,FALSE,FALSE,FALSE,TRUE,FALSE,FALSE
U0272,61,59,69,65,42,Early Bird,70,34,51,Casual Poster,Changemakers,Center-Left,0.93,TRUE,FALSE,FALSE,FALSE,FALSE,FALSE
U0273,48,48,32,47,37,Flexible,78,6,44,Casual Poster,Achievers,Right,0.86,TRUE,FALSE,TRUE,TRUE,FALSE,FALSE
U0274,49,28,48,51,49,Night Owl,59,68,45,Casual Poster,Belongers,Left,0.9,FALSE,TRUE,FALSE,TRUE,FALSE,TRUE
U0275,37,40,52,22,48,Night Owl,62,45,56,Active Poster,Experience Seekers,Right,0.82,FALSE,FALSE,FALSE,FALSE,FALSE,FALSE
U0276,52,27,60,33,58,Flexible,88,50,52,Lurker,Experience Seekers,Left,0.38,FALSE,TRUE,FALSE,FALSE,FALSE,FALSE
U0277,71,36,38,34,55,Early Bird,70,41,48,Casual Poster,Trendsetters,Not inferred,0.0,FALSE,FALSE,FALSE,TRUE,FALSE,FALSE
U0278,60,51,47,38,41,Flexible,63,67,44,Lurker,Experience Seekers,Left,0.46,FALSE,TRUE,FALSE,FALSE,FALSE,TRUE
U0279,40,45,52,57,52,Flexible,74,38,51,Casual Poster,Changemakers,Left,0.82,TRUE,FALSE,FALSE,FALSE,TRUE,FALSE
U0280,73,61,62,54,64,Flexible,70,46,68,Creator,Trendsetters,Center-Right,0.63,FALSE,TRUE,FALSE,FALSE,FALSE,TRUE
U0281,31,57,52,26,33,Flexible,91,57,51,Casual Poster,Achievers,Center-Left,0.36,FALSE,FALSE,FALSE,FALSE,FALSE,FALSE
U0282,56,70,17,20,21,Flexible,82,11,26,Lurker,Achievers,Center-Left,0.43,TRUE,FALSE,TRUE,FALSE,FALSE,FALSE
U0283,39,55,41,19,57,Flexible,89,29,38,Lurker,Changemakers,Center-Left,0.84,TRUE,FALSE,TRUE,FALSE,FALSE,FALSE
U0284,37,39,50,62,64,Night Owl,64,30,38,Lurker,Changemakers,Right,0.48,FALSE,FALSE,TRUE,TRUE,FALSE,FALSE
U0285,46,30,51,49,72,Night Owl,86,51,52,Casual Poster,Changemakers,Center-Right,0.78,FALSE,FALSE,TRUE,TRUE,FALSE,TRUE
U0286,47,65,40,36,76,Night Owl,49,37,47,Lurker,Achievers,Center-Left,0.75,FALSE,FALSE,FALSE,FALSE,TRUE,TRUE
U0287,55,56,48,59,73,Night Owl,83,20,49,Lurker,Belongers,Right,0.48,TRUE,TRUE,FALSE,FALSE,FALSE,FALSE
U0288,46,40,73,76,66,Flexible,61,65,63,Casual Poster,Belongers,Center-Left,0.42,FALSE,FALSE,TRUE,FALSE,FALSE,FALSE
U0289,33,45,27,37,19,Early Bird,95,49,39,Lurker,Experience Seekers,Center,0.7,FALSE,TRUE,FALSE,FALSE,TRUE,FALSE
U0290,51,34,49,40,72,Night Owl,89,70,46,Casual Poster,Changemakers,Center-Right,0.67,FALSE,FALSE,TRUE,TRUE,TRUE,FALSE
U0291,36,41,41,52,25,Flexible,95,53,51,Casual Poster,Experience Seekers,Center-Left,0.51,FALSE,FALSE,FALSE,FALSE,FALSE,TRUE
U0292,66,59,12,36,23,Flexible,73,49,26,Lurker,Experience Seekers,Left,0.48,FALSE,FALSE,FALSE,FALSE,FALSE,FALSE
U0293,61,16,53,36,50,Night Owl,53,44,48,Casual Poster,Pragmatists,Center-Right,0.37,FALSE,FALSE,FALSE,FALSE,FALSE,FALSE
U0294,45,50,47,71,66,Flexible,86,26,56,Casual Poster,Changemakers,Left,0.82,FALSE,FALSE,FALSE,FALSE,FALSE,FALSE
U0295,50,43,43,29,39,Flexible,78,44,38,Lurker,Experience Seekers,Center-Right,0.5,TRUE,FALSE,FALSE,TRUE,FALSE,FALSE
U0296,39,45,70,80,61,Flexible,74,58,66,Active Poster,Belongers,Left,0.41,TRUE,TRUE,FALSE,TRUE,FALSE,TRUE
U0297,53,23,38,65,36,Night Owl,93,61,47,Casual Poster,Experience Seekers,Left,0.35,FALSE,FALSE,TRUE,TRUE,FALSE,TRUE
U0298,32,19,24,39,63,Night Owl,76,41,29,Lurker,Changemakers,Center-Left,0.87,FALSE,FALSE,TRUE,FALSE,FALSE,TRUE
U0299,46,62,39,60,34,Early Bird,82,47,44,Casual Poster,Experience Seekers,Left,0.62,FALSE,FALSE,FALSE,FALSE,TRUE,FALSE
U0300,44,54,64,74,22,Flexible,67,58,55,Active Poster,Trendsetters,Center,0.47,FALSE,FALSE,FALSE,FALSE,FALSE,FALSE
U0301,37,25,45,46,74,Night Owl,75,69,35,Lurker,Pragmatists,Center-Left,0.41,FALSE,FALSE,TRUE,FALSE,FALSE,FALSE
U0302,58,52,41,49,65,Flexible,82,61,44,Lurker,Belongers,Right,0.89,TRUE,FALSE,FALSE,FALSE,FALSE,TRUE
U0303,58,30,66,32,22,Flexible,83,56,50,Lurker,Belongers,Center-Left,0.78,FALSE,TRUE,TRUE,FALSE,FALSE,FALSE
U0304,64,40,52,54,71,Flexible,82,25,47,Casual Poster,Experience Seekers,Center,0.63,TRUE,FALSE,FALSE,FALSE,FALSE,FALSE
U0305,43,38,69,71,34,Night Owl,66,30,76,Creator,Belongers,Left,0.89,FALSE,FALSE,TRUE,FALSE,FALSE,FALSE
U0306,30,44,74,34,7,Early Bird,80,49,61,Active Poster,Belongers,Center-Left,0.74,FALSE,FALSE,TRUE,FALSE,FALSE,FALSE
U0307,56,72,7,46,47,Early Bird,100,39,29,Lurker,Changemakers,Not inferred,0.0,FALSE,FALSE,FALSE,FALSE,FALSE,FALSE
U0308,59,36,40,43,32,Flexible,72,40,56,Active Poster,Trendsetters,Center,0.89,TRUE,TRUE,FALSE,TRUE,FALSE,FALSE
U0309,48,44,53,56,48,Night Owl,58,61,53,Casual Poster,Trendsetters,Center,0.83,FALSE,FALSE,TRUE,TRUE,FALSE,TRUE
U0310,47,41,48,59,34,Flexible,99,23,48,Casual Poster,Experience Seekers,Center,0.51,FALSE,FALSE,TRUE,FALSE,FALSE,TRUE
U0311,64,53,55,69,30,Early Bird,88,50,47,Lurker,Achievers,Left,0.8,TRUE,FALSE,FALSE,TRUE,FALSE,FALSE
U0312,44,60,34,86,35,Flexible,70,54,46,Casual Poster,Achievers,Right,0.56,TRUE,FALSE,TRUE,FALSE,TRUE,FALSE
U0313,48,36,56,40,62,Flexible,86,42,60,Casual Poster,Experience Seekers,Center-Right,0.43,FALSE,FALSE,FALSE,FALSE,FALSE,TRUE
U0314,57,62,86,67,20,Flexible,84,74,62,Casual Poster,Belongers,Center-Right,0.6,FALSE,FALSE,FALSE,FALSE,FALSE,FALSE
U0315,35,52,54,7,48,Early Bird,65,41,65,Active Poster,Changemakers,Left,0.71,FALSE,FALSE,FALSE,FALSE,FALSE,FALSE
U0316,66,64,50,62,63,Flexible,81,54,56,Casual Poster,Changemakers,Left,0.78,FALSE,FALSE,FALSE,FALSE,TRUE,FALSE
U0317,43,57,48,26,39,Night Owl,77,49,45,Lurker,Achievers,Left,0.81,TRUE,TRUE,FALSE,FALSE,FALSE,FALSE
U0318,69,65,47,27,50,Early Bird,82,48,48,Casual Poster,Changemakers,Left,0.69,FALSE,TRUE,TRUE,FALSE,FALSE,FALSE
U0319,71,58,16,49,27,Early Bird,73,44,34,Lurker,Trendsetters,Center-Left,0.82,FALSE,FALSE,FALSE,TRUE,FALSE,FALSE
U0320,64,18,64,25,31,Night Owl,75,27,54,Casual Poster,Experience Seekers,Center-Right,0.84,TRUE,TRUE,TRUE,TRUE,TRUE,FALSE
U0321,48,47,71,12,18,Flexible,100,45,70,Active Poster,Trendsetters,Not inferred,0.0,TRUE,FALSE,TRUE,TRUE,FALSE,FALSE
U0322,62,67,21,67,15,Flexible,57,55,27,Lurker,Experience Seekers,Right,0.82,FALSE,FALSE,FALSE,TRUE,FALSE,FALSE
U0323,36,48,71,21,32,Early Bird,73,49,72,Creator,Trendsetters,Left,0.76,TRUE,TRUE,FALSE,TRUE,FALSE,FALSE
U0324,58,72,56,66,23,Flexible,82,13,58,Casual Poster,Experience Seekers,Center-Right,0.62,FALSE,FALSE,FALSE,FALSE,TRUE,FALSE
U0325,61,51,38,57,30,Night Owl,98,62,42,Lurker,Changemakers,Not inferred,0.0,FALSE,TRUE,FALSE,FALSE,FALSE,FALSE
U0326,53,34,53,19,26,Flexible,85,57,46,Lurker,Pragmatists,Center-Left,0.75,TRUE,TRUE,FALSE,FALSE,FALSE,FALSE
U0327,19,36,59,50,28,Flexible,61,34,58,Casual Poster,Belongers,Left,0.85,FALSE,FALSE,FALSE,TRUE,FALSE,FALSE
U0328,83,46,11,18,58,Flexible,74,53,18,Lurker,Experience Seekers,Center-Right,0.45,FALSE,TRUE,TRUE,FALSE,FALSE,FALSE
U0329,46,42,59,46,30,Night Owl,71,33,57,Active Poster,Changemakers,Center,0.59,FALSE,FALSE,FALSE,FALSE,FALSE,FALSE
U0330,33,50,20,20,63,Night Owl,54,18,20,Lurker,Pragmatists,Center-Right,0.92,TRUE,TRUE,FALSE,TRUE,FALSE,FALSE
U0331,61,33,58,69,47,Flexible,100,71,45,Lurker,Experience Seekers,Left,0.41,FALSE,FALSE,FALSE,TRUE,FALSE,TRUE
U0332,44,45,27,31,44,Early Bird,93,41,31,Lurker,Changemakers,Right,0.46,FALSE,TRUE,FALSE,FALSE,FALSE,FALSE
U0333,63,41,38,56,22,Night Owl,61,57,38,Lurker,Changemakers,Center-Right,0.89,TRUE,FALSE,FALSE,TRUE,TRUE,FALSE
U0334,55,41,54,34,70,Flexible,79,11,48,Casual Poster,Changemakers,Center-Right,0.56,FALSE,FALSE,FALSE,FALSE,FALSE,TRUE
U0335,38,39,24,73,13,Flexible,90,43,47,Casual Poster,Changemakers,Left,0.9,FALSE,TRUE,FALSE,FALSE,FALSE,FALSE
U0336,33,66,23,53,33,Flexible,67,56,17,Lurker,Experience Seekers,Center-Left,0.84,TRUE,TRUE,TRUE,TRUE,FALSE,FALSE
U0337,37,46,43,44,30,Early Bird,68,29,39,Lurker,Pragmatists,Not inferred,0.0,FALSE,TRUE,TRUE,FALSE,FALSE,FALSE
U0338,43,65,56,65,19,Early Bird,66,35,44,Lurker,Belongers,Center,0.92,FALSE,FALSE,FALSE,FALSE,FALSE,TRUE
U0339,41,53,64,61,77,Night Owl,68,24,66,Active Poster,Trendsetters,Center-Left,0.52,TRUE,FALSE,TRUE,FALSE,FALSE,FALSE
U0340,22,37,60,41,44,Night Owl,47,56,48,Lurker,Experience Seekers,Center,0.61,FALSE,FALSE,FALSE,FALSE,FALSE,FALSE
U0341,37,73,62,49,43,Flexible,81,41,49,Casual Poster,Changemakers,Center-Left,0.58,FALSE,TRUE,FALSE,FALSE,FALSE,FALSE
U0342,38,49,44,62,15,Early Bird,88,46,37,Lurker,Belongers,Left,0.92,TRUE,FALSE,FALSE,TRUE,FALSE,FALSE
U0343,46,47,54,40,47,Night Owl,58,6,51,Casual Poster,Trendsetters,Not inferred,0.0,FALSE,FALSE,FALSE,FALSE,FALSE,FALSE
U0344,55,44,59,26,10,Early Bird,81,69,51,Casual Poster,Trendsetters,Left,0.6,FALSE,FALSE,FALSE,FALSE,FALSE,FALSE
U0345,59,43,16,6,28,Night Owl,86,31,24,Lurker,Experience Seekers,Not inferred,0.0,FALSE,FALSE,TRUE,FALSE,FALSE,FALSE
U0346,52,30,47,23,41,Night Owl,64,18,52,Casual Poster,Experience Seekers,Left,0.56,TRUE,FALSE,FALSE,FALSE,FALSE,FALSE
U0347,53,45,58,38,61,Flexible,80,41,46,Casual Poster,Experience Seekers,Left,0.82,FALSE,TRUE,TRUE,FALSE,FALSE,FALSE
U0348,67,66,41,56,27,Flexible,57,49,44,Lurker,Achievers,Center-Left,0.81,TRUE,FALSE,FALSE,FALSE,TRUE,FALSE
U0349,31,27,62,51,77,Night Owl,61,28,62,Casual Poster,Belongers,Center-Left,0.4,FALSE,TRUE,TRUE,FALSE,FALSE,FALSE
U0350,57,34,74,71,48,Flexible,66,28,73,Active Poster,Experience Seekers,Right,0.38,FALSE,FALSE,TRUE,FALSE,TRUE,TRUE
U0351,48,46,34,74,50,Flexible,64,54,42,Casual Poster,Changemakers,Center-Right,0.76,FALSE,FALSE,FALSE,FALSE,FALSE,FALSE
U0352,66,40,64,66,57,Early Bird,63,67,57,Casual Poster,Belongers,Left,0.66,FALSE,FALSE,TRUE,FALSE,FALSE,FALSE
U0353,43,42,56,53,56,Night Owl,73,76,51,Casual Poster,Belongers,Left,0.85,FALSE,FALSE,FALSE,FALSE,FALSE,FALSE
U0354,45,46,47,62,15,Flexible,81,60,34,Lurker,Belongers,Center-Right,0.49,TRUE,FALSE,FALSE,FALSE,FALSE,FALSE
U0355,46,28,66,65,34,Night Owl,81,34,68,Active Poster,Belongers,Not inferred,0.0,FALSE,TRUE,FALSE,FALSE,TRUE,FALSE
U0356,77,49,37,53,32,Early Bird,81,66,23,Lurker,Trendsetters,Right,0.39,FALSE,FALSE,FALSE,FALSE,FALSE,FALSE
U0357,41,38,67,55,54,Night Owl,84,38,62,Active Poster,Belongers,Center,0.46,FALSE,TRUE,FALSE,TRUE,FALSE,FALSE
U0358,54,62,57,38,41,Flexible,100,50,58,Active Poster,Experience Seekers,Center,0.5,TRUE,TRUE,TRUE,FALSE,FALSE,FALSE
U0359,49,31,53,66,31,Night Owl,73,32,36,Lurker,Experience Seekers,Left,0.69,FALSE,FALSE,TRUE,FALSE,TRUE,FALSE
U0360,44,58,41,67,34,Flexible,82,66,35,Lurker,Pragmatists,Center-Left,0.95,FALSE,TRUE,TRUE,FALSE,FALSE,FALSE
U0361,51,38,22,24,34,Night Owl,89,33,39,Casual Poster,Experience Seekers,Center,0.91,FALSE,TRUE,FALSE,TRUE,FALSE,FALSE
U0362,37,56,56,37,62,Night Owl,69,62,47,Casual Poster,Experience Seekers,Center,0.82,FALSE,FALSE,FALSE,FALSE,FALSE,FALSE
U0363,47,35,12,60,9,Early Bird,54,56,26,Lurker,Experience Seekers,Right,0.92,TRUE,FALSE,TRUE,FALSE,FALSE,FALSE
U0364,42,45,80,86,71,Flexible,76,31,71,Active Poster,Experience Seekers,Center,0.81,FALSE,FALSE,TRUE,TRUE,FALSE,FALSE
U0365,56,46,58,66,24,Flexible,62,47,60,Active Poster,Achievers,Right,0.38,FALSE,TRUE,FALSE,FALSE,FALSE,FALSE
U0366,43,48,23,43,56,Night Owl,53,19,35,Lurker,Experience Seekers,Center-Left,0.54,FALSE,TRUE,FALSE,TRUE,FALSE,FALSE
U0367,49,48,55,77,31,Night Owl,65,39,47,Casual Poster,Belongers,Right,0.89,FALSE,TRUE,FALSE,FALSE,FALSE,FALSE
U0368,36,55,38,49,10,Early Bird,87,47,41,Lurker,Changemakers,Left,0.56,TRUE,TRUE,TRUE,FALSE,FALSE,FALSE
U0369,67,46,54,66,13,Flexible,64,44,42,Casual Poster,Experience Seekers,Center-Right,0.5,FALSE,FALSE,FALSE,FALSE,FALSE,FALSE
U0370,53,55,37,24,60,Flexible,75,48,43,Casual Poster,Experience Seekers,Left,0.64,FALSE,TRUE,TRUE,TRUE,FALSE,FALSE
U0371,64,49,53,25,54,Early Bird,90,29,57,Casual Poster,Experience Seekers,Left,0.51,FALSE,FALSE,TRUE,FALSE,TRUE,FALSE
U0372,34,57,54,43,72,Night Owl,84,48,51,Casual Poster,Pragmatists,Center,0.89,FALSE,FALSE,FALSE,FALSE,FALSE,TRUE
U0373,55,36,49,42,68,Night Owl,70,45,44,Casual Poster,Experience Seekers,Left,0.45,FALSE,TRUE,FALSE,FALSE,TRUE,FALSE
U0374,44,24,51,69,22,Flexible,65,34,53,Casual Poster,Experience Seekers,Center-Right,0.93,TRUE,FALSE,FALSE,FALSE,FALSE,FALSE
U0375,55,47,49,78,15,Early Bird,67,49,40,Lurker,Changemakers,Center,0.7,FALSE,FALSE,FALSE,FALSE,FALSE,FALSE
U0376,46,42,13,18,60,Flexible,87,36,27,Lurker,Experience Seekers,Center,0.48,FALSE,FALSE,FALSE,FALSE,FALSE,FALSE
U0377,52,28,36,63,53,Night Owl,70,73,29,Lurker,Experience Seekers,Center-Right,0.85,FALSE,FALSE,FALSE,FALSE,FALSE,FALSE
U0378,55,34,36,37,71,Flexible,100,78,38,Lurker,Achievers,Right,0.88,FALSE,FALSE,FALSE,FALSE,FALSE,FALSE
U0379,32,30,42,48,68,Night Owl,97,43,39,Lurker,Pragmatists,Right,0.48,TRUE,FALSE,FALSE,FALSE,FALSE,FALSE
U0380,66,39,33,65,29,Flexible,64,64,38,Lurker,Experience Seekers,Not inferred,0.0,FALSE,FALSE,FALSE,FALSE,TRUE,FALSE
U0381,57,66,66,21,23,Early Bird,85,46,49,Lurker,Achievers,Right,0.67,TRUE,TRUE,FALSE,FALSE,FALSE,FALSE
U0382,44,72,49,54,41,Early Bird,87,60,50,Lurker,Achievers,Not inferred,0.0,FALSE,FALSE,FALSE,FALSE,TRUE,FALSE
U0383,41,63,31,33,64,Flexible,100,49,39,Casual Poster,Trendsetters,Center-Right,0.54,FALSE,FALSE,TRUE,FALSE,FALSE,TRUE
U0384,38,54,46,58,61,Night Owl,55,54,43,Casual Poster,Experience Seekers,Center-Left,0.61,FALSE,TRUE,FALSE,FALSE,TRUE,FALSE
U0385,39,37,40,21,43,Night Owl,66,47,35,Lurker,Experience Seekers,Right,0.57,TRUE,FALSE,TRUE,FALSE,TRUE,FALSE
U0386,51,51,85,34,70,Night Owl,70,22,60,Casual Poster,Belongers,Center,0.65,FALSE,FALSE,FALSE,TRUE,FALSE,FALSE
U0387,37,38,32,69,65,Flexible,86,31,43,Casual Poster,Experience Seekers,Right,0.92,FALSE,FALSE,FALSE,FALSE,FALSE,FALSE
U0388,44,38,64,24,63,Flexible,69,18,69,Creator,Belongers,Center-Right,0.75,FALSE,TRUE,FALSE,FALSE,FALSE,FALSE
U0389,51,59,30,46,30,Early Bird,82,66,40,Casual Poster,Achievers,Left,0.36,FALSE,FALSE,FALSE,FALSE,FALSE,FALSE
U0390,40,49,57,35,49,Night Owl,69,67,59,Active Poster,Experience Seekers,Not inferred,0.0,FALSE,TRUE,TRUE,FALSE,FALSE,TRUE
U0391,47,40,42,23,75,Night Owl,55,55,32,Lurker,Experience Seekers,Left,0.79,FALSE,FALSE,FALSE,FALSE,TRUE,FALSE
U0392,31,40,42,17,29,Night Owl,73,59,48,Casual Poster,Changemakers,Center,0.37,FALSE,FALSE,TRUE,TRUE,FALSE,FALSE
U0393,48,30,44,15,51,Flexible,75,58,41,Casual Poster,Trendsetters,Center,0.67,FALSE,FALSE,TRUE,FALSE,FALSE,FALSE
U0394,58,46,47,29,42,Night Owl,56,66,50,Casual Poster,Trendsetters,Center-Left,0.86,FALSE,TRUE,TRUE,FALSE,FALSE,TRUE
U0395,59,53,5,65,29,Night Owl,55,38,18,Lurker,Achievers,Center-Left,0.63,TRUE,FALSE,TRUE,FALSE,FALSE,FALSE
U0396,41,65,43,25,51,Night Owl,47,25,44,Lurker,Achievers,Right,0.69,TRUE,FALSE,FALSE,FALSE,TRUE,FALSE
U0397,52,25,75,60,78,Night Owl,80,40,70,Creator,Belongers,Center-Left,0.82,TRUE,TRUE,TRUE,TRUE,FALSE,FALSE
U0398,37,73,35,15,40,Flexible,97,37,25,Lurker,Changemakers,Left,0.4,FALSE,FALSE,FALSE,FALSE,TRUE,TRUE
U0399,38,59,26,37,34,Flexible,61,32,28,Lurker,Changemakers,Left,0.83,FALSE,FALSE,TRUE,TRUE,FALSE,FALSE
U0400,49,63,57,81,33,Flexible,100,54,46,Lurker,Experience Seekers,Center-Left,0.89,FALSE,FALSE,TRUE,FALSE,FALSE,TRUE
U0401,62,30,27,57,61,Early Bird,97,74,41,Casual Poster,Pragmatists,Left,0.86,FALSE,FALSE,FALSE,FALSE,FALSE,TRUE
U0402,40,63,61,33,23,Flexible,97,55,55,Casual Poster,Achievers,Center-Left,0.53,TRUE,TRUE,FALSE,FALSE,FALSE,TRUE
U0403,32,49,42,63,73,Flexible,78,77,41,Lurker,Changemakers,Center-Left,0.88,FALSE,FALSE,FALSE,FALSE,FALSE,FALSE
U0404,52,35,50,89,58,Flexible,98,64,45,Casual Poster,Belongers,Center,0.9,FALSE,FALSE,FALSE,FALSE,TRUE,FALSE
U0405,46,16,71,72,57,Night Owl,57,56,57,Casual Poster,Belongers,Center-Left,0.47,FALSE,TRUE,TRUE,FALSE,FALSE,FALSE
U0406,45,42,76,29,48,Flexible,78,53,51,Lurker,Belongers,Center,0.77,FALSE,FALSE,FALSE,TRUE,FALSE,FALSE
U0407,43,70,73,53,77,Night Owl,62,52,57,Casual Poster,Belongers,Right,0.82,TRUE,FALSE,FALSE,FALSE,FALSE,FALSE
U0408,38,56,45,81,38,Night Owl,70,50,56,Active Poster,Achievers,Not inferred,0.0,FALSE,TRUE,FALSE,FALSE,FALSE,FALSE
U0409,55,42,51,62,23,Night Owl,67,61,46,Casual Poster,Experience Seekers,Center,0.49,FALSE,FALSE,FALSE,FALSE,TRUE,FALSE
U0410,60,71,42,81,25,Flexible,77,64,57,Active Poster,Achievers,Left,0.64,FALSE,TRUE,FALSE,FALSE,TRUE,FALSE
U0411,64,68,48,46,38,Flexible,56,61,51,Casual Poster,Achievers,Left,0.89,FALSE,FALSE,TRUE,FALSE,FALSE,FALSE
U0412,42,64,40,55,53,Flexible,68,67,48,Casual Poster,Achievers,Left,0.74,TRUE,TRUE,TRUE,FALSE,TRUE,FALSE
U0413,40,74,21,50,20,Flexible,76,51,30,Lurker,Achievers,Right,0.65,FALSE,FALSE,FALSE,TRUE,TRUE,FALSE
U0414,33,32,49,32,69,Night Owl,85,34,42,Lurker,Experience Seekers,Not inferred,0.0,FALSE,FALSE,TRUE,FALSE,FALSE,FALSE
U0415,40,50,28,50,51,Flexible,80,82,29,Lurker,Pragmatists,Center-Left,0.44,FALSE,FALSE,FALSE,FALSE,FALSE,FALSE
U0416,65,50,49,77,55,Early Bird,100,37,52,Casual Poster,Changemakers,Center,0.43,FALSE,TRUE,FALSE,FALSE,FALSE,TRUE
U0417,34,39,53,59,74,Night Owl,61,56,52,Casual Poster,Achievers,Center-Left,0.44,FALSE,FALSE,FALSE,FALSE,FALSE,TRUE
U0418,38,61,37,2,50,Flexible,76,40,23,Lurker,Experience Seekers,Center-Left,0.93,FALSE,TRUE,TRUE,TRUE,FALSE,FALSE
U0419,50,62,47,48,41,Early Bird,78,42,38,Lurker,Pragmatists,Center-Left,0.84,FALSE,TRUE,FALSE,FALSE,FALSE,FALSE
U0420,66,62,79,22,30,Flexible,80,50,62,Casual Poster,Trendsetters,Left,0.75,FALSE,TRUE,TRUE,FALSE,FALSE,FALSE
U0421,62,39,79,6,40,Flexible,79,31,57,Casual Poster,Experience Seekers,Center-Left,0.59,FALSE,TRUE,FALSE,TRUE,FALSE,FALSE
U0422,20,65,56,37,29,Flexible,81,62,53,Casual Poster,Belongers,Center-Left,0.48,FALSE,TRUE,FALSE,FALSE,TRUE,FALSE
U0423,47,51,23,55,53,Flexible,90,30,43,Casual Poster,Achievers,Left,0.88,TRUE,TRUE,FALSE,TRUE,FALSE,FALSE
U0424,53,57,47,62,19,Flexible,71,30,46,Lurker,Experience Seekers,Center,0.77,FALSE,TRUE,TRUE,FALSE,TRUE,FALSE
U0425,50,46,75,48,57,Flexible,82,29,73,Creator,Belongers,Left,0.86,FALSE,TRUE,TRUE,TRUE,TRUE,TRUE
U0426,53,43,24,20,40,Night Owl,68,52,31,Lurker,Experience Seekers,Center-Right,0.6,TRUE,TRUE,TRUE,FALSE,FALSE,FALSE
U0427,59,41,53,64,63,Night Owl,85,54,51,Casual Poster,Trendsetters,Not inferred,0.0,FALSE,TRUE,FALSE,FALSE,FALSE,FALSE
U0428,54,47,65,28,19,Flexible,74,20,61,Active Poster,Belongers,Center,0.37,FALSE,FALSE,FALSE,FALSE,FALSE,FALSE
U0429,66,42,56,57,59,Flexible,68,48,48,Casual Poster,Trendsetters,Center-Left,0.44,FALSE,FALSE,TRUE,TRUE,FALSE,FALSE
U0430,44,46,49,58,65,Flexible,100,54,62,Active Poster,Belongers,Center,0.71,TRUE,FALSE,TRUE,FALSE,FALSE,FALSE
U0431,67,35,24,63,25,Flexible,63,47,36,Lurker,Experience Seekers,Center-Left,0.88,FALSE,FALSE,TRUE,FALSE,FALSE,TRUE
U0432,49,37,53,41,38,Night Owl,68,55,33,Lurker,Achievers,Center-Right,0.44,TRUE,FALSE,FALSE,FALSE,FALSE,FALSE
U0433,57,23,40,70,35,Night Owl,69,65,34,Lurker,Experience Seekers,Not inferred,0.0,TRUE,TRUE,TRUE,FALSE,FALSE,FALSE
U0434,59,27,45,72,70,Night Owl,81,28,38,Lurker,Pragmatists,Right,0.76,FALSE,FALSE,FALSE,FALSE,FALSE,FALSE
U0435,63,35,57,36,38,Flexible,54,43,51,Casual Poster,Experience Seekers,Center-Left,0.61,FALSE,TRUE,FALSE,FALSE,FALSE,FALSE
U0436,55,40,54,54,63,Night Owl,89,40,60,Casual Poster,Belongers,Center-Left,0.87,FALSE,FALSE,TRUE,TRUE,FALSE,FALSE
U0437,41,51,54,63,29,Flexible,81,53,55,Casual Poster,Belongers,Left,0.82,TRUE,FALSE,FALSE,FALSE,FALSE,FALSE
U0438,45,40,67,76,66,Night Owl,55,77,49,Lurker,Belongers,Left,0.88,FALSE,TRUE,FALSE,FALSE,FALSE,FALSE
U0439,58,49,55,28,35,Flexible,100,40,61,Active Poster,Changemakers,Center,0.45,FALSE,TRUE,TRUE,FALSE,FALSE,TRUE
U0440,46,59,52,26,64,Flexible,91,35,48,Lurker,Changemakers,Left,0.84,FALSE,FALSE,TRUE,FALSE,FALSE,FALSE
U0441,66,30,29,68,44,Flexible,70,79,39,Lurker,Trendsetters,Right,0.67,FALSE,FALSE,TRUE,TRUE,FALSE,TRUE
U0442,56,39,76,23,34,Night Owl,65,71,63,Active Poster,Trendsetters,Center-Left,0.9,FALSE,FALSE,FALSE,FALSE,TRUE,FALSE
U0443,80,65,52,65,76,Night Owl,62,62,37,Lurker,Experience Seekers,Center-Right,0.86,FALSE,FALSE,FALSE,FALSE,FALSE,FALSE
U0444,42,33,41,25,71,Night Owl,79,73,47,Lurker,Pragmatists,Right,0.74,FALSE,FALSE,FALSE,FALSE,FALSE,FALSE
U0445,55,67,63,45,27,Flexible,72,64,61,Casual Poster,Achievers,Center-Left,0.49,FALSE,TRUE,TRUE,FALSE,FALSE,FALSE
U0446,46,37,91,32,68,Night Owl,99,38,68,Active Poster,Belongers,Not inferred,0.0,FALSE,FALSE,TRUE,FALSE,TRUE,FALSE
U0447,69,64,67,52,33,Early Bird,73,67,46,Lurker,Changemakers,Not inferred,0.0,FALSE,TRUE,FALSE,FALSE,FALSE,FALSE
U0448,30,32,78,28,68,Night Owl,79,62,67,Active Poster,Belongers,Center,0.57,FALSE,TRUE,FALSE,TRUE,FALSE,FALSE
U0449,46,46,48,25,25,Early Bird,100,26,54,Active Poster,Experience Seekers,Center,0.36,FALSE,FALSE,FALSE,FALSE,FALSE,FALSE
U0450,43,44,56,53,23,Night Owl,80,59,46,Casual Poster,Belongers,Center-Right,0.79,TRUE,FALSE,TRUE,TRUE,FALSE,FALSE
U0451,35,36,64,33,19,Flexible,92,75,59,Casual Poster,Belongers,Right,0.7,FALSE,FALSE,FALSE,FALSE,TRUE,FALSE
U0452,51,52,37,38,78,Night Owl,95,58,44,Casual Poster,Experience Seekers,Left,0.88,FALSE,FALSE,TRUE,FALSE,FALSE,FALSE
U0453,41,31,87,50,63,Night Owl,82,32,69,Active Poster,Changemakers,Center-Left,0.61,FALSE,FALSE,TRUE,FALSE,FALSE,FALSE
U0454,59,65,25,47,15,Early Bird,71,39,29,Lurker,Trendsetters,Center,0.72,FALSE,FALSE,TRUE,FALSE,FALSE,FALSE
U0455,48,42,17,64,43,Early Bird,68,22,27,Lurker,Pragmatists,Center-Right,0.53,FALSE,TRUE,FALSE,FALSE,FALSE,FALSE
U0456,57,68,73,40,57,Night Owl,95,61,60,Active Poster,Achievers,Center-Left,0.81,FALSE,TRUE,TRUE,FALSE,FALSE,FALSE
U0457,60,54,47,19,50,Early Bird,88,54,47,Lurker,Experience Seekers,Center-Right,0.76,FALSE,TRUE,TRUE,TRUE,TRUE,TRUE
U0458,52,48,34,92,48,Night Owl,65,28,23,Lurker,Experience Seekers,Right,0.51,FALSE,FALSE,TRUE,FALSE,FALSE,FALSE
U0459,50,42,47,56,68,Night Owl,90,66,32,Lurker,Experience Seekers,Not inferred,0.0,TRUE,FALSE,FALSE,TRUE,FALSE,FALSE
U0460,46,62,68,46,53,Night Owl,69,70,55,Casual Poster,Achievers,Center-Left,0.87,FALSE,FALSE,FALSE,FALSE,TRUE,TRUE
U0461,59,36,52,48,42,Night Owl,89,14,52,Casual Poster,Trendsetters,Center-Right,0.54,TRUE,FALSE,FALSE,FALSE,FALSE,TRUE
U0462,38,42,79,72,63,Night Owl,75,55,59,Casual Poster,Belongers,Center-Left,0.81,TRUE,FALSE,FALSE,FALSE,TRUE,FALSE
U0463,41,27,58,42,56,Night Owl,82,43,44,Lurker,Trendsetters,Center-Right,0.53,FALSE,FALSE,FALSE,FALSE,FALSE,FALSE
U0464,44,55,43,37,42,Early Bird,67,45,46,Lurker,Experience Seekers,Left,0.58,TRUE,FALSE,FALSE,FALSE,TRUE,FALSE
U0465,25,60,39,62,33,Early Bird,100,35,55,Active Poster,Experience Seekers,Center-Left,0.75,FALSE,TRUE,TRUE,FALSE,FALSE,FALSE
U0466,49,42,28,37,64,Flexible,93,50,33,Lurker,Pragmatists,Center,0.4,FALSE,FALSE,FALSE,FALSE,FALSE,FALSE
U0467,42,36,40,23,58,Flexible,82,81,39,Casual Poster,Pragmatists,Center-Left,0.66,TRUE,FALSE,TRUE,FALSE,TRUE,FALSE
U0468,46,58,59,67,52,Flexible,100,59,57,Casual Poster,Changemakers,Center-Left,0.77,FALSE,FALSE,TRUE,FALSE,FALSE,FALSE
U0469,39,42,25,54,50,Early Bird,93,11,30,Lurker,Experience Seekers,Right,0.54,FALSE,FALSE,TRUE,TRUE,FALSE,FALSE
U0470,36,36,57,52,63,Flexible,83,48,50,Casual Poster,Belongers,Center,0.35,FALSE,FALSE,FALSE,FALSE,FALSE,FALSE
U0471,44,30,65,43,52,Flexible,75,43,71,Creator,Experience Seekers,Center,0.59,FALSE,FALSE,TRUE,FALSE,FALSE,FALSE
U0472,51,55,72,20,29,Flexible,76,11,64,Active Poster,Belongers,Center-Left,0.38,FALSE,FALSE,FALSE,FALSE,FALSE,FALSE
U0473,36,27,57,44,48,Flexible,70,59,53,Casual Poster,Experience Seekers,Center-Left,0.44,FALSE,FALSE,FALSE,FALSE,FALSE,FALSE
U0474,47,76,45,12,26,Early Bird,68,31,45,Casual Poster,Achievers,Right,0.47,FALSE,FALSE,FALSE,FALSE,FALSE,FALSE
U0475,31,34,44,63,49,Night Owl,76,35,35,Lurker,Experience Seekers,Left,0.36,TRUE,FALSE,FALSE,FALSE,TRUE,FALSE
U0476,57,34,53,33,45,Night Owl,58,63,46,Casual Poster,Changemakers,Center-Left,0.52,TRUE,FALSE,FALSE,FALSE,FALSE,FALSE
U0477,57,54,50,53,21,Early Bird,91,11,50,Casual Poster,Experience Seekers,Left,0.54,FALSE,FALSE,TRUE,FALSE,TRUE,FALSE
U0478,65,35,54,46,30,Flexible,71,50,45,Lurker,Experience Seekers,Center-Right,0.42,FALSE,TRUE,TRUE,FALSE,FALSE,FALSE
U0479,68,37,76,59,33,Flexible,84,79,60,Casual Poster,Belongers,Center,0.56,FALSE,TRUE,FALSE,TRUE,FALSE,FALSE
U0480,45,42,34,64,50,Flexible,67,49,28,Lurker,Experience Seekers,Left,0.8,FALSE,FALSE,TRUE,FALSE,FALSE,FALSE
U0481,40,34,28,85,37,Night Owl,87,48,44,Casual Poster,Changemakers,Center-Left,0.9,FALSE,FALSE,TRUE,FALSE,TRUE,FALSE
U0482,50,48,44,51,18,Early Bird,99,28,36,Lurker,Changemakers,Center,0.44,TRUE,TRUE,FALSE,FALSE,FALSE,FALSE
U0483,57,57,72,67,50,Night Owl,68,69,66,Active Poster,Trendsetters,Center,0.8,FALSE,TRUE,FALSE,FALSE,FALSE,FALSE
U0484,51,39,57,59,35,Flexible,99,37,55,Casual Poster,Experience Seekers,Center,0.45,FALSE,FALSE,TRUE,FALSE,FALSE,TRUE
U0485,36,51,53,56,34,Flexible,80,63,44,Casual Poster,Achievers,Center,0.88,FALSE,TRUE,FALSE,TRUE,FALSE,TRUE
U0486,34,47,73,67,61,Flexible,63,27,79,Creator,Belongers,Center,0.62,TRUE,FALSE,FALSE,FALSE,FALSE,FALSE
U0487,51,35,79,14,60,Night Owl,53,37,62,Active Poster,Experience Seekers,Left,0.43,FALSE,FALSE,FALSE,TRUE,FALSE,FALSE
U0488,71,52,65,46,58,Flexible,94,37,44,Lurker,Experience Seekers,Left,0.85,TRUE,TRUE,FALSE,FALSE,FALSE,FALSE
U0489,47,28,54,33,42,Flexible,95,31,52,Active Poster,Trendsetters,Center-Left,0.89,TRUE,FALSE,TRUE,TRUE,FALSE,FALSE
U0490,52,38,59,22,29,Flexible,80,49,56,Casual Poster,Belongers,Center,0.37,TRUE,TRUE,FALSE,FALSE,FALSE,FALSE
U0491,56,59,45,58,42,Flexible,100,40,53,Casual Poster,Achievers,Center-Right,0.76,FALSE,FALSE,FALSE,FALSE,FALSE,FALSE
U0492,39,29,49,24,34,Flexible,73,53,46,Casual Poster,Belongers,Center-Right,0.43,FALSE,FALSE,TRUE,FALSE,FALSE,TRUE
U0493,46,54,64,53,21,Early Bird,65,66,56,Casual Poster,Changemakers,Left,0.68,FALSE,FALSE,FALSE,FALSE,TRUE,FALSE
U0494,50,61,45,33,38,Flexible,84,47,36,Lurker,Pragmatists,Center-Left,0.56,FALSE,FALSE,TRUE,FALSE,FALSE,TRUE
U0495,41,46,70,86,55,Early Bird,72,37,71,Creator,Belongers,Center-Left,0.73,FALSE,FALSE,FALSE,FALSE,FALSE,FALSE
U0496,45,56,61,79,70,Flexible,68,49,61,Active Poster,Changemakers,Center-Left,0.89,FALSE,TRUE,TRUE,FALSE,FALSE,FALSE
U0497,58,25,58,40,54,Night Owl,85,38,59,Active Poster,Trendsetters,Left,0.7,FALSE,FALSE,FALSE,FALSE,TRUE,TRUE
U0498,36,41,38,58,63,Flexible,76,64,36,Lurker,Experience Seekers,Center-Left,0.91,TRUE,TRUE,FALSE,TRUE,FALSE,FALSE
U0499,48,22,39,56,33,Flexible,87,23,30,Lurker,Belongers,Left,0.46,TRUE,FALSE,TRUE,FALSE,FALSE,FALSE
U0500,65,38,68,23,59,Flexible,78,28,57,Casual Poster,Trendsetters,Center-Right,0.41,FALSE,TRUE,TRUE,FALSE,FALSE,FALSE
U0501,36,34,67,16,35,Flexible,75,46,78,Creator,Experience Seekers,Center,0.5,FALSE,FALSE,FALSE,FALSE,FALSE,FALSE
U0502,44,36,65,65,27,Night Owl,60,51,56,Casual Poster,Experience Seekers,Center-Left,0.36,FALSE,TRUE,FALSE,FALSE,TRUE,FALSE
U0503,36,42,35,72,46,Flexible,75,82,30,Lurker,Changemakers,Center,0.44,FALSE,FALSE,FALSE,FALSE,FALSE,TRUE
U0504,43,56,50,73,76,Night Owl,79,70,53,Casual Poster,Experience Seekers,Center,0.45,FALSE,TRUE,FALSE,FALSE,FALSE,FALSE
U0505,49,52,55,53,30,Early Bird,76,38,54,Lurker,Belongers,Left,0.92,TRUE,FALSE,TRUE,FALSE,TRUE,FALSE
U0506,35,49,26,36,64,Flexible,96,32,32,Lurker,Pragmatists,Left,0.49,FALSE,FALSE,FALSE,TRUE,FALSE,FALSE
U0507,57,32,42,56,14,Early Bird,65,71,40,Lurker,Changemakers,Center,0.69,FALSE,TRUE,TRUE,FALSE,FALSE,TRUE
U0508,75,35,75,38,49,Night Owl,98,6,56,Casual Poster,Experience Seekers,Center-Left,0.62,FALSE,FALSE,FALSE,FALSE,FALSE,FALSE
U0509,73,46,49,73,58,Flexible,89,36,48,Casual Poster,Experience Seekers,Left,0.94,FALSE,TRUE,TRUE,FALSE,FALSE,FALSE
U0510,44,37,29,76,54,Flexible,64,57,26,Lurker,Achievers,Center-Left,0.66,FALSE,FALSE,FALSE,TRUE,FALSE,FALSE
U0511,54,35,67,65,42,Flexible,87,56,67,Active Poster,Belongers,Center-Left,0.9,FALSE,FALSE,TRUE,TRUE,TRUE,FALSE
U0512,52,55,54,49,29,Night Owl,62,67,59,Casual Poster,Belongers,Center-Right,0.82,FALSE,FALSE,FALSE,FALSE,TRUE,FALSE
U0513,34,29,68,69,65,Night Owl,65,35,64,Casual Poster,Belongers,Left,0.36,FALSE,FALSE,FALSE,FALSE,FALSE,FALSE
U0514,51,42,40,30,32,Flexible,65,57,39,Lurker,Experience Seekers,Left,0.82,FALSE,FALSE,FALSE,TRUE,FALSE,FALSE
U0515,37,54,57,22,27,Early Bird,67,28,57,Active Poster,Experience Seekers,Center-Right,0.87,TRUE,TRUE,TRUE,TRUE,FALSE,FALSE
U0516,41,62,55,74,26,Early Bird,95,57,65,Active Poster,Belongers,Center-Left,0.74,FALSE,FALSE,FALSE,FALSE,FALSE,FALSE
U0517,48,34,60,24,44,Night Owl,65,23,69,Active Poster,Belongers,Center-Left,0.51,FALSE,TRUE,FALSE,FALSE,FALSE,FALSE
U0518,52,38,65,54,37,Night Owl,66,33,60,Casual Poster,Belongers,Center-Left,0.38,FALSE,TRUE,FALSE,FALSE,TRUE,FALSE
U0519,46,60,68,63,40,Flexible,100,40,61,Active Poster,Belongers,Center-Left,0.81,FALSE,TRUE,FALSE,FALSE,TRUE,FALSE
U0520,44,55,64,41,22,Night Owl,83,55,61,Casual Poster,Belongers,Right,0.6,FALSE,FALSE,TRUE,FALSE,TRUE,FALSE
U0521,44,57,79,26,41,Night Owl,55,28,66,Casual Poster,Belongers,Left,0.75,FALSE,TRUE,FALSE,TRUE,FALSE,TRUE
U0522,42,63,37,52,14,Early Bird,100,73,39,Lurker,Changemakers,Center,0.9,FALSE,TRUE,FALSE,FALSE,FALSE,FALSE
U0523,24,38,40,48,15,Flexible,70,31,49,Casual Poster,Achievers,Center,0.61,FALSE,FALSE,FALSE,TRUE,FALSE,FALSE
U0524,27,69,49,43,35,Flexible,68,52,40,Lurker,Experience Seekers,Center-Left,0.64,FALSE,FALSE,FALSE,FALSE,FALSE,FALSE
U0525,36,41,59,61,26,Flexible,61,44,49,Casual Poster,Achievers,Left,0.61,FALSE,TRUE,FALSE,TRUE,FALSE,FALSE
U0526,49,49,54,41,53,Flexible,72,83,37,Lurker,Experience Seekers,Center-Left,0.68,FALSE,FALSE,FALSE,TRUE,TRUE,FALSE
U0527,56,49,67,23,70,Night Owl,70,64,58,Casual Poster,Experience Seekers,Center-Right,0.55,FALSE,FALSE,TRUE,FALSE,FALSE,FALSE
U0528,50,58,45,65,52,Flexible,59,38,42,Lurker,Changemakers,Center-Left,0.84,FALSE,TRUE,TRUE,TRUE,FALSE,FALSE
U0529,45,40,49,52,61,Early Bird,79,37,47,Casual Poster,Experience Seekers,Center-Right,0.53,FALSE,FALSE,TRUE,FALSE,FALSE,FALSE
U0530,42,47,67,45,54,Flexible,90,59,58,Active Poster,Experience Seekers,Right,0.61,FALSE,FALSE,FALSE,FALSE,FALSE,FALSE
U0531,21,55,60,79,78,Night Owl,86,25,54,Casual Poster,Belongers,Center,0.56,TRUE,FALSE,FALSE,FALSE,FALSE,FALSE
U0532,36,56,53,22,18,Flexible,63,39,45,Casual Poster,Achievers,Center-Right,0.73,FALSE,FALSE,FALSE,FALSE,FALSE,FALSE
U0533,58,52,67,84,47,Flexible,90,61,58,Active Poster,Belongers,Center-Right,0.52,FALSE,FALSE,FALSE,FALSE,FALSE,TRUE
U0534,63,48,42,41,27,Flexible,86,60,42,Lurker,Trendsetters,Left,0.63,FALSE,FALSE,FALSE,FALSE,TRUE,FALSE
U0535,22,23,82,17,70,Flexible,84,78,67,Active Poster,Belongers,Center-Right,0.35,FALSE,FALSE,FALSE,FALSE,FALSE,FALSE
U0536,45,69,64,23,53,Early Bird,71,69,62,Casual Poster,Belongers,Center-Right,0.38,FALSE,FALSE,TRUE,TRUE,FALSE,FALSE
U0537,75,60,66,12,30,Flexible,96,26,61,Active Poster,Experience Seekers,Center-Left,0.66,TRUE,TRUE,FALSE,FALSE,FALSE,FALSE
U0538,54,44,44,42,19,Flexible,87,77,38,Lurker,Experience Seekers,Not inferred,0.0,FALSE,FALSE,TRUE,TRUE,FALSE,FALSE
U0539,45,53,47,87,28,Flexible,98,48,49,Casual Poster,Achievers,Center-Right,0.74,FALSE,FALSE,FALSE,FALSE,FALSE,FALSE
U0540,59,25,54,65,53,Flexible,82,64,46,Casual Poster,Experience Seekers,Left,0.45,FALSE,TRUE,TRUE,FALSE,FALSE,TRUE
U0541,37,42,29,70,13,Early Bird,88,35,37,Lurker,Pragmatists,Center-Right,0.46,FALSE,TRUE,FALSE,FALSE,TRUE,FALSE
U0542,49,36,24,73,32,Night Owl,76,47,30,Lurker,Trendsetters,Center,0.53,FALSE,FALSE,FALSE,FALSE,FALSE,FALSE
U0543,22,63,20,73,53,Early Bird,87,59,31,Lurker,Changemakers,Center-Right,0.49,FALSE,FALSE,FALSE,FALSE,FALSE,FALSE
U0544,30,57,14,51,50,Early Bird,76,42,27,Lurker,Changemakers,Center-Left,0.63,FALSE,TRUE,TRUE,TRUE,FALSE,FALSE
U0545,30,61,37,62,21,Flexible,66,45,41,Casual Poster,Pragmatists,Left,0.36,FALSE,TRUE,FALSE,FALSE,FALSE,FALSE
U0546,46,56,40,68,56,Early Bird,97,43,37,Lurker,Achievers,Center,0.67,TRUE,FALSE,FALSE,FALSE,FALSE,FALSE
U0547,51,48,20,48,57,Early Bird,88,57,33,Lurker,Experience Seekers,Not inferred,0.0,FALSE,FALSE,FALSE,FALSE,FALSE,TRUE
U0548,55,52,30,73,57,Early Bird,100,66,38,Lurker,Experience Seekers,Center-Left,0.87,FALSE,FALSE,FALSE,TRUE,TRUE,FALSE
U0549,44,54,82,59,16,Early Bird,64,52,60,Casual Poster,Belongers,Left,0.86,FALSE,FALSE,FALSE,FALSE,FALSE,FALSE
U0550,63,59,69,33,67,Night Owl,77,34,64,Active Poster,Belongers,Center-Left,0.93,FALSE,TRUE,FALSE,FALSE,FALSE,FALSE
U0551,53,55,81,36,54,Early Bird,99,63,63,Casual Poster,Belongers,Center,0.58,TRUE,FALSE,FALSE,FALSE,FALSE,TRUE
U0552,29,39,87,77,41,Early Bird,90,50,73,Active Poster,Belongers,Right,0.74,FALSE,TRUE,FALSE,FALSE,FALSE,FALSE
U0553,50,49,55,21,30,Flexible,91,23,64,Active Poster,Experience Seekers,Center,0.44,FALSE,TRUE,TRUE,FALSE,FALSE,FALSE
U0554,47,27,72,38,37,Night Owl,76,28,55,Casual Poster,Trendsetters,Center,0.47,FALSE,FALSE,TRUE,FALSE,FALSE,TRUE
U0555,51,58,71,35,52,Night Owl,76,54,62,Active Poster,Belongers,Center,0.7,FALSE,FALSE,FALSE,FALSE,FALSE,TRUE
U0556,78,49,61,73,65,Flexible,79,55,56,Casual Poster,Experience Seekers,Center-Left,0.67,TRUE,FALSE,TRUE,TRUE,FALSE,FALSE
U0557,32,55,47,29,64,Flexible,77,51,53,Casual Poster,Belongers,Center-Left,0.41,FALSE,FALSE,FALSE,TRUE,FALSE,FALSE
U0558,73,51,75,71,51,Night Owl,51,44,54,Casual Poster,Belongers,Center-Right,0.52,FALSE,TRUE,FALSE,FALSE,FALSE,FALSE
U0559,59,37,30,26,30,Early Bird,83,60,30,Lurker,Experience Seekers,Center,0.63,FALSE,TRUE,FALSE,TRUE,FALSE,FALSE
U0560,56,17,76,48,49,Night Owl,81,24,62,Casual Poster,Trendsetters,Center,0.78,FALSE,FALSE,FALSE,FALSE,FALSE,TRUE
U0561,46,17,20,45,71,Flexible,66,48,36,Lurker,Experience Seekers,Not inferred,0.0,FALSE,FALSE,FALSE,FALSE,FALSE,FALSE
U0562,43,84,81,63,43,Early Bird,95,7,74,Active Poster,Belongers,Center,0.8,FALSE,FALSE,TRUE,TRUE,TRUE,TRUE
U0563,53,70,72,67,32,Early Bird,69,68,55,Casual Poster,Belongers,Center-Right,0.55,FALSE,FALSE,TRUE,FALSE,TRUE,FALSE
U0564,59,57,61,65,36,Flexible,74,35,53,Casual Poster,Experience Seekers,Center,0.4,FALSE,TRUE,FALSE,TRUE,TRUE,FALSE
U0565,54,38,55,31,44,Night Owl,53,65,39,Lurker,Changemakers,Center-Right,0.86,FALSE,FALSE,TRUE,FALSE,FALSE,FALSE
U0566,72,17,84,45,44,Night Owl,75,17,71,Active Poster,Belongers,Center-Left,0.63,TRUE,FALSE,TRUE,TRUE,FALSE,FALSE
U0567,49,39,62,35,52,Flexible,64,22,57,Casual Poster,Pragmatists,Left,0.37,FALSE,FALSE,TRUE,FALSE,FALSE,FALSE
U0568,80,71,53,29,58,Flexible,92,54,48,Casual Poster,Trendsetters,Center,0.72,TRUE,TRUE,FALSE,TRUE,FALSE,FALSE
U0569,73,66,86,55,55,Night Owl,49,27,62,Active Poster,Achievers,Center-Left,0.76,FALSE,FALSE,FALSE,FALSE,FALSE,FALSE
U0570,50,50,75,23,9,Early Bird,81,34,58,Casual Poster,Changemakers,Left,0.4,FALSE,FALSE,FALSE,FALSE,FALSE,FALSE
U0571,43,42,69,56,15,Early Bird,73,39,58,Casual Poster,Changemakers,Left,0.49,FALSE,FALSE,TRUE,FALSE,FALSE,FALSE
U0572,53,69,42,53,20,Flexible,81,30,47,Casual Poster,Achievers,Left,0.54,FALSE,FALSE,FALSE,TRUE,FALSE,FALSE
U0573,32,23,46,66,23,Night Owl,79,64,66,Active Poster,Experience Seekers,Left,0.57,FALSE,FALSE,FALSE,TRUE,FALSE,FALSE
U0574,48,52,43,49,73,Night Owl,80,65,41,Casual Poster,Pragmatists,Center,0.86,FALSE,FALSE,FALSE,FALSE,FALSE,FALSE
U0575,45,60,48,79,13,Early Bird,90,68,57,Casual Poster,Achievers,Center,0.82,TRUE,FALSE,FALSE,FALSE,FALSE,FALSE
U0576,50,22,34,63,37,Night Owl,61,83,48,Casual Poster,Experience Seekers,Center-Right,0.41,FALSE,FALSE,TRUE,TRUE,FALSE,FALSE
U0577,44,41,54,42,56,Flexible,56,21,37,Lurker,Belongers,Right,0.7,FALSE,FALSE,FALSE,FALSE,FALSE,FALSE
U0578,63,71,29,52,42,Flexible,88,62,37,Lurker,Changemakers,Left,0.5,FALSE,FALSE,TRUE,FALSE,TRUE,FALSE
U0579,66,52,42,86,47,Flexible,72,60,53,Active Poster,Trendsetters,Center,0.89,FALSE,TRUE,FALSE,FALSE,FALSE,FALSE
U0580,66,41,54,21,36,Flexible,88,48,34,Lurker,Experience Seekers,Not inferred,0.0,FALSE,FALSE,FALSE,FALSE,TRUE,FALSE
U0581,52,47,62,70,51,Flexible,84,40,58,Casual Poster,Changemakers,Center-Right,0.73,FALSE,TRUE,FALSE,FALSE,FALSE,FALSE
U0582,44,49,50,31,74,Night Owl,98,68,51,Casual Poster,Achievers,Not inferred,0.0,TRUE,TRUE,TRUE,FALSE,FALSE,TRUE
U0583,51,53,60,31,37,Night Owl,65,58,47,Casual Poster,Achievers,Center-Right,0.38,TRUE,TRUE,TRUE,FALSE,TRUE,FALSE
U0584,47,57,62,40,48,Flexible,100,78,67,Casual Poster,Belongers,Center-Left,0.71,FALSE,TRUE,FALSE,TRUE,FALSE,FALSE
U0585,39,31,56,68,68,Night Owl,52,43,55,Casual Poster,Belongers,Left,0.53,TRUE,FALSE,FALSE,FALSE,FALSE,FALSE
U0586,29,53,49,60,51,Night Owl,78,59,37,Lurker,Achievers,Right,0.8,FALSE,FALSE,FALSE,FALSE,FALSE,TRUE
U0587,37,52,72,10,23,Flexible,81,27,45,Lurker,Experience Seekers,Left,0.47,TRUE,FALSE,TRUE,FALSE,FALSE,FALSE
U0588,60,44,42,54,61,Night Owl,77,41,45,Lurker,Changemakers,Center-Right,0.63,TRUE,FALSE,FALSE,FALSE,FALSE,FALSE
U0589,79,50,66,57,80,Night Owl,83,19,59,Casual Poster,Belongers,Right,0.44,TRUE,FALSE,TRUE,FALSE,FALSE,TRUE
U0590,32,49,47,44,20,Flexible,79,71,47,Casual Poster,Changemakers,Center-Left,0.41,FALSE,TRUE,TRUE,FALSE,FALSE,FALSE
U0591,47,36,57,32,59,Night Owl,64,76,52,Casual Poster,Belongers,Center-Left,0.63,TRUE,TRUE,FALSE,TRUE,TRUE,FALSE
U0592,55,59,52,21,49,Early Bird,89,61,57,Casual Poster,Belongers,Left,0.95,FALSE,TRUE,FALSE,TRUE,FALSE,FALSE
U0593,46,52,51,45,41,Flexible,72,64,40,Lurker,Changemakers,Not inferred,0.0,FALSE,TRUE,FALSE,FALSE,TRUE,TRUE
U0594,55,41,51,76,67,Night Owl,84,27,54,Casual Poster,Belongers,Left,0.7,FALSE,FALSE,TRUE,FALSE,FALSE,TRUE
U0595,39,60,54,26,21,Flexible,79,47,45,Lurker,Achievers,Not inferred,0.0,FALSE,FALSE,TRUE,FALSE,FALSE,FALSE
U0596,58,42,58,32,23,Early Bird,95,6,56,Casual Poster,Belongers,Center-Right,0.86,TRUE,FALSE,FALSE,FALSE,FALSE,FALSE
U0597,29,41,25,46,44,Flexible,72,44,37,Lurker,Experience Seekers,Center-Left,0.43,FALSE,FALSE,FALSE,TRUE,FALSE,FALSE
U0598,58,61,90,30,28,Early Bird,85,68,62,Casual Poster,Belongers,Center-Right,0.68,TRUE,FALSE,FALSE,TRUE,FALSE,TRUE
U0599,45,65,53,56,66,Flexible,69,22,47,Casual Poster,Achievers,Center-Right,0.78,FALSE,FALSE,TRUE,FALSE,FALSE,FALSE
U0600,49,54,29,55,44,Night Owl,52,25,25,Lurker,Experience Seekers,Center,0.53,FALSE,FALSE,TRUE,TRUE,FALSE,FALSE
U0601,47,40,33,33,51,Night Owl,57,32,44,Casual Poster,Experience Seekers,Center-Left,0.83,FALSE,FALSE,FALSE,TRUE,FALSE,FALSE
U0602,36,62,38,59,59,Flexible,71,52,43,Lurker,Experience Seekers,Center-Left,0.72,FALSE,FALSE,FALSE,FALSE,TRUE,FALSE
U0603,33,56,78,40,61,Flexible,61,40,70,Creator,Belongers,Left,0.65,FALSE,FALSE,FALSE,TRUE,FALSE,FALSE
U0604,42,65,44,53,12,Flexible,85,75,44,Casual Poster,Trendsetters,Center,0.82,FALSE,TRUE,FALSE,TRUE,FALSE,FALSE
U0605,57,49,18,36,17,Early Bird,93,57,23,Lurker,Experience Seekers,Left,0.45,TRUE,TRUE,FALSE,FALSE,FALSE,FALSE
U0606,54,43,70,54,44,Night Owl,63,84,55,Casual Poster,Experience Seekers,Not inferred,0.0,TRUE,FALSE,TRUE,FALSE,FALSE,FALSE
U0607,52,72,29,63,12,Early Bird,100,74,28,Lurker,Experience Seekers,Left,0.67,FALSE,TRUE,FALSE,TRUE,FALSE,FALSE
U0608,64,43,59,50,30,Night Owl,79,50,55,Casual Poster,Trendsetters,Center-Right,0.4,FALSE,FALSE,FALSE,FALSE,FALSE,FALSE
U0609,42,68,41,55,66,Flexible,78,48,40,Lurker,Achievers,Center-Left,0.7,FALSE,FALSE,FALSE,FALSE,FALSE,FALSE
U0610,57,49,40,57,36,Night Owl,52,42,37,Lurker,Experience Seekers,Left,0.51,FALSE,FALSE,TRUE,FALSE,FALSE,FALSE
U0611,51,29,51,64,63,Night Owl,77,18,39,Lurker,Belongers,Center,0.9,FALSE,FALSE,TRUE,TRUE,FALSE,FALSE
U0612,48,59,24,30,62,Flexible,75,81,35,Lurker,Changemakers,Center-Left,0.6,FALSE,TRUE,FALSE,FALSE,TRUE,TRUE
U0613,54,45,37,94,48,Flexible,72,63,43,Casual Poster,Belongers,Right,0.93,FALSE,TRUE,TRUE,TRUE,TRUE,TRUE
U0614,38,31,21,36,51,Night Owl,80,24,39,Lurker,Experience Seekers,Center-Right,0.95,FALSE,FALSE,FALSE,TRUE,TRUE,TRUE
U0615,40,52,52,51,41,Early Bird,80,78,39,Lurker,Experience Seekers,Left,0.77,TRUE,FALSE,FALSE,TRUE,FALSE,FALSE
U0616,65,36,53,25,65,Flexible,72,67,49,Casual Poster,Belongers,Center-Right,0.89,TRUE,FALSE,FALSE,FALSE,FALSE,FALSE
U0617,61,46,48,22,35,Early Bird,99,37,42,Casual Poster,Trendsetters,Left,0.57,FALSE,TRUE,TRUE,FALSE,FALSE,FALSE
U0618,56,40,49,32,61,Flexible,71,73,48,Casual Poster,Belongers,Center,0.47,FALSE,FALSE,FALSE,FALSE,TRUE,FALSE
U0619,44,51,50,15,64,Flexible,80,34,33,Lurker,Trendsetters,Center,0.75,FALSE,FALSE,FALSE,FALSE,FALSE,FALSE
U0620,40,64,69,17,55,Night Owl,96,46,58,Active Poster,Achievers,Right,0.95,FALSE,FALSE,FALSE,FALSE,FALSE,FALSE
U0621,48,35,77,40,31,Flexible,74,31,61,Casual Poster,Changemakers,Center,0.91,FALSE,TRUE,FALSE,TRUE,TRUE,FALSE
U0622,48,69,38,84,31,Night Owl,73,63,39,Casual Poster,Experience Seekers,Right,0.9,FALSE,FALSE,FALSE,FALSE,FALSE,FALSE
U0623,44,61,58,44,57,Flexible,97,39,42,Lurker,Achievers,Left,0.43,FALSE,FALSE,FALSE,FALSE,FALSE,FALSE
U0624,37,53,58,79,25,Night Owl,71,60,52,Casual Poster,Belongers,Center-Right,0.72,FALSE,FALSE,TRUE,FALSE,FALSE,FALSE
U0625,63,42,71,89,41,Night Owl,67,66,67,Active Poster,Trendsetters,Not inferred,0.0,FALSE,TRUE,FALSE,TRUE,FALSE,FALSE
U0626,42,68,34,40,68,Flexible,74,43,48,Casual Poster,Changemakers,Center-Left,0.84,FALSE,FALSE,FALSE,FALSE,TRUE,FALSE
U0627,56,37,69,59,30,Night Owl,71,61,61,Casual Poster,Belongers,Center,0.68,TRUE,FALSE,FALSE,FALSE,FALSE,FALSE
U0628,39,46,45,54,36,Early Bird,80,23,42,Casual Poster,Changemakers,Not inferred,0.0,FALSE,FALSE,FALSE,TRUE,FALSE,FALSE
U0629,60,58,69,55,23,Flexible,75,55,59,Casual Poster,Trendsetters,Center-Right,0.44,FALSE,FALSE,TRUE,FALSE,FALSE,FALSE
U0630,43,60,26,37,57,Flexible,77,10,42,Lurker,Pragmatists,Center-Left,0.7,TRUE,FALSE,FALSE,FALSE,FALSE,FALSE
U0631,45,46,30,79,53,Flexible,65,80,42,Casual Poster,Trendsetters,Right,0.51,TRUE,TRUE,FALSE,FALSE,FALSE,FALSE
U0632,28,31,51,80,16,Early Bird,89,33,38,Lurker,Changemakers,Center-Left,0.83,FALSE,FALSE,TRUE,FALSE,FALSE,FALSE
U0633,39,49,58,59,56,Flexible,54,78,57,Casual Poster,Belongers,Center-Right,0.65,FALSE,FALSE,TRUE,FALSE,FALSE,FALSE
U0634,61,45,55,77,22,Night Owl,82,39,61,Active Poster,Belongers,Left,0.68,FALSE,FALSE,TRUE,FALSE,FALSE,FALSE
U0635,51,44,59,43,19,Flexible,71,40,51,Casual Poster,Changemakers,Not inferred,0.0,TRUE,FALSE,FALSE,FALSE,FALSE,FALSE
U0636,60,60,68,14,47,Night Owl,61,37,53,Casual Poster,Experience Seekers,Center,0.77,FALSE,TRUE,TRUE,FALSE,FALSE,FALSE
U0637,40,27,85,31,34,Flexible,84,31,65,Active Poster,Belongers,Center-Left,0.73,TRUE,TRUE,FALSE,TRUE,FALSE,FALSE
U0638,54,57,49,74,22,Night Owl,87,51,47,Casual Poster,Experience Seekers,Center-Left,0.74,FALSE,TRUE,FALSE,TRUE,FALSE,FALSE
U0639,60,55,26,9,26,Flexible,91,70,29,Lurker,Pragmatists,Right,0.94,TRUE,FALSE,FALSE,FALSE,TRUE,FALSE
U0640,78,65,51,71,50,Flexible,61,23,57,Casual Poster,Experience Seekers,Center-Left,0.83,FALSE,FALSE,TRUE,TRUE,FALSE,FALSE
U0641,57,34,45,82,72,Night Owl,55,41,44,Casual Poster,Changemakers,Left,0.88,FALSE,FALSE,FALSE,FALSE,FALSE,FALSE
U0642,58,74,27,29,44,Flexible,93,40,25,Lurker,Achievers,Center-Right,0.82,FALSE,FALSE,TRUE,FALSE,FALSE,FALSE
U0643,49,62,86,27,17,Early Bird,58,45,61,Casual Poster,Belongers,Center-Left,0.63,TRUE,FALSE,FALSE,TRUE,FALSE,FALSE
U0644,51,38,58,49,62,Flexible,71,47,50,Casual Poster,Changemakers,Left,0.42,TRUE,FALSE,TRUE,FALSE,TRUE,TRUE
U0645,39,34,33,77,44,Flexible,87,26,36,Lurker,Belongers,Center-Right,0.8,FALSE,FALSE,FALSE,FALSE,FALSE,FALSE
U0646,41,53,61,55,39,Early Bird,68,65,59,Active Poster,Changemakers,Center-Right,0.62,FALSE,FALSE,FALSE,TRUE,TRUE,FALSE
U0647,35,71,49,38,19,Flexible,75,36,36,Lurker,Achievers,Center,0.55,TRUE,FALSE,FALSE,FALSE,FALSE,FALSE
U0648,51,54,30,52,23,Flexible,98,29,40,Lurker,Pragmatists,Left,0.66,TRUE,FALSE,TRUE,FALSE,FALSE,FALSE
U0649,43,30,29,53,68,Flexible,49,54,46,Casual Poster,Pragmatists,Center,0.65,FALSE,FALSE,FALSE,FALSE,FALSE,FALSE
U0650,47,66,59,73,36,Early Bird,96,38,58,Active Poster,Trendsetters,Left,0.65,FALSE,TRUE,TRUE,FALSE,FALSE,FALSE
U0651,24,49,64,60,62,Night Owl,60,37,50,Lurker,Belongers,Left,0.87,FALSE,TRUE,FALSE,FALSE,FALSE,FALSE
U0652,38,40,37,82,37,Night Owl,53,49,30,Lurker,Changemakers,Center-Left,0.51,FALSE,FALSE,FALSE,FALSE,FALSE,TRUE
U0653,67,60,60,57,68,Flexible,90,17,53,Casual Poster,Experience Seekers,Left,0.91,TRUE,FALSE,TRUE,FALSE,FALSE,FALSE
U0654,24,42,70,26,21,Flexible,78,38,50,Casual Poster,Achievers,Not inferred,0.0,FALSE,FALSE,TRUE,FALSE,FALSE,FALSE
U0655,32,49,33,46,34,Flexible,77,69,42,Lurker,Experience Seekers,Center-Left,0.79,TRUE,FALSE,FALSE,FALSE,FALSE,FALSE
U0656,53,53,47,72,47,Flexible,61,52,34,Lurker,Experience Seekers,Center,0.4,FALSE,FALSE,FALSE,TRUE,FALSE,FALSE
U0657,53,66,28,43,58,Early Bird,83,20,38,Casual Poster,Experience Seekers,Center-Right,0.57,FALSE,FALSE,FALSE,FALSE,FALSE,FALSE
U0658,63,54,41,55,21,Flexible,85,34,47,Lurker,Changemakers,Center-Right,0.59,FALSE,FALSE,FALSE,FALSE,FALSE,FALSE
U0659,43,39,19,27,72,Night Owl,90,32,30,Lurker,Changemakers,Center-Left,0.69,FALSE,FALSE,TRUE,FALSE,FALSE,FALSE
U0660,65,45,58,14,75,Night Owl,66,34,62,Active Poster,Trendsetters,Left,0.78,FALSE,TRUE,TRUE,FALSE,FALSE,FALSE
U0661,54,33,44,52,78,Night Owl,70,33,51,Casual Poster,Experience Seekers,Center-Right,0.85,FALSE,FALSE,FALSE,FALSE,FALSE,FALSE
U0662,47,21,56,18,34,Night Owl,77,48,50,Lurker,Belongers,Not inferred,0.0,FALSE,TRUE,FALSE,FALSE,FALSE,FALSE
U0663,74,68,30,40,32,Early Bird,74,53,45,Casual Poster,Changemakers,Center-Right,0.66,FALSE,TRUE,FALSE,FALSE,TRUE,FALSE
U0664,47,28,63,30,46,Flexible,83,68,55,Active Poster,Trendsetters,Center-Left,0.66,TRUE,TRUE,TRUE,FALSE,FALSE,TRUE
U0665,71,52,82,56,47,Night Owl,67,31,69,Active Poster,Changemakers,Center-Left,0.89,TRUE,TRUE,FALSE,FALSE,FALSE,FALSE
U0666,43,32,79,31,77,Night Owl,63,61,60,Casual Poster,Trendsetters,Center,0.81,FALSE,FALSE,TRUE,FALSE,TRUE,TRUE
U0667,56,71,42,34,41,Flexible,79,52,38,Casual Poster,Changemakers,Not inferred,0.0,FALSE,FALSE,FALSE,FALSE,TRUE,TRUE
U0668,41,37,82,67,22,Night Owl,77,48,73,Active Poster,Belongers,Not inferred,0.0,FALSE,FALSE,TRUE,FALSE,FALSE,FALSE
U0669,59,52,32,32,48,Night Owl,76,49,37,Lurker,Experience Seekers,Right,0.52,TRUE,FALSE,FALSE,FALSE,FALSE,FALSE
U0670,49,27,39,77,68,Night Owl,75,67,33,Lurker,Experience Seekers,Center-Left,0.38,TRUE,TRUE,FALSE,TRUE,FALSE,FALSE
U0671,37,45,56,51,32,Flexible,90,33,50,Casual Poster,Pragmatists,Right,0.62,FALSE,FALSE,TRUE,FALSE,FALSE,FALSE
U0672,58,36,58,73,48,Night Owl,86,62,63,Active Poster,Belongers,Not inferred,0.0,FALSE,FALSE,FALSE,FALSE,FALSE,FALSE
U0673,51,59,59,27,29,Night Owl,77,22,46,Lurker,Pragmatists,Not inferred,0.0,FALSE,FALSE,FALSE,FALSE,FALSE,FALSE
U0674,40,39,46,22,56,Night Owl,64,36,64,Active Poster,Experience Seekers,Center-Left,0.48,TRUE,FALSE,FALSE,FALSE,FALSE,FALSE
U0675,53,55,38,68,61,Early Bird,89,67,35,Lurker,Experience Seekers,Center,0.79,FALSE,TRUE,FALSE,FALSE,FALSE,FALSE
U0676,21,79,49,57,28,Flexible,55,37,44,Lurker,Achievers,Center,0.6,TRUE,FALSE,FALSE,FALSE,TRUE,FALSE
U0677,32,45,41,65,80,Night Owl,67,37,37,Lurker,Achievers,Right,0.39,FALSE,FALSE,FALSE,FALSE,TRUE,FALSE
U0678,64,44,44,15,19,Flexible,59,43,48,Casual Poster,Trendsetters,Center-Right,0.65,FALSE,TRUE,TRUE,TRUE,FALSE,FALSE
U0679,58,52,43,29,31,Early Bird,68,59,28,Lurker,Changemakers,Center-Left,0.89,FALSE,FALSE,FALSE,FALSE,FALSE,FALSE
U0680,40,65,24,28,16,Flexible,89,72,20,Lurker,Experience Seekers,Left,0.62,FALSE,TRUE,FALSE,FALSE,FALSE,FALSE
U0681,48,44,73,40,46,Flexible,85,30,52,Casual Poster,Experience Seekers,Center,0.57,FALSE,TRUE,TRUE,TRUE,FALSE,TRUE
U0682,58,43,38,54,24,Early Bird,71,40,42,Casual Poster,Trendsetters,Not inferred,0.0,FALSE,FALSE,FALSE,FALSE,TRUE,TRUE
U0683,76,63,54,64,50,Flexible,86,12,43,Lurker,Achievers,Center-Left,0.63,TRUE,TRUE,TRUE,FALSE,FALSE,FALSE
U0684,50,24,46,35,57,Night Owl,87,53,37,Lurker,Changemakers,Right,0.93,FALSE,FALSE,FALSE,FALSE,FALSE,FALSE
U0685,62,34,23,54,41,Flexible,95,28,29,Lurker,Experience Seekers,Center-Right,0.66,FALSE,FALSE,TRUE,FALSE,FALSE,FALSE
U0686,63,34,46,29,71,Night Owl,52,65,50,Casual Poster,Trendsetters,Not inferred,0.0,TRUE,FALSE,FALSE,FALSE,FALSE,FALSE
U0687,57,46,29,41,75,Night Owl,81,44,34,Lurker,Experience Seekers,Right,0.39,TRUE,TRUE,FALSE,TRUE,FALSE,TRUE
U0688,57,57,41,37,36,Flexible,72,56,49,Casual Poster,Achievers,Center,0.54,TRUE,TRUE,FALSE,FALSE,FALSE,FALSE
U0689,44,59,38,85,63,Night Owl,71,27,42,Lurker,Experience Seekers,Center,0.56,FALSE,FALSE,TRUE,FALSE,FALSE,TRUE
U0690,55,42,40,59,44,Night Owl,62,57,48,Casual Poster,Experience Seekers,Not inferred,0.0,FALSE,FALSE,TRUE,FALSE,FALSE,FALSE
U0691,34,52,42,35,22,Flexible,71,71,41,Casual Poster,Pragmatists,Right,0.55,FALSE,FALSE,FALSE,TRUE,TRUE,FALSE
U0692,65,66,58,68,23,Flexible,70,54,62,Casual Poster,Belongers,Right,0.54,FALSE,FALSE,FALSE,FALSE,FALSE,TRUE
U0693,50,57,73,67,39,Flexible,75,47,54,Casual Poster,Belongers,Center,0.68,FALSE,FALSE,FALSE,TRUE,FALSE,FALSE
U0694,46,36,60,66,29,Flexible,67,22,58,Casual Poster,Experience Seekers,Not inferred,0.0,FALSE,TRUE,FALSE,FALSE,FALSE,TRUE
U0695,58,34,77,22,64,Night Owl,61,76,51,Lurker,Experience Seekers,Center-Left,0.48,FALSE,TRUE,TRUE,TRUE,FALSE,FALSE
U0696,45,32,52,42,28,Night Owl,71,74,45,Casual Poster,Experience Seekers,Center-Left,0.45,FALSE,FALSE,TRUE,FALSE,FALSE,TRUE
U0697,47,34,40,20,38,Early Bird,100,30,44,Lurker,Changemakers,Left,0.87,TRUE,TRUE,TRUE,FALSE,FALSE,FALSE
U0698,57,37,59,62,75,Night Owl,78,32,59,Active Poster,Trendsetters,Center-Right,0.48,FALSE,FALSE,TRUE,FALSE,TRUE,FALSE
U0699,43,57,79,38,24,Flexible,74,28,67,Active Poster,Achievers,Not inferred,0.0,FALSE,FALSE,TRUE,TRUE,TRUE,FALSE
U0700,41,47,67,83,61,Flexible,98,36,55,Casual Poster,Belongers,Left,0.76,FALSE,FALSE,FALSE,TRUE,FALSE,FALSE
U0701,54,43,67,31,63,Night Owl,68,37,66,Active Poster,Changemakers,Center-Left,0.78,FALSE,FALSE,FALSE,FALSE,TRUE,FALSE
U0702,51,64,50,62,48,Flexible,69,70,45,Lurker,Changemakers,Center,0.65,FALSE,FALSE,TRUE,TRUE,TRUE,FALSE
U0703,37,49,53,65,66,Flexible,82,67,61,Active Poster,Trendsetters,Left,0.5,TRUE,TRUE,FALSE,FALSE,FALSE,FALSE
U0704,33,53,66,70,47,Night Owl,99,51,55,Casual Poster,Pragmatists,Right,0.67,FALSE,FALSE,FALSE,TRUE,TRUE,FALSE
U0705,29,47,26,50,29,Flexible,82,32,42,Casual Poster,Pragmatists,Not inferred,0.0,FALSE,FALSE,FALSE,TRUE,FALSE,FALSE
U0706,45,55,55,72,18,Flexible,97,43,49,Casual Poster,Experience Seekers,Center,0.8,FALSE,TRUE,FALSE,FALSE,FALSE,FALSE
U0707,43,42,33,26,61,Night Owl,59,45,45,Casual Poster,Trendsetters,Center-Right,0.35,FALSE,FALSE,TRUE,FALSE,FALSE,FALSE
U0708,47,69,70,81,23,Early Bird,97,43,67,Active Poster,Changemakers,Center-Left,0.95,TRUE,FALSE,FALSE,FALSE,TRUE,FALSE
U0709,65,71,62,39,56,Early Bird,70,39,46,Lurker,Achievers,Left,0.38,FALSE,FALSE,FALSE,FALSE,FALSE,FALSE
U0710,28,70,49,19,72,Flexible,69,66,38,Lurker,Experience Seekers,Center-Left,0.94,TRUE,FALSE,FALSE,FALSE,FALSE,FALSE
U0711,48,43,46,56,50,Night Owl,62,22,62,Active Poster,Trendsetters,Center-Left,0.37,TRUE,TRUE,FALSE,FALSE,FALSE,TRUE
U0712,49,28,20,31,44,Flexible,100,41,25,Lurker,Changemakers,Center-Right,0.88,TRUE,TRUE,FALSE,FALSE,FALSE,FALSE
U0713,38,55,37,76,61,Early Bird,91,85,40,Casual Poster,Experience Seekers,Center-Left,0.56,FALSE,FALSE,TRUE,TRUE,TRUE,FALSE
U0714,52,67,53,27,57,Flexible,72,68,59,Active Poster,Experience Seekers,Left,0.7,FALSE,FALSE,FALSE,FALSE,TRUE,FALSE
U0715,44,27,36,20,21,Night Owl,68,32,34,Lurker,Trendsetters,Left,0.78,FALSE,FALSE,TRUE,FALSE,FALSE,FALSE
U0716,50,51,76,78,63,Night Owl,65,48,52,Lurker,Experience Seekers,Center-Left,0.54,FALSE,FALSE,TRUE,FALSE,TRUE,FALSE
U0717,48,34,77,76,39,Flexible,86,37,62,Active Poster,Experience Seekers,Not inferred,0.0,TRUE,FALSE,FALSE,FALSE,FALSE,FALSE
U0718,64,51,53,32,37,Night Owl,76,50,61,Casual Poster,Achievers,Center-Right,0.91,TRUE,FALSE,TRUE,FALSE,FALSE,TRUE
U0719,39,69,60,33,24,Night Owl,82,56,54,Casual Poster,Achievers,Right,0.38,FALSE,FALSE,FALSE,FALSE,FALSE,TRUE
U0720,36,73,58,42,41,Early Bird,71,27,39,Lurker,Achievers,Right,0.86,FALSE,FALSE,FALSE,FALSE,FALSE,FALSE
U0721,68,30,27,70,72,Night Owl,58,91,32,Lurker,Experience Seekers,Center-Left,0.43,FALSE,FALSE,FALSE,TRUE,FALSE,FALSE
U0722,62,49,33,12,51,Night Owl,75,72,42,Casual Poster,Achievers,Center-Left,0.84,FALSE,FALSE,FALSE,FALSE,FALSE,FALSE
U0723,51,54,15,61,24,Early Bird,87,82,26,Lurker,Changemakers,Center-Left,0.77,FALSE,FALSE,TRUE,FALSE,FALSE,FALSE
U0724,44,40,77,66,48,Early Bird,57,39,69,Active Poster,Changemakers,Center-Left,0.87,TRUE,FALSE,FALSE,TRUE,FALSE,FALSE
U0725,44,21,29,35,69,Flexible,100,56,55,Active Poster,Changemakers,Center-Right,0.69,TRUE,FALSE,TRUE,TRUE,FALSE,FALSE
U0726,43,55,36,34,66,Flexible,88,55,36,Lurker,Achievers,Center-Left,0.69,FALSE,FALSE,FALSE,TRUE,FALSE,TRUE
U0727,47,60,63,60,34,Early Bird,75,60,53,Casual Poster,Changemakers,Center-Left,0.58,TRUE,TRUE,TRUE,TRUE,FALSE,FALSE
U0728,69,41,79,49,34,Flexible,89,83,71,Active Poster,Belongers,Center-Right,0.5,TRUE,FALSE,TRUE,TRUE,FALSE,FALSE
U0729,53,49,27,49,62,Night Owl,58,56,33,Lurker,Experience Seekers,Center,0.79,FALSE,FALSE,FALSE,FALSE,FALSE,FALSE
U0730,52,29,50,38,67,Flexible,65,41,47,Casual Poster,Pragmatists,Not inferred,0.0,FALSE,TRUE,TRUE,TRUE,FALSE,FALSE
U0731,38,47,55,40,36,Night Owl,71,40,42,Lurker,Achievers,Center-Left,0.51,TRUE,FALSE,FALSE,FALSE,FALSE,FALSE
U0732,46,42,33,30,50,Early Bird,70,9,28,Lurker,Experience Seekers,Left,0.6,FALSE,FALSE,FALSE,FALSE,FALSE,FALSE
U0733,32,62,70,31,30,Night Owl,85,80,57,Casual Poster,Achievers,Center-Left,0.84,TRUE,TRUE,FALSE,FALSE,TRUE,FALSE
U0734,30,37,55,84,48,Night Owl,70,34,41,Lurker,Belongers,Center,0.48,FALSE,TRUE,TRUE,TRUE,FALSE,FALSE
U0735,63,32,64,24,43,Flexible,78,55,51,Casual Poster,Experience Seekers,Right,0.74,TRUE,FALSE,TRUE,FALSE,FALSE,FALSE
U0736,37,49,44,50,8,Early Bird,88,45,59,Active Poster,Changemakers,Right,0.65,FALSE,TRUE,FALSE,TRUE,FALSE,TRUE
U0737,53,60,47,34,56,Flexible,67,55,41,Lurker,Belongers,Center-Right,0.8,FALSE,FALSE,FALSE,FALSE,TRUE,FALSE
U0738,56,40,31,24,46,Flexible,64,75,35,Lurker,Trendsetters,Center-Left,0.94,FALSE,FALSE,FALSE,FALSE,TRUE,FALSE
U0739,32,30,50,40,41,Night Owl,88,55,44,Lurker,Belongers,Center-Left,0.45,FALSE,FALSE,TRUE,FALSE,TRUE,FALSE
U0740,50,48,54,22,62,Night Owl,95,60,44,Lurker,Achievers,Center-Left,0.83,FALSE,FALSE,FALSE,FALSE,FALSE,FALSE
U0741,44,33,57,17,67,Night Owl,69,19,60,Active Poster,Changemakers,Center,0.44,FALSE,FALSE,TRUE,FALSE,FALSE,TRUE
U0742,49,46,69,21,76,Night Owl,80,24,58,Active Poster,Trendsetters,Right,0.56,TRUE,FALSE,TRUE,FALSE,FALSE,FALSE
U0743,34,40,59,17,49,Flexible,80,15,48,Casual Poster,Pragmatists,Not inferred,0.0,TRUE,FALSE,FALSE,TRUE,FALSE,TRUE
U0744,57,35,58,57,47,Flexible,77,60,44,Casual Poster,Experience Seekers,Left,0.55,FALSE,FALSE,FALSE,FALSE,TRUE,TRUE
U0745,30,20,49,58,51,Night Owl,82,52,48,Casual Poster,Trendsetters,Center-Left,0.59,FALSE,TRUE,FALSE,FALSE,FALSE,FALSE
U0746,59,37,39,67,77,Night Owl,62,36,57,Active Poster,Experience Seekers,Left,0.82,FALSE,TRUE,FALSE,TRUE,FALSE,FALSE
U0747,33,36,61,45,54,Early Bird,77,58,63,Active Poster,Belongers,Center-Left,0.43,FALSE,FALSE,FALSE,FALSE,FALSE,FALSE
U0748,55,43,48,71,34,Night Owl,76,77,43,Lurker,Experience Seekers,Center-Right,0.64,TRUE,FALSE,FALSE,FALSE,FALSE,FALSE
U0749,40,46,42,39,50,Flexible,72,32,40,Casual Poster,Experience Seekers,Center-Left,0.91,FALSE,FALSE,TRUE,FALSE,FALSE,FALSE
U0750,51,59,69,17,8,Early Bird,75,58,63,Active Poster,Trendsetters,Center-Right,0.91,TRUE,FALSE,FALSE,FALSE,FALSE,FALSE
U0751,46,63,71,63,38,Early Bird,74,32,57,Casual Poster,Pragmatists,Center-Left,0.54,FALSE,FALSE,FALSE,TRUE,FALSE,FALSE
U0752,36,41,72,39,65,Flexible,68,40,58,Casual Poster,Experience Seekers,Center-Left,0.85,TRUE,TRUE,FALSE,FALSE,TRUE,FALSE
U0753,37,54,37,68,20,Flexible,60,66,34,Lurker,Pragmatists,Center-Right,0.65,TRUE,FALSE,FALSE,FALSE,FALSE,FALSE
U0754,46,44,41,49,66,Flexible,64,65,40,Casual Poster,Pragmatists,Left,0.39,TRUE,FALSE,FALSE,FALSE,TRUE,FALSE
U0755,50,33,39,42,27,Night Owl,58,58,42,Lurker,Experience Seekers,Center-Left,0.82,FALSE,FALSE,FALSE,TRUE,FALSE,FALSE
U0756,36,42,37,79,58,Early Bird,82,40,45,Casual Poster,Belongers,Center-Right,0.69,FALSE,TRUE,FALSE,FALSE,TRUE,FALSE
U0757,57,53,58,32,28,Flexible,78,37,44,Casual Poster,Experience Seekers,Center-Left,0.65,FALSE,FALSE,FALSE,TRUE,FALSE,TRUE
U0758,67,31,34,11,29,Flexible,86,42,33,Lurker,Trendsetters,Right,0.54,FALSE,FALSE,TRUE,FALSE,FALSE,FALSE
U0759,33,26,47,33,23,Night Owl,53,14,56,Active Poster,Pragmatists,Left,0.91,FALSE,FALSE,TRUE,TRUE,FALSE,FALSE
U0760,40,35,65,31,68,Night Owl,87,57,54,Casual Poster,Belongers,Center,0.39,FALSE,FALSE,TRUE,TRUE,FALSE,FALSE
U0761,63,54,70,71,69,Flexible,82,72,55,Casual Poster,Trendsetters,Left,0.54,FALSE,TRUE,FALSE,TRUE,TRUE,FALSE
U0762,66,46,44,25,34,Flexible,80,57,38,Lurker,Experience Seekers,Center,0.55,FALSE,TRUE,TRUE,FALSE,FALSE,FALSE
U0763,53,44,9,67,60,Night Owl,79,69,22,Lurker,Experience Seekers,Not inferred,0.0,FALSE,FALSE,FALSE,TRUE,FALSE,FALSE
U0764,64,32,33,80,71,Night Owl,94,69,41,Lurker,Experience Seekers,Center-Left,0.42,FALSE,FALSE,TRUE,FALSE,TRUE,TRUE
U0765,41,42,78,19,38,Night Owl,70,54,62,Casual Poster,Belongers,Center-Left,0.65,TRUE,FALSE,FALSE,FALSE,TRUE,FALSE
U0766,47,36,68,9,46,Night Owl,70,65,51,Casual Poster,Experience Seekers,Left,0.63,FALSE,FALSE,FALSE,FALSE,FALSE,FALSE
U0767,49,41,58,73,44,Flexible,79,21,69,Active Poster,Experience Seekers,Center,0.43,TRUE,TRUE,FALSE,FALSE,FALSE,FALSE
U0768,77,37,54,47,68,Flexible,92,24,49,Casual Poster,Trendsetters,Center,0.53,TRUE,FALSE,FALSE,TRUE,FALSE,FALSE
U0769,51,50,38,54,44,Flexible,45,70,27,Lurker,Achievers,Left,0.49,TRUE,FALSE,TRUE,FALSE,FALSE,TRUE
U0770,39,60,24,94,15,Early Bird,63,63,29,Lurker,Belongers,Center,0.77,FALSE,FALSE,FALSE,TRUE,FALSE,FALSE
U0771,45,37,65,39,70,Flexible,83,23,52,Casual Poster,Experience Seekers,Right,0.39,FALSE,FALSE,FALSE,TRUE,FALSE,FALSE
U0772,15,49,13,74,49,Flexible,68,51,28,Lurker,Pragmatists,Center-Left,0.65,TRUE,FALSE,FALSE,FALSE,FALSE,FALSE
U0773,47,61,65,50,32,Night Owl,72,10,56,Active Poster,Trendsetters,Left,0.75,FALSE,FALSE,FALSE,FALSE,TRUE,FALSE
U0774,52,42,57,48,58,Flexible,89,85,46,Lurker,Belongers,Center-Left,0.56,FALSE,TRUE,FALSE,FALSE,FALSE,FALSE
U0775,45,35,49,19,49,Flexible,69,24,42,Lurker,Changemakers,Center-Left,0.72,FALSE,FALSE,FALSE,TRUE,FALSE,TRUE
U0776,21,68,27,62,18,Early Bird,92,34,28,Lurker,Achievers,Left,0.88,FALSE,TRUE,FALSE,FALSE,TRUE,FALSE
U0777,62,44,57,68,23,Flexible,87,20,41,Lurker,Pragmatists,Left,0.92,FALSE,FALSE,FALSE,FALSE,FALSE,FALSE
U0778,50,22,54,53,62,Flexible,93,34,55,Casual Poster,Belongers,Center,0.91,FALSE,TRUE,FALSE,FALSE,FALSE,TRUE
U0779,42,59,49,24,50,Night Owl,81,50,52,Casual Poster,Pragmatists,Center-Left,0.61,FALSE,FALSE,FALSE,FALSE,TRUE,TRUE
U0780,54,63,48,30,34,Flexible,78,50,39,Lurker,Changemakers,Center-Left,0.51,FALSE,FALSE,FALSE,FALSE,FALSE,FALSE
U0781,43,48,78,51,24,Flexible,64,26,68,Active Poster,Trendsetters,Left,0.82,FALSE,FALSE,TRUE,TRUE,FALSE,TRUE
U0782,42,62,70,74,29,Flexible,64,50,61,Casual Poster,Changemakers,Center,0.69,TRUE,FALSE,FALSE,TRUE,FALSE,FALSE
U0783,20,58,73,58,45,Flexible,95,67,75,Creator,Changemakers,Center-Left,0.87,FALSE,TRUE,TRUE,FALSE,FALSE,FALSE
U0784,29,65,68,41,23,Night Owl,54,64,55,Casual Poster,Experience Seekers,Left,0.72,FALSE,FALSE,FALSE,FALSE,FALSE,FALSE
U0785,38,38,61,82,45,Night Owl,49,53,66,Creator,Belongers,Left,0.44,TRUE,FALSE,TRUE,FALSE,FALSE,TRUE
U0786,39,50,40,88,35,Flexible,62,70,44,Casual Poster,Belongers,Center,0.5,FALSE,FALSE,FALSE,FALSE,FALSE,FALSE
U0787,44,48,43,49,28,Flexible,85,72,51,Casual Poster,Changemakers,Center,0.78,FALSE,FALSE,TRUE,TRUE,FALSE,FALSE
U0788,55,60,84,32,51,Flexible,91,33,73,Active Poster,Trendsetters,Center-Left,0.53,FALSE,FALSE,FALSE,FALSE,FALSE,FALSE
U0789,24,53,29,79,69,Flexible,73,54,42,Casual Poster,Experience Seekers,Center,0.89,FALSE,FALSE,TRUE,TRUE,FALSE,FALSE
U0790,57,58,41,13,45,Early Bird,79,37,45,Lurker,Achievers,Left,0.69,FALSE,FALSE,TRUE,TRUE,FALSE,FALSE
U0791,45,42,57,61,56,Flexible,83,55,46,Casual Poster,Experience Seekers,Right,0.54,FALSE,TRUE,FALSE,TRUE,FALSE,FALSE
U0792,36,38,53,50,59,Flexible,61,33,54,Casual Poster,Trendsetters,Center,0.69,FALSE,FALSE,FALSE,FALSE,FALSE,FALSE
U0793,32,32,36,35,51,Night Owl,65,69,35,Lurker,Changemakers,Center,0.7,TRUE,FALSE,TRUE,FALSE,TRUE,FALSE
U0794,45,45,73,48,48,Flexible,69,60,54,Casual Poster,Experience Seekers,Center-Left,0.6,TRUE,FALSE,TRUE,TRUE,FALSE,TRUE
U0795,49,24,71,67,30,Night Owl,86,20,57,Casual Poster,Belongers,Center-Left,0.42,FALSE,FALSE,FALSE,FALSE,FALSE,FALSE
U0796,64,39,42,38,43,Flexible,83,46,35,Lurker,Experience Seekers,Center-Right,0.37,FALSE,FALSE,TRUE,TRUE,FALSE,FALSE
U0797,65,32,75,49,30,Flexible,62,49,63,Active Poster,Trendsetters,Center,0.89,FALSE,TRUE,TRUE,FALSE,FALSE,TRUE
U0798,29,30,25,63,41,Night Owl,71,33,34,Lurker,Pragmatists,Center-Left,0.78,FALSE,TRUE,TRUE,TRUE,FALSE,FALSE
U0799,49,56,25,12,23,Flexible,58,58,24,Lurker,Achievers,Center-Left,0.63,FALSE,FALSE,FALSE,TRUE,FALSE,FALSE
U0800,30,47,38,73,45,Night Owl,67,60,32,Lurker,Experience Seekers,Left,0.94,FALSE,FALSE,FALSE,TRUE,FALSE,FALSE
U0801,38,55,59,71,57,Flexible,57,44,59,Casual Poster,Belongers,Center-Left,0.55,FALSE,TRUE,FALSE,TRUE,FALSE,FALSE
U0802,48,68,43,46,45,Flexible,69,22,41,Lurker,Achievers,Center,0.81,FALSE,TRUE,FALSE,FALSE,FALSE,FALSE
U0803,33,56,54,59,21,Flexible,74,59,53,Casual Poster,Trendsetters,Center,0.85,TRUE,FALSE,FALSE,TRUE,TRUE,FALSE
U0804,54,48,58,64,33,Night Owl,60,58,51,Casual Poster,Experience Seekers,Center,0.89,FALSE,TRUE,TRUE,FALSE,TRUE,FALSE
U0805,63,27,63,71,46,Flexible,75,7,56,Casual Poster,Belongers,Left,0.47,FALSE,FALSE,FALSE,FALSE,FALSE,TRUE
U0806,43,39,20,44,52,Flexible,68,65,33,Lurker,Pragmatists,Center,0.83,FALSE,TRUE,FALSE,FALSE,FALSE,FALSE
U0807,44,57,42,19,46,Flexible,71,63,42,Casual Poster,Achievers,Center-Right,0.59,FALSE,FALSE,TRUE,TRUE,TRUE,FALSE
U0808,41,55,18,61,40,Early Bird,100,46,42,Casual Poster,Changemakers,Center-Left,0.64,FALSE,FALSE,FALSE,FALSE,FALSE,FALSE
U0809,57,41,52,82,53,Night Owl,79,50,63,Active Poster,Experience Seekers,Center-Right,0.55,FALSE,FALSE,FALSE,FALSE,FALSE,FALSE
U0810,59,26,18,26,37,Night Owl,68,26,28,Lurker,Experience Seekers,Center,0.78,FALSE,TRUE,TRUE,FALSE,FALSE,FALSE
U0811,30,46,30,42,27,Early Bird,95,52,45,Casual Poster,Experience Seekers,Right,0.87,FALSE,TRUE,TRUE,FALSE,FALSE,FALSE
U0812,56,48,63,32,19,Flexible,77,35,64,Casual Poster,Belongers,Left,0.95,TRUE,TRUE,TRUE,TRUE,FALSE,FALSE
U0813,38,51,64,52,20,Flexible,56,65,68,Active Poster,Belongers,Left,0.72,FALSE,TRUE,TRUE,FALSE,FALSE,FALSE
U0814,51,56,21,84,25,Night Owl,85,38,23,Lurker,Achievers,Center-Right,0.76,FALSE,FALSE,FALSE,FALSE,FALSE,FALSE
U0815,53,38,27,45,70,Night Owl,73,64,19,Lurker,Achievers,Center,0.71,FALSE,TRUE,FALSE,TRUE,FALSE,FALSE
U0816,48,38,50,18,66,Night Owl,83,44,48,Lurker,Pragmatists,Not inferred,0.0,FALSE,TRUE,FALSE,TRUE,FALSE,FALSE
U0817,48,43,45,33,42,Flexible,67,63,46,Casual Poster,Changemakers,Left,0.38,FALSE,TRUE,FALSE,FALSE,TRUE,FALSE
U0818,62,47,68,89,28,Flexible,74,59,51,Casual Poster,Experience Seekers,Left,0.38,TRUE,FALSE,TRUE,FALSE,FALSE,FALSE
U0819,54,59,46,63,31,Early Bird,61,32,34,Lurker,Achievers,Center-Left,0.71,FALSE,FALSE,TRUE,FALSE,TRUE,FALSE
U0820,43,52,43,81,71,Night Owl,66,38,46,Casual Poster,Achievers,Right,0.62,FALSE,FALSE,TRUE,FALSE,TRUE,FALSE
U0821,46,64,65,34,51,Flexible,98,26,56,Casual Poster,Belongers,Center-Left,0.38,FALSE,FALSE,TRUE,FALSE,FALSE,FALSE
U0822,30,52,65,69,14,Flexible,70,51,54,Casual Poster,Achievers,Left,0.47,FALSE,FALSE,FALSE,TRUE,TRUE,FALSE
U0823,46,52,56,18,53,Night Owl,67,55,59,Casual Poster,Belongers,Center-Left,0.91,TRUE,TRUE,FALSE,FALSE,FALSE,FALSE
U0824,34,36,56,35,47,Flexible,100,28,60,Active Poster,Belongers,Center-Left,0.5,TRUE,FALSE,FALSE,FALSE,FALSE,TRUE
U0825,49,41,67,43,65,Flexible,100,74,59,Casual Poster,Belongers,Center,0.58,FALSE,FALSE,TRUE,TRUE,FALSE,FALSE
U0826,44,55,72,66,27,Flexible,55,48,62,Active Poster,Experience Seekers,Center-Right,0.77,FALSE,FALSE,FALSE,FALSE,FALSE,FALSE
U0827,36,45,52,36,62,Early Bird,58,40,48,Casual Poster,Changemakers,Left,0.39,FALSE,FALSE,TRUE,FALSE,FALSE,FALSE
U0828,37,45,76,78,63,Night Owl,81,40,72,Active Poster,Belongers,Center-Left,0.52,FALSE,TRUE,FALSE,FALSE,FALSE,FALSE
U0829,50,48,59,73,46,Flexible,79,28,58,Active Poster,Trendsetters,Center,0.49,FALSE,FALSE,TRUE,FALSE,FALSE,FALSE
U0830,29,31,26,41,46,Night Owl,69,44,28,Lurker,Changemakers,Center,0.69,TRUE,FALSE,TRUE,FALSE,FALSE,FALSE
U0831,33,46,49,36,39,Flexible,55,35,38,Lurker,Achievers,Center-Left,0.56,TRUE,TRUE,FALSE,FALSE,FALSE,FALSE
U0832,46,35,69,20,49,Flexible,69,52,73,Active Poster,Belongers,Center-Left,0.61,FALSE,TRUE,FALSE,TRUE,FALSE,FALSE
U0833,46,34,52,32,45,Night Owl,70,48,50,Casual Poster,Belongers,Center-Left,0.65,TRUE,FALSE,TRUE,FALSE,FALSE,FALSE
U0834,64,37,29,51,49,Night Owl,69,27,36,Casual Poster,Achievers,Center-Right,0.74,FALSE,TRUE,FALSE,TRUE,FALSE,FALSE
U0835,48,73,26,45,58,Early Bird,65,28,39,Casual Poster,Experience Seekers,Center-Right,0.64,FALSE,FALSE,FALSE,TRUE,FALSE,FALSE
U0836,43,57,38,65,58,Flexible,67,31,39,Lurker,Changemakers,Center-Left,0.43,FALSE,FALSE,TRUE,FALSE,TRUE,FALSE
U0837,49,54,20,42,64,Flexible,91,49,26,Lurker,Changemakers,Not inferred,0.0,FALSE,TRUE,FALSE,FALSE,FALSE,FALSE
U0838,42,51,51,27,32,Night Owl,68,41,57,Casual Poster,Achievers,Center,0.38,FALSE,TRUE,FALSE,FALSE,FALSE,FALSE
U0839,57,24,42,37,32,Night Owl,50,29,44,Lurker,Trendsetters,Center,0.78,FALSE,FALSE,TRUE,TRUE,FALSE,FALSE
U0840,48,42,54,55,16,Flexible,99,81,49,Lurker,Belongers,Center,0.64,FALSE,TRUE,FALSE,FALSE,FALSE,FALSE
U0841,40,61,29,30,24,Early Bird,73,61,37,Lurker,Changemakers,Left,0.69,FALSE,TRUE,FALSE,TRUE,TRUE,FALSE
U0842,45,52,37,19,32,Flexible,53,63,34,Lurker,Changemakers,Center-Left,0.79,FALSE,FALSE,FALSE,FALSE,FALSE,FALSE
U0843,50,50,17,31,29,Flexible,67,34,33,Lurker,Achievers,Center,0.82,FALSE,FALSE,FALSE,FALSE,FALSE,FALSE
U0844,36,27,60,91,56,Flexible,92,30,50,Casual Poster,Belongers,Not inferred,0.0,FALSE,TRUE,FALSE,TRUE,FALSE,FALSE
U0845,68,53,59,91,33,Night Owl,82,40,61,Casual Poster,Belongers,Center-Right,0.62,FALSE,FALSE,TRUE,FALSE,FALSE,FALSE
U0846,43,81,21,86,29,Early Bird,90,37,33,Lurker,Achievers,Center-Left,0.48,FALSE,FALSE,TRUE,FALSE,FALSE,FALSE
U0847,59,63,67,73,76,Night Owl,66,15,58,Casual Poster,Achievers,Center-Left,0.51,FALSE,FALSE,FALSE,FALSE,FALSE,FALSE
U0848,66,31,77,39,58,Night Owl,60,28,57,Casual Poster,Experience Seekers,Center-Left,0.58,FALSE,FALSE,FALSE,TRUE,FALSE,FALSE
U0849,39,38,45,73,56,Flexible,67,49,51,Casual Poster,Experience Seekers,Left,0.62,FALSE,FALSE,TRUE,FALSE,TRUE,FALSE
U0850,36,38,53,91,28,Night Owl,87,55,36,Lurker,Experience Seekers,Center-Right,0.87,TRUE,FALSE,FALSE,FALSE,FALSE,FALSE
U0851,52,58,53,18,42,Flexible,99,45,45,Casual Poster,Changemakers,Left,0.42,FALSE,FALSE,FALSE,TRUE,FALSE,TRUE
U0852,56,27,8,23,58,Night Owl,84,46,20,Lurker,Experience Seekers,Center,0.93,FALSE,FALSE,FALSE,TRUE,FALSE,FALSE
U0853,48,49,39,46,23,Early Bird,81,23,37,Lurker,Experience Seekers,Center-Right,0.91,FALSE,FALSE,FALSE,FALSE,FALSE,FALSE
U0854,53,34,15,46,67,Night Owl,75,83,29,Lurker,Changemakers,Center,0.48,TRUE,FALSE,FALSE,FALSE,FALSE,FALSE
U0855,44,52,55,40,45,Night Owl,76,37,43,Casual Poster,Changemakers,Center,0.35,FALSE,FALSE,TRUE,TRUE,FALSE,FALSE
U0856,40,65,45,61,10,Early Bird,78,78,66,Active Poster,Changemakers,Center-Left,0.83,FALSE,TRUE,FALSE,FALSE,FALSE,FALSE
U0857,49,47,75,54,51,Flexible,69,32,72,Active Poster,Belongers,Center,0.81,TRUE,FALSE,FALSE,FALSE,FALSE,FALSE
U0858,28,21,66,28,37,Night Owl,80,65,73,Active Poster,Belongers,Not inferred,0.0,TRUE,TRUE,FALSE,FALSE,TRUE,FALSE
U0859,30,30,27,76,27,Early Bird,91,40,44,Casual Poster,Changemakers,Right,0.81,TRUE,FALSE,FALSE,FALSE,FALSE,FALSE
U0860,38,52,49,78,54,Night Owl,68,16,52,Casual Poster,Pragmatists,Right,0.57,FALSE,FALSE,TRUE,FALSE,FALSE,FALSE
U0861,49,37,64,88,51,Flexible,83,56,61,Active Poster,Belongers,Right,0.45,FALSE,TRUE,FALSE,TRUE,FALSE,TRUE
U0862,58,63,39,18,73,Flexible,82,64,44,Lurker,Achievers,Right,0.69,FALSE,FALSE,FALSE,FALSE,FALSE,FALSE
U0863,48,20,60,65,41,Night Owl,87,53,54,Casual Poster,Belongers,Center-Right,0.51,FALSE,FALSE,FALSE,FALSE,TRUE,TRUE
U0864,60,34,44,38,46,Flexible,73,61,46,Lurker,Experience Seekers,Center,0.7,TRUE,FALSE,FALSE,FALSE,FALSE,FALSE
U0865,60,47,41,30,49,Flexible,86,35,35,Lurker,Changemakers,Center,0.93,TRUE,TRUE,TRUE,FALSE,FALSE,FALSE
U0866,9,74,65,19,74,Flexible,68,51,63,Active Poster,Achievers,Not inferred,0.0,FALSE,FALSE,FALSE,TRUE,FALSE,FALSE
U0867,59,68,57,70,33,Flexible,86,52,51,Casual Poster,Experience Seekers,Center-Left,0.36,FALSE,TRUE,FALSE,TRUE,TRUE,FALSE
U0868,60,70,18,54,24,Early Bird,66,28,29,Lurker,Achievers,Center-Right,0.58,FALSE,FALSE,FALSE,FALSE,TRUE,FALSE
U0869,63,51,67,55,59,Flexible,89,39,53,Casual Poster,Trendsetters,Not inferred,0.0,FALSE,TRUE,FALSE,FALSE,FALSE,FALSE
U0870,50,46,79,95,47,Flexible,72,63,54,Casual Poster,Belongers,Left,0.76,FALSE,TRUE,TRUE,TRUE,FALSE,TRUE
U0871,50,60,78,65,33,Early Bird,71,54,57,Casual Poster,Belongers,Left,0.86,TRUE,FALSE,FALSE,FALSE,TRUE,FALSE
U0872,46,53,68,51,45,Early Bird,87,25,51,Casual Poster,Experience Seekers,Center,0.67,FALSE,FALSE,FALSE,FALSE,FALSE,FALSE
U0873,44,41,83,53,64,Flexible,96,31,65,Casual Poster,Belongers,Right,0.4,FALSE,TRUE,TRUE,FALSE,FALSE,FALSE
U0874,53,66,54,32,44,Night Owl,82,83,52,Active Poster,Achievers,Center,0.41,FALSE,TRUE,TRUE,TRUE,FALSE,FALSE
U0875,46,29,30,55,13,Early Bird,79,56,35,Casual Poster,Changemakers,Center-Left,0.53,TRUE,TRUE,FALSE,TRUE,TRUE,FALSE
U0876,40,38,26,23,19,Flexible,79,67,22,Lurker,Experience Seekers,Center,0.86,TRUE,FALSE,TRUE,FALSE,FALSE,TRUE
U0877,56,60,40,52,34,Flexible,100,37,33,Lurker,Experience Seekers,Right,0.37,TRUE,FALSE,FALSE,FALSE,TRUE,FALSE
U0878,57,46,38,46,21,Flexible,98,56,42,Casual Poster,Trendsetters,Left,0.74,FALSE,FALSE,FALSE,FALSE,TRUE,FALSE
U0879,43,52,39,47,24,Night Owl,69,43,43,Casual Poster,Experience Seekers,Center,0.55,FALSE,FALSE,FALSE,FALSE,FALSE,FALSE
U0880,58,22,65,52,32,Night Owl,63,63,60,Active Poster,Changemakers,Right,0.59,FALSE,TRUE,FALSE,FALSE,FALSE,FALSE
U0881,55,41,49,17,58,Flexible,83,23,42,Casual Poster,Changemakers,Right,0.93,FALSE,FALSE,FALSE,FALSE,FALSE,FALSE
U0882,38,33,69,38,47,Night Owl,62,79,59,Active Poster,Belongers,Center-Left,0.37,FALSE,FALSE,FALSE,FALSE,FALSE,TRUE
U0883,33,41,40,40,21,Early Bird,81,16,37,Lurker,Changemakers,Right,0.46,FALSE,FALSE,FALSE,FALSE,FALSE,FALSE
U0884,38,32,58,67,18,Flexible,80,44,51,Casual Poster,Belongers,Left,0.41,FALSE,TRUE,FALSE,FALSE,TRUE,FALSE
U0885,36,63,40,69,31,Flexible,88,70,37,Lurker,Achievers,Center,0.44,FALSE,FALSE,FALSE,FALSE,FALSE,FALSE
U0886,51,58,31,50,59,Flexible,73,52,34,Lurker,Experience Seekers,Not inferred,0.0,TRUE,TRUE,FALSE,TRUE,FALSE,FALSE
U0887,54,59,32,38,31,Early Bird,84,59,33,Lurker,Experience Seekers,Center-Left,0.88,TRUE,TRUE,TRUE,TRUE,FALSE,FALSE
U0888,85,68,34,63,36,Night Owl,80,61,40,Casual Poster,Experience Seekers,Left,0.64,FALSE,TRUE,FALSE,FALSE,FALSE,FALSE
U0889,38,33,43,22,45,Flexible,68,46,45,Casual Poster,Experience Seekers,Center-Right,0.68,FALSE,TRUE,TRUE,TRUE,FALSE,FALSE
U0890,43,65,68,46,32,Flexible,64,75,52,Casual Poster,Achievers,Left,0.36,FALSE,FALSE,FALSE,FALSE,FALSE,FALSE
U0891,68,29,77,33,64,Flexible,82,48,68,Active Poster,Experience Seekers,Center-Left,0.68,FALSE,FALSE,TRUE,FALSE,FALSE,FALSE
U0892,45,66,67,66,63,Early Bird,85,74,56,Casual Poster,Trendsetters,Center-Left,0.51,FALSE,FALSE,FALSE,TRUE,FALSE,TRUE
U0893,39,59,45,40,69,Night Owl,48,26,39,Lurker,Changemakers,Left,0.51,FALSE,FALSE,FALSE,TRUE,TRUE,FALSE
U0894,46,43,15,52,46,Flexible,50,87,34,Lurker,Changemakers,Left,0.64,FALSE,FALSE,TRUE,TRUE,TRUE,FALSE
U0895,35,22,39,60,35,Night Owl,83,39,44,Casual Poster,Experience Seekers,Center-Left,0.71,FALSE,FALSE,TRUE,FALSE,TRUE,FALSE
U0896,46,37,65,54,60,Night Owl,82,22,50,Casual Poster,Trendsetters,Center,0.59,FALSE,FALSE,FALSE,TRUE,TRUE,FALSE
U0897,29,48,57,32,47,Flexible,68,20,50,Casual Poster,Belongers,Left,0.92,TRUE,TRUE,TRUE,TRUE,FALSE,FALSE
U0898,38,27,71,39,57,Night Owl,84,59,61,Casual Poster,Belongers,Center-Right,0.35,FALSE,FALSE,FALSE,FALSE,TRUE,FALSE
U0899,45,29,48,36,64,Night Owl,87,55,51,Casual Poster,Trendsetters,Center-Left,0.43,TRUE,FALSE,FALSE,FALSE,FALSE,TRUE
U0900,36,57,30,25,59,Early Bird,71,40,31,Lurker,Experience Seekers,Center-Right,0.6,FALSE,TRUE,TRUE,TRUE,FALSE,FALSE
U0901,62,49,50,73,47,Early Bird,87,43,44,Lurker,Experience Seekers,Center,0.95,FALSE,FALSE,TRUE,FALSE,FALSE,FALSE
U0902,72,62,38,50,21,Flexible,48,55,35,Lurker,Trendsetters,Center-Right,0.65,FALSE,TRUE,FALSE,FALSE,FALSE,FALSE
U0903,32,50,49,17,40,Flexible,80,18,48,Casual Poster,Achievers,Right,0.62,FALSE,FALSE,FALSE,TRUE,FALSE,FALSE
U0904,25,59,69,37,26,Flexible,90,45,56,Casual Poster,Achievers,Left,0.43,TRUE,FALSE,TRUE,FALSE,FALSE,FALSE
U0905,42,45,53,75,80,Night Owl,88,38,49,Casual Poster,Belongers,Not inferred,0.0,FALSE,TRUE,FALSE,FALSE,FALSE,FALSE
U0906,45,49,74,65,27,Flexible,74,44,73,Creator,Belongers,Center,0.7,FALSE,FALSE,FALSE,FALSE,FALSE,TRUE
U0907,63,41,53,59,18,Flexible,59,39,48,Casual Poster,Experience Seekers,Right,0.84,TRUE,FALSE,FALSE,TRUE,FALSE,FALSE
U0908,35,50,46,46,61,Early Bird,77,53,54,Casual Poster,Trendsetters,Center-Right,0.93,FALSE,FALSE,FALSE,TRUE,TRUE,FALSE
U0909,43,44,55,72,44,Night Owl,92,40,44,Lurker,Belongers,Not inferred,0.0,FALSE,TRUE,FALSE,FALSE,FALSE,FALSE
U0910,20,38,54,42,66,Flexible,66,11,51,Casual Poster,Belongers,Center-Left,0.52,FALSE,FALSE,FALSE,FALSE,FALSE,FALSE
U0911,36,25,82,55,64,Night Owl,87,59,57,Casual Poster,Belongers,Left,0.75,FALSE,TRUE,FALSE,FALSE,TRUE,FALSE
U0912,30,55,59,61,39,Night Owl,68,36,60,Casual Poster,Belongers,Center-Left,0.92,TRUE,TRUE,FALSE,FALSE,FALSE,FALSE
U0913,58,36,29,28,28,Night Owl,72,64,39,Lurker,Pragmatists,Center-Left,0.58,FALSE,TRUE,TRUE,TRUE,FALSE,TRUE
U0914,32,25,47,40,43,Night Owl,82,27,45,Lurker,Changemakers,Center,0.61,FALSE,FALSE,FALSE,FALSE,FALSE,FALSE
U0915,55,54,34,59,44,Early Bird,71,44,31,Lurker,Experience Seekers,Center-Right,0.36,FALSE,FALSE,FALSE,TRUE,FALSE,TRUE
U0916,30,41,49,5,51,Early Bird,98,47,46,Casual Poster,Changemakers,Center,0.75,FALSE,TRUE,FALSE,TRUE,FALSE,TRUE
U0917,25,18,46,73,44,Night Owl,82,48,45,Lurker,Belongers,Right,0.8,TRUE,FALSE,FALSE,FALSE,FALSE,FALSE
U0918,39,61,38,38,30,Flexible,76,43,56,Casual Poster,Achievers,Left,0.77,FALSE,FALSE,FALSE,FALSE,TRUE,FALSE
U0919,65,48,38,41,17,Flexible,57,63,40,Casual Poster,Experience Seekers,Center-Left,0.42,TRUE,FALSE,TRUE,FALSE,FALSE,FALSE
U0920,49,45,48,70,51,Night Owl,72,55,39,Lurker,Changemakers,Center,0.88,FALSE,TRUE,FALSE,FALSE,FALSE,FALSE
U0921,42,73,56,31,13,Flexible,81,66,51,Casual Poster,Achievers,Center-Left,0.65,FALSE,FALSE,FALSE,FALSE,FALSE,FALSE
U0922,37,38,58,12,58,Early Bird,100,45,61,Active Poster,Experience Seekers,Center,0.69,FALSE,FALSE,FALSE,FALSE,FALSE,FALSE
U0923,36,52,64,39,35,Flexible,88,42,53,Casual Poster,Changemakers,Left,0.83,TRUE,TRUE,TRUE,FALSE,FALSE,FALSE
U0924,54,35,84,16,22,Flexible,69,48,61,Casual Poster,Trendsetters,Center,0.81,TRUE,FALSE,TRUE,TRUE,FALSE,FALSE
U0925,51,29,68,68,21,Early Bird,96,85,65,Active Poster,Changemakers,Center,0.7,FALSE,FALSE,FALSE,FALSE,TRUE,FALSE
U0926,64,42,30,52,50,Flexible,88,49,41,Lurker,Experience Seekers,Center-Right,0.38,TRUE,FALSE,FALSE,FALSE,FALSE,FALSE
U0927,51,51,47,16,69,Flexible,88,24,44,Casual Poster,Experience Seekers,Center-Left,0.59,FALSE,TRUE,TRUE,FALSE,TRUE,FALSE
U0928,66,63,71,38,36,Flexible,66,73,56,Casual Poster,Trendsetters,Left,0.94,FALSE,TRUE,FALSE,FALSE,TRUE,TRUE
U0929,61,49,49,39,33,Early Bird,92,51,41,Lurker,Experience Seekers,Not inferred,0.0,FALSE,FALSE,TRUE,FALSE,TRUE,FALSE
U0930,54,52,54,39,60,Night Owl,87,62,54,Casual Poster,Achievers,Center,0.72,TRUE,TRUE,FALSE,FALSE,TRUE,FALSE
U0931,52,54,70,84,30,Flexible,74,68,59,Casual Poster,Achievers,Center-Left,0.62,FALSE,FALSE,TRUE,TRUE,FALSE,FALSE
U0932,53,24,59,38,30,Flexible,85,54,62,Active Poster,Belongers,Center,0.79,FALSE,FALSE,FALSE,TRUE,FALSE,FALSE
U0933,55,47,20,41,20,Early Bird,76,70,21,Lurker,Changemakers,Left,0.72,TRUE,TRUE,FALSE,FALSE,FALSE,FALSE
U0934,61,45,33,54,48,Flexible,100,33,26,Lurker,Experience Seekers,Left,0.7,FALSE,FALSE,FALSE,FALSE,FALSE,FALSE
U0935,68,41,44,66,75,Night Owl,60,78,42,Lurker,Experience Seekers,Center-Left,0.71,FALSE,TRUE,FALSE,FALSE,FALSE,FALSE
U0936,50,44,67,33,28,Flexible,85,75,66,Active Poster,Experience Seekers,Center-Left,0.77,FALSE,FALSE,TRUE,FALSE,FALSE,FALSE
U0937,36,48,29,75,52,Flexible,75,76,33,Lurker,Experience Seekers,Center-Right,0.62,FALSE,FALSE,FALSE,FALSE,FALSE,TRUE
U0938,56,59,68,11,36,Early Bird,84,23,54,Casual Poster,Experience Seekers,Left,0.94,FALSE,FALSE,FALSE,FALSE,FALSE,FALSE
U0939,37,51,61,61,38,Early Bird,87,54,69,Active Poster,Belongers,Center,0.49,FALSE,TRUE,FALSE,FALSE,FALSE,FALSE
U0940,59,35,45,27,31,Flexible,56,77,40,Lurker,Experience Seekers,Center-Right,0.85,FALSE,FALSE,FALSE,FALSE,FALSE,FALSE
U0941,76,54,72,35,59,Night Owl,55,41,63,Active Poster,Experience Seekers,Center-Right,0.94,FALSE,FALSE,FALSE,TRUE,FALSE,FALSE
U0942,52,51,51,37,39,Flexible,62,70,42,Lurker,Trendsetters,Left,0.65,FALSE,FALSE,TRUE,FALSE,FALSE,FALSE
U0943,30,48,64,35,67,Night Owl,62,54,55,Casual Poster,Belongers,Center,0.5,TRUE,FALSE,FALSE,FALSE,FALSE,FALSE
U0944,51,60,38,41,45,Night Owl,80,30,40,Lurker,Experience Seekers,Center,0.44,TRUE,FALSE,FALSE,TRUE,FALSE,FALSE
U0945,59,23,71,34,41,Flexible,71,43,68,Active Poster,Trendsetters,Left,0.48,FALSE,FALSE,FALSE,FALSE,FALSE,FALSE
U0946,53,46,25,48,36,Early Bird,81,17,35,Lurker,Experience Seekers,Not inferred,0.0,FALSE,FALSE,TRUE,FALSE,FALSE,FALSE
U0947,36,47,68,16,48,Night Owl,75,69,50,Casual Poster,Achievers,Center-Right,0.79,TRUE,FALSE,FALSE,FALSE,FALSE,FALSE
U0948,32,48,56,55,12,Early Bird,92,60,64,Active Poster,Trendsetters,Right,0.69,TRUE,TRUE,TRUE,TRUE,TRUE,FALSE
U0949,29,59,26,52,66,Flexible,87,67,37,Lurker,Experience Seekers,Right,0.74,TRUE,FALSE,FALSE,FALSE,TRUE,FALSE
U0950,56,48,88,79,28,Flexible,69,41,65,Casual Poster,Belongers,Left,0.59,TRUE,TRUE,FALSE,FALSE,FALSE,TRUE
U0951,43,72,56,34,17,Flexible,90,1,52,Casual Poster,Experience Seekers,Left,0.47,FALSE,FALSE,TRUE,FALSE,FALSE,FALSE
U0952,44,46,56,22,67,Flexible,74,81,66,Active Poster,Trendsetters,Right,0.91,FALSE,FALSE,FALSE,FALSE,FALSE,FALSE
U0953,39,35,54,55,42,Night Owl,87,45,56,Casual Poster,Experience Seekers,Center-Left,0.54,FALSE,FALSE,TRUE,FALSE,TRUE,FALSE
U0954,49,37,43,53,52,Flexible,96,41,38,Lurker,Experience Seekers,Center-Left,0.81,TRUE,TRUE,TRUE,FALSE,FALSE,FALSE
U0955,67,46,55,30,56,Early Bird,66,51,50,Casual Poster,Belongers,Left,0.4,FALSE,FALSE,FALSE,FALSE,FALSE,FALSE
U0956,25,32,52,64,23,Flexible,68,25,43,Casual Poster,Belongers,Center-Right,0.88,FALSE,TRUE,FALSE,TRUE,FALSE,FALSE
U0957,43,63,44,33,46,Flexible,79,36,40,Lurker,Achievers,Right,0.77,TRUE,FALSE,FALSE,FALSE,TRUE,TRUE
U0958,63,30,44,33,30,Flexible,93,43,53,Casual Poster,Trendsetters,Center,0.74,FALSE,FALSE,FALSE,FALSE,FALSE,TRUE
U0959,20,43,27,61,57,Flexible,75,42,39,Casual Poster,Pragmatists,Left,0.75,TRUE,FALSE,TRUE,FALSE,FALSE,TRUE
U0960,51,17,50,55,75,Night Owl,53,28,47,Casual Poster,Experience Seekers,Not inferred,0.0,TRUE,FALSE,FALSE,FALSE,TRUE,FALSE
U0961,39,52,36,61,62,Flexible,100,76,41,Casual Poster,Trendsetters,Not inferred,0.0,FALSE,FALSE,FALSE,FALSE,FALSE,FALSE
U0962,60,61,55,80,18,Early Bird,93,33,53,Active Poster,Experience Seekers,Center-Right,0.85,FALSE,FALSE,TRUE,FALSE,FALSE,TRUE
U0963,58,67,47,51,23,Flexible,84,73,46,Casual Poster,Achievers,Left,0.63,FALSE,FALSE,FALSE,FALSE,FALSE,FALSE
U0964,36,35,37,30,57,Flexible,86,62,28,Lurker,Changemakers,Center,0.47,FALSE,FALSE,TRUE,TRUE,FALSE,FALSE
U0965,56,61,30,75,23,Night Owl,51,50,33,Lurker,Achievers,Center-Left,0.7,FALSE,FALSE,FALSE,FALSE,FALSE,FALSE
U0966,27,37,72,82,42,Night Owl,68,33,50,Casual Poster,Changemakers,Center-Right,0.64,FALSE,TRUE,TRUE,TRUE,FALSE,FALSE
U0967,54,52,68,40,36,Flexible,85,32,70,Active Poster,Belongers,Center-Left,0.37,FALSE,FALSE,FALSE,FALSE,FALSE,FALSE
U0968,57,48,47,40,17,Flexible,83,49,45,Lurker,Belongers,Left,0.62,FALSE,TRUE,TRUE,FALSE,TRUE,FALSE
U0969,24,40,51,27,26,Night Owl,88,60,53,Casual Poster,Experience Seekers,Center,0.39,FALSE,FALSE,FALSE,TRUE,FALSE,FALSE
U0970,42,63,40,72,28,Flexible,66,43,43,Lurker,Experience Seekers,Left,0.65,TRUE,FALSE,TRUE,FALSE,FALSE,TRUE
U0971,36,48,69,43,29,Early Bird,100,50,65,Active Poster,Trendsetters,Left,0.5,FALSE,FALSE,TRUE,TRUE,FALSE,FALSE
U0972,57,31,62,70,24,Flexible,78,37,61,Active Poster,Belongers,Left,0.78,FALSE,FALSE,TRUE,FALSE,FALSE,FALSE
U0973,52,57,28,50,51,Flexible,84,72,37,Casual Poster,Experience Seekers,Right,0.55,FALSE,FALSE,TRUE,FALSE,FALSE,TRUE
U0974,40,46,60,51,44,Night Owl,72,46,61,Casual Poster,Experience Seekers,Center-Right,0.39,FALSE,FALSE,FALSE,FALSE,TRUE,FALSE
U0975,47,75,93,62,29,Early Bird,97,52,67,Active Poster,Belongers,Center,0.82,FALSE,TRUE,FALSE,TRUE,FALSE,FALSE
U0976,54,63,68,39,54,Early Bird,82,23,51,Lurker,Experience Seekers,Center-Right,0.7,FALSE,TRUE,FALSE,FALSE,FALSE,FALSE
U0977,67,49,53,29,72,Night Owl,60,58,45,Lurker,Changemakers,Center,0.88,FALSE,FALSE,FALSE,FALSE,FALSE,FALSE
U0978,58,29,60,56,20,Flexible,85,14,50,Casual Poster,Changemakers,Left,0.46,FALSE,FALSE,TRUE,TRUE,FALSE,TRUE
U0979,22,58,60,51,74,Night Owl,73,62,64,Active Poster,Achievers,Left,0.85,FALSE,FALSE,FALSE,FALSE,FALSE,FALSE
U0980,45,48,70,64,34,Flexible,81,62,54,Casual Poster,Belongers,Right,0.65,FALSE,FALSE,FALSE,FALSE,FALSE,FALSE
U0981,30,37,63,40,52,Flexible,62,62,50,Casual Poster,Changemakers,Center-Left,0.83,FALSE,FALSE,FALSE,FALSE,FALSE,FALSE
U0982,44,54,38,64,61,Flexible,75,68,36,Lurker,Experience Seekers,Center-Left,0.85,FALSE,TRUE,FALSE,FALSE,FALSE,FALSE
U0983,53,28,80,64,50,Flexible,57,48,60,Casual Poster,Belongers,Left,0.68,TRUE,TRUE,FALSE,FALSE,FALSE,FALSE
U0984,45,63,67,51,51,Flexible,78,48,67,Active Poster,Belongers,Center-Right,0.84,TRUE,TRUE,TRUE,FALSE,FALSE,FALSE
U0985,40,46,65,29,65,Night Owl,94,8,51,Casual Poster,Experience Seekers,Center-Left,0.65,FALSE,FALSE,FALSE,FALSE,FALSE,FALSE
U0986,55,45,58,52,57,Flexible,69,28,60,Casual Poster,Changemakers,Center,0.73,FALSE,FALSE,TRUE,FALSE,FALSE,FALSE
U0987,58,49,40,52,59,Flexible,100,88,38,Lurker,Changemakers,Center-Right,0.81,FALSE,FALSE,FALSE,FALSE,TRUE,FALSE
U0988,43,64,36,71,58,Night Owl,89,46,29,Lurker,Changemakers,Left,0.88,FALSE,FALSE,FALSE,FALSE,FALSE,TRUE
U0989,60,49,51,47,17,Flexible,77,25,48,Casual Poster,Experience Seekers,Center,0.41,FALSE,FALSE,FALSE,FALSE,FALSE,FALSE
U0990,53,43,66,41,70,Flexible,59,70,49,Lurker,Experience Seekers,Left,0.5,FALSE,FALSE,TRUE,FALSE,FALSE,FALSE
U0991,23,65,54,61,34,Early Bird,87,37,57,Casual Poster,Belongers,Left,0.84,FALSE,FALSE,FALSE,TRUE,FALSE,FALSE
U0992,31,23,69,80,55,Night Owl,55,60,62,Casual Poster,Belongers,Center-Left,0.89,FALSE,TRUE,TRUE,FALSE,FALSE,FALSE
U0993,48,42,49,61,38,Night Owl,76,76,51,Casual Poster,Achievers,Center-Right,0.52,FALSE,TRUE,TRUE,TRUE,FALSE,FALSE
U0994,24,61,80,60,43,Flexible,86,34,68,Active Poster,Belongers,Center-Left,0.95,TRUE,FALSE,FALSE,FALSE,FALSE,FALSE
U0995,40,48,48,36,61,Night Owl,72,62,47,Lurker,Experience Seekers,Left,0.87,FALSE,TRUE,TRUE,FALSE,FALSE,FALSE
U0996,38,51,28,52,50,Flexible,65,37,38,Casual Poster,Experience Seekers,Center-Left,0.92,FALSE,FALSE,FALSE,FALSE,FALSE,FALSE
U0997,35,30,39,51,16,Flexible,84,66,48,Casual Poster,Belongers,Center-Left,0.78,TRUE,TRUE,FALSE,FALSE,FALSE,FALSE
U0998,18,53,64,38,18,Flexible,69,52,51,Casual Poster,Experience Seekers,Center,0.36,TRUE,FALSE,TRUE,FALSE,FALSE,TRUE
U0999,52,34,52,67,70,Night Owl,71,18,49,Casual Poster,Trendsetters,Center-Left,0.75,FALSE,FALSE,FALSE,TRUE,FALSE,FALSE
U1000,56,55,60,42,33,Flexible,97,50,53,Casual Poster,Trendsetters,Center-Right,0.71,FALSE,FALSE,TRUE,FALSE,FALSE,FALSE
U1001,48,59,58,54,61,Night Owl,79,63,73,Creator,Changemakers,Left,0.69,FALSE,TRUE,TRUE,TRUE,FALSE,FALSE
U1002,31,56,62,29,20,Flexible,69,61,52,Casual Poster,Achievers,Center,0.38,FALSE,TRUE,FALSE,FALSE,FALSE,TRUE
U1003,49,48,54,21,45,Flexible,85,37,51,Casual Poster,Trendsetters,Right,0.85,FALSE,FALSE,FALSE,FALSE,TRUE,FALSE
U1004,40,30,85,80,42,Night Owl,63,69,60,Casual Poster,Belongers,Center-Left,0.67,TRUE,TRUE,FALSE,FALSE,FALSE,TRUE
U1005,23,38,47,39,47,Night Owl,87,41,41,Lurker,Experience Seekers,Center-Right,0.68,FALSE,FALSE,TRUE,TRUE,FALSE,TRUE
U1006,34,53,24,74,24,Night Owl,88,49,31,Lurker,Changemakers,Not inferred,0.0,TRUE,FALSE,FALSE,FALSE,FALSE,FALSE
U1007,51,40,49,61,34,Flexible,97,44,50,Casual Poster,Trendsetters,Center,0.65,FALSE,TRUE,TRUE,FALSE,FALSE,FALSE
U1008,42,44,78,19,44,Early Bird,92,28,74,Creator,Trendsetters,Center-Left,0.85,FALSE,FALSE,TRUE,FALSE,FALSE,FALSE
U1009,36,37,46,79,66,Flexible,74,23,34,Lurker,Changemakers,Not inferred,0.0,FALSE,FALSE,TRUE,FALSE,TRUE,FALSE
U1010,33,73,24,72,36,Early Bird,73,59,38,Casual Poster,Achievers,Center-Right,0.37,FALSE,FALSE,FALSE,FALSE,FALSE,FALSE
U1011,46,39,53,47,40,Night Owl,66,28,60,Active Poster,Experience Seekers,Center-Left,0.71,FALSE,FALSE,TRUE,TRUE,FALSE,FALSE
U1012,46,36,43,77,67,Night Owl,75,32,38,Casual Poster,Experience Seekers,Left,0.88,TRUE,TRUE,TRUE,FALSE,TRUE,FALSE
U1013,51,83,52,73,15,Early Bird,61,39,52,Casual Poster,Achievers,Center-Left,0.53,FALSE,FALSE,FALSE,FALSE,TRUE,FALSE
U1014,59,56,50,53,11,Early Bird,92,56,52,Casual Poster,Trendsetters,Left,0.9,FALSE,TRUE,FALSE,FALSE,FALSE,FALSE
U1015,58,53,85,68,27,Flexible,96,63,59,Casual Poster,Belongers,Left,0.95,FALSE,TRUE,FALSE,TRUE,FALSE,FALSE
U1016,69,25,47,61,70,Night Owl,72,49,44,Casual Poster,Trendsetters,Center-Left,0.78,FALSE,TRUE,FALSE,FALSE,TRUE,FALSE
U1017,56,61,47,32,38,Early Bird,57,12,54,Casual Poster,Achievers,Left,0.6,FALSE,FALSE,TRUE,FALSE,FALSE,FALSE
U1018,51,61,56,14,42,Flexible,74,43,57,Active Poster,Trendsetters,Center,0.52,FALSE,FALSE,FALSE,FALSE,FALSE,FALSE
U1019,30,36,39,15,24,Night Owl,93,52,41,Casual Poster,Pragmatists,Center-Left,0.67,FALSE,FALSE,FALSE,FALSE,FALSE,FALSE
U1020,63,44,58,41,57,Flexible,89,58,50,Casual Poster,Trendsetters,Center-Left,0.5,FALSE,FALSE,TRUE,TRUE,TRUE,FALSE
U1021,30,51,62,69,53,Flexible,66,19,52,Casual Poster,Achievers,Not inferred,0.0,TRUE,FALSE,FALSE,TRUE,FALSE,FALSE
U1022,63,52,28,66,42,Flexible,100,48,34,Lurker,Experience Seekers,Center,0.78,FALSE,TRUE,FALSE,FALSE,FALSE,TRUE
U1023,48,40,65,40,20,Early Bird,81,25,57,Active Poster,Belongers,Center-Left,0.81,FALSE,TRUE,FALSE,FALSE,TRUE,FALSE
U1024,51,43,54,68,40,Flexible,57,47,55,Casual Poster,Trendsetters,Center-Left,0.59,FALSE,TRUE,TRUE,FALSE,FALSE,FALSE
U1025,35,37,80,46,46,Early Bird,93,55,60,Casual Poster,Belongers,Center-Left,0.76,FALSE,TRUE,FALSE,FALSE,FALSE,FALSE
U1026,50,42,45,67,58,Night Owl,72,48,49,Casual Poster,Trendsetters,Center-Left,0.76,FALSE,FALSE,FALSE,FALSE,FALSE,TRUE
U1027,33,48,57,49,58,Flexible,81,54,45,Lurker,Achievers,Not inferred,0.0,TRUE,FALSE,TRUE,FALSE,TRUE,FALSE
U1028,49,40,70,20,18,Early Bird,75,49,47,Lurker,Experience Seekers,Right,0.68,FALSE,FALSE,TRUE,TRUE,FALSE,FALSE
U1029,36,40,46,63,43,Early Bird,79,41,56,Casual Poster,Experience Seekers,Center,0.52,FALSE,FALSE,TRUE,FALSE,TRUE,TRUE
U1030,66,53,30,39,52,Flexible,100,60,36,Casual Poster,Trendsetters,Center,0.69,TRUE,FALSE,FALSE,TRUE,FALSE,TRUE
U1031,50,32,27,76,29,Night Owl,72,42,26,Lurker,Pragmatists,Left,0.69,FALSE,FALSE,FALSE,FALSE,FALSE,FALSE
U1032,60,55,38,23,40,Night Owl,85,58,27,Lurker,Experience Seekers,Left,0.87,FALSE,FALSE,FALSE,TRUE,FALSE,FALSE
U1033,45,38,28,48,29,Flexible,99,13,40,Casual Poster,Experience Seekers,Center-Left,0.84,FALSE,FALSE,TRUE,TRUE,FALSE,FALSE
U1034,48,48,72,54,73,Night Owl,89,36,62,Casual Poster,Changemakers,Left,0.87,FALSE,TRUE,TRUE,TRUE,FALSE,TRUE
U1035,47,58,42,27,62,Flexible,73,24,33,Lurker,Trendsetters,Left,0.51,FALSE,FALSE,FALSE,FALSE,FALSE,FALSE
U1036,60,38,63,20,27,Flexible,80,66,54,Casual Poster,Experience Seekers,Center-Right,0.4,FALSE,FALSE,FALSE,TRUE,FALSE,FALSE
U1037,45,62,73,72,18,Flexible,70,67,72,Creator,Achievers,Left,0.52,FALSE,FALSE,TRUE,FALSE,FALSE,FALSE
U1038,47,64,34,35,19,Flexible,79,60,29,Lurker,Achievers,Center-Left,0.76,FALSE,TRUE,TRUE,FALSE,FALSE,TRUE
U1039,48,33,68,19,55,Flexible,67,38,57,Casual Poster,Changemakers,Center-Left,0.92,TRUE,TRUE,FALSE,FALSE,FALSE,FALSE
U1040,53,73,66,61,29,Flexible,100,71,60,Active Poster,Changemakers,Left,0.76,TRUE,TRUE,FALSE,TRUE,FALSE,FALSE
U1041,59,58,76,61,65,Flexible,78,45,57,Casual Poster,Belongers,Left,0.92,TRUE,FALSE,FALSE,FALSE,FALSE,FALSE
U1042,48,38,62,44,57,Flexible,79,61,53,Casual Poster,Experience Seekers,Center,0.61,FALSE,FALSE,FALSE,FALSE,TRUE,TRUE
U1043,48,45,38,39,45,Flexible,90,59,39,Lurker,Pragmatists,Center,0.87,TRUE,FALSE,TRUE,FALSE,TRUE,FALSE
U1044,29,41,39,80,53,Flexible,84,5,36,Lurker,Pragmatists,Center-Left,0.63,FALSE,FALSE,FALSE,FALSE,FALSE,TRUE
U1045,36,40,73,84,62,Flexible,100,67,62,Casual Poster,Belongers,Not inferred,0.0,FALSE,FALSE,FALSE,FALSE,FALSE,FALSE
U1046,36,30,44,62,50,Night Owl,58,50,50,Casual Poster,Experience Seekers,Left,0.54,FALSE,TRUE,TRUE,FALSE,FALSE,FALSE
U1047,39,41,57,88,51,Night Owl,71,50,51,Casual Poster,Belongers,Left,0.74,FALSE,FALSE,FALSE,TRUE,FALSE,FALSE
U1048,51,47,58,11,65,Flexible,70,65,44,Lurker,Trendsetters,Left,0.5,FALSE,FALSE,TRUE,TRUE,FALSE,FALSE
U1049,44,43,54,28,30,Flexible,99,74,53,Casual Poster,Belongers,Not inferred,0.0,TRUE,TRUE,FALSE,FALSE,FALSE,FALSE
U1050,40,42,43,29,20,Flexible,90,20,40,Lurker,Changemakers,Center-Right,0.91,FALSE,TRUE,FALSE,FALSE,TRUE,FALSE
U1051,26,41,39,70,40,Night Owl,87,38,42,Lurker,Pragmatists,Center-Left,0.57,FALSE,TRUE,FALSE,FALSE,FALSE,FALSE
U1052,39,56,42,35,41,Night Owl,68,78,34,Lurker,Achievers,Center-Left,0.51,FALSE,TRUE,FALSE,TRUE,TRUE,TRUE
U1053,48,54,48,39,27,Early Bird,100,20,46,Casual Poster,Experience Seekers,Center-Right,0.39,FALSE,TRUE,FALSE,FALSE,TRUE,TRUE
U1054,54,38,47,65,58,Flexible,80,56,51,Lurker,Belongers,Center-Left,0.37,TRUE,FALSE,FALSE,TRUE,FALSE,FALSE
U1055,64,47,66,40,66,Flexible,81,37,52,Casual Poster,Experience Seekers,Center-Left,0.63,TRUE,TRUE,FALSE,FALSE,FALSE,TRUE
U1056,43,41,52,29,53,Night Owl,97,69,52,Casual Poster,Trendsetters,Left,0.48,FALSE,TRUE,FALSE,TRUE,FALSE,FALSE
U1057,50,49,71,70,47,Early Bird,84,70,61,Casual Poster,Trendsetters,Center,0.91,FALSE,FALSE,FALSE,TRUE,FALSE,FALSE
U1058,42,43,58,65,71,Night Owl,49,53,47,Casual Poster,Experience Seekers,Left,0.66,TRUE,FALSE,TRUE,FALSE,FALSE,FALSE
U1059,59,43,61,75,76,Night Owl,71,47,47,Lurker,Belongers,Left,0.94,FALSE,FALSE,TRUE,TRUE,FALSE,FALSE
U1060,24,60,66,56,62,Flexible,75,41,48,Casual Poster,Changemakers,Left,0.74,FALSE,FALSE,FALSE,FALSE,TRUE,FALSE
U1061,51,42,44,34,42,Early Bird,100,53,54,Casual Poster,Experience Seekers,Left,0.51,FALSE,FALSE,TRUE,TRUE,FALSE,FALSE
U1062,27,48,28,50,58,Flexible,85,43,48,Active Poster,Pragmatists,Center,0.39,FALSE,FALSE,FALSE,FALSE,FALSE,TRUE
U1063,43,41,62,26,15,Flexible,93,50,55,Casual Poster,Trendsetters,Center-Right,0.35,TRUE,TRUE,TRUE,FALSE,FALSE,FALSE
U1064,33,43,67,99,22,Night Owl,78,37,61,Casual Poster,Belongers,Right,0.45,FALSE,TRUE,FALSE,TRUE,FALSE,FALSE
U1065,42,49,43,92,31,Early Bird,75,23,41,Casual Poster,Achievers,Center,0.41,TRUE,FALSE,FALSE,FALSE,FALSE,TRUE
U1066,36,44,80,30,16,Flexible,68,20,70,Active Poster,Belongers,Right,0.4,FALSE,TRUE,FALSE,FALSE,FALSE,TRUE
U1067,55,32,19,50,44,Flexible,100,11,30,Lurker,Trendsetters,Center-Right,0.41,FALSE,TRUE,FALSE,FALSE,FALSE,TRUE
U1068,50,41,62,34,67,Night Owl,51,42,49,Casual Poster,Belongers,Right,0.6,FALSE,FALSE,FALSE,FALSE,FALSE,FALSE
U1069,47,45,61,47,61,Flexible,66,66,57,Casual Poster,Trendsetters,Center-Right,0.62,FALSE,FALSE,FALSE,FALSE,TRUE,TRUE
U1070,58,40,38,79,29,Flexible,49,30,37,Lurker,Changemakers,Center-Left,0.78,FALSE,FALSE,TRUE,FALSE,TRUE,FALSE
U1071,33,19,32,37,27,Night Owl,100,34,36,Casual Poster,Pragmatists,Center-Right,0.76,TRUE,FALSE,FALSE,TRUE,FALSE,FALSE
U1072,62,54,29,37,16,Early Bird,89,39,26,Lurker,Experience Seekers,Center,0.62,FALSE,TRUE,FALSE,TRUE,FALSE,TRUE
U1073,42,47,50,61,48,Flexible,62,50,44,Lurker,Changemakers,Center,0.74,TRUE,FALSE,FALSE,FALSE,FALSE,FALSE
U1074,31,39,37,45,24,Flexible,72,56,52,Casual Poster,Changemakers,Center-Left,0.52,FALSE,FALSE,FALSE,TRUE,FALSE,FALSE
U1075,54,59,47,31,74,Night Owl,81,36,56,Active Poster,Achievers,Not inferred,0.0,FALSE,FALSE,TRUE,FALSE,FALSE,FALSE
U1076,45,75,84,84,25,Early Bird,76,64,64,Casual Poster,Belongers,Center,0.82,FALSE,FALSE,FALSE,FALSE,FALSE,FALSE
U1077,43,41,64,69,47,Night Owl,58,17,54,Lurker,Experience Seekers,Right,0.86,FALSE,FALSE,TRUE,TRUE,FALSE,TRUE
U1078,35,73,34,77,38,Early Bird,93,44,37,Lurker,Changemakers,Left,0.93,FALSE,TRUE,FALSE,TRUE,FALSE,FALSE
U1079,67,56,58,53,25,Flexible,76,27,52,Casual Poster,Experience Seekers,Center-Left,0.51,FALSE,FALSE,FALSE,FALSE,FALSE,FALSE
U1080,25,51,42,67,55,Flexible,93,40,44,Lurker,Changemakers,Center-Left,0.38,FALSE,TRUE,FALSE,FALSE,FALSE,FALSE
U1081,72,45,48,46,12,Early Bird,79,60,51,Lurker,Trendsetters,Center-Left,0.64,FALSE,FALSE,TRUE,TRUE,TRUE,FALSE
U1082,56,34,51,37,67,Night Owl,61,59,44,Casual Poster,Changemakers,Center-Left,0.36,FALSE,FALSE,FALSE,TRUE,TRUE,FALSE
U1083,59,34,27,72,59,Flexible,85,35,23,Lurker,Changemakers,Center-Left,0.7,FALSE,FALSE,FALSE,TRUE,FALSE,FALSE
U1084,31,55,34,88,26,Early Bird,81,66,38,Lurker,Achievers,Center-Left,0.6,FALSE,TRUE,FALSE,TRUE,TRUE,TRUE
U1085,74,42,20,63,53,Early Bird,84,36,25,Lurker,Experience Seekers,Center-Right,0.4,FALSE,FALSE,TRUE,FALSE,FALSE,FALSE
U1086,39,47,73,39,18,Flexible,58,64,76,Creator,Belongers,Left,0.45,FALSE,TRUE,FALSE,FALSE,FALSE,FALSE
U1087,26,40,55,91,54,Flexible,66,46,61,Active Poster,Belongers,Center-Left,0.48,FALSE,FALSE,FALSE,FALSE,TRUE,FALSE
U1088,52,48,41,64,69,Flexible,100,70,33,Lurker,Changemakers,Left,0.4,FALSE,FALSE,FALSE,FALSE,FALSE,FALSE
U1089,43,75,42,78,26,Early Bird,100,75,42,Lurker,Experience Seekers,Left,0.72,FALSE,TRUE,TRUE,FALSE,FALSE,FALSE
U1090,33,33,47,40,46,Flexible,79,65,42,Lurker,Pragmatists,Right,0.35,FALSE,FALSE,FALSE,FALSE,TRUE,FALSE
U1091,47,73,47,88,58,Flexible,63,44,52,Casual Poster,Belongers,Center-Right,0.45,FALSE,FALSE,FALSE,FALSE,FALSE,TRUE
U1092,52,45,44,61,35,Flexible,87,31,37,Lurker,Trendsetters,Left,0.44,TRUE,FALSE,TRUE,FALSE,FALSE,FALSE
U1093,36,37,56,39,71,Night Owl,50,48,44,Lurker,Changemakers,Right,0.51,FALSE,FALSE,FALSE,FALSE,TRUE,FALSE
U1094,43,62,41,92,54,Early Bird,82,46,37,Lurker,Achievers,Center,0.5,FALSE,TRUE,FALSE,FALSE,FALSE,FALSE
U1095,50,71,64,83,65,Flexible,75,45,59,Casual Poster,Belongers,Not inferred,0.0,FALSE,FALSE,FALSE,FALSE,FALSE,FALSE
U1096,36,62,52,70,56,Early Bird,100,33,63,Active Poster,Experience Seekers,Center-Left,0.75,FALSE,TRUE,FALSE,FALSE,FALSE,TRUE
U1097,32,42,47,68,65,Flexible,100,70,39,Lurker,Belongers,Center,0.87,FALSE,FALSE,TRUE,FALSE,FALSE,FALSE
U1098,59,62,51,51,62,Flexible,82,11,53,Casual Poster,Trendsetters,Left,0.7,FALSE,TRUE,TRUE,TRUE,TRUE,FALSE
U1099,57,38,25,8,33,Flexible,86,39,38,Casual Poster,Trendsetters,Center,0.91,TRUE,TRUE,TRUE,TRUE,FALSE,FALSE
U1100,70,39,50,79,75,Night Owl,65,37,54,Active Poster,Trendsetters,Center,0.61,FALSE,TRUE,FALSE,FALSE,FALSE,FALSE
U1101,63,34,64,56,48,Night Owl,82,42,54,Casual Poster,Belongers,Center,0.59,FALSE,FALSE,TRUE,FALSE,FALSE,FALSE
U1102,49,51,24,46,44,Early Bird,71,39,37,Lurker,Changemakers,Right,0.5,FALSE,FALSE,FALSE,FALSE,FALSE,FALSE
U1103,41,58,32,42,32,Flexible,78,45,35,Lurker,Experience Seekers,Left,0.86,TRUE,FALSE,FALSE,FALSE,FALSE,FALSE
U1104,48,52,51,50,66,Flexible,79,67,63,Active Poster,Changemakers,Center-Right,0.37,FALSE,FALSE,FALSE,TRUE,FALSE,FALSE
U1105,55,47,76,32,57,Night Owl,85,34,59,Casual Poster,Trendsetters,Center-Left,0.65,TRUE,FALSE,TRUE,FALSE,FALSE,FALSE
U1106,33,33,70,51,38,Night Owl,67,89,65,Creator,Belongers,Left,0.41,FALSE,FALSE,FALSE,TRUE,FALSE,FALSE
U1107,59,45,34,34,60,Flexible,85,84,25,Lurker,Experience Seekers,Center,0.38,FALSE,TRUE,FALSE,TRUE,TRUE,FALSE
U1108,64,24,37,45,35,Flexible,98,27,33,Lurker,Experience Seekers,Left,0.35,FALSE,TRUE,FALSE,FALSE,FALSE,FALSE
U1109,47,44,46,66,64,Night Owl,86,35,51,Casual Poster,Experience Seekers,Center-Left,0.83,FALSE,TRUE,FALSE,FALSE,FALSE,FALSE
U1110,50,25,50,5,49,Night Owl,84,24,52,Casual Poster,Experience Seekers,Center-Right,0.69,FALSE,FALSE,TRUE,FALSE,FALSE,FALSE
U1111,69,60,49,35,35,Early Bird,79,27,57,Active Poster,Achievers,Center-Right,0.57,FALSE,FALSE,TRUE,FALSE,FALSE,FALSE
U1112,59,53,85,65,55,Night Owl,58,52,68,Casual Poster,Belongers,Left,0.92,FALSE,FALSE,FALSE,TRUE,FALSE,FALSE
U1113,38,62,36,30,33,Flexible,63,28,35,Lurker,Achievers,Left,0.92,FALSE,FALSE,FALSE,FALSE,TRUE,TRUE
U1114,47,34,38,19,26,Flexible,61,33,39,Lurker,Trendsetters,Left,0.67,FALSE,FALSE,FALSE,TRUE,FALSE,FALSE
U1115,67,61,38,36,51,Early Bird,63,60,34,Lurker,Changemakers,Left,0.54,TRUE,TRUE,FALSE,FALSE,FALSE,FALSE
U1116,51,40,77,36,62,Night Owl,88,46,50,Casual Poster,Belongers,Center-Left,0.89,FALSE,FALSE,TRUE,FALSE,FALSE,FALSE
U1117,37,67,58,27,23,Flexible,56,28,56,Casual Poster,Belongers,Left,0.48,FALSE,FALSE,FALSE,FALSE,FALSE,FALSE
U1118,39,57,59,68,62,Night Owl,88,45,52,Casual Poster,Changemakers,Center-Right,0.46,FALSE,FALSE,FALSE,FALSE,FALSE,FALSE
U1119,53,24,69,18,19,Flexible,73,52,49,Casual Poster,Belongers,Center-Left,0.93,FALSE,TRUE,TRUE,TRUE,FALSE,FALSE
U1120,62,30,92,50,42,Flexible,79,68,76,Creator,Belongers,Right,0.43,FALSE,FALSE,FALSE,TRUE,FALSE,FALSE
U1121,59,57,37,48,67,Flexible,70,15,33,Lurker,Experience Seekers,Center-Right,0.83,TRUE,FALSE,FALSE,FALSE,FALSE,FALSE
U1122,56,42,37,35,50,Night Owl,57,36,34,Lurker,Pragmatists,Left,0.67,FALSE,FALSE,TRUE,FALSE,FALSE,FALSE
U1123,35,38,79,41,81,Night Owl,77,81,70,Active Poster,Belongers,Center-Right,0.49,TRUE,FALSE,FALSE,TRUE,FALSE,TRUE
U1124,30,37,44,32,65,Night Owl,71,42,56,Active Poster,Changemakers,Left,0.8,FALSE,FALSE,TRUE,FALSE,FALSE,FALSE
U1125,65,43,51,45,28,Flexible,76,31,53,Casual Poster,Belongers,Center,0.84,FALSE,TRUE,TRUE,FALSE,FALSE,TRUE
U1126,38,55,65,13,59,Night Owl,82,86,60,Active Poster,Experience Seekers,Center-Left,0.72,FALSE,TRUE,FALSE,FALSE,FALSE,FALSE
U1127,71,57,67,64,14,Early Bird,73,66,64,Active Poster,Experience Seekers,Center,0.43,FALSE,TRUE,FALSE,TRUE,TRUE,FALSE
U1128,26,47,20,76,27,Night Owl,71,75,45,Casual Poster,Experience Seekers,Left,0.72,FALSE,FALSE,TRUE,FALSE,FALSE,FALSE
U1129,51,42,52,26,57,Night Owl,79,20,51,Casual Poster,Experience Seekers,Center,0.7,TRUE,FALSE,FALSE,FALSE,FALSE,FALSE
U1130,58,31,67,70,39,Night Owl,69,41,60,Casual Poster,Belongers,Left,0.45,FALSE,FALSE,TRUE,TRUE,FALSE,FALSE
U1131,49,58,25,33,36,Flexible,59,34,32,Lurker,Experience Seekers,Left,0.75,FALSE,FALSE,FALSE,TRUE,FALSE,FALSE
U1132,29,28,80,31,55,Night Owl,87,71,63,Casual Poster,Belongers,Left,0.55,FALSE,FALSE,TRUE,FALSE,FALSE,FALSE
U1133,48,50,44,50,75,Night Owl,68,76,53,Casual Poster,Experience Seekers,Right,0.95,TRUE,FALSE,TRUE,FALSE,TRUE,FALSE
U1134,44,43,55,90,39,Flexible,82,34,48,Lurker,Belongers,Center-Right,0.72,FALSE,FALSE,FALSE,FALSE,FALSE,FALSE
U1135,31,26,41,77,48,Night Owl,83,66,33,Lurker,Experience Seekers,Center-Left,0.47,FALSE,TRUE,FALSE,FALSE,FALSE,TRUE
U1136,66,60,63,30,18,Flexible,82,53,53,Casual Poster,Belongers,Left,0.94,FALSE,FALSE,TRUE,TRUE,FALSE,TRUE
U1137,53,68,75,26,45,Flexible,84,39,55,Casual Poster,Experience Seekers,Center-Right,0.37,FALSE,FALSE,TRUE,TRUE,FALSE,FALSE
U1138,31,68,38,40,58,Night Owl,100,56,35,Lurker,Experience Seekers,Center,0.75,FALSE,TRUE,FALSE,FALSE,FALSE,FALSE
U1139,34,49,34,47,64,Night Owl,95,62,45,Lurker,Experience Seekers,Left,0.74,FALSE,FALSE,TRUE,FALSE,FALSE,TRUE
U1140,57,30,44,24,65,Flexible,75,48,32,Lurker,Experience Seekers,Center-Left,0.93,FALSE,FALSE,FALSE,TRUE,FALSE,FALSE
U1141,48,42,49,46,41,Flexible,63,30,44,Casual Poster,Experience Seekers,Center-Right,0.86,FALSE,FALSE,FALSE,FALSE,FALSE,FALSE
U1142,49,49,47,87,47,Flexible,65,45,45,Casual Poster,Achievers,Right,0.77,TRUE,TRUE,FALSE,FALSE,FALSE,FALSE
U1143,30,49,52,68,53,Night Owl,68,32,42,Lurker,Achievers,Center-Left,0.92,FALSE,TRUE,FALSE,FALSE,FALSE,FALSE
U1144,37,64,51,24,14,Early Bird,100,56,40,Lurker,Achievers,Center-Right,0.84,TRUE,FALSE,TRUE,TRUE,FALSE,FALSE
U1145,62,33,32,26,52,Night Owl,87,31,39,Lurker,Trendsetters,Center,0.92,FALSE,FALSE,TRUE,FALSE,FALSE,FALSE
U1146,58,46,63,78,41,Early Bird,86,27,52,Casual Poster,Trendsetters,Center-Left,0.85,FALSE,FALSE,FALSE,FALSE,FALSE,FALSE
U1147,74,27,45,88,57,Night Owl,100,32,45,Casual Poster,Experience Seekers,Center,0.86,FALSE,FALSE,TRUE,FALSE,TRUE,FALSE
U1148,45,60,27,25,15,Flexible,71,46,36,Lurker,Achievers,Center,0.63,TRUE,FALSE,TRUE,FALSE,FALSE,FALSE
U1149,62,52,48,64,40,Night Owl,58,40,55,Casual Poster,Achievers,Left,0.57,TRUE,FALSE,FALSE,FALSE,TRUE,TRUE
U1150,43,64,53,54,75,Night Owl,62,17,57,Casual Poster,Changemakers,Left,0.5,FALSE,FALSE,FALSE,TRUE,FALSE,FALSE
U1151,41,47,30,47,29,Night Owl,65,22,34,Lurker,Experience Seekers,Right,0.93,TRUE,TRUE,TRUE,FALSE,FALSE,TRUE
U1152,43,40,61,74,28,Night Owl,64,49,49,Lurker,Experience Seekers,Left,0.71,FALSE,TRUE,FALSE,TRUE,TRUE,FALSE
U1153,58,49,54,28,41,Night Owl,66,31,42,Lurker,Experience Seekers,Center-Left,0.56,FALSE,TRUE,TRUE,TRUE,FALSE,FALSE
U1154,39,54,50,15,53,Early Bird,87,34,51,Casual Poster,Experience Seekers,Center,0.64,TRUE,FALSE,FALSE,TRUE,FALSE,FALSE
U1155,46,60,48,31,52,Flexible,62,37,50,Casual Poster,Experience Seekers,Center,0.44,FALSE,FALSE,FALSE,FALSE,TRUE,FALSE
U1156,39,48,31,73,37,Flexible,76,45,44,Casual Poster,Belongers,Center-Right,0.68,TRUE,FALSE,TRUE,FALSE,FALSE,FALSE
U1157,44,55,55,63,17,Flexible,59,36,40,Casual Poster,Experience Seekers,Center-Right,0.38,TRUE,FALSE,FALSE,FALSE,FALSE,FALSE
U1158,41,46,59,25,37,Night Owl,80,24,58,Casual Poster,Belongers,Center,0.92,FALSE,TRUE,FALSE,FALSE,TRUE,FALSE
U1159,69,50,31,54,13,Flexible,100,49,32,Lurker,Pragmatists,Not inferred,0.0,FALSE,FALSE,FALSE,FALSE,FALSE,FALSE
U1160,31,53,52,45,38,Flexible,95,57,36,Lurker,Changemakers,Center,0.55,TRUE,FALSE,FALSE,FALSE,FALSE,FALSE
U1161,71,40,80,28,50,Flexible,80,60,67,Active Poster,Experience Seekers,Left,0.63,FALSE,FALSE,FALSE,FALSE,TRUE,TRUE
U1162,47,64,86,32,63,Early Bird,100,8,61,Casual Poster,Belongers,Center-Left,0.76,TRUE,FALSE,TRUE,FALSE,FALSE,FALSE
U1163,50,33,36,42,53,Night Owl,79,72,36,Lurker,Experience Seekers,Left,0.56,TRUE,FALSE,FALSE,FALSE,FALSE,FALSE
U1164,29,50,50,30,45,Flexible,62,71,50,Casual Poster,Pragmatists,Center-Left,0.95,FALSE,FALSE,FALSE,TRUE,FALSE,FALSE
U1165,49,60,60,26,62,Flexible,90,59,59,Casual Poster,Belongers,Center-Left,0.55,FALSE,TRUE,FALSE,FALSE,FALSE,FALSE
U1166,57,29,57,50,63,Night Owl,73,38,57,Active Poster,Belongers,Right,0.71,FALSE,TRUE,FALSE,TRUE,FALSE,FALSE
U1167,33,34,28,51,46,Flexible,66,46,48,Active Poster,Achievers,Center-Right,0.67,TRUE,TRUE,FALSE,FALSE,TRUE,FALSE
U1168,47,26,37,43,70,Night Owl,79,46,43,Lurker,Trendsetters,Right,0.43,FALSE,FALSE,TRUE,FALSE,FALSE,FALSE
U1169,43,56,68,59,72,Night Owl,67,39,46,Lurker,Changemakers,Center,0.94,FALSE,FALSE,FALSE,FALSE,FALSE,FALSE
U1170,70,61,32,63,42,Flexible,87,36,50,Casual Poster,Experience Seekers,Center,0.5,TRUE,TRUE,FALSE,TRUE,FALSE,FALSE
U1171,37,50,61,21,47,Flexible,58,39,42,Lurker,Achievers,Left,0.64,FALSE,FALSE,FALSE,FALSE,FALSE,FALSE
U1172,36,35,31,80,46,Flexible,91,45,33,Lurker,Experience Seekers,Center-Left,0.45,FALSE,FALSE,TRUE,FALSE,FALSE,FALSE
U1173,59,40,61,54,34,Night Owl,48,42,54,Casual Poster,Changemakers,Center,0.62,TRUE,FALSE,FALSE,FALSE,FALSE,FALSE
U1174,49,53,62,31,23,Flexible,53,12,55,Casual Poster,Belongers,Left,0.39,FALSE,FALSE,FALSE,FALSE,FALSE,FALSE
U1175,63,50,73,75,44,Early Bird,71,17,64,Casual Poster,Belongers,Left,0.87,FALSE,FALSE,TRUE,FALSE,FALSE,FALSE
U1176,31,49,13,48,42,Flexible,74,30,24,Lurker,Experience Seekers,Right,0.39,FALSE,FALSE,FALSE,FALSE,TRUE,FALSE
U1177,62,42,37,36,51,Night Owl,53,61,48,Casual Poster,Experience Seekers,Center,0.6,TRUE,FALSE,TRUE,FALSE,FALSE,FALSE
U1178,62,52,68,28,46,Night Owl,70,39,50,Casual Poster,Belongers,Left,0.41,TRUE,FALSE,TRUE,FALSE,FALSE,FALSE
U1179,68,65,54,54,59,Early Bird,72,42,52,Casual Poster,Trendsetters,Center-Right,0.87,FALSE,FALSE,FALSE,FALSE,FALSE,FALSE
U1180,54,54,68,36,54,Flexible,96,32,54,Casual Poster,Experience Seekers,Center-Right,0.65,TRUE,FALSE,FALSE,FALSE,FALSE,FALSE
U1181,72,31,47,36,72,Night Owl,54,52,52,Casual Poster,Trendsetters,Left,0.39,FALSE,FALSE,FALSE,TRUE,FALSE,FALSE
U1182,52,28,24,55,59,Flexible,100,48,40,Casual Poster,Belongers,Center-Left,0.36,FALSE,FALSE,FALSE,FALSE,FALSE,FALSE
U1183,34,58,76,84,48,Flexible,77,49,55,Casual Poster,Changemakers,Center-Left,0.38,FALSE,FALSE,FALSE,TRUE,FALSE,FALSE
U1184,27,50,30,44,53,Night Owl,76,66,37,Lurker,Pragmatists,Center,0.71,TRUE,FALSE,FALSE,FALSE,FALSE,FALSE
U1185,36,53,37,37,66,Flexible,66,58,53,Casual Poster,Pragmatists,Center-Left,0.79,FALSE,FALSE,FALSE,TRUE,FALSE,FALSE
U1186,45,56,20,31,48,Night Owl,53,34,29,Lurker,Changemakers,Center-Right,0.77,TRUE,FALSE,FALSE,FALSE,TRUE,TRUE
U1187,51,38,72,54,73,Flexible,73,40,56,Casual Poster,Experience Seekers,Center-Left,0.93,TRUE,FALSE,TRUE,FALSE,FALSE,FALSE
U1188,59,35,6,14,59,Night Owl,59,87,19,Lurker,Experience Seekers,Right,0.43,FALSE,FALSE,TRUE,TRUE,FALSE,FALSE
U1189,31,56,45,42,27,Early Bird,91,17,36,Lurker,Changemakers,Left,0.88,TRUE,FALSE,FALSE,FALSE,FALSE,TRUE
U1190,60,53,48,49,57,Early Bird,71,33,52,Casual Poster,Experience Seekers,Center-Right,0.83,FALSE,FALSE,TRUE,FALSE,FALSE,FALSE
U1191,41,14,24,57,52,Night Owl,83,55,37,Casual Poster,Changemakers,Left,0.67,FALSE,FALSE,TRUE,TRUE,FALSE,FALSE
U1192,30,61,59,30,26,Flexible,68,53,47,Lurker,Experience Seekers,Center,0.82,TRUE,TRUE,FALSE,TRUE,FALSE,FALSE
U1193,31,42,51,51,21,Flexible,92,46,47,Casual Poster,Experience Seekers,Center-Left,0.35,FALSE,FALSE,FALSE,FALSE,FALSE,FALSE
U1194,54,48,43,73,28,Flexible,63,65,50,Casual Poster,Trendsetters,Center-Right,0.94,TRUE,TRUE,TRUE,TRUE,FALSE,FALSE
U1195,15,42,45,68,46,Flexible,71,26,53,Casual Poster,Changemakers,Center-Left,0.66,FALSE,FALSE,FALSE,TRUE,FALSE,FALSE
U1196,49,27,56,92,38,Flexible,90,31,56,Casual Poster,Belongers,Center-Left,0.94,FALSE,TRUE,TRUE,TRUE,FALSE,TRUE
U1197,50,46,50,51,30,Flexible,81,70,49,Casual Poster,Changemakers,Not inferred,0.0,TRUE,FALSE,FALSE,FALSE,FALSE,FALSE
U1198,46,45,38,68,67,Flexible,86,51,42,Lurker,Experience Seekers,Center-Left,0.93,FALSE,FALSE,FALSE,FALSE,FALSE,FALSE
U1199,35,48,50,53,68,Flexible,65,68,51,Casual Poster,Belongers,Not inferred,0.0,FALSE,FALSE,TRUE,TRUE,FALSE,FALSE
U1200,56,12,60,65,54,Night Owl,51,32,65,Active Poster,Trendsetters,Center,0.52,FALSE,FALSE,TRUE,FALSE,FALSE,FALSE
U1201,52,42,26,41,28,Flexible,61,23,41,Casual Poster,Achievers,Center-Left,0.37,FALSE,FALSE,FALSE,FALSE,FALSE,FALSE
U1202,47,44,23,50,60,Night Owl,68,55,27,Lurker,Changemakers,Left,0.9,FALSE,FALSE,FALSE,FALSE,TRUE,FALSE
U1203,40,39,47,36,75,Night Owl,45,49,41,Lurker,Belongers,Center-Left,0.85,TRUE,FALSE,TRUE,FALSE,FALSE,FALSE
U1204,27,47,45,61,57,Flexible,52,31,54,Active Poster,Experience Seekers,Center-Right,0.78,FALSE,FALSE,FALSE,FALSE,FALSE,FALSE
U1205,27,65,62,22,48,Flexible,61,65,52,Casual Poster,Changemakers,Left,0.84,FALSE,TRUE,FALSE,FALSE,FALSE,FALSE
U1206,52,51,77,35,65,Flexible,99,33,77,Creator,Belongers,Left,0.76,TRUE,TRUE,TRUE,FALSE,FALSE,TRUE
U1207,42,19,81,42,57,Night Owl,80,41,78,Creator,Experience Seekers,Center-Right,0.68,FALSE,FALSE,TRUE,TRUE,FALSE,FALSE
U1208,39,54,72,32,21,Early Bird,100,66,69,Active Poster,Trendsetters,Center-Right,0.95,FALSE,TRUE,TRUE,FALSE,FALSE,FALSE
U1209,45,35,48,12,47,Night Owl,73,26,49,Casual Poster,Experience Seekers,Left,0.57,TRUE,TRUE,TRUE,FALSE,FALSE,FALSE
U1210,51,57,47,69,31,Early Bird,89,30,47,Lurker,Trendsetters,Left,0.47,FALSE,FALSE,TRUE,TRUE,TRUE,FALSE
U1211,45,48,66,29,35,Night Owl,83,28,59,Casual Poster,Experience Seekers,Center-Left,0.91,TRUE,FALSE,TRUE,FALSE,TRUE,FALSE
U1212,31,42,38,24,23,Flexible,63,44,30,Lurker,Changemakers,Center-Left,0.86,FALSE,FALSE,FALSE,FALSE,FALSE,FALSE
U1213,78,54,40,45,15,Flexible,97,24,30,Lurker,Pragmatists,Right,0.39,FALSE,TRUE,FALSE,FALSE,FALSE,FALSE
U1214,44,37,40,36,66,Night Owl,97,65,47,Casual Poster,Belongers,Center-Left,0.85,FALSE,FALSE,TRUE,FALSE,TRUE,FALSE
U1215,40,52,60,32,76,Night Owl,57,68,49,Lurker,Achievers,Left,0.51,FALSE,FALSE,TRUE,FALSE,FALSE,FALSE
U1216,46,55,39,70,66,Flexible,70,27,31,Lurker,Experience Seekers,Center,0.71,TRUE,TRUE,FALSE,FALSE,TRUE,FALSE
U1217,56,78,46,10,18,Flexible,73,61,34,Lurker,Experience Seekers,Left,0.75,FALSE,TRUE,TRUE,TRUE,FALSE,FALSE
U1218,49,35,48,55,30,Night Owl,82,83,48,Casual Poster,Changemakers,Left,0.49,FALSE,FALSE,FALSE,FALSE,FALSE,FALSE
U1219,65,42,62,56,36,Flexible,88,38,53,Casual Poster,Changemakers,Left,0.77,FALSE,TRUE,FALSE,FALSE,FALSE,TRUE
U1220,44,44,67,45,51,Flexible,100,26,46,Lurker,Changemakers,Center-Left,0.47,FALSE,FALSE,FALSE,TRUE,FALSE,FALSE
U1221,39,34,32,9,29,Flexible,74,60,37,Lurker,Experience Seekers,Center-Right,0.69,FALSE,TRUE,FALSE,FALSE,FALSE,FALSE
U1222,55,43,77,33,61,Night Owl,83,42,62,Active Poster,Experience Seekers,Not inferred,0.0,FALSE,FALSE,TRUE,TRUE,FALSE,FALSE
U1223,40,52,63,30,60,Night Owl,86,78,62,Active Poster,Changemakers,Center-Right,0.63,FALSE,FALSE,FALSE,FALSE,FALSE,TRUE
U1224,42,51,55,56,67,Night Owl,62,34,53,Casual Poster,Changemakers,Center-Left,0.77,FALSE,FALSE,TRUE,FALSE,FALSE,FALSE
U1225,46,39,72,40,68,Flexible,88,25,51,Casual Poster,Experience Seekers,Center-Left,0.66,FALSE,FALSE,FALSE,TRUE,TRUE,FALSE
U1226,39,52,47,72,22,Flexible,72,64,50,Casual Poster,Belongers,Left,0.36,FALSE,FALSE,FALSE,TRUE,FALSE,FALSE
U1227,38,44,69,18,67,Flexible,83,71,53,Casual Poster,Trendsetters,Center-Left,0.37,TRUE,FALSE,FALSE,FALSE,FALSE,TRUE
U1228,53,50,73,11,37,Flexible,87,31,64,Active Poster,Trendsetters,Center,0.87,FALSE,FALSE,FALSE,FALSE,FALSE,TRUE
U1229,40,70,56,13,44,Early Bird,89,41,61,Active Poster,Trendsetters,Not inferred,0.0,FALSE,FALSE,FALSE,FALSE,FALSE,FALSE
U1230,58,40,86,62,28,Night Owl,66,77,64,Active Poster,Belongers,Not inferred,0.0,FALSE,FALSE,FALSE,TRUE,FALSE,FALSE
U1231,46,41,35,29,33,Flexible,57,66,41,Lurker,Belongers,Left,0.52,TRUE,FALSE,FALSE,TRUE,FALSE,TRUE
U1232,67,50,41,27,27,Night Owl,72,44,38,Lurker,Changemakers,Center-Left,0.58,FALSE,FALSE,TRUE,FALSE,FALSE,FALSE
U1233,60,63,57,49,25,Early Bird,70,61,54,Casual Poster,Experience Seekers,Center,0.69,FALSE,FALSE,TRUE,FALSE,FALSE,FALSE
U1234,28,65,53,43,51,Night Owl,52,41,55,Casual Poster,Experience Seekers,Left,0.79,FALSE,FALSE,TRUE,FALSE,FALSE,FALSE
U1235,58,69,80,31,12,Early Bird,77,40,60,Casual Poster,Belongers,Center-Left,0.79,TRUE,TRUE,FALSE,FALSE,FALSE,FALSE
U1236,56,64,45,48,48,Flexible,68,59,48,Active Poster,Achievers,Center,0.57,FALSE,TRUE,FALSE,TRUE,FALSE,FALSE
U1237,47,50,44,4,33,Early Bird,72,20,37,Lurker,Experience Seekers,Center-Right,0.65,TRUE,TRUE,FALSE,FALSE,FALSE,FALSE
U1238,52,26,65,69,31,Night Owl,88,44,68,Active Poster,Belongers,Center-Left,0.49,FALSE,FALSE,FALSE,FALSE,FALSE,FALSE
U1239,66,59,13,44,49,Night Owl,82,44,15,Lurker,Achievers,Center-Left,0.87,TRUE,FALSE,TRUE,TRUE,TRUE,FALSE
U1240,44,36,53,11,59,Night Owl,63,47,46,Lurker,Belongers,Not inferred,0.0,FALSE,TRUE,FALSE,FALSE,TRUE,FALSE
U1241,62,47,42,42,55,Night Owl,82,51,30,Lurker,Pragmatists,Center,0.9,TRUE,FALSE,TRUE,FALSE,FALSE,TRUE
U1242,30,45,30,75,55,Night Owl,65,36,35,Lurker,Experience Seekers,Center,0.78,FALSE,FALSE,FALSE,FALSE,FALSE,FALSE
U1243,55,24,63,58,48,Flexible,57,48,48,Casual Poster,Trendsetters,Not inferred,0.0,TRUE,FALSE,FALSE,FALSE,FALSE,FALSE
U1244,43,52,64,73,43,Night Owl,66,43,51,Casual Poster,Experience Seekers,Center-Left,0.66,FALSE,TRUE,FALSE,FALSE,FALSE,FALSE
U1245,28,32,52,14,19,Flexible,72,20,49,Casual Poster,Pragmatists,Center-Left,0.56,TRUE,FALSE,TRUE,FALSE,FALSE,FALSE
U1246,78,37,23,89,32,Flexible,87,37,21,Lurker,Experience Seekers,Left,0.53,FALSE,FALSE,FALSE,FALSE,FALSE,FALSE
U1247,35,68,61,67,30,Early Bird,79,62,50,Casual Poster,Experience Seekers,Left,0.39,FALSE,TRUE,FALSE,FALSE,FALSE,FALSE
U1248,39,53,66,15,71,Flexible,51,13,63,Active Poster,Experience Seekers,Center-Left,0.77,FALSE,FALSE,TRUE,FALSE,FALSE,FALSE
U1249,60,46,50,16,61,Night Owl,61,55,38,Lurker,Trendsetters,Right,0.39,FALSE,FALSE,FALSE,FALSE,FALSE,FALSE
U1250,44,34,67,49,51,Night Owl,58,50,63,Casual Poster,Belongers,Center-Right,0.52,FALSE,FALSE,FALSE,TRUE,TRUE,FALSE
U1251,64,36,67,54,58,Night Owl,48,43,54,Casual Poster,Experience Seekers,Center,0.9,FALSE,FALSE,FALSE,FALSE,FALSE,TRUE
U1252,37,34,45,73,74,Night Owl,77,28,33,Lurker,Experience Seekers,Center-Right,0.84,TRUE,FALSE,FALSE,FALSE,TRUE,FALSE
U1253,57,41,28,76,26,Flexible,88,54,26,Lurker,Pragmatists,Right,0.8,FALSE,FALSE,TRUE,TRUE,FALSE,FALSE
U1254,30,36,19,59,42,Flexible,75,33,36,Lurker,Pragmatists,Center-Left,0.73,FALSE,FALSE,FALSE,TRUE,FALSE,FALSE
U1255,54,47,65,62,70,Flexible,78,42,60,Active Poster,Changemakers,Left,0.68,FALSE,FALSE,TRUE,TRUE,FALSE,FALSE
U1256,41,37,21,56,73,Night Owl,83,26,36,Lurker,Achievers,Center-Left,0.54,TRUE,FALSE,FALSE,TRUE,FALSE,FALSE
U1257,27,34,50,78,60,Night Owl,82,47,39,Lurker,Belongers,Center,0.46,FALSE,FALSE,FALSE,TRUE,FALSE,FALSE
U1258,61,31,53,71,55,Flexible,80,41,50,Casual Poster,Trendsetters,Left,0.71,TRUE,FALSE,FALSE,FALSE,FALSE,FALSE
U1259,57,40,33,52,48,Early Bird,61,22,44,Casual Poster,Experience Seekers,Not inferred,0.0,TRUE,FALSE,FALSE,TRUE,FALSE,FALSE
U1260,60,42,61,37,38,Early Bird,83,78,46,Lurker,Changemakers,Center-Right,0.9,TRUE,FALSE,TRUE,FALSE,FALSE,FALSE
U1261,35,66,53,45,51,Early Bird,76,38,45,Lurker,Achievers,Center-Left,0.81,FALSE,TRUE,TRUE,FALSE,TRUE,FALSE
U1262,44,32,28,56,60,Night Owl,66,54,36,Lurker,Experience Seekers,Center-Left,0.84,FALSE,FALSE,TRUE,FALSE,TRUE,FALSE
U1263,48,53,61,11,42,Night Owl,96,41,47,Casual Poster,Experience Seekers,Left,0.68,FALSE,TRUE,TRUE,FALSE,FALSE,FALSE
U1264,45,85,52,75,13,Early Bird,96,41,58,Active Poster,Achievers,Center,0.91,FALSE,TRUE,FALSE,FALSE,FALSE,FALSE
U1265,28,40,33,59,43,Early Bird,83,29,35,Lurker,Changemakers,Center,0.53,FALSE,FALSE,TRUE,FALSE,FALSE,FALSE
U1266,50,49,68,63,58,Flexible,72,37,54,Casual Poster,Changemakers,Left,0.46,FALSE,FALSE,TRUE,FALSE,FALSE,FALSE
U1267,56,73,82,34,46,Flexible,68,62,56,Casual Poster,Belongers,Center,0.74,FALSE,FALSE,FALSE,TRUE,TRUE,FALSE
U1268,26,38,43,39,30,Night Owl,84,47,45,Lurker,Changemakers,Left,0.38,FALSE,FALSE,TRUE,TRUE,TRUE,FALSE
U1269,34,72,51,55,51,Flexible,61,84,41,Lurker,Achievers,Left,0.91,TRUE,FALSE,FALSE,FALSE,FALSE,FALSE
U1270,57,35,40,66,58,Night Owl,74,15,45,Lurker,Trendsetters,Center-Left,0.61,FALSE,FALSE,TRUE,FALSE,FALSE,TRUE
U1271,63,49,35,38,25,Night Owl,65,54,36,Lurker,Experience Seekers,Center,0.36,TRUE,FALSE,TRUE,TRUE,FALSE,FALSE
U1272,40,26,83,61,39,Night Owl,60,41,68,Casual Poster,Belongers,Not inferred,0.0,FALSE,TRUE,TRUE,FALSE,FALSE,FALSE
U1273,47,58,31,26,26,Early Bird,100,52,35,Lurker,Experience Seekers,Center,0.87,FALSE,TRUE,TRUE,FALSE,FALSE,FALSE
U1274,43,59,69,48,46,Night Owl,77,48,54,Casual Poster,Achievers,Center-Left,0.85,FALSE,FALSE,FALSE,FALSE,FALSE,FALSE
U1275,46,46,36,33,47,Flexible,100,64,23,Lurker,Experience Seekers,Not inferred,0.0,FALSE,TRUE,FALSE,FALSE,FALSE,FALSE
U1276,38,62,51,24,10,Early Bird,99,7,48,Casual Poster,Experience Seekers,Not inferred,0.0,FALSE,TRUE,FALSE,FALSE,FALSE,FALSE
U1277,45,21,61,62,33,Night Owl,51,52,53,Casual Poster,Experience Seekers,Not inferred,0.0,FALSE,TRUE,FALSE,FALSE,FALSE,FALSE
U1278,58,36,78,48,49,Flexible,79,54,61,Casual Poster,Experience Seekers,Center,0.45,FALSE,FALSE,FALSE,FALSE,FALSE,FALSE
U1279,49,53,19,52,45,Flexible,70,62,32,Lurker,Experience Seekers,Center,0.7,TRUE,TRUE,FALSE,FALSE,FALSE,FALSE
U1280,44,49,15,21,46,Flexible,80,35,26,Lurker,Experience Seekers,Center-Left,0.95,FALSE,FALSE,FALSE,FALSE,FALSE,FALSE
U1281,37,40,50,72,22,Flexible,47,25,54,Casual Poster,Changemakers,Right,0.91,FALSE,FALSE,TRUE,FALSE,FALSE,FALSE
U1282,58,43,25,61,54,Flexible,76,56,32,Lurker,Experience Seekers,Center-Left,0.36,FALSE,FALSE,FALSE,TRUE,FALSE,TRUE
U1283,50,38,70,69,53,Night Owl,60,53,63,Active Poster,Belongers,Center-Left,0.38,FALSE,FALSE,FALSE,FALSE,FALSE,FALSE
U1284,35,38,43,56,63,Night Owl,49,44,45,Lurker,Pragmatists,Right,0.8,FALSE,FALSE,TRUE,FALSE,TRUE,FALSE
U1285,55,28,80,15,74,Night Owl,66,20,65,Casual Poster,Experience Seekers,Center-Left,0.77,FALSE,TRUE,FALSE,FALSE,FALSE,FALSE
U1286,49,56,64,58,26,Flexible,76,29,44,Lurker,Belongers,Center-Left,0.53,FALSE,FALSE,FALSE,TRUE,FALSE,FALSE
U1287,42,63,62,41,40,Night Owl,84,43,48,Lurker,Belongers,Center-Left,0.39,FALSE,FALSE,FALSE,FALSE,FALSE,FALSE
U1288,40,71,57,67,49,Early Bird,83,56,46,Casual Poster,Belongers,Not inferred,0.0,FALSE,FALSE,FALSE,FALSE,FALSE,FALSE
U1289,65,29,70,72,37,Night Owl,85,24,70,Active Poster,Experience Seekers,Center,0.36,TRUE,FALSE,FALSE,FALSE,TRUE,TRUE
U1290,32,61,67,31,20,Flexible,70,55,55,Casual Poster,Achievers,Right,0.49,FALSE,FALSE,FALSE,FALSE,FALSE,FALSE
U1291,50,38,67,49,38,Early Bird,94,35,64,Creator,Pragmatists,Center-Left,0.93,FALSE,FALSE,TRUE,FALSE,FALSE,TRUE
U1292,57,75,24,26,53,Early Bird,79,43,49,Active Poster,Changemakers,Center-Left,0.44,FALSE,FALSE,TRUE,FALSE,FALSE,TRUE
U1293,52,15,43,50,60,Night Owl,75,78,28,Lurker,Experience Seekers,Center-Left,0.43,FALSE,FALSE,FALSE,TRUE,FALSE,FALSE
U1294,53,47,49,43,50,Flexible,65,53,53,Casual Poster,Experience Seekers,Center-Right,0.41,TRUE,FALSE,TRUE,FALSE,TRUE,FALSE
U1295,38,35,81,36,53,Flexible,73,40,56,Casual Poster,Experience Seekers,Left,0.72,FALSE,TRUE,TRUE,FALSE,FALSE,FALSE
U1296,34,59,87,42,27,Flexible,66,51,69,Active Poster,Belongers,Center,0.83,FALSE,FALSE,FALSE,FALSE,FALSE,FALSE
U1297,38,30,46,66,56,Flexible,84,4,44,Casual Poster,Belongers,Center-Right,0.61,FALSE,TRUE,TRUE,FALSE,FALSE,FALSE
U1298,38,40,51,20,43,Flexible,91,63,41,Lurker,Trendsetters,Center,0.9,FALSE,FALSE,FALSE,FALSE,FALSE,TRUE
U1299,43,33,30,52,34,Night Owl,78,41,37,Lurker,Experience Seekers,Center,0.75,FALSE,FALSE,FALSE,FALSE,TRUE,FALSE
U1300,71,43,43,33,67,Night Owl,68,37,49,Casual Poster,Changemakers,Center-Right,0.74,FALSE,FALSE,FALSE,TRUE,FALSE,TRUE
U1301,39,34,47,84,50,Night Owl,77,52,54,Active Poster,Changemakers,Left,0.67,TRUE,FALSE,FALSE,FALSE,FALSE,TRUE
U1302,60,53,73,48,68,Night Owl,79,54,54,Casual Poster,Experience Seekers,Center-Right,0.89,FALSE,FALSE,FALSE,FALSE,FALSE,TRUE
U1303,39,42,60,42,52,Night Owl,58,23,55,Casual Poster,Belongers,Center-Left,0.91,FALSE,FALSE,TRUE,TRUE,FALSE,FALSE
U1304,65,42,61,78,39,Flexible,92,65,58,Casual Poster,Changemakers,Left,0.5,FALSE,FALSE,FALSE,FALSE,FALSE,FALSE
U1305,50,36,63,75,14,Early Bird,80,39,43,Lurker,Belongers,Left,0.38,FALSE,TRUE,FALSE,FALSE,TRUE,FALSE
U1306,76,16,28,38,52,Night Owl,73,55,22,Lurker,Experience Seekers,Center-Left,0.46,TRUE,TRUE,FALSE,FALSE,TRUE,FALSE
U1307,55,52,72,13,56,Night Owl,75,31,63,Active Poster,Belongers,Not inferred,0.0,TRUE,FALSE,FALSE,FALSE,FALSE,FALSE
U1308,52,53,58,15,76,Night Owl,64,50,53,Casual Poster,Experience Seekers,Center-Left,0.77,FALSE,TRUE,FALSE,FALSE,TRUE,FALSE
U1309,44,73,61,26,34,Early Bird,100,52,71,Active Poster,Changemakers,Left,0.62,FALSE,TRUE,FALSE,FALSE,FALSE,FALSE
U1310,42,67,67,40,47,Night Owl,71,12,63,Active Poster,Belongers,Center-Right,0.35,FALSE,TRUE,FALSE,FALSE,FALSE,FALSE
U1311,41,43,51,30,71,Flexible,90,43,42,Casual Poster,Experience Seekers,Center-Left,0.53,TRUE,FALSE,TRUE,TRUE,TRUE,FALSE
U1312,61,50,67,48,33,Night Owl,91,31,50,Casual Poster,Belongers,Center-Left,0.56,FALSE,TRUE,TRUE,FALSE,FALSE,TRUE
U1313,34,55,46,41,41,Early Bird,88,61,38,Lurker,Trendsetters,Left,0.59,FALSE,TRUE,FALSE,FALSE,FALSE,FALSE
U1314,71,22,42,61,30,Flexible,94,50,42,Casual Poster,Experience Seekers,Right,0.79,FALSE,FALSE,FALSE,FALSE,FALSE,FALSE
U1315,59,68,53,61,42,Flexible,100,35,51,Casual Poster,Belongers,Center-Right,0.56,FALSE,FALSE,FALSE,FALSE,FALSE,FALSE
U1316,65,54,41,39,29,Night Owl,85,31,43,Lurker,Experience Seekers,Center-Right,0.52,FALSE,FALSE,FALSE,FALSE,FALSE,TRUE
U1317,44,47,55,67,24,Flexible,80,50,56,Casual Poster,Experience Seekers,Not inferred,0.0,FALSE,TRUE,FALSE,FALSE,FALSE,FALSE
U1318,52,38,54,48,70,Night Owl,51,42,40,Lurker,Experience Seekers,Center-Right,0.52,TRUE,FALSE,TRUE,FALSE,FALSE,FALSE
U1319,39,56,62,58,37,Flexible,80,73,51,Casual Poster,Belongers,Left,0.35,FALSE,TRUE,FALSE,TRUE,TRUE,TRUE
U1320,58,56,39,87,50,Flexible,77,22,30,Lurker,Achievers,Center-Left,0.36,FALSE,FALSE,TRUE,TRUE,FALSE,FALSE
U1321,58,26,50,57,35,Night Owl,82,70,52,Active Poster,Belongers,Left,0.38,TRUE,FALSE,TRUE,FALSE,FALSE,FALSE
U1322,48,72,82,43,20,Early Bird,98,94,65,Active Poster,Achievers,Center,0.85,FALSE,FALSE,FALSE,FALSE,FALSE,TRUE
U1323,34,45,41,39,22,Early Bird,93,38,43,Casual Poster,Pragmatists,Center-Right,0.62,TRUE,TRUE,FALSE,FALSE,FALSE,FALSE
U1324,43,48,57,65,70,Night Owl,82,60,41,Lurker,Trendsetters,Right,0.37,FALSE,FALSE,FALSE,FALSE,FALSE,TRUE
U1325,30,49,42,57,45,Flexible,76,37,33,Lurker,Changemakers,Center-Left,0.78,FALSE,TRUE,FALSE,TRUE,FALSE,FALSE
U1326,45,30,66,78,68,Night Owl,66,23,69,Active Poster,Belongers,Center-Left,0.57,FALSE,TRUE,FALSE,FALSE,TRUE,TRUE
U1327,50,44,51,31,69,Flexible,75,52,36,Lurker,Pragmatists,Center-Left,0.9,FALSE,FALSE,TRUE,TRUE,FALSE,FALSE
U1328,57,36,56,70,54,Night Owl,80,79,55,Casual Poster,Belongers,Not inferred,0.0,FALSE,TRUE,FALSE,FALSE,TRUE,FALSE
U1329,44,40,45,68,23,Night Owl,48,48,50,Casual Poster,Belongers,Not inferred,0.0,FALSE,FALSE,FALSE,FALSE,FALSE,TRUE
U1330,46,43,78,36,41,Flexible,82,74,55,Casual Poster,Changemakers,Center-Left,0.44,FALSE,TRUE,TRUE,FALSE,FALSE,FALSE
U1331,50,44,54,32,46,Flexible,85,42,44,Lurker,Changemakers,Center-Left,0.43,FALSE,FALSE,TRUE,TRUE,FALSE,FALSE
U1332,31,56,45,66,30,Flexible,94,29,45,Lurker,Belongers,Center-Right,0.93,TRUE,FALSE,FALSE,FALSE,FALSE,FALSE
U1333,24,51,62,50,33,Night Owl,49,35,56,Casual Poster,Changemakers,Center,0.47,TRUE,TRUE,FALSE,FALSE,FALSE,FALSE
U1334,53,43,50,21,52,Flexible,57,47,55,Casual Poster,Belongers,Center-Left,0.66,FALSE,TRUE,FALSE,FALSE,FALSE,FALSE
U1335,41,61,69,66,60,Flexible,78,40,72,Active Poster,Experience Seekers,Center,0.81,TRUE,FALSE,TRUE,FALSE,TRUE,FALSE
U1336,72,35,57,74,50,Night Owl,81,54,58,Active Poster,Trendsetters,Center-Left,0.75,TRUE,FALSE,TRUE,FALSE,FALSE,TRUE
U1337,30,34,37,24,52,Flexible,83,51,33,Lurker,Changemakers,Left,0.71,FALSE,FALSE,FALSE,FALSE,FALSE,TRUE
U1338,39,23,52,41,81,Night Owl,54,37,49,Casual Poster,Changemakers,Left,0.7,FALSE,TRUE,FALSE,FALSE,FALSE,FALSE
U1339,47,51,30,35,63,Flexible,63,30,42,Lurker,Experience Seekers,Center,0.83,FALSE,TRUE,TRUE,FALSE,FALSE,FALSE
U1340,43,57,59,55,47,Early Bird,100,35,61,Casual Poster,Changemakers,Right,0.8,FALSE,FALSE,TRUE,TRUE,FALSE,FALSE
U1341,35,53,53,63,32,Flexible,61,49,62,Active Poster,Belongers,Not inferred,0.0,FALSE,FALSE,TRUE,FALSE,TRUE,FALSE
U1342,37,62,55,77,15,Early Bird,61,79,52,Casual Poster,Belongers,Center-Left,0.52,FALSE,FALSE,TRUE,FALSE,FALSE,TRUE
U1343,34,47,55,25,28,Night Owl,84,68,41,Lurker,Pragmatists,Center-Left,0.58,FALSE,FALSE,FALSE,FALSE,FALSE,FALSE
U1344,59,63,39,90,38,Early Bird,90,47,31,Lurker,Pragmatists,Left,0.73,FALSE,FALSE,FALSE,TRUE,FALSE,FALSE
U1345,47,49,46,26,56,Night Owl,49,58,37,Lurker,Changemakers,Center-Left,0.89,FALSE,FALSE,TRUE,TRUE,FALSE,FALSE
U1346,59,53,56,59,51,Flexible,85,71,51,Casual Poster,Experience Seekers,Center-Left,0.52,FALSE,TRUE,TRUE,FALSE,FALSE,FALSE
U1347,59,76,39,43,23,Night Owl,89,26,35,Lurker,Achievers,Not inferred,0.0,FALSE,FALSE,TRUE,FALSE,FALSE,FALSE
U1348,50,64,58,56,60,Early Bird,100,63,54,Casual Poster,Belongers,Center,0.79,TRUE,FALSE,TRUE,FALSE,FALSE,TRUE
U1349,75,49,56,22,70,Flexible,56,82,53,Casual Poster,Experience Seekers,Center,0.89,FALSE,TRUE,FALSE,FALSE,TRUE,FALSE
U1350,38,45,40,73,52,Night Owl,78,46,32,Lurker,Achievers,Right,0.39,FALSE,TRUE,FALSE,TRUE,FALSE,FALSE
U1351,41,44,25,32,27,Flexible,72,70,34,Lurker,Experience Seekers,Left,0.58,TRUE,FALSE,TRUE,FALSE,FALSE,FALSE
U1352,78,32,35,51,33,Night Owl,58,67,31,Lurker,Experience Seekers,Center-Right,0.36,FALSE,FALSE,FALSE,FALSE,TRUE,FALSE
U1353,44,23,66,43,63,Flexible,90,36,46,Lurker,Changemakers,Center,0.46,FALSE,FALSE,FALSE,TRUE,TRUE,FALSE
U1354,46,48,77,26,55,Flexible,83,53,72,Creator,Trendsetters,Center-Right,0.61,FALSE,TRUE,TRUE,TRUE,TRUE,FALSE
U1355,41,41,45,21,45,Flexible,84,26,51,Lurker,Changemakers,Right,0.71,FALSE,FALSE,FALSE,TRUE,FALSE,FALSE
U1356,49,38,33,76,30,Early Bird,96,78,45,Casual Poster,Belongers,Center,0.87,FALSE,FALSE,FALSE,FALSE,FALSE,FALSE
U1357,52,71,32,54,67,Flexible,80,40,26,Lurker,Achievers,Center-Left,0.94,FALSE,FALSE,FALSE,FALSE,TRUE,FALSE
U1358,52,62,28,33,48,Early Bird,57,29,39,Lurker,Achievers,Left,0.55,FALSE,FALSE,FALSE,FALSE,FALSE,FALSE
U1359,34,47,71,55,17,Early Bird,94,55,59,Casual Poster,Changemakers,Center,0.64,FALSE,FALSE,TRUE,TRUE,FALSE,FALSE
U1360,52,71,66,49,13,Flexible,96,59,55,Casual Poster,Achievers,Left,0.61,FALSE,FALSE,FALSE,FALSE,FALSE,TRUE
U1361,51,44,79,63,18,Early Bird,83,41,65,Active Poster,Changemakers,Left,0.52,FALSE,FALSE,TRUE,FALSE,FALSE,FALSE
U1362,58,53,35,52,65,Night Owl,94,31,45,Casual Poster,Experience Seekers,Center-Left,0.79,FALSE,TRUE,FALSE,TRUE,TRUE,FALSE
U1363,37,45,71,14,29,Flexible,81,31,64,Active Poster,Experience Seekers,Center-Right,0.82,TRUE,TRUE,FALSE,FALSE,FALSE,FALSE
U1364,42,39,36,41,44,Night Owl,65,28,48,Casual Poster,Experience Seekers,Right,0.78,FALSE,TRUE,FALSE,FALSE,FALSE,FALSE
U1365,36,64,62,34,22,Flexible,100,77,42,Lurker,Experience Seekers,Center-Left,0.84,FALSE,FALSE,TRUE,FALSE,FALSE,FALSE
U1366,55,59,46,15,15,Flexible,62,26,38,Lurker,Pragmatists,Center-Right,0.51,FALSE,TRUE,TRUE,TRUE,FALSE,FALSE
U1367,53,34,55,57,62,Flexible,69,26,60,Casual Poster,Experience Seekers,Right,0.91,FALSE,FALSE,TRUE,TRUE,FALSE,FALSE
U1368,39,52,25,61,45,Night Owl,86,44,34,Lurker,Experience Seekers,Left,0.8,FALSE,FALSE,TRUE,TRUE,FALSE,FALSE
U1369,50,46,65,44,16,Flexible,81,20,56,Casual Poster,Belongers,Center-Left,0.56,FALSE,FALSE,FALSE,FALSE,FALSE,FALSE
U1370,26,51,59,79,14,Flexible,87,58,51,Casual Poster,Experience Seekers,Center-Left,0.38,FALSE,FALSE,FALSE,FALSE,FALSE,FALSE
U1371,44,48,35,62,38,Night Owl,72,49,27,Lurker,Trendsetters,Center-Left,0.66,FALSE,FALSE,FALSE,FALSE,FALSE,FALSE
U1372,50,60,32,41,53,Night Owl,92,51,45,Casual Poster,Experience Seekers,Center-Right,0.73,FALSE,TRUE,FALSE,FALSE,TRUE,FALSE
U1373,44,57,37,70,22,Early Bird,90,48,32,Lurker,Experience Seekers,Right,0.87,FALSE,FALSE,FALSE,FALSE,FALSE,FALSE
U1374,60,59,75,65,68,Flexible,87,27,59,Casual Poster,Trendsetters,Right,0.79,TRUE,FALSE,FALSE,TRUE,FALSE,TRUE
U1375,55,61,34,59,35,Flexible,90,24,39,Casual Poster,Achievers,Left,0.38,TRUE,FALSE,TRUE,FALSE,FALSE,FALSE
U1376,35,23,27,55,68,Flexible,91,58,27,Lurker,Experience Seekers,Left,0.64,FALSE,FALSE,TRUE,FALSE,FALSE,FALSE
U1377,41,47,37,41,66,Night Owl,74,52,54,Active Poster,Experience Seekers,Center-Left,0.39,FALSE,FALSE,FALSE,FALSE,TRUE,FALSE
U1378,55,36,24,49,60,Night Owl,57,23,46,Casual Poster,Experience Seekers,Center-Left,0.85,TRUE,TRUE,TRUE,FALSE,FALSE,FALSE
U1379,50,46,45,66,33,Flexible,62,61,33,Lurker,Pragmatists,Center-Right,0.4,FALSE,FALSE,TRUE,FALSE,FALSE,FALSE
U1380,57,34,54,44,64,Flexible,94,25,32,Lurker,Changemakers,Center-Right,0.88,FALSE,TRUE,FALSE,FALSE,TRUE,FALSE
U1381,65,71,67,39,58,Night Owl,61,54,63,Casual Poster,Achievers,Center-Left,0.68,FALSE,FALSE,FALSE,TRUE,TRUE,FALSE
U1382,54,55,72,43,26,Early Bird,97,31,56,Casual Poster,Belongers,Center-Left,0.63,FALSE,FALSE,FALSE,FALSE,FALSE,FALSE
U1383,42,35,47,56,32,Night Owl,82,53,40,Lurker,Changemakers,Left,0.54,FALSE,FALSE,FALSE,FALSE,TRUE,FALSE
U1384,59,41,68,53,45,Flexible,61,57,66,Active Poster,Belongers,Center,0.88,TRUE,FALSE,TRUE,FALSE,FALSE,FALSE
U1385,37,59,45,63,32,Flexible,95,59,52,Casual Poster,Pragmatists,Right,0.93,FALSE,FALSE,FALSE,FALSE,TRUE,FALSE
U1386,21,29,52,51,70,Night Owl,74,60,46,Lurker,Changemakers,Center-Left,0.55,FALSE,FALSE,FALSE,FALSE,FALSE,FALSE
U1387,35,47,81,76,36,Flexible,91,32,65,Casual Poster,Belongers,Left,0.73,FALSE,FALSE,FALSE,TRUE,FALSE,TRUE
U1388,32,58,44,23,50,Flexible,73,58,48,Casual Poster,Achievers,Left,0.88,FALSE,TRUE,FALSE,TRUE,FALSE,FALSE
U1389,29,48,48,31,50,Night Owl,82,85,51,Casual Poster,Belongers,Not inferred,0.0,TRUE,TRUE,FALSE,FALSE,FALSE,FALSE
U1390,68,53,62,68,39,Night Owl,68,9,54,Casual Poster,Trendsetters,Center-Right,0.65,FALSE,FALSE,FALSE,FALSE,FALSE,FALSE
U1391,32,50,65,28,23,Early Bird,94,56,60,Casual Poster,Changemakers,Center-Left,0.92,FALSE,FALSE,TRUE,FALSE,FALSE,FALSE
U1392,50,28,40,77,42,Night Owl,53,53,38,Lurker,Experience Seekers,Right,0.8,TRUE,FALSE,FALSE,FALSE,FALSE,TRUE
U1393,31,54,58,62,25,Night Owl,74,20,56,Casual Poster,Belongers,Left,0.61,FALSE,FALSE,TRUE,FALSE,FALSE,TRUE
U1394,52,54,31,86,29,Flexible,82,58,26,Lurker,Experience Seekers,Center,0.36,FALSE,FALSE,FALSE,TRUE,FALSE,FALSE
U1395,47,76,48,54,72,Night Owl,70,39,56,Casual Poster,Achievers,Center,0.47,FALSE,FALSE,FALSE,FALSE,TRUE,TRUE
U1396,27,53,34,59,61,Flexible,72,80,37,Lurker,Changemakers,Center-Right,0.89,FALSE,TRUE,FALSE,FALSE,FALSE,TRUE
U1397,57,42,68,43,62,Night Owl,71,63,69,Active Poster,Trendsetters,Center-Left,0.59,FALSE,TRUE,FALSE,FALSE,TRUE,FALSE
U1398,44,61,33,23,70,Flexible,67,53,34,Lurker,Achievers,Center,0.48,FALSE,TRUE,FALSE,TRUE,FALSE,TRUE
U1399,44,25,40,13,21,Flexible,72,40,33,Lurker,Experience Seekers,Left,0.68,FALSE,TRUE,FALSE,TRUE,FALSE,TRUE
U1400,55,66,29,9,39,Night Owl,95,65,41,Casual Poster,Experience Seekers,Center-Left,0.51,FALSE,FALSE,FALSE,TRUE,FALSE,FALSE
U1401,37,40,66,52,12,Early Bird,78,96,52,Casual Poster,Changemakers,Right,0.88,FALSE,FALSE,FALSE,FALSE,FALSE,FALSE
U1402,34,37,32,69,18,Flexible,89,54,26,Lurker,Experience Seekers,Not inferred,0.0,FALSE,FALSE,FALSE,FALSE,FALSE,TRUE
U1403,54,47,66,94,32,Early Bird,88,45,71,Creator,Belongers,Center-Left,0.93,FALSE,FALSE,FALSE,FALSE,FALSE,FALSE
U1404,37,40,28,32,24,Night Owl,55,42,27,Lurker,Experience Seekers,Center,0.83,FALSE,FALSE,FALSE,FALSE,FALSE,FALSE
U1405,54,45,38,14,80,Night Owl,48,34,39,Casual Poster,Experience Seekers,Center,0.49,FALSE,TRUE,FALSE,FALSE,FALSE,FALSE
U1406,46,67,70,25,52,Flexible,78,39,53,Casual Poster,Belongers,Center,0.78,FALSE,FALSE,FALSE,TRUE,FALSE,FALSE
U1407,42,39,40,73,63,Night Owl,67,72,35,Lurker,Experience Seekers,Center-Left,0.8,TRUE,FALSE,FALSE,FALSE,FALSE,TRUE
U1408,39,50,21,54,30,Flexible,74,36,32,Casual Poster,Changemakers,Left,0.77,FALSE,TRUE,FALSE,FALSE,FALSE,FALSE
U1409,39,52,65,31,28,Early Bird,80,57,50,Lurker,Belongers,Center,0.84,FALSE,FALSE,TRUE,FALSE,FALSE,FALSE
U1410,37,54,26,83,62,Flexible,91,4,31,Lurker,Changemakers,Center-Right,0.8,FALSE,TRUE,FALSE,FALSE,FALSE,FALSE
U1411,54,46,60,42,38,Flexible,78,62,52,Casual Poster,Changemakers,Left,0.38,FALSE,FALSE,FALSE,FALSE,TRUE,TRUE
U1412,25,51,76,70,37,Night Owl,59,25,71,Active Poster,Belongers,Center,0.6,FALSE,FALSE,FALSE,FALSE,FALSE,FALSE
U1413,45,62,60,22,46,Early Bird,57,21,60,Casual Poster,Belongers,Center-Left,0.79,TRUE,FALSE,FALSE,TRUE,FALSE,FALSE
U1414,43,51,42,82,31,Flexible,74,51,43,Casual Poster,Experience Seekers,Left,0.9,FALSE,FALSE,FALSE,TRUE,FALSE,TRUE
U1415,60,42,64,41,53,Flexible,71,17,57,Active Poster,Changemakers,Left,0.7,TRUE,TRUE,FALSE,FALSE,FALSE,FALSE
U1416,44,37,64,73,72,Night Owl,58,75,51,Casual Poster,Belongers,Not inferred,0.0,TRUE,FALSE,TRUE,TRUE,FALSE,FALSE
U1417,57,59,60,21,74,Night Owl,67,50,57,Active Poster,Trendsetters,Center-Left,0.89,FALSE,TRUE,FALSE,TRUE,FALSE,FALSE
U1418,49,36,78,30,79,Night Owl,89,18,67,Active Poster,Belongers,Left,0.56,FALSE,FALSE,FALSE,FALSE,FALSE,FALSE
U1419,53,52,57,31,55,Night Owl,67,40,48,Casual Poster,Changemakers,Center,0.87,FALSE,FALSE,FALSE,FALSE,TRUE,TRUE
U1420,55,60,45,43,13,Early Bird,100,56,50,Casual Poster,Trendsetters,Left,0.45,TRUE,FALSE,FALSE,FALSE,FALSE,FALSE
U1421,50,66,68,25,54,Night Owl,67,39,62,Casual Poster,Belongers,Left,0.43,FALSE,TRUE,FALSE,FALSE,FALSE,FALSE
U1422,64,41,53,34,54,Flexible,68,19,57,Casual Poster,Belongers,Left,0.38,FALSE,FALSE,FALSE,TRUE,FALSE,FALSE
U1423,44,71,78,12,21,Early Bird,91,22,68,Active Poster,Belongers,Center-Left,0.57,FALSE,TRUE,FALSE,TRUE,FALSE,FALSE
U1424,59,58,35,70,48,Flexible,73,75,45,Lurker,Trendsetters,Center,0.75,FALSE,TRUE,TRUE,TRUE,FALSE,FALSE
U1425,48,47,45,54,49,Flexible,81,47,53,Casual Poster,Changemakers,Not inferred,0.0,FALSE,TRUE,TRUE,FALSE,FALSE,FALSE
U1426,45,34,35,41,17,Flexible,69,63,40,Lurker,Changemakers,Right,0.59,TRUE,FALSE,FALSE,TRUE,FALSE,FALSE
U1427,35,65,35,39,31,Flexible,81,24,38,Lurker,Experience Seekers,Left,0.37,FALSE,FALSE,FALSE,TRUE,TRUE,FALSE
U1428,48,55,31,58,78,Night Owl,89,62,24,Lurker,Achievers,Center,0.86,FALSE,FALSE,TRUE,FALSE,TRUE,FALSE
U1429,36,55,46,60,35,Night Owl,60,65,58,Active Poster,Achievers,Center,0.87,FALSE,FALSE,FALSE,TRUE,FALSE,TRUE
U1430,46,50,54,32,73,Night Owl,51,43,53,Casual Poster,Belongers,Center-Left,0.44,FALSE,FALSE,FALSE,FALSE,FALSE,FALSE
U1431,21,73,33,38,11,Early Bird,62,75,34,Lurker,Achievers,Left,0.36,TRUE,TRUE,FALSE,FALSE,FALSE,FALSE
U1432,59,50,30,79,38,Flexible,73,42,35,Lurker,Experience Seekers,Center-Left,0.87,FALSE,FALSE,TRUE,TRUE,TRUE,FALSE
U1433,39,35,59,55,73,Night Owl,80,63,50,Casual Poster,Achievers,Center-Right,0.64,FALSE,FALSE,FALSE,FALSE,TRUE,FALSE
U1434,62,38,45,67,14,Flexible,67,26,36,Lurker,Experience Seekers,Left,0.46,FALSE,TRUE,FALSE,FALSE,FALSE,FALSE
U1435,29,40,64,75,32,Flexible,78,39,61,Active Poster,Belongers,Right,0.91,FALSE,FALSE,FALSE,FALSE,FALSE,FALSE
U1436,50,45,30,67,41,Flexible,57,46,33,Lurker,Belongers,Center-Left,0.39,FALSE,FALSE,FALSE,FALSE,FALSE,FALSE
U1437,37,30,75,24,37,Night Owl,82,29,56,Casual Poster,Belongers,Center-Right,0.81,FALSE,FALSE,FALSE,TRUE,FALSE,FALSE
U1438,28,47,33,58,28,Night Owl,54,74,49,Casual Poster,Achievers,Left,0.36,FALSE,FALSE,TRUE,TRUE,FALSE,FALSE
U1439,49,36,82,11,48,Flexible,81,6,66,Active Poster,Trendsetters,Left,0.67,FALSE,FALSE,FALSE,FALSE,TRUE,FALSE
U1440,84,47,72,48,56,Night Owl,75,20,49,Lurker,Changemakers,Center-Left,0.44,FALSE,TRUE,FALSE,FALSE,FALSE,TRUE
U1441,43,57,16,17,60,Flexible,75,64,28,Lurker,Achievers,Center,0.84,TRUE,TRUE,FALSE,FALSE,TRUE,TRUE
U1442,27,37,43,22,31,Flexible,78,33,52,Casual Poster,Experience Seekers,Center,0.36,TRUE,TRUE,FALSE,FALSE,FALSE,FALSE
U1443,48,38,64,82,28,Night Owl,71,18,55,Casual Poster,Experience Seekers,Right,0.46,FALSE,FALSE,FALSE,FALSE,FALSE,TRUE
U1444,39,42,38,26,29,Flexible,60,75,52,Casual Poster,Pragmatists,Center-Left,0.78,TRUE,TRUE,TRUE,FALSE,TRUE,FALSE
U1445,56,55,56,42,31,Night Owl,59,38,55,Casual Poster,Achievers,Left,0.71,FALSE,FALSE,FALSE,FALSE,FALSE,FALSE
U1446,37,48,21,20,67,Flexible,64,36,23,Lurker,Trendsetters,Center-Left,0.89,FALSE,FALSE,FALSE,TRUE,FALSE,FALSE
U1447,49,52,24,67,50,Flexible,70,20,35,Lurker,Experience Seekers,Left,0.93,FALSE,FALSE,FALSE,TRUE,TRUE,FALSE
U1448,41,73,68,53,34,Early Bird,78,56,56,Active Poster,Achievers,Center,0.4,FALSE,TRUE,FALSE,FALSE,FALSE,FALSE
U1449,56,32,39,65,71,Night Owl,83,59,50,Casual Poster,Trendsetters,Center,0.52,FALSE,FALSE,FALSE,FALSE,FALSE,FALSE
U1450,67,59,33,21,55,Flexible,82,46,46,Casual Poster,Trendsetters,Not inferred,0.0,FALSE,FALSE,FALSE,TRUE,FALSE,FALSE
U1451,70,52,71,61,23,Flexible,92,38,58,Casual Poster,Experience Seekers,Center-Right,0.55,FALSE,FALSE,TRUE,FALSE,FALSE,FALSE
U1452,48,65,14,38,51,Early Bird,86,33,17,Lurker,Experience Seekers,Left,0.79,TRUE,FALSE,FALSE,FALSE,FALSE,FALSE
U1453,45,45,59,33,33,Early Bird,96,51,53,Casual Poster,Belongers,Center-Right,0.4,FALSE,TRUE,FALSE,FALSE,FALSE,FALSE
U1454,53,33,28,48,62,Night Owl,74,38,28,Lurker,Trendsetters,Center-Left,0.4,FALSE,FALSE,FALSE,TRUE,FALSE,TRUE
U1455,21,45,51,46,18,Flexible,85,65,61,Active Poster,Experience Seekers,Center-Right,0.74,TRUE,FALSE,FALSE,FALSE,TRUE,FALSE
U1456,63,52,56,60,46,Night Owl,62,74,51,Casual Poster,Experience Seekers,Center,0.73,FALSE,FALSE,TRUE,TRUE,FALSE,FALSE
U1457,48,53,56,71,35,Early Bird,84,39,62,Casual Poster,Trendsetters,Left,0.5,TRUE,FALSE,FALSE,FALSE,FALSE,FALSE
U1458,23,17,44,36,16,Flexible,76,31,42,Casual Poster,Experience Seekers,Left,0.7,FALSE,TRUE,FALSE,TRUE,FALSE,TRUE
U1459,55,26,46,57,68,Night Owl,42,42,52,Casual Poster,Belongers,Center,0.66,FALSE,FALSE,FALSE,FALSE,TRUE,FALSE
U1460,57,46,73,73,27,Early Bird,75,52,61,Casual Poster,Belongers,Left,0.52,FALSE,TRUE,FALSE,TRUE,TRUE,FALSE
U1461,59,31,42,18,48,Flexible,88,72,34,Lurker,Experience Seekers,Not inferred,0.0,FALSE,TRUE,TRUE,FALSE,FALSE,TRUE
U1462,55,40,54,47,15,Flexible,72,38,48,Casual Poster,Pragmatists,Center,0.56,TRUE,TRUE,FALSE,FALSE,TRUE,TRUE
U1463,39,49,42,74,12,Early Bird,70,85,42,Lurker,Trendsetters,Left,0.37,FALSE,FALSE,FALSE,FALSE,TRUE,FALSE
U1464,43,35,89,68,65,Flexible,89,33,73,Creator,Belongers,Left,0.4,FALSE,FALSE,FALSE,FALSE,FALSE,FALSE
U1465,52,74,60,71,29,Flexible,100,45,61,Active Poster,Achievers,Center,0.86,FALSE,TRUE,FALSE,FALSE,FALSE,TRUE
U1466,45,58,69,43,62,Night Owl,82,51,75,Creator,Trendsetters,Left,0.8,FALSE,FALSE,FALSE,FALSE,FALSE,FALSE
U1467,74,35,84,80,74,Night Owl,60,17,62,Casual Poster,Belongers,Center,0.52,FALSE,FALSE,FALSE,FALSE,FALSE,FALSE
U1468,38,45,41,56,66,Flexible,76,41,50,Casual Poster,Experience Seekers,Center-Left,0.36,FALSE,FALSE,TRUE,FALSE,FALSE,FALSE
U1469,52,50,43,24,55,Night Owl,78,74,50,Casual Poster,Pragmatists,Center-Left,0.57,FALSE,FALSE,TRUE,FALSE,FALSE,FALSE
U1470,43,41,61,33,32,Night Owl,94,28,61,Casual Poster,Changemakers,Left,0.87,TRUE,FALSE,FALSE,FALSE,FALSE,FALSE
U1471,39,52,20,30,64,Flexible,62,48,23,Lurker,Trendsetters,Center-Left,0.7,FALSE,FALSE,TRUE,TRUE,FALSE,FALSE
U1472,42,51,61,71,61,Early Bird,65,47,53,Lurker,Experience Seekers,Not inferred,0.0,FALSE,FALSE,FALSE,FALSE,TRUE,FALSE
U1473,45,43,61,86,60,Night Owl,100,36,50,Casual Poster,Belongers,Right,0.68,FALSE,FALSE,TRUE,FALSE,FALSE,FALSE
U1474,50,41,63,71,28,Flexible,80,69,52,Casual Poster,Belongers,Right,0.82,FALSE,FALSE,FALSE,TRUE,FALSE,TRUE
U1475,52,39,38,91,50,Night Owl,93,39,51,Casual Poster,Experience Seekers,Left,0.67,FALSE,FALSE,TRUE,FALSE,FALSE,FALSE
U1476,35,55,68,27,23,Night Owl,92,8,63,Active Poster,Trendsetters,Center-Right,0.61,TRUE,FALSE,FALSE,FALSE,FALSE,FALSE
U1477,47,49,72,79,78,Night Owl,84,67,71,Active Poster,Belongers,Center,0.72,FALSE,FALSE,FALSE,FALSE,FALSE,TRUE
U1478,34,52,80,40,40,Flexible,82,58,63,Active Poster,Belongers,Not inferred,0.0,FALSE,FALSE,FALSE,FALSE,FALSE,FALSE
U1479,46,45,51,24,32,Flexible,77,53,59,Active Poster,Experience Seekers,Left,0.92,FALSE,FALSE,FALSE,FALSE,FALSE,FALSE
U1480,50,42,31,69,69,Night Owl,65,76,36,Lurker,Experience Seekers,Left,0.43,FALSE,TRUE,FALSE,TRUE,FALSE,FALSE
U1481,58,54,48,10,23,Flexible,84,24,40,Lurker,Changemakers,Center-Left,0.55,TRUE,FALSE,FALSE,FALSE,TRUE,FALSE
U1482,36,59,57,38,57,Night Owl,80,38,49,Casual Poster,Belongers,Center,0.81,FALSE,TRUE,FALSE,FALSE,TRUE,FALSE
U1483,48,52,36,73,33,Flexible,52,66,51,Casual Poster,Changemakers,Left,0.85,TRUE,TRUE,TRUE,FALSE,FALSE,FALSE
U1484,59,54,53,21,35,Night Owl,81,43,40,Lurker,Experience Seekers,Center-Left,0.45,TRUE,TRUE,TRUE,FALSE,FALSE,FALSE
U1485,28,51,76,20,26,Early Bird,63,56,60,Casual Poster,Belongers,Center-Right,0.87,FALSE,FALSE,FALSE,TRUE,FALSE,FALSE
U1486,40,33,44,62,44,Flexible,81,45,38,Lurker,Changemakers,Left,0.93,FALSE,FALSE,TRUE,FALSE,FALSE,FALSE
U1487,55,72,64,68,46,Early Bird,82,18,63,Casual Poster,Achievers,Center-Left,0.6,FALSE,TRUE,TRUE,FALSE,FALSE,TRUE
U1488,63,30,37,12,33,Night Owl,89,42,29,Lurker,Experience Seekers,Right,0.93,FALSE,FALSE,FALSE,TRUE,FALSE,FALSE
U1489,37,49,32,61,55,Flexible,73,68,56,Active Poster,Changemakers,Not inferred,0.0,FALSE,FALSE,FALSE,TRUE,FALSE,TRUE
U1490,51,33,68,29,39,Flexible,80,71,58,Casual Poster,Experience Seekers,Center-Left,0.61,FALSE,FALSE,FALSE,FALSE,TRUE,TRUE
U1491,51,39,35,17,24,Night Owl,82,37,32,Lurker,Experience Seekers,Center,0.5,TRUE,TRUE,FALSE,TRUE,FALSE,FALSE
U1492,45,51,37,35,52,Flexible,84,38,41,Lurker,Experience Seekers,Left,0.92,FALSE,FALSE,FALSE,FALSE,FALSE,TRUE
U1493,56,66,59,63,32,Early Bird,92,37,53,Casual Poster,Experience Seekers,Center,0.95,FALSE,FALSE,TRUE,FALSE,FALSE,TRUE
U1494,46,42,59,83,57,Night Owl,89,61,50,Lurker,Belongers,Center-Right,0.55,FALSE,FALSE,TRUE,FALSE,TRUE,FALSE
U1495,44,57,74,34,49,Flexible,73,11,56,Casual Poster,Belongers,Center-Right,0.56,FALSE,FALSE,FALSE,TRUE,TRUE,FALSE
U1496,52,52,66,61,53,Night Owl,100,45,75,Creator,Belongers,Center-Left,0.54,TRUE,FALSE,FALSE,TRUE,FALSE,TRUE
U1497,48,56,60,17,35,Flexible,66,65,73,Creator,Achievers,Center,0.69,FALSE,FALSE,FALSE,FALSE,TRUE,FALSE
U1498,46,31,49,43,55,Flexible,86,44,48,Casual Poster,Experience Seekers,Right,0.85,TRUE,TRUE,FALSE,FALSE,FALSE,FALSE
U1499,59,45,46,61,59,Flexible,68,44,42,Lurker,Changemakers,Right,0.56,TRUE,FALSE,TRUE,FALSE,FALSE,FALSE
U1500,34,45,56,6,38,Flexible,72,29,51,Casual Poster,Experience Seekers,Left,0.41,FALSE,FALSE,FALSE,TRUE,FALSE,FALSE
U1501,61,50,51,35,60,Flexible,81,43,33,Lurker,Changemakers,Center-Left,0.54,FALSE,FALSE,FALSE,FALSE,FALSE,FALSE
U1502,59,30,83,34,29,Flexible,95,41,66,Active Poster,Belongers,Not inferred,0.0,FALSE,FALSE,FALSE,FALSE,TRUE,FALSE
U1503,32,54,40,54,56,Night Owl,69,63,38,Lurker,Achievers,Left,0.62,FALSE,TRUE,FALSE,FALSE,FALSE,FALSE
U1504,44,47,18,44,49,Flexible,75,67,28,Lurker,Pragmatists,Center,0.38,FALSE,TRUE,FALSE,TRUE,TRUE,FALSE
U1505,57,50,30,63,64,Flexible,100,31,32,Lurker,Pragmatists,Center,0.71,TRUE,FALSE,FALSE,FALSE,FALSE,FALSE
U1506,51,43,58,48,37,Night Owl,96,66,56,Active Poster,Trendsetters,Left,0.47,FALSE,FALSE,TRUE,TRUE,FALSE,FALSE
U1507,41,51,45,82,16,Flexible,91,50,42,Casual Poster,Experience Seekers,Center-Right,0.8,FALSE,TRUE,TRUE,FALSE,TRUE,FALSE
U1508,33,29,46,64,63,Flexible,86,43,46,Casual Poster,Experience Seekers,Center-Left,0.6,FALSE,FALSE,FALSE,FALSE,TRUE,FALSE
U1509,45,33,67,78,49,Night Owl,48,61,55,Casual Poster,Changemakers,Center-Right,0.87,FALSE,FALSE,FALSE,FALSE,FALSE,FALSE
U1510,67,36,51,28,51,Flexible,100,18,53,Casual Poster,Experience Seekers,Left,0.88,TRUE,TRUE,FALSE,TRUE,TRUE,FALSE
U1511,61,48,45,29,65,Flexible,87,57,44,Casual Poster,Trendsetters,Center-Left,0.91,FALSE,FALSE,FALSE,FALSE,TRUE,FALSE
U1512,45,53,35,37,57,Flexible,78,86,32,Lurker,Achievers,Center-Right,0.9,TRUE,FALSE,TRUE,TRUE,FALSE,FALSE
U1513,30,19,42,16,72,Night Owl,69,45,47,Casual Poster,Pragmatists,Center-Left,0.47,FALSE,FALSE,FALSE,FALSE,FALSE,TRUE
U1514,52,33,60,38,48,Night Owl,84,85,42,Lurker,Pragmatists,Right,0.55,TRUE,TRUE,TRUE,FALSE,FALSE,FALSE
U1515,60,43,11,63,14,Flexible,93,34,30,Lurker,Trendsetters,Center-Left,0.94,FALSE,FALSE,FALSE,TRUE,FALSE,TRUE
U1516,35,45,36,94,13,Flexible,73,33,39,Lurker,Trendsetters,Center-Right,0.51,FALSE,FALSE,TRUE,TRUE,FALSE,FALSE
U1517,29,40,54,39,71,Night Owl,88,50,55,Casual Poster,Belongers,Center-Left,0.6,FALSE,TRUE,TRUE,TRUE,FALSE,FALSE
U1518,50,55,60,48,26,Flexible,64,50,42,Lurker,Experience Seekers,Center-Right,0.46,TRUE,FALSE,FALSE,FALSE,TRUE,FALSE
U1519,19,45,48,34,52,Flexible,100,53,47,Casual Poster,Belongers,Left,0.36,FALSE,FALSE,FALSE,TRUE,FALSE,FALSE
U1520,44,71,56,8,20,Early Bird,88,64,50,Casual Poster,Achievers,Center-Right,0.62,TRUE,FALSE,TRUE,FALSE,TRUE,TRUE
U1521,71,69,21,18,21,Night Owl,76,73,39,Lurker,Changemakers,Center-Left,0.78,FALSE,TRUE,TRUE,FALSE,FALSE,FALSE
U1522,51,67,52,18,64,Night Owl,76,72,46,Casual Poster,Achievers,Not inferred,0.0,TRUE,FALSE,TRUE,TRUE,FALSE,FALSE
U1523,64,45,51,20,48,Flexible,81,53,61,Active Poster,Trendsetters,Not inferred,0.0,TRUE,FALSE,TRUE,FALSE,FALSE,FALSE
U1524,23,32,44,72,74,Night Owl,66,49,34,Lurker,Experience Seekers,Not inferred,0.0,FALSE,FALSE,TRUE,TRUE,FALSE,FALSE
U1525,32,65,39,54,28,Flexible,68,65,35,Lurker,Changemakers,Center-Left,0.41,FALSE,FALSE,TRUE,FALSE,FALSE,FALSE
U1526,29,57,41,24,37,Early Bird,77,34,50,Casual Poster,Experience Seekers,Center,0.59,FALSE,FALSE,FALSE,FALSE,FALSE,FALSE
U1527,53,38,73,12,78,Night Owl,72,36,72,Active Poster,Trendsetters,Left,0.41,TRUE,FALSE,FALSE,FALSE,FALSE,FALSE
U1528,52,44,71,50,61,Night Owl,53,48,61,Casual Poster,Belongers,Left,0.94,FALSE,FALSE,FALSE,TRUE,FALSE,TRUE
U1529,37,49,59,57,69,Flexible,71,43,54,Active Poster,Trendsetters,Right,0.44,FALSE,TRUE,FALSE,FALSE,FALSE,FALSE
U1530,32,21,55,36,77,Night Owl,88,70,54,Casual Poster,Changemakers,Center-Right,0.55,FALSE,FALSE,FALSE,TRUE,FALSE,FALSE
U1531,46,35,39,82,26,Early Bird,80,55,39,Lurker,Experience Seekers,Right,0.5,FALSE,FALSE,TRUE,FALSE,TRUE,FALSE
U1532,43,39,37,54,38,Early Bird,89,69,38,Lurker,Belongers,Left,0.38,FALSE,FALSE,FALSE,FALSE,FALSE,TRUE
U1533,42,53,55,43,57,Flexible,56,53,41,Lurker,Achievers,Center-Left,0.62,FALSE,FALSE,TRUE,TRUE,FALSE,FALSE
U1534,70,62,33,57,57,Flexible,74,55,52,Active Poster,Experience Seekers,Center-Left,0.88,FALSE,FALSE,TRUE,FALSE,FALSE,FALSE
U1535,36,58,46,22,17,Early Bird,71,66,51,Casual Poster,Pragmatists,Left,0.9,FALSE,FALSE,FALSE,FALSE,FALSE,FALSE
U1536,60,57,39,28,25,Flexible,66,33,58,Active Poster,Experience Seekers,Center-Right,0.38,FALSE,TRUE,FALSE,TRUE,FALSE,FALSE
U1537,49,25,68,32,66,Night Owl,86,14,60,Casual Poster,Belongers,Center-Right,0.39,FALSE,FALSE,TRUE,FALSE,FALSE,FALSE
U1538,51,48,45,39,65,Night Owl,79,37,42,Lurker,Changemakers,Left,0.61,TRUE,TRUE,FALSE,FALSE,FALSE,FALSE
U1539,60,54,53,73,44,Night Owl,87,43,47,Casual Poster,Experience Seekers,Center-Left,0.75,FALSE,FALSE,FALSE,FALSE,TRUE,FALSE
U1540,35,66,50,53,56,Flexible,69,21,46,Lurker,Belongers,Center,0.62,TRUE,FALSE,TRUE,FALSE,FALSE,FALSE
U1541,55,54,59,23,47,Night Owl,69,79,54,Active Poster,Changemakers,Center-Left,0.65,FALSE,FALSE,FALSE,FALSE,FALSE,TRUE
U1542,47,34,54,71,40,Flexible,84,31,52,Casual Poster,Belongers,Center,0.52,TRUE,TRUE,TRUE,FALSE,FALSE,FALSE
U1543,47,38,43,46,30,Flexible,72,46,51,Active Poster,Belongers,Left,0.77,FALSE,FALSE,TRUE,TRUE,FALSE,FALSE
U1544,50,79,59,91,63,Flexible,79,36,54,Casual Poster,Achievers,Center,0.64,FALSE,FALSE,FALSE,FALSE,TRUE,TRUE
U1545,52,26,55,68,45,Night Owl,83,19,64,Active Poster,Experience Seekers,Not inferred,0.0,FALSE,TRUE,TRUE,FALSE,FALSE,FALSE
U1546,49,39,56,82,74,Night Owl,60,44,68,Active Poster,Trendsetters,Not inferred,0.0,FALSE,TRUE,TRUE,FALSE,FALSE,FALSE
U1547,35,67,47,12,63,Night Owl,74,31,55,Casual Poster,Achievers,Center-Left,0.82,FALSE,FALSE,FALSE,FALSE,FALSE,FALSE
U1548,55,53,45,43,53,Flexible,67,53,53,Casual Poster,Trendsetters,Center-Left,0.64,TRUE,FALSE,FALSE,TRUE,FALSE,FALSE
U1549,56,38,34,29,39,Night Owl,46,61,37,Lurker,Experience Seekers,Left,0.46,FALSE,TRUE,FALSE,FALSE,FALSE,FALSE
U1550,36,46,55,51,37,Night Owl,93,60,41,Lurker,Pragmatists,Right,0.91,FALSE,TRUE,TRUE,FALSE,FALSE,FALSE
U1551,46,49,54,47,72,Flexible,74,33,51,Lurker,Belongers,Center-Right,0.94,FALSE,TRUE,TRUE,TRUE,FALSE,TRUE
U1552,59,68,37,55,37,Flexible,84,61,33,Lurker,Changemakers,Center,0.49,FALSE,FALSE,TRUE,FALSE,FALSE,FALSE
U1553,34,58,60,71,13,Flexible,68,19,75,Creator,Trendsetters,Center-Right,0.9,FALSE,FALSE,FALSE,FALSE,FALSE,FALSE
U1554,52,47,72,66,31,Night Owl,76,27,63,Casual Poster,Belongers,Center-Right,0.64,FALSE,TRUE,FALSE,FALSE,FALSE,FALSE
U1555,48,52,62,47,36,Night Owl,69,64,57,Active Poster,Changemakers,Left,0.46,FALSE,FALSE,FALSE,FALSE,FALSE,TRUE
U1556,34,39,38,55,28,Flexible,54,41,44,Casual Poster,Experience Seekers,Center-Left,0.87,TRUE,FALSE,TRUE,FALSE,FALSE,FALSE
U1557,58,44,68,7,60,Flexible,81,40,56,Casual Poster,Trendsetters,Left,0.51,TRUE,FALSE,TRUE,TRUE,FALSE,FALSE
U1558,59,37,70,16,71,Night Owl,80,60,56,Casual Poster,Belongers,Center-Left,0.43,FALSE,FALSE,FALSE,FALSE,FALSE,FALSE
U1559,22,42,61,66,16,Flexible,93,31,59,Casual Poster,Pragmatists,Center-Left,0.47,FALSE,FALSE,TRUE,FALSE,TRUE,FALSE
U1560,50,50,67,46,22,Night Owl,71,38,55,Casual Poster,Belongers,Not inferred,0.0,FALSE,FALSE,FALSE,FALSE,FALSE,FALSE
U1561,41,55,73,23,18,Flexible,96,38,55,Casual Poster,Belongers,Left,0.87,TRUE,FALSE,FALSE,FALSE,TRUE,FALSE
U1562,67,54,58,34,20,Flexible,81,39,50,Casual Poster,Experience Seekers,Center-Right,0.45,FALSE,FALSE,FALSE,FALSE,TRUE,TRUE
U1563,60,47,44,26,39,Flexible,100,62,36,Lurker,Changemakers,Left,0.87,FALSE,FALSE,FALSE,FALSE,FALSE,FALSE
U1564,50,62,29,13,47,Night Owl,71,17,32,Lurker,Experience Seekers,Center-Right,0.51,FALSE,FALSE,TRUE,TRUE,FALSE,FALSE
U1565,54,54,32,56,49,Flexible,100,46,31,Lurker,Experience Seekers,Center,0.8,FALSE,TRUE,FALSE,TRUE,FALSE,TRUE
U1566,49,37,41,26,39,Night Owl,73,68,36,Lurker,Pragmatists,Center-Left,0.6,FALSE,TRUE,FALSE,FALSE,FALSE,FALSE
U1567,43,56,58,49,70,Night Owl,66,33,54,Lurker,Experience Seekers,Left,0.94,TRUE,FALSE,FALSE,TRUE,FALSE,TRUE
U1568,59,46,68,73,44,Night Owl,80,36,50,Casual Poster,Experience Seekers,Center,0.77,FALSE,TRUE,TRUE,FALSE,FALSE,FALSE
U1569,39,65,57,55,62,Flexible,92,71,50,Lurker,Belongers,Center,0.46,FALSE,FALSE,FALSE,FALSE,FALSE,TRUE
U1570,49,28,56,47,74,Night Owl,76,31,54,Casual Poster,Belongers,Right,0.71,FALSE,FALSE,FALSE,TRUE,FALSE,FALSE
U1571,43,42,51,59,62,Flexible,70,25,35,Lurker,Experience Seekers,Right,0.72,FALSE,FALSE,FALSE,FALSE,TRUE,FALSE
U1572,60,57,43,36,19,Early Bird,74,56,44,Casual Poster,Achievers,Left,0.83,FALSE,FALSE,FALSE,FALSE,FALSE,TRUE
U1573,55,58,54,60,25,Early Bird,98,57,50,Casual Poster,Pragmatists,Center-Left,0.43,FALSE,TRUE,FALSE,FALSE,FALSE,FALSE
U1574,59,60,68,37,68,Flexible,61,59,53,Casual Poster,Experience Seekers,Left,0.8,TRUE,FALSE,TRUE,TRUE,FALSE,FALSE
U1575,37,46,69,19,37,Early Bird,100,54,54,Casual Poster,Experience Seekers,Center-Left,0.56,FALSE,FALSE,FALSE,FALSE,FALSE,FALSE
U1576,42,17,42,73,62,Night Owl,90,36,41,Lurker,Belongers,Center-Left,0.71,FALSE,FALSE,TRUE,FALSE,FALSE,FALSE
U1577,63,44,16,50,57,Flexible,74,52,35,Casual Poster,Changemakers,Left,0.55,FALSE,FALSE,TRUE,FALSE,FALSE,FALSE
U1578,58,26,62,68,63,Flexible,100,57,47,Casual Poster,Changemakers,Right,0.48,FALSE,TRUE,FALSE,TRUE,FALSE,FALSE
U1579,55,57,76,43,31,Night Owl,45,36,64,Active Poster,Experience Seekers,Center-Left,0.75,FALSE,FALSE,TRUE,FALSE,FALSE,TRUE
U1580,56,49,71,73,33,Early Bird,89,79,61,Active Poster,Experience Seekers,Center,0.82,FALSE,TRUE,FALSE,TRUE,TRUE,TRUE
U1581,38,76,70,35,37,Early Bird,76,14,74,Creator,Achievers,Center-Left,0.79,FALSE,FALSE,TRUE,TRUE,TRUE,FALSE
U1582,50,23,29,11,29,Flexible,57,53,36,Lurker,Changemakers,Center-Left,0.84,FALSE,FALSE,TRUE,FALSE,FALSE,TRUE
U1583,29,46,51,68,33,Early Bird,84,69,38,Lurker,Pragmatists,Left,0.38,TRUE,FALSE,TRUE,FALSE,FALSE,FALSE
U1584,57,35,57,62,51,Night Owl,52,57,44,Lurker,Experience Seekers,Center,0.44,TRUE,FALSE,TRUE,TRUE,TRUE,FALSE
U1585,67,53,80,75,50,Night Owl,97,18,63,Casual Poster,Belongers,Right,0.42,TRUE,FALSE,TRUE,FALSE,FALSE,FALSE
U1586,71,40,41,51,52,Early Bird,92,48,38,Lurker,Experience Seekers,Center-Right,0.57,FALSE,FALSE,TRUE,FALSE,FALSE,TRUE
U1587,41,51,41,54,39,Early Bird,81,54,36,Lurker,Experience Seekers,Center-Right,0.37,TRUE,FALSE,FALSE,FALSE,FALSE,FALSE
U1588,57,28,40,54,39,Flexible,83,64,36,Lurker,Experience Seekers,Left,0.87,FALSE,FALSE,FALSE,FALSE,FALSE,FALSE
U1589,56,44,71,84,57,Night Owl,71,45,63,Casual Poster,Belongers,Not inferred,0.0,FALSE,FALSE,TRUE,FALSE,FALSE,FALSE
U1590,37,36,52,49,43,Night Owl,85,35,47,Casual Poster,Experience Seekers,Right,0.66,FALSE,FALSE,FALSE,FALSE,FALSE,FALSE
U1591,42,65,49,40,21,Flexible,53,39,48,Active Poster,Achievers,Center-Left,0.47,TRUE,TRUE,FALSE,FALSE,FALSE,FALSE
U1592,51,69,40,81,50,Flexible,83,63,45,Casual Poster,Belongers,Left,0.39,FALSE,FALSE,TRUE,FALSE,FALSE,FALSE
U1593,52,56,27,75,19,Flexible,68,62,35,Lurker,Achievers,Center-Right,0.79,FALSE,FALSE,FALSE,FALSE,FALSE,FALSE
U1594,30,39,53,27,55,Flexible,81,48,48,Casual Poster,Changemakers,Center-Left,0.6,FALSE,FALSE,TRUE,FALSE,TRUE,FALSE
U1595,42,40,46,72,24,Night Owl,70,40,61,Active Poster,Changemakers,Left,0.8,FALSE,TRUE,TRUE,FALSE,FALSE,FALSE
U1596,47,36,36,53,30,Flexible,84,67,50,Casual Poster,Experience Seekers,Center-Left,0.53,FALSE,TRUE,TRUE,FALSE,FALSE,FALSE
U1597,55,52,52,37,33,Night Owl,50,66,42,Lurker,Experience Seekers,Right,0.83,FALSE,FALSE,TRUE,FALSE,FALSE,FALSE
U1598,48,49,27,87,64,Flexible,91,60,26,Lurker,Experience Seekers,Center-Right,0.55,FALSE,FALSE,FALSE,FALSE,FALSE,FALSE
U1599,20,49,38,22,22,Flexible,95,49,43,Casual Poster,Achievers,Center-Left,0.9,TRUE,FALSE,TRUE,FALSE,FALSE,FALSE
U1600,43,51,56,79,45,Early Bird,90,56,47,Casual Poster,Belongers,Left,0.74,FALSE,TRUE,FALSE,FALSE,FALSE,FALSE
U1601,46,34,67,51,45,Night Owl,62,64,58,Casual Poster,Experience Seekers,Center,0.74,FALSE,FALSE,TRUE,FALSE,FALSE,FALSE
U1602,55,59,34,18,64,Night Owl,63,42,43,Lurker,Experience Seekers,Center,0.76,FALSE,TRUE,TRUE,TRUE,FALSE,FALSE
U1603,47,53,45,61,74,Night Owl,64,69,53,Casual Poster,Experience Seekers,Not inferred,0.0,FALSE,FALSE,FALSE,FALSE,FALSE,FALSE
U1604,23,51,55,49,31,Flexible,82,30,52,Casual Poster,Changemakers,Center,0.72,FALSE,FALSE,TRUE,FALSE,TRUE,FALSE
U1605,37,73,67,44,69,Flexible,74,51,55,Casual Poster,Achievers,Left,0.67,TRUE,TRUE,FALSE,FALSE,FALSE,FALSE
U1606,44,39,58,71,22,Night Owl,68,40,40,Lurker,Experience Seekers,Left,0.77,FALSE,FALSE,FALSE,FALSE,FALSE,FALSE
U1607,31,58,75,36,38,Flexible,68,35,75,Active Poster,Experience Seekers,Center-Right,0.56,FALSE,TRUE,FALSE,FALSE,FALSE,FALSE
U1608,45,24,54,27,24,Early Bird,74,36,42,Lurker,Experience Seekers,Not inferred,0.0,TRUE,FALSE,TRUE,FALSE,FALSE,FALSE
U1609,48,42,41,66,17,Flexible,91,29,39,Lurker,Belongers,Center-Right,0.49,FALSE,FALSE,TRUE,FALSE,FALSE,TRUE
U1610,45,51,50,20,56,Early Bird,67,58,50,Casual Poster,Trendsetters,Center-Left,0.36,FALSE,FALSE,FALSE,TRUE,FALSE,FALSE
U1611,59,66,41,35,37,Flexible,100,70,44,Lurker,Achievers,Left,0.67,FALSE,TRUE,FALSE,TRUE,FALSE,FALSE
U1612,48,38,82,40,72,Night Owl,72,25,75,Creator,Trendsetters,Center,0.75,TRUE,FALSE,TRUE,FALSE,TRUE,FALSE
U1613,76,52,55,23,74,Night Owl,92,50,51,Casual Poster,Experience Seekers,Center-Right,0.49,TRUE,FALSE,FALSE,FALSE,FALSE,FALSE
U1614,77,39,56,71,56,Night Owl,73,63,54,Casual Poster,Experience Seekers,Left,0.78,TRUE,FALSE,TRUE,FALSE,FALSE,FALSE
U1615,35,40,45,51,50,Flexible,74,44,37,Lurker,Pragmatists,Center,0.91,FALSE,FALSE,TRUE,FALSE,FALSE,FALSE
U1616,43,56,63,63,22,Early Bird,92,28,52,Casual Poster,Pragmatists,Center,0.85,FALSE,FALSE,TRUE,TRUE,FALSE,FALSE
U1617,46,29,60,81,46,Early Bird,95,48,45,Casual Poster,Pragmatists,Center-Right,0.93,TRUE,TRUE,TRUE,FALSE,FALSE,FALSE
U1618,38,41,49,66,62,Flexible,77,39,49,Casual Poster,Experience Seekers,Right,0.67,TRUE,FALSE,FALSE,FALSE,FALSE,TRUE
U1619,50,37,59,53,59,Night Owl,49,44,49,Casual Poster,Trendsetters,Center,0.65,TRUE,FALSE,TRUE,TRUE,FALSE,FALSE
U1620,54,44,26,49,68,Flexible,100,51,25,Lurker,Changemakers,Left,0.85,FALSE,FALSE,FALSE,FALSE,TRUE,FALSE
U1621,40,64,29,33,68,Night Owl,85,31,30,Lurker,Achievers,Center-Left,0.7,TRUE,TRUE,FALSE,FALSE,FALSE,FALSE
U1622,49,44,66,72,64,Flexible,67,40,62,Casual Poster,Changemakers,Right,0.38,FALSE,TRUE,FALSE,FALSE,FALSE,FALSE
U1623,55,29,39,25,50,Night Owl,75,50,40,Lurker,Trendsetters,Center-Right,0.67,FALSE,TRUE,FALSE,FALSE,FALSE,FALSE
U1624,51,45,39,22,48,Early Bird,73,53,52,Active Poster,Experience Seekers,Center,0.41,FALSE,FALSE,FALSE,FALSE,TRUE,FALSE
U1625,52,34,52,51,26,Night Owl,83,65,58,Active Poster,Belongers,Center-Left,0.64,FALSE,FALSE,FALSE,FALSE,FALSE,FALSE
U1626,39,32,30,43,65,Night Owl,76,24,34,Lurker,Experience Seekers,Right,0.6,FALSE,FALSE,TRUE,FALSE,TRUE,FALSE
U1627,50,39,35,24,53,Flexible,90,57,33,Lurker,Trendsetters,Center-Right,0.57,FALSE,FALSE,FALSE,TRUE,TRUE,FALSE
U1628,45,57,31,85,49,Early Bird,82,42,42,Casual Poster,Achievers,Center,0.56,FALSE,TRUE,FALSE,TRUE,FALSE,FALSE
U1629,53,63,58,80,33,Flexible,78,28,52,Lurker,Experience Seekers,Not inferred,0.0,TRUE,FALSE,TRUE,FALSE,FALSE,FALSE
U1630,39,42,42,32,46,Night Owl,55,20,40,Casual Poster,Experience Seekers,Center,0.59,TRUE,FALSE,FALSE,TRUE,FALSE,FALSE
U1631,62,30,61,49,45,Flexible,100,65,48,Casual Poster,Trendsetters,Center,0.9,FALSE,TRUE,FALSE,FALSE,TRUE,FALSE
U1632,38,48,57,53,40,Flexible,74,55,59,Active Poster,Trendsetters,Left,0.75,FALSE,FALSE,TRUE,TRUE,FALSE,FALSE
U1633,23,43,50,33,14,Flexible,66,59,41,Lurker,Changemakers,Center-Left,0.53,FALSE,FALSE,FALSE,FALSE,FALSE,FALSE
U1634,48,53,55,49,32,Flexible,60,39,47,Casual Poster,Experience Seekers,Center-Left,0.81,FALSE,FALSE,TRUE,FALSE,FALSE,FALSE
U1635,64,51,49,32,66,Flexible,65,30,49,Casual Poster,Experience Seekers,Center,0.38,TRUE,FALSE,FALSE,FALSE,FALSE,FALSE
U1636,67,23,59,71,25,Flexible,81,51,43,Lurker,Changemakers,Not inferred,0.0,FALSE,TRUE,FALSE,TRUE,FALSE,FALSE
U1637,54,56,34,22,77,Night Owl,76,42,40,Casual Poster,Pragmatists,Left,0.6,FALSE,FALSE,FALSE,FALSE,FALSE,FALSE
U1638,55,41,40,22,72,Night Owl,54,57,36,Lurker,Experience Seekers,Center,0.46,FALSE,TRUE,FALSE,FALSE,FALSE,FALSE
U1639,75,27,34,84,57,Night Owl,63,57,36,Lurker,Experience Seekers,Left,0.87,TRUE,FALSE,TRUE,TRUE,FALSE,TRUE
U1640,40,62,53,8,33,Early Bird,78,68,40,Lurker,Trendsetters,Not inferred,0.0,FALSE,FALSE,FALSE,FALSE,FALSE,FALSE
U1641,60,46,23,37,79,Night Owl,73,59,28,Lurker,Experience Seekers,Center,0.87,FALSE,FALSE,FALSE,TRUE,FALSE,FALSE
U1642,51,50,58,68,43,Early Bird,100,37,48,Casual Poster,Belongers,Right,0.48,FALSE,FALSE,FALSE,TRUE,FALSE,FALSE
U1643,52,40,33,47,50,Flexible,92,63,40,Lurker,Changemakers,Left,0.9,FALSE,FALSE,FALSE,TRUE,FALSE,FALSE
U1644,51,57,9,21,25,Flexible,79,35,18,Lurker,Changemakers,Left,0.38,FALSE,TRUE,FALSE,FALSE,FALSE,FALSE
U1645,35,47,40,50,55,Night Owl,63,68,46,Casual Poster,Experience Seekers,Center,0.7,FALSE,TRUE,TRUE,FALSE,FALSE,TRUE
U1646,57,57,29,32,44,Flexible,62,65,45,Casual Poster,Trendsetters,Center-Left,0.82,FALSE,TRUE,FALSE,FALSE,FALSE,FALSE
U1647,50,45,24,60,50,Night Owl,62,83,35,Lurker,Experience Seekers,Center-Right,0.51,FALSE,FALSE,TRUE,FALSE,FALSE,FALSE
U1648,58,55,56,74,53,Night Owl,90,26,58,Active Poster,Belongers,Left,0.56,FALSE,FALSE,FALSE,FALSE,FALSE,FALSE
U1649,30,31,39,49,21,Early Bird,92,48,40,Lurker,Pragmatists,Left,0.59,TRUE,TRUE,FALSE,FALSE,FALSE,FALSE
U1650,29,23,48,76,76,Night Owl,63,40,52,Casual Poster,Belongers,Center-Left,0.62,FALSE,FALSE,TRUE,FALSE,FALSE,FALSE
U1651,22,41,40,48,51,Flexible,100,49,49,Casual Poster,Changemakers,Center-Left,0.93,FALSE,TRUE,FALSE,FALSE,FALSE,FALSE
U1652,45,37,73,73,52,Night Owl,77,56,55,Casual Poster,Belongers,Right,0.77,FALSE,FALSE,FALSE,FALSE,FALSE,FALSE
U1653,48,50,77,49,64,Night Owl,86,7,52,Casual Poster,Belongers,Center-Left,0.46,FALSE,TRUE,TRUE,TRUE,FALSE,FALSE
U1654,30,26,57,7,77,Night Owl,64,79,62,Active Poster,Changemakers,Center-Right,0.5,TRUE,FALSE,FALSE,FALSE,FALSE,FALSE
U1655,49,76,57,54,56,Flexible,80,78,43,Lurker,Achievers,Center-Left,0.61,TRUE,FALSE,FALSE,FALSE,FALSE,FALSE
U1656,47,50,51,35,67,Flexible,83,71,48,Casual Poster,Experience Seekers,Center-Left,0.46,FALSE,FALSE,FALSE,TRUE,FALSE,FALSE
U1657,43,55,53,64,60,Night Owl,61,43,50,Casual Poster,Belongers,Left,0.89,FALSE,TRUE,TRUE,FALSE,FALSE,FALSE
U1658,33,64,59,55,68,Flexible,99,25,53,Casual Poster,Achievers,Center-Right,0.41,FALSE,TRUE,TRUE,TRUE,FALSE,FALSE
U1659,27,47,32,73,42,Flexible,96,26,38,Lurker,Achievers,Center-Right,0.62,FALSE,TRUE,FALSE,FALSE,TRUE,FALSE
U1660,57,40,20,60,15,Flexible,64,47,35,Lurker,Experience Seekers,Not inferred,0.0,TRUE,TRUE,FALSE,FALSE,FALSE,FALSE
U1661,72,47,23,43,51,Flexible,75,64,31,Lurker,Experience Seekers,Center-Right,0.54,FALSE,FALSE,FALSE,FALSE,FALSE,FALSE
U1662,48,48,52,46,33,Night Owl,75,48,40,Lurker,Changemakers,Center-Left,0.48,TRUE,TRUE,FALSE,FALSE,FALSE,FALSE
U1663,41,55,32,72,46,Night Owl,47,38,36,Lurker,Changemakers,Left,0.38,FALSE,TRUE,TRUE,FALSE,FALSE,FALSE
U1664,41,58,26,38,37,Flexible,92,69,27,Lurker,Pragmatists,Left,0.89,FALSE,TRUE,FALSE,TRUE,TRUE,FALSE
U1665,58,36,59,22,32,Night Owl,79,37,67,Active Poster,Belongers,Left,0.38,FALSE,TRUE,TRUE,FALSE,FALSE,FALSE
U1666,32,64,48,80,38,Flexible,100,57,44,Casual Poster,Belongers,Left,0.38,FALSE,TRUE,FALSE,FALSE,TRUE,TRUE
U1667,45,46,54,43,31,Flexible,87,50,67,Active Poster,Changemakers,Left,0.48,FALSE,FALSE,FALSE,FALSE,FALSE,FALSE
U1668,40,42,66,47,65,Flexible,80,56,68,Active Poster,Belongers,Left,0.64,TRUE,FALSE,FALSE,FALSE,FALSE,FALSE
U1669,31,35,31,62,31,Night Owl,70,60,41,Lurker,Experience Seekers,Center-Right,0.67,FALSE,FALSE,TRUE,TRUE,FALSE,FALSE
U1670,70,34,34,80,32,Night Owl,57,60,45,Casual Poster,Experience Seekers,Right,0.56,TRUE,FALSE,FALSE,FALSE,FALSE,FALSE
U1671,42,51,48,69,42,Flexible,66,51,39,Lurker,Achievers,Center,0.5,FALSE,TRUE,TRUE,FALSE,TRUE,TRUE
U1672,39,52,50,68,52,Flexible,73,41,52,Casual Poster,Changemakers,Center-Left,0.41,FALSE,FALSE,FALSE,TRUE,FALSE,TRUE
U1673,64,34,41,56,81,Night Owl,59,43,53,Active Poster,Trendsetters,Center,0.83,TRUE,TRUE,FALSE,FALSE,FALSE,FALSE
U1674,42,55,54,67,54,Early Bird,89,55,38,Lurker,Pragmatists,Center-Left,0.88,FALSE,FALSE,FALSE,TRUE,FALSE,FALSE
U1675,74,41,67,22,31,Flexible,80,66,61,Casual Poster,Experience Seekers,Left,0.86,TRUE,TRUE,FALSE,FALSE,FALSE,FALSE
U1676,25,62,35,78,46,Flexible,82,70,41,Casual Poster,Experience Seekers,Right,0.89,FALSE,FALSE,FALSE,FALSE,FALSE,FALSE
U1677,52,42,43,52,41,Night Owl,73,59,41,Lurker,Experience Seekers,Center-Left,0.55,FALSE,FALSE,FALSE,TRUE,TRUE,FALSE
U1678,48,29,72,39,38,Night Owl,56,15,52,Casual Poster,Belongers,Right,0.84,FALSE,TRUE,FALSE,FALSE,FALSE,FALSE
U1679,35,54,47,69,35,Flexible,100,34,42,Lurker,Changemakers,Center-Left,0.93,FALSE,FALSE,FALSE,FALSE,FALSE,FALSE
U1680,57,54,31,30,36,Flexible,79,71,43,Lurker,Changemakers,Not inferred,0.0,TRUE,FALSE,FALSE,TRUE,FALSE,FALSE
U1681,36,38,49,29,45,Night Owl,77,67,37,Lurker,Achievers,Left,0.93,FALSE,FALSE,FALSE,FALSE,TRUE,FALSE
U1682,69,49,53,53,34,Flexible,88,57,49,Lurker,Experience Seekers,Center-Right,0.36,TRUE,FALSE,TRUE,FALSE,FALSE,FALSE
U1683,29,56,30,65,52,Early Bird,76,56,37,Lurker,Achievers,Center,0.71,FALSE,TRUE,TRUE,TRUE,FALSE,FALSE
U1684,52,46,33,13,19,Early Bird,73,57,32,Lurker,Experience Seekers,Center,0.68,FALSE,TRUE,FALSE,FALSE,FALSE,TRUE
U1685,47,41,30,79,34,Early Bird,86,17,32,Lurker,Pragmatists,Left,0.82,FALSE,TRUE,FALSE,TRUE,FALSE,FALSE
U1686,54,30,79,34,51,Night Owl,82,47,56,Casual Poster,Changemakers,Right,0.66,TRUE,FALSE,TRUE,FALSE,FALSE,FALSE
U1687,29,64,62,56,57,Early Bird,68,41,51,Casual Poster,Belongers,Right,0.95,TRUE,FALSE,FALSE,FALSE,FALSE,FALSE
U1688,51,51,53,19,36,Flexible,68,18,48,Casual Poster,Experience Seekers,Center-Left,0.82,FALSE,FALSE,TRUE,FALSE,FALSE,FALSE
U1689,44,67,59,36,56,Flexible,100,30,42,Lurker,Achievers,Center-Left,0.87,FALSE,TRUE,FALSE,FALSE,FALSE,FALSE
U1690,48,29,72,52,69,Flexible,72,36,64,Active Poster,Belongers,Center-Left,0.8,FALSE,TRUE,FALSE,TRUE,TRUE,FALSE
U1691,33,35,55,42,37,Night Owl,59,29,54,Casual Poster,Belongers,Not inferred,0.0,TRUE,FALSE,FALSE,FALSE,FALSE,FALSE
U1692,45,41,52,44,63,Flexible,81,27,41,Lurker,Changemakers,Center-Right,0.86,FALSE,FALSE,TRUE,FALSE,FALSE,TRUE
U1693,61,54,84,37,55,Night Owl,62,50,61,Casual Poster,Belongers,Center-Right,0.44,FALSE,TRUE,FALSE,FALSE,FALSE,TRUE
U1694,54,43,86,53,56,Night Owl,79,31,73,Creator,Trendsetters,Center-Left,0.39,FALSE,TRUE,FALSE,FALSE,FALSE,FALSE
U1695,58,22,56,68,59,Night Owl,82,41,56,Casual Poster,Belongers,Center,0.38,TRUE,FALSE,FALSE,TRUE,FALSE,FALSE
U1696,32,52,72,33,25,Flexible,71,35,55,Casual Poster,Changemakers,Center-Left,0.46,FALSE,FALSE,FALSE,FALSE,FALSE,FALSE
U1697,51,34,23,53,39,Night Owl,70,38,35,Lurker,Experience Seekers,Center-Left,0.66,TRUE,FALSE,FALSE,TRUE,FALSE,FALSE
U1698,58,69,34,51,46,Flexible,58,44,40,Casual Poster,Achievers,Right,0.44,FALSE,FALSE,FALSE,FALSE,FALSE,FALSE
U1699,36,44,49,28,33,Flexible,100,28,43,Casual Poster,Experience Seekers,Left,0.44,TRUE,FALSE,FALSE,FALSE,FALSE,FALSE
U1700,52,40,47,57,21,Flexible,61,49,40,Casual Poster,Experience Seekers,Center-Right,0.39,FALSE,FALSE,FALSE,FALSE,FALSE,FALSE
U1701,49,50,41,24,74,Night Owl,54,36,41,Lurker,Experience Seekers,Center-Left,0.95,TRUE,TRUE,FALSE,FALSE,TRUE,FALSE
U1702,52,33,59,23,27,Night Owl,74,53,50,Casual Poster,Belongers,Center-Right,0.43,FALSE,FALSE,TRUE,FALSE,FALSE,FALSE
U1703,54,60,54,45,49,Flexible,87,41,47,Lurker,Belongers,Center-Right,0.79,FALSE,FALSE,FALSE,FALSE,FALSE,FALSE
U1704,57,70,45,23,58,Flexible,75,54,61,Active Poster,Achievers,Right,0.59,TRUE,TRUE,FALSE,FALSE,FALSE,FALSE
U1705,62,67,32,49,59,Early Bird,100,77,24,Lurker,Pragmatists,Center,0.46,FALSE,FALSE,FALSE,FALSE,FALSE,FALSE
U1706,46,57,67,24,22,Flexible,85,22,67,Active Poster,Belongers,Center-Left,0.42,FALSE,FALSE,TRUE,FALSE,TRUE,FALSE
U1707,59,44,22,54,11,Early Bird,85,83,24,Lurker,Experience Seekers,Center-Left,0.46,TRUE,TRUE,FALSE,FALSE,FALSE,FALSE
U1708,61,30,38,7,46,Night Owl,90,55,36,Lurker,Experience Seekers,Center,0.64,FALSE,FALSE,FALSE,TRUE,FALSE,FALSE
U1709,58,42,53,88,57,Night Owl,69,63,45,Lurker,Belongers,Right,0.81,FALSE,FALSE,TRUE,FALSE,FALSE,TRUE
U1710,41,42,73,59,40,Early Bird,95,34,56,Casual Poster,Belongers,Center-Left,0.89,FALSE,TRUE,FALSE,FALSE,FALSE,FALSE
U1711,29,69,25,66,39,Early Bird,100,30,22,Lurker,Changemakers,Center-Left,0.6,FALSE,FALSE,TRUE,FALSE,FALSE,FALSE
U1712,25,37,67,48,50,Flexible,74,16,49,Casual Poster,Belongers,Center,0.85,FALSE,TRUE,FALSE,FALSE,FALSE,FALSE
U1713,51,37,38,59,26,Night Owl,72,40,35,Casual Poster,Trendsetters,Not inferred,0.0,FALSE,FALSE,TRUE,FALSE,FALSE,FALSE
U1714,40,38,34,74,56,Early Bird,94,86,37,Lurker,Experience Seekers,Left,0.73,FALSE,TRUE,FALSE,FALSE,FALSE,FALSE
U1715,28,28,27,50,37,Early Bird,87,33,28,Lurker,Experience Seekers,Center-Left,0.72,TRUE,FALSE,TRUE,FALSE,FALSE,FALSE
U1716,36,28,81,84,29,Early Bird,65,47,66,Active Poster,Belongers,Center,0.73,FALSE,FALSE,TRUE,TRUE,FALSE,FALSE
U1717,38,31,58,36,55,Early Bird,90,57,62,Active Poster,Changemakers,Center-Left,0.47,FALSE,FALSE,FALSE,FALSE,FALSE,FALSE
U1718,48,49,41,61,42,Flexible,59,52,58,Active Poster,Trendsetters,Left,0.6,FALSE,TRUE,TRUE,FALSE,TRUE,FALSE
U1719,69,35,72,57,40,Early Bird,100,32,61,Active Poster,Experience Seekers,Center-Right,0.38,TRUE,TRUE,TRUE,FALSE,FALSE,FALSE
U1720,48,61,19,33,8,Early Bird,78,60,30,Lurker,Achievers,Center,0.63,FALSE,FALSE,FALSE,TRUE,FALSE,FALSE
U1721,47,21,35,38,35,Night Owl,64,53,45,Casual Poster,Changemakers,Center-Left,0.85,FALSE,TRUE,FALSE,FALSE,FALSE,FALSE
U1722,32,62,62,42,55,Early Bird,90,44,51,Lurker,Belongers,Center-Left,0.81,FALSE,TRUE,FALSE,FALSE,FALSE,FALSE
U1723,51,19,52,6,62,Night Owl,61,46,56,Casual Poster,Experience Seekers,Center-Right,0.66,TRUE,FALSE,FALSE,FALSE,TRUE,FALSE
U1724,37,53,66,56,39,Early Bird,83,54,45,Lurker,Belongers,Center,0.46,TRUE,FALSE,FALSE,TRUE,FALSE,FALSE
U1725,61,37,52,31,70,Night Owl,95,52,50,Casual Poster,Experience Seekers,Center,0.38,FALSE,TRUE,TRUE,FALSE,FALSE,FALSE
U1726,30,30,76,53,24,Flexible,64,60,59,Casual Poster,Changemakers,Center,0.38,TRUE,FALSE,TRUE,FALSE,FALSE,FALSE
U1727,50,56,70,26,66,Night Owl,86,63,66,Active Poster,Achievers,Left,0.77,TRUE,FALSE,FALSE,FALSE,TRUE,FALSE
U1728,30,54,75,54,43,Night Owl,82,45,54,Casual Poster,Changemakers,Center-Left,0.45,TRUE,TRUE,FALSE,FALSE,FALSE,TRUE
U1729,63,43,28,60,39,Early Bird,100,26,32,Lurker,Experience Seekers,Center,0.82,TRUE,FALSE,TRUE,FALSE,TRUE,FALSE
U1730,59,57,20,64,66,Night Owl,71,53,25,Lurker,Achievers,Center-Left,0.82,FALSE,TRUE,FALSE,TRUE,FALSE,FALSE
U1731,20,60,78,27,48,Night Owl,85,20,66,Active Poster,Belongers,Left,0.43,FALSE,FALSE,FALSE,FALSE,FALSE,FALSE
U1732,50,62,62,24,41,Night Owl,72,29,43,Lurker,Belongers,Center,0.9,FALSE,FALSE,TRUE,TRUE,FALSE,FALSE
U1733,29,45,25,95,59,Night Owl,61,35,37,Lurker,Changemakers,Left,0.68,FALSE,TRUE,FALSE,FALSE,FALSE,FALSE
U1734,48,16,50,44,30,Night Owl,69,64,36,Lurker,Changemakers,Left,0.4,FALSE,FALSE,TRUE,FALSE,FALSE,FALSE
U1735,55,43,48,22,75,Night Owl,68,59,36,Lurker,Achievers,Center,0.49,FALSE,TRUE,TRUE,FALSE,FALSE,FALSE
U1736,37,71,53,67,24,Night Owl,81,70,45,Casual Poster,Experience Seekers,Right,0.94,FALSE,TRUE,TRUE,FALSE,FALSE,FALSE
U1737,38,50,23,44,20,Flexible,96,24,37,Lurker,Achievers,Left,0.67,FALSE,FALSE,FALSE,FALSE,TRUE,FALSE
U1738,47,61,60,45,19,Early Bird,92,25,56,Casual Poster,Experience Seekers,Center-Left,0.74,FALSE,TRUE,FALSE,FALSE,FALSE,FALSE
U1739,60,60,78,17,50,Flexible,64,17,72,Creator,Trendsetters,Center-Left,0.91,FALSE,FALSE,FALSE,FALSE,TRUE,FALSE
U1740,53,31,34,14,37,Night Owl,98,27,48,Casual Poster,Trendsetters,Center-Right,0.92,FALSE,TRUE,FALSE,FALSE,FALSE,FALSE
U1741,42,38,54,57,22,Early Bird,85,48,58,Casual Poster,Belongers,Left,0.9,TRUE,FALSE,FALSE,FALSE,FALSE,TRUE
U1742,44,48,66,64,66,Night Owl,74,62,58,Casual Poster,Changemakers,Left,0.55,FALSE,TRUE,FALSE,TRUE,FALSE,FALSE
U1743,56,45,52,15,67,Night Owl,62,19,50,Casual Poster,Experience Seekers,Center-Left,0.86,FALSE,FALSE,FALSE,TRUE,FALSE,FALSE
U1744,39,65,47,50,38,Flexible,67,40,52,Casual Poster,Experience Seekers,Center-Left,0.57,TRUE,FALSE,TRUE,FALSE,FALSE,FALSE
U1745,48,20,31,34,66,Flexible,63,46,44,Casual Poster,Experience Seekers,Center-Left,0.63,FALSE,FALSE,TRUE,FALSE,FALSE,FALSE
U1746,53,72,38,72,49,Night Owl,62,47,42,Lurker,Achievers,Right,0.68,TRUE,FALSE,FALSE,TRUE,FALSE,FALSE
U1747,50,55,33,88,68,Flexible,84,75,44,Casual Poster,Experience Seekers,Not inferred,0.0,TRUE,TRUE,FALSE,FALSE,TRUE,TRUE
U1748,46,57,55,23,63,Night Owl,80,48,44,Lurker,Belongers,Left,0.7,FALSE,FALSE,FALSE,TRUE,TRUE,FALSE
U1749,27,26,52,27,59,Flexible,66,70,54,Active Poster,Trendsetters,Left,0.35,FALSE,FALSE,FALSE,FALSE,FALSE,FALSE
U1750,28,32,53,28,35,Flexible,86,28,58,Casual Poster,Pragmatists,Center-Left,0.51,FALSE,FALSE,TRUE,FALSE,FALSE,TRUE
U1751,37,41,65,49,15,Flexible,83,55,65,Active Poster,Experience Seekers,Center-Left,0.55,FALSE,FALSE,FALSE,FALSE,FALSE,FALSE
U1752,58,47,36,72,49,Night Owl,74,42,42,Casual Poster,Trendsetters,Left,0.5,FALSE,FALSE,FALSE,FALSE,FALSE,FALSE
U1753,37,50,65,9,49,Flexible,84,68,49,Casual Poster,Experience Seekers,Not inferred,0.0,FALSE,FALSE,FALSE,FALSE,FALSE,FALSE
U1754,32,52,27,46,66,Flexible,100,78,33,Lurker,Achievers,Center-Left,0.66,FALSE,FALSE,FALSE,TRUE,FALSE,FALSE
U1755,67,40,42,52,33,Night Owl,66,33,52,Casual Poster,Trendsetters,Center,0.45,FALSE,FALSE,TRUE,TRUE,FALSE,FALSE
U1756,54,67,32,49,43,Flexible,70,44,37,Lurker,Achievers,Center-Right,0.44,FALSE,TRUE,FALSE,TRUE,TRUE,FALSE
U1757,59,49,54,35,55,Night Owl,73,39,62,Active Poster,Belongers,Center-Right,0.82,FALSE,TRUE,FALSE,FALSE,FALSE,FALSE
U1758,62,38,68,48,39,Flexible,94,34,63,Active Poster,Belongers,Center-Left,0.56,FALSE,TRUE,FALSE,FALSE,FALSE,FALSE
U1759,54,49,67,41,60,Night Owl,92,67,51,Casual Poster,Achievers,Center-Left,0.9,FALSE,FALSE,TRUE,FALSE,TRUE,FALSE
U1760,42,60,64,41,56,Night Owl,68,37,48,Casual Poster,Experience Seekers,Not inferred,0.0,FALSE,TRUE,TRUE,FALSE,FALSE,TRUE
U1761,36,57,28,11,50,Early Bird,67,56,34,Lurker,Experience Seekers,Center,0.65,TRUE,FALSE,FALSE,FALSE,FALSE,TRUE
U1762,22,46,38,40,55,Night Owl,61,49,48,Casual Poster,Experience Seekers,Left,0.51,FALSE,FALSE,FALSE,FALSE,FALSE,FALSE
U1763,41,49,64,60,67,Night Owl,51,27,45,Lurker,Belongers,Center-Left,0.72,FALSE,FALSE,TRUE,FALSE,FALSE,TRUE
U1764,36,55,49,53,34,Early Bird,92,71,63,Active Poster,Trendsetters,Center-Left,0.54,FALSE,FALSE,FALSE,TRUE,FALSE,FALSE
U1765,31,31,34,23,54,Flexible,73,51,38,Lurker,Pragmatists,Left,0.88,FALSE,FALSE,TRUE,TRUE,TRUE,FALSE
U1766,48,36,88,25,36,Night Owl,73,50,73,Active Poster,Belongers,Center-Left,0.88,TRUE,TRUE,FALSE,FALSE,FALSE,FALSE
U1767,42,18,79,89,47,Night Owl,72,21,63,Casual Poster,Belongers,Center-Right,0.57,FALSE,FALSE,FALSE,TRUE,FALSE,FALSE
U1768,39,66,25,50,63,Flexible,91,28,25,Lurker,Experience Seekers,Center-Left,0.95,FALSE,FALSE,FALSE,FALSE,FALSE,FALSE
U1769,43,51,75,46,42,Flexible,61,32,60,Active Poster,Belongers,Center-Right,0.55,FALSE,FALSE,FALSE,FALSE,FALSE,FALSE
U1770,38,41,52,32,64,Night Owl,63,22,52,Casual Poster,Achievers,Right,0.39,FALSE,FALSE,TRUE,TRUE,FALSE,FALSE
U1771,34,40,33,39,53,Flexible,52,65,29,Lurker,Pragmatists,Right,0.72,FALSE,FALSE,TRUE,TRUE,FALSE,FALSE
U1772,35,52,61,26,12,Early Bird,74,38,47,Casual Poster,Belongers,Not inferred,0.0,TRUE,FALSE,TRUE,FALSE,FALSE,FALSE
U1773,49,54,42,29,37,Flexible,100,30,38,Lurker,Changemakers,Center,0.54,FALSE,FALSE,TRUE,FALSE,FALSE,FALSE
U1774,36,26,57,79,53,Flexible,56,41,52,Casual Poster,Belongers,Center-Left,0.9,TRUE,TRUE,TRUE,FALSE,FALSE,TRUE
U1775,45,51,73,50,54,Night Owl,81,14,70,Active Poster,Achievers,Center,0.81,FALSE,FALSE,FALSE,FALSE,TRUE,FALSE
U1776,52,50,51,16,71,Night Owl,62,37,47,Casual Poster,Experience Seekers,Center,0.68,TRUE,TRUE,FALSE,TRUE,FALSE,FALSE
U1777,70,38,50,47,36,Flexible,76,80,46,Casual Poster,Experience Seekers,Center-Left,0.72,FALSE,TRUE,TRUE,FALSE,FALSE,FALSE
U1778,69,24,32,37,55,Flexible,61,20,44,Casual Poster,Trendsetters,Left,0.83,FALSE,FALSE,FALSE,FALSE,FALSE,FALSE
U1779,64,44,37,67,38,Flexible,100,27,36,Lurker,Experience Seekers,Right,0.47,FALSE,FALSE,FALSE,FALSE,FALSE,FALSE
U1780,41,43,69,54,12,Early Bird,100,40,52,Casual Poster,Experience Seekers,Center,0.81,FALSE,TRUE,FALSE,TRUE,FALSE,TRUE
U1781,38,49,55,89,59,Flexible,90,45,57,Casual Poster,Belongers,Center,0.95,FALSE,FALSE,FALSE,TRUE,TRUE,FALSE
U1782,50,56,49,58,15,Early Bird,72,54,43,Casual Poster,Achievers,Center-Left,0.56,FALSE,FALSE,FALSE,FALSE,FALSE,FALSE
U1783,55,55,63,8,44,Flexible,94,50,52,Casual Poster,Achievers,Center-Right,0.48,TRUE,FALSE,FALSE,FALSE,TRUE,FALSE
U1784,56,47,61,68,63,Night Owl,63,60,54,Casual Poster,Achievers,Center-Left,0.81,TRUE,FALSE,TRUE,FALSE,FALSE,FALSE
U1785,52,37,37,73,19,Flexible,72,83,36,Casual Poster,Pragmatists,Center-Left,0.37,FALSE,FALSE,TRUE,TRUE,FALSE,FALSE
U1786,49,46,53,42,52,Night Owl,62,56,42,Lurker,Trendsetters,Left,0.75,FALSE,FALSE,TRUE,FALSE,FALSE,FALSE
U1787,43,28,35,37,75,Night Owl,74,67,41,Lurker,Experience Seekers,Left,0.67,FALSE,FALSE,TRUE,FALSE,TRUE,FALSE
U1788,39,57,69,60,11,Early Bird,86,64,57,Casual Poster,Changemakers,Center,0.5,TRUE,FALSE,TRUE,FALSE,FALSE,TRUE
U1789,44,29,66,24,68,Night Owl,86,63,50,Lurker,Belongers,Left,0.39,TRUE,TRUE,TRUE,FALSE,FALSE,FALSE
U1790,44,57,28,33,50,Early Bird,72,66,28,Lurker,Experience Seekers,Center,0.37,FALSE,FALSE,TRUE,FALSE,FALSE,FALSE
U1791,49,57,56,41,34,Flexible,78,42,47,Casual Poster,Experience Seekers,Left,0.69,TRUE,TRUE,TRUE,TRUE,FALSE,FALSE
U1792,31,35,50,32,45,Flexible,67,40,43,Lurker,Belongers,Not inferred,0.0,FALSE,FALSE,FALSE,FALSE,TRUE,FALSE
U1793,81,43,67,39,26,Early Bird,87,43,54,Casual Poster,Experience Seekers,Right,0.68,FALSE,FALSE,FALSE,FALSE,FALSE,FALSE
U1794,43,65,57,83,65,Flexible,65,39,56,Casual Poster,Belongers,Center-Right,0.45,FALSE,TRUE,TRUE,FALSE,FALSE,FALSE
U1795,24,64,73,19,24,Early Bird,91,59,70,Active Poster,Belongers,Center,0.85,FALSE,TRUE,TRUE,FALSE,FALSE,FALSE
U1796,66,34,70,47,20,Flexible,69,50,52,Lurker,Experience Seekers,Right,0.77,TRUE,FALSE,TRUE,TRUE,FALSE,TRUE
U1797,52,39,55,73,56,Night Owl,69,37,52,Casual Poster,Trendsetters,Center-Left,0.89,FALSE,FALSE,FALSE,FALSE,TRUE,TRUE
U1798,37,35,37,47,49,Night Owl,78,44,50,Casual Poster,Changemakers,Left,0.42,TRUE,TRUE,FALSE,TRUE,TRUE,FALSE
U1799,26,42,16,30,43,Early Bird,71,65,33,Lurker,Changemakers,Center-Right,0.67,FALSE,FALSE,TRUE,FALSE,FALSE,FALSE
U1800,30,49,80,8,41,Flexible,86,14,60,Casual Poster,Experience Seekers,Right,0.45,FALSE,TRUE,TRUE,FALSE,FALSE,FALSE
U1801,75,36,82,49,32,Flexible,82,66,71,Active Poster,Trendsetters,Left,0.43,TRUE,TRUE,TRUE,FALSE,FALSE,FALSE
U1802,40,59,71,24,21,Flexible,77,35,74,Creator,Belongers,Center-Left,0.89,TRUE,TRUE,TRUE,TRUE,FALSE,FALSE
U1803,44,63,79,58,20,Early Bird,82,31,54,Lurker,Belongers,Right,0.8,FALSE,TRUE,FALSE,FALSE,TRUE,FALSE
U1804,59,48,61,55,49,Night Owl,79,32,57,Casual Poster,Experience Seekers,Right,0.81,FALSE,TRUE,TRUE,FALSE,FALSE,FALSE
U1805,51,75,42,62,28,Early Bird,97,47,46,Casual Poster,Achievers,Center-Left,0.64,TRUE,FALSE,FALSE,TRUE,FALSE,FALSE
U1806,70,50,51,59,31,Night Owl,65,44,54,Casual Poster,Experience Seekers,Center-Right,0.64,FALSE,TRUE,FALSE,FALSE,FALSE,FALSE
U1807,60,64,58,58,44,Flexible,60,50,53,Casual Poster,Belongers,Right,0.68,FALSE,FALSE,FALSE,FALSE,FALSE,FALSE
U1808,60,26,72,17,58,Flexible,81,66,64,Active Poster,Experience Seekers,Center-Left,0.7,FALSE,TRUE,TRUE,FALSE,FALSE,TRUE
U1809,61,52,57,40,31,Night Owl,67,81,58,Casual Poster,Experience Seekers,Left,0.57,FALSE,TRUE,FALSE,FALSE,TRUE,FALSE
U1810,48,47,66,64,16,Early Bird,85,78,58,Casual Poster,Experience Seekers,Center-Left,0.89,FALSE,FALSE,TRUE,FALSE,TRUE,FALSE
U1811,45,38,67,72,56,Flexible,90,56,47,Lurker,Belongers,Center,0.65,TRUE,FALSE,FALSE,FALSE,FALSE,FALSE
U1812,68,59,60,51,76,Night Owl,61,48,50,Casual Poster,Achievers,Center-Left,0.82,FALSE,FALSE,FALSE,TRUE,FALSE,FALSE
U1813,62,45,31,62,70,Flexible,83,46,36,Lurker,Changemakers,Left,0.63,TRUE,TRUE,FALSE,FALSE,TRUE,FALSE
U1814,52,35,63,25,16,Flexible,75,21,49,Lurker,Experience Seekers,Left,0.46,TRUE,FALSE,FALSE,FALSE,FALSE,TRUE
U1815,41,39,37,55,30,Early Bird,91,66,52,Casual Poster,Changemakers,Center-Left,0.66,FALSE,FALSE,FALSE,FALSE,FALSE,FALSE
U1816,48,45,41,34,32,Flexible,83,26,50,Casual Poster,Trendsetters,Center,0.51,FALSE,TRUE,FALSE,FALSE,FALSE,FALSE
U1817,62,72,51,55,21,Flexible,80,72,50,Casual Poster,Achievers,Center,0.74,FALSE,FALSE,FALSE,TRUE,FALSE,FALSE
U1818,42,49,51,75,40,Flexible,68,29,51,Casual Poster,Experience Seekers,Left,0.83,FALSE,FALSE,FALSE,FALSE,FALSE,FALSE
U1819,77,43,21,21,51,Flexible,86,86,19,Lurker,Trendsetters,Center-Left,0.43,FALSE,FALSE,FALSE,TRUE,FALSE,TRUE
U1820,37,38,70,16,59,Night Owl,67,71,56,Casual Poster,Changemakers,Center-Left,0.79,FALSE,FALSE,TRUE,FALSE,FALSE,TRUE
U1821,48,51,41,66,71,Flexible,100,39,42,Casual Poster,Changemakers,Left,0.67,FALSE,FALSE,FALSE,TRUE,TRUE,FALSE
U1822,54,56,27,70,45,Flexible,59,34,41,Casual Poster,Trendsetters,Left,0.75,FALSE,FALSE,FALSE,FALSE,TRUE,FALSE
U1823,46,37,66,58,44,Flexible,88,27,64,Casual Poster,Trendsetters,Right,0.6,TRUE,FALSE,FALSE,FALSE,FALSE,FALSE
U1824,35,29,34,69,36,Night Owl,74,25,43,Lurker,Pragmatists,Left,0.52,TRUE,FALSE,FALSE,TRUE,TRUE,FALSE
U1825,61,36,38,57,64,Flexible,72,12,53,Active Poster,Experience Seekers,Not inferred,0.0,FALSE,FALSE,FALSE,TRUE,TRUE,TRUE
U1826,49,62,41,52,21,Early Bird,84,16,45,Casual Poster,Trendsetters,Center-Left,0.46,FALSE,FALSE,FALSE,FALSE,FALSE,FALSE
U1827,48,30,28,66,45,Flexible,79,54,31,Lurker,Experience Seekers,Center-Left,0.38,FALSE,FALSE,FALSE,TRUE,TRUE,FALSE
U1828,40,48,82,77,39,Night Owl,82,38,65,Active Poster,Belongers,Center-Left,0.77,FALSE,TRUE,TRUE,FALSE,FALSE,FALSE
U1829,44,26,19,26,32,Flexible,63,32,36,Lurker,Pragmatists,Center-Right,0.86,FALSE,TRUE,TRUE,TRUE,FALSE,FALSE
U1830,53,67,53,11,24,Early Bird,88,26,52,Casual Poster,Experience Seekers,Not inferred,0.0,FALSE,FALSE,FALSE,FALSE,FALSE,FALSE
U1831,52,63,39,34,10,Early Bird,85,63,49,Casual Poster,Achievers,Left,0.35,FALSE,FALSE,TRUE,FALSE,TRUE,FALSE
U1832,57,53,45,68,27,Flexible,74,77,43,Casual Poster,Trendsetters,Center,0.58,FALSE,FALSE,TRUE,TRUE,FALSE,FALSE
U1833,24,39,79,71,70,Night Owl,61,75,67,Active Poster,Belongers,Center-Right,0.71,TRUE,TRUE,TRUE,FALSE,FALSE,FALSE
U1834,43,43,74,56,32,Flexible,92,65,63,Active Poster,Belongers,Left,0.85,TRUE,TRUE,FALSE,FALSE,FALSE,TRUE
U1835,42,35,33,62,27,Early Bird,84,35,44,Lurker,Experience Seekers,Right,0.36,FALSE,FALSE,TRUE,FALSE,FALSE,FALSE
U1836,68,42,38,57,56,Flexible,81,82,45,Casual Poster,Changemakers,Left,0.4,TRUE,FALSE,FALSE,TRUE,FALSE,FALSE
U1837,56,41,22,69,53,Flexible,94,44,31,Lurker,Experience Seekers,Left,0.74,FALSE,FALSE,FALSE,FALSE,FALSE,FALSE
U1838,52,32,46,36,24,Flexible,89,72,34,Lurker,Experience Seekers,Center,0.53,TRUE,TRUE,FALSE,FALSE,TRUE,FALSE
U1839,56,48,33,41,36,Flexible,67,30,48,Casual Poster,Experience Seekers,Left,0.76,FALSE,TRUE,FALSE,FALSE,FALSE,FALSE
U1840,33,38,20,17,62,Early Bird,100,30,26,Lurker,Experience Seekers,Center,0.72,FALSE,FALSE,FALSE,FALSE,FALSE,TRUE
U1841,49,21,39,80,57,Night Owl,49,42,43,Casual Poster,Changemakers,Center-Left,0.46,FALSE,FALSE,FALSE,FALSE,FALSE,FALSE
U1842,29,63,45,46,46,Flexible,92,52,41,Lurker,Experience Seekers,Center-Left,0.48,FALSE,FALSE,TRUE,FALSE,FALSE,FALSE
U1843,60,54,59,8,29,Flexible,95,33,56,Active Poster,Experience Seekers,Center-Right,0.76,FALSE,FALSE,FALSE,FALSE,TRUE,TRUE
U1844,37,35,31,68,52,Flexible,61,36,25,Lurker,Experience Seekers,Center,0.71,TRUE,FALSE,TRUE,FALSE,FALSE,FALSE
U1845,54,47,72,35,60,Night Owl,59,73,63,Active Poster,Trendsetters,Center,0.48,TRUE,FALSE,FALSE,FALSE,FALSE,TRUE
U1846,49,34,81,31,42,Night Owl,83,41,68,Active Poster,Belongers,Center,0.59,FALSE,FALSE,TRUE,FALSE,FALSE,FALSE
U1847,47,32,55,29,30,Night Owl,71,45,49,Casual Poster,Belongers,Center-Right,0.61,FALSE,TRUE,TRUE,FALSE,FALSE,FALSE
U1848,29,34,65,13,55,Night Owl,60,29,59,Casual Poster,Changemakers,Center,0.47,FALSE,FALSE,FALSE,TRUE,FALSE,FALSE
U1849,48,33,59,61,31,Flexible,67,50,47,Casual Poster,Experience Seekers,Center-Left,0.65,TRUE,TRUE,FALSE,FALSE,FALSE,FALSE
U1850,35,43,41,44,40,Flexible,81,58,42,Lurker,Experience Seekers,Not inferred,0.0,FALSE,FALSE,FALSE,TRUE,FALSE,FALSE
U1851,44,86,17,48,43,Early Bird,60,25,23,Lurker,Achievers,Left,0.8,FALSE,TRUE,TRUE,FALSE,FALSE,FALSE
U1852,63,63,57,8,24,Early Bird,74,60,64,Active Poster,Experience Seekers,Left,0.54,FALSE,TRUE,FALSE,FALSE,FALSE,FALSE
U1853,46,50,45,63,60,Night Owl,75,32,45,Casual Poster,Experience Seekers,Center-Left,0.73,FALSE,FALSE,TRUE,FALSE,FALSE,FALSE
U1854,51,62,33,75,21,Early Bird,100,54,38,Casual Poster,Changemakers,Not inferred,0.0,FALSE,FALSE,FALSE,FALSE,TRUE,TRUE
U1855,32,28,40,27,83,Night Owl,63,30,32,Lurker,Changemakers,Right,0.4,FALSE,FALSE,TRUE,FALSE,FALSE,FALSE
U1856,33,71,47,14,77,Night Owl,63,53,54,Casual Poster,Achievers,Center-Left,0.84,FALSE,TRUE,TRUE,FALSE,FALSE,FALSE
U1857,46,43,55,58,57,Flexible,77,43,57,Casual Poster,Belongers,Center,0.93,FALSE,TRUE,FALSE,TRUE,TRUE,FALSE
U1858,33,41,59,43,25,Flexible,67,45,61,Active Poster,Experience Seekers,Left,0.46,FALSE,FALSE,TRUE,TRUE,FALSE,FALSE
U1859,55,42,50,33,43,Flexible,80,58,49,Lurker,Changemakers,Center-Right,0.46,FALSE,TRUE,FALSE,TRUE,FALSE,TRUE
U1860,60,47,36,58,37,Night Owl,57,71,40,Casual Poster,Experience Seekers,Right,0.86,FALSE,FALSE,TRUE,TRUE,FALSE,FALSE
U1861,37,65,65,34,53,Flexible,84,33,51,Casual Poster,Changemakers,Not inferred,0.0,FALSE,TRUE,FALSE,FALSE,FALSE,FALSE
U1862,54,29,61,9,36,Flexible,67,19,60,Active Poster,Experience Seekers,Center,0.67,FALSE,FALSE,FALSE,TRUE,FALSE,TRUE
U1863,53,50,70,25,28,Early Bird,100,59,53,Casual Poster,Belongers,Left,0.48,FALSE,FALSE,TRUE,FALSE,TRUE,FALSE
U1864,51,52,75,47,51,Night Owl,84,36,67,Active Poster,Belongers,Left,0.75,FALSE,FALSE,FALSE,FALSE,FALSE,FALSE
U1865,62,67,54,23,23,Early Bird,100,38,50,Casual Poster,Trendsetters,Center,0.79,FALSE,TRUE,TRUE,TRUE,FALSE,FALSE
U1866,33,56,42,66,46,Early Bird,89,14,47,Casual Poster,Experience Seekers,Center-Left,0.85,TRUE,FALSE,TRUE,TRUE,TRUE,TRUE
U1867,62,76,46,15,53,Early Bird,79,27,51,Casual Poster,Experience Seekers,Center-Right,0.66,FALSE,TRUE,FALSE,FALSE,FALSE,TRUE
U1868,41,50,46,84,29,Flexible,84,40,41,Lurker,Belongers,Center,0.67,FALSE,TRUE,TRUE,FALSE,TRUE,FALSE
U1869,54,53,23,13,67,Night Owl,73,52,35,Lurker,Experience Seekers,Not inferred,0.0,FALSE,FALSE,FALSE,FALSE,FALSE,FALSE
U1870,47,45,62,42,19,Flexible,64,26,52,Casual Poster,Experience Seekers,Not inferred,0.0,FALSE,FALSE,FALSE,FALSE,TRUE,FALSE
U1871,52,41,32,25,22,Flexible,99,16,31,Lurker,Experience Seekers,Center-Left,0.69,FALSE,TRUE,FALSE,FALSE,FALSE,TRUE
U1872,61,36,52,23,74,Night Owl,79,53,42,Lurker,Experience Seekers,Left,0.4,FALSE,TRUE,FALSE,FALSE,FALSE,FALSE
U1873,60,44,54,64,29,Flexible,69,30,50,Casual Poster,Experience Seekers,Center-Left,0.68,FALSE,FALSE,FALSE,TRUE,FALSE,FALSE
U1874,41,63,85,28,53,Flexible,98,39,72,Active Poster,Changemakers,Center-Left,0.93,FALSE,FALSE,FALSE,FALSE,FALSE,FALSE
U1875,60,47,39,24,61,Night Owl,80,85,48,Casual Poster,Achievers,Right,0.4,TRUE,TRUE,FALSE,FALSE,TRUE,FALSE
U1876,57,38,53,28,64,Night Owl,73,43,48,Casual Poster,Pragmatists,Center-Left,0.67,TRUE,TRUE,FALSE,FALSE,FALSE,FALSE
U1877,56,46,23,55,68,Night Owl,74,29,30,Lurker,Changemakers,Left,0.56,FALSE,FALSE,FALSE,TRUE,TRUE,FALSE
U1878,45,46,42,75,65,Flexible,66,57,35,Lurker,Achievers,Center-Left,0.95,FALSE,FALSE,FALSE,TRUE,FALSE,TRUE
U1879,64,53,73,47,50,Night Owl,86,13,55,Lurker,Belongers,Center,0.38,FALSE,TRUE,FALSE,TRUE,FALSE,FALSE
U1880,58,48,73,77,59,Early Bird,92,56,67,Active Poster,Belongers,Not inferred,0.0,FALSE,FALSE,TRUE,FALSE,FALSE,FALSE
U1881,57,67,38,57,41,Night Owl,61,65,37,Lurker,Achievers,Right,0.81,FALSE,TRUE,TRUE,FALSE,FALSE,FALSE
U1882,66,52,59,64,13,Early Bird,80,51,57,Casual Poster,Belongers,Center,0.44,FALSE,TRUE,FALSE,FALSE,FALSE,FALSE
U1883,43,60,28,8,9,Early Bird,81,64,37,Lurker,Experience Seekers,Right,0.51,FALSE,FALSE,TRUE,FALSE,FALSE,FALSE
U1884,53,40,60,47,56,Night Owl,82,14,49,Casual Poster,Achievers,Center-Right,0.6,FALSE,FALSE,FALSE,FALSE,TRUE,FALSE
U1885,45,59,53,47,54,Early Bird,86,42,38,Lurker,Changemakers,Right,0.73,FALSE,FALSE,FALSE,TRUE,FALSE,FALSE
U1886,40,64,49,32,49,Early Bird,74,53,50,Active Poster,Achievers,Not inferred,0.0,TRUE,FALSE,FALSE,FALSE,FALSE,FALSE
U1887,56,43,77,54,19,Flexible,91,35,61,Casual Poster,Belongers,Right,0.48,FALSE,FALSE,FALSE,TRUE,FALSE,FALSE
U1888,52,54,43,45,22,Flexible,76,54,57,Casual Poster,Experience Seekers,Center-Right,0.65,FALSE,FALSE,FALSE,FALSE,FALSE,FALSE
U1889,54,76,53,51,60,Early Bird,73,58,59,Active Poster,Experience Seekers,Center,0.53,FALSE,FALSE,FALSE,TRUE,FALSE,FALSE
U1890,54,52,55,59,37,Flexible,84,78,59,Casual Poster,Achievers,Right,0.87,FALSE,TRUE,FALSE,FALSE,FALSE,FALSE
U1891,31,43,39,65,59,Night Owl,70,76,47,Lurker,Experience Seekers,Left,0.56,FALSE,TRUE,FALSE,FALSE,FALSE,FALSE
U1892,53,28,55,34,46,Night Owl,69,78,58,Casual Poster,Changemakers,Left,0.55,FALSE,FALSE,TRUE,FALSE,FALSE,FALSE
U1893,66,42,23,56,31,Flexible,94,74,35,Casual Poster,Changemakers,Center-Left,0.58,TRUE,FALSE,TRUE,FALSE,FALSE,FALSE
U1894,72,49,32,56,28,Flexible,82,14,38,Lurker,Experience Seekers,Right,0.37,TRUE,TRUE,TRUE,FALSE,FALSE,FALSE
U1895,51,51,63,36,40,Early Bird,100,74,57,Casual Poster,Changemakers,Left,0.81,FALSE,FALSE,FALSE,FALSE,FALSE,FALSE
U1896,59,22,75,27,75,Night Owl,79,47,69,Active Poster,Experience Seekers,Center-Right,0.46,FALSE,FALSE,TRUE,FALSE,FALSE,FALSE
U1897,37,35,69,22,31,Night Owl,63,31,54,Casual Poster,Changemakers,Center-Left,0.5,FALSE,FALSE,FALSE,FALSE,FALSE,FALSE
U1898,33,45,54,60,39,Flexible,79,38,60,Active Poster,Belongers,Center-Right,0.75,FALSE,FALSE,FALSE,FALSE,FALSE,FALSE
U1899,46,42,34,61,42,Flexible,69,54,39,Casual Poster,Pragmatists,Left,0.85,TRUE,FALSE,FALSE,FALSE,FALSE,FALSE
U1900,72,31,54,57,33,Night Owl,70,28,66,Active Poster,Trendsetters,Center-Left,0.69,FALSE,FALSE,FALSE,FALSE,FALSE,FALSE
U1901,44,39,41,33,83,Night Owl,46,31,42,Casual Poster,Belongers,Left,0.77,FALSE,FALSE,FALSE,TRUE,FALSE,FALSE
U1902,29,50,34,37,48,Flexible,73,70,38,Lurker,Belongers,Right,0.84,FALSE,TRUE,FALSE,TRUE,FALSE,FALSE
U1903,32,39,42,30,29,Night Owl,55,27,62,Active Poster,Changemakers,Center-Left,0.74,TRUE,FALSE,FALSE,TRUE,FALSE,FALSE
U1904,49,62,61,58,43,Flexible,78,42,60,Active Poster,Experience Seekers,Center-Left,0.42,FALSE,FALSE,FALSE,FALSE,FALSE,FALSE
U1905,22,36,71,69,48,Flexible,67,44,66,Active Poster,Belongers,Center-Right,0.91,FALSE,TRUE,TRUE,FALSE,FALSE,FALSE
U1906,29,53,28,15,46,Night Owl,64,64,34,Lurker,Changemakers,Center,0.81,FALSE,FALSE,FALSE,FALSE,FALSE,FALSE
U1907,76,53,43,49,16,Flexible,89,80,45,Lurker,Experience Seekers,Center-Left,0.53,FALSE,FALSE,FALSE,FALSE,FALSE,TRUE
U1908,72,64,65,38,23,Flexible,89,58,53,Casual Poster,Experience Seekers,Center,0.89,TRUE,TRUE,FALSE,FALSE,TRUE,FALSE
U1909,40,47,30,37,41,Night Owl,77,38,27,Lurker,Achievers,Center-Right,0.44,FALSE,TRUE,FALSE,FALSE,FALSE,FALSE
U1910,68,33,62,70,40,Flexible,71,76,54,Casual Poster,Belongers,Left,0.93,FALSE,TRUE,FALSE,FALSE,FALSE,FALSE
U1911,41,69,45,53,34,Early Bird,77,71,33,Lurker,Achievers,Left,0.54,FALSE,FALSE,FALSE,TRUE,FALSE,FALSE
U1912,53,42,38,31,58,Flexible,69,70,39,Lurker,Changemakers,Center-Right,0.85,FALSE,FALSE,FALSE,FALSE,FALSE,FALSE
U1913,60,41,61,68,12,Early Bird,100,40,55,Casual Poster,Experience Seekers,Center-Left,0.93,FALSE,TRUE,TRUE,FALSE,FALSE,FALSE
U1914,47,42,35,69,21,Flexible,56,44,56,Active Poster,Trendsetters,Center,0.63,FALSE,TRUE,FALSE,FALSE,FALSE,FALSE
U1915,44,65,70,87,68,Night Owl,66,53,62,Casual Poster,Belongers,Center-Left,0.65,TRUE,FALSE,TRUE,FALSE,FALSE,FALSE
U1916,45,50,51,47,46,Flexible,70,73,61,Creator,Trendsetters,Left,0.37,FALSE,FALSE,FALSE,TRUE,TRUE,FALSE
U1917,37,38,73,78,65,Flexible,59,59,60,Casual Poster,Belongers,Center,0.59,FALSE,FALSE,TRUE,FALSE,FALSE,FALSE
U1918,28,72,63,52,8,Early Bird,86,66,60,Casual Poster,Belongers,Left,0.53,TRUE,FALSE,FALSE,FALSE,FALSE,FALSE
U1919,48,37,52,55,18,Flexible,88,86,54,Casual Poster,Experience Seekers,Center-Left,0.56,FALSE,FALSE,TRUE,FALSE,FALSE,FALSE
U1920,65,43,68,68,63,Flexible,85,51,62,Casual Poster,Belongers,Right,0.59,FALSE,FALSE,FALSE,TRUE,TRUE,FALSE
U1921,57,46,21,49,51,Night Owl,68,61,36,Lurker,Pragmatists,Center-Right,0.87,TRUE,TRUE,TRUE,FALSE,TRUE,FALSE
U1922,67,51,63,70,70,Night Owl,56,63,62,Active Poster,Belongers,Center-Left,0.5,TRUE,FALSE,FALSE,FALSE,TRUE,FALSE
U1923,46,42,47,35,63,Flexible,51,70,52,Casual Poster,Experience Seekers,Center-Right,0.89,FALSE,TRUE,FALSE,FALSE,FALSE,FALSE
U1924,39,44,51,78,31,Flexible,98,39,58,Active Poster,Belongers,Right,0.73,TRUE,FALSE,FALSE,FALSE,FALSE,FALSE
U1925,56,70,35,16,16,Flexible,82,67,42,Lurker,Achievers,Left,0.83,FALSE,FALSE,TRUE,FALSE,FALSE,FALSE
U1926,52,33,65,56,30,Night Owl,85,56,55,Casual Poster,Changemakers,Left,0.46,FALSE,TRUE,TRUE,FALSE,FALSE,FALSE
U1927,59,20,68,56,37,Flexible,64,69,58,Casual Poster,Belongers,Center-Left,0.76,FALSE,FALSE,FALSE,TRUE,FALSE,FALSE
U1928,28,54,11,73,11,Flexible,100,76,26,Lurker,Achievers,Right,0.45,TRUE,FALSE,FALSE,FALSE,TRUE,FALSE
U1929,42,61,56,44,56,Night Owl,86,48,60,Casual Poster,Belongers,Center-Left,0.81,TRUE,FALSE,FALSE,FALSE,FALSE,FALSE
U1930,62,69,37,63,43,Flexible,68,54,42,Casual Poster,Trendsetters,Right,0.66,FALSE,FALSE,FALSE,FALSE,FALSE,FALSE
U1931,49,64,54,27,65,Flexible,63,23,48,Lurker,Belongers,Center-Left,0.78,FALSE,FALSE,FALSE,FALSE,FALSE,FALSE
U1932,42,37,38,55,59,Night Owl,60,39,48,Casual Poster,Changemakers,Left,0.45,FALSE,TRUE,FALSE,FALSE,FALSE,FALSE
U1933,42,37,82,62,46,Night Owl,75,61,58,Casual Poster,Belongers,Center-Left,0.55,FALSE,TRUE,FALSE,FALSE,FALSE,FALSE
U1934,44,38,46,13,46,Night Owl,62,69,39,Lurker,Experience Seekers,Left,0.81,FALSE,FALSE,FALSE,FALSE,FALSE,TRUE
U1935,45,66,66,73,15,Early Bird,77,55,47,Casual Poster,Experience Seekers,Center-Left,0.89,FALSE,TRUE,FALSE,TRUE,FALSE,FALSE
U1936,28,44,36,70,35,Flexible,78,28,36,Lurker,Changemakers,Center-Left,0.53,FALSE,FALSE,FALSE,TRUE,FALSE,FALSE
U1937,40,37,36,76,50,Night Owl,83,62,32,Lurker,Experience Seekers,Center-Left,0.81,FALSE,FALSE,FALSE,TRUE,FALSE,FALSE
U1938,48,45,34,69,56,Night Owl,85,81,35,Lurker,Achievers,Right,0.54,TRUE,FALSE,FALSE,FALSE,TRUE,FALSE
U1939,54,43,52,75,56,Flexible,80,46,47,Lurker,Belongers,Right,0.53,FALSE,TRUE,FALSE,FALSE,FALSE,TRUE
U1940,41,37,46,27,75,Night Owl,100,80,32,Lurker,Achievers,Center-Left,0.89,FALSE,FALSE,FALSE,FALSE,FALSE,FALSE
U1941,49,47,49,34,30,Flexible,70,42,50,Casual Poster,Experience Seekers,Right,0.59,FALSE,FALSE,FALSE,TRUE,FALSE,FALSE
U1942,55,49,20,39,59,Night Owl,83,18,33,Lurker,Experience Seekers,Center-Right,0.63,TRUE,FALSE,TRUE,FALSE,FALSE,FALSE
U1943,52,55,65,53,54,Flexible,69,29,66,Active Poster,Belongers,Center-Right,0.73,TRUE,FALSE,TRUE,TRUE,TRUE,FALSE
U1944,43,63,68,75,48,Night Owl,81,48,59,Casual Poster,Belongers,Center-Left,0.71,TRUE,FALSE,FALSE,FALSE,TRUE,FALSE
U1945,45,39,53,73,62,Flexible,80,42,55,Casual Poster,Changemakers,Not inferred,0.0,FALSE,FALSE,FALSE,FALSE,FALSE,FALSE
U1946,60,29,36,43,41,Night Owl,47,69,29,Lurker,Experience Seekers,Center-Right,0.75,FALSE,FALSE,TRUE,FALSE,FALSE,FALSE
U1947,35,47,73,51,70,Flexible,100,52,61,Casual Poster,Belongers,Left,0.73,FALSE,FALSE,TRUE,TRUE,FALSE,TRUE
U1948,28,36,73,89,69,Flexible,61,29,58,Casual Poster,Belongers,Left,0.47,FALSE,TRUE,FALSE,FALSE,FALSE,FALSE
U1949,28,74,25,7,59,Flexible,90,65,34,Lurker,Experience Seekers,Right,0.93,FALSE,FALSE,FALSE,FALSE,FALSE,FALSE
U1950,40,52,63,23,64,Flexible,86,42,69,Active Poster,Belongers,Right,0.63,FALSE,FALSE,FALSE,TRUE,FALSE,FALSE
U1951,51,67,28,53,59,Early Bird,66,47,32,Lurker,Changemakers,Center,0.44,TRUE,FALSE,FALSE,FALSE,FALSE,TRUE
U1952,47,28,33,74,24,Flexible,77,29,26,Lurker,Pragmatists,Left,0.57,FALSE,TRUE,FALSE,FALSE,FALSE,FALSE
U1953,26,38,59,57,34,Flexible,64,62,61,Casual Poster,Belongers,Center-Right,0.47,TRUE,FALSE,FALSE,FALSE,FALSE,FALSE
U1954,37,49,40,82,81,Night Owl,67,37,42,Lurker,Changemakers,Center-Left,0.5,FALSE,FALSE,FALSE,FALSE,FALSE,FALSE
U1955,62,68,40,86,15,Early Bird,61,54,29,Lurker,Trendsetters,Center-Left,0.68,TRUE,FALSE,FALSE,FALSE,FALSE,FALSE
U1956,53,48,38,39,19,Early Bird,85,46,47,Casual Poster,Experience Seekers,Not inferred,0.0,FALSE,TRUE,FALSE,FALSE,FALSE,FALSE
U1957,39,36,51,26,67,Flexible,98,64,44,Lurker,Achievers,Right,0.73,FALSE,FALSE,TRUE,TRUE,TRUE,FALSE
U1958,41,40,23,35,17,Flexible,67,57,41,Casual Poster,Experience Seekers,Center,0.66,FALSE,FALSE,TRUE,FALSE,FALSE,FALSE
U1959,42,28,55,27,79,Night Owl,56,62,40,Lurker,Experience Seekers,Center-Right,0.7,FALSE,FALSE,TRUE,TRUE,FALSE,FALSE
U1960,48,47,49,24,49,Flexible,57,65,49,Casual Poster,Experience Seekers,Center,0.68,FALSE,TRUE,FALSE,FALSE,FALSE,FALSE
U1961,47,48,57,70,43,Night Owl,63,24,59,Active Poster,Belongers,Center-Left,0.37,FALSE,TRUE,FALSE,TRUE,FALSE,FALSE
U1962,43,44,51,46,60,Early Bird,95,47,37,Lurker,Trendsetters,Left,0.82,TRUE,FALSE,FALSE,FALSE,FALSE,FALSE
U1963,44,43,26,43,67,Night Owl,80,33,25,Lurker,Experience Seekers,Center,0.41,FALSE,TRUE,FALSE,TRUE,FALSE,FALSE
U1964,58,55,56,16,18,Early Bird,67,33,58,Active Poster,Trendsetters,Left,0.37,TRUE,FALSE,TRUE,TRUE,FALSE,FALSE
U1965,55,38,84,15,65,Flexible,89,68,68,Active Poster,Belongers,Not inferred,0.0,FALSE,TRUE,FALSE,TRUE,FALSE,TRUE
U1966,50,64,28,27,41,Early Bird,87,83,35,Lurker,Experience Seekers,Center-Right,0.88,FALSE,TRUE,TRUE,FALSE,FALSE,FALSE
U1967,66,38,39,24,41,Flexible,100,68,53,Active Poster,Trendsetters,Center,0.79,TRUE,FALSE,FALSE,TRUE,FALSE,FALSE
U1968,65,63,27,55,55,Early Bird,72,35,39,Lurker,Trendsetters,Left,0.85,FALSE,FALSE,FALSE,FALSE,TRUE,FALSE
U1969,46,48,80,16,73,Flexible,65,31,63,Casual Poster,Belongers,Center-Right,0.38,FALSE,FALSE,FALSE,FALSE,FALSE,TRUE
U1970,30,59,56,30,75,Night Owl,49,64,53,Casual Poster,Belongers,Not inferred,0.0,TRUE,FALSE,TRUE,TRUE,FALSE,FALSE
U1971,31,58,59,87,29,Early Bird,71,47,60,Active Poster,Belongers,Center-Right,0.74,FALSE,TRUE,TRUE,FALSE,FALSE,TRUE
U1972,52,44,55,70,31,Early Bird,73,69,49,Casual Poster,Belongers,Left,0.73,FALSE,TRUE,FALSE,FALSE,TRUE,FALSE
U1973,39,60,37,59,38,Night Owl,66,51,46,Casual Poster,Experience Seekers,Center-Right,0.82,FALSE,FALSE,TRUE,FALSE,FALSE,FALSE
U1974,50,48,60,21,55,Flexible,70,55,50,Casual Poster,Trendsetters,Right,0.43,TRUE,TRUE,FALSE,FALSE,FALSE,FALSE
U1975,59,58,20,25,26,Night Owl,90,43,32,Lurker,Experience Seekers,Left,0.68,TRUE,FALSE,FALSE,FALSE,TRUE,FALSE
U1976,15,29,69,22,27,Flexible,80,59,55,Casual Poster,Belongers,Center-Right,0.83,FALSE,TRUE,FALSE,FALSE,FALSE,TRUE
U1977,46,71,53,15,49,Early Bird,74,57,55,Casual Poster,Experience Seekers,Not inferred,0.0,FALSE,FALSE,TRUE,FALSE,FALSE,FALSE
U1978,24,63,71,71,64,Night Owl,71,68,50,Casual Poster,Belongers,Not inferred,0.0,FALSE,FALSE,FALSE,FALSE,FALSE,FALSE
U1979,57,47,39,78,32,Flexible,83,45,29,Lurker,Experience Seekers,Right,0.52,FALSE,FALSE,FALSE,FALSE,FALSE,FALSE
U1980,61,21,35,57,49,Night Owl,65,7,37,Lurker,Changemakers,Center,0.53,TRUE,TRUE,FALSE,FALSE,FALSE,FALSE
U1981,42,19,56,52,45,Night Owl,60,42,58,Casual Poster,Experience Seekers,Left,0.81,FALSE,FALSE,FALSE,FALSE,TRUE,FALSE
U1982,47,70,46,65,58,Flexible,83,19,40,Lurker,Achievers,Center,0.71,FALSE,TRUE,TRUE,TRUE,FALSE,FALSE
U1983,37,62,23,55,53,Flexible,79,58,24,Lurker,Achievers,Not inferred,0.0,FALSE,FALSE,FALSE,FALSE,FALSE,FALSE
U1984,47,30,26,25,20,Flexible,62,41,36,Lurker,Changemakers,Left,0.64,TRUE,FALSE,FALSE,TRUE,FALSE,FALSE
U1985,46,49,60,18,44,Flexible,68,60,44,Lurker,Changemakers,Center-Left,0.67,FALSE,FALSE,FALSE,TRUE,FALSE,FALSE
U1986,30,47,39,32,42,Night Owl,51,62,41,Casual Poster,Experience Seekers,Center-Right,0.81,FALSE,FALSE,FALSE,TRUE,FALSE,FALSE
U1987,29,50,49,70,38,Flexible,85,29,34,Lurker,Pragmatists,Center-Right,0.91,TRUE,FALSE,FALSE,FALSE,TRUE,FALSE
U1988,47,46,56,83,48,Flexible,83,23,52,Casual Poster,Belongers,Center-Left,0.43,FALSE,FALSE,TRUE,FALSE,FALSE,FALSE
U1989,61,51,47,49,30,Night Owl,78,35,39,Lurker,Experience Seekers,Left,0.88,TRUE,FALSE,TRUE,FALSE,FALSE,FALSE
U1990,47,80,72,84,31,Early Bird,100,28,52,Casual Poster,Achievers,Right,0.91,FALSE,FALSE,TRUE,FALSE,FALSE,FALSE
U1991,63,48,25,20,43,Flexible,80,65,33,Lurker,Achievers,Center-Left,0.79,FALSE,FALSE,TRUE,FALSE,TRUE,FALSE
U1992,45,30,54,74,47,Early Bird,92,41,60,Casual Poster,Changemakers,Center-Right,0.72,FALSE,FALSE,FALSE,FALSE,FALSE,FALSE
U1993,46,38,67,44,73,Night Owl,59,67,51,Lurker,Belongers,Center-Left,0.89,FALSE,TRUE,TRUE,FALSE,FALSE,FALSE
U1994,27,48,59,91,40,Flexible,70,81,54,Active Poster,Belongers,Center-Left,0.76,FALSE,FALSE,FALSE,FALSE,FALSE,FALSE
U1995,46,29,33,51,54,Night Owl,72,16,40,Lurker,Experience Seekers,Left,0.69,FALSE,FALSE,FALSE,TRUE,FALSE,TRUE
U1996,32,32,49,21,30,Flexible,81,25,41,Lurker,Changemakers,Left,0.86,TRUE,FALSE,TRUE,FALSE,FALSE,FALSE
U1997,54,59,56,32,32,Flexible,100,48,51,Casual Poster,Experience Seekers,Left,0.53,FALSE,TRUE,FALSE,TRUE,FALSE,FALSE
U1998,64,39,56,22,63,Flexible,68,31,55,Casual Poster,Trendsetters,Center,0.56,FALSE,FALSE,FALSE,FALSE,FALSE,FALSE
U1999,40,64,68,21,23,Flexible,90,60,85,Creator,Achievers,Center-Right,0.6,TRUE,TRUE,TRUE,TRUE,FALSE,FALSE
U2000,53,43,69,72,60,Flexible,83,38,66,Active Poster,Belongers,Center,0.71,TRUE,TRUE,TRUE,FALSE,FALSE,FALSE
