profile_id,user_id,platform,handle,account_age_months,follower_count,following_count,engagement_rate_pct,posts_per_week,avg_daily_minutes,primary_usage_daypart,is_private_account,verified,ad_personalization_enabled,location_sharing_enabled,contacts_synced
P00001,U0001,Instagram,elijah.peterson51,49,631,509,3.4,2.5,36.8,Late Night (10pm-2am),TRUE,FALSE,TRUE,FALSE,TRUE
P00002,U0001,TikTok,elijahp643,35,263,231,2.21,3.2,93.0,Late Night (10pm-2am),TRUE,FALSE,TRUE,FALSE,TRUE
P00003,U0001,Snapchat,elijah.peterson79,55,247,247,1.9,1.1,15.2,Late Night (10pm-2am),FALSE,FALSE,TRUE,TRUE,TRUE
P00004,U0001,X (Twitter),elijahp517,19,482,244,4.97,3.2,18.7,Late Night (10pm-2am),TRUE,FALSE,TRUE,TRUE,TRUE
P00005,U0001,Facebook,itselijaho,47,339,339,3.6,1.0,14.9,Late Night (10pm-2am),TRUE,FALSE,TRUE,FALSE,TRUE
P00006,U0002,Instagram,julian.sullivan61,57,1141,384,2.21,1.4,107.0,Late Night (10pm-2am),FALSE,FALSE,FALSE,FALSE,TRUE
P00007,U0002,TikTok,julians216,41,525,1108,1.9,2.2,61.4,Late Night (10pm-2am),FALSE,FALSE,TRUE,FALSE,FALSE
P00008,U0002,Facebook,julian_official,28,293,293,3.8,3.5,10.1,Late Night (10pm-2am),FALSE,FALSE,TRUE,FALSE,TRUE
P00009,U0003,Instagram,mohammed.virtanen76,69,1699,300,1.68,0.9,34.8,Late Night (10pm-2am),FALSE,FALSE,TRUE,TRUE,TRUE
P00010,U0003,Snapchat,mohammed.virtanen70,39,908,908,2.63,0.8,29.0,Late Night (10pm-2am),TRUE,FALSE,FALSE,TRUE,TRUE
P00011,U0003,Facebook,mohammed_gram,96,606,606,0.2,4.1,12.0,Late Night (10pm-2am),TRUE,FALSE,FALSE,FALSE,FALSE
P00012,U0004,Instagram,lukea775,51,1790,455,3.45,4.0,39.8,Late Night (10pm-2am),FALSE,FALSE,TRUE,FALSE,TRUE
P00013,U0004,TikTok,luke.adams45,41,500,1150,3.46,1.2,97.3,Late Night (10pm-2am),FALSE,FALSE,FALSE,FALSE,TRUE
P00014,U0004,Snapchat,lukea864,45,194,194,5.61,3.1,32.9,Late Night (10pm-2am),FALSE,FALSE,TRUE,FALSE,FALSE
P00015,U0004,X (Twitter),luke_2027,70,62,146,4.82,0.6,8.8,Late Night (10pm-2am),FALSE,FALSE,TRUE,FALSE,FALSE
P00016,U0004,Facebook,itsluke6,92,896,896,3.7,0.9,7.6,Late Night (10pm-2am),FALSE,FALSE,TRUE,TRUE,FALSE
P00017,U0005,Instagram,daniel.pham38,47,287,1066,2.92,2.4,34.4,Late Night (10pm-2am),TRUE,FALSE,FALSE,FALSE,TRUE
P00018,U0005,TikTok,daniel.pham80,32,1374,626,1.41,0.4,113.8,Late Night (10pm-2am),FALSE,FALSE,FALSE,FALSE,FALSE
P00019,U0005,Snapchat,daniel_official,69,229,229,5.43,1.4,49.6,Late Night (10pm-2am),TRUE,FALSE,TRUE,TRUE,TRUE
P00020,U0005,X (Twitter),daniel_official,59,112,265,3.33,0.9,14.6,Late Night (10pm-2am),TRUE,FALSE,TRUE,FALSE,FALSE
P00021,U0005,Facebook,danielp533,112,149,149,3.76,1.7,17.1,Late Night (10pm-2am),FALSE,FALSE,TRUE,TRUE,FALSE
P00022,U0006,Instagram,elijah_x,81,3317,241,0.92,1.7,60.6,Late Night (10pm-2am),FALSE,FALSE,TRUE,FALSE,TRUE
P00023,U0006,TikTok,elijah_gram,22,86,469,5.12,2.3,70.5,Late Night (10pm-2am),FALSE,FALSE,TRUE,FALSE,FALSE
P00024,U0006,Snapchat,elijah.murphy74,63,500,500,4.21,1.1,45.0,Late Night (10pm-2am),TRUE,FALSE,TRUE,FALSE,TRUE
P00025,U0006,X (Twitter),elijahm307,32,63,421,6.11,0.3,18.6,Late Night (10pm-2am),TRUE,FALSE,FALSE,FALSE,TRUE
P00026,U0007,Instagram,landon_gram,90,1241,239,3.61,4.0,92.5,Midday (10am-2pm),FALSE,FALSE,FALSE,FALSE,TRUE
P00027,U0007,TikTok,landon.reed28,31,522,556,4.15,2.4,54.7,Evening (6-10pm),FALSE,FALSE,TRUE,FALSE,TRUE
P00028,U0007,Snapchat,itslandon1,65,220,220,5.63,2.4,31.7,Morning (6-10am),TRUE,FALSE,FALSE,TRUE,TRUE
P00029,U0007,X (Twitter),landon.reed,31,107,292,5.02,2.7,42.2,Evening (6-10pm),FALSE,FALSE,TRUE,TRUE,FALSE
P00030,U0007,Facebook,landon_x,67,1089,1089,3.15,1.3,4.5,Evening (6-10pm),FALSE,FALSE,TRUE,FALSE,TRUE
P00031,U0008,Instagram,imani_2027,67,193,211,3.79,0.5,65.2,Late Night (10pm-2am),TRUE,FALSE,FALSE,FALSE,FALSE
P00032,U0008,TikTok,imania383,56,1801,321,2.1,2.6,94.9,Late Night (10pm-2am),TRUE,FALSE,TRUE,FALSE,FALSE
P00033,U0008,Snapchat,imani_2029,47,227,227,3.98,0.8,64.7,Late Night (10pm-2am),TRUE,FALSE,FALSE,FALSE,TRUE
P00034,U0009,Instagram,everlyb801,62,75,180,2.1,0.5,38.5,Evening (6-10pm),TRUE,FALSE,TRUE,TRUE,TRUE
P00035,U0009,TikTok,everly.becker,18,375,449,1.36,0.7,21.9,Morning (6-10am),FALSE,FALSE,TRUE,FALSE,TRUE
P00036,U0009,Snapchat,everly.becker63,69,156,156,1.84,0.8,14.7,Midday (10am-2pm),TRUE,FALSE,FALSE,TRUE,TRUE
P00037,U0009,Facebook,itseverlyx,69,508,508,2.79,3.7,10.6,Morning (6-10am),TRUE,FALSE,FALSE,FALSE,TRUE
P00038,U0010,Instagram,christian_tv,68,410,474,3.23,0.6,61.3,Midday (10am-2pm),TRUE,FALSE,TRUE,TRUE,FALSE
P00039,U0010,TikTok,christian_official,42,155,443,1.02,0.0,107.0,Evening (6-10pm),FALSE,FALSE,FALSE,TRUE,TRUE
P00040,U0010,Snapchat,christian_2029,36,218,218,3.59,0.5,31.3,Evening (6-10pm),FALSE,FALSE,FALSE,FALSE,TRUE
P00041,U0011,Instagram,mohammed.muller,55,293,242,2.49,1.1,57.1,Afternoon (2-6pm),TRUE,FALSE,TRUE,FALSE,TRUE
P00042,U0011,TikTok,mohammed_2026,32,142,422,0.69,1.1,64.5,Evening (6-10pm),FALSE,FALSE,TRUE,TRUE,TRUE
P00043,U0011,Facebook,mohammedm224,97,1025,1025,0.2,1.6,15.3,Midday (10am-2pm),TRUE,FALSE,FALSE,FALSE,TRUE
P00044,U0012,Instagram,benjamin.flores7,46,999,405,2.21,1.3,100.2,Evening (6-10pm),TRUE,FALSE,FALSE,FALSE,TRUE
P00045,U0012,TikTok,benjamin.flores59,23,673,324,1.83,0.5,121.2,Morning (6-10am),FALSE,FALSE,TRUE,FALSE,FALSE
P00046,U0012,Snapchat,benjaminf724,50,641,641,1.98,0.9,29.7,Morning (6-10am),TRUE,FALSE,TRUE,FALSE,FALSE
P00047,U0012,X (Twitter),benjaminf583,84,176,331,0.2,3.6,24.6,Morning (6-10am),FALSE,FALSE,TRUE,FALSE,TRUE
P00048,U0013,Instagram,itsalexander2,85,574,186,3.34,1.4,62.4,Late Night (10pm-2am),FALSE,FALSE,TRUE,FALSE,FALSE
P00049,U0013,Snapchat,alexanderw847,74,268,268,3.03,1.2,55.7,Late Night (10pm-2am),TRUE,FALSE,TRUE,TRUE,TRUE
P00050,U0013,Facebook,alexander_official,83,696,696,0.2,1.1,10.7,Late Night (10pm-2am),TRUE,FALSE,TRUE,FALSE,TRUE
P00051,U0014,Instagram,daniela.scott28,101,922,460,1.48,1.3,29.6,Afternoon (2-6pm),TRUE,FALSE,FALSE,FALSE,FALSE
P00052,U0014,TikTok,danielas508,22,325,343,1.04,0.5,95.1,Afternoon (2-6pm),FALSE,FALSE,FALSE,TRUE,TRUE
P00053,U0015,Instagram,itsvictoria6,50,679,373,3.97,3.1,33.7,Late Night (10pm-2am),FALSE,FALSE,TRUE,FALSE,FALSE
P00054,U0015,TikTok,itsvictoria7,37,163,522,5.43,5.2,95.7,Late Night (10pm-2am),FALSE,FALSE,TRUE,TRUE,TRUE
P00055,U0015,Snapchat,victoriak946,54,224,224,4.81,3.4,33.9,Late Night (10pm-2am),TRUE,FALSE,TRUE,TRUE,TRUE
P00056,U0015,X (Twitter),victoriak352,5,198,390,3.32,3.7,17.2,Late Night (10pm-2am),FALSE,FALSE,TRUE,FALSE,FALSE
P00057,U0016,Instagram,addison.lindberg,53,1442,299,2.48,0.8,120.5,Evening (6-10pm),FALSE,FALSE,TRUE,TRUE,FALSE
P00058,U0016,Snapchat,addisonl812,69,226,226,4.12,4.5,26.2,Afternoon (2-6pm),FALSE,FALSE,TRUE,TRUE,TRUE
P00059,U0016,Facebook,itsaddisonx,72,463,463,2.98,0.7,10.3,Afternoon (2-6pm),TRUE,FALSE,TRUE,FALSE,TRUE
P00060,U0017,Instagram,benjaming665,52,483,295,1.94,2.7,66.9,Late Night (10pm-2am),FALSE,FALSE,TRUE,TRUE,TRUE
P00061,U0017,TikTok,benjamin.gonzalez,79,305,350,3.53,1.5,62.6,Late Night (10pm-2am),FALSE,FALSE,TRUE,FALSE,TRUE
P00062,U0017,Snapchat,benjamin_official,36,197,197,2.3,0.4,24.3,Late Night (10pm-2am),FALSE,FALSE,FALSE,TRUE,TRUE
P00063,U0018,Instagram,lillian.turner49,59,561,623,4.93,3.3,84.5,Afternoon (2-6pm),FALSE,FALSE,TRUE,FALSE,TRUE
P00064,U0018,TikTok,lilliant886,13,828,324,3.19,2.2,57.3,Afternoon (2-6pm),FALSE,FALSE,FALSE,FALSE,TRUE
P00065,U0018,Snapchat,lilliant490,58,527,527,3.74,1.2,81.2,Afternoon (2-6pm),TRUE,FALSE,TRUE,TRUE,TRUE
P00066,U0018,X (Twitter),lillian_official,69,141,361,1.29,1.9,19.8,Evening (6-10pm),TRUE,FALSE,TRUE,TRUE,TRUE
P00067,U0019,Instagram,addisons889,78,746,272,2.42,1.5,105.1,Evening (6-10pm),FALSE,FALSE,TRUE,TRUE,TRUE
P00068,U0019,TikTok,addisons923,33,338,443,2.55,1.1,167.2,Afternoon (2-6pm),FALSE,FALSE,TRUE,FALSE,TRUE
P00069,U0019,Snapchat,addison_official,59,473,473,1.88,2.1,29.6,Evening (6-10pm),TRUE,FALSE,TRUE,TRUE,TRUE
P00070,U0019,X (Twitter),itsaddisonx,16,46,199,2.95,5.1,16.0,Evening (6-10pm),FALSE,FALSE,FALSE,TRUE,TRUE
P00071,U0020,Instagram,jacob_gram,85,1521,527,0.46,3.6,22.2,Late Night (10pm-2am),TRUE,FALSE,FALSE,TRUE,TRUE
P00072,U0020,TikTok,jacob.rodriguez,17,74,265,3.83,3.6,124.4,Late Night (10pm-2am),FALSE,FALSE,TRUE,FALSE,TRUE
P00073,U0020,Snapchat,jacob.rodriguez,63,326,326,2.72,0.9,75.9,Late Night (10pm-2am),TRUE,FALSE,FALSE,FALSE,FALSE
P00074,U0020,X (Twitter),jacob_x,43,155,166,1.37,0.2,10.7,Late Night (10pm-2am),TRUE,FALSE,TRUE,FALSE,FALSE
P00075,U0021,Instagram,cameron.andersen,61,1759,245,1.23,1.1,51.5,Late Night (10pm-2am),FALSE,FALSE,FALSE,TRUE,FALSE
P00076,U0021,TikTok,cameron.andersen77,33,827,128,4.44,3.5,97.4,Late Night (10pm-2am),FALSE,FALSE,FALSE,TRUE,FALSE
P00077,U0021,Snapchat,camerona403,84,180,180,2.99,1.8,102.1,Late Night (10pm-2am),TRUE,FALSE,TRUE,FALSE,FALSE
P00078,U0021,X (Twitter),cameron_tv,37,12,183,6.61,1.6,26.6,Late Night (10pm-2am),TRUE,FALSE,TRUE,FALSE,TRUE
P00079,U0021,Facebook,cameron_x,105,441,441,3.97,1.7,14.6,Late Night (10pm-2am),FALSE,FALSE,FALSE,FALSE,FALSE
P00080,U0022,Instagram,audrey_gram,66,1276,444,1.27,3.9,34.4,Late Night (10pm-2am),TRUE,FALSE,FALSE,TRUE,TRUE
P00081,U0022,X (Twitter),itsaudrey1,11,447,172,5.07,7.4,22.1,Late Night (10pm-2am),FALSE,FALSE,FALSE,FALSE,TRUE
P00082,U0022,Facebook,itsaudrey3,59,532,532,5.08,1.9,24.8,Late Night (10pm-2am),FALSE,FALSE,TRUE,FALSE,TRUE
P00083,U0023,Instagram,kinsley.rossi,43,1563,305,3.31,2.1,35.0,Evening (6-10pm),TRUE,FALSE,TRUE,FALSE,TRUE
P00084,U0023,TikTok,kinsley_x,31,80,886,2.35,4.1,105.8,Evening (6-10pm),FALSE,FALSE,TRUE,FALSE,TRUE
P00085,U0023,Snapchat,kinsleyr766,95,327,327,3.01,1.2,83.8,Midday (10am-2pm),TRUE,FALSE,TRUE,TRUE,TRUE
P00086,U0024,Instagram,luna.morris42,71,1370,321,0.32,0.6,34.7,Morning (6-10am),TRUE,FALSE,TRUE,FALSE,TRUE
P00087,U0024,TikTok,lunam885,30,110,774,2.8,1.1,114.6,Morning (6-10am),FALSE,FALSE,TRUE,TRUE,TRUE
P00088,U0025,Instagram,violet_gram,52,314,247,3.18,3.9,33.3,Afternoon (2-6pm),TRUE,FALSE,FALSE,FALSE,FALSE
P00089,U0025,TikTok,itsviolet4,64,152,730,4.59,0.9,76.6,Midday (10am-2pm),TRUE,FALSE,FALSE,FALSE,FALSE
P00090,U0025,X (Twitter),violet.patel7,7,477,203,3.17,1.6,22.2,Afternoon (2-6pm),FALSE,FALSE,TRUE,FALSE,FALSE
P00091,U0025,Facebook,violetp234,92,698,698,2.61,2.0,16.3,Midday (10am-2pm),FALSE,FALSE,TRUE,FALSE,FALSE
P00092,U0026,Instagram,charlottem801,76,541,517,3.51,2.1,70.3,Evening (6-10pm),FALSE,FALSE,TRUE,FALSE,TRUE
P00093,U0026,TikTok,charlotte.morris35,44,1029,501,1.55,0.7,45.5,Afternoon (2-6pm),FALSE,FALSE,TRUE,FALSE,TRUE
P00094,U0026,Snapchat,charlotte_official,81,409,409,2.13,2.9,22.2,Midday (10am-2pm),TRUE,FALSE,FALSE,TRUE,FALSE
P00095,U0026,X (Twitter),charlottem267,50,27,188,3.2,0.7,19.1,Midday (10am-2pm),FALSE,FALSE,FALSE,FALSE,TRUE
P00096,U0026,Facebook,charlotte.morris,71,945,945,3.76,1.8,16.2,Midday (10am-2pm),TRUE,FALSE,TRUE,FALSE,TRUE
P00097,U0027,Instagram,benjamin_2028,80,677,712,0.2,0.8,115.3,Late Night (10pm-2am),FALSE,FALSE,TRUE,FALSE,TRUE
P00098,U0027,TikTok,benjaminr913,55,605,280,1.27,2.5,86.1,Late Night (10pm-2am),FALSE,FALSE,FALSE,TRUE,TRUE
P00099,U0027,Snapchat,benjaminr333,90,282,282,2.69,1.4,50.5,Late Night (10pm-2am),TRUE,FALSE,TRUE,TRUE,TRUE
P00100,U0028,Instagram,alexander.garcia25,100,1507,545,3.17,1.4,102.7,Evening (6-10pm),TRUE,FALSE,TRUE,TRUE,TRUE
P00101,U0028,TikTok,alexander_2025,56,2700,524,1.5,1.9,91.6,Evening (6-10pm),FALSE,FALSE,TRUE,FALSE,TRUE
P00102,U0029,Instagram,evelyn.myers,78,1990,559,3.41,1.4,82.7,Midday (10am-2pm),TRUE,FALSE,FALSE,FALSE,FALSE
P00103,U0029,TikTok,evelyn.myers,30,1031,544,2.76,1.5,53.0,Evening (6-10pm),TRUE,FALSE,TRUE,TRUE,TRUE
P00104,U0029,Snapchat,itsevelyn,58,577,577,3.17,1.8,27.6,Afternoon (2-6pm),TRUE,FALSE,TRUE,FALSE,TRUE
P00105,U0029,X (Twitter),evelynm5,36,153,402,3.75,2.1,17.8,Midday (10am-2pm),FALSE,FALSE,TRUE,TRUE,TRUE
P00106,U0030,Instagram,camilaw941,71,302,416,5.08,2.6,50.0,Midday (10am-2pm),TRUE,FALSE,TRUE,TRUE,FALSE
P00107,U0030,TikTok,itscamila,26,69,982,4.53,0.5,93.7,Morning (6-10am),FALSE,FALSE,FALSE,FALSE,TRUE
P00108,U0030,Snapchat,camilaw695,91,626,626,3.25,2.0,39.5,Morning (6-10am),FALSE,FALSE,FALSE,TRUE,TRUE
P00109,U0031,Instagram,mattheww217,53,1022,1146,2.99,2.7,56.9,Late Night (10pm-2am),TRUE,FALSE,FALSE,FALSE,FALSE
P00110,U0031,TikTok,itsmatthewo,37,260,428,1.93,2.2,40.6,Late Night (10pm-2am),TRUE,FALSE,TRUE,FALSE,TRUE
P00111,U0031,Snapchat,matthew.wright,37,491,491,1.85,1.5,28.0,Late Night (10pm-2am),TRUE,FALSE,TRUE,FALSE,FALSE
P00112,U0031,X (Twitter),matthew_official,67,95,355,5.33,6.9,18.5,Late Night (10pm-2am),TRUE,FALSE,FALSE,FALSE,FALSE
P00113,U0032,Instagram,andrewj220,70,1617,612,2.36,2.2,67.4,Morning (6-10am),FALSE,FALSE,TRUE,TRUE,TRUE
P00114,U0032,TikTok,itsandrew2,10,130,437,4.94,1.7,19.1,Midday (10am-2pm),TRUE,FALSE,TRUE,TRUE,TRUE
P00115,U0032,Snapchat,itsandrew5,71,190,190,4.4,1.4,38.2,Morning (6-10am),TRUE,FALSE,TRUE,FALSE,FALSE
P00116,U0033,Instagram,hazel_x,79,3490,338,0.42,3.4,40.3,Morning (6-10am),FALSE,FALSE,FALSE,TRUE,TRUE
P00117,U0033,TikTok,hazel.becker3,48,128,175,4.87,2.3,148.5,Midday (10am-2pm),FALSE,FALSE,FALSE,FALSE,TRUE
P00118,U0033,Snapchat,hazel_tv,85,435,435,2.71,4.7,98.8,Midday (10am-2pm),TRUE,FALSE,FALSE,FALSE,TRUE
P00119,U0034,Instagram,natalie_gram,53,180,556,1.33,3.1,65.0,Late Night (10pm-2am),FALSE,FALSE,FALSE,FALSE,TRUE
P00120,U0034,Snapchat,natalieb669,75,473,473,1.9,1.3,18.1,Late Night (10pm-2am),TRUE,FALSE,TRUE,TRUE,TRUE
P00121,U0035,Instagram,alondra.walsh42,73,373,313,1.84,0.3,32.8,Afternoon (2-6pm),FALSE,FALSE,FALSE,FALSE,TRUE
P00122,U0035,TikTok,alondra_2029,44,53,222,5.25,1.3,73.7,Evening (6-10pm),TRUE,FALSE,FALSE,FALSE,FALSE
P00123,U0035,Snapchat,alondra_2029,50,631,631,1.83,0.6,52.1,Evening (6-10pm),TRUE,FALSE,TRUE,TRUE,TRUE
P00124,U0036,Instagram,jonathan_official,74,943,314,3.8,4.3,53.6,Late Night (10pm-2am),FALSE,FALSE,FALSE,FALSE,TRUE
P00125,U0036,TikTok,jonathan.gomez32,22,169,204,4.65,0.6,74.5,Late Night (10pm-2am),FALSE,FALSE,FALSE,TRUE,TRUE
P00126,U0036,Snapchat,jonathang6,44,431,431,3.76,2.7,41.6,Late Night (10pm-2am),TRUE,FALSE,FALSE,FALSE,TRUE
P00127,U0037,TikTok,itsmatthew,43,425,233,2.89,3.5,140.0,Midday (10am-2pm),FALSE,FALSE,TRUE,FALSE,FALSE
P00128,U0037,Snapchat,matthewg919,87,300,300,0.2,0.9,48.0,Evening (6-10pm),TRUE,FALSE,FALSE,FALSE,TRUE
P00129,U0038,Instagram,madelyn_tv,70,794,619,4.44,2.1,49.3,Late Night (10pm-2am),FALSE,FALSE,TRUE,FALSE,TRUE
P00130,U0038,Facebook,madelyn.santos36,39,456,456,1.23,0.4,17.8,Late Night (10pm-2am),TRUE,FALSE,TRUE,FALSE,TRUE
P00131,U0039,Instagram,sofia.janssen,50,1786,425,2.92,2.7,54.3,Morning (6-10am),FALSE,FALSE,TRUE,FALSE,TRUE
P00132,U0039,TikTok,sofiaj842,44,259,328,2.09,1.2,107.5,Evening (6-10pm),FALSE,FALSE,FALSE,FALSE,FALSE
P00133,U0040,Instagram,violet_tv,53,7556,402,2.5,0.7,50.2,Afternoon (2-6pm),FALSE,FALSE,TRUE,FALSE,TRUE
P00134,U0040,TikTok,violet_official,57,350,411,3.08,4.6,254.0,Evening (6-10pm),FALSE,FALSE,TRUE,TRUE,TRUE
P00135,U0040,X (Twitter),violet_2028,17,41,226,4.76,1.4,12.5,Midday (10am-2pm),TRUE,FALSE,FALSE,FALSE,TRUE
P00136,U0041,Instagram,grayson_2028,34,1228,305,2.84,0.5,45.6,Late Night (10pm-2am),FALSE,FALSE,TRUE,FALSE,TRUE
P00137,U0041,TikTok,grayson.campbell65,24,89,674,2.58,1.6,55.0,Late Night (10pm-2am),FALSE,FALSE,TRUE,TRUE,TRUE
P00138,U0041,Snapchat,grayson_x,33,116,116,1.67,3.7,25.1,Late Night (10pm-2am),TRUE,FALSE,FALSE,TRUE,TRUE
P00139,U0041,Facebook,grayson.campbell54,99,161,161,2.2,1.1,4.4,Late Night (10pm-2am),TRUE,FALSE,TRUE,FALSE,FALSE
P00140,U0042,Instagram,everly_tv,61,1501,243,2.15,1.9,111.7,Afternoon (2-6pm),FALSE,FALSE,TRUE,FALSE,FALSE
P00141,U0042,TikTok,itseverly5,55,81,610,3.92,0.7,73.1,Midday (10am-2pm),FALSE,FALSE,FALSE,FALSE,TRUE
P00142,U0043,Instagram,olivias140,46,472,297,0.2,1.1,77.6,Late Night (10pm-2am),TRUE,FALSE,TRUE,TRUE,TRUE
P00143,U0043,TikTok,olivias18,41,84,249,1.69,3.7,59.6,Late Night (10pm-2am),FALSE,FALSE,TRUE,FALSE,FALSE
P00144,U0043,Snapchat,itsoliviax,60,289,289,2.57,1.8,41.8,Late Night (10pm-2am),TRUE,FALSE,TRUE,TRUE,TRUE
P00145,U0044,Instagram,lucast984,90,475,296,1.25,2.4,91.3,Midday (10am-2pm),TRUE,FALSE,FALSE,FALSE,FALSE
P00146,U0044,TikTok,lucas.thomas1,40,177,250,0.34,1.0,43.1,Evening (6-10pm),TRUE,FALSE,TRUE,TRUE,FALSE
P00147,U0044,Snapchat,lucas_official,47,188,188,3.74,0.4,35.1,Midday (10am-2pm),TRUE,FALSE,TRUE,FALSE,TRUE
P00148,U0044,X (Twitter),lucast925,28,709,767,2.57,2.1,10.7,Evening (6-10pm),FALSE,FALSE,TRUE,TRUE,FALSE
P00149,U0045,Instagram,scarlettb486,67,1248,489,1.86,1.2,64.6,Late Night (10pm-2am),TRUE,FALSE,FALSE,FALSE,TRUE
P00150,U0045,TikTok,scarlettb533,38,874,360,2.78,2.0,97.1,Late Night (10pm-2am),FALSE,FALSE,TRUE,TRUE,TRUE
P00151,U0045,Snapchat,scarlett_gram,77,285,285,3.08,2.0,50.4,Late Night (10pm-2am),TRUE,FALSE,TRUE,FALSE,TRUE
P00152,U0046,Instagram,mayac821,36,5190,233,3.29,2.4,78.7,Afternoon (2-6pm),FALSE,FALSE,TRUE,FALSE,TRUE
P00153,U0046,TikTok,maya_gram,59,257,228,6.07,2.3,74.4,Afternoon (2-6pm),FALSE,FALSE,FALSE,FALSE,TRUE
P00154,U0046,Snapchat,itsmayax,75,337,337,3.29,1.2,69.4,Evening (6-10pm),TRUE,FALSE,TRUE,FALSE,TRUE
P00155,U0046,X (Twitter),maya.chavez,13,39,264,5.24,2.4,28.3,Midday (10am-2pm),FALSE,FALSE,TRUE,FALSE,TRUE
P00156,U0046,Facebook,itsmayax,86,748,748,5.03,2.1,5.2,Afternoon (2-6pm),FALSE,FALSE,FALSE,FALSE,FALSE
P00157,U0047,Instagram,raj.collins,74,748,571,3.27,0.6,78.8,Evening (6-10pm),FALSE,FALSE,FALSE,FALSE,TRUE
P00158,U0047,Snapchat,rajc912,66,493,493,2.38,0.6,81.8,Evening (6-10pm),FALSE,FALSE,TRUE,TRUE,TRUE
P00159,U0048,Instagram,sebastian.santos,71,1143,443,4.1,5.8,124.9,Late Night (10pm-2am),FALSE,FALSE,TRUE,TRUE,TRUE
P00160,U0048,TikTok,sebastians445,33,265,1753,5.13,5.8,63.4,Late Night (10pm-2am),FALSE,FALSE,FALSE,FALSE,TRUE
P00161,U0048,Snapchat,sebastian.santos,76,467,467,4.33,3.1,68.5,Late Night (10pm-2am),TRUE,FALSE,FALSE,FALSE,FALSE
P00162,U0049,Instagram,itssavannaho,64,495,456,3.93,4.1,32.0,Afternoon (2-6pm),FALSE,FALSE,TRUE,FALSE,FALSE
P00163,U0049,TikTok,savannah.weber69,41,1403,295,2.88,4.3,40.2,Evening (6-10pm),FALSE,FALSE,TRUE,TRUE,TRUE
P00164,U0049,Snapchat,itssavannaho,80,136,136,5.45,0.8,67.8,Evening (6-10pm),TRUE,FALSE,FALSE,FALSE,FALSE
P00165,U0050,Instagram,sophia.yamamoto71,65,1638,177,3.75,2.8,59.1,Midday (10am-2pm),FALSE,FALSE,FALSE,TRUE,TRUE
P00166,U0050,TikTok,sophia.yamamoto7,29,340,309,3.84,1.1,40.8,Midday (10am-2pm),FALSE,FALSE,TRUE,FALSE,TRUE
P00167,U0050,Facebook,sophiay258,72,474,474,1.82,2.2,25.4,Morning (6-10am),FALSE,FALSE,FALSE,TRUE,TRUE
P00168,U0051,TikTok,milest222,27,96,579,3.06,4.6,105.7,Late Night (10pm-2am),TRUE,FALSE,TRUE,FALSE,FALSE
P00169,U0051,Snapchat,itsmiles,84,307,307,3.3,4.4,47.6,Late Night (10pm-2am),TRUE,FALSE,FALSE,TRUE,FALSE
P00170,U0052,Instagram,itschristopher,68,1286,656,3.1,2.5,63.8,Late Night (10pm-2am),TRUE,FALSE,TRUE,FALSE,TRUE
P00171,U0052,TikTok,christopher.tran35,32,167,703,2.28,1.2,74.1,Late Night (10pm-2am),FALSE,FALSE,TRUE,FALSE,TRUE
P00172,U0052,Snapchat,christopher_gram,101,547,547,4.06,4.6,50.0,Late Night (10pm-2am),TRUE,FALSE,FALSE,FALSE,TRUE
P00173,U0053,Instagram,cameron_gram,42,185,424,2.72,2.1,51.2,Evening (6-10pm),FALSE,FALSE,TRUE,TRUE,TRUE
P00174,U0053,TikTok,cameronc275,25,2335,461,2.0,2.4,73.4,Midday (10am-2pm),FALSE,FALSE,TRUE,FALSE,FALSE
P00175,U0053,Snapchat,itscameronx,97,248,248,3.54,2.8,49.5,Evening (6-10pm),FALSE,FALSE,TRUE,FALSE,TRUE
P00176,U0054,Instagram,mayal768,90,624,316,3.6,0.6,89.0,Midday (10am-2pm),FALSE,FALSE,TRUE,FALSE,FALSE
P00177,U0054,TikTok,mayal810,45,152,131,2.7,1.1,67.7,Midday (10am-2pm),TRUE,FALSE,FALSE,FALSE,FALSE
P00178,U0054,Snapchat,maya.li24,85,494,494,2.8,1.2,31.8,Midday (10am-2pm),TRUE,FALSE,TRUE,FALSE,FALSE
P00179,U0054,X (Twitter),mayal372,31,135,67,2.15,1.3,27.8,Morning (6-10am),FALSE,FALSE,FALSE,FALSE,FALSE
P00180,U0055,Instagram,james_2029,38,745,472,3.58,0.2,84.9,Afternoon (2-6pm),TRUE,FALSE,FALSE,FALSE,FALSE
P00181,U0055,TikTok,jamesw712,41,134,423,1.61,1.5,73.9,Evening (6-10pm),FALSE,FALSE,TRUE,FALSE,TRUE
P00182,U0056,Instagram,caseyt861,88,1206,223,3.95,0.8,120.1,Afternoon (2-6pm),FALSE,FALSE,TRUE,FALSE,TRUE
P00183,U0056,Snapchat,casey.thompson27,22,329,329,3.94,1.3,39.7,Midday (10am-2pm),TRUE,FALSE,TRUE,TRUE,TRUE
P00184,U0056,X (Twitter),itscasey2,32,96,314,3.11,4.2,13.8,Afternoon (2-6pm),TRUE,FALSE,TRUE,FALSE,FALSE
P00185,U0057,Instagram,lucy.ruiz,77,1279,299,3.72,2.0,97.0,Late Night (10pm-2am),TRUE,FALSE,FALSE,TRUE,TRUE
P00186,U0057,TikTok,lucyr416,31,278,840,2.32,1.3,95.3,Late Night (10pm-2am),FALSE,FALSE,TRUE,FALSE,TRUE
P00187,U0057,X (Twitter),lucyr64,50,229,471,2.92,3.1,25.0,Late Night (10pm-2am),TRUE,FALSE,TRUE,FALSE,TRUE
P00188,U0058,Instagram,ryan_gram,34,538,338,3.65,1.7,31.8,Midday (10am-2pm),TRUE,FALSE,TRUE,FALSE,TRUE
P00189,U0058,TikTok,ryang45,14,1695,532,2.1,1.0,168.7,Afternoon (2-6pm),TRUE,FALSE,FALSE,FALSE,FALSE
P00190,U0058,Snapchat,ryan_official,59,503,503,1.9,0.4,40.9,Afternoon (2-6pm),FALSE,FALSE,TRUE,TRUE,TRUE
P00191,U0058,X (Twitter),itsryano,61,1306,458,0.27,1.2,24.7,Evening (6-10pm),FALSE,FALSE,FALSE,FALSE,FALSE
P00192,U0059,Instagram,itsscarlett,66,1483,273,1.93,0.9,63.9,Evening (6-10pm),FALSE,FALSE,TRUE,FALSE,TRUE
P00193,U0059,TikTok,itsscarlett5,81,835,733,5.54,2.2,95.9,Afternoon (2-6pm),FALSE,FALSE,TRUE,TRUE,TRUE
P00194,U0059,Snapchat,scarlettw972,90,461,461,4.52,2.0,67.7,Midday (10am-2pm),TRUE,FALSE,TRUE,FALSE,FALSE
P00195,U0059,X (Twitter),itsscarlettx,32,627,203,4.24,2.3,25.1,Evening (6-10pm),FALSE,FALSE,TRUE,FALSE,TRUE
P00196,U0060,Instagram,nolan.sanders,69,697,597,2.98,3.3,80.8,Evening (6-10pm),FALSE,FALSE,FALSE,TRUE,FALSE
P00197,U0060,Snapchat,nolan.sanders16,77,246,246,2.53,1.3,30.0,Afternoon (2-6pm),TRUE,FALSE,TRUE,TRUE,FALSE
P00198,U0060,X (Twitter),nolans131,49,59,141,2.58,2.1,14.5,Evening (6-10pm),FALSE,FALSE,TRUE,FALSE,TRUE
P00199,U0061,Instagram,itsjosiahx,60,874,71,2.89,0.6,35.8,Afternoon (2-6pm),TRUE,FALSE,TRUE,FALSE,FALSE
P00200,U0061,TikTok,josiah_2024,38,1997,292,2.5,1.1,134.3,Evening (6-10pm),TRUE,FALSE,TRUE,FALSE,TRUE
P00201,U0062,Instagram,aidenv798,50,690,330,4.08,0.3,35.7,Late Night (10pm-2am),FALSE,FALSE,TRUE,FALSE,FALSE
P00202,U0062,TikTok,itsaiden,45,411,305,2.25,4.0,71.5,Late Night (10pm-2am),FALSE,FALSE,TRUE,FALSE,FALSE
P00203,U0063,Instagram,lucyw935,94,115,168,4.27,1.0,94.4,Late Night (10pm-2am),FALSE,FALSE,TRUE,TRUE,FALSE
P00204,U0063,Facebook,lucyw827,46,760,760,1.4,1.4,13.1,Late Night (10pm-2am),TRUE,FALSE,TRUE,FALSE,FALSE
P00205,U0064,Instagram,noah_2028,69,865,248,4.21,1.5,86.3,Late Night (10pm-2am),TRUE,FALSE,TRUE,FALSE,FALSE
P00206,U0064,TikTok,noahw214,35,2606,324,2.22,0.2,78.9,Late Night (10pm-2am),FALSE,FALSE,FALSE,FALSE,FALSE
P00207,U0064,Snapchat,noah.weber,104,264,264,2.49,0.9,26.9,Late Night (10pm-2am),TRUE,FALSE,TRUE,FALSE,FALSE
P00208,U0064,Facebook,noah_tv,33,724,724,2.75,3.7,6.0,Late Night (10pm-2am),FALSE,FALSE,FALSE,TRUE,TRUE
P00209,U0065,Instagram,milay969,31,323,289,4.29,1.5,53.7,Evening (6-10pm),TRUE,FALSE,FALSE,FALSE,TRUE
P00210,U0065,X (Twitter),milay552,24,34,78,2.58,1.3,21.8,Afternoon (2-6pm),TRUE,FALSE,TRUE,FALSE,TRUE
P00211,U0065,Facebook,mila.young88,103,642,642,1.46,2.9,8.6,Midday (10am-2pm),FALSE,FALSE,TRUE,TRUE,FALSE
P00212,U0066,Instagram,naomi_official,50,1133,456,1.86,1.8,52.8,Late Night (10pm-2am),FALSE,FALSE,TRUE,FALSE,TRUE
P00213,U0066,TikTok,itsnaomi,19,271,257,3.0,3.2,111.4,Late Night (10pm-2am),FALSE,FALSE,FALSE,FALSE,TRUE
P00214,U0066,Snapchat,naomir660,21,602,602,3.39,2.0,28.0,Late Night (10pm-2am),TRUE,FALSE,FALSE,FALSE,TRUE
P00215,U0067,Instagram,nathan_tv,70,666,308,2.91,0.8,28.4,Late Night (10pm-2am),TRUE,FALSE,FALSE,TRUE,FALSE
P00216,U0067,TikTok,nathan_2024,66,229,603,1.96,1.6,115.4,Late Night (10pm-2am),FALSE,FALSE,FALSE,TRUE,FALSE
P00217,U0067,Snapchat,nathanv143,67,386,386,3.79,0.7,17.1,Late Night (10pm-2am),TRUE,FALSE,FALSE,FALSE,FALSE
P00218,U0068,Instagram,riley_official,57,174,552,2.69,1.5,49.3,Midday (10am-2pm),TRUE,FALSE,FALSE,FALSE,FALSE
P00219,U0068,TikTok,riley.scott,13,175,2200,1.84,0.5,136.6,Evening (6-10pm),FALSE,FALSE,FALSE,FALSE,FALSE
P00220,U0068,Snapchat,riley_tv,37,613,613,2.47,1.3,35.0,Afternoon (2-6pm),TRUE,FALSE,TRUE,FALSE,TRUE
P00221,U0068,Facebook,riley.scott,78,430,430,4.06,0.7,8.3,Midday (10am-2pm),FALSE,FALSE,TRUE,TRUE,TRUE
P00222,U0069,Instagram,itselias,47,3699,333,3.91,2.3,43.4,Late Night (10pm-2am),TRUE,FALSE,FALSE,FALSE,TRUE
P00223,U0069,Snapchat,eliasl478,70,233,233,3.41,2.3,15.2,Late Night (10pm-2am),FALSE,FALSE,TRUE,TRUE,TRUE
P00224,U0070,Instagram,eleanor.morales87,61,230,1537,1.48,3.0,35.1,Late Night (10pm-2am),FALSE,FALSE,TRUE,FALSE,TRUE
P00225,U0070,TikTok,itseleanoro,56,207,258,4.07,4.5,54.6,Late Night (10pm-2am),FALSE,FALSE,TRUE,TRUE,FALSE
P00226,U0070,Snapchat,eleanorm306,54,381,381,2.1,1.7,44.1,Late Night (10pm-2am),TRUE,FALSE,FALSE,FALSE,TRUE
P00227,U0070,Facebook,eleanor_2026,98,222,222,4.12,0.9,14.0,Late Night (10pm-2am),TRUE,FALSE,FALSE,FALSE,TRUE
P00228,U0071,Instagram,avery_gram,32,238,1016,1.5,3.7,43.2,Afternoon (2-6pm),TRUE,FALSE,FALSE,FALSE,TRUE
P00229,U0071,TikTok,avery_tv,71,110,631,3.76,2.5,30.4,Afternoon (2-6pm),FALSE,FALSE,TRUE,FALSE,TRUE
P00230,U0071,Snapchat,avery.smith52,91,568,568,1.15,0.2,24.9,Evening (6-10pm),TRUE,FALSE,TRUE,TRUE,FALSE
P00231,U0071,X (Twitter),itsaveryo,76,46,242,4.86,1.7,27.5,Afternoon (2-6pm),TRUE,FALSE,TRUE,FALSE,TRUE
P00232,U0072,Instagram,asher.ramirez46,71,243,304,1.9,1.0,87.6,Afternoon (2-6pm),FALSE,FALSE,TRUE,FALSE,TRUE
P00233,U0072,TikTok,asherr592,33,669,810,2.51,0.6,84.7,Evening (6-10pm),FALSE,FALSE,TRUE,TRUE,TRUE
P00234,U0072,Snapchat,asher.ramirez,98,457,457,3.25,2.8,15.9,Midday (10am-2pm),TRUE,FALSE,TRUE,TRUE,TRUE
P00235,U0072,X (Twitter),asherr251,30,209,255,5.31,2.4,28.3,Evening (6-10pm),TRUE,FALSE,TRUE,FALSE,TRUE
P00236,U0073,Instagram,emma_2025,38,1403,497,1.98,4.0,71.8,Evening (6-10pm),FALSE,FALSE,FALSE,FALSE,TRUE
P00237,U0073,TikTok,itsemma7,26,487,407,1.53,2.7,83.1,Evening (6-10pm),FALSE,FALSE,TRUE,FALSE,TRUE
P00238,U0073,X (Twitter),emma.edwards18,6,8,199,4.71,5.7,7.8,Midday (10am-2pm),TRUE,FALSE,TRUE,FALSE,TRUE
P00239,U0073,Facebook,emma_x,47,176,176,3.57,0.5,7.8,Evening (6-10pm),FALSE,FALSE,TRUE,FALSE,TRUE
P00240,U0074,TikTok,audreym12,50,176,821,3.06,2.0,109.7,Evening (6-10pm),FALSE,FALSE,TRUE,FALSE,TRUE
P00241,U0074,Snapchat,itsaudreyo,106,416,416,4.44,2.6,38.7,Evening (6-10pm),TRUE,FALSE,TRUE,FALSE,TRUE
P00242,U0074,X (Twitter),audrey_official,17,41,73,3.36,1.8,20.2,Evening (6-10pm),TRUE,FALSE,FALSE,FALSE,TRUE
P00243,U0075,Instagram,itsaarono,37,390,371,5.25,3.7,54.2,Evening (6-10pm),FALSE,FALSE,TRUE,FALSE,TRUE
P00244,U0075,TikTok,aaron_tv,18,162,390,4.63,2.6,84.2,Midday (10am-2pm),TRUE,FALSE,FALSE,FALSE,TRUE
P00245,U0075,Snapchat,aaron.miller,53,552,552,4.95,3.2,50.6,Evening (6-10pm),TRUE,FALSE,FALSE,TRUE,FALSE
P00246,U0075,X (Twitter),aaronm446,18,362,353,2.49,2.1,29.5,Afternoon (2-6pm),TRUE,FALSE,FALSE,FALSE,TRUE
P00247,U0075,Facebook,aaron.miller27,57,997,997,2.62,2.4,24.1,Midday (10am-2pm),TRUE,FALSE,TRUE,FALSE,TRUE
P00248,U0076,Instagram,itslayla,57,1167,304,2.09,3.2,113.5,Late Night (10pm-2am),TRUE,FALSE,TRUE,FALSE,TRUE
P00249,U0076,TikTok,itslaylao,71,363,1211,2.03,1.1,76.7,Late Night (10pm-2am),FALSE,FALSE,TRUE,FALSE,FALSE
P00250,U0076,Snapchat,layla_official,35,425,425,2.13,0.4,79.0,Late Night (10pm-2am),TRUE,FALSE,TRUE,FALSE,FALSE
P00251,U0076,X (Twitter),laylap77,24,237,341,3.52,2.5,24.4,Late Night (10pm-2am),TRUE,FALSE,TRUE,FALSE,TRUE
P00252,U0077,TikTok,emmat161,72,160,277,3.66,1.6,99.8,Afternoon (2-6pm),FALSE,FALSE,TRUE,TRUE,TRUE
P00253,U0077,Snapchat,emma_tv,64,314,314,1.74,1.8,79.1,Evening (6-10pm),TRUE,FALSE,TRUE,TRUE,FALSE
P00254,U0077,X (Twitter),emma.taylor,75,20,840,5.05,2.0,9.5,Evening (6-10pm),FALSE,FALSE,TRUE,FALSE,TRUE
P00255,U0077,Facebook,emma_tv,75,589,589,2.43,3.4,7.0,Afternoon (2-6pm),FALSE,FALSE,FALSE,TRUE,FALSE
P00256,U0078,Instagram,jack_official,68,887,758,2.3,2.3,67.6,Evening (6-10pm),FALSE,FALSE,FALSE,TRUE,TRUE
P00257,U0078,TikTok,jackb14,29,175,506,4.08,3.0,36.7,Evening (6-10pm),FALSE,FALSE,TRUE,FALSE,TRUE
P00258,U0078,Snapchat,jackb848,56,191,191,4.03,2.0,20.9,Afternoon (2-6pm),TRUE,FALSE,TRUE,FALSE,FALSE
P00259,U0078,Facebook,jackb580,52,358,358,5.23,1.7,6.5,Evening (6-10pm),FALSE,FALSE,TRUE,FALSE,TRUE
P00260,U0079,Instagram,hudson.jones87,90,878,348,4.61,2.9,66.9,Afternoon (2-6pm),FALSE,FALSE,TRUE,FALSE,TRUE
P00261,U0079,TikTok,hudsonj224,14,4031,307,2.71,3.6,28.9,Evening (6-10pm),FALSE,FALSE,TRUE,FALSE,FALSE
P00262,U0079,Snapchat,hudsonj908,20,416,416,5.4,3.5,71.2,Afternoon (2-6pm),TRUE,FALSE,TRUE,TRUE,TRUE
P00263,U0079,Facebook,hudsonj519,77,462,462,4.3,2.9,13.0,Evening (6-10pm),FALSE,FALSE,TRUE,TRUE,TRUE
P00264,U0080,Instagram,sebastianr322,54,831,483,3.75,2.3,29.9,Morning (6-10am),FALSE,FALSE,TRUE,FALSE,TRUE
P00265,U0080,TikTok,sebastian_x,30,390,734,4.24,1.2,77.6,Midday (10am-2pm),FALSE,FALSE,FALSE,FALSE,TRUE
P00266,U0080,Snapchat,sebastianr923,85,431,431,2.21,1.3,39.0,Morning (6-10am),TRUE,FALSE,FALSE,TRUE,TRUE
P00267,U0080,X (Twitter),sebastian_2026,5,195,89,1.74,1.3,12.0,Midday (10am-2pm),FALSE,FALSE,TRUE,FALSE,TRUE
P00268,U0081,Instagram,ananya_gram,43,1265,338,1.79,2.1,77.9,Morning (6-10am),TRUE,FALSE,TRUE,TRUE,TRUE
P00269,U0081,TikTok,ananya_2024,42,287,645,1.13,2.1,54.4,Morning (6-10am),FALSE,FALSE,FALSE,TRUE,TRUE
P00270,U0081,Snapchat,itsananya,50,492,492,2.62,3.1,18.9,Midday (10am-2pm),TRUE,FALSE,FALSE,TRUE,FALSE
P00271,U0081,Facebook,ananya_gram,84,157,157,2.61,2.0,7.7,Morning (6-10am),FALSE,FALSE,FALSE,TRUE,TRUE
P00272,U0082,Instagram,maverick.miller,85,2268,526,0.37,4.5,62.4,Evening (6-10pm),TRUE,FALSE,TRUE,FALSE,TRUE
P00273,U0082,TikTok,maverick.miller78,60,1498,457,1.25,0.2,90.4,Afternoon (2-6pm),FALSE,FALSE,TRUE,TRUE,TRUE
P00274,U0082,Snapchat,itsmaverick3,27,305,305,2.28,0.5,35.6,Afternoon (2-6pm),FALSE,FALSE,TRUE,FALSE,FALSE
P00275,U0082,Facebook,maverick_2030,74,909,909,0.85,1.4,10.2,Evening (6-10pm),TRUE,FALSE,TRUE,FALSE,FALSE
P00276,U0083,Instagram,skylerh340,35,937,413,3.64,1.4,60.1,Evening (6-10pm),FALSE,FALSE,TRUE,TRUE,FALSE
P00277,U0083,Snapchat,skyler.hernandez99,85,203,203,2.76,1.8,37.2,Afternoon (2-6pm),TRUE,FALSE,TRUE,FALSE,TRUE
P00278,U0083,Facebook,skyler.hernandez,95,1226,1226,3.63,4.3,15.6,Evening (6-10pm),TRUE,FALSE,TRUE,FALSE,TRUE
P00279,U0084,Instagram,itshannaho,62,762,295,3.77,1.8,30.1,Evening (6-10pm),TRUE,FALSE,TRUE,FALSE,TRUE
P00280,U0084,TikTok,hannah.kaur55,34,1406,485,1.03,1.9,290,Afternoon (2-6pm),FALSE,FALSE,TRUE,FALSE,TRUE
P00281,U0084,Snapchat,itshannah,100,348,348,2.69,1.6,20.2,Afternoon (2-6pm),TRUE,FALSE,FALSE,TRUE,FALSE
P00282,U0084,Facebook,hannah.kaur,20,505,505,4.49,0.9,9.8,Evening (6-10pm),FALSE,FALSE,TRUE,FALSE,FALSE
P00283,U0085,Instagram,taylork52,52,398,872,2.18,2.7,55.1,Late Night (10pm-2am),TRUE,FALSE,TRUE,TRUE,FALSE
P00284,U0085,TikTok,taylor_tv,9,85,358,3.98,1.9,60.3,Late Night (10pm-2am),FALSE,FALSE,TRUE,FALSE,TRUE
P00285,U0085,Facebook,itstaylor2,102,717,717,1.87,2.7,23.6,Late Night (10pm-2am),TRUE,FALSE,TRUE,FALSE,TRUE
P00286,U0086,Instagram,ezrap922,56,954,502,1.85,2.6,34.8,Afternoon (2-6pm),FALSE,FALSE,TRUE,FALSE,TRUE
P00287,U0086,TikTok,ezra.perez21,25,159,621,4.81,1.4,83.2,Evening (6-10pm),FALSE,FALSE,TRUE,FALSE,TRUE
P00288,U0086,Snapchat,ezra_tv,54,383,383,5.35,0.5,23.8,Evening (6-10pm),TRUE,FALSE,TRUE,TRUE,TRUE
P00289,U0087,Instagram,christopher_official,34,1725,241,3.0,0.4,43.3,Late Night (10pm-2am),FALSE,FALSE,TRUE,TRUE,TRUE
P00290,U0087,TikTok,christopher_official,68,1701,313,1.93,0.9,53.7,Late Night (10pm-2am),TRUE,FALSE,FALSE,FALSE,FALSE
P00291,U0087,X (Twitter),christopher.virtanen,31,52,208,3.61,0.4,15.1,Late Night (10pm-2am),TRUE,FALSE,TRUE,TRUE,FALSE
P00292,U0088,Instagram,simone.laurent36,48,5800,220,3.0,0.6,109.8,Afternoon (2-6pm),FALSE,FALSE,TRUE,FALSE,FALSE
P00293,U0088,TikTok,simonel694,64,1329,550,4.55,4.0,109.8,Afternoon (2-6pm),FALSE,FALSE,TRUE,FALSE,TRUE
P00294,U0088,Snapchat,simone_official,92,497,497,4.76,5.5,23.9,Midday (10am-2pm),TRUE,FALSE,TRUE,TRUE,FALSE
P00295,U0089,Instagram,evelyn.edwards55,48,660,181,4.23,3.7,75.2,Late Night (10pm-2am),FALSE,FALSE,TRUE,TRUE,TRUE
P00296,U0089,TikTok,evelyne770,52,511,490,0.2,4.1,108.3,Late Night (10pm-2am),FALSE,FALSE,TRUE,TRUE,TRUE
P00297,U0089,Snapchat,evelyne870,19,157,157,2.52,1.3,34.2,Late Night (10pm-2am),TRUE,FALSE,FALSE,FALSE,FALSE
P00298,U0089,X (Twitter),evelyn_2029,51,18,175,2.84,1.9,17.2,Late Night (10pm-2am),TRUE,FALSE,TRUE,FALSE,TRUE
P00299,U0090,Instagram,noahp816,89,1239,633,4.74,1.5,53.6,Evening (6-10pm),TRUE,FALSE,TRUE,FALSE,TRUE
P00300,U0090,TikTok,itsnoah1,60,400,178,1.57,3.1,134.0,Afternoon (2-6pm),FALSE,FALSE,TRUE,FALSE,TRUE
P00301,U0091,Instagram,itsaishax,62,4373,516,2.13,0.9,62.3,Evening (6-10pm),TRUE,FALSE,FALSE,FALSE,FALSE
P00302,U0091,TikTok,aisha_gram,21,59,353,3.92,0.4,108.1,Evening (6-10pm),FALSE,FALSE,TRUE,TRUE,TRUE
P00303,U0091,Snapchat,aishal162,91,491,491,4.26,0.6,93.1,Evening (6-10pm),TRUE,FALSE,TRUE,FALSE,TRUE
P00304,U0091,X (Twitter),aisha.lee43,31,24,203,5.09,3.2,21.6,Evening (6-10pm),TRUE,FALSE,FALSE,FALSE,TRUE
P00305,U0092,Instagram,ananyac920,48,2236,684,5.08,1.2,61.4,Afternoon (2-6pm),FALSE,FALSE,TRUE,FALSE,TRUE
P00306,U0092,TikTok,ananya_x,41,240,255,5.44,4.3,200.5,Evening (6-10pm),FALSE,FALSE,TRUE,FALSE,FALSE
P00307,U0092,Snapchat,ananya.cook,41,226,226,1.96,0.8,68.2,Evening (6-10pm),TRUE,FALSE,TRUE,TRUE,TRUE
P00308,U0093,Instagram,itseliaso,85,692,687,2.56,0.4,29.4,Late Night (10pm-2am),FALSE,FALSE,TRUE,FALSE,TRUE
P00309,U0093,TikTok,eliaso612,49,962,605,0.88,1.1,79.0,Late Night (10pm-2am),FALSE,FALSE,TRUE,TRUE,FALSE
P00310,U0093,X (Twitter),elias_tv,10,32,174,5.2,0.4,30.0,Late Night (10pm-2am),FALSE,FALSE,FALSE,FALSE,TRUE
P00311,U0093,Facebook,itseliaso,44,527,527,2.64,5.1,8.4,Late Night (10pm-2am),TRUE,FALSE,TRUE,FALSE,TRUE
P00312,U0094,Instagram,priyar702,25,1696,526,3.71,1.6,45.8,Late Night (10pm-2am),FALSE,FALSE,FALSE,FALSE,TRUE
P00313,U0094,TikTok,priya_2028,38,1459,783,3.53,1.5,59.6,Late Night (10pm-2am),FALSE,FALSE,FALSE,FALSE,TRUE
P00314,U0095,Instagram,miap662,22,183,239,4.58,2.1,41.9,Afternoon (2-6pm),FALSE,FALSE,FALSE,FALSE,TRUE
P00315,U0095,TikTok,miap538,43,2290,250,4.34,1.7,39.5,Evening (6-10pm),FALSE,FALSE,TRUE,FALSE,TRUE
P00316,U0095,Snapchat,itsmia,57,509,509,4.01,2.4,21.7,Evening (6-10pm),TRUE,FALSE,TRUE,FALSE,FALSE
P00317,U0096,Instagram,kaiw601,54,1072,660,3.4,0.7,49.9,Afternoon (2-6pm),TRUE,FALSE,TRUE,FALSE,TRUE
P00318,U0097,Instagram,hudsonr337,39,2198,360,2.13,1.4,110.5,Late Night (10pm-2am),TRUE,FALSE,FALSE,FALSE,TRUE
P00319,U0098,Instagram,lucas.stewart19,70,462,581,4.37,0.7,99.2,Evening (6-10pm),TRUE,FALSE,TRUE,FALSE,TRUE
P00320,U0098,Snapchat,lucass865,88,766,766,1.64,2.7,19.3,Evening (6-10pm),TRUE,FALSE,TRUE,FALSE,TRUE
P00321,U0098,X (Twitter),lucas_x,48,80,363,3.98,1.3,17.6,Evening (6-10pm),FALSE,FALSE,TRUE,FALSE,TRUE
P00322,U0099,Instagram,zoey.khan92,45,1007,91,2.7,0.7,101.3,Midday (10am-2pm),FALSE,FALSE,FALSE,FALSE,FALSE
P00323,U0099,TikTok,zoey.khan5,24,281,745,4.5,4.0,68.8,Afternoon (2-6pm),FALSE,FALSE,TRUE,TRUE,TRUE
P00324,U0100,Instagram,benjamin_tv,62,2241,126,3.51,2.8,115.1,Late Night (10pm-2am),FALSE,FALSE,TRUE,FALSE,TRUE
P00325,U0100,TikTok,benjamin.reyes39,43,591,457,4.7,1.2,67.4,Late Night (10pm-2am),TRUE,FALSE,FALSE,FALSE,FALSE
P00326,U0100,Snapchat,itsbenjamin9,90,207,207,5.08,1.7,23.8,Late Night (10pm-2am),TRUE,FALSE,TRUE,FALSE,FALSE
P00327,U0101,Instagram,natalie_x,75,332,377,2.81,1.9,47.9,Morning (6-10am),TRUE,FALSE,FALSE,FALSE,TRUE
P00328,U0101,TikTok,nataliew10,13,1130,284,2.64,1.3,146.5,Midday (10am-2pm),FALSE,FALSE,FALSE,FALSE,TRUE
P00329,U0101,Snapchat,natalie_gram,76,675,675,1.83,0.9,54.0,Morning (6-10am),FALSE,FALSE,TRUE,FALSE,TRUE
P00330,U0101,X (Twitter),itsnataliex,83,117,174,1.26,3.6,29.1,Morning (6-10am),FALSE,FALSE,TRUE,FALSE,TRUE
P00331,U0101,Facebook,nataliew804,23,787,787,1.03,1.8,5.8,Midday (10am-2pm),FALSE,FALSE,FALSE,FALSE,FALSE
P00332,U0102,Instagram,avery.bailey73,59,2285,224,3.25,0.7,186.9,Evening (6-10pm),TRUE,FALSE,TRUE,TRUE,TRUE
P00333,U0102,TikTok,itsavery,35,198,379,2.18,2.0,73.1,Evening (6-10pm),TRUE,FALSE,FALSE,FALSE,TRUE
P00334,U0102,Snapchat,avery.bailey22,37,498,498,4.76,3.4,46.6,Evening (6-10pm),TRUE,FALSE,FALSE,TRUE,TRUE
P00335,U0102,Facebook,averyb98,104,753,753,1.78,1.6,14.0,Evening (6-10pm),TRUE,FALSE,TRUE,TRUE,TRUE
P00336,U0103,Instagram,kennedy.pham82,60,268,918,4.7,4.8,73.6,Late Night (10pm-2am),TRUE,FALSE,TRUE,FALSE,FALSE
P00337,U0103,TikTok,kennedyp77,57,473,487,4.73,1.2,93.6,Late Night (10pm-2am),FALSE,FALSE,FALSE,TRUE,TRUE
P00338,U0103,Snapchat,kennedyp62,60,845,845,3.16,2.0,26.2,Late Night (10pm-2am),TRUE,FALSE,FALSE,TRUE,TRUE
P00339,U0104,Instagram,aurora.bennett,50,5195,163,0.2,2.4,51.5,Late Night (10pm-2am),FALSE,FALSE,FALSE,FALSE,TRUE
P00340,U0104,TikTok,aurorab309,21,157,2162,2.45,1.0,90.5,Late Night (10pm-2am),FALSE,FALSE,FALSE,TRUE,TRUE
P00341,U0105,Instagram,samuel_tv,67,6610,98,3.05,0.4,55.5,Midday (10am-2pm),TRUE,FALSE,TRUE,FALSE,FALSE
P00342,U0105,TikTok,itssamuelx,50,231,180,1.1,1.0,47.7,Afternoon (2-6pm),FALSE,FALSE,TRUE,TRUE,TRUE
P00343,U0106,Instagram,finley_2029,76,1721,577,4.59,1.9,77.3,Morning (6-10am),TRUE,FALSE,TRUE,FALSE,TRUE
P00344,U0106,TikTok,finley.mensah15,65,1359,512,3.14,1.6,244.0,Evening (6-10pm),FALSE,FALSE,TRUE,FALSE,TRUE
P00345,U0106,Snapchat,finley.mensah,69,596,596,2.51,1.0,24.4,Midday (10am-2pm),TRUE,FALSE,FALSE,TRUE,TRUE
P00346,U0106,X (Twitter),finley_official,42,111,509,4.72,1.2,17.2,Midday (10am-2pm),FALSE,FALSE,FALSE,FALSE,TRUE
P00347,U0107,Instagram,priyal88,60,371,871,0.97,0.9,70.6,Afternoon (2-6pm),FALSE,FALSE,TRUE,FALSE,FALSE
P00348,U0107,TikTok,itspriyao,46,205,332,1.5,2.4,81.0,Afternoon (2-6pm),TRUE,FALSE,TRUE,FALSE,TRUE
P00349,U0107,Snapchat,priya.lindberg60,39,804,804,1.7,1.4,38.9,Evening (6-10pm),TRUE,FALSE,TRUE,TRUE,TRUE
P00350,U0107,X (Twitter),priya_2027,36,96,269,3.3,0.7,23.8,Afternoon (2-6pm),TRUE,FALSE,TRUE,FALSE,TRUE
P00351,U0108,Instagram,andreww376,51,1026,254,0.2,4.0,71.5,Late Night (10pm-2am),TRUE,FALSE,TRUE,FALSE,TRUE
P00352,U0108,TikTok,andrew.wood,13,678,673,4.36,1.4,125.0,Late Night (10pm-2am),TRUE,FALSE,TRUE,FALSE,TRUE
P00353,U0109,Instagram,ava.okafor,22,4680,488,2.8,1.4,165.1,Late Night (10pm-2am),FALSE,FALSE,TRUE,FALSE,FALSE
P00354,U0109,X (Twitter),ava_x,64,367,84,4.47,1.2,10.2,Late Night (10pm-2am),TRUE,FALSE,TRUE,FALSE,FALSE
P00355,U0110,Instagram,aubrey_x,44,3847,386,2.78,2.7,59.2,Evening (6-10pm),FALSE,FALSE,TRUE,FALSE,FALSE
P00356,U0110,TikTok,aubreyp206,51,644,179,4.3,2.6,168.0,Afternoon (2-6pm),FALSE,FALSE,TRUE,FALSE,TRUE
P00357,U0110,Snapchat,aubrey.perez,58,553,553,3.72,1.8,47.1,Midday (10am-2pm),TRUE,FALSE,TRUE,FALSE,FALSE
P00358,U0110,X (Twitter),itsaubreyo,57,54,430,3.24,3.9,10.5,Midday (10am-2pm),FALSE,FALSE,FALSE,FALSE,TRUE
P00359,U0110,Facebook,aubrey_tv,117,403,403,2.05,2.3,7.4,Evening (6-10pm),FALSE,FALSE,TRUE,TRUE,TRUE
P00360,U0111,Instagram,savannah.muller91,70,320,408,3.02,1.4,94.8,Morning (6-10am),TRUE,FALSE,TRUE,TRUE,FALSE
P00361,U0111,Snapchat,savannah_tv,65,226,226,2.94,1.0,22.2,Morning (6-10am),TRUE,FALSE,TRUE,FALSE,TRUE
P00362,U0112,Instagram,kai.phillips,68,342,364,4.55,0.9,62.2,Evening (6-10pm),FALSE,FALSE,TRUE,TRUE,TRUE
P00363,U0112,TikTok,kaip122,67,295,620,4.17,1.0,84.4,Afternoon (2-6pm),FALSE,FALSE,TRUE,TRUE,FALSE
P00364,U0112,Snapchat,kaip676,111,305,305,4.55,2.8,21.3,Afternoon (2-6pm),TRUE,FALSE,FALSE,FALSE,TRUE
P00365,U0113,Instagram,victoriac626,74,1609,509,1.26,4.0,28.7,Midday (10am-2pm),TRUE,FALSE,TRUE,FALSE,TRUE
P00366,U0113,TikTok,victoria_2030,42,290,312,3.88,3.4,63.0,Afternoon (2-6pm),FALSE,FALSE,TRUE,FALSE,FALSE
P00367,U0113,Snapchat,itsvictoria,18,190,190,3.4,3.8,69.5,Evening (6-10pm),TRUE,FALSE,TRUE,FALSE,FALSE
P00368,U0113,X (Twitter),victoriac458,37,97,1084,5.3,2.5,13.3,Evening (6-10pm),TRUE,FALSE,FALSE,FALSE,TRUE
P00369,U0114,Instagram,jing389,87,1592,419,3.1,1.3,54.2,Late Night (10pm-2am),TRUE,FALSE,TRUE,FALSE,TRUE
P00370,U0114,TikTok,jin.gutierrez,53,74,99,3.25,1.4,143.8,Late Night (10pm-2am),FALSE,FALSE,TRUE,TRUE,TRUE
P00371,U0114,Snapchat,jin.gutierrez97,29,369,369,3.79,2.5,64.7,Late Night (10pm-2am),TRUE,FALSE,FALSE,TRUE,TRUE
P00372,U0114,X (Twitter),jin_gram,29,27,120,5.07,1.1,14.1,Late Night (10pm-2am),FALSE,FALSE,TRUE,TRUE,TRUE
P00373,U0115,Instagram,itsdestiny6,22,1006,258,2.62,0.3,102.2,Late Night (10pm-2am),FALSE,FALSE,TRUE,TRUE,TRUE
P00374,U0115,TikTok,itsdestiny7,36,917,482,1.92,0.6,68.8,Late Night (10pm-2am),FALSE,FALSE,TRUE,FALSE,TRUE
P00375,U0115,Snapchat,destiny.alvarez,102,282,282,4.66,2.3,22.8,Late Night (10pm-2am),TRUE,FALSE,FALSE,TRUE,FALSE
P00376,U0115,X (Twitter),itsdestinyo,66,67,270,2.5,0.1,31.0,Late Night (10pm-2am),FALSE,FALSE,TRUE,FALSE,FALSE
P00377,U0116,Instagram,daniel_gram,23,650,294,0.32,1.9,54.6,Evening (6-10pm),TRUE,FALSE,TRUE,TRUE,TRUE
P00378,U0116,TikTok,itsdaniel4,17,1292,1482,2.79,3.5,156.1,Midday (10am-2pm),FALSE,FALSE,FALSE,FALSE,TRUE
P00379,U0116,Snapchat,daniel_x,63,454,454,0.22,1.2,27.9,Midday (10am-2pm),TRUE,FALSE,FALSE,TRUE,TRUE
P00380,U0116,X (Twitter),daniel_gram,49,66,358,2.01,0.4,26.4,Midday (10am-2pm),TRUE,FALSE,TRUE,FALSE,TRUE
P00381,U0116,Facebook,danielm957,67,511,511,1.96,1.8,8.4,Evening (6-10pm),TRUE,FALSE,TRUE,FALSE,TRUE
P00382,U0117,Instagram,itsjonathan8,21,1260,324,3.0,1.1,52.6,Evening (6-10pm),TRUE,FALSE,FALSE,TRUE,TRUE
P00383,U0117,TikTok,jonathan.pham,30,3429,386,3.32,0.9,75.3,Evening (6-10pm),FALSE,FALSE,TRUE,TRUE,FALSE
P00384,U0117,Snapchat,jonathanp125,85,511,511,2.79,1.8,87.3,Evening (6-10pm),TRUE,FALSE,TRUE,TRUE,TRUE
P00385,U0117,X (Twitter),itsjonathan,15,224,443,2.1,1.3,13.1,Evening (6-10pm),FALSE,FALSE,TRUE,FALSE,FALSE
P00386,U0118,Instagram,daniela.laurent10,68,853,531,4.22,6.6,40.0,Late Night (10pm-2am),TRUE,FALSE,TRUE,FALSE,TRUE
P00387,U0118,TikTok,danielal95,37,79,581,3.27,1.8,95.7,Late Night (10pm-2am),FALSE,FALSE,TRUE,FALSE,FALSE
P00388,U0118,Snapchat,daniela_tv,96,744,744,1.38,1.8,16.8,Late Night (10pm-2am),TRUE,FALSE,TRUE,TRUE,TRUE
P00389,U0118,Facebook,danielal596,78,357,357,4.95,0.7,11.2,Late Night (10pm-2am),TRUE,FALSE,FALSE,FALSE,TRUE
P00390,U0119,Instagram,jameson_x,74,145,587,5.57,1.8,34.5,Afternoon (2-6pm),FALSE,FALSE,TRUE,FALSE,TRUE
P00391,U0119,TikTok,itsjamesonx,26,1463,825,2.37,2.7,106.9,Afternoon (2-6pm),FALSE,FALSE,TRUE,FALSE,TRUE
P00392,U0119,Snapchat,jamesonm252,106,495,495,3.96,1.1,41.2,Evening (6-10pm),TRUE,FALSE,TRUE,FALSE,TRUE
P00393,U0119,X (Twitter),itsjameson,62,189,385,3.1,4.6,10.5,Afternoon (2-6pm),TRUE,FALSE,TRUE,FALSE,FALSE
P00394,U0120,Instagram,josiah.park26,36,4195,400,1.03,1.1,116.1,Late Night (10pm-2am),TRUE,FALSE,TRUE,FALSE,FALSE
P00395,U0120,TikTok,josiahp948,50,255,316,4.65,1.8,182.3,Late Night (10pm-2am),TRUE,FALSE,TRUE,FALSE,TRUE
P00396,U0120,Snapchat,josiah_x,77,767,767,4.35,2.5,24.7,Late Night (10pm-2am),FALSE,FALSE,FALSE,TRUE,FALSE
P00397,U0120,Facebook,josiah.park,66,602,602,3.49,3.6,13.9,Late Night (10pm-2am),TRUE,FALSE,TRUE,FALSE,TRUE
P00398,U0121,Instagram,andrew_gram,58,951,263,4.24,2.0,87.3,Late Night (10pm-2am),FALSE,FALSE,TRUE,TRUE,TRUE
P00399,U0121,TikTok,andrew_2030,37,189,233,5.48,0.9,45.3,Late Night (10pm-2am),FALSE,FALSE,FALSE,FALSE,TRUE
P00400,U0121,Snapchat,andrew_official,81,505,505,3.28,3.9,15.5,Late Night (10pm-2am),TRUE,FALSE,FALSE,FALSE,FALSE
P00401,U0121,X (Twitter),itsandrewx,49,47,354,6.37,0.6,12.4,Late Night (10pm-2am),FALSE,FALSE,FALSE,FALSE,TRUE
P00402,U0122,Instagram,emilyv190,56,199,245,3.02,0.8,37.0,Late Night (10pm-2am),TRUE,FALSE,TRUE,FALSE,TRUE
P00403,U0122,TikTok,itsemilyo,51,267,524,1.53,1.5,43.7,Late Night (10pm-2am),FALSE,FALSE,TRUE,FALSE,TRUE
P00404,U0122,Snapchat,emily.virtanen23,65,235,235,2.49,1.3,34.6,Late Night (10pm-2am),TRUE,FALSE,FALSE,FALSE,TRUE
P00405,U0123,Instagram,levi.wagner,74,649,297,3.2,3.1,38.1,Late Night (10pm-2am),FALSE,FALSE,TRUE,TRUE,TRUE
P00406,U0123,TikTok,leviw760,66,306,290,4.74,3.7,148.4,Late Night (10pm-2am),FALSE,FALSE,TRUE,FALSE,TRUE
P00407,U0123,Snapchat,leviw117,59,213,213,3.92,1.5,49.9,Late Night (10pm-2am),TRUE,FALSE,TRUE,TRUE,TRUE
P00408,U0124,TikTok,jacob.gomez,32,200,1017,5.6,0.5,91.9,Late Night (10pm-2am),FALSE,FALSE,TRUE,FALSE,FALSE
P00409,U0124,Snapchat,jacob.gomez91,92,520,520,2.64,2.1,106.9,Late Night (10pm-2am),TRUE,FALSE,FALSE,TRUE,TRUE
P00410,U0124,Facebook,itsjacob,53,424,424,1.7,0.7,8.6,Late Night (10pm-2am),TRUE,FALSE,TRUE,FALSE,TRUE
P00411,U0125,Instagram,layla_tv,23,417,457,1.85,2.4,81.3,Evening (6-10pm),TRUE,FALSE,TRUE,FALSE,TRUE
P00412,U0125,TikTok,laylag489,49,1355,253,3.33,1.7,98.8,Evening (6-10pm),FALSE,FALSE,FALSE,FALSE,TRUE
P00413,U0125,Snapchat,itslaylax,94,229,229,4.53,1.5,31.2,Afternoon (2-6pm),TRUE,FALSE,TRUE,TRUE,FALSE
P00414,U0126,Instagram,jasmine_x,71,202,231,3.66,2.2,107.2,Evening (6-10pm),FALSE,FALSE,FALSE,FALSE,TRUE
P00415,U0126,TikTok,jasminep101,43,147,1909,5.37,2.7,52.2,Evening (6-10pm),TRUE,FALSE,TRUE,FALSE,TRUE
P00416,U0127,Instagram,violet_x,36,460,453,3.41,1.2,55.0,Evening (6-10pm),FALSE,FALSE,FALSE,FALSE,TRUE
P00417,U0127,TikTok,violet.gomez,5,260,591,1.56,1.6,93.0,Afternoon (2-6pm),FALSE,FALSE,FALSE,FALSE,TRUE
P00418,U0127,Snapchat,violet.gomez25,84,466,466,3.46,0.4,12.3,Evening (6-10pm),TRUE,FALSE,FALSE,TRUE,TRUE
P00419,U0128,Instagram,itsbella9,104,1129,490,2.19,1.6,140.0,Afternoon (2-6pm),FALSE,FALSE,FALSE,FALSE,TRUE
P00420,U0128,TikTok,bellar241,58,631,154,2.54,1.9,42.7,Midday (10am-2pm),FALSE,FALSE,TRUE,TRUE,FALSE
P00421,U0128,Snapchat,bellar848,36,786,786,2.86,0.8,31.0,Evening (6-10pm),TRUE,FALSE,FALSE,TRUE,TRUE
P00422,U0128,X (Twitter),bellar661,20,30,189,4.04,4.6,12.0,Afternoon (2-6pm),TRUE,FALSE,TRUE,FALSE,TRUE
P00423,U0128,Facebook,bellar48,105,584,584,1.04,1.6,38.4,Midday (10am-2pm),FALSE,FALSE,FALSE,FALSE,TRUE
P00424,U0129,Instagram,jaydens716,57,1381,967,0.48,1.9,60.2,Late Night (10pm-2am),FALSE,FALSE,TRUE,FALSE,TRUE
P00425,U0129,TikTok,jayden.sanders,46,2233,763,1.09,2.1,73.3,Late Night (10pm-2am),FALSE,FALSE,TRUE,FALSE,TRUE
P00426,U0129,Snapchat,jayden.sanders,93,346,346,4.31,0.9,46.9,Late Night (10pm-2am),TRUE,FALSE,TRUE,TRUE,TRUE
P00427,U0129,X (Twitter),jayden_x,75,66,249,3.05,9.5,47.0,Late Night (10pm-2am),FALSE,FALSE,FALSE,FALSE,TRUE
P00428,U0130,Instagram,phoenix_x,76,1186,701,2.65,3.0,22.8,Morning (6-10am),TRUE,FALSE,TRUE,TRUE,TRUE
P00429,U0130,TikTok,phoenix_2030,40,415,399,3.0,0.8,61.4,Evening (6-10pm),FALSE,FALSE,TRUE,FALSE,TRUE
P00430,U0130,Snapchat,phoenixb879,84,595,595,1.92,1.8,65.3,Midday (10am-2pm),TRUE,FALSE,TRUE,TRUE,TRUE
P00431,U0130,Facebook,itsphoenixx,79,497,497,3.08,0.9,8.5,Evening (6-10pm),FALSE,FALSE,FALSE,FALSE,TRUE
P00432,U0131,Instagram,levi_official,72,2311,330,0.62,2.5,25.4,Late Night (10pm-2am),FALSE,FALSE,FALSE,TRUE,TRUE
P00433,U0131,TikTok,itslevi,62,2678,1165,0.2,3.9,123.6,Late Night (10pm-2am),FALSE,FALSE,TRUE,FALSE,TRUE
P00434,U0131,Snapchat,levi.walker,73,480,480,2.64,1.9,28.3,Late Night (10pm-2am),FALSE,FALSE,TRUE,FALSE,TRUE
P00435,U0132,Instagram,ezra_official,86,438,523,2.77,2.2,68.0,Afternoon (2-6pm),TRUE,FALSE,TRUE,FALSE,TRUE
P00436,U0132,X (Twitter),ezra.becker,49,1282,252,0.2,3.0,15.5,Midday (10am-2pm),FALSE,FALSE,TRUE,FALSE,FALSE
P00437,U0133,Instagram,grayson.lindberg,48,1789,670,3.22,3.4,58.9,Morning (6-10am),TRUE,FALSE,TRUE,TRUE,TRUE
P00438,U0133,TikTok,graysonl911,27,5253,290,3.52,3.3,115.6,Morning (6-10am),TRUE,FALSE,TRUE,TRUE,TRUE
P00439,U0133,Snapchat,grayson_official,95,376,376,2.0,0.7,37.8,Morning (6-10am),TRUE,FALSE,TRUE,FALSE,TRUE
P00440,U0134,Instagram,itsmayao,71,633,237,3.23,2.3,38.7,Midday (10am-2pm),FALSE,FALSE,TRUE,TRUE,TRUE
P00441,U0134,TikTok,itsmaya,41,47,476,5.81,1.4,166.4,Evening (6-10pm),FALSE,FALSE,FALSE,FALSE,TRUE
P00442,U0134,Snapchat,mayab893,112,548,548,3.61,2.0,32.1,Evening (6-10pm),TRUE,FALSE,TRUE,TRUE,TRUE
P00443,U0135,Instagram,rileyk693,56,922,323,0.2,1.9,56.8,Afternoon (2-6pm),TRUE,FALSE,FALSE,FALSE,FALSE
P00444,U0135,Snapchat,riley.khan68,85,231,231,2.85,1.4,42.4,Evening (6-10pm),TRUE,FALSE,TRUE,FALSE,TRUE
P00445,U0136,Instagram,asher_2030,39,156,490,2.43,0.7,130.6,Late Night (10pm-2am),TRUE,FALSE,TRUE,FALSE,TRUE
P00446,U0136,TikTok,ashere174,16,45,256,2.65,1.0,67.7,Late Night (10pm-2am),FALSE,FALSE,TRUE,TRUE,TRUE
P00447,U0137,Instagram,zoe.wang,55,390,168,2.19,3.9,52.8,Late Night (10pm-2am),FALSE,FALSE,TRUE,FALSE,FALSE
P00448,U0137,TikTok,zoe.wang,24,1102,320,3.44,3.2,164.6,Late Night (10pm-2am),TRUE,FALSE,TRUE,FALSE,TRUE
P00449,U0137,Snapchat,zoew145,95,312,312,3.32,0.6,65.1,Late Night (10pm-2am),FALSE,FALSE,TRUE,TRUE,TRUE
P00450,U0137,X (Twitter),zoew141,38,35,416,4.24,0.4,11.4,Late Night (10pm-2am),FALSE,FALSE,TRUE,FALSE,TRUE
P00451,U0138,Instagram,nataliei867,75,883,285,1.28,4.2,97.8,Midday (10am-2pm),TRUE,FALSE,FALSE,FALSE,TRUE
P00452,U0138,Snapchat,natalie.ivanov30,41,136,136,2.55,3.0,73.6,Afternoon (2-6pm),TRUE,FALSE,FALSE,TRUE,TRUE
P00453,U0138,X (Twitter),natalie.ivanov,74,44,834,6.27,0.6,22.6,Evening (6-10pm),FALSE,FALSE,TRUE,FALSE,TRUE
P00454,U0139,Instagram,thomasd139,59,244,517,2.16,1.0,28.2,Evening (6-10pm),FALSE,FALSE,TRUE,TRUE,FALSE
P00455,U0139,TikTok,thomas.davis,50,74,625,2.43,0.3,69.5,Midday (10am-2pm),FALSE,FALSE,FALSE,FALSE,TRUE
P00456,U0139,Snapchat,thomas.davis,95,355,355,2.87,0.1,46.2,Evening (6-10pm),TRUE,FALSE,TRUE,TRUE,FALSE
P00457,U0140,Instagram,itsmia,66,303,915,3.75,6.7,66.1,Midday (10am-2pm),FALSE,FALSE,TRUE,FALSE,TRUE
P00458,U0140,TikTok,miar593,48,241,607,2.27,1.9,139.5,Evening (6-10pm),FALSE,FALSE,FALSE,FALSE,TRUE
P00459,U0140,Facebook,itsmia7,78,341,341,3.19,2.1,21.7,Morning (6-10am),FALSE,FALSE,FALSE,FALSE,FALSE
P00460,U0141,Instagram,itsmaya,42,2010,394,2.97,0.9,47.8,Late Night (10pm-2am),FALSE,FALSE,TRUE,FALSE,TRUE
P00461,U0141,TikTok,mayas987,31,463,879,1.78,0.9,55.5,Late Night (10pm-2am),FALSE,FALSE,TRUE,TRUE,TRUE
P00462,U0141,Snapchat,maya.santos,61,218,218,2.54,3.0,31.4,Late Night (10pm-2am),TRUE,FALSE,FALSE,TRUE,TRUE
P00463,U0141,Facebook,maya.santos,62,692,692,3.03,4.9,11.3,Late Night (10pm-2am),FALSE,FALSE,TRUE,FALSE,TRUE
P00464,U0142,Instagram,adrian_x,100,232,210,2.62,1.6,32.1,Late Night (10pm-2am),FALSE,FALSE,TRUE,FALSE,TRUE
P00465,U0142,TikTok,adrian_2029,61,92,279,5.67,0.7,107.0,Late Night (10pm-2am),FALSE,FALSE,TRUE,FALSE,FALSE
P00466,U0142,X (Twitter),adrian_tv,43,402,201,4.67,1.1,23.7,Late Night (10pm-2am),FALSE,FALSE,FALSE,FALSE,TRUE
P00467,U0143,Instagram,itsjonathan,71,2168,396,5.12,2.5,34.9,Afternoon (2-6pm),FALSE,FALSE,TRUE,TRUE,TRUE
P00468,U0143,TikTok,jonathanj126,53,131,978,3.74,1.0,35.3,Evening (6-10pm),FALSE,FALSE,FALSE,FALSE,FALSE
P00469,U0143,Snapchat,jonathan_official,44,854,854,4.06,2.6,87.1,Midday (10am-2pm),TRUE,FALSE,FALSE,FALSE,TRUE
P00470,U0144,Instagram,benjamin.park71,45,683,1617,1.72,5.6,33.2,Late Night (10pm-2am),FALSE,FALSE,FALSE,FALSE,TRUE
P00471,U0144,TikTok,itsbenjamin2,68,689,416,4.02,2.0,94.7,Late Night (10pm-2am),FALSE,FALSE,FALSE,FALSE,TRUE
P00472,U0144,Snapchat,benjamin_x,70,401,401,2.3,2.1,55.2,Late Night (10pm-2am),FALSE,FALSE,FALSE,FALSE,TRUE
P00473,U0145,Instagram,elizabeth.white91,75,206,298,3.04,4.1,57.4,Morning (6-10am),FALSE,FALSE,TRUE,FALSE,TRUE
P00474,U0145,TikTok,elizabeth_2028,63,1268,1285,3.65,1.5,140.8,Evening (6-10pm),TRUE,FALSE,FALSE,FALSE,FALSE
P00475,U0145,Snapchat,itselizabeth9,73,437,437,2.89,2.9,38.6,Morning (6-10am),TRUE,FALSE,TRUE,FALSE,TRUE
P00476,U0146,Instagram,lucas_gram,85,301,321,3.82,1.4,26.8,Midday (10am-2pm),FALSE,FALSE,FALSE,FALSE,FALSE
P00477,U0146,TikTok,lucas_gram,44,158,1212,3.81,1.4,193.2,Midday (10am-2pm),FALSE,FALSE,TRUE,FALSE,TRUE
P00478,U0146,X (Twitter),itslucaso,32,23,262,4.45,4.3,16.0,Evening (6-10pm),FALSE,FALSE,FALSE,TRUE,TRUE
P00479,U0147,Instagram,itscaleb,65,655,318,2.76,4.1,23.9,Evening (6-10pm),TRUE,FALSE,TRUE,FALSE,TRUE
P00480,U0147,TikTok,caleb_tv,60,127,454,3.57,0.9,98.5,Afternoon (2-6pm),TRUE,FALSE,TRUE,FALSE,TRUE
P00481,U0147,X (Twitter),caleb_x,58,337,78,5.66,0.8,18.6,Evening (6-10pm),FALSE,FALSE,FALSE,FALSE,TRUE
P00482,U0148,Instagram,luca.gomez,46,381,709,1.26,1.0,90.2,Morning (6-10am),TRUE,FALSE,FALSE,FALSE,TRUE
P00483,U0148,TikTok,luca_official,26,18,242,2.24,0.9,44.6,Midday (10am-2pm),FALSE,FALSE,FALSE,FALSE,TRUE
P00484,U0148,X (Twitter),luca_2030,39,54,148,2.62,0.5,26.1,Evening (6-10pm),FALSE,FALSE,FALSE,FALSE,TRUE
P00485,U0149,Instagram,scarlett.white,55,1939,357,3.03,2.9,32.3,Late Night (10pm-2am),FALSE,FALSE,TRUE,FALSE,TRUE
P00486,U0149,TikTok,scarlett.white,68,2473,639,4.42,1.0,248.2,Late Night (10pm-2am),FALSE,FALSE,FALSE,FALSE,FALSE
P00487,U0149,Facebook,scarlett_gram,100,1106,1106,3.86,4.3,13.9,Late Night (10pm-2am),FALSE,FALSE,TRUE,FALSE,FALSE
P00488,U0150,Instagram,itswilliamx,61,325,530,1.25,1.5,43.9,Midday (10am-2pm),FALSE,FALSE,TRUE,FALSE,FALSE
P00489,U0150,TikTok,william.khan50,67,295,396,3.1,2.3,230.5,Evening (6-10pm),FALSE,FALSE,TRUE,FALSE,TRUE
P00490,U0150,Snapchat,william.khan26,30,394,394,2.03,1.2,15.7,Evening (6-10pm),TRUE,FALSE,TRUE,FALSE,FALSE
P00491,U0150,Facebook,williamk660,112,573,573,2.35,4.7,16.0,Evening (6-10pm),TRUE,FALSE,FALSE,TRUE,FALSE
P00492,U0151,Instagram,penelopev835,46,157,489,3.04,2.8,53.7,Evening (6-10pm),TRUE,FALSE,FALSE,FALSE,TRUE
P00493,U0151,TikTok,penelope.visser,35,1386,581,1.7,1.3,44.6,Evening (6-10pm),FALSE,FALSE,TRUE,FALSE,TRUE
P00494,U0151,Snapchat,penelopev105,89,222,222,2.9,0.9,41.9,Evening (6-10pm),TRUE,FALSE,FALSE,FALSE,TRUE
P00495,U0151,Facebook,penelopev30,30,342,342,3.03,3.0,8.0,Afternoon (2-6pm),FALSE,FALSE,FALSE,FALSE,TRUE
P00496,U0152,Instagram,jasmineg555,51,1515,805,4.09,2.3,48.0,Late Night (10pm-2am),TRUE,FALSE,FALSE,FALSE,FALSE
P00497,U0152,TikTok,jasmine.gray,10,153,831,3.6,0.5,102.0,Late Night (10pm-2am),FALSE,FALSE,TRUE,FALSE,TRUE
P00498,U0152,Facebook,jasmine.gray48,66,430,430,3.67,3.1,12.6,Late Night (10pm-2am),TRUE,FALSE,TRUE,FALSE,TRUE
P00499,U0153,Instagram,andrews768,38,2199,249,0.99,2.4,95.5,Morning (6-10am),FALSE,FALSE,FALSE,FALSE,TRUE
P00500,U0153,TikTok,andrews640,40,170,573,3.62,6.6,40.5,Morning (6-10am),TRUE,FALSE,FALSE,FALSE,FALSE
P00501,U0153,Snapchat,andrews100,84,523,523,3.86,2.6,22.6,Evening (6-10pm),TRUE,FALSE,FALSE,FALSE,TRUE
P00502,U0154,Instagram,camille_tv,70,2203,1011,3.97,2.7,22.7,Morning (6-10am),FALSE,FALSE,TRUE,FALSE,TRUE
P00503,U0154,TikTok,camille_official,45,223,411,3.03,4.8,111.8,Morning (6-10am),FALSE,FALSE,TRUE,TRUE,FALSE
P00504,U0154,Snapchat,camille_x,39,751,751,4.05,1.3,23.3,Evening (6-10pm),FALSE,FALSE,FALSE,FALSE,TRUE
P00505,U0154,Facebook,itscamillex,97,950,950,2.11,1.0,11.8,Morning (6-10am),FALSE,FALSE,FALSE,TRUE,TRUE
P00506,U0155,Instagram,jamalw931,87,346,314,3.59,2.6,41.5,Late Night (10pm-2am),FALSE,FALSE,TRUE,TRUE,FALSE
P00507,U0155,TikTok,jamal.wagner,75,21,836,2.5,1.4,102.1,Late Night (10pm-2am),TRUE,FALSE,FALSE,TRUE,TRUE
P00508,U0155,Facebook,jamalw937,54,459,459,3.56,0.4,18.6,Late Night (10pm-2am),TRUE,FALSE,TRUE,FALSE,TRUE
P00509,U0156,TikTok,layla.murphy10,54,383,393,3.0,1.5,137.6,Afternoon (2-6pm),FALSE,FALSE,FALSE,FALSE,TRUE
P00510,U0156,Snapchat,layla_x,65,730,730,3.3,4.3,19.5,Midday (10am-2pm),TRUE,FALSE,TRUE,TRUE,FALSE
P00511,U0156,X (Twitter),layla_tv,45,69,93,5.26,0.2,24.5,Midday (10am-2pm),TRUE,FALSE,FALSE,FALSE,TRUE
P00512,U0157,Instagram,wei.cooper91,71,404,475,2.34,0.8,127.9,Evening (6-10pm),FALSE,FALSE,TRUE,FALSE,TRUE
P00513,U0157,TikTok,itsweix,45,1052,445,1.6,0.8,102.5,Evening (6-10pm),TRUE,FALSE,TRUE,FALSE,TRUE
P00514,U0158,Instagram,itsryano,59,470,478,3.69,0.8,105.4,Morning (6-10am),FALSE,FALSE,TRUE,FALSE,TRUE
P00515,U0158,TikTok,ryan_tv,26,109,418,2.96,1.1,59.9,Evening (6-10pm),FALSE,FALSE,FALSE,FALSE,TRUE
P00516,U0158,Snapchat,ryanw328,63,493,493,1.33,4.1,19.3,Midday (10am-2pm),TRUE,FALSE,TRUE,TRUE,FALSE
P00517,U0158,Facebook,ryanw290,105,1211,1211,1.58,0.8,8.5,Morning (6-10am),TRUE,FALSE,TRUE,FALSE,TRUE
P00518,U0159,Instagram,miaa593,85,425,408,3.35,3.6,23.1,Afternoon (2-6pm),FALSE,FALSE,TRUE,FALSE,TRUE
P00519,U0159,TikTok,mia_tv,74,307,1195,2.1,1.2,266.3,Evening (6-10pm),FALSE,FALSE,TRUE,FALSE,FALSE
P00520,U0159,X (Twitter),miaa847,35,173,93,2.16,6.0,18.0,Evening (6-10pm),FALSE,FALSE,TRUE,FALSE,FALSE
P00521,U0160,Instagram,audrey.lopez1,63,826,754,2.19,1.1,35.8,Late Night (10pm-2am),TRUE,FALSE,TRUE,TRUE,TRUE
P00522,U0160,TikTok,audreyl736,57,329,639,2.72,1.7,57.8,Late Night (10pm-2am),FALSE,FALSE,FALSE,TRUE,TRUE
P00523,U0160,Snapchat,audreyl841,44,253,253,2.52,1.5,63.4,Late Night (10pm-2am),TRUE,FALSE,TRUE,FALSE,TRUE
P00524,U0160,X (Twitter),audreyl306,42,26,391,3.9,1.1,8.9,Late Night (10pm-2am),FALSE,FALSE,TRUE,FALSE,TRUE
P00525,U0161,Instagram,joseph.lee76,31,2210,522,3.12,1.2,108.2,Afternoon (2-6pm),FALSE,FALSE,TRUE,TRUE,TRUE
P00526,U0161,TikTok,joseph.lee48,60,93,487,3.17,1.6,69.6,Evening (6-10pm),TRUE,FALSE,FALSE,FALSE,TRUE
P00527,U0161,Snapchat,josephl383,79,403,403,2.21,3.0,29.0,Evening (6-10pm),TRUE,FALSE,TRUE,TRUE,TRUE
P00528,U0162,Instagram,malikc127,80,2681,1032,4.71,2.3,106.1,Evening (6-10pm),TRUE,FALSE,FALSE,FALSE,TRUE
P00529,U0162,TikTok,malikc737,44,301,306,4.33,4.9,119.8,Evening (6-10pm),FALSE,FALSE,TRUE,FALSE,TRUE
P00530,U0162,Snapchat,malikc311,94,368,368,2.33,3.1,64.4,Afternoon (2-6pm),TRUE,FALSE,FALSE,TRUE,TRUE
P00531,U0163,Instagram,harperm627,48,590,207,3.1,1.2,38.8,Late Night (10pm-2am),FALSE,FALSE,TRUE,FALSE,TRUE
P00532,U0163,TikTok,harper.muller25,25,1548,387,3.36,3.2,139.9,Late Night (10pm-2am),FALSE,FALSE,TRUE,FALSE,TRUE
P00533,U0164,Instagram,alondra.kaur,79,416,391,2.65,0.5,53.7,Midday (10am-2pm),FALSE,FALSE,FALSE,FALSE,TRUE
P00534,U0164,TikTok,alondra_gram,46,258,642,4.91,0.5,168.8,Morning (6-10am),TRUE,FALSE,FALSE,FALSE,FALSE
P00535,U0164,Snapchat,alondra.kaur19,77,336,336,1.49,0.8,94.8,Morning (6-10am),TRUE,FALSE,FALSE,TRUE,TRUE
P00536,U0164,X (Twitter),alondra.kaur89,46,17,108,2.94,0.9,24.6,Morning (6-10am),FALSE,FALSE,TRUE,FALSE,FALSE
P00537,U0165,Instagram,aisha_gram,34,683,318,4.88,2.8,150.0,Late Night (10pm-2am),FALSE,FALSE,FALSE,TRUE,TRUE
P00538,U0165,TikTok,itsaisha6,49,118,190,2.67,4.0,58.4,Late Night (10pm-2am),TRUE,FALSE,FALSE,FALSE,TRUE
P00539,U0165,Snapchat,aisham189,64,304,304,3.23,4.9,48.7,Late Night (10pm-2am),TRUE,FALSE,TRUE,TRUE,TRUE
P00540,U0165,X (Twitter),aisha_official,42,175,879,3.39,1.2,12.7,Late Night (10pm-2am),FALSE,FALSE,TRUE,FALSE,FALSE
P00541,U0166,Instagram,stellal807,79,634,587,2.85,3.6,35.7,Late Night (10pm-2am),FALSE,FALSE,FALSE,TRUE,FALSE
P00542,U0166,TikTok,itsstella4,50,272,1098,3.28,3.2,83.2,Late Night (10pm-2am),TRUE,FALSE,FALSE,FALSE,FALSE
P00543,U0166,Snapchat,stellal911,81,807,807,2.96,1.1,36.5,Late Night (10pm-2am),FALSE,FALSE,FALSE,FALSE,TRUE
P00544,U0166,X (Twitter),stellal653,45,48,380,3.17,4.7,21.2,Late Night (10pm-2am),FALSE,FALSE,FALSE,FALSE,FALSE
P00545,U0167,Instagram,jeremiah_x,48,301,433,1.25,0.6,38.5,Afternoon (2-6pm),TRUE,FALSE,TRUE,TRUE,TRUE
P00546,U0167,TikTok,jeremiahw513,49,589,1167,4.91,3.6,183.1,Evening (6-10pm),FALSE,FALSE,TRUE,FALSE,TRUE
P00547,U0167,Facebook,jeremiahw7,116,900,900,4.78,1.8,23.4,Afternoon (2-6pm),TRUE,FALSE,TRUE,TRUE,TRUE
P00548,U0168,Instagram,itsalondra,63,304,679,3.24,3.0,39.1,Evening (6-10pm),FALSE,FALSE,FALSE,FALSE,TRUE
P00549,U0168,Snapchat,alondra_tv,90,347,347,3.19,1.3,99.6,Afternoon (2-6pm),TRUE,FALSE,TRUE,TRUE,TRUE
P00550,U0168,Facebook,alondrap397,52,478,478,3.06,1.8,4.8,Evening (6-10pm),FALSE,FALSE,TRUE,TRUE,TRUE
P00551,U0169,Instagram,addison.visser,48,1647,818,1.61,4.3,59.9,Evening (6-10pm),FALSE,FALSE,TRUE,FALSE,TRUE
P00552,U0169,TikTok,addison_tv,45,198,384,4.09,3.9,99.7,Afternoon (2-6pm),FALSE,FALSE,TRUE,FALSE,TRUE
P00553,U0169,Snapchat,addison.visser53,101,484,484,3.79,2.1,42.0,Evening (6-10pm),TRUE,FALSE,FALSE,TRUE,TRUE
P00554,U0169,X (Twitter),addison.visser,20,336,116,2.49,1.7,12.4,Evening (6-10pm),TRUE,FALSE,TRUE,FALSE,TRUE
P00555,U0170,Instagram,itsgracex,53,258,435,5.22,2.7,65.3,Afternoon (2-6pm),FALSE,FALSE,TRUE,FALSE,FALSE
P00556,U0170,TikTok,gracec377,79,290,391,4.82,2.4,70.6,Afternoon (2-6pm),FALSE,FALSE,FALSE,TRUE,TRUE
P00557,U0170,X (Twitter),grace.choi,37,685,166,3.24,2.6,40.4,Afternoon (2-6pm),FALSE,FALSE,FALSE,FALSE,FALSE
P00558,U0171,Instagram,itsnoaho,54,377,822,2.91,2.4,82.8,Midday (10am-2pm),TRUE,FALSE,TRUE,FALSE,TRUE
P00559,U0171,TikTok,noah.mensah48,45,2734,227,2.15,1.0,93.8,Morning (6-10am),TRUE,FALSE,TRUE,TRUE,FALSE
P00560,U0171,Snapchat,noah.mensah,87,416,416,3.64,2.8,47.1,Midday (10am-2pm),TRUE,FALSE,TRUE,TRUE,TRUE
P00561,U0172,Instagram,logan_gram,66,836,592,3.34,1.2,110.9,Evening (6-10pm),TRUE,FALSE,TRUE,FALSE,FALSE
P00562,U0172,TikTok,loganp652,70,107,212,2.36,3.1,87.2,Evening (6-10pm),FALSE,FALSE,TRUE,FALSE,FALSE
P00563,U0172,Snapchat,logan.parker,79,223,223,2.1,1.6,95.7,Afternoon (2-6pm),FALSE,FALSE,TRUE,TRUE,TRUE
P00564,U0172,X (Twitter),loganp298,56,78,71,4.11,1.6,25.5,Midday (10am-2pm),FALSE,FALSE,TRUE,FALSE,TRUE
P00565,U0173,Instagram,mateo.mitchell,49,1167,353,3.66,3.4,112.9,Late Night (10pm-2am),TRUE,FALSE,FALSE,FALSE,TRUE
P00566,U0173,TikTok,itsmateoo,43,200,325,3.04,1.8,68.1,Late Night (10pm-2am),TRUE,FALSE,FALSE,FALSE,TRUE
P00567,U0173,Snapchat,mateom919,101,243,243,1.59,0.4,32.2,Late Night (10pm-2am),TRUE,FALSE,TRUE,TRUE,TRUE
P00568,U0174,Instagram,weiv977,80,417,307,2.69,3.2,85.3,Midday (10am-2pm),FALSE,FALSE,TRUE,TRUE,TRUE
P00569,U0174,TikTok,wei.visser,63,974,430,4.36,2.6,107.9,Midday (10am-2pm),FALSE,FALSE,FALSE,FALSE,TRUE
P00570,U0174,Snapchat,itswei,104,782,782,1.53,5.5,64.1,Evening (6-10pm),TRUE,FALSE,FALSE,FALSE,TRUE
P00571,U0174,Facebook,wei_2028,62,396,396,4.29,1.4,15.7,Evening (6-10pm),TRUE,FALSE,FALSE,TRUE,TRUE
P00572,U0175,Instagram,asher.kim,87,785,643,3.64,3.4,49.8,Afternoon (2-6pm),TRUE,FALSE,TRUE,FALSE,TRUE
P00573,U0175,TikTok,itsasherx,37,684,580,4.22,3.9,98.0,Midday (10am-2pm),FALSE,FALSE,TRUE,TRUE,TRUE
P00574,U0175,Snapchat,asherk886,103,910,910,3.47,3.8,37.6,Afternoon (2-6pm),TRUE,FALSE,FALSE,TRUE,TRUE
P00575,U0175,X (Twitter),asherk441,74,34,585,4.94,1.3,19.5,Evening (6-10pm),FALSE,FALSE,FALSE,FALSE,TRUE
P00576,U0175,Facebook,asherk122,87,340,340,4.78,2.3,7.0,Afternoon (2-6pm),TRUE,FALSE,FALSE,TRUE,FALSE
P00577,U0176,Instagram,samuel_gram,53,165,351,2.81,0.4,71.1,Late Night (10pm-2am),TRUE,FALSE,TRUE,FALSE,TRUE
P00578,U0176,TikTok,itssamuel6,67,2137,930,1.75,1.2,187.6,Late Night (10pm-2am),FALSE,FALSE,FALSE,TRUE,FALSE
P00579,U0176,Snapchat,itssamuel,65,173,173,3.21,1.4,26.4,Late Night (10pm-2am),TRUE,FALSE,TRUE,TRUE,TRUE
P00580,U0176,X (Twitter),itssamuel2,35,13,147,2.39,0.8,13.0,Late Night (10pm-2am),FALSE,FALSE,TRUE,FALSE,TRUE
P00581,U0177,Instagram,oliver.white,41,272,725,5.06,3.3,35.2,Evening (6-10pm),TRUE,FALSE,TRUE,TRUE,FALSE
P00582,U0177,TikTok,oliver.white9,63,91,203,4.75,3.1,43.9,Midday (10am-2pm),TRUE,FALSE,TRUE,FALSE,TRUE
P00583,U0177,Snapchat,oliverw640,72,412,412,4.21,0.4,28.5,Evening (6-10pm),FALSE,FALSE,FALSE,FALSE,TRUE
P00584,U0177,X (Twitter),oliver.white,40,136,120,3.69,0.6,31.5,Midday (10am-2pm),FALSE,FALSE,TRUE,FALSE,TRUE
P00585,U0177,Facebook,oliver_2027,81,1246,1246,2.5,1.1,30.6,Midday (10am-2pm),FALSE,FALSE,TRUE,FALSE,TRUE
P00586,U0178,Instagram,darius_x,66,256,508,1.76,3.0,49.2,Midday (10am-2pm),TRUE,FALSE,TRUE,FALSE,TRUE
P00587,U0178,TikTok,darius_official,23,797,541,3.68,1.0,116.9,Midday (10am-2pm),FALSE,FALSE,TRUE,FALSE,TRUE
P00588,U0179,Instagram,james_official,82,762,315,2.55,1.2,28.8,Midday (10am-2pm),TRUE,FALSE,FALSE,FALSE,TRUE
P00589,U0179,TikTok,itsjameso,45,1167,580,1.47,1.9,46.6,Afternoon (2-6pm),FALSE,FALSE,FALSE,FALSE,TRUE
P00590,U0179,Snapchat,jamesl16,75,293,293,2.72,3.9,39.7,Evening (6-10pm),TRUE,FALSE,FALSE,FALSE,FALSE
P00591,U0180,Instagram,leah_official,30,265,1032,1.18,2.5,48.1,Late Night (10pm-2am),FALSE,FALSE,FALSE,FALSE,FALSE
P00592,U0180,TikTok,leahr845,54,253,1682,2.37,0.6,127.0,Late Night (10pm-2am),FALSE,FALSE,TRUE,TRUE,FALSE
P00593,U0180,Snapchat,itsleah,49,542,542,2.74,1.8,55.9,Late Night (10pm-2am),TRUE,FALSE,TRUE,FALSE,TRUE
P00594,U0180,X (Twitter),leahr15,35,226,372,3.3,1.7,6.1,Late Night (10pm-2am),FALSE,FALSE,FALSE,FALSE,TRUE
P00595,U0181,Instagram,mohammed_tv,59,1396,326,3.25,0.8,66.7,Evening (6-10pm),FALSE,FALSE,TRUE,FALSE,FALSE
P00596,U0181,TikTok,itsmohammedx,46,1421,460,2.77,3.8,82.7,Afternoon (2-6pm),FALSE,FALSE,TRUE,FALSE,FALSE
P00597,U0181,Snapchat,mohammedh519,62,466,466,2.1,1.0,89.0,Midday (10am-2pm),TRUE,FALSE,TRUE,TRUE,TRUE
P00598,U0182,Instagram,itsnoahx,73,877,176,1.32,2.7,50.9,Morning (6-10am),TRUE,FALSE,TRUE,FALSE,TRUE
P00599,U0182,TikTok,noahh383,66,983,319,0.81,2.6,121.3,Evening (6-10pm),FALSE,FALSE,TRUE,FALSE,TRUE
P00600,U0183,Instagram,romana405,60,921,363,1.71,2.9,51.9,Late Night (10pm-2am),FALSE,FALSE,FALSE,TRUE,TRUE
P00601,U0183,TikTok,romana850,53,296,730,3.26,1.9,105.3,Late Night (10pm-2am),FALSE,FALSE,TRUE,FALSE,TRUE
P00602,U0183,X (Twitter),itsroman5,64,78,65,3.96,3.4,17.2,Late Night (10pm-2am),TRUE,FALSE,TRUE,FALSE,TRUE
P00603,U0184,Instagram,camille_official,47,1420,913,4.17,4.9,54.6,Evening (6-10pm),FALSE,FALSE,TRUE,FALSE,TRUE
P00604,U0184,TikTok,camille_tv,52,6434,392,5.41,0.8,74.0,Evening (6-10pm),FALSE,FALSE,TRUE,FALSE,TRUE
P00605,U0184,Snapchat,camillea673,86,556,556,4.55,3.0,35.9,Midday (10am-2pm),TRUE,FALSE,FALSE,FALSE,TRUE
P00606,U0185,Instagram,abigail.santos7,45,648,2246,2.51,1.2,53.8,Late Night (10pm-2am),FALSE,FALSE,FALSE,FALSE,TRUE
P00607,U0185,TikTok,abigail_2027,66,194,495,3.03,3.3,170.9,Late Night (10pm-2am),FALSE,FALSE,FALSE,FALSE,TRUE
P00608,U0185,Snapchat,itsabigailx,67,667,667,2.56,2.7,53.1,Late Night (10pm-2am),FALSE,FALSE,TRUE,TRUE,FALSE
P00609,U0185,Facebook,abigail.santos78,51,978,978,3.53,4.7,13.4,Late Night (10pm-2am),TRUE,FALSE,TRUE,FALSE,TRUE
P00610,U0186,Instagram,easton.morales,47,590,474,3.26,2.4,48.3,Late Night (10pm-2am),FALSE,FALSE,TRUE,FALSE,FALSE
P00611,U0186,TikTok,easton_official,49,271,509,3.32,1.9,93.3,Late Night (10pm-2am),FALSE,FALSE,FALSE,FALSE,TRUE
P00612,U0186,Snapchat,itseastonx,62,397,397,3.47,2.1,67.3,Late Night (10pm-2am),TRUE,FALSE,FALSE,TRUE,TRUE
P00613,U0187,Instagram,ellie.brooks,53,416,313,2.06,0.4,39.4,Evening (6-10pm),FALSE,FALSE,TRUE,FALSE,TRUE
P00614,U0187,TikTok,ellie_gram,55,213,374,3.45,2.4,75.5,Afternoon (2-6pm),FALSE,FALSE,FALSE,FALSE,TRUE
P00615,U0187,Snapchat,ellie_x,109,470,470,0.2,2.7,27.1,Evening (6-10pm),TRUE,FALSE,TRUE,TRUE,TRUE
P00616,U0187,Facebook,itselliex,111,469,469,2.25,0.9,16.8,Evening (6-10pm),TRUE,FALSE,FALSE,TRUE,TRUE
P00617,U0188,Instagram,theodorel13,36,594,169,2.61,1.6,107.9,Late Night (10pm-2am),TRUE,FALSE,FALSE,FALSE,FALSE
P00618,U0188,TikTok,theodorel217,36,488,899,4.23,2.2,123.7,Late Night (10pm-2am),FALSE,FALSE,FALSE,FALSE,TRUE
P00619,U0188,Snapchat,theodorel704,42,487,487,2.49,2.8,59.2,Late Night (10pm-2am),TRUE,FALSE,FALSE,FALSE,TRUE
P00620,U0189,Instagram,jacobr11,71,264,333,1.89,1.9,88.3,Midday (10am-2pm),FALSE,FALSE,TRUE,FALSE,TRUE
P00621,U0189,TikTok,jacob.ross8,81,147,807,7.02,1.8,139.1,Midday (10am-2pm),FALSE,FALSE,TRUE,TRUE,TRUE
P00622,U0189,X (Twitter),jacobr502,71,39,141,5.18,2.4,24.3,Morning (6-10am),FALSE,FALSE,TRUE,FALSE,TRUE
P00623,U0189,Facebook,jacob.ross53,78,695,695,5.14,0.2,9.4,Morning (6-10am),TRUE,FALSE,FALSE,TRUE,TRUE
P00624,U0190,Instagram,mohammeds873,89,140,391,3.01,0.7,39.6,Afternoon (2-6pm),FALSE,FALSE,FALSE,FALSE,TRUE
P00625,U0190,TikTok,mohammed.silva,39,434,1116,1.7,0.7,141.0,Afternoon (2-6pm),TRUE,FALSE,FALSE,FALSE,FALSE
P00626,U0190,Snapchat,mohammed_2029,85,243,243,3.28,1.2,42.1,Midday (10am-2pm),TRUE,FALSE,FALSE,TRUE,FALSE
P00627,U0191,Instagram,harper_tv,57,231,254,6.04,2.1,36.8,Late Night (10pm-2am),FALSE,FALSE,FALSE,FALSE,FALSE
P00628,U0191,TikTok,itsharper,52,378,663,2.61,0.6,61.6,Late Night (10pm-2am),FALSE,FALSE,FALSE,FALSE,TRUE
P00629,U0191,Facebook,harper_2028,80,1037,1037,4.41,1.9,12.0,Late Night (10pm-2am),FALSE,FALSE,TRUE,FALSE,TRUE
P00630,U0192,Instagram,stella.nguyen,44,900,430,3.5,2.9,71.9,Late Night (10pm-2am),FALSE,FALSE,FALSE,FALSE,TRUE
P00631,U0192,Facebook,itsstella1,68,789,789,1.88,3.0,11.1,Late Night (10pm-2am),FALSE,FALSE,FALSE,FALSE,FALSE
P00632,U0193,Instagram,camille.tran6,62,145,691,3.78,3.8,57.0,Afternoon (2-6pm),FALSE,FALSE,TRUE,TRUE,FALSE
P00633,U0193,TikTok,camille_2029,49,446,770,2.87,6.4,77.8,Evening (6-10pm),FALSE,FALSE,TRUE,FALSE,FALSE
P00634,U0193,Snapchat,itscamilleo,40,348,348,4.73,2.1,22.5,Midday (10am-2pm),FALSE,FALSE,TRUE,FALSE,TRUE
P00635,U0194,Instagram,itsmichaelo,49,719,98,3.5,2.3,88.5,Midday (10am-2pm),TRUE,FALSE,FALSE,FALSE,TRUE
P00636,U0194,TikTok,michael.chavez,44,68,513,6.86,2.6,98.2,Midday (10am-2pm),FALSE,FALSE,TRUE,FALSE,TRUE
P00637,U0194,X (Twitter),michael_gram,60,46,149,4.74,1.6,36.3,Evening (6-10pm),FALSE,FALSE,FALSE,FALSE,TRUE
P00638,U0194,Facebook,michael.chavez20,108,313,313,1.77,2.4,10.2,Midday (10am-2pm),FALSE,FALSE,TRUE,FALSE,TRUE
P00639,U0195,Instagram,bella.ortiz24,67,2466,330,1.04,2.4,60.5,Late Night (10pm-2am),TRUE,FALSE,TRUE,TRUE,FALSE
P00640,U0195,Snapchat,bellao626,70,368,368,2.92,1.3,29.5,Late Night (10pm-2am),TRUE,FALSE,FALSE,FALSE,TRUE
P00641,U0195,X (Twitter),itsbella,56,32,830,3.36,1.9,28.0,Late Night (10pm-2am),FALSE,FALSE,FALSE,FALSE,FALSE
P00642,U0195,Facebook,bella_gram,53,548,548,2.61,0.9,21.9,Late Night (10pm-2am),TRUE,FALSE,TRUE,FALSE,TRUE
P00643,U0196,Instagram,chloer543,46,100,369,3.27,1.5,77.7,Late Night (10pm-2am),TRUE,FALSE,TRUE,FALSE,TRUE
P00644,U0196,TikTok,chloe.rossi68,39,599,551,3.4,0.7,264.9,Late Night (10pm-2am),FALSE,FALSE,FALSE,FALSE,TRUE
P00645,U0196,Snapchat,chloe_gram,55,579,579,2.65,0.9,22.8,Late Night (10pm-2am),TRUE,FALSE,TRUE,FALSE,FALSE
P00646,U0197,Instagram,lucas_x,28,4954,293,0.32,1.9,116.0,Evening (6-10pm),FALSE,FALSE,TRUE,TRUE,FALSE
P00647,U0197,TikTok,lucas_x,58,576,568,4.89,0.5,123.9,Morning (6-10am),FALSE,FALSE,TRUE,FALSE,TRUE
P00648,U0198,Instagram,eleanoro598,61,540,569,1.63,1.0,131.2,Evening (6-10pm),FALSE,FALSE,FALSE,FALSE,TRUE
P00649,U0198,TikTok,eleanor_official,45,435,317,1.76,0.5,27.5,Afternoon (2-6pm),FALSE,FALSE,FALSE,FALSE,TRUE
P00650,U0198,Snapchat,itseleanor4,97,639,639,1.66,1.9,20.5,Evening (6-10pm),TRUE,FALSE,FALSE,FALSE,TRUE
P00651,U0198,X (Twitter),eleanoro930,51,51,83,4.93,1.2,25.0,Midday (10am-2pm),TRUE,FALSE,TRUE,FALSE,TRUE
P00652,U0199,Instagram,hudson_official,64,2242,118,2.25,1.1,19.6,Late Night (10pm-2am),FALSE,FALSE,TRUE,FALSE,TRUE
P00653,U0199,TikTok,itshudsono,14,729,713,4.75,1.1,113.8,Late Night (10pm-2am),FALSE,FALSE,FALSE,FALSE,FALSE
P00654,U0199,Snapchat,hudson_tv,39,420,420,3.71,3.1,70.4,Late Night (10pm-2am),TRUE,FALSE,TRUE,TRUE,TRUE
P00655,U0200,Instagram,itscaseyo,54,138,311,3.46,3.5,96.7,Late Night (10pm-2am),FALSE,FALSE,FALSE,FALSE,FALSE
P00656,U0200,TikTok,itscasey9,54,124,432,1.79,1.1,241.5,Late Night (10pm-2am),FALSE,FALSE,TRUE,FALSE,TRUE
P00657,U0200,Snapchat,caseyc712,93,463,463,2.78,0.6,18.8,Late Night (10pm-2am),TRUE,FALSE,TRUE,TRUE,TRUE
P00658,U0200,X (Twitter),caseyc578,53,104,1101,0.27,1.8,14.8,Late Night (10pm-2am),TRUE,FALSE,FALSE,FALSE,TRUE
P00659,U0200,Facebook,casey_tv,56,448,448,3.38,1.8,14.0,Late Night (10pm-2am),TRUE,FALSE,FALSE,FALSE,FALSE
P00660,U0201,Instagram,evelyno118,77,539,544,3.72,0.5,115.9,Late Night (10pm-2am),FALSE,FALSE,TRUE,FALSE,FALSE
P00661,U0201,TikTok,itsevelynx,57,305,476,2.9,1.8,59.4,Late Night (10pm-2am),FALSE,FALSE,FALSE,FALSE,TRUE
P00662,U0201,Snapchat,evelyn.ortiz,85,204,204,2.21,0.6,65.6,Late Night (10pm-2am),TRUE,FALSE,FALSE,FALSE,TRUE
P00663,U0201,Facebook,evelyn_x,14,620,620,1.5,4.8,13.5,Late Night (10pm-2am),TRUE,FALSE,FALSE,FALSE,FALSE
P00664,U0202,TikTok,owenf836,27,1052,566,3.08,2.1,119.1,Late Night (10pm-2am),TRUE,FALSE,FALSE,FALSE,TRUE
P00665,U0203,Instagram,eli.hoffman55,34,2487,845,0.88,5.2,61.7,Evening (6-10pm),FALSE,FALSE,TRUE,FALSE,TRUE
P00666,U0203,TikTok,itseli5,58,102,632,4.36,3.6,237.8,Evening (6-10pm),FALSE,FALSE,TRUE,TRUE,TRUE
P00667,U0203,Snapchat,elih593,93,513,513,4.37,1.5,92.7,Evening (6-10pm),TRUE,FALSE,TRUE,TRUE,TRUE
P00668,U0204,Instagram,itsaudreyo,55,1313,361,1.72,3.0,46.2,Morning (6-10am),TRUE,FALSE,TRUE,TRUE,TRUE
P00669,U0204,TikTok,audrey.okafor77,59,276,351,4.44,3.7,66.2,Morning (6-10am),FALSE,FALSE,TRUE,TRUE,TRUE
P00670,U0204,Snapchat,audrey_x,75,248,248,4.8,6.8,21.2,Morning (6-10am),TRUE,FALSE,TRUE,TRUE,TRUE
P00671,U0205,Instagram,samuelp364,89,1487,220,3.26,1.7,55.0,Late Night (10pm-2am),TRUE,FALSE,TRUE,FALSE,FALSE
P00672,U0205,Snapchat,samuelp203,66,259,259,2.95,3.1,46.3,Late Night (10pm-2am),TRUE,FALSE,TRUE,TRUE,TRUE
P00673,U0206,Instagram,saget402,84,724,215,2.52,1.3,71.4,Evening (6-10pm),TRUE,FALSE,TRUE,FALSE,TRUE
P00674,U0206,TikTok,itssage4,15,70,629,1.41,3.7,84.0,Evening (6-10pm),TRUE,FALSE,TRUE,TRUE,TRUE
P00675,U0206,Snapchat,saget3,45,579,579,2.72,1.4,25.1,Evening (6-10pm),TRUE,FALSE,FALSE,TRUE,TRUE
P00676,U0206,Facebook,saget339,78,875,875,3.46,3.0,16.5,Midday (10am-2pm),TRUE,FALSE,FALSE,TRUE,FALSE
P00677,U0207,Instagram,luke.fraser1,44,852,358,4.35,0.9,70.3,Late Night (10pm-2am),TRUE,FALSE,TRUE,TRUE,FALSE
P00678,U0207,TikTok,luke_tv,22,462,233,3.69,2.5,123.4,Late Night (10pm-2am),FALSE,FALSE,TRUE,FALSE,TRUE
P00679,U0207,Facebook,luke_2024,91,958,958,4.97,5.6,8.5,Late Night (10pm-2am),TRUE,FALSE,FALSE,FALSE,TRUE
P00680,U0208,Instagram,hannah.wood,69,512,389,2.39,0.8,28.7,Late Night (10pm-2am),TRUE,FALSE,FALSE,FALSE,FALSE
P00681,U0208,TikTok,hannah_tv,37,157,399,3.63,2.6,115.1,Late Night (10pm-2am),FALSE,FALSE,TRUE,FALSE,TRUE
P00682,U0208,X (Twitter),hannah.wood,37,16,155,4.97,0.0,37.7,Late Night (10pm-2am),FALSE,FALSE,FALSE,TRUE,TRUE
P00683,U0209,Instagram,itsdaniel,73,586,345,5.89,1.5,87.2,Late Night (10pm-2am),FALSE,FALSE,TRUE,FALSE,TRUE
P00684,U0209,TikTok,daniel_tv,56,2473,496,2.14,3.6,82.7,Late Night (10pm-2am),TRUE,FALSE,FALSE,TRUE,TRUE
P00685,U0209,Snapchat,itsdaniel8,66,444,444,3.02,6.6,36.2,Late Night (10pm-2am),TRUE,FALSE,TRUE,FALSE,FALSE
P00686,U0209,Facebook,daniell792,72,503,503,4.44,2.0,9.2,Late Night (10pm-2am),TRUE,FALSE,TRUE,TRUE,TRUE
P00687,U0210,Instagram,miles.long26,49,1161,134,2.09,0.0,68.1,Late Night (10pm-2am),TRUE,FALSE,TRUE,FALSE,TRUE
P00688,U0210,TikTok,milesl734,55,126,662,0.83,3.0,67.2,Late Night (10pm-2am),FALSE,FALSE,TRUE,FALSE,TRUE
P00689,U0210,X (Twitter),miles.long63,57,271,172,3.81,0.7,29.1,Late Night (10pm-2am),FALSE,FALSE,TRUE,FALSE,FALSE
P00690,U0211,Instagram,jackb317,47,2549,246,3.54,1.7,26.0,Late Night (10pm-2am),FALSE,FALSE,TRUE,FALSE,TRUE
P00691,U0211,TikTok,jackb286,60,102,516,3.85,2.7,83.1,Late Night (10pm-2am),TRUE,FALSE,TRUE,FALSE,TRUE
P00692,U0211,Snapchat,jack.brown96,81,347,347,1.27,1.2,74.6,Late Night (10pm-2am),FALSE,FALSE,TRUE,FALSE,FALSE
P00693,U0211,X (Twitter),itsjack7,57,227,355,1.14,0.3,31.0,Late Night (10pm-2am),TRUE,FALSE,TRUE,FALSE,TRUE
P00694,U0212,Instagram,andrew_2026,82,805,406,3.05,1.5,58.0,Midday (10am-2pm),TRUE,FALSE,TRUE,FALSE,TRUE
P00695,U0212,TikTok,andrew.ward,46,107,620,0.99,0.5,195.9,Midday (10am-2pm),FALSE,FALSE,TRUE,TRUE,TRUE
P00696,U0212,Snapchat,andrew_tv,58,518,518,2.79,3.0,55.9,Morning (6-10am),TRUE,FALSE,FALSE,FALSE,FALSE
P00697,U0213,Instagram,itsquinn3,43,276,496,4.39,0.9,53.6,Midday (10am-2pm),FALSE,FALSE,TRUE,FALSE,FALSE
P00698,U0213,TikTok,quinnb12,74,324,428,3.38,2.2,198.2,Evening (6-10pm),FALSE,FALSE,TRUE,FALSE,TRUE
P00699,U0214,Instagram,itskennedyx,74,418,254,2.56,1.2,88.2,Late Night (10pm-2am),TRUE,FALSE,TRUE,FALSE,TRUE
P00700,U0214,TikTok,kennedy_gram,57,150,180,1.78,2.1,94.1,Late Night (10pm-2am),TRUE,FALSE,TRUE,TRUE,FALSE
P00701,U0214,Snapchat,itskennedyo,65,253,253,3.6,1.9,62.6,Late Night (10pm-2am),TRUE,FALSE,FALSE,TRUE,TRUE
P00702,U0215,Instagram,elijahb476,92,1288,761,2.19,3.2,47.8,Late Night (10pm-2am),TRUE,FALSE,TRUE,FALSE,TRUE
P00703,U0215,TikTok,elijah.bennett4,51,561,295,3.11,1.1,126.8,Late Night (10pm-2am),FALSE,FALSE,TRUE,FALSE,TRUE
P00704,U0216,TikTok,maya_official,40,73,677,4.4,5.0,57.0,Morning (6-10am),TRUE,FALSE,TRUE,FALSE,TRUE
P00705,U0216,Snapchat,itsmaya5,44,696,696,4.17,0.8,28.0,Midday (10am-2pm),FALSE,FALSE,TRUE,FALSE,TRUE
P00706,U0216,X (Twitter),maya.parker,13,55,126,3.43,2.1,29.4,Morning (6-10am),FALSE,FALSE,TRUE,TRUE,TRUE
P00707,U0216,Facebook,mayap68,100,306,306,2.38,1.6,15.5,Morning (6-10am),TRUE,FALSE,FALSE,TRUE,TRUE
P00708,U0217,Instagram,allison_x,96,7055,487,2.56,3.0,38.6,Afternoon (2-6pm),FALSE,FALSE,TRUE,FALSE,TRUE
P00709,U0217,TikTok,allison.young51,71,59,424,1.41,2.2,46.5,Evening (6-10pm),FALSE,FALSE,TRUE,FALSE,FALSE
P00710,U0217,Snapchat,allison.young42,68,664,664,3.53,3.6,57.2,Afternoon (2-6pm),TRUE,FALSE,TRUE,TRUE,TRUE
P00711,U0217,X (Twitter),allisony989,46,67,164,4.81,1.4,17.3,Midday (10am-2pm),FALSE,FALSE,FALSE,FALSE,TRUE
P00712,U0217,Facebook,itsallisonx,101,618,618,3.33,2.5,9.0,Evening (6-10pm),FALSE,FALSE,TRUE,TRUE,FALSE
P00713,U0218,Instagram,emily.robinson,65,700,449,4.75,1.4,46.3,Evening (6-10pm),TRUE,FALSE,TRUE,FALSE,TRUE
P00714,U0218,TikTok,emilyr617,64,998,1084,1.83,0.5,76.7,Morning (6-10am),FALSE,FALSE,FALSE,TRUE,FALSE
P00715,U0218,Snapchat,emilyr520,57,315,315,2.63,3.4,69.3,Morning (6-10am),TRUE,FALSE,FALSE,TRUE,TRUE
P00716,U0219,Instagram,taylorm928,89,678,485,1.57,2.4,95.0,Evening (6-10pm),FALSE,FALSE,FALSE,TRUE,TRUE
P00717,U0219,TikTok,itstaylor,32,654,494,2.63,1.1,142.4,Evening (6-10pm),TRUE,FALSE,TRUE,FALSE,TRUE
P00718,U0219,Snapchat,taylor.mitchell58,92,765,765,2.21,0.7,76.5,Evening (6-10pm),TRUE,FALSE,TRUE,FALSE,TRUE
P00719,U0220,Instagram,itscooper4,53,1243,332,1.99,2.3,75.1,Late Night (10pm-2am),FALSE,FALSE,TRUE,FALSE,TRUE
P00720,U0220,TikTok,cooperl628,25,344,940,2.65,0.7,82.9,Late Night (10pm-2am),TRUE,FALSE,TRUE,FALSE,TRUE
P00721,U0220,Snapchat,cooperl883,56,436,436,3.18,0.8,24.2,Late Night (10pm-2am),TRUE,FALSE,FALSE,TRUE,TRUE
P00722,U0220,Facebook,cooper.lindberg51,23,636,636,2.93,1.7,11.7,Late Night (10pm-2am),FALSE,FALSE,FALSE,FALSE,TRUE
P00723,U0221,Instagram,savannah.foster19,33,593,257,4.53,1.9,70.3,Late Night (10pm-2am),FALSE,FALSE,FALSE,FALSE,FALSE
P00724,U0221,TikTok,savannahf134,33,3389,523,2.48,5.5,102.8,Late Night (10pm-2am),FALSE,FALSE,FALSE,FALSE,TRUE
P00725,U0221,Facebook,savannah.foster,102,250,250,6.78,1.1,20.7,Late Night (10pm-2am),FALSE,FALSE,TRUE,FALSE,TRUE
P00726,U0222,Instagram,mei.virtanen93,78,442,407,3.08,1.3,64.4,Morning (6-10am),FALSE,FALSE,FALSE,FALSE,TRUE
P00727,U0222,TikTok,mei.virtanen,53,282,673,3.37,3.1,117.1,Midday (10am-2pm),FALSE,FALSE,FALSE,FALSE,TRUE
P00728,U0222,Snapchat,mei.virtanen,50,372,372,4.42,2.9,71.3,Midday (10am-2pm),TRUE,FALSE,FALSE,FALSE,TRUE
P00729,U0223,Instagram,fatimat877,71,715,524,2.87,3.8,63.4,Late Night (10pm-2am),FALSE,FALSE,TRUE,FALSE,TRUE
P00730,U0223,Snapchat,fatimat777,79,152,152,3.33,2.5,38.2,Late Night (10pm-2am),TRUE,FALSE,FALSE,FALSE,TRUE
P00731,U0223,X (Twitter),fatima.torres,48,287,518,3.55,1.9,39.1,Late Night (10pm-2am),FALSE,FALSE,FALSE,FALSE,FALSE
P00732,U0224,Instagram,jaxoni808,95,1695,1070,3.48,2.6,53.6,Late Night (10pm-2am),FALSE,FALSE,TRUE,FALSE,TRUE
P00733,U0224,TikTok,jaxon.ivanov13,74,782,420,4.38,4.1,188.3,Late Night (10pm-2am),TRUE,FALSE,TRUE,FALSE,TRUE
P00734,U0224,X (Twitter),jaxon_gram,35,185,160,5.5,4.5,33.1,Late Night (10pm-2am),TRUE,FALSE,FALSE,TRUE,FALSE
P00735,U0225,Instagram,itschloe2,63,2559,175,2.02,2.4,84.1,Late Night (10pm-2am),TRUE,FALSE,TRUE,TRUE,TRUE
P00736,U0225,TikTok,chloe_2028,42,82,714,6.95,3.2,209.8,Late Night (10pm-2am),TRUE,FALSE,TRUE,FALSE,TRUE
P00737,U0225,Snapchat,chloe_official,72,282,282,5.69,2.3,63.8,Late Night (10pm-2am),TRUE,FALSE,TRUE,FALSE,TRUE
P00738,U0225,X (Twitter),chloew664,45,73,186,3.39,0.9,9.6,Late Night (10pm-2am),FALSE,FALSE,TRUE,TRUE,FALSE
P00739,U0226,Instagram,tariqt478,25,960,375,2.25,1.0,32.7,Afternoon (2-6pm),FALSE,FALSE,TRUE,FALSE,TRUE
P00740,U0226,TikTok,tariqt279,62,701,1148,3.72,1.1,123.1,Evening (6-10pm),FALSE,FALSE,FALSE,FALSE,FALSE
P00741,U0226,Snapchat,tariq.thomas88,82,729,729,2.46,2.2,27.8,Evening (6-10pm),TRUE,FALSE,TRUE,TRUE,TRUE
P00742,U0226,X (Twitter),tariqt339,38,1411,338,3.23,2.4,23.5,Midday (10am-2pm),TRUE,FALSE,FALSE,TRUE,FALSE
P00743,U0227,Instagram,anthonyj91,82,1317,218,1.47,6.6,72.6,Late Night (10pm-2am),FALSE,FALSE,FALSE,FALSE,TRUE
P00744,U0227,TikTok,itsanthonyo,25,423,311,2.81,2.8,156.2,Late Night (10pm-2am),FALSE,FALSE,TRUE,FALSE,TRUE
P00745,U0227,Snapchat,anthonyj353,85,500,500,3.24,1.7,34.9,Late Night (10pm-2am),TRUE,FALSE,TRUE,TRUE,FALSE
P00746,U0228,Instagram,andrew_official,70,387,250,5.12,4.7,52.1,Midday (10am-2pm),TRUE,FALSE,FALSE,FALSE,FALSE
P00747,U0228,TikTok,andrewm888,53,448,249,2.7,2.2,41.6,Morning (6-10am),FALSE,FALSE,TRUE,FALSE,FALSE
P00748,U0228,X (Twitter),andrewm140,51,42,323,6.9,2.6,21.3,Morning (6-10am),FALSE,FALSE,TRUE,FALSE,TRUE
P00749,U0229,Instagram,elijah_2026,54,589,213,3.39,2.3,112.2,Evening (6-10pm),TRUE,FALSE,FALSE,FALSE,FALSE
P00750,U0229,TikTok,itselijah8,50,178,276,4.67,1.9,49.3,Afternoon (2-6pm),FALSE,FALSE,FALSE,FALSE,TRUE
P00751,U0230,Instagram,luna.papadopoulos38,35,2840,243,5.39,1.8,25.2,Morning (6-10am),FALSE,FALSE,FALSE,TRUE,FALSE
P00752,U0230,Snapchat,luna.papadopoulos,40,193,193,3.31,4.0,83.9,Midday (10am-2pm),TRUE,FALSE,TRUE,TRUE,FALSE
P00753,U0230,Facebook,lunap393,20,649,649,2.07,1.6,9.8,Evening (6-10pm),TRUE,FALSE,TRUE,FALSE,FALSE
P00754,U0231,Instagram,everlyo347,64,613,169,2.03,3.3,143.4,Morning (6-10am),TRUE,FALSE,TRUE,FALSE,TRUE
P00755,U0231,TikTok,everlyo571,38,1092,691,3.3,7.2,160.8,Midday (10am-2pm),FALSE,FALSE,TRUE,TRUE,FALSE
P00756,U0231,Snapchat,everly_tv,72,393,393,4.23,2.6,50.5,Evening (6-10pm),TRUE,FALSE,TRUE,TRUE,TRUE
P00757,U0231,Facebook,itseverly,22,1066,1066,3.52,2.1,11.2,Evening (6-10pm),FALSE,FALSE,FALSE,FALSE,FALSE
P00758,U0232,Instagram,savannaha661,97,833,227,1.92,2.3,79.6,Evening (6-10pm),TRUE,FALSE,FALSE,TRUE,TRUE
P00759,U0232,TikTok,savannah_2025,47,376,372,0.9,2.4,201.9,Evening (6-10pm),FALSE,FALSE,TRUE,FALSE,TRUE
P00760,U0232,Snapchat,savannah.alvarez30,37,598,598,1.34,1.6,31.2,Evening (6-10pm),TRUE,FALSE,TRUE,FALSE,FALSE
P00761,U0232,X (Twitter),itssavannah8,35,112,475,4.0,4.0,31.7,Evening (6-10pm),TRUE,FALSE,TRUE,FALSE,FALSE
P00762,U0233,Instagram,destiny_gram,40,2213,219,3.02,2.2,50.2,Midday (10am-2pm),TRUE,FALSE,FALSE,FALSE,FALSE
P00763,U0233,TikTok,itsdestiny,17,111,374,4.15,3.0,80.4,Morning (6-10am),TRUE,FALSE,TRUE,FALSE,TRUE
P00764,U0233,Snapchat,destiny_tv,76,652,652,3.86,1.7,43.7,Morning (6-10am),TRUE,FALSE,FALSE,TRUE,TRUE
P00765,U0233,X (Twitter),destinyh702,21,46,122,4.14,5.3,9.2,Morning (6-10am),TRUE,FALSE,TRUE,FALSE,TRUE
P00766,U0234,Instagram,itsgabriel,89,964,850,3.23,0.8,158.3,Late Night (10pm-2am),FALSE,FALSE,FALSE,TRUE,TRUE
P00767,U0234,Snapchat,itsgabriel4,53,605,605,0.54,1.2,65.7,Late Night (10pm-2am),TRUE,FALSE,TRUE,FALSE,FALSE
P00768,U0234,Facebook,gabrielm528,84,519,519,4.68,1.7,12.9,Late Night (10pm-2am),TRUE,FALSE,TRUE,FALSE,FALSE
P00769,U0235,Instagram,marcus_2030,96,569,208,3.83,3.2,48.6,Late Night (10pm-2am),TRUE,FALSE,FALSE,TRUE,FALSE
P00770,U0235,TikTok,marcusl754,63,212,1407,4.54,6.0,134.6,Late Night (10pm-2am),FALSE,FALSE,TRUE,FALSE,TRUE
P00771,U0236,Instagram,jack_2025,30,1218,466,2.44,2.9,110.0,Late Night (10pm-2am),FALSE,FALSE,TRUE,FALSE,TRUE
P00772,U0236,TikTok,jackn923,50,746,457,4.69,1.2,102.8,Late Night (10pm-2am),TRUE,FALSE,TRUE,FALSE,TRUE
P00773,U0236,Snapchat,jackn146,84,349,349,1.43,1.6,30.2,Late Night (10pm-2am),TRUE,FALSE,TRUE,TRUE,FALSE
P00774,U0237,Instagram,evelyn_2024,30,284,221,3.44,2.4,58.1,Midday (10am-2pm),FALSE,FALSE,TRUE,FALSE,FALSE
P00775,U0237,TikTok,evelyn_gram,41,679,731,1.53,0.4,52.7,Afternoon (2-6pm),FALSE,FALSE,FALSE,FALSE,TRUE
P00776,U0237,Facebook,itsevelyn,104,985,985,1.04,3.8,16.1,Afternoon (2-6pm),FALSE,FALSE,TRUE,TRUE,TRUE
P00777,U0238,Instagram,omar_tv,33,104,305,1.16,3.7,34.3,Late Night (10pm-2am),FALSE,FALSE,FALSE,FALSE,TRUE
P00778,U0238,TikTok,itsomarx,37,259,1219,2.66,1.3,203.2,Late Night (10pm-2am),FALSE,FALSE,FALSE,FALSE,TRUE
P00779,U0238,Snapchat,omark908,83,390,390,3.98,0.5,31.3,Late Night (10pm-2am),FALSE,FALSE,TRUE,FALSE,FALSE
P00780,U0238,Facebook,omar_official,91,667,667,3.53,0.4,23.5,Late Night (10pm-2am),TRUE,FALSE,TRUE,FALSE,FALSE
P00781,U0239,Instagram,itsjamal,45,1045,198,2.48,0.2,33.1,Midday (10am-2pm),TRUE,FALSE,TRUE,TRUE,TRUE
P00782,U0239,TikTok,jamalc588,22,183,1203,3.05,3.2,80.6,Midday (10am-2pm),TRUE,FALSE,TRUE,FALSE,TRUE
P00783,U0239,Snapchat,jamal.clark,74,247,247,3.21,4.7,32.0,Midday (10am-2pm),TRUE,FALSE,FALSE,TRUE,FALSE
P00784,U0239,Facebook,jamal.clark90,78,1156,1156,4.68,2.9,12.2,Midday (10am-2pm),TRUE,FALSE,FALSE,TRUE,TRUE
P00785,U0240,Instagram,elizabethc117,80,162,410,3.45,1.0,54.8,Morning (6-10am),TRUE,FALSE,TRUE,TRUE,TRUE
P00786,U0240,Snapchat,elizabeth.campbell1,65,519,519,1.59,0.7,13.8,Evening (6-10pm),TRUE,FALSE,TRUE,TRUE,TRUE
P00787,U0241,Instagram,colton.kaur52,84,1603,352,1.88,0.8,68.6,Late Night (10pm-2am),FALSE,FALSE,TRUE,FALSE,FALSE
P00788,U0241,TikTok,coltonk221,28,497,580,1.78,2.2,38.9,Late Night (10pm-2am),FALSE,FALSE,TRUE,TRUE,FALSE
P00789,U0241,Snapchat,coltonk949,81,245,245,2.97,1.5,32.7,Late Night (10pm-2am),TRUE,FALSE,FALSE,FALSE,FALSE
P00790,U0242,Instagram,madelyn_x,62,520,271,2.85,1.1,73.1,Afternoon (2-6pm),TRUE,FALSE,TRUE,FALSE,TRUE
P00791,U0242,TikTok,madelynw86,15,1630,330,1.81,1.2,121.1,Evening (6-10pm),TRUE,FALSE,TRUE,FALSE,FALSE
P00792,U0242,Snapchat,madelynw998,55,297,297,2.4,0.7,48.8,Evening (6-10pm),TRUE,FALSE,TRUE,TRUE,TRUE
P00793,U0242,Facebook,madelynw629,76,317,317,3.92,0.8,6.4,Midday (10am-2pm),FALSE,FALSE,TRUE,FALSE,TRUE
P00794,U0243,Instagram,itsdylan6,65,299,159,5.23,1.8,58.3,Evening (6-10pm),FALSE,FALSE,TRUE,TRUE,TRUE
P00795,U0243,TikTok,dylano632,56,468,582,4.49,2.1,152.2,Evening (6-10pm),FALSE,FALSE,TRUE,FALSE,TRUE
P00796,U0243,Snapchat,dylan_tv,74,235,235,2.19,0.2,18.6,Evening (6-10pm),TRUE,FALSE,TRUE,FALSE,TRUE
P00797,U0243,X (Twitter),dylan.okafor,34,281,1033,5.12,2.1,32.4,Afternoon (2-6pm),TRUE,FALSE,FALSE,FALSE,TRUE
P00798,U0243,Facebook,dylan.okafor,111,604,604,2.01,0.5,10.0,Evening (6-10pm),FALSE,FALSE,TRUE,FALSE,TRUE
P00799,U0244,Instagram,alondrap740,67,971,244,1.47,2.1,83.9,Late Night (10pm-2am),FALSE,FALSE,FALSE,FALSE,TRUE
P00800,U0244,TikTok,alondra.price,77,1088,491,2.45,2.7,66.0,Late Night (10pm-2am),TRUE,FALSE,FALSE,FALSE,TRUE
P00801,U0245,Instagram,josiaha678,62,1205,995,2.29,1.4,53.7,Evening (6-10pm),FALSE,FALSE,FALSE,FALSE,TRUE
P00802,U0245,TikTok,itsjosiaho,44,599,551,2.19,0.4,49.9,Evening (6-10pm),FALSE,FALSE,TRUE,FALSE,TRUE
P00803,U0245,Facebook,josiah_official,89,219,219,3.24,1.2,17.6,Afternoon (2-6pm),FALSE,FALSE,FALSE,TRUE,TRUE
P00804,U0246,Instagram,itsjinx,80,200,1377,3.0,0.8,31.2,Midday (10am-2pm),TRUE,FALSE,FALSE,TRUE,FALSE
P00805,U0246,TikTok,jin_tv,34,47,1027,5.13,0.8,58.7,Morning (6-10am),TRUE,FALSE,TRUE,TRUE,TRUE
P00806,U0246,Snapchat,jinm429,77,266,266,5.8,0.8,55.3,Morning (6-10am),TRUE,FALSE,FALSE,FALSE,FALSE
P00807,U0246,Facebook,jin_x,76,1203,1203,4.27,0.9,12.7,Morning (6-10am),TRUE,FALSE,FALSE,FALSE,TRUE
P00808,U0247,TikTok,itsameliao,9,61,610,2.22,1.8,79.0,Evening (6-10pm),TRUE,FALSE,TRUE,FALSE,TRUE
P00809,U0247,Snapchat,ameliaw905,96,613,613,3.3,2.8,36.8,Evening (6-10pm),TRUE,FALSE,TRUE,TRUE,FALSE
P00810,U0247,X (Twitter),ameliaw854,56,139,105,1.52,1.3,14.6,Afternoon (2-6pm),TRUE,FALSE,TRUE,FALSE,TRUE
P00811,U0247,Facebook,ameliaw713,94,474,474,3.39,0.5,12.7,Midday (10am-2pm),TRUE,FALSE,TRUE,TRUE,TRUE
P00812,U0248,Instagram,itsjoshua6,17,1903,303,0.2,0.4,38.4,Morning (6-10am),TRUE,FALSE,TRUE,FALSE,TRUE
P00813,U0248,TikTok,itsjoshua7,52,261,722,3.89,1.3,69.3,Midday (10am-2pm),TRUE,FALSE,FALSE,TRUE,FALSE
P00814,U0249,Instagram,itsemiliax,58,1399,801,0.84,1.2,115.3,Late Night (10pm-2am),TRUE,FALSE,TRUE,FALSE,TRUE
P00815,U0249,TikTok,emilia_x,50,522,529,1.65,2.6,145.1,Late Night (10pm-2am),FALSE,FALSE,TRUE,FALSE,FALSE
P00816,U0249,Snapchat,emiliav113,55,443,443,2.58,2.0,31.2,Late Night (10pm-2am),TRUE,FALSE,TRUE,TRUE,TRUE
P00817,U0250,TikTok,destiny.clark,64,1906,507,1.01,3.1,70.0,Afternoon (2-6pm),FALSE,FALSE,TRUE,FALSE,TRUE
P00818,U0250,Snapchat,itsdestinyo,55,166,166,3.8,4.4,21.6,Evening (6-10pm),TRUE,FALSE,TRUE,FALSE,FALSE
P00819,U0250,Facebook,destinyc479,60,1017,1017,0.2,4.3,16.9,Midday (10am-2pm),TRUE,FALSE,TRUE,TRUE,TRUE
P00820,U0251,Instagram,lincolnc542,62,530,283,0.2,1.9,39.2,Late Night (10pm-2am),FALSE,FALSE,TRUE,FALSE,TRUE
P00821,U0251,TikTok,lincoln_2029,81,290,635,4.86,1.4,143.9,Late Night (10pm-2am),FALSE,FALSE,TRUE,TRUE,TRUE
P00822,U0251,Snapchat,itslincolnx,59,205,205,1.86,1.3,30.0,Late Night (10pm-2am),FALSE,FALSE,TRUE,TRUE,TRUE
P00823,U0251,X (Twitter),lincolnc720,69,128,204,3.32,2.6,12.3,Late Night (10pm-2am),TRUE,FALSE,TRUE,FALSE,FALSE
P00824,U0251,Facebook,lincoln.cruz19,107,838,838,5.14,6.8,12.6,Late Night (10pm-2am),TRUE,FALSE,FALSE,FALSE,FALSE
P00825,U0252,Instagram,aaron_2030,86,2470,406,3.28,2.3,92.8,Midday (10am-2pm),TRUE,FALSE,FALSE,FALSE,TRUE
P00826,U0252,X (Twitter),itsaaronx,50,44,338,5.37,4.2,11.1,Midday (10am-2pm),FALSE,FALSE,TRUE,TRUE,TRUE
P00827,U0252,Facebook,aaronm706,81,512,512,4.83,4.1,26.0,Afternoon (2-6pm),TRUE,FALSE,FALSE,TRUE,FALSE
P00828,U0253,Instagram,itssophia1,65,1357,592,2.77,2.3,57.1,Midday (10am-2pm),FALSE,FALSE,FALSE,FALSE,TRUE
P00829,U0253,TikTok,sophiaf430,68,670,541,2.15,1.7,72.9,Midday (10am-2pm),FALSE,FALSE,FALSE,TRUE,TRUE
P00830,U0253,Snapchat,sophia.fraser34,27,265,265,3.81,1.2,31.8,Morning (6-10am),TRUE,FALSE,FALSE,FALSE,FALSE
P00831,U0253,Facebook,sophia_tv,78,565,565,1.98,0.3,13.4,Morning (6-10am),FALSE,FALSE,FALSE,FALSE,TRUE
P00832,U0254,Instagram,arjun_x,42,620,546,3.88,0.6,92.3,Late Night (10pm-2am),FALSE,FALSE,FALSE,FALSE,TRUE
P00833,U0254,TikTok,itsarjunx,73,1406,676,4.48,3.0,77.2,Late Night (10pm-2am),FALSE,FALSE,TRUE,FALSE,TRUE
P00834,U0254,Snapchat,arjun_tv,58,254,254,1.6,1.5,33.7,Late Night (10pm-2am),TRUE,FALSE,TRUE,FALSE,TRUE
P00835,U0255,Instagram,grace_2026,53,467,374,2.9,2.6,41.5,Afternoon (2-6pm),TRUE,FALSE,TRUE,TRUE,TRUE
P00836,U0255,TikTok,grace.ruiz49,35,809,2828,4.33,1.6,46.4,Evening (6-10pm),FALSE,FALSE,TRUE,FALSE,FALSE
P00837,U0255,Snapchat,grace_gram,82,402,402,3.33,1.6,39.7,Evening (6-10pm),TRUE,FALSE,TRUE,FALSE,FALSE
P00838,U0256,Instagram,isaacr567,65,420,452,1.79,2.5,79.2,Evening (6-10pm),FALSE,FALSE,FALSE,FALSE,TRUE
P00839,U0256,TikTok,isaac_gram,47,425,418,2.46,0.4,86.0,Midday (10am-2pm),FALSE,FALSE,TRUE,FALSE,TRUE
P00840,U0257,Instagram,asher_official,96,1106,267,1.9,1.8,56.7,Morning (6-10am),FALSE,FALSE,TRUE,FALSE,TRUE
P00841,U0257,TikTok,itsasher2,55,137,488,1.89,2.1,195.2,Midday (10am-2pm),FALSE,FALSE,FALSE,FALSE,TRUE
P00842,U0257,Snapchat,asherr845,73,499,499,2.17,0.4,43.3,Evening (6-10pm),TRUE,FALSE,FALSE,TRUE,TRUE
P00843,U0257,X (Twitter),asher_x,71,73,114,2.18,1.0,25.9,Midday (10am-2pm),FALSE,FALSE,FALSE,FALSE,TRUE
P00844,U0258,TikTok,nia.okafor,36,1085,447,3.55,0.5,61.0,Late Night (10pm-2am),FALSE,FALSE,FALSE,TRUE,FALSE
P00845,U0258,Snapchat,niao614,76,578,578,1.26,1.8,38.7,Late Night (10pm-2am),TRUE,FALSE,FALSE,TRUE,TRUE
P00846,U0258,X (Twitter),itsniax,35,161,111,3.78,2.3,17.4,Late Night (10pm-2am),FALSE,FALSE,FALSE,FALSE,TRUE
P00847,U0258,Facebook,niao383,88,976,976,1.46,1.7,14.9,Late Night (10pm-2am),TRUE,FALSE,TRUE,TRUE,FALSE
P00848,U0259,Instagram,mohammedo93,58,63,301,4.1,0.2,41.5,Evening (6-10pm),FALSE,FALSE,FALSE,FALSE,FALSE
P00849,U0259,TikTok,mohammed_official,17,73,322,2.16,1.9,83.8,Afternoon (2-6pm),FALSE,FALSE,TRUE,TRUE,TRUE
P00850,U0259,Facebook,mohammedo88,38,366,366,2.1,0.3,13.9,Midday (10am-2pm),FALSE,FALSE,TRUE,FALSE,TRUE
P00851,U0260,Instagram,madison.torres,94,491,495,2.41,0.7,73.1,Midday (10am-2pm),TRUE,FALSE,TRUE,FALSE,TRUE
P00852,U0260,X (Twitter),itsmadisonx,14,216,192,2.46,2.6,12.8,Morning (6-10am),TRUE,FALSE,FALSE,FALSE,TRUE
P00853,U0260,Facebook,itsmadisonx,91,340,340,4.17,2.2,6.7,Midday (10am-2pm),TRUE,FALSE,FALSE,TRUE,FALSE
P00854,U0261,Instagram,leah.singh94,76,471,397,4.61,0.4,60.8,Evening (6-10pm),TRUE,FALSE,TRUE,FALSE,FALSE
P00855,U0261,TikTok,leahs394,70,181,765,2.83,1.0,91.8,Midday (10am-2pm),TRUE,FALSE,FALSE,FALSE,TRUE
P00856,U0261,Snapchat,leah.singh8,110,380,380,2.86,1.1,17.0,Afternoon (2-6pm),TRUE,FALSE,FALSE,FALSE,TRUE
P00857,U0262,Instagram,itsdestinyx,86,352,199,3.28,0.7,88.7,Midday (10am-2pm),TRUE,FALSE,TRUE,FALSE,TRUE
P00858,U0262,TikTok,destiny.green65,28,107,1163,3.89,0.9,92.7,Evening (6-10pm),FALSE,FALSE,FALSE,FALSE,TRUE
P00859,U0262,Snapchat,destinyg876,19,330,330,2.96,0.5,51.3,Midday (10am-2pm),TRUE,FALSE,TRUE,TRUE,FALSE
P00860,U0262,X (Twitter),destinyg267,37,109,508,5.13,1.2,10.2,Evening (6-10pm),FALSE,FALSE,FALSE,TRUE,TRUE
P00861,U0263,Instagram,andrews371,63,421,292,0.2,1.3,33.2,Late Night (10pm-2am),FALSE,FALSE,TRUE,FALSE,TRUE
P00862,U0263,TikTok,andrews80,65,185,675,1.54,0.9,59.3,Late Night (10pm-2am),FALSE,FALSE,TRUE,FALSE,FALSE
P00863,U0264,Instagram,jacob_2027,19,218,530,6.11,0.4,166.6,Morning (6-10am),TRUE,FALSE,TRUE,FALSE,FALSE
P00864,U0264,TikTok,jacobb848,46,573,317,2.67,0.8,91.2,Morning (6-10am),TRUE,FALSE,TRUE,FALSE,TRUE
P00865,U0264,Snapchat,itsjacob3,49,205,205,2.41,3.2,31.2,Midday (10am-2pm),FALSE,FALSE,TRUE,FALSE,TRUE
P00866,U0264,Facebook,jacob.becker87,68,1069,1069,0.2,2.6,10.7,Morning (6-10am),TRUE,FALSE,TRUE,FALSE,TRUE
P00867,U0265,Instagram,itslillian1,45,583,535,4.02,1.6,49.7,Late Night (10pm-2am),TRUE,FALSE,TRUE,TRUE,TRUE
P00868,U0265,TikTok,lillian.thompson,62,109,592,3.85,0.4,36.3,Late Night (10pm-2am),TRUE,FALSE,FALSE,FALSE,TRUE
P00869,U0266,Instagram,itsbella,31,228,296,3.71,3.2,44.2,Evening (6-10pm),TRUE,FALSE,TRUE,FALSE,FALSE
P00870,U0266,TikTok,bellal934,37,289,631,5.48,3.0,118.8,Evening (6-10pm),FALSE,FALSE,FALSE,TRUE,TRUE
P00871,U0266,X (Twitter),bella_official,17,29,542,2.4,3.6,15.6,Afternoon (2-6pm),TRUE,FALSE,TRUE,FALSE,FALSE
P00872,U0267,Instagram,liam.gonzalez65,61,970,125,3.11,4.3,60.5,Late Night (10pm-2am),TRUE,FALSE,TRUE,TRUE,FALSE
P00873,U0267,TikTok,liam.gonzalez,55,817,234,3.82,1.1,75.0,Late Night (10pm-2am),TRUE,FALSE,TRUE,FALSE,TRUE
P00874,U0267,Snapchat,liamg153,80,445,445,2.17,4.1,57.8,Late Night (10pm-2am),TRUE,FALSE,FALSE,FALSE,TRUE
P00875,U0267,X (Twitter),liam.gonzalez65,35,33,292,4.55,3.4,11.0,Late Night (10pm-2am),FALSE,FALSE,TRUE,FALSE,TRUE
P00876,U0267,Facebook,liamg429,106,646,646,1.94,2.8,4.4,Late Night (10pm-2am),FALSE,FALSE,TRUE,FALSE,FALSE
P00877,U0268,Instagram,naomi_2024,49,561,332,1.43,0.3,48.8,Late Night (10pm-2am),TRUE,FALSE,FALSE,TRUE,FALSE
P00878,U0268,TikTok,itsnaomio,10,286,850,2.48,1.0,226.1,Late Night (10pm-2am),FALSE,FALSE,TRUE,TRUE,TRUE
P00879,U0268,Snapchat,naomi.rogers33,59,562,562,1.04,1.8,29.0,Late Night (10pm-2am),FALSE,FALSE,FALSE,FALSE,TRUE
P00880,U0269,Instagram,itsowen3,77,3453,287,2.02,1.6,85.2,Late Night (10pm-2am),FALSE,FALSE,TRUE,FALSE,FALSE
P00881,U0269,TikTok,owen_tv,73,596,353,4.77,5.1,103.6,Late Night (10pm-2am),FALSE,FALSE,TRUE,FALSE,TRUE
P00882,U0269,Snapchat,owen.lewis90,75,491,491,3.28,1.2,33.6,Late Night (10pm-2am),FALSE,FALSE,TRUE,TRUE,TRUE
P00883,U0269,X (Twitter),owen.lewis,60,68,74,1.4,3.1,8.2,Late Night (10pm-2am),FALSE,FALSE,FALSE,FALSE,TRUE
P00884,U0269,Facebook,owen_x,74,921,921,4.57,1.5,7.6,Late Night (10pm-2am),FALSE,FALSE,TRUE,FALSE,FALSE
P00885,U0270,Instagram,itsemma3,75,2533,236,2.79,2.6,57.8,Midday (10am-2pm),FALSE,FALSE,FALSE,FALSE,FALSE
P00886,U0270,TikTok,emma_2024,48,1733,173,4.73,1.3,66.7,Midday (10am-2pm),TRUE,FALSE,FALSE,FALSE,TRUE
P00887,U0270,Snapchat,emma_gram,99,174,174,3.01,1.8,47.6,Evening (6-10pm),TRUE,FALSE,TRUE,FALSE,TRUE
P00888,U0271,Instagram,itshazelo,66,1291,735,1.28,1.0,76.6,Evening (6-10pm),TRUE,FALSE,TRUE,FALSE,TRUE
P00889,U0271,TikTok,hazel.wood,44,361,978,1.33,6.6,64.9,Evening (6-10pm),TRUE,FALSE,TRUE,TRUE,TRUE
P00890,U0272,Instagram,simone.wilson72,38,890,854,3.05,3.0,86.0,Morning (6-10am),FALSE,FALSE,TRUE,TRUE,TRUE
P00891,U0272,Snapchat,simonew150,109,707,707,2.59,1.1,105.3,Morning (6-10am),TRUE,FALSE,FALSE,TRUE,FALSE
P00892,U0272,X (Twitter),simone.wilson,87,52,423,3.09,1.3,16.2,Midday (10am-2pm),TRUE,FALSE,TRUE,FALSE,FALSE
P00893,U0273,Instagram,paisley_x,59,1750,644,1.91,0.6,38.7,Evening (6-10pm),TRUE,FALSE,FALSE,FALSE,TRUE
P00894,U0273,TikTok,paisleyc605,59,534,389,2.34,1.7,64.2,Afternoon (2-6pm),TRUE,FALSE,TRUE,FALSE,TRUE
P00895,U0273,Snapchat,paisley.clark,80,293,293,3.95,1.4,15.6,Evening (6-10pm),TRUE,FALSE,TRUE,TRUE,TRUE
P00896,U0274,Instagram,owenl417,34,1196,875,1.67,1.5,28.6,Late Night (10pm-2am),FALSE,FALSE,TRUE,FALSE,FALSE
P00897,U0274,TikTok,itsowen6,80,89,1575,3.83,3.5,50.1,Late Night (10pm-2am),FALSE,FALSE,TRUE,TRUE,TRUE
P00898,U0274,X (Twitter),owen.le82,50,27,308,4.93,2.1,30.0,Late Night (10pm-2am),FALSE,FALSE,TRUE,FALSE,TRUE
P00899,U0275,Instagram,tariq_gram,61,1149,677,5.33,1.5,52.2,Late Night (10pm-2am),FALSE,FALSE,FALSE,FALSE,TRUE
P00900,U0275,TikTok,tariq_2026,18,233,175,1.97,1.9,57.5,Late Night (10pm-2am),FALSE,FALSE,FALSE,TRUE,TRUE
P00901,U0275,Snapchat,tariqw624,66,744,744,4.32,3.7,65.5,Late Night (10pm-2am),TRUE,FALSE,FALSE,FALSE,TRUE
P00902,U0276,Instagram,itsezra3,51,1835,608,3.19,1.1,79.5,Evening (6-10pm),FALSE,FALSE,TRUE,TRUE,FALSE
P00903,U0276,TikTok,itsezrao,17,85,433,5.12,1.7,65.1,Midday (10am-2pm),FALSE,FALSE,TRUE,FALSE,TRUE
P00904,U0276,X (Twitter),ezra_tv,27,288,238,2.28,0.8,14.9,Evening (6-10pm),FALSE,FALSE,TRUE,TRUE,FALSE
P00905,U0276,Facebook,ezra.murray,67,288,288,0.97,0.5,16.7,Midday (10am-2pm),TRUE,FALSE,TRUE,FALSE,TRUE
P00906,U0277,Instagram,itsallisono,51,1022,476,5.5,2.1,48.9,Morning (6-10am),TRUE,FALSE,TRUE,FALSE,TRUE
P00907,U0277,TikTok,allison.clark24,14,911,131,4.49,3.7,105.4,Morning (6-10am),FALSE,FALSE,TRUE,FALSE,FALSE
P00908,U0277,X (Twitter),allisonc855,33,61,281,4.26,2.0,12.3,Morning (6-10am),FALSE,FALSE,TRUE,FALSE,TRUE
P00909,U0277,Facebook,allison.clark,50,578,578,1.87,4.8,12.2,Midday (10am-2pm),TRUE,FALSE,FALSE,FALSE,TRUE
P00910,U0278,Instagram,jackr657,55,955,448,3.75,0.6,93.5,Evening (6-10pm),TRUE,FALSE,TRUE,FALSE,FALSE
P00911,U0278,TikTok,jackr594,42,199,466,3.14,3.7,138.6,Evening (6-10pm),TRUE,FALSE,TRUE,FALSE,TRUE
P00912,U0278,Snapchat,jackr355,38,651,651,2.81,4.0,33.8,Evening (6-10pm),TRUE,FALSE,FALSE,FALSE,TRUE
P00913,U0279,Instagram,naomih197,81,1797,403,4.07,2.7,100.7,Evening (6-10pm),TRUE,FALSE,FALSE,FALSE,TRUE
P00914,U0279,Snapchat,itsnaomi5,61,406,406,3.27,3.8,22.5,Evening (6-10pm),TRUE,FALSE,FALSE,FALSE,TRUE
P00915,U0279,X (Twitter),itsnaomi,27,53,190,4.18,2.2,27.8,Afternoon (2-6pm),TRUE,FALSE,TRUE,FALSE,TRUE
P00916,U0280,Instagram,willow_official,79,2465,1276,4.74,3.9,47.3,Evening (6-10pm),TRUE,FALSE,TRUE,TRUE,TRUE
P00917,U0280,Snapchat,willowp826,93,721,721,6.21,4.2,19.6,Afternoon (2-6pm),TRUE,FALSE,FALSE,TRUE,FALSE
P00918,U0280,X (Twitter),itswillow2,38,121,1181,4.3,3.4,22.6,Midday (10am-2pm),FALSE,FALSE,TRUE,TRUE,TRUE
P00919,U0281,Instagram,itspenelopex,48,1112,468,2.7,0.6,98.4,Afternoon (2-6pm),FALSE,FALSE,TRUE,FALSE,FALSE
P00920,U0281,Snapchat,penelope.price,54,481,481,3.04,1.5,86.8,Afternoon (2-6pm),TRUE,FALSE,FALSE,FALSE,TRUE
P00921,U0281,X (Twitter),penelope.price,55,64,287,3.13,0.6,11.4,Evening (6-10pm),FALSE,FALSE,FALSE,FALSE,TRUE
P00922,U0282,Instagram,aubreyf326,90,611,362,0.93,4.1,109.5,Midday (10am-2pm),TRUE,FALSE,TRUE,FALSE,FALSE
P00923,U0282,TikTok,aubrey.flores,60,217,152,1.52,2.0,93.3,Evening (6-10pm),FALSE,FALSE,TRUE,FALSE,TRUE
P00924,U0282,X (Twitter),aubreyf540,24,512,102,2.02,1.4,11.7,Midday (10am-2pm),FALSE,FALSE,TRUE,FALSE,TRUE
P00925,U0283,TikTok,zoeyb475,73,49,278,2.94,2.1,44.8,Afternoon (2-6pm),FALSE,FALSE,TRUE,TRUE,TRUE
P00926,U0283,Snapchat,itszoeyx,117,272,272,1.91,2.2,31.3,Evening (6-10pm),TRUE,FALSE,TRUE,FALSE,TRUE
P00927,U0283,X (Twitter),zoey_2030,79,75,69,3.57,0.1,24.6,Afternoon (2-6pm),FALSE,FALSE,TRUE,FALSE,TRUE
P00928,U0284,Instagram,lucy_official,40,114,171,3.73,1.1,47.3,Late Night (10pm-2am),TRUE,FALSE,FALSE,FALSE,TRUE
P00929,U0284,TikTok,lucya704,67,144,130,2.31,1.2,150.8,Late Night (10pm-2am),FALSE,FALSE,FALSE,FALSE,TRUE
P00930,U0285,Instagram,malik.morales,52,478,381,1.68,2.1,30.3,Late Night (10pm-2am),TRUE,FALSE,TRUE,FALSE,TRUE
P00931,U0285,TikTok,itsmalikx,38,148,451,2.29,2.1,83.8,Late Night (10pm-2am),FALSE,FALSE,FALSE,FALSE,TRUE
P00932,U0285,Snapchat,malik.morales,19,440,440,1.9,2.8,60.9,Late Night (10pm-2am),TRUE,FALSE,TRUE,TRUE,FALSE
P00933,U0285,X (Twitter),malik_official,29,280,172,3.54,0.2,29.9,Late Night (10pm-2am),FALSE,FALSE,FALSE,FALSE,TRUE
P00934,U0286,Instagram,olivia.carter83,46,197,494,2.43,0.9,42.9,Late Night (10pm-2am),TRUE,FALSE,FALSE,FALSE,FALSE
P00935,U0286,TikTok,itsoliviao,49,2520,250,3.32,1.6,113.5,Late Night (10pm-2am),TRUE,FALSE,TRUE,FALSE,TRUE
P00936,U0286,Snapchat,olivia_2030,77,450,450,0.93,1.1,63.4,Late Night (10pm-2am),TRUE,FALSE,FALSE,TRUE,FALSE
P00937,U0287,Instagram,lunaa988,87,669,582,1.82,1.1,89.0,Late Night (10pm-2am),TRUE,FALSE,FALSE,TRUE,TRUE
P00938,U0287,TikTok,luna_2025,49,1170,579,3.59,2.7,33.1,Late Night (10pm-2am),TRUE,FALSE,FALSE,TRUE,TRUE
P00939,U0288,Instagram,luca_2028,63,842,587,3.73,2.1,45.4,Evening (6-10pm),FALSE,FALSE,FALSE,FALSE,TRUE
P00940,U0288,TikTok,luca.wagner,35,4895,362,2.94,4.2,68.2,Afternoon (2-6pm),FALSE,FALSE,TRUE,TRUE,TRUE
P00941,U0288,Snapchat,itslucao,66,869,869,3.99,5.8,36.1,Midday (10am-2pm),TRUE,FALSE,TRUE,TRUE,TRUE
P00942,U0289,TikTok,priya.osei,33,1946,370,2.6,3.8,126.1,Morning (6-10am),FALSE,FALSE,TRUE,FALSE,TRUE
P00943,U0289,Snapchat,itspriya,70,359,359,2.08,0.5,34.6,Morning (6-10am),TRUE,FALSE,TRUE,TRUE,FALSE
P00944,U0290,Instagram,everlyr249,32,2802,755,3.39,3.0,54.2,Late Night (10pm-2am),TRUE,FALSE,FALSE,FALSE,TRUE
P00945,U0290,TikTok,everly.rivera,60,180,1228,4.02,2.1,67.9,Late Night (10pm-2am),FALSE,FALSE,TRUE,TRUE,TRUE
P00946,U0290,X (Twitter),everlyr512,72,144,157,2.93,2.5,26.9,Late Night (10pm-2am),FALSE,FALSE,FALSE,FALSE,TRUE
P00947,U0290,Facebook,everlyr827,77,792,792,3.27,2.1,8.8,Late Night (10pm-2am),FALSE,FALSE,FALSE,FALSE,TRUE
P00948,U0291,Instagram,madelynj299,99,1224,535,1.46,0.6,22.9,Evening (6-10pm),FALSE,FALSE,TRUE,FALSE,TRUE
P00949,U0291,TikTok,madelynj570,39,1639,569,2.62,0.8,100.7,Afternoon (2-6pm),FALSE,FALSE,TRUE,FALSE,FALSE
P00950,U0291,Snapchat,madelyn.johnson,61,195,195,5.14,2.3,45.1,Afternoon (2-6pm),TRUE,FALSE,TRUE,FALSE,TRUE
P00951,U0292,Instagram,luna_2024,32,637,378,1.94,1.4,168.1,Afternoon (2-6pm),FALSE,FALSE,FALSE,FALSE,TRUE
P00952,U0292,TikTok,lunal155,40,464,336,1.22,1.4,179.0,Evening (6-10pm),FALSE,FALSE,TRUE,TRUE,TRUE
P00953,U0293,Instagram,brooklynp763,83,2897,662,2.92,1.8,66.1,Late Night (10pm-2am),TRUE,FALSE,FALSE,FALSE,TRUE
P00954,U0293,TikTok,brooklynp132,49,408,603,2.25,1.3,124.9,Late Night (10pm-2am),TRUE,FALSE,FALSE,FALSE,TRUE
P00955,U0294,Instagram,sages484,35,3328,358,1.14,1.1,99.7,Midday (10am-2pm),FALSE,FALSE,FALSE,FALSE,TRUE
P00956,U0294,TikTok,sage.santos,31,1885,1763,3.27,1.5,150.3,Afternoon (2-6pm),FALSE,FALSE,TRUE,FALSE,FALSE
P00957,U0295,Instagram,addison_gram,76,263,549,1.71,1.3,63.0,Midday (10am-2pm),TRUE,FALSE,FALSE,FALSE,TRUE
P00958,U0295,TikTok,itsaddison4,47,240,620,4.33,1.2,177.5,Afternoon (2-6pm),FALSE,FALSE,TRUE,FALSE,TRUE
P00959,U0295,Snapchat,itsaddisono,24,256,256,1.43,1.2,38.0,Evening (6-10pm),TRUE,FALSE,TRUE,TRUE,FALSE
P00960,U0295,X (Twitter),itsaddisono,33,121,768,1.63,5.1,22.2,Evening (6-10pm),TRUE,FALSE,TRUE,FALSE,FALSE
P00961,U0296,Instagram,ellie_official,42,5650,357,1.61,4.2,45.8,Evening (6-10pm),FALSE,FALSE,FALSE,FALSE,TRUE
P00962,U0296,TikTok,ellieh489,8,620,815,3.78,3.9,126.6,Evening (6-10pm),FALSE,FALSE,FALSE,FALSE,TRUE
P00963,U0296,X (Twitter),ellieh13,43,92,196,1.69,1.6,16.1,Evening (6-10pm),TRUE,FALSE,TRUE,FALSE,FALSE
P00964,U0296,Facebook,ellie_2030,85,1352,1352,3.76,6.0,14.2,Afternoon (2-6pm),TRUE,FALSE,TRUE,FALSE,TRUE
P00965,U0297,Instagram,itsfinley,51,976,283,2.35,0.7,42.7,Late Night (10pm-2am),TRUE,FALSE,TRUE,FALSE,FALSE
P00966,U0297,TikTok,finley_x,59,1066,1134,2.17,2.9,97.3,Late Night (10pm-2am),FALSE,FALSE,TRUE,FALSE,FALSE
P00967,U0297,Snapchat,finleyj300,62,419,419,3.19,1.7,29.2,Late Night (10pm-2am),TRUE,FALSE,TRUE,FALSE,TRUE
P00968,U0298,Instagram,lily_2025,92,419,374,3.04,1.2,56.2,Late Night (10pm-2am),TRUE,FALSE,FALSE,TRUE,FALSE
P00969,U0298,TikTok,lilyn507,66,3152,475,2.52,1.7,117.6,Late Night (10pm-2am),FALSE,FALSE,FALSE,FALSE,FALSE
P00970,U0298,Snapchat,lily_tv,87,768,768,1.55,0.2,54.8,Late Night (10pm-2am),TRUE,FALSE,TRUE,TRUE,TRUE
P00971,U0298,X (Twitter),itslilyo,13,61,178,4.18,0.3,38.7,Late Night (10pm-2am),FALSE,FALSE,TRUE,FALSE,TRUE
P00972,U0299,Instagram,raj_official,67,787,514,1.59,0.8,44.8,Morning (6-10am),FALSE,FALSE,FALSE,FALSE,FALSE
P00973,U0299,TikTok,rajw396,30,123,151,5.08,1.3,122.4,Midday (10am-2pm),FALSE,FALSE,TRUE,FALSE,TRUE
P00974,U0299,Snapchat,itsraj1,46,542,542,1.54,0.9,39.8,Morning (6-10am),TRUE,FALSE,TRUE,FALSE,FALSE
P00975,U0300,Instagram,lucya434,79,799,497,3.79,7.3,48.4,Evening (6-10pm),TRUE,FALSE,TRUE,FALSE,TRUE
P00976,U0300,TikTok,lucya707,70,429,336,2.57,4.6,262.9,Afternoon (2-6pm),FALSE,FALSE,TRUE,FALSE,TRUE
P00977,U0300,Facebook,lucy_x,115,641,641,3.64,4.6,29.7,Evening (6-10pm),FALSE,FALSE,TRUE,FALSE,TRUE
P00978,U0301,Instagram,itsskylar,76,1695,522,1.38,1.4,41.7,Late Night (10pm-2am),TRUE,FALSE,TRUE,TRUE,TRUE
P00979,U0301,TikTok,skylarw754,15,716,392,2.91,1.1,151.8,Late Night (10pm-2am),FALSE,FALSE,TRUE,FALSE,TRUE
P00980,U0301,Snapchat,skylarw76,30,355,355,0.82,1.1,12.2,Late Night (10pm-2am),TRUE,FALSE,TRUE,FALSE,TRUE
P00981,U0301,Facebook,itsskylar4,16,751,751,1.36,0.9,14.5,Late Night (10pm-2am),TRUE,FALSE,FALSE,TRUE,TRUE
P00982,U0302,Instagram,lillianp870,50,869,566,1.34,0.7,61.4,Evening (6-10pm),TRUE,FALSE,FALSE,FALSE,TRUE
P00983,U0302,TikTok,itslillian,68,1214,394,0.74,1.1,40.5,Afternoon (2-6pm),TRUE,FALSE,TRUE,FALSE,TRUE
P00984,U0302,Facebook,lillian.patel41,56,754,754,3.52,1.8,11.4,Evening (6-10pm),FALSE,FALSE,FALSE,FALSE,TRUE
P00985,U0303,Instagram,hannah.cooper68,17,2458,332,3.63,2.2,44.2,Evening (6-10pm),TRUE,FALSE,FALSE,FALSE,FALSE
P00986,U0303,TikTok,hannah.cooper31,81,447,149,3.02,0.4,73.7,Evening (6-10pm),FALSE,FALSE,FALSE,FALSE,FALSE
P00987,U0303,Snapchat,hannah_official,45,220,220,2.88,0.9,57.3,Evening (6-10pm),FALSE,FALSE,FALSE,TRUE,TRUE
P00988,U0304,Instagram,camille.smith,40,852,90,3.51,1.8,43.1,Evening (6-10pm),FALSE,FALSE,FALSE,TRUE,TRUE
P00989,U0304,TikTok,itscamille,49,217,309,3.71,1.4,63.6,Evening (6-10pm),FALSE,FALSE,TRUE,TRUE,TRUE
P00990,U0304,Snapchat,camille.smith,75,331,331,0.2,1.2,57.8,Midday (10am-2pm),TRUE,FALSE,TRUE,TRUE,TRUE
P00991,U0305,Instagram,norah491,36,1863,469,4.45,4.2,26.8,Late Night (10pm-2am),TRUE,FALSE,TRUE,FALSE,FALSE
P00992,U0305,TikTok,norah91,41,3632,729,1.93,4.6,219.1,Late Night (10pm-2am),FALSE,FALSE,TRUE,FALSE,TRUE
P00993,U0305,Snapchat,norah907,74,640,640,2.73,2.9,54.6,Late Night (10pm-2am),TRUE,FALSE,FALSE,TRUE,FALSE
P00994,U0306,Instagram,itswyattx,54,657,191,2.9,3.5,54.8,Midday (10am-2pm),FALSE,FALSE,TRUE,FALSE,TRUE
P00995,U0306,TikTok,wyatt.tran,55,1261,298,3.49,1.1,91.9,Morning (6-10am),FALSE,FALSE,TRUE,FALSE,TRUE
P00996,U0307,Instagram,finley.foster19,65,670,588,2.92,2.0,48.0,Midday (10am-2pm),FALSE,FALSE,FALSE,TRUE,TRUE
P00997,U0307,TikTok,finleyf812,58,391,666,0.2,3.6,67.7,Morning (6-10am),FALSE,FALSE,TRUE,FALSE,FALSE
P00998,U0307,Snapchat,finley_2028,79,647,647,2.62,2.5,20.2,Morning (6-10am),TRUE,FALSE,FALSE,TRUE,TRUE
P00999,U0307,X (Twitter),itsfinley,62,55,227,1.74,1.9,25.5,Evening (6-10pm),FALSE,FALSE,FALSE,FALSE,FALSE
P01000,U0308,Instagram,dylan.andersen,52,406,333,3.57,5.2,101.0,Evening (6-10pm),FALSE,FALSE,TRUE,FALSE,FALSE
P01001,U0308,TikTok,dylana142,76,92,343,4.9,3.7,175.8,Evening (6-10pm),FALSE,FALSE,TRUE,FALSE,TRUE
P01002,U0309,Instagram,ellie_2026,73,1637,429,3.25,5.2,158.8,Late Night (10pm-2am),FALSE,FALSE,TRUE,FALSE,TRUE
P01003,U0309,TikTok,ellie_tv,36,83,394,1.73,0.6,82.9,Late Night (10pm-2am),FALSE,FALSE,FALSE,FALSE,TRUE
P01004,U0309,Snapchat,ellie.fraser,55,192,192,4.76,2.1,97.1,Late Night (10pm-2am),TRUE,FALSE,TRUE,TRUE,TRUE
P01005,U0310,Instagram,mason_gram,37,601,490,0.2,3.5,77.9,Afternoon (2-6pm),TRUE,FALSE,TRUE,FALSE,FALSE
P01006,U0310,TikTok,mason_official,12,348,724,2.82,2.1,27.8,Afternoon (2-6pm),FALSE,FALSE,TRUE,FALSE,TRUE
P01007,U0310,Snapchat,mason_official,76,659,659,3.21,0.7,52.1,Midday (10am-2pm),TRUE,FALSE,TRUE,TRUE,FALSE
P01008,U0310,X (Twitter),itsmason,37,82,99,3.05,1.4,14.8,Afternoon (2-6pm),FALSE,FALSE,TRUE,FALSE,TRUE
P01009,U0310,Facebook,mason_2028,72,710,710,2.9,1.3,26.1,Evening (6-10pm),TRUE,FALSE,FALSE,TRUE,TRUE
P01010,U0311,Instagram,ella_tv,76,287,478,3.35,0.9,110.2,Morning (6-10am),FALSE,FALSE,TRUE,TRUE,TRUE
P01011,U0311,TikTok,ellas675,28,718,570,2.15,0.2,116.9,Midday (10am-2pm),FALSE,FALSE,FALSE,TRUE,TRUE
P01012,U0311,Snapchat,ella.sanchez11,57,685,685,0.26,1.4,34.5,Morning (6-10am),FALSE,FALSE,FALSE,FALSE,TRUE
P01013,U0312,Instagram,allisona888,51,3957,165,2.36,2.7,129.3,Midday (10am-2pm),FALSE,FALSE,TRUE,FALSE,FALSE
P01014,U0312,TikTok,allison_gram,50,1341,552,3.35,0.6,92.5,Midday (10am-2pm),FALSE,FALSE,TRUE,TRUE,TRUE
P01015,U0312,Snapchat,allisona944,93,726,726,4.49,5.0,62.4,Afternoon (2-6pm),TRUE,FALSE,TRUE,TRUE,TRUE
P01016,U0313,Instagram,priyao681,68,2666,1139,3.59,2.0,37.1,Evening (6-10pm),FALSE,FALSE,TRUE,FALSE,TRUE
P01017,U0313,TikTok,priya_tv,29,9571,349,2.67,2.0,122.2,Evening (6-10pm),FALSE,FALSE,FALSE,FALSE,FALSE
P01018,U0313,Snapchat,itspriya6,68,483,483,2.48,2.8,31.8,Midday (10am-2pm),TRUE,FALSE,TRUE,TRUE,FALSE
P01019,U0313,X (Twitter),itspriyao,64,42,385,2.83,2.0,18.7,Afternoon (2-6pm),FALSE,FALSE,TRUE,FALSE,TRUE
P01020,U0314,Instagram,oliviah217,27,371,176,4.69,3.0,52.6,Evening (6-10pm),FALSE,FALSE,FALSE,FALSE,TRUE
P01021,U0314,TikTok,itsolivia,36,376,719,4.79,2.2,84.3,Evening (6-10pm),TRUE,FALSE,FALSE,FALSE,FALSE
P01022,U0314,Snapchat,olivia_gram,52,474,474,4.58,1.2,40.7,Midday (10am-2pm),TRUE,FALSE,FALSE,FALSE,TRUE
P01023,U0314,X (Twitter),oliviah250,23,11,204,5.68,1.4,16.0,Midday (10am-2pm),FALSE,FALSE,TRUE,FALSE,TRUE
P01024,U0315,Instagram,skylarm737,65,2533,899,3.23,0.8,46.9,Morning (6-10am),TRUE,FALSE,TRUE,FALSE,FALSE
P01025,U0315,TikTok,skylarm195,17,1019,727,3.64,2.0,67.4,Midday (10am-2pm),FALSE,FALSE,TRUE,FALSE,TRUE
P01026,U0315,Snapchat,skylar_tv,107,508,508,6.62,2.4,54.2,Morning (6-10am),TRUE,FALSE,FALSE,TRUE,FALSE
P01027,U0315,Facebook,skylarm95,72,414,414,3.99,2.1,6.7,Morning (6-10am),TRUE,FALSE,FALSE,FALSE,TRUE
P01028,U0316,Instagram,ryans210,25,981,460,2.54,0.5,107.0,Afternoon (2-6pm),TRUE,FALSE,TRUE,FALSE,FALSE
P01029,U0316,Facebook,ryan_x,36,1288,1288,1.9,5.5,13.6,Afternoon (2-6pm),TRUE,FALSE,FALSE,FALSE,TRUE
P01030,U0317,Instagram,milac751,64,3665,358,0.2,0.7,56.3,Late Night (10pm-2am),FALSE,FALSE,FALSE,FALSE,TRUE
P01031,U0317,TikTok,milac717,63,54,204,2.45,0.4,98.1,Late Night (10pm-2am),TRUE,FALSE,FALSE,FALSE,TRUE
P01032,U0317,Snapchat,mila_tv,68,515,515,2.26,0.8,75.5,Late Night (10pm-2am),TRUE,FALSE,FALSE,TRUE,TRUE
P01033,U0317,X (Twitter),itsmila6,6,36,781,6.09,0.5,20.9,Late Night (10pm-2am),FALSE,FALSE,FALSE,TRUE,TRUE
P01034,U0317,Facebook,milac437,102,667,667,5.4,0.8,11.3,Late Night (10pm-2am),FALSE,FALSE,TRUE,FALSE,TRUE
P01035,U0318,Instagram,nia_gram,62,752,283,1.26,0.8,33.7,Evening (6-10pm),FALSE,FALSE,FALSE,FALSE,FALSE
P01036,U0318,TikTok,niac997,20,160,454,3.25,4.7,81.0,Morning (6-10am),FALSE,FALSE,FALSE,FALSE,FALSE
P01037,U0318,Snapchat,nia.cruz97,26,336,336,2.01,2.2,46.1,Morning (6-10am),TRUE,FALSE,FALSE,FALSE,FALSE
P01038,U0318,X (Twitter),itsniao,29,349,747,3.41,1.3,25.9,Evening (6-10pm),FALSE,FALSE,FALSE,FALSE,TRUE
P01039,U0318,Facebook,niac815,94,348,348,3.38,1.4,10.3,Evening (6-10pm),TRUE,FALSE,TRUE,FALSE,TRUE
P01040,U0319,Instagram,itsryanx,94,930,277,2.07,1.4,106.5,Midday (10am-2pm),TRUE,FALSE,TRUE,FALSE,TRUE
P01041,U0319,TikTok,ryan.le,48,139,227,1.44,3.8,174.3,Midday (10am-2pm),FALSE,FALSE,TRUE,FALSE,TRUE
P01042,U0319,Snapchat,ryanl521,66,139,139,2.53,0.5,21.6,Morning (6-10am),TRUE,FALSE,TRUE,FALSE,TRUE
P01043,U0319,X (Twitter),ryan.le,30,158,336,3.22,2.4,25.2,Midday (10am-2pm),FALSE,FALSE,FALSE,FALSE,TRUE
P01044,U0319,Facebook,ryanl323,50,335,335,4.15,1.7,9.3,Morning (6-10am),TRUE,FALSE,FALSE,FALSE,TRUE
P01045,U0320,Instagram,penelope_2026,43,709,530,0.6,2.4,47.3,Late Night (10pm-2am),TRUE,FALSE,FALSE,FALSE,FALSE
P01046,U0320,TikTok,itspenelopex,63,1865,472,1.69,2.4,40.9,Late Night (10pm-2am),FALSE,FALSE,FALSE,TRUE,TRUE
P01047,U0320,Snapchat,penelope_official,68,139,139,4.79,3.3,67.2,Late Night (10pm-2am),TRUE,FALSE,FALSE,TRUE,TRUE
P01048,U0320,X (Twitter),penelope_gram,67,102,261,2.26,1.5,39.2,Late Night (10pm-2am),TRUE,FALSE,FALSE,FALSE,TRUE
P01049,U0321,Instagram,hunter_official,41,153,971,6.64,1.6,57.1,Evening (6-10pm),TRUE,FALSE,FALSE,FALSE,TRUE
P01050,U0321,TikTok,hunterb45,54,1052,179,5.43,1.9,120.7,Afternoon (2-6pm),TRUE,FALSE,TRUE,FALSE,TRUE
P01051,U0321,Snapchat,hunterb740,86,361,361,4.34,3.4,44.4,Evening (6-10pm),FALSE,FALSE,FALSE,TRUE,FALSE
P01052,U0321,Facebook,itshunter8,66,928,928,2.88,2.7,18.8,Afternoon (2-6pm),FALSE,FALSE,TRUE,FALSE,TRUE
P01053,U0322,TikTok,jins350,50,464,244,0.53,0.7,217.9,Evening (6-10pm),FALSE,FALSE,TRUE,FALSE,TRUE
P01054,U0322,X (Twitter),jin.sato68,61,67,505,2.87,0.2,49.1,Midday (10am-2pm),FALSE,FALSE,TRUE,FALSE,FALSE
P01055,U0323,Instagram,mila.oliveira36,97,7145,279,3.16,7.5,39.3,Midday (10am-2pm),TRUE,FALSE,FALSE,FALSE,FALSE
P01056,U0323,TikTok,itsmilao,37,206,338,6.16,4.2,289.8,Midday (10am-2pm),FALSE,FALSE,TRUE,FALSE,FALSE
P01057,U0323,Snapchat,milao387,41,489,489,1.78,4.4,114.3,Morning (6-10am),TRUE,FALSE,TRUE,TRUE,FALSE
P01058,U0323,Facebook,milao291,42,812,812,5.65,8.5,8.6,Morning (6-10am),TRUE,FALSE,FALSE,FALSE,FALSE
P01059,U0324,Instagram,madelynl832,55,853,301,2.78,3.3,27.9,Evening (6-10pm),TRUE,FALSE,TRUE,TRUE,FALSE
P01060,U0324,TikTok,madelynl177,72,238,513,2.72,1.6,100.8,Afternoon (2-6pm),FALSE,FALSE,TRUE,FALSE,TRUE
P01061,U0324,Facebook,madelyn_gram,75,730,730,2.9,1.6,7.4,Evening (6-10pm),FALSE,FALSE,FALSE,FALSE,TRUE
P01062,U0325,TikTok,aurorav894,26,110,1331,4.58,1.0,34.4,Late Night (10pm-2am),TRUE,FALSE,FALSE,FALSE,TRUE
P01063,U0325,Snapchat,aurorav104,64,747,747,0.54,0.6,39.6,Late Night (10pm-2am),TRUE,FALSE,TRUE,TRUE,FALSE
P01064,U0325,Facebook,itsaurorax,64,947,947,3.47,1.5,5.4,Late Night (10pm-2am),FALSE,FALSE,FALSE,FALSE,FALSE
P01065,U0326,Instagram,levi.mendoza79,60,2028,271,2.14,1.0,65.1,Evening (6-10pm),TRUE,FALSE,TRUE,FALSE,TRUE
P01066,U0326,TikTok,levi.mendoza55,55,116,474,3.95,1.0,40.6,Evening (6-10pm),TRUE,FALSE,TRUE,FALSE,TRUE
P01067,U0326,Snapchat,levi.mendoza,97,445,445,1.91,1.2,15.3,Evening (6-10pm),TRUE,FALSE,FALSE,FALSE,TRUE
P01068,U0326,X (Twitter),levi_gram,14,16,353,2.66,2.9,7.8,Midday (10am-2pm),FALSE,FALSE,FALSE,TRUE,TRUE
P01069,U0327,Instagram,aisha.oliveira,102,285,807,4.6,0.7,31.7,Afternoon (2-6pm),FALSE,FALSE,FALSE,FALSE,TRUE
P01070,U0327,TikTok,itsaisha,27,1210,614,1.64,3.4,50.7,Evening (6-10pm),FALSE,FALSE,TRUE,FALSE,TRUE
P01071,U0327,Snapchat,aishao283,57,435,435,4.49,0.8,30.1,Afternoon (2-6pm),TRUE,FALSE,TRUE,TRUE,TRUE
P01072,U0327,Facebook,itsaishax,81,447,447,3.42,3.5,11.4,Afternoon (2-6pm),TRUE,FALSE,TRUE,TRUE,TRUE
P01073,U0328,Instagram,jonathan_2024,82,145,463,3.31,0.0,45.2,Afternoon (2-6pm),FALSE,FALSE,TRUE,FALSE,TRUE
P01074,U0328,TikTok,jonathan.murphy,51,30,792,4.23,0.8,71.2,Evening (6-10pm),FALSE,FALSE,FALSE,FALSE,TRUE
P01075,U0328,X (Twitter),jonathanm626,22,25,148,2.19,0.2,26.0,Evening (6-10pm),TRUE,FALSE,TRUE,FALSE,TRUE
P01076,U0328,Facebook,jonathanm722,65,738,738,2.7,0.2,11.0,Midday (10am-2pm),TRUE,FALSE,FALSE,TRUE,TRUE
P01077,U0329,Instagram,jacob.rivera30,90,302,274,2.41,2.7,68.1,Late Night (10pm-2am),FALSE,FALSE,TRUE,TRUE,TRUE
P01078,U0329,TikTok,jacob_gram,26,1246,213,5.05,3.2,86.3,Late Night (10pm-2am),TRUE,FALSE,TRUE,FALSE,TRUE
P01079,U0329,Snapchat,jacob_x,93,707,707,2.77,2.6,32.7,Late Night (10pm-2am),TRUE,FALSE,FALSE,TRUE,TRUE
P01080,U0330,Instagram,scarlett_official,52,121,244,1.58,0.4,37.8,Late Night (10pm-2am),TRUE,FALSE,TRUE,TRUE,FALSE
P01081,U0330,TikTok,scarlettt797,41,114,1849,2.47,0.1,82.3,Late Night (10pm-2am),FALSE,FALSE,TRUE,FALSE,TRUE
P01082,U0330,Snapchat,scarlettt37,51,482,482,0.32,0.1,23.1,Late Night (10pm-2am),FALSE,FALSE,FALSE,TRUE,TRUE
P01083,U0331,Instagram,naomi.gomez86,43,589,898,1.59,1.9,64.2,Afternoon (2-6pm),TRUE,FALSE,FALSE,TRUE,TRUE
P01084,U0331,TikTok,naomig298,48,1234,182,3.91,0.6,65.8,Midday (10am-2pm),TRUE,FALSE,FALSE,FALSE,TRUE
P01085,U0331,Snapchat,naomi.gomez,100,392,392,1.96,1.4,50.9,Evening (6-10pm),TRUE,FALSE,TRUE,FALSE,TRUE
P01086,U0331,Facebook,itsnaomix,48,1148,1148,0.99,1.2,19.7,Afternoon (2-6pm),TRUE,FALSE,TRUE,FALSE,TRUE
P01087,U0332,Instagram,taylor_x,58,190,652,2.7,0.4,16.0,Midday (10am-2pm),TRUE,FALSE,TRUE,FALSE,FALSE
P01088,U0332,TikTok,itstaylorx,17,232,1322,3.57,1.0,179.5,Morning (6-10am),FALSE,FALSE,TRUE,FALSE,FALSE
P01089,U0332,Snapchat,taylorc167,58,421,421,0.67,0.9,45.9,Morning (6-10am),TRUE,FALSE,TRUE,TRUE,FALSE
P01090,U0333,Instagram,itsaudreyx,42,677,262,3.22,1.8,41.3,Late Night (10pm-2am),TRUE,FALSE,TRUE,TRUE,TRUE
P01091,U0333,TikTok,audrey.osei,35,658,1593,0.63,1.2,157.0,Late Night (10pm-2am),TRUE,FALSE,FALSE,FALSE,FALSE
P01092,U0333,Snapchat,audreyo722,29,639,639,1.31,3.1,10.6,Late Night (10pm-2am),TRUE,FALSE,FALSE,TRUE,TRUE
P01093,U0334,Instagram,lucym599,29,1216,339,0.2,2.3,69.8,Evening (6-10pm),TRUE,FALSE,TRUE,FALSE,TRUE
P01094,U0334,TikTok,lucy.morris,32,79,233,5.34,2.6,111.3,Midday (10am-2pm),FALSE,FALSE,FALSE,FALSE,FALSE
P01095,U0334,Facebook,lucy.morris37,76,344,344,3.16,2.3,13.1,Evening (6-10pm),TRUE,FALSE,FALSE,FALSE,FALSE
P01096,U0335,Instagram,itsmeio,36,600,477,4.17,2.7,155.9,Evening (6-10pm),TRUE,FALSE,TRUE,TRUE,TRUE
P01097,U0335,TikTok,mei.rivera,47,445,1778,2.95,2.8,56.8,Afternoon (2-6pm),TRUE,FALSE,TRUE,FALSE,FALSE
P01098,U0335,X (Twitter),itsmeix,37,18,113,5.76,2.7,11.8,Midday (10am-2pm),FALSE,FALSE,FALSE,FALSE,TRUE
P01099,U0335,Facebook,mei.rivera52,47,1002,1002,2.57,1.4,18.4,Evening (6-10pm),FALSE,FALSE,FALSE,FALSE,FALSE
P01100,U0336,TikTok,finley.wright40,58,247,275,4.6,5.2,185.3,Midday (10am-2pm),FALSE,FALSE,TRUE,FALSE,FALSE
P01101,U0337,Instagram,cameron.morris29,54,174,313,2.92,3.4,80.1,Midday (10am-2pm),FALSE,FALSE,TRUE,FALSE,FALSE
P01102,U0337,TikTok,cameronm138,69,45,809,6.3,0.7,98.4,Morning (6-10am),TRUE,FALSE,FALSE,TRUE,TRUE
P01103,U0337,Snapchat,cameron.morris38,86,742,742,1.17,0.8,32.8,Morning (6-10am),TRUE,FALSE,FALSE,TRUE,TRUE
P01104,U0337,Facebook,cameronm233,97,858,858,1.79,1.0,7.8,Evening (6-10pm),FALSE,FALSE,TRUE,FALSE,FALSE
P01105,U0338,Instagram,simonel762,58,713,737,3.46,3.5,42.0,Morning (6-10am),TRUE,FALSE,TRUE,FALSE,TRUE
P01106,U0338,TikTok,simonel287,52,62,383,4.76,3.8,111.7,Morning (6-10am),FALSE,FALSE,FALSE,FALSE,TRUE
P01107,U0338,Snapchat,itssimonex,47,482,482,2.19,1.4,54.4,Morning (6-10am),FALSE,FALSE,TRUE,TRUE,TRUE
P01108,U0338,X (Twitter),simone_official,13,53,263,1.54,1.8,38.0,Morning (6-10am),FALSE,FALSE,TRUE,FALSE,TRUE
P01109,U0339,Instagram,john.singh53,70,1620,669,4.3,4.3,47.0,Late Night (10pm-2am),FALSE,FALSE,TRUE,FALSE,TRUE
P01110,U0339,TikTok,johns860,45,843,392,4.91,5.3,46.0,Late Night (10pm-2am),FALSE,FALSE,TRUE,FALSE,TRUE
P01111,U0339,Snapchat,johns235,108,202,202,4.33,2.5,14.0,Late Night (10pm-2am),TRUE,FALSE,TRUE,TRUE,TRUE
P01112,U0339,X (Twitter),john_official,9,132,377,6.97,2.2,16.8,Late Night (10pm-2am),FALSE,FALSE,TRUE,FALSE,TRUE
P01113,U0340,Instagram,isabella_x,77,969,437,3.49,2.0,29.4,Late Night (10pm-2am),FALSE,FALSE,TRUE,FALSE,FALSE
P01114,U0340,TikTok,isabellan721,78,207,571,4.7,2.1,134.6,Late Night (10pm-2am),FALSE,FALSE,FALSE,TRUE,TRUE
P01115,U0340,Snapchat,itsisabellao,107,547,547,2.46,4.3,35.2,Late Night (10pm-2am),TRUE,FALSE,FALSE,FALSE,TRUE
P01116,U0340,Facebook,itsisabella,83,203,203,1.81,1.1,15.6,Late Night (10pm-2am),FALSE,FALSE,FALSE,TRUE,TRUE
P01117,U0341,Instagram,jasmine.byrne80,50,868,411,2.33,3.0,32.1,Evening (6-10pm),FALSE,FALSE,TRUE,FALSE,TRUE
P01118,U0341,TikTok,jasmine.byrne,68,1414,859,1.23,0.7,70.8,Afternoon (2-6pm),FALSE,FALSE,TRUE,FALSE,TRUE
P01119,U0341,Facebook,itsjasmine,124,466,466,3.09,2.6,12.6,Evening (6-10pm),FALSE,FALSE,FALSE,FALSE,TRUE
P01120,U0342,Instagram,eastone528,85,448,305,2.37,1.5,29.5,Morning (6-10am),TRUE,FALSE,FALSE,FALSE,TRUE
P01121,U0342,TikTok,easton.evans69,22,62,413,4.45,0.7,50.5,Morning (6-10am),FALSE,FALSE,FALSE,FALSE,TRUE
P01122,U0342,X (Twitter),easton.evans79,39,7,115,3.93,0.7,20.5,Evening (6-10pm),FALSE,FALSE,FALSE,FALSE,TRUE
P01123,U0342,Facebook,itseastono,92,694,694,1.83,0.3,19.1,Evening (6-10pm),FALSE,FALSE,TRUE,FALSE,FALSE
P01124,U0343,Instagram,lucasc242,79,1679,281,0.79,2.5,86.6,Late Night (10pm-2am),FALSE,FALSE,TRUE,FALSE,TRUE
P01125,U0343,TikTok,lucasc329,28,67,665,2.8,1.6,48.6,Late Night (10pm-2am),FALSE,FALSE,TRUE,FALSE,TRUE
P01126,U0344,Instagram,anthony.hoffman86,46,439,254,1.15,1.9,42.1,Evening (6-10pm),TRUE,FALSE,FALSE,FALSE,TRUE
P01127,U0344,TikTok,itsanthony,37,490,915,2.43,3.4,91.8,Morning (6-10am),FALSE,FALSE,FALSE,TRUE,TRUE
P01128,U0344,X (Twitter),itsanthonyo,30,141,146,3.99,5.6,11.6,Midday (10am-2pm),FALSE,FALSE,TRUE,TRUE,TRUE
P01129,U0345,Instagram,lincoln_x,50,546,989,2.2,0.7,43.7,Late Night (10pm-2am),TRUE,FALSE,TRUE,FALSE,FALSE
P01130,U0345,TikTok,lincoln_gram,47,70,334,4.31,0.6,96.4,Late Night (10pm-2am),TRUE,FALSE,TRUE,FALSE,TRUE
P01131,U0345,Snapchat,lincolnj32,73,232,232,3.69,1.4,51.0,Late Night (10pm-2am),TRUE,FALSE,TRUE,FALSE,FALSE
P01132,U0345,Facebook,lincoln_gram,51,362,362,2.17,0.3,7.4,Late Night (10pm-2am),FALSE,FALSE,TRUE,FALSE,TRUE
P01133,U0346,Instagram,santiagos374,57,1170,301,1.72,2.1,108.7,Late Night (10pm-2am),FALSE,FALSE,TRUE,FALSE,TRUE
P01134,U0346,TikTok,santiago.smith,33,316,765,2.31,2.8,152.0,Late Night (10pm-2am),FALSE,FALSE,TRUE,FALSE,TRUE
P01135,U0346,Snapchat,santiagos491,93,322,322,0.78,3.4,50.5,Late Night (10pm-2am),TRUE,FALSE,FALSE,TRUE,TRUE
P01136,U0347,Instagram,emmah19,66,682,204,3.12,3.1,42.1,Evening (6-10pm),TRUE,FALSE,FALSE,TRUE,FALSE
P01137,U0347,TikTok,itsemma2,43,357,612,3.37,2.8,290,Evening (6-10pm),TRUE,FALSE,FALSE,FALSE,FALSE
P01138,U0347,Snapchat,itsemmao,61,670,670,3.16,2.8,83.4,Afternoon (2-6pm),TRUE,FALSE,TRUE,FALSE,TRUE
P01139,U0348,Instagram,david_x,104,2022,649,1.25,0.3,17.6,Midday (10am-2pm),TRUE,FALSE,TRUE,FALSE,TRUE
P01140,U0348,TikTok,davidr440,50,43,540,4.55,1.4,59.0,Midday (10am-2pm),FALSE,FALSE,TRUE,FALSE,FALSE
P01141,U0348,Snapchat,david_x,99,479,479,3.38,0.8,42.6,Evening (6-10pm),TRUE,FALSE,TRUE,TRUE,TRUE
P01142,U0349,Instagram,jacobr148,63,2355,637,1.91,0.7,40.8,Late Night (10pm-2am),TRUE,FALSE,TRUE,FALSE,TRUE
P01143,U0349,TikTok,jacobr937,39,257,299,2.5,2.1,69.4,Late Night (10pm-2am),FALSE,FALSE,TRUE,TRUE,TRUE
P01144,U0349,Snapchat,jacob_2029,69,438,438,1.13,3.6,55.1,Late Night (10pm-2am),TRUE,FALSE,FALSE,FALSE,TRUE
P01145,U0350,Instagram,wei.hughes,84,21136,223,2.97,4.4,77.7,Evening (6-10pm),TRUE,FALSE,TRUE,FALSE,TRUE
P01146,U0350,TikTok,wei_tv,57,2699,1793,1.74,2.3,172.4,Evening (6-10pm),FALSE,FALSE,TRUE,FALSE,FALSE
P01147,U0350,Snapchat,wei.hughes96,104,703,703,2.38,1.9,33.6,Evening (6-10pm),TRUE,FALSE,FALSE,FALSE,TRUE
P01148,U0350,X (Twitter),wei_official,57,142,182,7.25,4.1,22.4,Afternoon (2-6pm),FALSE,FALSE,TRUE,FALSE,TRUE
P01149,U0351,Instagram,ellie.tran51,53,712,761,1.74,0.9,46.3,Afternoon (2-6pm),TRUE,FALSE,TRUE,TRUE,TRUE
P01150,U0351,TikTok,ellie.tran6,48,857,710,2.59,2.5,69.9,Evening (6-10pm),FALSE,FALSE,TRUE,FALSE,FALSE
P01151,U0351,Snapchat,ellie_tv,78,303,303,1.09,0.9,53.0,Evening (6-10pm),TRUE,FALSE,FALSE,FALSE,FALSE
P01152,U0351,X (Twitter),ellie_2028,85,63,583,4.38,1.1,17.8,Midday (10am-2pm),TRUE,FALSE,FALSE,FALSE,TRUE
P01153,U0352,Instagram,skylar.price35,34,2806,479,3.5,1.0,50.4,Morning (6-10am),FALSE,FALSE,TRUE,FALSE,TRUE
P01154,U0352,TikTok,itsskylaro,58,78,627,3.71,2.6,121.6,Morning (6-10am),FALSE,FALSE,TRUE,FALSE,TRUE
P01155,U0352,Snapchat,itsskylarx,76,351,351,0.79,1.8,46.1,Morning (6-10am),TRUE,FALSE,TRUE,TRUE,TRUE
P01156,U0353,Instagram,allisonm932,74,893,371,1.62,0.1,55.7,Late Night (10pm-2am),FALSE,FALSE,FALSE,TRUE,TRUE
P01157,U0353,TikTok,itsallison,45,154,535,4.01,3.8,41.4,Late Night (10pm-2am),FALSE,FALSE,TRUE,FALSE,TRUE
P01158,U0353,Snapchat,allison.murray,61,534,534,2.46,0.4,65.8,Late Night (10pm-2am),TRUE,FALSE,FALSE,TRUE,FALSE
P01159,U0353,Facebook,allison_tv,93,615,615,2.91,7.2,17.6,Late Night (10pm-2am),FALSE,FALSE,TRUE,TRUE,TRUE
P01160,U0354,Instagram,saraha461,52,574,277,2.24,0.3,53.8,Evening (6-10pm),TRUE,FALSE,TRUE,FALSE,TRUE
P01161,U0354,TikTok,itssarah,27,613,261,0.68,0.3,66.5,Afternoon (2-6pm),FALSE,FALSE,TRUE,FALSE,TRUE
P01162,U0354,X (Twitter),saraha776,21,38,498,4.41,0.7,15.9,Evening (6-10pm),TRUE,FALSE,FALSE,FALSE,TRUE
P01163,U0354,Facebook,saraha791,101,747,747,1.66,1.0,15.8,Afternoon (2-6pm),TRUE,FALSE,TRUE,FALSE,FALSE
P01164,U0355,Instagram,marcus_tv,63,3215,324,4.4,1.0,30.1,Late Night (10pm-2am),TRUE,FALSE,TRUE,TRUE,TRUE
P01165,U0356,Instagram,alexander_gram,46,303,729,2.15,0.3,77.4,Morning (6-10am),FALSE,FALSE,FALSE,TRUE,TRUE
P01166,U0356,TikTok,alexanderc410,50,662,558,2.76,0.9,105.3,Midday (10am-2pm),FALSE,FALSE,TRUE,FALSE,TRUE
P01167,U0356,Snapchat,alexander.campbell,94,325,325,1.94,0.3,26.7,Morning (6-10am),TRUE,FALSE,TRUE,FALSE,TRUE
P01168,U0356,X (Twitter),alexander_gram,19,43,136,1.66,2.9,16.9,Morning (6-10am),FALSE,FALSE,TRUE,FALSE,TRUE
P01169,U0356,Facebook,alexanderc101,108,225,225,2.85,0.1,13.9,Morning (6-10am),FALSE,FALSE,TRUE,FALSE,TRUE
P01170,U0357,Instagram,avery.moore58,91,3036,365,3.53,3.7,56.2,Late Night (10pm-2am),FALSE,FALSE,TRUE,FALSE,TRUE
P01171,U0357,TikTok,avery.moore3,55,336,585,2.58,2.4,42.6,Late Night (10pm-2am),FALSE,FALSE,TRUE,FALSE,TRUE
P01172,U0357,Snapchat,itsavery,64,318,318,4.53,2.7,102.9,Late Night (10pm-2am),FALSE,FALSE,TRUE,TRUE,FALSE
P01173,U0357,Facebook,averym971,38,135,135,3.63,9.1,3.7,Late Night (10pm-2am),TRUE,FALSE,FALSE,FALSE,FALSE
P01174,U0358,Instagram,kennedy.hassan60,43,1332,422,2.24,2.1,74.1,Evening (6-10pm),FALSE,FALSE,FALSE,TRUE,TRUE
P01175,U0358,Snapchat,kennedy_2026,92,297,297,2.06,2.3,29.6,Afternoon (2-6pm),TRUE,FALSE,FALSE,TRUE,FALSE
P01176,U0358,X (Twitter),kennedyh746,42,146,500,3.01,0.8,22.7,Evening (6-10pm),FALSE,FALSE,FALSE,FALSE,TRUE
P01177,U0359,Instagram,itslucas,34,670,242,2.73,2.2,56.0,Late Night (10pm-2am),FALSE,FALSE,TRUE,TRUE,TRUE
P01178,U0359,TikTok,itslucas5,56,219,707,1.1,2.1,68.6,Late Night (10pm-2am),FALSE,FALSE,TRUE,FALSE,TRUE
P01179,U0359,Snapchat,itslucas,64,572,572,0.97,1.3,70.6,Late Night (10pm-2am),FALSE,FALSE,TRUE,TRUE,TRUE
P01180,U0359,Facebook,lucas.chavez,60,573,573,0.32,0.0,37.3,Late Night (10pm-2am),TRUE,FALSE,TRUE,FALSE,TRUE
P01181,U0360,Instagram,ryan.nelson,61,250,276,2.97,0.4,64.0,Evening (6-10pm),FALSE,FALSE,TRUE,FALSE,FALSE
P01182,U0360,TikTok,ryan_gram,44,173,1374,4.06,2.1,102.0,Evening (6-10pm),FALSE,FALSE,TRUE,FALSE,TRUE
P01183,U0360,X (Twitter),ryan.nelson,85,88,144,3.07,0.6,12.7,Evening (6-10pm),FALSE,FALSE,TRUE,FALSE,TRUE
P01184,U0361,Instagram,elijahl580,30,484,598,4.08,3.4,27.7,Late Night (10pm-2am),TRUE,FALSE,TRUE,FALSE,FALSE
P01185,U0361,TikTok,elijah.larsen,47,732,321,2.82,4.0,143.8,Late Night (10pm-2am),FALSE,FALSE,FALSE,FALSE,TRUE
P01186,U0361,X (Twitter),elijah_2024,17,76,175,2.6,4.4,19.1,Late Night (10pm-2am),FALSE,FALSE,FALSE,FALSE,TRUE
P01187,U0362,Instagram,alondra.andersen9,85,268,446,5.0,1.6,38.7,Late Night (10pm-2am),FALSE,FALSE,TRUE,FALSE,TRUE
P01188,U0362,TikTok,alondra_tv,39,74,453,5.0,0.4,162.1,Late Night (10pm-2am),TRUE,FALSE,TRUE,FALSE,TRUE
P01189,U0362,Snapchat,alondraa318,87,310,310,3.44,2.4,69.2,Late Night (10pm-2am),TRUE,FALSE,TRUE,TRUE,TRUE
P01190,U0362,Facebook,alondra_official,83,728,728,3.21,1.2,4.0,Late Night (10pm-2am),FALSE,FALSE,FALSE,TRUE,TRUE
P01191,U0363,Instagram,carterw311,87,95,617,2.4,2.3,82.2,Morning (6-10am),TRUE,FALSE,FALSE,FALSE,TRUE
P01192,U0363,TikTok,carter.walsh81,54,1500,658,3.08,1.3,113.5,Midday (10am-2pm),FALSE,FALSE,TRUE,TRUE,TRUE
P01193,U0363,X (Twitter),carter_x,35,108,254,3.4,1.2,7.5,Midday (10am-2pm),TRUE,FALSE,TRUE,FALSE,TRUE
P01194,U0364,Instagram,aubrey.haddad97,68,5456,494,2.48,3.9,101.3,Afternoon (2-6pm),FALSE,FALSE,TRUE,FALSE,TRUE
P01195,U0364,TikTok,itsaubreyo,31,962,419,4.9,2.2,49.2,Evening (6-10pm),FALSE,FALSE,TRUE,FALSE,TRUE
P01196,U0364,X (Twitter),aubrey_gram,44,145,596,2.15,1.8,17.4,Evening (6-10pm),FALSE,FALSE,FALSE,FALSE,TRUE
P01197,U0365,Instagram,yuna_official,77,345,905,3.32,1.4,73.7,Afternoon (2-6pm),FALSE,FALSE,FALSE,TRUE,TRUE
P01198,U0365,TikTok,yunah720,44,84,158,3.5,2.8,142.9,Midday (10am-2pm),FALSE,FALSE,FALSE,FALSE,TRUE
P01199,U0365,Snapchat,yuna.howard1,47,299,299,4.75,1.6,77.2,Evening (6-10pm),FALSE,FALSE,FALSE,TRUE,TRUE
P01200,U0365,X (Twitter),itsyuna,54,64,360,3.88,1.6,11.1,Afternoon (2-6pm),FALSE,FALSE,TRUE,TRUE,FALSE
P01201,U0366,Instagram,aubrey.castillo,60,596,268,5.74,3.2,63.8,Late Night (10pm-2am),TRUE,FALSE,TRUE,FALSE,TRUE
P01202,U0366,TikTok,itsaubreyx,33,196,396,2.44,0.8,96.4,Late Night (10pm-2am),FALSE,FALSE,TRUE,FALSE,FALSE
P01203,U0366,Snapchat,aubreyc54,62,715,715,3.7,1.2,22.1,Late Night (10pm-2am),TRUE,FALSE,TRUE,FALSE,TRUE
P01204,U0367,Instagram,itslandono,70,541,466,2.6,5.4,25.7,Late Night (10pm-2am),FALSE,FALSE,FALSE,FALSE,TRUE
P01205,U0367,TikTok,landonl534,32,76,411,3.29,3.1,215.7,Late Night (10pm-2am),FALSE,FALSE,TRUE,FALSE,TRUE
P01206,U0368,Instagram,itsryan8,64,269,995,2.73,1.8,71.8,Morning (6-10am),FALSE,FALSE,TRUE,FALSE,TRUE
P01207,U0368,TikTok,itsryano,64,555,206,1.97,0.7,141.9,Midday (10am-2pm),FALSE,FALSE,FALSE,FALSE,TRUE
P01208,U0368,Facebook,itsryanx,93,425,425,1.8,2.1,12.1,Morning (6-10am),FALSE,FALSE,TRUE,FALSE,FALSE
P01209,U0369,Instagram,simone_tv,82,106,355,4.65,1.7,79.1,Midday (10am-2pm),TRUE,FALSE,TRUE,FALSE,TRUE
P01210,U0370,Instagram,itsdariuso,58,858,1807,2.27,1.8,47.5,Evening (6-10pm),TRUE,FALSE,TRUE,TRUE,FALSE
P01211,U0370,TikTok,dariuss366,27,553,1779,1.97,1.6,113.7,Evening (6-10pm),TRUE,FALSE,TRUE,FALSE,FALSE
P01212,U0370,Snapchat,dariuss554,87,246,246,1.73,1.3,24.1,Evening (6-10pm),TRUE,FALSE,TRUE,FALSE,TRUE
P01213,U0370,X (Twitter),darius.smith93,38,46,371,3.24,2.3,23.4,Evening (6-10pm),FALSE,FALSE,TRUE,FALSE,TRUE
P01214,U0371,Instagram,penelope.ward78,49,154,185,5.4,4.2,31.6,Morning (6-10am),TRUE,FALSE,TRUE,FALSE,TRUE
P01215,U0371,Snapchat,penelopew59,103,404,404,3.73,2.2,34.5,Morning (6-10am),TRUE,FALSE,FALSE,TRUE,TRUE
P01216,U0372,Instagram,itsavery7,66,2072,297,2.65,4.0,58.3,Late Night (10pm-2am),FALSE,FALSE,FALSE,TRUE,TRUE
P01217,U0372,TikTok,avery_official,26,960,364,0.81,1.1,89.9,Late Night (10pm-2am),TRUE,FALSE,TRUE,FALSE,TRUE
P01218,U0372,Snapchat,itsaveryx,37,357,357,3.08,1.5,27.7,Late Night (10pm-2am),TRUE,FALSE,TRUE,TRUE,FALSE
P01219,U0372,X (Twitter),averyv295,70,27,207,4.83,1.3,12.4,Late Night (10pm-2am),FALSE,FALSE,TRUE,FALSE,TRUE
P01220,U0373,Instagram,layla.myers63,26,80,353,1.82,5.2,83.8,Late Night (10pm-2am),TRUE,FALSE,TRUE,FALSE,TRUE
P01221,U0373,TikTok,layla.myers43,64,377,398,3.77,2.3,235.9,Late Night (10pm-2am),FALSE,FALSE,TRUE,TRUE,TRUE
P01222,U0373,Snapchat,layla.myers,42,371,371,5.44,3.1,29.0,Late Night (10pm-2am),TRUE,FALSE,TRUE,TRUE,FALSE
P01223,U0373,X (Twitter),itslaylax,35,53,383,2.62,0.6,25.6,Late Night (10pm-2am),FALSE,FALSE,FALSE,TRUE,TRUE
P01224,U0373,Facebook,itslayla2,78,384,384,2.98,2.9,12.0,Late Night (10pm-2am),TRUE,FALSE,TRUE,TRUE,TRUE
P01225,U0374,Instagram,itsjohn,88,2145,200,2.77,1.0,44.4,Evening (6-10pm),TRUE,FALSE,FALSE,TRUE,TRUE
P01226,U0374,TikTok,johno191,44,184,237,4.03,1.2,88.7,Midday (10am-2pm),TRUE,FALSE,TRUE,FALSE,FALSE
P01227,U0374,Snapchat,johno545,81,472,472,3.63,3.0,27.2,Evening (6-10pm),TRUE,FALSE,FALSE,TRUE,TRUE
P01228,U0375,Instagram,carlos_2024,33,675,305,5.43,2.9,94.2,Evening (6-10pm),FALSE,FALSE,TRUE,FALSE,TRUE
P01229,U0375,TikTok,itscarlos,46,274,865,4.6,1.0,43.6,Morning (6-10am),FALSE,FALSE,FALSE,FALSE,TRUE
P01230,U0375,Snapchat,carlos.park,89,825,825,2.93,3.6,42.7,Morning (6-10am),TRUE,FALSE,FALSE,TRUE,TRUE
P01231,U0375,X (Twitter),itscarloso,27,21,555,4.9,1.1,46.9,Evening (6-10pm),FALSE,FALSE,TRUE,FALSE,FALSE
P01232,U0376,Instagram,theodore_gram,43,712,601,1.5,0.8,45.4,Evening (6-10pm),TRUE,FALSE,FALSE,FALSE,FALSE
P01233,U0376,TikTok,theodorej577,34,174,844,1.31,3.0,51.1,Evening (6-10pm),TRUE,FALSE,TRUE,FALSE,FALSE
P01234,U0376,X (Twitter),theodore_official,19,99,127,3.0,1.2,6.7,Evening (6-10pm),TRUE,FALSE,TRUE,TRUE,FALSE
P01235,U0377,Instagram,maverick.watson,84,1364,256,3.13,0.9,45.1,Late Night (10pm-2am),FALSE,FALSE,FALSE,FALSE,TRUE
P01236,U0377,Snapchat,maverick.watson,77,373,373,0.2,2.2,37.9,Late Night (10pm-2am),TRUE,FALSE,TRUE,TRUE,FALSE
P01237,U0378,Instagram,ariay326,66,698,488,4.1,0.5,59.8,Afternoon (2-6pm),TRUE,FALSE,TRUE,FALSE,TRUE
P01238,U0378,TikTok,ariay899,34,293,379,2.68,0.4,97.6,Afternoon (2-6pm),TRUE,FALSE,TRUE,FALSE,TRUE
P01239,U0378,Snapchat,ariay287,92,236,236,4.05,0.2,23.9,Evening (6-10pm),TRUE,FALSE,FALSE,FALSE,TRUE
P01240,U0379,Instagram,lunas645,50,3032,576,0.37,0.8,57.4,Late Night (10pm-2am),FALSE,FALSE,TRUE,FALSE,TRUE
P01241,U0379,TikTok,lunas203,38,2448,680,0.2,2.1,46.1,Late Night (10pm-2am),TRUE,FALSE,TRUE,FALSE,FALSE
P01242,U0379,Snapchat,luna_x,33,366,366,0.58,1.4,22.0,Late Night (10pm-2am),TRUE,FALSE,TRUE,FALSE,FALSE
P01243,U0380,Instagram,skyler.chen,99,1640,234,0.2,1.2,39.9,Evening (6-10pm),FALSE,FALSE,TRUE,FALSE,FALSE
P01244,U0380,TikTok,skylerc58,67,288,529,1.33,2.1,62.0,Evening (6-10pm),FALSE,FALSE,TRUE,FALSE,TRUE
P01245,U0380,Snapchat,skyler.chen,77,749,749,2.83,0.5,19.3,Afternoon (2-6pm),TRUE,FALSE,TRUE,FALSE,FALSE
P01246,U0380,Facebook,skyler.chen,32,747,747,4.65,1.5,21.7,Afternoon (2-6pm),FALSE,FALSE,FALSE,FALSE,TRUE
P01247,U0381,Instagram,aubrey_tv,100,435,260,6.47,2.6,59.2,Morning (6-10am),TRUE,FALSE,TRUE,TRUE,FALSE
P01248,U0381,TikTok,aubrey_official,12,229,1139,1.28,3.1,69.1,Midday (10am-2pm),FALSE,FALSE,TRUE,FALSE,TRUE
P01249,U0381,Snapchat,aubrey_2025,79,661,661,4.19,1.4,49.1,Midday (10am-2pm),TRUE,FALSE,TRUE,TRUE,TRUE
P01250,U0382,Instagram,elizabeth.becker,38,2036,540,0.96,1.1,105.9,Morning (6-10am),FALSE,FALSE,FALSE,TRUE,TRUE
P01251,U0382,Snapchat,elizabeth_gram,64,406,406,4.04,3.3,94.1,Evening (6-10pm),TRUE,FALSE,FALSE,TRUE,FALSE
P01252,U0382,X (Twitter),elizabethb605,30,135,221,3.26,0.4,19.5,Morning (6-10am),FALSE,FALSE,TRUE,TRUE,TRUE
P01253,U0382,Facebook,elizabeth_x,105,382,382,3.15,1.4,10.7,Midday (10am-2pm),TRUE,FALSE,FALSE,FALSE,FALSE
P01254,U0383,Instagram,nathan_x,53,449,743,2.85,1.9,62.7,Afternoon (2-6pm),FALSE,FALSE,FALSE,FALSE,FALSE
P01255,U0383,Snapchat,nathan_gram,74,649,649,2.02,0.3,10.9,Midday (10am-2pm),FALSE,FALSE,TRUE,FALSE,TRUE
P01256,U0384,Instagram,nathanm525,27,219,425,3.01,0.8,44.6,Late Night (10pm-2am),FALSE,FALSE,TRUE,FALSE,TRUE
P01257,U0384,Snapchat,nathanm593,61,444,444,2.69,0.6,19.1,Late Night (10pm-2am),TRUE,FALSE,TRUE,FALSE,TRUE
P01258,U0384,X (Twitter),itsnathan4,22,948,246,0.92,4.6,37.7,Late Night (10pm-2am),FALSE,FALSE,FALSE,FALSE,TRUE
P01259,U0384,Facebook,nathan.mendoza3,110,1191,1191,1.88,0.5,19.4,Late Night (10pm-2am),TRUE,FALSE,TRUE,FALSE,FALSE
P01260,U0385,Instagram,andreg884,53,479,403,3.34,3.4,32.7,Late Night (10pm-2am),FALSE,FALSE,TRUE,FALSE,FALSE
P01261,U0385,TikTok,andre_x,72,135,1172,3.69,1.9,66.6,Late Night (10pm-2am),TRUE,FALSE,FALSE,FALSE,TRUE
P01262,U0385,Snapchat,itsandreo,67,352,352,0.2,0.9,32.6,Late Night (10pm-2am),FALSE,FALSE,TRUE,FALSE,TRUE
P01263,U0385,X (Twitter),andreg289,39,73,582,3.44,2.1,14.6,Late Night (10pm-2am),FALSE,FALSE,TRUE,TRUE,TRUE
P01264,U0386,Instagram,phoenixm478,53,783,534,3.45,1.5,36.4,Late Night (10pm-2am),FALSE,FALSE,FALSE,FALSE,FALSE
P01265,U0386,TikTok,phoenix_gram,18,280,209,2.4,3.9,102.2,Late Night (10pm-2am),FALSE,FALSE,TRUE,TRUE,FALSE
P01266,U0386,Snapchat,itsphoenixx,50,324,324,1.93,1.8,32.7,Late Night (10pm-2am),FALSE,FALSE,TRUE,TRUE,FALSE
P01267,U0386,Facebook,itsphoenixo,49,431,431,3.06,5.0,23.3,Late Night (10pm-2am),TRUE,FALSE,TRUE,FALSE,TRUE
P01268,U0387,Instagram,sophia_x,41,536,341,2.53,0.2,26.3,Afternoon (2-6pm),FALSE,FALSE,TRUE,FALSE,TRUE
P01269,U0387,Snapchat,sophia_tv,49,661,661,3.24,1.9,57.1,Evening (6-10pm),FALSE,FALSE,FALSE,TRUE,FALSE
P01270,U0388,TikTok,ellas594,39,107,174,5.07,3.4,89.6,Midday (10am-2pm),FALSE,FALSE,TRUE,FALSE,TRUE
P01271,U0388,Snapchat,ella_tv,116,347,347,3.06,3.2,56.0,Afternoon (2-6pm),TRUE,FALSE,TRUE,TRUE,TRUE
P01272,U0389,Instagram,olivia_gram,26,1626,918,1.84,1.2,71.2,Morning (6-10am),TRUE,FALSE,TRUE,FALSE,TRUE
P01273,U0389,Snapchat,oliviaw276,48,90,90,2.47,1.5,44.7,Morning (6-10am),TRUE,FALSE,TRUE,FALSE,TRUE
P01274,U0389,X (Twitter),itsoliviax,33,81,130,3.26,1.5,26.4,Morning (6-10am),TRUE,FALSE,TRUE,FALSE,TRUE
P01275,U0390,Instagram,destiny.larsen75,60,680,443,5.24,0.2,121.1,Late Night (10pm-2am),TRUE,FALSE,TRUE,FALSE,TRUE
P01276,U0390,Snapchat,destinyl907,61,430,430,4.95,3.8,29.5,Late Night (10pm-2am),TRUE,FALSE,TRUE,TRUE,FALSE
P01277,U0391,Instagram,itscameron5,58,108,257,4.84,0.1,32.4,Late Night (10pm-2am),FALSE,FALSE,FALSE,TRUE,TRUE
P01278,U0391,Snapchat,cameron_tv,93,230,230,1.72,1.3,47.0,Late Night (10pm-2am),TRUE,FALSE,TRUE,FALSE,FALSE
P01279,U0391,X (Twitter),cameron_x,42,118,152,4.59,2.0,22.3,Late Night (10pm-2am),TRUE,FALSE,FALSE,FALSE,TRUE
P01280,U0391,Facebook,cameron.dubois,46,381,381,3.56,1.8,8.7,Late Night (10pm-2am),TRUE,FALSE,FALSE,FALSE,FALSE
P01281,U0392,Instagram,danielt958,52,820,205,1.21,1.1,97.1,Late Night (10pm-2am),FALSE,FALSE,TRUE,FALSE,FALSE
P01282,U0392,Snapchat,danielt788,46,612,612,1.98,1.8,30.7,Late Night (10pm-2am),TRUE,FALSE,FALSE,TRUE,FALSE
P01283,U0393,Instagram,weih69,90,528,1339,5.09,0.3,89.5,Evening (6-10pm),FALSE,FALSE,TRUE,FALSE,TRUE
P01284,U0393,TikTok,wei_gram,78,695,347,4.25,1.0,91.9,Afternoon (2-6pm),FALSE,FALSE,FALSE,FALSE,FALSE
P01285,U0393,Snapchat,weih588,79,476,476,2.47,1.8,25.8,Evening (6-10pm),TRUE,FALSE,FALSE,FALSE,TRUE
P01286,U0393,Facebook,wei.hansen64,90,495,495,1.41,2.5,15.1,Afternoon (2-6pm),TRUE,FALSE,FALSE,FALSE,TRUE
P01287,U0394,Instagram,miles_2029,35,745,813,3.62,3.8,43.6,Late Night (10pm-2am),FALSE,FALSE,FALSE,FALSE,TRUE
P01288,U0394,TikTok,miles_tv,34,707,1013,4.11,1.3,153.5,Late Night (10pm-2am),FALSE,FALSE,TRUE,FALSE,TRUE
P01289,U0394,X (Twitter),miless725,49,139,58,3.8,3.8,10.6,Late Night (10pm-2am),TRUE,FALSE,TRUE,TRUE,TRUE
P01290,U0394,Facebook,miles_gram,105,442,442,2.11,1.9,10.2,Late Night (10pm-2am),FALSE,FALSE,TRUE,FALSE,FALSE
P01291,U0395,Instagram,aiden_official,78,406,379,2.25,1.6,40.9,Late Night (10pm-2am),FALSE,FALSE,FALSE,FALSE,TRUE
P01292,U0395,TikTok,aidenc973,29,126,608,2.18,0.7,91.6,Late Night (10pm-2am),FALSE,FALSE,TRUE,FALSE,FALSE
P01293,U0395,X (Twitter),aiden.chavez99,80,157,193,2.6,1.1,9.3,Late Night (10pm-2am),FALSE,FALSE,TRUE,FALSE,TRUE
P01294,U0396,Instagram,zoej294,85,402,392,2.49,0.8,88.2,Late Night (10pm-2am),FALSE,FALSE,FALSE,FALSE,FALSE
P01295,U0396,TikTok,zoe_gram,17,444,588,2.33,2.1,156.7,Late Night (10pm-2am),FALSE,FALSE,TRUE,FALSE,FALSE
P01296,U0396,Snapchat,zoe_tv,93,568,568,1.51,1.8,55.9,Late Night (10pm-2am),FALSE,FALSE,TRUE,FALSE,FALSE
P01297,U0396,X (Twitter),zoe.jimenez,54,498,120,2.29,1.2,25.2,Late Night (10pm-2am),TRUE,FALSE,FALSE,FALSE,TRUE
P01298,U0396,Facebook,zoe_x,91,779,779,2.35,0.4,12.1,Late Night (10pm-2am),TRUE,FALSE,FALSE,TRUE,FALSE
P01299,U0397,Instagram,camila.sato,41,666,246,3.31,1.8,65.3,Late Night (10pm-2am),FALSE,FALSE,TRUE,FALSE,TRUE
P01300,U0397,TikTok,itscamilax,23,265,563,7.2,6.1,152.7,Late Night (10pm-2am),FALSE,FALSE,TRUE,FALSE,TRUE
P01301,U0397,Snapchat,itscamila1,71,371,371,3.62,1.3,24.4,Late Night (10pm-2am),TRUE,FALSE,TRUE,FALSE,TRUE
P01302,U0398,Instagram,charlotte.collins,72,251,585,3.2,0.4,36.6,Afternoon (2-6pm),FALSE,FALSE,TRUE,TRUE,TRUE
P01303,U0398,X (Twitter),charlotte_2028,24,26,140,3.2,1.1,23.7,Afternoon (2-6pm),FALSE,FALSE,TRUE,TRUE,FALSE
P01304,U0399,Instagram,mia_gram,61,784,362,0.8,0.6,79.1,Midday (10am-2pm),FALSE,FALSE,TRUE,FALSE,TRUE
P01305,U0399,TikTok,miam176,42,105,672,1.79,3.7,98.8,Afternoon (2-6pm),TRUE,FALSE,FALSE,TRUE,TRUE
P01306,U0399,Snapchat,mia.moore86,108,368,368,0.2,0.4,29.3,Afternoon (2-6pm),TRUE,FALSE,FALSE,FALSE,FALSE
P01307,U0399,X (Twitter),mia_tv,35,939,92,0.2,1.4,6.4,Afternoon (2-6pm),FALSE,FALSE,FALSE,FALSE,FALSE
P01308,U0400,Instagram,imanim200,68,1383,335,2.12,0.6,98.4,Midday (10am-2pm),TRUE,FALSE,FALSE,FALSE,FALSE
P01309,U0400,TikTok,imani_official,71,329,1661,2.44,3.3,104.1,Afternoon (2-6pm),FALSE,FALSE,FALSE,FALSE,TRUE
P01310,U0400,Snapchat,imanim517,31,537,537,0.2,2.1,42.4,Evening (6-10pm),TRUE,FALSE,TRUE,TRUE,TRUE
P01311,U0400,Facebook,imani_gram,48,875,875,3.8,1.1,10.9,Evening (6-10pm),FALSE,FALSE,FALSE,TRUE,FALSE
P01312,U0401,Instagram,ariad479,50,138,498,3.89,0.3,48.9,Morning (6-10am),FALSE,FALSE,TRUE,FALSE,TRUE
P01313,U0401,TikTok,itsaria,23,2889,161,1.6,2.2,89.9,Evening (6-10pm),FALSE,FALSE,TRUE,TRUE,FALSE
P01314,U0401,Snapchat,itsaria8,71,391,391,3.1,2.9,34.4,Morning (6-10am),FALSE,FALSE,FALSE,FALSE,FALSE
P01315,U0401,Facebook,aria_official,21,491,491,4.09,1.8,14.5,Morning (6-10am),TRUE,FALSE,TRUE,FALSE,FALSE
P01316,U0402,Instagram,zoe.smith97,47,1527,289,1.48,0.6,81.0,Midday (10am-2pm),TRUE,FALSE,TRUE,TRUE,TRUE
P01317,U0402,TikTok,zoes154,34,240,791,2.66,0.7,51.7,Afternoon (2-6pm),TRUE,FALSE,TRUE,FALSE,TRUE
P01318,U0402,Snapchat,zoe_gram,46,418,418,3.72,4.7,41.7,Afternoon (2-6pm),TRUE,FALSE,TRUE,TRUE,TRUE
P01319,U0403,Instagram,zoey.weber66,69,1214,596,0.36,4.9,123.4,Evening (6-10pm),FALSE,FALSE,TRUE,TRUE,FALSE
P01320,U0403,TikTok,zoeyw861,46,450,672,2.08,1.6,117.5,Evening (6-10pm),FALSE,FALSE,FALSE,TRUE,TRUE
P01321,U0403,X (Twitter),zoeyw800,44,117,268,2.93,1.0,10.1,Midday (10am-2pm),FALSE,FALSE,TRUE,FALSE,FALSE
P01322,U0404,Instagram,john.dubois58,37,356,580,4.45,0.8,50.8,Afternoon (2-6pm),FALSE,FALSE,TRUE,FALSE,TRUE
P01323,U0404,TikTok,johnd21,62,203,1331,4.09,0.4,44.3,Afternoon (2-6pm),TRUE,FALSE,FALSE,TRUE,TRUE
P01324,U0404,Snapchat,itsjohn,56,539,539,4.32,2.0,51.1,Midday (10am-2pm),TRUE,FALSE,TRUE,TRUE,TRUE
P01325,U0404,X (Twitter),john.dubois48,75,84,120,3.3,1.9,32.5,Afternoon (2-6pm),FALSE,FALSE,TRUE,FALSE,TRUE
P01326,U0405,Instagram,luke.williams34,51,490,1134,3.74,1.3,69.5,Late Night (10pm-2am),FALSE,FALSE,TRUE,FALSE,TRUE
P01327,U0405,TikTok,luke_x,37,2929,281,4.98,1.8,146.5,Late Night (10pm-2am),FALSE,FALSE,TRUE,FALSE,TRUE
P01328,U0405,Snapchat,luke.williams70,55,586,586,3.53,1.3,50.6,Late Night (10pm-2am),TRUE,FALSE,TRUE,TRUE,TRUE
P01329,U0405,Facebook,luke_gram,96,1137,1137,1.35,0.9,14.2,Late Night (10pm-2am),TRUE,FALSE,TRUE,FALSE,FALSE
P01330,U0406,Instagram,itsmaliko,67,206,489,0.9,1.1,75.3,Evening (6-10pm),TRUE,FALSE,TRUE,FALSE,TRUE
P01331,U0406,TikTok,malikp397,70,339,792,3.49,0.5,74.7,Midday (10am-2pm),TRUE,FALSE,TRUE,FALSE,TRUE
P01332,U0406,Snapchat,malik_gram,113,213,213,1.45,4.7,80.8,Evening (6-10pm),TRUE,FALSE,TRUE,TRUE,FALSE
P01333,U0406,X (Twitter),malik_gram,31,40,461,4.84,1.9,37.1,Evening (6-10pm),FALSE,FALSE,TRUE,FALSE,TRUE
P01334,U0406,Facebook,itsmalikx,80,1041,1041,1.71,2.0,12.2,Evening (6-10pm),TRUE,FALSE,TRUE,FALSE,TRUE
P01335,U0407,Instagram,emilia.rogers53,48,263,423,2.92,1.5,32.7,Late Night (10pm-2am),TRUE,FALSE,FALSE,FALSE,TRUE
P01336,U0407,TikTok,emilia_2029,63,571,402,2.37,1.8,57.0,Late Night (10pm-2am),TRUE,FALSE,TRUE,FALSE,TRUE
P01337,U0407,X (Twitter),emilia.rogers,34,74,54,2.39,1.6,18.5,Late Night (10pm-2am),FALSE,FALSE,FALSE,TRUE,TRUE
P01338,U0408,Instagram,lilliant690,70,385,607,2.47,2.0,63.5,Late Night (10pm-2am),FALSE,FALSE,FALSE,FALSE,TRUE
P01339,U0408,TikTok,lillian_2027,30,4515,228,3.27,3.6,147.9,Late Night (10pm-2am),TRUE,FALSE,TRUE,FALSE,FALSE
P01340,U0409,Instagram,daniela_gram,38,999,689,2.25,3.1,70.6,Late Night (10pm-2am),FALSE,FALSE,FALSE,FALSE,TRUE
P01341,U0409,TikTok,danielam31,43,261,441,2.45,3.2,52.7,Late Night (10pm-2am),FALSE,FALSE,TRUE,TRUE,TRUE
P01342,U0409,Snapchat,daniela_2029,57,478,478,2.53,2.3,24.0,Late Night (10pm-2am),TRUE,FALSE,TRUE,TRUE,TRUE
P01343,U0409,X (Twitter),danielam794,18,176,431,1.82,3.5,12.3,Late Night (10pm-2am),FALSE,FALSE,FALSE,FALSE,TRUE
P01344,U0410,Instagram,avery.hassan69,35,1764,295,1.41,0.4,73.3,Afternoon (2-6pm),TRUE,FALSE,TRUE,FALSE,TRUE
P01345,U0410,TikTok,itsavery4,48,172,342,2.66,3.0,65.1,Evening (6-10pm),FALSE,FALSE,TRUE,TRUE,FALSE
P01346,U0410,Snapchat,averyh395,58,508,508,3.68,1.3,77.1,Afternoon (2-6pm),TRUE,FALSE,TRUE,FALSE,TRUE
P01347,U0411,Instagram,itsananya8,57,1268,189,3.92,1.9,63.7,Afternoon (2-6pm),TRUE,FALSE,TRUE,FALSE,TRUE
P01348,U0411,TikTok,ananyat610,27,866,193,2.26,2.9,166.2,Afternoon (2-6pm),FALSE,FALSE,FALSE,FALSE,TRUE
P01349,U0412,Instagram,ava.price94,44,308,1110,3.31,1.4,98.3,Evening (6-10pm),FALSE,FALSE,FALSE,TRUE,FALSE
P01350,U0412,TikTok,ava.price,22,43,213,6.15,2.2,187.6,Midday (10am-2pm),FALSE,FALSE,TRUE,TRUE,TRUE
P01351,U0412,Snapchat,itsava,81,598,598,2.94,1.6,33.2,Midday (10am-2pm),TRUE,FALSE,TRUE,FALSE,TRUE
P01352,U0413,Instagram,sofiaw407,72,1605,237,1.71,6.1,125.6,Evening (6-10pm),FALSE,FALSE,TRUE,FALSE,TRUE
P01353,U0413,Snapchat,sofia_tv,78,654,654,0.2,0.6,41.3,Evening (6-10pm),TRUE,FALSE,FALSE,FALSE,FALSE
P01354,U0414,Instagram,carlosk898,73,1347,398,4.26,1.1,60.3,Late Night (10pm-2am),FALSE,FALSE,FALSE,TRUE,TRUE
P01355,U0414,TikTok,carlosk599,65,27,478,4.57,4.4,101.4,Late Night (10pm-2am),FALSE,FALSE,TRUE,FALSE,FALSE
P01356,U0415,Instagram,allison_gram,54,779,326,3.23,1.4,79.6,Midday (10am-2pm),TRUE,FALSE,FALSE,FALSE,TRUE
P01357,U0415,TikTok,allison_tv,21,182,436,3.77,1.7,189.1,Afternoon (2-6pm),FALSE,FALSE,TRUE,FALSE,TRUE
P01358,U0416,Instagram,asherh600,62,1181,381,2.14,3.0,61.4,Midday (10am-2pm),TRUE,FALSE,FALSE,FALSE,FALSE
P01359,U0416,TikTok,asher_2026,48,55,122,3.16,1.9,73.4,Evening (6-10pm),FALSE,FALSE,FALSE,FALSE,FALSE
P01360,U0416,Snapchat,asherh817,76,409,409,4.37,0.8,56.6,Morning (6-10am),TRUE,FALSE,TRUE,TRUE,TRUE
P01361,U0416,X (Twitter),asherh723,31,80,505,4.02,0.7,20.8,Morning (6-10am),TRUE,FALSE,FALSE,FALSE,FALSE
P01362,U0417,Instagram,zoey.gutierrez50,81,459,607,4.51,0.6,55.0,Late Night (10pm-2am),TRUE,FALSE,FALSE,FALSE,TRUE
P01363,U0417,TikTok,zoey_gram,16,952,1067,1.97,1.3,153.2,Late Night (10pm-2am),FALSE,FALSE,TRUE,FALSE,TRUE
P01364,U0417,Snapchat,zoey_gram,55,718,718,2.09,1.0,49.4,Late Night (10pm-2am),TRUE,FALSE,TRUE,FALSE,TRUE
P01365,U0417,Facebook,itszoey,55,487,487,4.43,5.2,19.1,Late Night (10pm-2am),TRUE,FALSE,FALSE,FALSE,TRUE
P01366,U0418,Instagram,andrew_x,88,485,473,2.05,0.6,22.1,Evening (6-10pm),TRUE,FALSE,TRUE,FALSE,FALSE
P01367,U0418,TikTok,andrewm894,28,65,723,3.58,0.7,136.1,Afternoon (2-6pm),FALSE,FALSE,TRUE,FALSE,FALSE
P01368,U0418,Snapchat,andrew.morris,100,211,211,2.22,1.8,24.2,Evening (6-10pm),TRUE,FALSE,FALSE,FALSE,FALSE
P01369,U0419,Instagram,zoey.bennett33,74,472,827,2.71,2.2,56.8,Morning (6-10am),TRUE,FALSE,FALSE,FALSE,TRUE
P01370,U0419,TikTok,zoeyb581,27,365,158,1.02,3.6,73.3,Midday (10am-2pm),FALSE,FALSE,FALSE,FALSE,TRUE
P01371,U0419,Snapchat,zoey_official,66,115,115,2.07,0.2,23.3,Morning (6-10am),TRUE,FALSE,TRUE,TRUE,TRUE
P01372,U0420,Instagram,aubrey.rodriguez,64,976,634,4.12,0.9,52.6,Evening (6-10pm),FALSE,FALSE,FALSE,FALSE,TRUE
P01373,U0420,TikTok,aubrey_tv,34,175,317,2.48,4.6,85.5,Evening (6-10pm),FALSE,FALSE,FALSE,FALSE,TRUE
P01374,U0420,X (Twitter),aubrey.rodriguez,83,78,146,2.79,1.1,43.1,Evening (6-10pm),FALSE,FALSE,TRUE,FALSE,TRUE
P01375,U0421,Instagram,julian_x,95,2354,514,4.41,2.7,37.0,Evening (6-10pm),FALSE,FALSE,TRUE,TRUE,FALSE
P01376,U0421,TikTok,juliang943,39,112,434,3.92,2.0,95.4,Evening (6-10pm),FALSE,FALSE,TRUE,FALSE,TRUE
P01377,U0421,X (Twitter),julian_tv,26,85,138,1.59,1.4,13.3,Evening (6-10pm),FALSE,FALSE,TRUE,FALSE,FALSE
P01378,U0422,Instagram,itsmei,61,479,242,3.53,0.4,67.1,Midday (10am-2pm),TRUE,FALSE,TRUE,TRUE,TRUE
P01379,U0422,TikTok,meic924,22,109,1299,4.05,1.2,79.6,Evening (6-10pm),FALSE,FALSE,FALSE,TRUE,TRUE
P01380,U0422,Snapchat,meic19,67,658,658,0.56,1.8,26.8,Evening (6-10pm),TRUE,FALSE,TRUE,FALSE,TRUE
P01381,U0422,Facebook,itsmeix,50,600,600,2.45,0.6,9.5,Afternoon (2-6pm),TRUE,FALSE,FALSE,FALSE,TRUE
P01382,U0423,Instagram,penelopel880,100,1113,326,3.18,3.3,41.0,Afternoon (2-6pm),FALSE,FALSE,TRUE,TRUE,TRUE
P01383,U0423,TikTok,penelopel892,43,100,523,2.46,1.3,52.7,Afternoon (2-6pm),FALSE,FALSE,FALSE,FALSE,TRUE
P01384,U0423,Snapchat,itspenelopeo,24,573,573,3.66,1.7,20.7,Evening (6-10pm),TRUE,FALSE,TRUE,TRUE,TRUE
P01385,U0424,Instagram,harper_gram,41,994,729,0.95,1.1,37.9,Midday (10am-2pm),FALSE,FALSE,TRUE,FALSE,FALSE
P01386,U0424,TikTok,harper.singh93,38,219,489,3.78,1.3,114.9,Afternoon (2-6pm),FALSE,FALSE,TRUE,FALSE,FALSE
P01387,U0424,Snapchat,harpers940,100,343,343,1.98,0.9,45.9,Evening (6-10pm),TRUE,FALSE,TRUE,TRUE,TRUE
P01388,U0424,X (Twitter),harpers326,44,10,128,6.6,0.9,30.0,Evening (6-10pm),FALSE,FALSE,TRUE,FALSE,TRUE
P01389,U0424,Facebook,itsharperx,55,803,803,3.07,1.7,10.7,Evening (6-10pm),TRUE,FALSE,FALSE,TRUE,TRUE
P01390,U0425,Instagram,andrew.martin44,59,13316,385,2.97,3.7,70.5,Evening (6-10pm),FALSE,FALSE,TRUE,FALSE,TRUE
P01391,U0425,TikTok,andrew.martin56,25,657,1284,2.17,3.2,128.7,Evening (6-10pm),FALSE,FALSE,FALSE,FALSE,TRUE
P01392,U0425,Snapchat,andrew.martin,75,435,435,5.36,1.7,37.3,Afternoon (2-6pm),TRUE,FALSE,TRUE,TRUE,TRUE
P01393,U0426,Instagram,scarlettr254,69,33,696,2.6,1.7,87.7,Late Night (10pm-2am),FALSE,FALSE,FALSE,TRUE,TRUE
P01394,U0426,TikTok,scarlettr665,45,1540,361,0.2,5.1,114.2,Late Night (10pm-2am),FALSE,FALSE,TRUE,FALSE,FALSE
P01395,U0426,Snapchat,scarlett.richardson72,87,305,305,2.02,3.4,24.7,Late Night (10pm-2am),TRUE,FALSE,TRUE,TRUE,FALSE
P01396,U0427,Instagram,michaela989,29,550,216,5.11,3.0,38.2,Late Night (10pm-2am),TRUE,FALSE,TRUE,FALSE,FALSE
P01397,U0427,TikTok,itsmichaelo,57,17,444,6.01,2.1,76.2,Late Night (10pm-2am),TRUE,FALSE,TRUE,FALSE,TRUE
P01398,U0427,X (Twitter),michael.ali,58,33,572,4.33,0.8,28.4,Late Night (10pm-2am),TRUE,FALSE,TRUE,TRUE,TRUE
P01399,U0428,Instagram,itspriya4,78,1182,352,1.1,1.2,54.4,Evening (6-10pm),FALSE,FALSE,TRUE,FALSE,TRUE
P01400,U0428,TikTok,itspriyax,38,472,388,1.82,1.4,41.2,Evening (6-10pm),FALSE,FALSE,TRUE,FALSE,TRUE
P01401,U0428,Snapchat,priya.phillips81,80,551,551,2.21,0.8,49.1,Afternoon (2-6pm),TRUE,FALSE,TRUE,FALSE,FALSE
P01402,U0429,Instagram,finley_official,101,866,293,1.35,1.9,66.4,Midday (10am-2pm),FALSE,FALSE,TRUE,FALSE,TRUE
P01403,U0429,TikTok,finley_2029,19,65,561,2.26,3.6,119.9,Afternoon (2-6pm),TRUE,FALSE,TRUE,FALSE,TRUE
P01404,U0429,Snapchat,finley.campbell29,58,559,559,1.72,2.8,51.8,Evening (6-10pm),TRUE,FALSE,TRUE,TRUE,TRUE
P01405,U0430,Instagram,colton.collins91,82,2694,245,2.33,1.6,33.0,Afternoon (2-6pm),TRUE,FALSE,TRUE,FALSE,TRUE
P01406,U0430,TikTok,colton.collins,59,48,461,5.8,4.2,109.4,Midday (10am-2pm),FALSE,FALSE,FALSE,FALSE,FALSE
P01407,U0430,Facebook,coltonc523,85,494,494,3.2,2.3,32.9,Afternoon (2-6pm),FALSE,FALSE,FALSE,FALSE,FALSE
P01408,U0431,Instagram,itsemerson3,46,3087,300,2.79,0.8,57.6,Evening (6-10pm),TRUE,FALSE,FALSE,FALSE,TRUE
P01409,U0431,TikTok,itsemerson,22,534,178,5.5,0.6,190.5,Afternoon (2-6pm),TRUE,FALSE,TRUE,FALSE,TRUE
P01410,U0432,Instagram,yunak329,53,224,207,3.29,1.0,45.1,Late Night (10pm-2am),FALSE,FALSE,TRUE,FALSE,FALSE
P01411,U0432,TikTok,itsyuna,16,248,1339,3.41,1.0,146.6,Late Night (10pm-2am),FALSE,FALSE,FALSE,FALSE,TRUE
P01412,U0432,Snapchat,itsyunao,40,279,279,1.52,1.6,39.9,Late Night (10pm-2am),TRUE,FALSE,TRUE,TRUE,FALSE
P01413,U0432,X (Twitter),yuna.kowalski81,26,103,129,3.07,1.2,26.4,Late Night (10pm-2am),TRUE,FALSE,TRUE,FALSE,FALSE
P01414,U0433,Instagram,malik.thomas,63,187,325,3.17,2.3,40.6,Late Night (10pm-2am),FALSE,FALSE,TRUE,FALSE,TRUE
P01415,U0433,TikTok,itsmalik9,22,692,913,1.01,0.5,141.0,Late Night (10pm-2am),TRUE,FALSE,TRUE,TRUE,TRUE
P01416,U0433,Snapchat,itsmalikx,44,555,555,3.74,0.7,45.8,Late Night (10pm-2am),TRUE,FALSE,FALSE,TRUE,TRUE
P01417,U0433,X (Twitter),itsmalik1,66,147,168,4.37,1.5,30.0,Late Night (10pm-2am),TRUE,FALSE,TRUE,FALSE,TRUE
P01418,U0433,Facebook,malik.thomas56,40,553,553,2.49,2.3,3.3,Late Night (10pm-2am),TRUE,FALSE,TRUE,TRUE,FALSE
P01419,U0434,Instagram,levim423,75,817,330,2.87,0.1,80.3,Late Night (10pm-2am),FALSE,FALSE,TRUE,TRUE,TRUE
P01420,U0434,TikTok,levim693,23,50,279,3.06,2.0,94.6,Late Night (10pm-2am),FALSE,FALSE,TRUE,FALSE,TRUE
P01421,U0434,Snapchat,itslevi4,108,521,521,5.04,2.9,29.0,Late Night (10pm-2am),TRUE,FALSE,FALSE,FALSE,TRUE
P01422,U0435,Instagram,elias.novak8,57,639,473,1.9,2.7,87.5,Evening (6-10pm),TRUE,FALSE,FALSE,TRUE,FALSE
P01423,U0435,TikTok,elias_official,50,165,1136,4.57,3.7,135.0,Afternoon (2-6pm),FALSE,FALSE,TRUE,TRUE,TRUE
P01424,U0435,Snapchat,eliasn296,96,289,289,6.34,5.0,36.4,Midday (10am-2pm),TRUE,FALSE,TRUE,FALSE,TRUE
P01425,U0435,X (Twitter),elias_gram,45,21,514,4.59,2.3,17.0,Midday (10am-2pm),FALSE,FALSE,FALSE,FALSE,TRUE
P01426,U0436,Instagram,charles_2030,70,2463,617,3.9,2.0,67.5,Late Night (10pm-2am),TRUE,FALSE,TRUE,FALSE,TRUE
P01427,U0436,Snapchat,charlesm532,47,285,285,5.36,3.8,43.2,Late Night (10pm-2am),TRUE,FALSE,TRUE,FALSE,TRUE
P01428,U0436,X (Twitter),charles.mendoza77,55,67,286,4.55,5.2,10.5,Late Night (10pm-2am),FALSE,FALSE,TRUE,FALSE,TRUE
P01429,U0437,Instagram,sophia.rodriguez52,32,941,929,2.69,0.9,63.6,Evening (6-10pm),TRUE,FALSE,FALSE,FALSE,TRUE
P01430,U0437,TikTok,itssophiao,46,243,325,1.31,2.6,76.5,Midday (10am-2pm),FALSE,FALSE,TRUE,FALSE,TRUE
P01431,U0437,Snapchat,itssophiao,59,155,155,2.71,2.6,47.3,Evening (6-10pm),TRUE,FALSE,FALSE,FALSE,TRUE
P01432,U0437,X (Twitter),itssophia,75,40,207,3.93,1.8,17.4,Afternoon (2-6pm),TRUE,FALSE,TRUE,FALSE,TRUE
P01433,U0437,Facebook,sophia.rodriguez29,58,1139,1139,5.29,2.5,26.9,Evening (6-10pm),FALSE,FALSE,TRUE,FALSE,FALSE
P01434,U0438,Instagram,charlotte_2025,58,462,540,3.38,0.9,93.7,Late Night (10pm-2am),TRUE,FALSE,TRUE,FALSE,TRUE
P01435,U0438,TikTok,itscharlottex,54,19,408,3.69,1.0,187.5,Late Night (10pm-2am),FALSE,FALSE,TRUE,FALSE,TRUE
P01436,U0438,Snapchat,charlotteh694,78,454,454,3.21,4.9,61.9,Late Night (10pm-2am),TRUE,FALSE,TRUE,FALSE,TRUE
P01437,U0438,X (Twitter),charlotte.hill,46,43,294,1.19,1.4,9.9,Late Night (10pm-2am),FALSE,FALSE,TRUE,FALSE,TRUE
P01438,U0438,Facebook,charlotte_x,82,1020,1020,2.05,1.1,17.8,Late Night (10pm-2am),TRUE,FALSE,TRUE,TRUE,FALSE
P01439,U0439,Instagram,itsoliver2,75,1585,217,2.49,2.7,31.5,Evening (6-10pm),TRUE,FALSE,TRUE,FALSE,TRUE
P01440,U0439,TikTok,oliverb332,39,405,187,3.81,2.3,65.4,Afternoon (2-6pm),FALSE,FALSE,TRUE,FALSE,TRUE
P01441,U0439,Snapchat,oliverb402,87,337,337,5.38,8.2,35.2,Midday (10am-2pm),TRUE,FALSE,TRUE,FALSE,TRUE
P01442,U0440,Instagram,aria.visser,72,362,718,2.9,3.0,92.6,Evening (6-10pm),FALSE,FALSE,TRUE,FALSE,TRUE
P01443,U0440,TikTok,itsaria6,36,679,463,2.4,3.9,58.4,Midday (10am-2pm),TRUE,FALSE,TRUE,FALSE,TRUE
P01444,U0440,X (Twitter),itsaria,31,60,237,3.59,0.6,49.3,Afternoon (2-6pm),FALSE,FALSE,TRUE,TRUE,FALSE
P01445,U0441,Instagram,itsemiliao,79,735,234,4.14,1.1,75.1,Evening (6-10pm),FALSE,FALSE,TRUE,FALSE,TRUE
P01446,U0441,TikTok,emiliat246,9,80,1014,3.41,2.5,87.4,Evening (6-10pm),FALSE,FALSE,TRUE,FALSE,FALSE
P01447,U0441,Snapchat,emilia_tv,47,528,528,3.97,1.9,39.5,Midday (10am-2pm),TRUE,FALSE,FALSE,FALSE,TRUE
P01448,U0442,Instagram,river_gram,95,403,801,3.24,1.8,23.3,Late Night (10pm-2am),FALSE,FALSE,TRUE,FALSE,TRUE
P01449,U0442,TikTok,itsrivero,54,188,291,5.59,1.9,82.1,Late Night (10pm-2am),TRUE,FALSE,TRUE,FALSE,TRUE
P01450,U0442,Snapchat,river_official,53,502,502,4.17,2.2,42.5,Late Night (10pm-2am),TRUE,FALSE,TRUE,TRUE,TRUE
P01451,U0442,Facebook,river.okafor,100,837,837,4.83,3.6,18.5,Late Night (10pm-2am),TRUE,FALSE,FALSE,FALSE,FALSE
P01452,U0443,Instagram,thomas_tv,83,1349,247,2.55,1.5,19.5,Late Night (10pm-2am),FALSE,FALSE,TRUE,FALSE,FALSE
P01453,U0443,TikTok,thomasr229,66,495,424,2.65,1.5,104.9,Late Night (10pm-2am),FALSE,FALSE,TRUE,TRUE,TRUE
P01454,U0443,Snapchat,thomasr647,26,137,137,3.96,2.7,36.5,Late Night (10pm-2am),TRUE,FALSE,TRUE,FALSE,FALSE
P01455,U0443,Facebook,itsthomas7,104,379,379,2.5,1.6,14.2,Late Night (10pm-2am),FALSE,FALSE,TRUE,TRUE,TRUE
P01456,U0444,Instagram,phoenixr754,30,4523,324,1.89,1.4,98.0,Late Night (10pm-2am),TRUE,FALSE,TRUE,TRUE,FALSE
P01457,U0444,TikTok,itsphoenixx,39,52,161,3.36,0.7,230.5,Late Night (10pm-2am),TRUE,FALSE,TRUE,FALSE,FALSE
P01458,U0444,Snapchat,itsphoenix2,23,669,669,1.91,2.2,22.9,Late Night (10pm-2am),FALSE,FALSE,FALSE,FALSE,FALSE
P01459,U0445,Instagram,aubrey.martin27,79,1272,424,1.6,1.1,81.4,Afternoon (2-6pm),TRUE,FALSE,TRUE,FALSE,TRUE
P01460,U0445,TikTok,aubrey.martin12,37,569,464,2.68,0.7,142.9,Midday (10am-2pm),FALSE,FALSE,FALSE,TRUE,TRUE
P01461,U0445,Snapchat,itsaubreyx,94,483,483,2.15,0.7,39.0,Evening (6-10pm),TRUE,FALSE,FALSE,FALSE,TRUE
P01462,U0446,Instagram,mayab655,83,955,533,2.23,2.5,32.9,Late Night (10pm-2am),FALSE,FALSE,FALSE,TRUE,TRUE
P01463,U0446,Snapchat,mayab646,94,405,405,3.08,1.3,39.9,Late Night (10pm-2am),TRUE,FALSE,FALSE,TRUE,TRUE
P01464,U0446,X (Twitter),mayab571,58,428,90,2.37,0.5,16.7,Late Night (10pm-2am),FALSE,FALSE,TRUE,TRUE,FALSE
P01465,U0447,Instagram,alondraf277,58,942,262,0.2,3.2,148.7,Morning (6-10am),TRUE,FALSE,FALSE,FALSE,FALSE
P01466,U0447,Snapchat,alondra.fernandez,56,635,635,3.76,1.7,28.3,Evening (6-10pm),FALSE,FALSE,TRUE,FALSE,TRUE
P01467,U0447,X (Twitter),alondra_tv,13,153,126,2.22,2.5,58.8,Midday (10am-2pm),FALSE,FALSE,TRUE,TRUE,TRUE
P01468,U0447,Facebook,alondra.fernandez75,61,426,426,0.2,1.7,11.7,Morning (6-10am),FALSE,FALSE,TRUE,TRUE,FALSE
P01469,U0448,Instagram,kinsleyo302,72,1701,368,2.74,2.6,154.5,Late Night (10pm-2am),FALSE,FALSE,TRUE,FALSE,TRUE
P01470,U0448,X (Twitter),kinsleyo354,48,225,136,5.01,0.7,39.8,Late Night (10pm-2am),FALSE,FALSE,TRUE,FALSE,TRUE
P01471,U0448,Facebook,kinsleyo911,113,890,890,2.66,3.3,19.3,Late Night (10pm-2am),FALSE,FALSE,TRUE,FALSE,TRUE
P01472,U0449,Instagram,itsdaniela,60,1637,269,1.68,4.5,79.5,Evening (6-10pm),FALSE,FALSE,FALSE,TRUE,TRUE
P01473,U0449,TikTok,danielat751,19,1543,186,4.16,1.7,33.7,Midday (10am-2pm),FALSE,FALSE,TRUE,FALSE,TRUE
P01474,U0449,Snapchat,daniela.tran,77,766,766,1.72,3.3,28.8,Midday (10am-2pm),TRUE,FALSE,TRUE,FALSE,TRUE
P01475,U0450,Instagram,ethan_gram,81,1145,226,2.81,0.4,31.7,Late Night (10pm-2am),TRUE,FALSE,TRUE,TRUE,TRUE
P01476,U0450,TikTok,ethanc921,28,201,646,4.99,3.3,66.6,Late Night (10pm-2am),FALSE,FALSE,TRUE,TRUE,FALSE
P01477,U0450,Snapchat,ethan_official,65,370,370,0.83,1.1,62.6,Late Night (10pm-2am),TRUE,FALSE,TRUE,TRUE,TRUE
P01478,U0450,X (Twitter),ethan_official,54,388,134,3.64,1.1,20.1,Late Night (10pm-2am),FALSE,FALSE,FALSE,TRUE,TRUE
P01479,U0451,Instagram,stellam135,47,2019,367,3.54,4.1,74.4,Evening (6-10pm),FALSE,FALSE,FALSE,FALSE,TRUE
P01480,U0451,Facebook,stella_2029,103,965,965,0.27,2.9,10.4,Midday (10am-2pm),TRUE,FALSE,TRUE,FALSE,FALSE
P01481,U0452,Instagram,aisha.kowalski,45,151,519,1.96,2.1,65.0,Late Night (10pm-2am),FALSE,FALSE,TRUE,FALSE,FALSE
P01482,U0452,Snapchat,aishak379,63,168,168,3.09,3.4,21.0,Late Night (10pm-2am),TRUE,FALSE,TRUE,TRUE,TRUE
P01483,U0453,Instagram,itsviolet7,65,1301,581,1.44,2.8,93.4,Late Night (10pm-2am),TRUE,FALSE,TRUE,FALSE,TRUE
P01484,U0453,TikTok,itsvioleto,52,869,431,5.33,2.2,67.1,Late Night (10pm-2am),FALSE,FALSE,FALSE,FALSE,TRUE
P01485,U0453,Snapchat,violet_official,54,289,289,5.48,2.3,34.4,Late Night (10pm-2am),TRUE,FALSE,TRUE,FALSE,TRUE
P01486,U0454,Instagram,itslandon9,55,538,558,1.76,1.1,96.3,Evening (6-10pm),FALSE,FALSE,FALSE,FALSE,TRUE
P01487,U0454,TikTok,landon_2029,39,97,501,2.9,2.9,176.7,Midday (10am-2pm),FALSE,FALSE,TRUE,FALSE,TRUE
P01488,U0454,Snapchat,itslandon,75,149,149,2.97,1.2,39.3,Evening (6-10pm),TRUE,FALSE,FALSE,TRUE,FALSE
P01489,U0454,Facebook,landonw887,93,951,951,0.63,0.8,7.7,Morning (6-10am),TRUE,FALSE,TRUE,FALSE,TRUE
P01490,U0455,Instagram,sebastian.okafor,40,201,879,1.92,0.6,99.9,Midday (10am-2pm),FALSE,FALSE,TRUE,FALSE,TRUE
P01491,U0455,Snapchat,sebastiano135,88,828,828,3.04,0.6,18.2,Evening (6-10pm),TRUE,FALSE,TRUE,TRUE,TRUE
P01492,U0455,Facebook,sebastian.okafor18,35,840,840,2.0,0.5,11.0,Midday (10am-2pm),TRUE,FALSE,TRUE,FALSE,FALSE
P01493,U0456,Instagram,priya_official,90,433,219,3.02,2.7,85.6,Late Night (10pm-2am),FALSE,FALSE,TRUE,FALSE,TRUE
P01494,U0456,Snapchat,priya.hassan,85,245,245,3.61,7.2,68.5,Late Night (10pm-2am),FALSE,FALSE,TRUE,TRUE,TRUE
P01495,U0457,Instagram,charles_official,87,646,958,2.95,1.8,82.2,Morning (6-10am),FALSE,FALSE,TRUE,FALSE,FALSE
P01496,U0457,TikTok,itscharlesx,17,112,500,3.29,1.1,58.0,Morning (6-10am),FALSE,FALSE,TRUE,FALSE,FALSE
P01497,U0457,Snapchat,charles_2029,53,136,136,2.6,2.1,28.4,Morning (6-10am),TRUE,FALSE,TRUE,TRUE,FALSE
P01498,U0458,Instagram,amelia.silva72,83,91,514,2.37,0.4,36.2,Late Night (10pm-2am),FALSE,FALSE,FALSE,FALSE,TRUE
P01499,U0458,TikTok,amelias39,32,679,409,1.25,1.0,219.2,Late Night (10pm-2am),FALSE,FALSE,TRUE,FALSE,TRUE
P01500,U0459,Instagram,itsdanielo,62,709,257,1.66,0.4,23.3,Late Night (10pm-2am),TRUE,FALSE,FALSE,FALSE,TRUE
P01501,U0459,TikTok,daniel_x,37,616,576,1.66,0.7,129.2,Late Night (10pm-2am),FALSE,FALSE,FALSE,FALSE,TRUE
P01502,U0459,Snapchat,daniel.hall,89,272,272,3.0,0.5,16.0,Late Night (10pm-2am),FALSE,FALSE,FALSE,FALSE,TRUE
P01503,U0459,X (Twitter),daniel.hall,17,140,205,3.16,1.4,12.0,Late Night (10pm-2am),FALSE,FALSE,TRUE,FALSE,FALSE
P01504,U0460,Instagram,mia_x,54,473,472,3.8,4.3,163.6,Late Night (10pm-2am),TRUE,FALSE,TRUE,FALSE,FALSE
P01505,U0460,TikTok,mias423,64,168,845,5.5,0.6,74.8,Late Night (10pm-2am),FALSE,FALSE,FALSE,FALSE,TRUE
P01506,U0460,Snapchat,mias71,77,251,251,5.05,2.6,25.3,Late Night (10pm-2am),TRUE,FALSE,TRUE,TRUE,FALSE
P01507,U0461,Snapchat,ariaj145,49,191,191,4.11,3.3,29.2,Late Night (10pm-2am),TRUE,FALSE,TRUE,TRUE,TRUE
P01508,U0461,X (Twitter),aria_tv,30,1255,240,3.37,0.2,29.5,Late Night (10pm-2am),TRUE,FALSE,TRUE,FALSE,FALSE
P01509,U0461,Facebook,ariaj499,85,721,721,5.47,2.2,3.7,Late Night (10pm-2am),TRUE,FALSE,FALSE,FALSE,TRUE
P01510,U0462,Instagram,alondra_gram,83,2185,359,2.53,1.8,56.4,Late Night (10pm-2am),FALSE,FALSE,FALSE,FALSE,TRUE
P01511,U0462,TikTok,alondra_2027,19,442,320,5.56,4.3,108.6,Late Night (10pm-2am),FALSE,FALSE,TRUE,FALSE,TRUE
P01512,U0462,Facebook,alondrat416,63,946,946,1.68,3.2,11.4,Late Night (10pm-2am),FALSE,FALSE,FALSE,FALSE,TRUE
P01513,U0463,Instagram,itshannah9,55,519,915,2.43,1.6,55.9,Late Night (10pm-2am),FALSE,FALSE,TRUE,TRUE,TRUE
P01514,U0463,Snapchat,hannahb439,70,115,115,2.32,1.6,30.5,Late Night (10pm-2am),TRUE,FALSE,TRUE,FALSE,TRUE
P01515,U0464,Instagram,jonathan.hassan86,71,1461,457,1.76,3.7,53.4,Morning (6-10am),FALSE,FALSE,FALSE,FALSE,TRUE
P01516,U0464,TikTok,jonathan.hassan,44,609,1786,1.35,1.1,110.7,Midday (10am-2pm),FALSE,FALSE,TRUE,FALSE,FALSE
P01517,U0464,Snapchat,jonathanh269,84,406,406,3.73,0.2,46.3,Midday (10am-2pm),FALSE,FALSE,TRUE,TRUE,FALSE
P01518,U0464,X (Twitter),jonathan_gram,48,68,788,3.05,0.3,36.0,Morning (6-10am),TRUE,FALSE,TRUE,FALSE,FALSE
P01519,U0464,Facebook,jonathan.hassan,80,1015,1015,1.82,1.9,13.9,Morning (6-10am),TRUE,FALSE,FALSE,TRUE,TRUE
P01520,U0465,Instagram,itsisaiaho,50,1042,452,3.02,2.3,19.9,Evening (6-10pm),FALSE,FALSE,FALSE,FALSE,TRUE
P01521,U0465,TikTok,isaiah_2029,33,827,904,2.66,1.2,49.5,Morning (6-10am),FALSE,FALSE,TRUE,FALSE,TRUE
P01522,U0466,Instagram,itslilyx,63,598,231,1.67,3.0,15.2,Afternoon (2-6pm),TRUE,FALSE,TRUE,TRUE,TRUE
P01523,U0466,TikTok,lilym307,30,71,618,2.64,1.9,63.5,Midday (10am-2pm),FALSE,FALSE,FALSE,FALSE,TRUE
P01524,U0466,Snapchat,lilym477,21,426,426,4.85,2.4,51.5,Evening (6-10pm),FALSE,FALSE,FALSE,TRUE,FALSE
P01525,U0466,Facebook,lilym462,34,726,726,0.2,2.3,12.9,Midday (10am-2pm),TRUE,FALSE,FALSE,TRUE,FALSE
P01526,U0467,Instagram,tariq.hughes31,59,1160,340,1.46,3.0,24.6,Evening (6-10pm),TRUE,FALSE,TRUE,FALSE,TRUE
P01527,U0467,TikTok,itstariq2,50,33,615,2.43,2.2,68.6,Evening (6-10pm),FALSE,FALSE,TRUE,FALSE,TRUE
P01528,U0467,Snapchat,tariq_gram,54,227,227,0.87,0.8,23.0,Afternoon (2-6pm),FALSE,FALSE,FALSE,TRUE,FALSE
P01529,U0467,X (Twitter),tariqh485,30,1244,219,0.2,1.1,32.4,Evening (6-10pm),TRUE,FALSE,TRUE,FALSE,TRUE
P01530,U0467,Facebook,itstariqo,76,576,576,3.59,0.4,15.4,Midday (10am-2pm),FALSE,FALSE,TRUE,TRUE,TRUE
P01531,U0468,Instagram,wyattr64,65,905,336,2.26,4.1,19.7,Evening (6-10pm),FALSE,FALSE,FALSE,FALSE,FALSE
P01532,U0468,TikTok,itswyatt,62,2782,193,2.89,3.4,59.7,Afternoon (2-6pm),FALSE,FALSE,TRUE,FALSE,TRUE
P01533,U0469,Instagram,itsjohno,85,380,458,2.95,0.4,40.5,Midday (10am-2pm),TRUE,FALSE,TRUE,FALSE,TRUE
P01534,U0469,TikTok,john.wilson96,53,203,454,1.0,2.2,67.8,Morning (6-10am),FALSE,FALSE,FALSE,TRUE,TRUE
P01535,U0469,Snapchat,johnw166,56,213,213,2.12,2.2,25.5,Midday (10am-2pm),TRUE,FALSE,TRUE,FALSE,FALSE
P01536,U0469,X (Twitter),john_2030,51,71,295,4.38,2.0,18.8,Morning (6-10am),FALSE,FALSE,TRUE,FALSE,TRUE
P01537,U0469,Facebook,john_tv,51,613,613,3.7,1.6,3.5,Morning (6-10am),TRUE,FALSE,TRUE,FALSE,TRUE
P01538,U0470,Instagram,brooklyn_official,50,1273,242,3.1,3.0,34.8,Evening (6-10pm),FALSE,FALSE,FALSE,FALSE,TRUE
P01539,U0470,TikTok,itsbrooklyno,35,189,366,2.41,3.7,110.8,Afternoon (2-6pm),FALSE,FALSE,FALSE,TRUE,TRUE
P01540,U0470,Snapchat,brooklyn.myers,78,832,832,1.22,3.9,52.7,Evening (6-10pm),TRUE,FALSE,TRUE,TRUE,TRUE
P01541,U0470,X (Twitter),itsbrooklyn,47,88,255,3.15,1.6,31.9,Afternoon (2-6pm),TRUE,FALSE,TRUE,FALSE,TRUE
P01542,U0471,Instagram,benjamin_x,43,727,197,4.82,4.3,171.5,Evening (6-10pm),FALSE,FALSE,TRUE,FALSE,FALSE
P01543,U0471,Snapchat,itsbenjaminx,72,164,164,5.12,1.6,39.8,Evening (6-10pm),TRUE,FALSE,TRUE,TRUE,FALSE
P01544,U0471,X (Twitter),itsbenjamin1,27,110,312,4.82,3.1,15.9,Afternoon (2-6pm),FALSE,FALSE,FALSE,TRUE,FALSE
P01545,U0472,Instagram,thomasm633,51,141,705,4.07,1.2,57.5,Midday (10am-2pm),TRUE,FALSE,FALSE,FALSE,TRUE
P01546,U0472,TikTok,thomasm79,67,598,353,3.62,7.1,48.9,Midday (10am-2pm),FALSE,FALSE,TRUE,FALSE,TRUE
P01547,U0472,Snapchat,thomas.muller6,48,297,297,4.41,3.2,51.2,Afternoon (2-6pm),TRUE,FALSE,FALSE,TRUE,TRUE
P01548,U0473,Instagram,itsdestiny,98,1455,299,5.97,1.2,83.4,Afternoon (2-6pm),TRUE,FALSE,FALSE,FALSE,TRUE
P01549,U0473,TikTok,destinyd317,39,7152,403,1.1,1.0,128.3,Afternoon (2-6pm),FALSE,FALSE,TRUE,FALSE,FALSE
P01550,U0473,Snapchat,destiny.diaz,101,250,250,4.94,1.6,25.4,Midday (10am-2pm),TRUE,FALSE,FALSE,TRUE,TRUE
P01551,U0473,X (Twitter),destinyd762,34,72,65,5.21,3.2,13.2,Evening (6-10pm),FALSE,FALSE,TRUE,FALSE,TRUE
P01552,U0474,Instagram,harper_official,64,419,886,5.03,1.8,76.3,Evening (6-10pm),TRUE,FALSE,TRUE,FALSE,TRUE
P01553,U0474,TikTok,harpert108,72,145,536,4.85,0.7,41.0,Morning (6-10am),FALSE,FALSE,FALSE,FALSE,TRUE
P01554,U0474,Snapchat,itsharpero,59,650,650,3.69,1.3,26.0,Midday (10am-2pm),TRUE,FALSE,TRUE,FALSE,FALSE
P01555,U0475,Instagram,harperp348,25,807,399,2.44,0.9,38.8,Late Night (10pm-2am),TRUE,FALSE,TRUE,FALSE,TRUE
P01556,U0475,TikTok,harper.price,15,758,852,1.9,1.1,204.0,Late Night (10pm-2am),FALSE,FALSE,TRUE,TRUE,FALSE
P01557,U0475,Snapchat,harper_2024,110,805,805,1.79,1.5,61.0,Late Night (10pm-2am),TRUE,FALSE,TRUE,FALSE,TRUE
P01558,U0475,Facebook,harperp202,79,620,620,1.27,1.6,26.4,Late Night (10pm-2am),FALSE,FALSE,TRUE,FALSE,FALSE
P01559,U0476,Instagram,nolan.ali,71,694,523,1.17,3.2,69.8,Late Night (10pm-2am),FALSE,FALSE,FALSE,TRUE,TRUE
P01560,U0476,TikTok,nolan_2024,72,11,792,7.32,1.1,123.2,Late Night (10pm-2am),FALSE,FALSE,FALSE,FALSE,TRUE
P01561,U0476,Snapchat,nolan.ali5,66,396,396,0.46,0.8,14.5,Late Night (10pm-2am),TRUE,FALSE,FALSE,FALSE,FALSE
P01562,U0477,Instagram,isaace93,80,239,717,3.78,1.9,60.8,Evening (6-10pm),FALSE,FALSE,FALSE,FALSE,TRUE
P01563,U0477,TikTok,isaac.evans75,59,1562,983,2.52,3.3,101.7,Evening (6-10pm),FALSE,FALSE,TRUE,FALSE,FALSE
P01564,U0477,Facebook,isaace13,55,308,308,4.89,0.7,7.6,Morning (6-10am),TRUE,FALSE,FALSE,FALSE,FALSE
P01565,U0478,Instagram,scarlettw66,27,630,256,0.83,0.8,48.0,Afternoon (2-6pm),TRUE,FALSE,TRUE,FALSE,TRUE
P01566,U0478,TikTok,scarlett.williams65,43,502,151,2.4,2.5,190.7,Evening (6-10pm),TRUE,FALSE,TRUE,FALSE,TRUE
P01567,U0478,Facebook,scarlett.williams36,44,453,453,1.03,1.0,39.2,Evening (6-10pm),FALSE,FALSE,FALSE,FALSE,TRUE
P01568,U0479,Instagram,itsromano,68,754,1395,2.91,2.0,70.7,Midday (10am-2pm),TRUE,FALSE,FALSE,TRUE,TRUE
P01569,U0479,TikTok,roman_official,74,248,189,5.14,1.8,136.4,Evening (6-10pm),FALSE,FALSE,TRUE,TRUE,TRUE
P01570,U0479,Snapchat,itsroman,50,798,798,2.41,3.9,60.1,Evening (6-10pm),TRUE,FALSE,TRUE,TRUE,TRUE
P01571,U0480,Instagram,jaxonb138,18,454,210,2.72,2.0,33.4,Midday (10am-2pm),TRUE,FALSE,TRUE,FALSE,TRUE
P01572,U0480,TikTok,jaxon_tv,32,53,377,2.85,1.0,83.4,Evening (6-10pm),TRUE,FALSE,TRUE,FALSE,TRUE
P01573,U0480,Facebook,jaxonb729,45,267,267,4.08,0.4,11.9,Afternoon (2-6pm),TRUE,FALSE,TRUE,FALSE,TRUE
P01574,U0481,Instagram,eleanor.williams,46,758,262,5.3,1.4,55.2,Late Night (10pm-2am),FALSE,FALSE,TRUE,FALSE,FALSE
P01575,U0481,TikTok,eleanor_2027,35,577,392,4.48,3.1,72.5,Late Night (10pm-2am),FALSE,FALSE,FALSE,FALSE,FALSE
P01576,U0481,Snapchat,eleanor.williams13,84,302,302,3.68,4.6,22.3,Late Night (10pm-2am),TRUE,FALSE,TRUE,FALSE,TRUE
P01577,U0482,Instagram,victoriap558,64,169,323,2.8,2.1,50.7,Evening (6-10pm),TRUE,FALSE,TRUE,FALSE,FALSE
P01578,U0482,TikTok,victoriap315,43,284,336,3.03,1.2,86.2,Morning (6-10am),FALSE,FALSE,FALSE,FALSE,TRUE
P01579,U0482,Snapchat,victoriap877,77,316,316,3.47,1.4,33.0,Midday (10am-2pm),TRUE,FALSE,TRUE,FALSE,TRUE
P01580,U0482,X (Twitter),victoria.patel,24,43,241,3.68,1.7,41.2,Midday (10am-2pm),FALSE,FALSE,TRUE,TRUE,TRUE
P01581,U0482,Facebook,victoriap912,97,237,237,0.2,1.5,8.3,Evening (6-10pm),TRUE,FALSE,FALSE,FALSE,FALSE
P01582,U0483,Instagram,paisley_official,80,3491,450,2.18,3.7,55.8,Late Night (10pm-2am),FALSE,FALSE,TRUE,FALSE,TRUE
P01583,U0483,TikTok,itspaisley,44,216,207,2.85,1.2,64.2,Late Night (10pm-2am),FALSE,FALSE,TRUE,FALSE,FALSE
P01584,U0483,Snapchat,paisleyv13,83,374,374,4.42,5.1,64.3,Late Night (10pm-2am),TRUE,FALSE,TRUE,TRUE,TRUE
P01585,U0483,Facebook,itspaisley,93,737,737,2.7,1.6,8.3,Late Night (10pm-2am),TRUE,FALSE,TRUE,TRUE,TRUE
P01586,U0484,Instagram,elias.campbell,69,4419,244,0.85,1.4,34.9,Evening (6-10pm),FALSE,FALSE,TRUE,TRUE,TRUE
P01587,U0484,TikTok,elias.campbell29,43,5637,249,1.22,2.1,72.9,Afternoon (2-6pm),FALSE,FALSE,TRUE,FALSE,FALSE
P01588,U0484,Snapchat,eliasc23,89,665,665,3.44,2.0,28.6,Midday (10am-2pm),TRUE,FALSE,TRUE,FALSE,FALSE
P01589,U0485,Instagram,ella_x,62,834,494,2.07,2.1,66.1,Afternoon (2-6pm),TRUE,FALSE,TRUE,FALSE,FALSE
P01590,U0485,TikTok,ella_x,21,36,349,4.18,1.9,85.2,Afternoon (2-6pm),TRUE,FALSE,FALSE,FALSE,FALSE
P01591,U0485,Snapchat,ella.alvarez72,81,79,79,3.41,4.9,32.0,Midday (10am-2pm),TRUE,FALSE,FALSE,TRUE,TRUE
P01592,U0486,Instagram,victoria.anderson,49,2502,583,4.4,2.4,125.3,Afternoon (2-6pm),TRUE,FALSE,FALSE,TRUE,TRUE
P01593,U0486,TikTok,victoria.anderson10,48,518,1067,6.17,3.1,46.7,Evening (6-10pm),FALSE,FALSE,TRUE,FALSE,TRUE
P01594,U0486,Snapchat,victoriaa451,23,376,376,2.69,5.4,54.5,Evening (6-10pm),TRUE,FALSE,TRUE,FALSE,TRUE
P01595,U0487,TikTok,williamt320,74,187,192,3.35,3.6,186.2,Late Night (10pm-2am),FALSE,FALSE,TRUE,FALSE,TRUE
P01596,U0487,Snapchat,william.tanaka,98,172,172,5.04,5.1,45.5,Late Night (10pm-2am),TRUE,FALSE,TRUE,FALSE,TRUE
P01597,U0487,Facebook,william.tanaka,91,669,669,3.22,2.8,13.7,Late Night (10pm-2am),TRUE,FALSE,TRUE,TRUE,FALSE
P01598,U0488,Instagram,itsmalik,96,2373,375,3.49,1.8,116.6,Evening (6-10pm),TRUE,FALSE,TRUE,TRUE,TRUE
P01599,U0488,TikTok,malik_x,53,34,1303,3.21,1.7,46.8,Midday (10am-2pm),FALSE,FALSE,TRUE,TRUE,TRUE
P01600,U0488,Snapchat,itsmalik,91,308,308,0.98,1.7,36.5,Evening (6-10pm),TRUE,FALSE,FALSE,TRUE,TRUE
P01601,U0488,X (Twitter),itsmaliko,44,628,188,2.44,1.2,16.6,Evening (6-10pm),TRUE,FALSE,TRUE,FALSE,TRUE
P01602,U0489,Instagram,skylar.nguyen30,52,698,297,3.56,1.7,35.8,Evening (6-10pm),TRUE,FALSE,FALSE,TRUE,TRUE
P01603,U0489,X (Twitter),skylar_2025,34,22,428,3.9,2.4,20.6,Evening (6-10pm),TRUE,FALSE,TRUE,TRUE,FALSE
P01604,U0490,Instagram,christophers51,80,700,511,4.83,0.5,97.4,Evening (6-10pm),TRUE,FALSE,TRUE,FALSE,TRUE
P01605,U0490,TikTok,christopher_tv,48,124,513,2.39,1.1,94.1,Afternoon (2-6pm),FALSE,FALSE,FALSE,FALSE,FALSE
P01606,U0490,Snapchat,christophers540,29,221,221,3.03,0.6,38.4,Evening (6-10pm),TRUE,FALSE,FALSE,TRUE,TRUE
P01607,U0490,Facebook,itschristopherx,92,964,964,3.17,1.3,11.5,Midday (10am-2pm),FALSE,FALSE,TRUE,FALSE,FALSE
P01608,U0491,Instagram,theodore_official,45,379,1312,4.52,2.2,35.2,Evening (6-10pm),TRUE,FALSE,FALSE,FALSE,TRUE
P01609,U0491,TikTok,theodore.jackson39,39,926,893,4.66,1.7,82.3,Evening (6-10pm),TRUE,FALSE,FALSE,FALSE,TRUE
P01610,U0491,Snapchat,theodore_x,34,327,327,3.7,1.6,52.6,Evening (6-10pm),TRUE,FALSE,FALSE,TRUE,TRUE
P01611,U0491,X (Twitter),theodore.jackson97,20,21,180,7.06,4.3,24.9,Evening (6-10pm),FALSE,FALSE,TRUE,FALSE,TRUE
P01612,U0491,Facebook,theodorej926,100,510,510,4.18,2.1,17.5,Evening (6-10pm),FALSE,FALSE,TRUE,FALSE,TRUE
P01613,U0492,TikTok,laylac847,57,198,465,4.66,2.8,57.8,Midday (10am-2pm),FALSE,FALSE,TRUE,TRUE,FALSE
P01614,U0492,Snapchat,layla_tv,34,419,419,5.28,1.3,16.2,Midday (10am-2pm),TRUE,FALSE,TRUE,FALSE,FALSE
P01615,U0492,X (Twitter),layla.carter46,57,25,751,3.81,2.3,33.5,Evening (6-10pm),FALSE,FALSE,TRUE,FALSE,TRUE
P01616,U0493,Instagram,madelyn.oliveira,75,1330,641,2.22,1.6,51.8,Morning (6-10am),FALSE,FALSE,TRUE,TRUE,FALSE
P01617,U0493,Snapchat,itsmadelyn,79,850,850,2.25,2.0,26.3,Morning (6-10am),TRUE,FALSE,FALSE,TRUE,FALSE
P01618,U0493,X (Twitter),madelyno173,45,105,136,3.37,0.9,20.4,Morning (6-10am),TRUE,FALSE,TRUE,FALSE,TRUE
P01619,U0494,Instagram,itsimanix,23,474,340,3.57,0.7,128.6,Evening (6-10pm),TRUE,FALSE,TRUE,FALSE,FALSE
P01620,U0494,TikTok,imanic417,25,240,201,1.41,0.4,82.7,Afternoon (2-6pm),FALSE,FALSE,TRUE,FALSE,TRUE
P01621,U0494,Snapchat,itsimanio,92,695,695,3.12,0.5,92.0,Evening (6-10pm),TRUE,FALSE,TRUE,FALSE,TRUE
P01622,U0494,X (Twitter),imanic73,25,135,59,2.43,4.6,21.4,Evening (6-10pm),FALSE,FALSE,FALSE,TRUE,TRUE
P01623,U0494,Facebook,imani_tv,59,741,741,2.43,1.3,12.4,Evening (6-10pm),FALSE,FALSE,TRUE,TRUE,TRUE
P01624,U0495,Instagram,levi_x,22,1895,575,5.64,1.6,70.6,Morning (6-10am),FALSE,FALSE,FALSE,FALSE,TRUE
P01625,U0495,TikTok,itslevio,46,990,838,1.35,6.4,200.2,Midday (10am-2pm),TRUE,FALSE,TRUE,FALSE,TRUE
P01626,U0495,X (Twitter),levil560,72,63,204,6.18,1.6,15.2,Evening (6-10pm),FALSE,FALSE,TRUE,FALSE,TRUE
P01627,U0496,Instagram,itseaston,68,1632,432,2.48,1.6,68.2,Afternoon (2-6pm),FALSE,FALSE,TRUE,FALSE,TRUE
P01628,U0496,TikTok,easton_2027,55,157,343,2.76,2.9,52.9,Evening (6-10pm),FALSE,FALSE,FALSE,FALSE,TRUE
P01629,U0496,Snapchat,easton.sato,92,687,687,3.56,1.7,91.5,Midday (10am-2pm),TRUE,FALSE,TRUE,TRUE,TRUE
P01630,U0496,X (Twitter),easton_x,24,46,320,2.84,2.7,32.1,Evening (6-10pm),FALSE,FALSE,FALSE,FALSE,FALSE
P01631,U0497,Instagram,itseverlyx,64,1465,498,6.09,0.7,30.8,Late Night (10pm-2am),TRUE,FALSE,TRUE,TRUE,FALSE
P01632,U0497,Snapchat,everly.jones23,46,387,387,2.08,2.2,23.4,Late Night (10pm-2am),TRUE,FALSE,TRUE,FALSE,FALSE
P01633,U0498,Instagram,niaa266,53,102,625,3.99,0.5,56.6,Evening (6-10pm),FALSE,FALSE,TRUE,TRUE,TRUE
P01634,U0498,TikTok,niaa941,28,46,248,3.91,0.8,94.7,Midday (10am-2pm),FALSE,FALSE,TRUE,FALSE,TRUE
P01635,U0498,Snapchat,nia_tv,109,352,352,1.85,3.4,25.8,Midday (10am-2pm),TRUE,FALSE,TRUE,FALSE,TRUE
P01636,U0498,Facebook,itsnia6,56,952,952,1.05,1.0,5.4,Afternoon (2-6pm),FALSE,FALSE,TRUE,FALSE,TRUE
P01637,U0499,Instagram,sofia.morgan5,58,768,437,0.84,2.0,41.3,Evening (6-10pm),FALSE,FALSE,TRUE,FALSE,TRUE
P01638,U0499,TikTok,sofiam876,63,190,451,2.89,1.5,104.7,Afternoon (2-6pm),TRUE,FALSE,FALSE,FALSE,TRUE
P01639,U0500,Instagram,itskaio,53,3145,792,5.54,1.4,47.3,Afternoon (2-6pm),TRUE,FALSE,FALSE,FALSE,FALSE
P01640,U0500,TikTok,kai_official,29,366,1061,2.62,1.8,152.7,Midday (10am-2pm),FALSE,FALSE,FALSE,FALSE,FALSE
P01641,U0500,X (Twitter),kai_2027,37,226,285,2.48,1.5,21.8,Afternoon (2-6pm),FALSE,FALSE,TRUE,FALSE,TRUE
P01642,U0501,Instagram,nora.hughes21,79,6734,336,3.62,2.8,49.0,Afternoon (2-6pm),TRUE,FALSE,TRUE,TRUE,FALSE
P01643,U0501,TikTok,nora_2025,68,3489,542,3.06,3.1,63.2,Afternoon (2-6pm),FALSE,FALSE,TRUE,FALSE,FALSE
P01644,U0501,Snapchat,nora.hughes59,92,592,592,4.97,1.8,117.6,Evening (6-10pm),TRUE,FALSE,FALSE,TRUE,TRUE
P01645,U0501,X (Twitter),norah933,54,628,396,4.92,2.8,15.5,Afternoon (2-6pm),FALSE,FALSE,FALSE,FALSE,FALSE
P01646,U0502,Instagram,itsameliax,69,522,636,5.49,2.1,58.9,Late Night (10pm-2am),FALSE,FALSE,TRUE,FALSE,TRUE
P01647,U0502,Snapchat,amelial845,73,281,281,4.49,1.2,50.0,Late Night (10pm-2am),TRUE,FALSE,FALSE,FALSE,TRUE
P01648,U0502,X (Twitter),amelial174,30,16,43,5.01,4.9,18.6,Late Night (10pm-2am),FALSE,FALSE,TRUE,TRUE,TRUE
P01649,U0503,Instagram,jordan_x,76,900,632,0.2,0.4,78.8,Afternoon (2-6pm),TRUE,FALSE,TRUE,TRUE,FALSE
P01650,U0503,Snapchat,jordan.ortiz,39,210,210,1.57,0.2,49.5,Evening (6-10pm),TRUE,FALSE,FALSE,TRUE,FALSE
P01651,U0503,X (Twitter),jordano309,14,10,399,2.38,0.4,13.1,Evening (6-10pm),FALSE,FALSE,FALSE,FALSE,FALSE
P01652,U0504,Instagram,ezra.li66,48,2918,523,0.73,2.0,127.5,Late Night (10pm-2am),FALSE,FALSE,TRUE,FALSE,TRUE
P01653,U0504,TikTok,ezra.li,37,141,825,4.52,2.7,114.8,Late Night (10pm-2am),TRUE,FALSE,TRUE,FALSE,TRUE
P01654,U0504,Snapchat,ezra.li71,66,539,539,3.86,0.4,48.6,Late Night (10pm-2am),FALSE,FALSE,TRUE,TRUE,FALSE
P01655,U0505,Instagram,ximenao726,56,921,242,2.58,0.8,99.9,Evening (6-10pm),TRUE,FALSE,TRUE,FALSE,FALSE
P01656,U0505,TikTok,itsximenax,56,9849,1365,1.42,3.6,107.1,Morning (6-10am),FALSE,FALSE,TRUE,FALSE,TRUE
P01657,U0505,Snapchat,itsximenao,64,482,482,1.18,0.3,23.6,Evening (6-10pm),FALSE,FALSE,FALSE,FALSE,TRUE
P01658,U0505,X (Twitter),ximena_2028,48,66,542,3.3,1.7,13.1,Midday (10am-2pm),FALSE,FALSE,TRUE,FALSE,FALSE
P01659,U0506,Instagram,kai.richardson,36,541,663,3.05,1.5,42.4,Afternoon (2-6pm),FALSE,FALSE,FALSE,FALSE,TRUE
P01660,U0506,TikTok,kai.richardson,40,31,530,5.8,1.1,106.9,Evening (6-10pm),FALSE,FALSE,TRUE,FALSE,FALSE
P01661,U0506,Snapchat,kai_tv,78,605,605,4.53,2.5,27.7,Midday (10am-2pm),TRUE,FALSE,FALSE,FALSE,TRUE
P01662,U0507,Instagram,lincoln.morgan94,49,2198,502,1.27,4.1,187.6,Evening (6-10pm),TRUE,FALSE,TRUE,FALSE,TRUE
P01663,U0507,TikTok,itslincoln4,41,753,337,0.2,2.1,73.6,Morning (6-10am),TRUE,FALSE,TRUE,FALSE,TRUE
P01664,U0507,Snapchat,itslincoln3,36,482,482,1.41,1.8,41.8,Evening (6-10pm),TRUE,FALSE,FALSE,FALSE,FALSE
P01665,U0507,Facebook,lincoln.morgan68,85,1018,1018,2.84,2.4,22.7,Evening (6-10pm),TRUE,FALSE,TRUE,TRUE,FALSE
P01666,U0508,Instagram,itsavax,61,2971,467,0.97,2.5,91.8,Late Night (10pm-2am),FALSE,FALSE,TRUE,FALSE,FALSE
P01667,U0508,TikTok,avat836,44,371,534,4.09,1.2,74.2,Late Night (10pm-2am),FALSE,FALSE,TRUE,FALSE,TRUE
P01668,U0509,Instagram,itsalexandero,83,198,272,1.86,3.9,144.6,Evening (6-10pm),FALSE,FALSE,TRUE,FALSE,TRUE
P01669,U0509,Snapchat,alexander_2030,95,549,549,3.77,3.4,36.2,Evening (6-10pm),TRUE,FALSE,FALSE,FALSE,TRUE
P01670,U0509,Facebook,alexander.chavez,75,273,273,5.52,1.5,8.4,Afternoon (2-6pm),TRUE,FALSE,FALSE,FALSE,TRUE
P01671,U0510,Instagram,alondra.peterson,23,242,955,0.49,0.6,99.1,Afternoon (2-6pm),TRUE,FALSE,TRUE,FALSE,TRUE
P01672,U0510,TikTok,alondra.peterson54,75,199,1212,2.7,0.6,102.1,Afternoon (2-6pm),TRUE,FALSE,TRUE,FALSE,FALSE
P01673,U0510,X (Twitter),alondra.peterson34,39,80,347,3.41,0.8,17.4,Evening (6-10pm),FALSE,FALSE,FALSE,FALSE,TRUE
P01674,U0510,Facebook,alondra_x,71,720,720,0.2,2.3,6.2,Evening (6-10pm),FALSE,FALSE,FALSE,FALSE,TRUE
P01675,U0511,Instagram,ashers999,66,2338,491,3.42,0.6,94.4,Afternoon (2-6pm),FALSE,FALSE,TRUE,TRUE,TRUE
P01676,U0511,TikTok,asher.schmidt,75,4262,574,2.35,0.4,45.8,Evening (6-10pm),FALSE,FALSE,TRUE,TRUE,TRUE
P01677,U0511,Snapchat,asher_official,95,639,639,3.58,2.9,49.2,Afternoon (2-6pm),TRUE,FALSE,TRUE,FALSE,TRUE
P01678,U0511,X (Twitter),ashers976,20,672,168,3.32,3.8,41.4,Afternoon (2-6pm),TRUE,FALSE,FALSE,FALSE,FALSE
P01679,U0512,Instagram,kinsleyp662,88,4679,802,1.35,3.0,70.7,Late Night (10pm-2am),FALSE,FALSE,FALSE,FALSE,TRUE
P01680,U0512,TikTok,itskinsleyx,56,359,721,3.25,1.5,126.3,Late Night (10pm-2am),TRUE,FALSE,TRUE,FALSE,TRUE
P01681,U0512,Snapchat,kinsleyp357,80,545,545,2.21,0.7,65.4,Late Night (10pm-2am),TRUE,FALSE,FALSE,TRUE,TRUE
P01682,U0513,Instagram,ananya_tv,26,1018,490,3.52,1.5,113.2,Late Night (10pm-2am),FALSE,FALSE,TRUE,TRUE,TRUE
P01683,U0513,TikTok,itsananya1,30,202,1250,4.01,4.7,85.6,Late Night (10pm-2am),TRUE,FALSE,TRUE,FALSE,TRUE
P01684,U0513,X (Twitter),itsananya8,24,40,41,4.3,4.1,13.3,Late Night (10pm-2am),FALSE,FALSE,FALSE,FALSE,TRUE
P01685,U0513,Facebook,ananyaw664,66,544,544,6.65,5.4,12.2,Late Night (10pm-2am),TRUE,FALSE,TRUE,TRUE,TRUE
P01686,U0514,Instagram,itsaiden,55,257,740,2.73,1.6,90.1,Midday (10am-2pm),TRUE,FALSE,FALSE,FALSE,FALSE
P01687,U0514,Snapchat,aiden.tanaka30,79,223,223,3.08,1.7,22.9,Evening (6-10pm),TRUE,FALSE,TRUE,TRUE,FALSE
P01688,U0515,Instagram,tariq.reed,35,1289,163,4.24,2.5,60.4,Morning (6-10am),TRUE,FALSE,TRUE,TRUE,TRUE
P01689,U0515,TikTok,itstariqx,45,2355,696,2.27,5.5,290,Morning (6-10am),FALSE,FALSE,TRUE,FALSE,TRUE
P01690,U0515,Snapchat,tariq_official,47,924,924,3.08,1.7,51.0,Midday (10am-2pm),TRUE,FALSE,TRUE,TRUE,TRUE
P01691,U0516,Instagram,elizabeth.ross,72,5639,290,1.66,1.8,60.5,Morning (6-10am),FALSE,FALSE,TRUE,FALSE,TRUE
P01692,U0516,TikTok,elizabethr176,48,134,259,6.26,1.5,25.1,Morning (6-10am),FALSE,FALSE,TRUE,TRUE,TRUE
P01693,U0516,Snapchat,elizabeth.ross73,95,145,145,4.58,4.6,94.1,Midday (10am-2pm),FALSE,FALSE,FALSE,TRUE,TRUE
P01694,U0517,Instagram,itschloeo,55,278,366,3.98,4.0,52.3,Late Night (10pm-2am),FALSE,FALSE,TRUE,FALSE,FALSE
P01695,U0517,TikTok,itschloex,24,5224,927,2.83,3.3,124.2,Late Night (10pm-2am),TRUE,FALSE,TRUE,FALSE,TRUE
P01696,U0517,Facebook,chloel518,90,568,568,3.79,2.4,13.9,Late Night (10pm-2am),FALSE,FALSE,FALSE,FALSE,FALSE
P01697,U0518,Instagram,diegoc776,64,6024,567,0.21,2.4,83.7,Late Night (10pm-2am),TRUE,FALSE,FALSE,FALSE,TRUE
P01698,U0518,TikTok,diego_official,68,79,679,2.97,1.9,74.7,Late Night (10pm-2am),TRUE,FALSE,TRUE,TRUE,FALSE
P01699,U0519,Instagram,abigail.flores56,28,318,175,4.86,4.8,16.1,Midday (10am-2pm),FALSE,FALSE,TRUE,FALSE,TRUE
P01700,U0519,TikTok,itsabigail,65,622,312,3.62,2.5,125.8,Evening (6-10pm),FALSE,FALSE,FALSE,FALSE,FALSE
P01701,U0519,X (Twitter),abigailf442,15,310,419,3.72,2.2,15.2,Afternoon (2-6pm),TRUE,FALSE,TRUE,FALSE,TRUE
P01702,U0519,Facebook,abigail.flores,84,254,254,5.97,2.2,5.5,Evening (6-10pm),TRUE,FALSE,TRUE,FALSE,FALSE
P01703,U0520,Instagram,sarahs140,72,1000,437,4.25,2.8,26.0,Late Night (10pm-2am),FALSE,FALSE,FALSE,FALSE,FALSE
P01704,U0521,Instagram,itsisaaco,83,1283,133,3.96,2.8,73.4,Late Night (10pm-2am),FALSE,FALSE,TRUE,FALSE,TRUE
P01705,U0521,TikTok,isaacw947,17,2872,1089,4.4,1.3,81.5,Late Night (10pm-2am),FALSE,FALSE,TRUE,TRUE,TRUE
P01706,U0522,Instagram,zoek524,62,361,354,1.93,2.8,49.1,Morning (6-10am),FALSE,FALSE,FALSE,FALSE,FALSE
P01707,U0522,Snapchat,zoek733,58,223,223,2.97,0.3,27.4,Midday (10am-2pm),TRUE,FALSE,FALSE,TRUE,TRUE
P01708,U0523,TikTok,ella.li,58,217,2266,6.06,2.9,77.4,Midday (10am-2pm),TRUE,FALSE,FALSE,FALSE,TRUE
P01709,U0523,Facebook,ella.li,23,824,824,2.66,4.5,9.1,Midday (10am-2pm),TRUE,FALSE,FALSE,FALSE,TRUE
P01710,U0524,Instagram,itsstellao,78,736,428,3.09,1.7,27.5,Afternoon (2-6pm),FALSE,FALSE,FALSE,FALSE,FALSE
P01711,U0524,TikTok,stella.wilson22,23,133,163,3.36,1.2,101.2,Afternoon (2-6pm),TRUE,FALSE,TRUE,FALSE,FALSE
P01712,U0524,Snapchat,stellaw933,109,607,607,3.42,0.8,31.1,Afternoon (2-6pm),TRUE,FALSE,TRUE,TRUE,TRUE
P01713,U0524,X (Twitter),stellaw950,69,13,895,5.2,1.3,20.5,Evening (6-10pm),FALSE,FALSE,TRUE,TRUE,TRUE
P01714,U0525,Instagram,itseleanor8,71,577,145,3.48,2.6,109.1,Evening (6-10pm),FALSE,FALSE,TRUE,FALSE,TRUE
P01715,U0525,TikTok,itseleanorx,43,62,1030,2.93,1.4,59.3,Evening (6-10pm),FALSE,FALSE,TRUE,FALSE,TRUE
P01716,U0525,Snapchat,eleanor_x,38,193,193,4.14,1.6,32.4,Afternoon (2-6pm),TRUE,FALSE,TRUE,FALSE,TRUE
P01717,U0525,X (Twitter),eleanor_tv,73,70,443,3.47,1.5,18.5,Evening (6-10pm),FALSE,FALSE,FALSE,TRUE,TRUE
P01718,U0526,Instagram,itsphoenix3,89,912,762,0.2,0.8,52.7,Evening (6-10pm),FALSE,FALSE,FALSE,TRUE,FALSE
P01719,U0526,TikTok,phoenix.wang92,35,199,455,3.1,3.5,99.7,Afternoon (2-6pm),TRUE,FALSE,TRUE,FALSE,FALSE
P01720,U0526,Snapchat,phoenixw130,76,368,368,1.52,2.2,71.9,Afternoon (2-6pm),TRUE,FALSE,TRUE,TRUE,FALSE
P01721,U0527,Instagram,zoea139,59,529,367,2.98,2.3,101.8,Late Night (10pm-2am),FALSE,FALSE,TRUE,FALSE,TRUE
P01722,U0527,TikTok,itszoe,42,1113,601,2.55,3.3,93.1,Late Night (10pm-2am),FALSE,FALSE,TRUE,FALSE,TRUE
P01723,U0527,Snapchat,zoe_2025,96,510,510,6.07,1.3,46.7,Late Night (10pm-2am),TRUE,FALSE,FALSE,TRUE,TRUE
P01724,U0527,X (Twitter),zoe_2029,38,265,436,3.56,1.9,22.1,Late Night (10pm-2am),FALSE,FALSE,FALSE,FALSE,TRUE
P01725,U0527,Facebook,zoea464,98,1038,1038,2.63,3.1,5.1,Late Night (10pm-2am),FALSE,FALSE,TRUE,FALSE,TRUE
P01726,U0528,Instagram,dakotaw411,64,699,1031,3.26,2.5,62.7,Evening (6-10pm),FALSE,FALSE,FALSE,TRUE,TRUE
P01727,U0528,Snapchat,dakota.wilson85,102,282,282,1.99,2.6,36.0,Midday (10am-2pm),TRUE,FALSE,TRUE,FALSE,TRUE
P01728,U0528,X (Twitter),dakota_official,91,2,185,2.63,0.3,27.9,Evening (6-10pm),TRUE,FALSE,TRUE,FALSE,TRUE
P01729,U0529,Instagram,emilyh358,44,370,249,6.15,2.6,59.7,Midday (10am-2pm),FALSE,FALSE,TRUE,TRUE,FALSE
P01730,U0529,TikTok,emily_2024,40,622,491,2.35,1.6,97.6,Midday (10am-2pm),FALSE,FALSE,TRUE,FALSE,TRUE
P01731,U0530,Instagram,itsarjuno,61,1607,377,1.3,3.3,102.9,Midday (10am-2pm),FALSE,FALSE,FALSE,FALSE,TRUE
P01732,U0530,TikTok,arjun.martin,43,440,1251,3.52,0.7,95.4,Midday (10am-2pm),FALSE,FALSE,TRUE,FALSE,FALSE
P01733,U0530,Facebook,arjun.martin,88,1045,1045,4.24,3.3,6.7,Evening (6-10pm),FALSE,FALSE,TRUE,TRUE,FALSE
P01734,U0531,Instagram,itssavannahx,32,559,240,5.45,0.6,98.5,Late Night (10pm-2am),FALSE,FALSE,FALSE,FALSE,TRUE
P01735,U0531,Snapchat,savannah.virtanen12,56,297,297,3.55,4.2,27.9,Late Night (10pm-2am),TRUE,FALSE,TRUE,FALSE,TRUE
P01736,U0532,Instagram,weig199,60,278,594,3.46,1.5,42.4,Midday (10am-2pm),FALSE,FALSE,TRUE,FALSE,TRUE
P01737,U0532,TikTok,wei_official,80,43,764,4.8,1.4,58.7,Evening (6-10pm),FALSE,FALSE,FALSE,FALSE,TRUE
P01738,U0532,Snapchat,weig718,70,337,337,2.35,1.1,17.0,Evening (6-10pm),TRUE,FALSE,FALSE,TRUE,FALSE
P01739,U0533,TikTok,emilia.king,44,107,743,5.35,3.5,174.7,Evening (6-10pm),FALSE,FALSE,FALSE,FALSE,TRUE
P01740,U0533,Snapchat,emilia_gram,48,162,162,4.17,4.2,40.4,Evening (6-10pm),TRUE,FALSE,TRUE,TRUE,TRUE
P01741,U0534,Instagram,itslilyo,68,719,459,2.81,1.2,51.7,Evening (6-10pm),FALSE,FALSE,FALSE,FALSE,TRUE
P01742,U0534,TikTok,lilyr569,48,217,551,3.33,0.6,30.6,Afternoon (2-6pm),FALSE,FALSE,TRUE,FALSE,TRUE
P01743,U0534,X (Twitter),lilyr985,60,13,293,3.62,2.2,15.3,Evening (6-10pm),FALSE,FALSE,TRUE,FALSE,TRUE
P01744,U0535,Instagram,ameliab559,76,917,647,3.06,2.3,37.8,Afternoon (2-6pm),FALSE,FALSE,TRUE,FALSE,TRUE
P01745,U0535,TikTok,ameliab924,25,277,1150,3.77,3.6,93.3,Afternoon (2-6pm),FALSE,FALSE,TRUE,TRUE,TRUE
P01746,U0536,Instagram,itsjosepho,44,164,659,3.28,1.7,45.0,Midday (10am-2pm),FALSE,FALSE,TRUE,TRUE,TRUE
P01747,U0536,TikTok,itsjoseph1,60,962,366,2.26,0.6,111.2,Evening (6-10pm),FALSE,FALSE,FALSE,FALSE,FALSE
P01748,U0536,Snapchat,itsjoseph4,103,229,229,4.44,0.9,38.2,Midday (10am-2pm),TRUE,FALSE,FALSE,FALSE,TRUE
P01749,U0537,Instagram,riley.wang,35,2347,288,3.79,3.2,60.9,Evening (6-10pm),TRUE,FALSE,FALSE,FALSE,TRUE
P01750,U0537,TikTok,riley.wang,37,1163,520,5.92,3.4,61.2,Midday (10am-2pm),FALSE,FALSE,TRUE,TRUE,TRUE
P01751,U0537,Snapchat,rileyw330,87,693,693,6.14,2.9,52.9,Evening (6-10pm),TRUE,FALSE,TRUE,TRUE,TRUE
P01752,U0537,X (Twitter),riley_gram,27,500,208,5.2,3.1,34.4,Afternoon (2-6pm),FALSE,FALSE,TRUE,FALSE,TRUE
P01753,U0537,Facebook,riley.wang80,71,788,788,0.91,2.5,11.0,Midday (10am-2pm),FALSE,FALSE,TRUE,FALSE,FALSE
P01754,U0538,Instagram,itscoopero,66,462,691,2.96,1.0,79.0,Evening (6-10pm),FALSE,FALSE,TRUE,FALSE,TRUE
P01755,U0538,TikTok,cooper_gram,73,226,520,4.96,1.5,118.2,Afternoon (2-6pm),FALSE,FALSE,TRUE,FALSE,FALSE
P01756,U0538,Snapchat,cooper_official,89,653,653,1.01,6.8,40.6,Afternoon (2-6pm),TRUE,FALSE,FALSE,TRUE,TRUE
P01757,U0539,Instagram,finleyr43,34,1289,915,4.19,0.8,49.2,Midday (10am-2pm),TRUE,FALSE,TRUE,TRUE,TRUE
P01758,U0539,TikTok,finley.roberts,52,1668,966,1.68,1.3,42.0,Evening (6-10pm),TRUE,FALSE,TRUE,FALSE,FALSE
P01759,U0539,Snapchat,itsfinley8,41,325,325,3.28,1.2,24.6,Evening (6-10pm),TRUE,FALSE,TRUE,TRUE,FALSE
P01760,U0539,X (Twitter),finley.roberts,26,23,215,3.56,1.3,16.3,Evening (6-10pm),FALSE,FALSE,TRUE,FALSE,TRUE
P01761,U0540,Instagram,rileyk834,44,1556,173,2.61,1.3,203.5,Afternoon (2-6pm),FALSE,FALSE,TRUE,TRUE,TRUE
P01762,U0540,TikTok,itsriley,65,293,541,2.06,1.4,104.0,Evening (6-10pm),FALSE,FALSE,TRUE,FALSE,TRUE
P01763,U0540,Snapchat,rileyk536,65,832,832,2.93,2.2,32.0,Midday (10am-2pm),TRUE,FALSE,FALSE,TRUE,TRUE
P01764,U0540,X (Twitter),riley.kim,52,82,61,3.59,5.5,21.1,Evening (6-10pm),FALSE,FALSE,FALSE,FALSE,TRUE
P01765,U0541,Instagram,itsdarius,27,1108,417,3.57,0.9,26.4,Midday (10am-2pm),FALSE,FALSE,TRUE,FALSE,TRUE
P01766,U0541,TikTok,itsdarius,23,191,374,1.8,0.7,72.3,Midday (10am-2pm),FALSE,FALSE,TRUE,FALSE,TRUE
P01767,U0541,X (Twitter),darius_x,50,140,263,3.12,0.5,24.1,Evening (6-10pm),TRUE,FALSE,FALSE,FALSE,FALSE
P01768,U0542,Instagram,cameron.oliveira58,91,474,758,1.86,0.7,135.7,Late Night (10pm-2am),TRUE,FALSE,FALSE,FALSE,TRUE
P01769,U0542,TikTok,cameron_tv,18,434,881,1.65,2.3,109.0,Late Night (10pm-2am),TRUE,FALSE,TRUE,FALSE,TRUE
P01770,U0542,Snapchat,cameron_x,77,229,229,2.53,1.3,49.7,Late Night (10pm-2am),TRUE,FALSE,TRUE,TRUE,TRUE
P01771,U0543,Instagram,itsezekiel,85,2232,297,2.05,1.5,53.6,Midday (10am-2pm),FALSE,FALSE,TRUE,FALSE,TRUE
P01772,U0543,TikTok,ezekiel_gram,24,966,1251,3.22,1.4,101.6,Midday (10am-2pm),FALSE,FALSE,TRUE,FALSE,TRUE
P01773,U0543,Snapchat,ezekiel.phillips,44,244,244,2.08,1.3,30.8,Midday (10am-2pm),TRUE,FALSE,FALSE,TRUE,TRUE
P01774,U0543,X (Twitter),ezekielp689,48,15,647,7.12,2.0,32.3,Evening (6-10pm),FALSE,FALSE,TRUE,FALSE,TRUE
P01775,U0543,Facebook,itsezekiel,107,754,754,3.93,2.6,12.0,Midday (10am-2pm),FALSE,FALSE,FALSE,FALSE,FALSE
P01776,U0544,Instagram,ellie.ramirez65,59,187,269,1.35,4.3,67.1,Midday (10am-2pm),TRUE,FALSE,TRUE,FALSE,TRUE
P01777,U0544,TikTok,ellie.ramirez50,34,156,693,2.58,0.2,36.9,Morning (6-10am),TRUE,FALSE,TRUE,TRUE,FALSE
P01778,U0544,Snapchat,ellie.ramirez98,84,429,429,2.29,0.6,23.9,Morning (6-10am),TRUE,FALSE,TRUE,FALSE,FALSE
P01779,U0544,Facebook,ellie.ramirez92,74,446,446,3.4,1.1,6.6,Evening (6-10pm),TRUE,FALSE,FALSE,FALSE,FALSE
P01780,U0545,Instagram,itsezekielx,44,2198,446,0.45,1.9,93.3,Midday (10am-2pm),FALSE,FALSE,TRUE,TRUE,TRUE
P01781,U0545,TikTok,ezekiell473,44,637,548,3.73,1.7,115.5,Evening (6-10pm),TRUE,FALSE,TRUE,FALSE,FALSE
P01782,U0545,Snapchat,itsezekielx,78,206,206,4.2,1.7,27.4,Evening (6-10pm),TRUE,FALSE,FALSE,FALSE,TRUE
P01783,U0545,Facebook,ezekiell670,86,864,864,2.24,3.1,12.4,Afternoon (2-6pm),FALSE,FALSE,TRUE,TRUE,FALSE
P01784,U0546,Instagram,finley.lindberg,83,254,705,2.56,2.1,47.7,Evening (6-10pm),TRUE,FALSE,TRUE,TRUE,TRUE
P01785,U0546,TikTok,itsfinleyx,23,41,309,2.27,3.8,106.8,Morning (6-10am),FALSE,FALSE,FALSE,FALSE,TRUE
P01786,U0546,Snapchat,finleyl918,87,575,575,2.23,1.5,33.5,Morning (6-10am),FALSE,FALSE,TRUE,FALSE,TRUE
P01787,U0546,X (Twitter),finley_gram,41,66,345,4.61,2.6,21.9,Midday (10am-2pm),FALSE,FALSE,TRUE,FALSE,TRUE
P01788,U0547,Instagram,nia.price75,40,167,248,2.49,1.3,27.5,Morning (6-10am),TRUE,FALSE,FALSE,FALSE,FALSE
P01789,U0547,TikTok,nia.price,37,10,331,5.57,2.1,131.3,Morning (6-10am),FALSE,FALSE,FALSE,FALSE,TRUE
P01790,U0547,Snapchat,niap16,58,211,211,5.01,2.3,26.2,Evening (6-10pm),FALSE,FALSE,FALSE,TRUE,FALSE
P01791,U0547,Facebook,niap821,83,121,121,4.57,0.3,12.3,Midday (10am-2pm),TRUE,FALSE,TRUE,FALSE,TRUE
P01792,U0548,Instagram,maverick_gram,95,1225,199,0.64,1.7,39.5,Evening (6-10pm),FALSE,FALSE,TRUE,FALSE,FALSE
P01793,U0548,TikTok,maverickp520,12,390,764,2.38,1.9,18.6,Morning (6-10am),FALSE,FALSE,FALSE,FALSE,TRUE
P01794,U0548,Snapchat,maverickp155,70,681,681,3.28,0.7,37.5,Morning (6-10am),TRUE,FALSE,TRUE,TRUE,FALSE
P01795,U0549,Instagram,olivia_official,44,1501,477,3.16,0.9,52.3,Evening (6-10pm),FALSE,FALSE,FALSE,TRUE,TRUE
P01796,U0549,TikTok,olivia_2024,39,102,190,3.88,1.8,99.6,Morning (6-10am),FALSE,FALSE,TRUE,FALSE,TRUE
P01797,U0549,Snapchat,oliviao914,78,544,544,3.28,3.0,18.7,Morning (6-10am),TRUE,FALSE,FALSE,FALSE,TRUE
P01798,U0550,Instagram,camila_tv,60,1398,927,2.11,2.0,43.6,Late Night (10pm-2am),TRUE,FALSE,TRUE,FALSE,FALSE
P01799,U0550,Snapchat,camilay644,66,767,767,4.04,3.3,34.1,Late Night (10pm-2am),TRUE,FALSE,TRUE,FALSE,FALSE
P01800,U0550,X (Twitter),camilay380,68,469,317,3.71,0.8,22.5,Late Night (10pm-2am),FALSE,FALSE,FALSE,FALSE,TRUE
P01801,U0551,TikTok,rileyl466,52,751,298,4.94,3.0,63.7,Evening (6-10pm),FALSE,FALSE,TRUE,FALSE,FALSE
P01802,U0551,Snapchat,rileyl306,73,243,243,3.02,2.0,39.6,Evening (6-10pm),TRUE,FALSE,FALSE,FALSE,TRUE
P01803,U0551,X (Twitter),riley.lee,60,162,330,2.97,2.3,22.3,Evening (6-10pm),FALSE,FALSE,TRUE,FALSE,TRUE
P01804,U0552,Instagram,naomi.hill78,103,6818,285,3.31,0.7,106.9,Midday (10am-2pm),FALSE,FALSE,TRUE,FALSE,TRUE
P01805,U0552,Snapchat,itsnaomi4,46,391,391,2.17,4.4,63.6,Midday (10am-2pm),TRUE,FALSE,FALSE,FALSE,TRUE
P01806,U0553,Instagram,camilal781,47,2244,558,3.08,2.9,47.6,Afternoon (2-6pm),FALSE,FALSE,FALSE,FALSE,TRUE
P01807,U0553,TikTok,camila.long78,53,1299,295,4.11,2.8,29.1,Afternoon (2-6pm),FALSE,FALSE,TRUE,FALSE,FALSE
P01808,U0553,Snapchat,camila.long64,91,516,516,3.65,3.8,110.0,Evening (6-10pm),TRUE,FALSE,TRUE,TRUE,TRUE
P01809,U0554,Instagram,lucat172,89,594,716,3.39,1.6,74.9,Late Night (10pm-2am),FALSE,FALSE,FALSE,FALSE,TRUE
P01810,U0554,TikTok,itsluca3,51,86,1170,4.36,3.2,36.9,Late Night (10pm-2am),FALSE,FALSE,TRUE,FALSE,FALSE
P01811,U0554,Snapchat,lucat65,78,366,366,2.32,1.6,57.5,Late Night (10pm-2am),TRUE,FALSE,TRUE,TRUE,FALSE
P01812,U0554,Facebook,luca.thompson32,88,611,611,2.06,1.6,7.9,Late Night (10pm-2am),TRUE,FALSE,FALSE,TRUE,TRUE
P01813,U0555,Instagram,lucy.kim,76,881,433,3.61,4.1,46.7,Late Night (10pm-2am),TRUE,FALSE,FALSE,FALSE,TRUE
P01814,U0555,TikTok,lucyk641,45,111,219,4.78,1.6,189.4,Late Night (10pm-2am),FALSE,FALSE,FALSE,FALSE,TRUE
P01815,U0555,Snapchat,itslucyx,51,276,276,2.82,1.5,68.6,Late Night (10pm-2am),FALSE,FALSE,TRUE,FALSE,TRUE
P01816,U0556,Instagram,jeremiah.roberts,59,1216,497,3.15,6.0,52.3,Afternoon (2-6pm),TRUE,FALSE,TRUE,FALSE,FALSE
P01817,U0556,TikTok,jeremiahr717,15,382,1032,2.44,1.0,109.6,Evening (6-10pm),FALSE,FALSE,FALSE,FALSE,FALSE
P01818,U0556,Snapchat,jeremiahr402,80,555,555,3.53,4.9,32.1,Evening (6-10pm),TRUE,FALSE,FALSE,FALSE,TRUE
P01819,U0557,Instagram,aisha_official,54,987,914,4.04,2.5,83.5,Evening (6-10pm),FALSE,FALSE,TRUE,FALSE,FALSE
P01820,U0557,TikTok,aishas260,12,42,523,4.08,2.4,128.1,Evening (6-10pm),FALSE,FALSE,TRUE,FALSE,TRUE
P01821,U0557,X (Twitter),aisha.sato,55,12,328,5.84,1.9,17.2,Midday (10am-2pm),FALSE,FALSE,TRUE,FALSE,FALSE
P01822,U0558,Instagram,alondra.rossi,73,580,605,1.73,1.6,130.8,Late Night (10pm-2am),TRUE,FALSE,FALSE,FALSE,FALSE
P01823,U0558,TikTok,itsalondrax,33,112,380,4.92,1.3,49.5,Late Night (10pm-2am),FALSE,FALSE,TRUE,FALSE,FALSE
P01824,U0558,Snapchat,alondra.rossi36,104,488,488,2.32,2.1,65.4,Late Night (10pm-2am),TRUE,FALSE,TRUE,FALSE,FALSE
P01825,U0558,X (Twitter),alondrar335,12,20,90,5.47,2.8,20.7,Late Night (10pm-2am),FALSE,FALSE,TRUE,FALSE,TRUE
P01826,U0558,Facebook,alondrar365,101,139,139,3.02,0.7,11.7,Late Night (10pm-2am),FALSE,FALSE,FALSE,FALSE,TRUE
P01827,U0559,Instagram,amelia.howard58,38,380,220,3.1,1.4,30.8,Midday (10am-2pm),FALSE,FALSE,FALSE,FALSE,TRUE
P01828,U0559,Snapchat,amelia.howard95,74,190,190,3.71,0.7,53.9,Morning (6-10am),TRUE,FALSE,TRUE,TRUE,TRUE
P01829,U0559,X (Twitter),amelia.howard,77,94,266,3.48,1.1,19.2,Morning (6-10am),FALSE,FALSE,FALSE,FALSE,FALSE
P01830,U0559,Facebook,amelia.howard57,92,567,567,0.45,1.5,17.8,Morning (6-10am),TRUE,FALSE,TRUE,FALSE,TRUE
P01831,U0560,Instagram,madelyn.green56,54,259,211,2.94,2.4,69.1,Late Night (10pm-2am),FALSE,FALSE,TRUE,FALSE,TRUE
P01832,U0560,TikTok,madelyng543,21,146,520,2.71,1.2,72.2,Late Night (10pm-2am),FALSE,FALSE,FALSE,FALSE,TRUE
P01833,U0560,X (Twitter),madelyng83,67,33,677,3.47,2.3,30.0,Late Night (10pm-2am),FALSE,FALSE,TRUE,FALSE,FALSE
P01834,U0560,Facebook,madelyn_tv,42,816,816,2.82,1.5,30.3,Late Night (10pm-2am),TRUE,FALSE,FALSE,FALSE,FALSE
P01835,U0561,Instagram,destinyb428,47,883,503,1.0,1.9,78.5,Evening (6-10pm),TRUE,FALSE,FALSE,TRUE,TRUE
P01836,U0561,Snapchat,destinyb335,52,142,142,3.08,0.6,23.2,Afternoon (2-6pm),FALSE,FALSE,FALSE,TRUE,TRUE
P01837,U0561,Facebook,destiny.becker,72,980,980,1.18,2.4,9.8,Evening (6-10pm),FALSE,FALSE,TRUE,FALSE,TRUE
P01838,U0562,Instagram,nathand388,72,2612,243,4.48,1.5,36.5,Midday (10am-2pm),FALSE,FALSE,TRUE,TRUE,TRUE
P01839,U0562,TikTok,nathan.diaz,76,41,449,6.54,3.2,96.5,Morning (6-10am),TRUE,FALSE,FALSE,TRUE,FALSE
P01840,U0563,Instagram,ella.green86,100,998,350,3.97,1.8,143.2,Morning (6-10am),FALSE,FALSE,FALSE,FALSE,TRUE
P01841,U0563,TikTok,ella_official,42,501,607,2.62,4.0,104.1,Morning (6-10am),FALSE,FALSE,FALSE,FALSE,TRUE
P01842,U0563,Snapchat,ellag870,79,343,343,0.2,1.5,51.2,Midday (10am-2pm),TRUE,FALSE,TRUE,TRUE,TRUE
P01843,U0564,TikTok,stella.sato,40,932,423,2.18,1.2,112.7,Afternoon (2-6pm),FALSE,FALSE,TRUE,FALSE,FALSE
P01844,U0564,Snapchat,stella_official,78,678,678,1.89,4.6,45.2,Evening (6-10pm),TRUE,FALSE,FALSE,FALSE,FALSE
P01845,U0564,Facebook,stellas299,85,511,511,3.78,2.7,19.2,Afternoon (2-6pm),TRUE,FALSE,FALSE,FALSE,TRUE
P01846,U0565,Instagram,eleanor_2029,70,195,169,2.36,2.1,47.0,Late Night (10pm-2am),FALSE,FALSE,FALSE,TRUE,TRUE
P01847,U0565,TikTok,eleanors504,26,247,886,3.14,2.6,68.1,Late Night (10pm-2am),TRUE,FALSE,TRUE,FALSE,FALSE
P01848,U0565,Snapchat,itseleanor9,83,434,434,2.02,1.1,44.1,Late Night (10pm-2am),FALSE,FALSE,TRUE,TRUE,TRUE
P01849,U0565,X (Twitter),eleanors555,24,77,294,2.07,2.6,20.6,Late Night (10pm-2am),TRUE,FALSE,TRUE,FALSE,TRUE
P01850,U0566,Instagram,luna_2027,51,4728,323,0.2,1.5,93.3,Late Night (10pm-2am),FALSE,FALSE,FALSE,FALSE,TRUE
P01851,U0566,TikTok,itslunax,52,1042,314,4.32,3.2,65.5,Late Night (10pm-2am),FALSE,FALSE,FALSE,FALSE,FALSE
P01852,U0566,Facebook,itsluna9,62,562,562,2.84,2.6,15.6,Late Night (10pm-2am),FALSE,FALSE,TRUE,FALSE,TRUE
P01853,U0567,Instagram,luna.lee,52,819,555,1.82,2.6,85.7,Evening (6-10pm),TRUE,FALSE,FALSE,FALSE,FALSE
P01854,U0567,TikTok,luna_official,62,380,596,4.65,3.5,113.1,Evening (6-10pm),FALSE,FALSE,FALSE,FALSE,TRUE
P01855,U0567,Snapchat,itsluna7,77,755,755,2.82,1.3,47.2,Evening (6-10pm),FALSE,FALSE,TRUE,TRUE,TRUE
P01856,U0567,Facebook,luna_official,74,1181,1181,3.16,1.8,16.0,Evening (6-10pm),TRUE,FALSE,TRUE,FALSE,TRUE
P01857,U0568,Instagram,abigail_x,40,715,306,2.97,0.5,137.6,Afternoon (2-6pm),TRUE,FALSE,FALSE,FALSE,TRUE
P01858,U0568,Snapchat,abigail.young93,51,523,523,5.37,3.9,47.0,Midday (10am-2pm),FALSE,FALSE,TRUE,TRUE,FALSE
P01859,U0569,TikTok,gabriellah187,20,297,1312,1.28,2.5,147.2,Late Night (10pm-2am),FALSE,FALSE,TRUE,FALSE,TRUE
P01860,U0569,Snapchat,gabriella_2028,95,295,295,2.56,2.0,79.1,Late Night (10pm-2am),TRUE,FALSE,FALSE,FALSE,TRUE
P01861,U0570,Instagram,skylara246,102,1028,194,3.46,3.5,55.4,Midday (10am-2pm),TRUE,FALSE,TRUE,FALSE,FALSE
P01862,U0570,TikTok,itsskylarx,76,706,676,4.13,1.5,72.2,Morning (6-10am),FALSE,FALSE,FALSE,FALSE,TRUE
P01863,U0571,Instagram,allisong175,78,1872,480,4.25,1.0,135.0,Midday (10am-2pm),FALSE,FALSE,FALSE,FALSE,FALSE
P01864,U0572,Instagram,ellie.peterson70,62,1131,369,1.59,0.9,32.0,Afternoon (2-6pm),FALSE,FALSE,FALSE,TRUE,TRUE
P01865,U0572,TikTok,ellie.peterson93,32,264,1813,2.71,2.8,108.5,Evening (6-10pm),FALSE,FALSE,FALSE,FALSE,TRUE
P01866,U0572,Snapchat,ellie_2024,39,132,132,4.14,5.3,54.0,Midday (10am-2pm),TRUE,FALSE,FALSE,FALSE,TRUE
P01867,U0573,Instagram,rajr496,64,5606,127,2.67,4.8,31.6,Late Night (10pm-2am),FALSE,FALSE,TRUE,TRUE,FALSE
P01868,U0573,TikTok,raj_gram,19,49,1357,5.49,1.7,80.9,Late Night (10pm-2am),TRUE,FALSE,TRUE,TRUE,TRUE
P01869,U0574,Instagram,jayden.harris74,85,640,361,3.79,1.4,87.1,Late Night (10pm-2am),TRUE,FALSE,TRUE,FALSE,TRUE
P01870,U0574,TikTok,itsjaydeno,40,154,837,3.58,2.0,95.8,Late Night (10pm-2am),FALSE,FALSE,FALSE,FALSE,TRUE
P01871,U0574,Snapchat,jayden_official,35,437,437,2.62,0.1,60.9,Late Night (10pm-2am),TRUE,FALSE,TRUE,FALSE,FALSE
P01872,U0574,X (Twitter),jaydenh581,30,43,368,5.27,0.9,24.8,Late Night (10pm-2am),FALSE,FALSE,FALSE,FALSE,TRUE
P01873,U0574,Facebook,jayden.harris68,52,377,377,2.02,2.8,23.2,Late Night (10pm-2am),TRUE,FALSE,TRUE,TRUE,FALSE
P01874,U0575,Instagram,diego.bennett39,81,2567,1333,2.59,2.8,51.3,Evening (6-10pm),TRUE,FALSE,TRUE,FALSE,FALSE
P01875,U0575,Snapchat,diego_2027,62,182,182,5.61,4.7,13.4,Evening (6-10pm),TRUE,FALSE,TRUE,FALSE,TRUE
P01876,U0575,X (Twitter),itsdiego2,23,92,761,4.7,1.4,28.7,Morning (6-10am),FALSE,FALSE,FALSE,FALSE,TRUE
P01877,U0576,Instagram,jasmine_official,56,363,471,2.78,4.6,64.2,Late Night (10pm-2am),FALSE,FALSE,TRUE,FALSE,TRUE
P01878,U0576,TikTok,itsjasmineo,6,4078,574,2.8,1.3,180.9,Late Night (10pm-2am),FALSE,FALSE,FALSE,FALSE,TRUE
P01879,U0576,Snapchat,jasmine_2030,43,173,173,3.58,2.7,43.8,Late Night (10pm-2am),TRUE,FALSE,FALSE,TRUE,TRUE
P01880,U0577,Instagram,scarlettp36,66,454,546,1.84,3.7,68.7,Midday (10am-2pm),TRUE,FALSE,FALSE,TRUE,TRUE
P01881,U0577,TikTok,itsscarlett4,50,119,807,1.74,1.0,42.0,Evening (6-10pm),FALSE,FALSE,TRUE,FALSE,TRUE
P01882,U0577,Snapchat,itsscarletto,37,498,498,2.28,2.8,36.2,Midday (10am-2pm),FALSE,FALSE,TRUE,TRUE,TRUE
P01883,U0578,Instagram,ximena.cox34,101,732,633,3.03,1.7,34.6,Evening (6-10pm),FALSE,FALSE,TRUE,FALSE,FALSE
P01884,U0578,TikTok,ximena_x,18,813,667,2.18,1.0,84.5,Midday (10am-2pm),FALSE,FALSE,FALSE,FALSE,TRUE
P01885,U0578,Snapchat,ximena_tv,86,149,149,1.06,0.1,35.3,Afternoon (2-6pm),TRUE,FALSE,FALSE,FALSE,TRUE
P01886,U0578,X (Twitter),ximenac3,51,42,93,3.22,3.0,20.8,Midday (10am-2pm),FALSE,FALSE,FALSE,FALSE,FALSE
P01887,U0578,Facebook,ximenac257,66,169,169,2.84,0.3,7.7,Afternoon (2-6pm),TRUE,FALSE,TRUE,FALSE,TRUE
P01888,U0579,Instagram,daniel.roberts25,96,984,746,4.17,2.3,92.3,Evening (6-10pm),TRUE,FALSE,FALSE,TRUE,TRUE
P01889,U0579,TikTok,daniel_2025,54,330,187,3.95,1.4,84.6,Evening (6-10pm),FALSE,FALSE,TRUE,FALSE,FALSE
P01890,U0579,Snapchat,danielr306,79,405,405,3.69,3.4,39.5,Evening (6-10pm),TRUE,FALSE,TRUE,TRUE,TRUE
P01891,U0579,Facebook,daniel_tv,49,697,697,2.67,2.0,15.9,Evening (6-10pm),TRUE,FALSE,TRUE,FALSE,FALSE
P01892,U0580,Instagram,samuelj81,79,394,832,2.89,3.4,74.4,Afternoon (2-6pm),FALSE,FALSE,FALSE,FALSE,TRUE
P01893,U0580,TikTok,samuel_gram,17,442,416,2.21,0.1,87.1,Afternoon (2-6pm),FALSE,FALSE,TRUE,FALSE,FALSE
P01894,U0580,Snapchat,samuel_official,116,265,265,3.87,0.5,47.8,Evening (6-10pm),TRUE,FALSE,TRUE,TRUE,FALSE
P01895,U0580,X (Twitter),samuel_2026,33,10,89,4.54,0.7,9.4,Evening (6-10pm),FALSE,FALSE,FALSE,FALSE,TRUE
P01896,U0581,Instagram,olivert36,53,1962,372,2.05,4.1,60.3,Afternoon (2-6pm),FALSE,FALSE,FALSE,FALSE,FALSE
P01897,U0581,TikTok,olivert403,33,275,272,2.18,0.8,127.9,Evening (6-10pm),FALSE,FALSE,TRUE,FALSE,FALSE
P01898,U0581,Snapchat,oliver.thomas99,72,390,390,2.83,0.8,58.5,Afternoon (2-6pm),TRUE,FALSE,TRUE,TRUE,FALSE
P01899,U0581,Facebook,oliver.thomas,87,565,565,3.99,0.8,10.0,Evening (6-10pm),TRUE,FALSE,TRUE,FALSE,TRUE
P01900,U0582,Instagram,logan.janssen69,80,190,144,3.27,3.5,69.2,Late Night (10pm-2am),FALSE,FALSE,TRUE,TRUE,TRUE
P01901,U0582,TikTok,loganj485,38,83,77,5.14,2.2,89.6,Late Night (10pm-2am),FALSE,FALSE,FALSE,FALSE,TRUE
P01902,U0583,Instagram,hazel_2030,41,167,223,2.75,1.0,48.3,Late Night (10pm-2am),TRUE,FALSE,TRUE,TRUE,FALSE
P01903,U0583,TikTok,hazelb171,23,210,394,4.48,6.0,85.0,Late Night (10pm-2am),TRUE,FALSE,TRUE,FALSE,FALSE
P01904,U0583,Snapchat,hazel_2025,41,271,271,1.81,2.5,48.4,Late Night (10pm-2am),TRUE,FALSE,TRUE,FALSE,FALSE
P01905,U0583,X (Twitter),hazelb321,60,75,50,5.43,2.6,17.7,Late Night (10pm-2am),TRUE,FALSE,TRUE,FALSE,TRUE
P01906,U0584,Instagram,diegos719,42,535,318,3.83,1.9,61.0,Afternoon (2-6pm),TRUE,FALSE,TRUE,FALSE,TRUE
P01907,U0584,TikTok,diegos449,47,4806,596,0.49,1.2,65.5,Afternoon (2-6pm),FALSE,FALSE,TRUE,FALSE,TRUE
P01908,U0584,Snapchat,diego.sullivan37,81,632,632,3.2,3.7,57.6,Afternoon (2-6pm),TRUE,FALSE,TRUE,TRUE,FALSE
P01909,U0584,Facebook,diego.sullivan70,68,778,778,3.13,4.1,11.8,Evening (6-10pm),TRUE,FALSE,TRUE,TRUE,TRUE
P01910,U0585,Instagram,hannah_x,27,1457,379,3.78,2.7,145.2,Late Night (10pm-2am),TRUE,FALSE,TRUE,FALSE,FALSE
P01911,U0585,TikTok,itshannah2,39,165,555,3.81,2.2,72.1,Late Night (10pm-2am),TRUE,FALSE,TRUE,FALSE,FALSE
P01912,U0585,Snapchat,itshannahx,112,291,291,3.87,1.1,32.2,Late Night (10pm-2am),TRUE,FALSE,TRUE,FALSE,TRUE
P01913,U0585,X (Twitter),hannaht295,26,8,315,6.64,4.6,15.1,Late Night (10pm-2am),FALSE,FALSE,TRUE,FALSE,TRUE
P01914,U0585,Facebook,hannaht14,79,994,994,2.9,2.2,14.1,Late Night (10pm-2am),FALSE,FALSE,TRUE,FALSE,FALSE
P01915,U0586,TikTok,yunaj179,37,461,520,2.11,0.8,55.2,Late Night (10pm-2am),FALSE,FALSE,TRUE,FALSE,TRUE
P01916,U0586,Snapchat,yuna_2027,68,505,505,2.96,0.6,23.1,Late Night (10pm-2am),TRUE,FALSE,FALSE,FALSE,FALSE
P01917,U0587,Instagram,carlos_x,27,293,325,2.41,6.5,21.7,Midday (10am-2pm),FALSE,FALSE,TRUE,FALSE,FALSE
P01918,U0587,TikTok,carlos_gram,31,27,1186,3.84,1.6,83.6,Evening (6-10pm),FALSE,FALSE,TRUE,TRUE,FALSE
P01919,U0588,Instagram,nathane88,57,4455,426,0.27,1.1,70.9,Late Night (10pm-2am),FALSE,FALSE,FALSE,FALSE,FALSE
P01920,U0588,TikTok,nathane861,48,327,318,2.98,1.0,102.9,Late Night (10pm-2am),TRUE,FALSE,TRUE,FALSE,FALSE
P01921,U0588,X (Twitter),nathan.evans,39,42,63,4.36,2.3,26.3,Late Night (10pm-2am),FALSE,FALSE,FALSE,TRUE,TRUE
P01922,U0589,Instagram,matthew.johnson,52,1645,517,2.0,2.2,79.6,Late Night (10pm-2am),TRUE,FALSE,TRUE,FALSE,TRUE
P01923,U0589,TikTok,matthew_2030,26,189,692,4.88,2.9,61.9,Late Night (10pm-2am),FALSE,FALSE,FALSE,FALSE,FALSE
P01924,U0589,Snapchat,matthew.johnson4,44,235,235,3.84,2.6,68.0,Late Night (10pm-2am),FALSE,FALSE,TRUE,FALSE,TRUE
P01925,U0589,X (Twitter),itsmatthewo,45,467,55,2.39,3.8,19.0,Late Night (10pm-2am),FALSE,FALSE,FALSE,FALSE,FALSE
P01926,U0589,Facebook,matthew_x,103,557,557,2.59,4.0,7.9,Late Night (10pm-2am),TRUE,FALSE,TRUE,TRUE,TRUE
P01927,U0590,Instagram,cameronl699,67,1163,308,5.3,3.9,69.7,Afternoon (2-6pm),FALSE,FALSE,FALSE,FALSE,TRUE
P01928,U0590,TikTok,cameron.larsen,61,32,635,3.93,5.0,121.0,Evening (6-10pm),FALSE,FALSE,TRUE,FALSE,TRUE
P01929,U0590,Snapchat,cameronl741,65,508,508,3.73,2.4,62.5,Evening (6-10pm),TRUE,FALSE,TRUE,TRUE,FALSE
P01930,U0590,X (Twitter),cameron_2026,9,92,532,5.02,0.8,27.0,Afternoon (2-6pm),FALSE,FALSE,FALSE,FALSE,TRUE
P01931,U0590,Facebook,itscameron2,51,447,447,3.13,0.9,11.1,Afternoon (2-6pm),FALSE,FALSE,TRUE,FALSE,TRUE
P01932,U0591,TikTok,itscaleb6,39,107,521,2.93,0.7,221.4,Late Night (10pm-2am),FALSE,FALSE,FALSE,FALSE,TRUE
P01933,U0591,X (Twitter),caleb.lopez,30,17,193,3.16,3.7,46.3,Late Night (10pm-2am),FALSE,FALSE,FALSE,FALSE,TRUE
P01934,U0591,Facebook,caleb.lopez,24,418,418,4.47,1.1,15.5,Late Night (10pm-2am),FALSE,FALSE,FALSE,TRUE,TRUE
P01935,U0592,Instagram,itsharperx,66,2543,407,3.74,4.4,131.3,Evening (6-10pm),FALSE,FALSE,TRUE,FALSE,FALSE
P01936,U0592,TikTok,harperw322,12,509,889,5.48,2.3,101.9,Midday (10am-2pm),TRUE,FALSE,TRUE,FALSE,TRUE
P01937,U0592,Facebook,harperw598,21,583,583,5.25,0.5,6.3,Morning (6-10am),TRUE,FALSE,TRUE,FALSE,FALSE
P01938,U0593,Instagram,carter.byrne,54,251,297,3.81,0.7,28.4,Evening (6-10pm),TRUE,FALSE,TRUE,FALSE,FALSE
P01939,U0593,TikTok,carter_gram,31,196,510,3.62,5.6,86.4,Evening (6-10pm),TRUE,FALSE,TRUE,TRUE,TRUE
P01940,U0593,Snapchat,carterb663,75,413,413,4.09,2.5,56.0,Afternoon (2-6pm),TRUE,FALSE,TRUE,TRUE,FALSE
P01941,U0593,Facebook,carter_tv,72,372,372,2.94,2.6,11.4,Midday (10am-2pm),FALSE,FALSE,FALSE,FALSE,FALSE
P01942,U0594,Instagram,logana527,23,714,534,2.33,0.5,56.9,Late Night (10pm-2am),FALSE,FALSE,TRUE,FALSE,FALSE
P01943,U0594,TikTok,logan.adams99,55,9327,379,0.2,1.3,51.6,Late Night (10pm-2am),FALSE,FALSE,FALSE,FALSE,TRUE
P01944,U0594,Snapchat,logana131,39,386,386,2.96,1.2,67.6,Late Night (10pm-2am),TRUE,FALSE,TRUE,FALSE,TRUE
P01945,U0594,Facebook,logana486,23,531,531,0.2,4.8,10.6,Late Night (10pm-2am),TRUE,FALSE,FALSE,FALSE,TRUE
P01946,U0595,Instagram,joshua.kim75,87,917,480,2.84,2.6,18.5,Afternoon (2-6pm),FALSE,FALSE,FALSE,FALSE,FALSE
P01947,U0595,TikTok,joshuak505,36,790,544,3.86,3.1,96.4,Evening (6-10pm),TRUE,FALSE,TRUE,FALSE,TRUE
P01948,U0596,Instagram,axel.thomas47,75,151,585,4.98,2.9,29.0,Midday (10am-2pm),TRUE,FALSE,FALSE,FALSE,FALSE
P01949,U0596,TikTok,axel_official,45,1163,256,0.21,2.0,69.0,Morning (6-10am),FALSE,FALSE,FALSE,FALSE,TRUE
P01950,U0596,Snapchat,axelt309,82,260,260,2.14,4.4,35.2,Midday (10am-2pm),TRUE,FALSE,FALSE,FALSE,TRUE
P01951,U0596,Facebook,axel.thomas,80,551,551,1.87,1.8,12.0,Morning (6-10am),TRUE,FALSE,TRUE,FALSE,TRUE
P01952,U0597,Instagram,skylar.roberts,73,593,328,0.93,0.7,55.7,Midday (10am-2pm),FALSE,FALSE,TRUE,FALSE,TRUE
P01953,U0597,TikTok,skylar_tv,41,1226,177,3.98,1.2,223.9,Afternoon (2-6pm),FALSE,FALSE,TRUE,TRUE,TRUE
P01954,U0597,Snapchat,skylar.roberts68,78,426,426,1.85,1.1,53.8,Afternoon (2-6pm),TRUE,FALSE,TRUE,FALSE,TRUE
P01955,U0597,Facebook,skylarr564,108,934,934,1.08,2.7,14.5,Evening (6-10pm),TRUE,FALSE,TRUE,TRUE,TRUE
P01956,U0598,Instagram,jeremiah.nelson79,45,699,472,3.92,2.8,73.2,Midday (10am-2pm),TRUE,FALSE,TRUE,FALSE,TRUE
P01957,U0598,TikTok,jeremiahn555,67,103,1045,4.54,3.7,53.7,Evening (6-10pm),FALSE,FALSE,FALSE,FALSE,TRUE
P01958,U0598,Snapchat,jeremiah.nelson66,73,331,331,3.67,1.5,30.1,Evening (6-10pm),TRUE,FALSE,FALSE,TRUE,TRUE
P01959,U0598,X (Twitter),jeremiahn613,22,528,296,1.96,1.3,15.4,Midday (10am-2pm),TRUE,FALSE,TRUE,FALSE,TRUE
P01960,U0598,Facebook,itsjeremiah,44,626,626,3.13,2.4,13.5,Morning (6-10am),FALSE,FALSE,TRUE,FALSE,TRUE
P01961,U0599,TikTok,cooper_official,21,220,544,1.71,0.4,79.1,Afternoon (2-6pm),FALSE,FALSE,TRUE,FALSE,TRUE
P01962,U0599,Snapchat,itscooperx,97,229,229,4.36,2.5,38.0,Evening (6-10pm),TRUE,FALSE,TRUE,TRUE,TRUE
P01963,U0599,Facebook,coopers357,33,242,242,2.34,2.2,5.2,Midday (10am-2pm),FALSE,FALSE,TRUE,TRUE,TRUE
P01964,U0600,Instagram,elizabeth.garcia,41,383,720,2.51,0.5,56.9,Late Night (10pm-2am),TRUE,FALSE,TRUE,FALSE,FALSE
P01965,U0600,TikTok,elizabeth_2026,49,65,243,2.67,0.8,260.1,Late Night (10pm-2am),TRUE,FALSE,FALSE,FALSE,TRUE
P01966,U0600,X (Twitter),itselizabetho,60,431,138,2.67,0.1,11.9,Late Night (10pm-2am),FALSE,FALSE,TRUE,FALSE,TRUE
P01967,U0601,Instagram,jonathanc528,85,1165,497,1.97,1.5,28.9,Late Night (10pm-2am),FALSE,FALSE,TRUE,FALSE,TRUE
P01968,U0601,TikTok,itsjonathan,31,549,912,2.17,3.1,189.2,Late Night (10pm-2am),FALSE,FALSE,TRUE,TRUE,TRUE
P01969,U0601,Snapchat,jonathan_gram,57,121,121,3.44,1.4,36.5,Late Night (10pm-2am),FALSE,FALSE,FALSE,FALSE,TRUE
P01970,U0601,Facebook,jonathan_gram,96,233,233,5.04,3.3,15.7,Late Night (10pm-2am),TRUE,FALSE,FALSE,TRUE,FALSE
P01971,U0602,Instagram,penelope.richardson30,43,669,331,0.83,2.0,90.4,Afternoon (2-6pm),FALSE,FALSE,TRUE,FALSE,FALSE
P01972,U0602,TikTok,itspenelope8,37,401,259,0.53,0.7,205.7,Midday (10am-2pm),TRUE,FALSE,TRUE,TRUE,TRUE
P01973,U0602,Snapchat,penelope_gram,54,430,430,0.2,0.6,38.2,Evening (6-10pm),TRUE,FALSE,TRUE,TRUE,TRUE
P01974,U0603,Instagram,nora.kowalski42,40,1953,122,4.91,5.5,102.9,Afternoon (2-6pm),TRUE,FALSE,FALSE,TRUE,TRUE
P01975,U0603,TikTok,nora.kowalski,74,527,534,3.77,4.3,125.3,Afternoon (2-6pm),FALSE,FALSE,FALSE,FALSE,TRUE
P01976,U0603,Snapchat,nora_2029,59,541,541,3.63,0.6,52.2,Evening (6-10pm),FALSE,FALSE,TRUE,FALSE,TRUE
P01977,U0604,Instagram,james.chen50,69,1600,392,2.71,0.4,61.4,Evening (6-10pm),TRUE,FALSE,TRUE,FALSE,TRUE
P01978,U0604,TikTok,james.chen,31,65,742,4.94,0.6,93.0,Evening (6-10pm),TRUE,FALSE,TRUE,FALSE,TRUE
P01979,U0604,Snapchat,james.chen,53,144,144,3.26,0.4,37.8,Evening (6-10pm),FALSE,FALSE,FALSE,TRUE,TRUE
P01980,U0605,Instagram,landonc279,65,823,406,3.16,1.3,23.5,Morning (6-10am),FALSE,FALSE,TRUE,FALSE,TRUE
P01981,U0605,TikTok,landonc833,69,393,1437,3.82,1.3,52.6,Evening (6-10pm),TRUE,FALSE,TRUE,FALSE,FALSE
P01982,U0606,Instagram,itseleanor,50,1184,673,1.09,1.3,73.4,Late Night (10pm-2am),FALSE,FALSE,TRUE,FALSE,TRUE
P01983,U0606,TikTok,eleanorw722,27,858,663,2.37,2.4,59.3,Late Night (10pm-2am),TRUE,FALSE,TRUE,FALSE,TRUE
P01984,U0606,X (Twitter),eleanorw448,46,72,603,3.14,0.7,36.3,Late Night (10pm-2am),FALSE,FALSE,TRUE,TRUE,TRUE
P01985,U0607,Instagram,james.campbell,47,228,502,2.48,1.3,37.9,Morning (6-10am),FALSE,FALSE,TRUE,FALSE,TRUE
P01986,U0607,TikTok,jamesc438,45,357,1444,1.53,1.3,44.3,Evening (6-10pm),FALSE,FALSE,TRUE,FALSE,FALSE
P01987,U0608,Instagram,addison_official,48,2937,371,3.08,5.0,121.8,Late Night (10pm-2am),TRUE,FALSE,FALSE,TRUE,TRUE
P01988,U0608,TikTok,addison_2024,41,606,459,1.82,2.0,156.0,Late Night (10pm-2am),TRUE,FALSE,FALSE,FALSE,TRUE
P01989,U0608,X (Twitter),addison.torres,23,283,316,3.89,0.9,10.7,Late Night (10pm-2am),FALSE,FALSE,TRUE,FALSE,TRUE
P01990,U0609,Instagram,zoe_x,61,1113,345,1.33,0.8,38.2,Afternoon (2-6pm),FALSE,FALSE,FALSE,FALSE,FALSE
P01991,U0609,TikTok,zoe_x,71,73,597,3.35,0.6,42.7,Afternoon (2-6pm),FALSE,FALSE,FALSE,FALSE,TRUE
P01992,U0609,Snapchat,zoec857,101,147,147,4.37,1.7,40.7,Afternoon (2-6pm),FALSE,FALSE,TRUE,TRUE,TRUE
P01993,U0609,Facebook,zoe_tv,100,360,360,3.23,1.1,9.0,Afternoon (2-6pm),TRUE,FALSE,FALSE,TRUE,TRUE
P01994,U0610,Instagram,rowanm929,81,927,993,2.12,1.2,101.8,Late Night (10pm-2am),TRUE,FALSE,TRUE,FALSE,TRUE
P01995,U0610,TikTok,rowan_official,30,197,394,4.73,0.2,65.4,Late Night (10pm-2am),FALSE,FALSE,FALSE,FALSE,FALSE
P01996,U0610,X (Twitter),itsrowanx,49,174,198,0.34,1.1,10.8,Late Night (10pm-2am),TRUE,FALSE,TRUE,FALSE,FALSE
P01997,U0611,Instagram,emman534,79,606,247,2.56,1.5,49.9,Late Night (10pm-2am),TRUE,FALSE,TRUE,FALSE,TRUE
P01998,U0611,TikTok,emma_tv,23,192,757,4.1,1.0,68.5,Late Night (10pm-2am),FALSE,FALSE,TRUE,FALSE,TRUE
P01999,U0611,Snapchat,emman731,45,190,190,1.57,1.9,18.8,Late Night (10pm-2am),TRUE,FALSE,TRUE,TRUE,FALSE
P02000,U0612,TikTok,harper_2025,50,316,733,3.23,0.8,151.0,Midday (10am-2pm),FALSE,FALSE,TRUE,FALSE,TRUE
P02001,U0612,Snapchat,harper_2026,31,156,156,2.79,0.7,64.1,Evening (6-10pm),TRUE,FALSE,FALSE,FALSE,TRUE
P02002,U0612,X (Twitter),harper_tv,45,122,113,3.58,0.9,42.2,Evening (6-10pm),TRUE,FALSE,TRUE,FALSE,FALSE
P02003,U0613,Instagram,kennedy_gram,73,724,322,5.13,0.7,34.3,Afternoon (2-6pm),TRUE,FALSE,FALSE,FALSE,TRUE
P02004,U0613,TikTok,kennedy.jackson,37,121,761,3.9,3.3,107.7,Evening (6-10pm),TRUE,FALSE,TRUE,FALSE,TRUE
P02005,U0614,Instagram,ananyac574,72,1472,305,2.07,1.4,49.2,Late Night (10pm-2am),TRUE,FALSE,TRUE,FALSE,FALSE
P02006,U0614,Snapchat,ananya_gram,38,189,189,5.39,2.5,40.7,Late Night (10pm-2am),TRUE,FALSE,FALSE,TRUE,TRUE
P02007,U0614,Facebook,ananya_2027,74,185,185,3.43,1.1,11.1,Late Night (10pm-2am),TRUE,FALSE,TRUE,FALSE,FALSE
P02008,U0615,Instagram,camilap962,75,650,723,1.64,1.0,88.9,Evening (6-10pm),FALSE,FALSE,TRUE,FALSE,FALSE
P02009,U0615,TikTok,camilap245,21,170,396,3.96,0.2,63.5,Evening (6-10pm),TRUE,FALSE,TRUE,TRUE,TRUE
P02010,U0615,X (Twitter),camila.papadopoulos,38,25,284,4.92,0.9,17.7,Midday (10am-2pm),FALSE,FALSE,TRUE,FALSE,FALSE
P02011,U0615,Facebook,camila.papadopoulos,68,168,168,1.27,0.8,10.9,Morning (6-10am),TRUE,FALSE,TRUE,FALSE,TRUE
P02012,U0616,Instagram,christiant131,70,1125,452,0.22,3.0,106.0,Midday (10am-2pm),TRUE,FALSE,FALSE,FALSE,TRUE
P02013,U0616,TikTok,christian_x,42,900,342,4.95,4.0,46.2,Evening (6-10pm),FALSE,FALSE,TRUE,FALSE,TRUE
P02014,U0616,X (Twitter),christian.tanaka93,40,325,143,1.18,0.4,33.6,Evening (6-10pm),TRUE,FALSE,TRUE,FALSE,FALSE
P02015,U0617,Instagram,benjamint771,54,347,348,3.39,6.5,86.1,Morning (6-10am),FALSE,FALSE,TRUE,TRUE,TRUE
P02016,U0617,TikTok,benjamint894,68,86,1267,3.76,0.8,208.5,Morning (6-10am),FALSE,FALSE,FALSE,FALSE,TRUE
P02017,U0617,Snapchat,benjamin.torres,73,449,449,2.64,1.2,26.0,Morning (6-10am),TRUE,FALSE,FALSE,TRUE,TRUE
P02018,U0617,X (Twitter),benjamint560,68,189,229,4.49,2.2,25.8,Morning (6-10am),FALSE,FALSE,TRUE,FALSE,FALSE
P02019,U0617,Facebook,itsbenjamino,114,437,437,4.82,1.1,8.9,Morning (6-10am),TRUE,FALSE,TRUE,FALSE,TRUE
P02020,U0618,Instagram,hazel.morgan95,58,626,446,3.67,0.4,69.0,Evening (6-10pm),FALSE,FALSE,TRUE,FALSE,FALSE
P02021,U0618,TikTok,hazel.morgan25,30,138,674,3.31,1.2,84.4,Afternoon (2-6pm),FALSE,FALSE,TRUE,FALSE,TRUE
P02022,U0618,Snapchat,itshazelo,75,743,743,3.76,0.6,45.7,Afternoon (2-6pm),TRUE,FALSE,FALSE,TRUE,TRUE
P02023,U0618,X (Twitter),hazelm939,17,57,382,4.06,1.1,16.8,Afternoon (2-6pm),FALSE,FALSE,TRUE,FALSE,TRUE
P02024,U0619,Instagram,daniel_x,62,159,386,1.03,0.4,167.8,Evening (6-10pm),FALSE,FALSE,TRUE,TRUE,TRUE
P02025,U0619,TikTok,daniel_official,36,2526,456,1.26,0.9,48.4,Midday (10am-2pm),FALSE,FALSE,FALSE,TRUE,TRUE
P02026,U0620,Instagram,ezra.harris30,26,1170,525,2.39,2.0,46.8,Late Night (10pm-2am),FALSE,FALSE,TRUE,FALSE,FALSE
P02027,U0620,TikTok,ezrah393,60,457,450,4.38,1.2,131.9,Late Night (10pm-2am),FALSE,FALSE,TRUE,FALSE,FALSE
P02028,U0620,Snapchat,itsezra1,92,315,315,3.11,2.2,28.0,Late Night (10pm-2am),TRUE,FALSE,TRUE,FALSE,FALSE
P02029,U0621,Instagram,itsrobertx,56,625,168,2.24,3.8,116.0,Evening (6-10pm),FALSE,FALSE,FALSE,FALSE,TRUE
P02030,U0621,TikTok,itsrobertx,78,183,619,3.71,1.1,93.5,Afternoon (2-6pm),FALSE,FALSE,TRUE,FALSE,TRUE
P02031,U0621,Snapchat,robert.murphy,102,470,470,3.18,2.1,28.7,Evening (6-10pm),FALSE,FALSE,TRUE,FALSE,FALSE
P02032,U0622,Instagram,graysonb815,41,71,706,4.95,1.8,54.9,Late Night (10pm-2am),FALSE,FALSE,FALSE,FALSE,TRUE
P02033,U0622,TikTok,grayson.brown81,16,61,313,4.24,2.8,90.2,Late Night (10pm-2am),FALSE,FALSE,TRUE,FALSE,TRUE
P02034,U0622,Snapchat,grayson.brown74,41,318,318,3.78,0.6,24.6,Late Night (10pm-2am),FALSE,FALSE,FALSE,TRUE,TRUE
P02035,U0622,X (Twitter),graysonb595,27,81,203,3.61,6.3,16.4,Late Night (10pm-2am),TRUE,FALSE,FALSE,FALSE,TRUE
P02036,U0623,Instagram,itsnathan,80,2056,411,0.43,0.3,79.8,Afternoon (2-6pm),TRUE,FALSE,TRUE,FALSE,TRUE
P02037,U0623,TikTok,nathans349,56,224,862,2.57,4.8,35.1,Midday (10am-2pm),FALSE,FALSE,TRUE,TRUE,TRUE
P02038,U0623,X (Twitter),nathans434,63,87,517,4.44,0.6,15.2,Afternoon (2-6pm),FALSE,FALSE,FALSE,FALSE,TRUE
P02039,U0623,Facebook,nathan_2029,48,1211,1211,0.68,1.2,23.4,Afternoon (2-6pm),TRUE,FALSE,TRUE,FALSE,TRUE
P02040,U0624,Instagram,itsananyao,68,1146,455,0.82,1.2,67.7,Late Night (10pm-2am),TRUE,FALSE,FALSE,TRUE,FALSE
P02041,U0624,TikTok,ananya.bennett67,23,373,913,3.47,1.8,47.4,Late Night (10pm-2am),TRUE,FALSE,TRUE,FALSE,TRUE
P02042,U0624,Snapchat,ananya.bennett40,69,853,853,4.46,2.9,40.1,Late Night (10pm-2am),TRUE,FALSE,FALSE,TRUE,FALSE
P02043,U0625,Instagram,johnl362,31,6790,368,3.74,1.7,50.9,Late Night (10pm-2am),FALSE,FALSE,TRUE,FALSE,TRUE
P02044,U0625,TikTok,john.li63,36,141,289,4.35,1.9,97.6,Late Night (10pm-2am),FALSE,FALSE,TRUE,FALSE,TRUE
P02045,U0625,Snapchat,itsjohno,53,743,743,3.57,4.6,32.7,Late Night (10pm-2am),TRUE,FALSE,TRUE,FALSE,FALSE
P02046,U0625,X (Twitter),johnl469,24,81,194,4.92,5.9,8.0,Late Night (10pm-2am),FALSE,FALSE,TRUE,FALSE,FALSE
P02047,U0625,Facebook,itsjohn,80,391,391,4.47,1.9,16.4,Late Night (10pm-2am),TRUE,FALSE,TRUE,FALSE,TRUE
P02048,U0626,Instagram,jeremiahr684,74,1753,284,1.69,2.2,39.6,Afternoon (2-6pm),TRUE,FALSE,FALSE,FALSE,TRUE
P02049,U0626,TikTok,jeremiah.rogers46,20,147,451,3.19,2.0,60.2,Evening (6-10pm),TRUE,FALSE,FALSE,FALSE,TRUE
P02050,U0626,Snapchat,jeremiahr988,86,352,352,5.39,1.5,34.6,Evening (6-10pm),TRUE,FALSE,FALSE,TRUE,TRUE
P02051,U0627,TikTok,grace.watson65,41,141,163,5.22,1.0,91.8,Late Night (10pm-2am),FALSE,FALSE,FALSE,FALSE,TRUE
P02052,U0627,Snapchat,grace_official,63,531,531,1.83,2.6,49.8,Late Night (10pm-2am),TRUE,FALSE,TRUE,TRUE,FALSE
P02053,U0627,X (Twitter),itsgrace,32,97,429,3.09,1.6,23.4,Late Night (10pm-2am),FALSE,FALSE,TRUE,FALSE,FALSE
P02054,U0627,Facebook,gracew260,57,681,681,1.78,1.4,15.4,Late Night (10pm-2am),FALSE,FALSE,FALSE,FALSE,FALSE
P02055,U0628,Instagram,maya_official,68,583,482,0.2,2.2,102.6,Morning (6-10am),FALSE,FALSE,FALSE,FALSE,FALSE
P02056,U0628,TikTok,mayar872,47,122,298,1.94,3.0,108.8,Evening (6-10pm),FALSE,FALSE,TRUE,FALSE,FALSE
P02057,U0628,Snapchat,mayar721,36,521,521,4.59,1.7,32.7,Morning (6-10am),TRUE,FALSE,FALSE,FALSE,TRUE
P02058,U0628,X (Twitter),maya_tv,35,595,70,1.79,2.4,15.3,Midday (10am-2pm),TRUE,FALSE,FALSE,FALSE,FALSE
P02059,U0629,Instagram,lucas_2029,97,678,377,2.47,1.9,38.8,Afternoon (2-6pm),TRUE,FALSE,FALSE,FALSE,FALSE
P02060,U0629,TikTok,itslucaso,42,662,380,1.58,1.5,214.2,Evening (6-10pm),FALSE,FALSE,TRUE,FALSE,TRUE
P02061,U0629,Snapchat,itslucaso,71,209,209,1.74,3.0,58.0,Afternoon (2-6pm),FALSE,FALSE,TRUE,FALSE,FALSE
P02062,U0629,X (Twitter),itslucas,65,27,314,4.04,0.7,17.1,Evening (6-10pm),TRUE,FALSE,TRUE,FALSE,TRUE
P02063,U0629,Facebook,lucasw226,113,435,435,1.57,2.4,20.0,Midday (10am-2pm),TRUE,FALSE,FALSE,FALSE,TRUE
P02064,U0630,Instagram,olivia_tv,88,122,191,2.81,1.9,40.2,Afternoon (2-6pm),FALSE,FALSE,FALSE,TRUE,FALSE
P02065,U0630,TikTok,oliviav773,41,2130,833,2.88,1.3,70.5,Afternoon (2-6pm),FALSE,FALSE,TRUE,FALSE,TRUE
P02066,U0631,Instagram,aidens617,23,628,464,2.98,1.9,35.6,Afternoon (2-6pm),FALSE,FALSE,TRUE,FALSE,FALSE
P02067,U0631,TikTok,aidens587,36,1120,508,2.18,3.9,185.9,Evening (6-10pm),TRUE,FALSE,TRUE,FALSE,FALSE
P02068,U0631,Snapchat,aidens882,83,552,552,2.46,3.4,87.9,Afternoon (2-6pm),TRUE,FALSE,TRUE,FALSE,TRUE
P02069,U0632,Instagram,itsmatthewo,86,498,85,1.71,2.5,76.9,Morning (6-10am),FALSE,FALSE,FALSE,FALSE,TRUE
P02070,U0632,TikTok,matthew.cooper51,18,438,623,2.66,1.0,54.9,Evening (6-10pm),FALSE,FALSE,FALSE,FALSE,TRUE
P02071,U0632,Snapchat,itsmatthew,83,400,400,2.71,2.7,36.0,Morning (6-10am),TRUE,FALSE,TRUE,TRUE,TRUE
P02072,U0632,X (Twitter),matthew_2027,19,12,179,2.82,3.3,46.6,Morning (6-10am),FALSE,FALSE,FALSE,TRUE,TRUE
P02073,U0633,Instagram,itsrowano,63,1008,266,1.93,1.0,52.7,Afternoon (2-6pm),FALSE,FALSE,TRUE,TRUE,FALSE
P02074,U0633,TikTok,rowans442,36,68,517,6.15,1.8,96.0,Afternoon (2-6pm),FALSE,FALSE,TRUE,FALSE,FALSE
P02075,U0633,X (Twitter),rowan.sullivan91,48,129,502,4.37,1.0,24.2,Evening (6-10pm),FALSE,FALSE,TRUE,FALSE,TRUE
P02076,U0633,Facebook,itsrowanx,80,738,738,2.76,3.6,24.6,Midday (10am-2pm),FALSE,FALSE,FALSE,FALSE,TRUE
P02077,U0634,Instagram,lucak547,31,1034,266,1.36,1.6,31.4,Late Night (10pm-2am),FALSE,FALSE,FALSE,FALSE,TRUE
P02078,U0634,TikTok,lucak624,67,3285,192,0.9,2.1,71.8,Late Night (10pm-2am),FALSE,FALSE,TRUE,FALSE,TRUE
P02079,U0634,Snapchat,luca_gram,76,408,408,3.34,3.7,64.1,Late Night (10pm-2am),TRUE,FALSE,FALSE,TRUE,TRUE
P02080,U0635,TikTok,omarf234,74,325,220,2.01,4.2,56.9,Evening (6-10pm),FALSE,FALSE,FALSE,FALSE,FALSE
P02081,U0635,Snapchat,omar.fernandez31,68,338,338,3.36,1.5,38.1,Evening (6-10pm),TRUE,FALSE,TRUE,FALSE,TRUE
P02082,U0636,Instagram,ariag642,36,1488,558,0.26,3.6,66.5,Late Night (10pm-2am),FALSE,FALSE,TRUE,FALSE,TRUE
P02083,U0636,Snapchat,itsaria9,69,361,361,3.08,2.4,61.7,Late Night (10pm-2am),TRUE,FALSE,TRUE,FALSE,FALSE
P02084,U0637,Instagram,itsnathanx,64,731,571,4.89,3.1,125.1,Afternoon (2-6pm),FALSE,FALSE,TRUE,FALSE,TRUE
P02085,U0637,TikTok,itsnathanx,61,340,423,4.48,2.8,119.6,Evening (6-10pm),TRUE,FALSE,TRUE,TRUE,TRUE
P02086,U0637,Snapchat,nathan.walker,68,363,363,2.86,0.6,41.8,Afternoon (2-6pm),TRUE,FALSE,TRUE,FALSE,TRUE
P02087,U0637,Facebook,nathan_gram,89,383,383,3.05,3.8,9.6,Afternoon (2-6pm),TRUE,FALSE,TRUE,FALSE,TRUE
P02088,U0638,Instagram,meip515,89,314,1014,4.67,2.1,33.7,Late Night (10pm-2am),FALSE,FALSE,TRUE,FALSE,TRUE
P02089,U0639,Instagram,thomasg76,78,250,115,3.32,0.2,34.0,Afternoon (2-6pm),TRUE,FALSE,FALSE,FALSE,TRUE
P02090,U0639,TikTok,thomas_2025,68,590,558,0.86,2.2,55.8,Evening (6-10pm),TRUE,FALSE,FALSE,FALSE,TRUE
P02091,U0639,Snapchat,itsthomas,46,497,497,0.79,1.0,10.3,Afternoon (2-6pm),TRUE,FALSE,FALSE,FALSE,FALSE
P02092,U0639,X (Twitter),thomas_official,67,718,75,2.7,0.4,10.8,Midday (10am-2pm),FALSE,FALSE,TRUE,FALSE,TRUE
P02093,U0640,TikTok,andrewm629,78,3578,580,2.31,3.1,123.5,Evening (6-10pm),FALSE,FALSE,TRUE,FALSE,TRUE
P02094,U0640,Snapchat,andrewm181,95,397,397,2.79,3.8,39.8,Evening (6-10pm),FALSE,FALSE,TRUE,FALSE,TRUE
P02095,U0641,Instagram,evelyne258,54,1705,672,3.92,1.1,67.2,Late Night (10pm-2am),TRUE,FALSE,FALSE,FALSE,FALSE
P02096,U0641,TikTok,itsevelyno,30,112,61,3.03,1.9,123.2,Late Night (10pm-2am),FALSE,FALSE,FALSE,FALSE,TRUE
P02097,U0641,X (Twitter),evelyne257,20,181,644,2.58,7.2,24.8,Late Night (10pm-2am),TRUE,FALSE,TRUE,FALSE,TRUE
P02098,U0642,Instagram,casey.alvarez,54,264,488,2.52,0.6,91.2,Afternoon (2-6pm),FALSE,FALSE,TRUE,FALSE,TRUE
P02099,U0642,Snapchat,casey.alvarez,43,297,297,3.87,2.1,17.1,Midday (10am-2pm),TRUE,FALSE,FALSE,TRUE,TRUE
P02100,U0642,X (Twitter),itscaseyx,65,66,203,3.57,2.5,17.2,Evening (6-10pm),FALSE,FALSE,TRUE,FALSE,TRUE
P02101,U0642,Facebook,casey.alvarez,46,618,618,0.91,0.2,10.0,Evening (6-10pm),FALSE,FALSE,TRUE,FALSE,TRUE
P02102,U0643,Instagram,sophia.howard14,50,1215,380,2.33,1.1,45.4,Morning (6-10am),FALSE,FALSE,TRUE,FALSE,TRUE
P02103,U0643,TikTok,sophiah33,76,296,1038,1.75,2.3,96.0,Evening (6-10pm),FALSE,FALSE,FALSE,TRUE,FALSE
P02104,U0643,Snapchat,sophiah731,69,447,447,3.42,1.2,42.2,Morning (6-10am),TRUE,FALSE,TRUE,TRUE,FALSE
P02105,U0644,Instagram,zoer633,64,666,321,1.93,2.7,62.1,Evening (6-10pm),FALSE,FALSE,TRUE,FALSE,FALSE
P02106,U0644,TikTok,zoe.ruiz75,53,275,728,1.93,1.6,126.0,Evening (6-10pm),FALSE,FALSE,TRUE,FALSE,FALSE
P02107,U0644,X (Twitter),itszoex,51,7,694,3.33,3.1,9.6,Midday (10am-2pm),FALSE,FALSE,TRUE,FALSE,TRUE
P02108,U0645,Instagram,calebd954,66,468,587,2.06,2.4,54.9,Midday (10am-2pm),FALSE,FALSE,TRUE,TRUE,TRUE
P02109,U0645,TikTok,caleb_x,64,187,360,2.54,1.7,157.7,Midday (10am-2pm),TRUE,FALSE,TRUE,TRUE,FALSE
P02110,U0646,Instagram,laylam997,72,3407,538,3.38,3.0,59.1,Evening (6-10pm),FALSE,FALSE,FALSE,TRUE,TRUE
P02111,U0646,TikTok,layla_official,23,3908,330,1.05,1.7,162.5,Evening (6-10pm),TRUE,FALSE,TRUE,FALSE,FALSE
P02112,U0646,Snapchat,laylam500,72,258,258,2.89,1.8,48.5,Midday (10am-2pm),TRUE,FALSE,TRUE,TRUE,TRUE
P02113,U0647,Instagram,daniel.sanchez5,56,763,371,3.14,2.3,75.3,Afternoon (2-6pm),FALSE,FALSE,FALSE,FALSE,TRUE
P02114,U0647,TikTok,daniel.sanchez,48,60,336,3.08,1.4,102.0,Afternoon (2-6pm),FALSE,FALSE,FALSE,FALSE,TRUE
P02115,U0647,Snapchat,daniel.sanchez22,52,292,292,3.09,1.0,60.6,Afternoon (2-6pm),TRUE,FALSE,TRUE,TRUE,FALSE
P02116,U0647,X (Twitter),daniel.sanchez,19,23,374,3.89,1.9,25.6,Evening (6-10pm),FALSE,FALSE,TRUE,FALSE,FALSE
P02117,U0648,Instagram,ximena_tv,38,452,335,1.88,1.5,78.8,Afternoon (2-6pm),TRUE,FALSE,FALSE,TRUE,TRUE
P02118,U0648,TikTok,ximenav584,40,564,455,1.54,1.8,54.9,Midday (10am-2pm),TRUE,FALSE,FALSE,FALSE,FALSE
P02119,U0648,Facebook,ximena_gram,83,943,943,2.91,3.0,6.8,Evening (6-10pm),TRUE,FALSE,TRUE,FALSE,TRUE
P02120,U0649,Instagram,darius_2027,82,2782,936,0.2,1.1,30.1,Evening (6-10pm),FALSE,FALSE,FALSE,FALSE,TRUE
P02121,U0649,TikTok,darius.muller17,68,180,855,3.81,2.3,130.1,Midday (10am-2pm),TRUE,FALSE,TRUE,FALSE,TRUE
P02122,U0650,TikTok,maya.myers44,56,674,189,2.85,1.5,136.0,Evening (6-10pm),TRUE,FALSE,FALSE,FALSE,FALSE
P02123,U0651,Instagram,joshua.watson,64,1476,420,1.0,0.9,150.1,Late Night (10pm-2am),FALSE,FALSE,FALSE,FALSE,FALSE
P02124,U0651,TikTok,joshuaw919,12,43,488,0.2,1.0,101.0,Late Night (10pm-2am),FALSE,FALSE,FALSE,FALSE,TRUE
P02125,U0651,Facebook,joshua.watson,80,534,534,2.41,2.8,8.6,Late Night (10pm-2am),TRUE,FALSE,TRUE,FALSE,TRUE
P02126,U0652,Instagram,itsemmax,68,519,275,4.94,1.9,48.5,Late Night (10pm-2am),FALSE,FALSE,TRUE,FALSE,TRUE
P02127,U0652,TikTok,emmal258,53,763,460,3.29,1.4,157.0,Late Night (10pm-2am),FALSE,FALSE,TRUE,FALSE,TRUE
P02128,U0653,Instagram,itsmadelyn1,13,931,439,3.55,3.1,71.9,Afternoon (2-6pm),TRUE,FALSE,TRUE,TRUE,FALSE
P02129,U0653,TikTok,madelyn_tv,28,994,249,2.67,1.1,43.1,Afternoon (2-6pm),FALSE,FALSE,FALSE,FALSE,TRUE
P02130,U0653,Snapchat,itsmadelyno,60,411,411,2.75,4.3,39.9,Evening (6-10pm),FALSE,FALSE,TRUE,FALSE,TRUE
P02131,U0653,X (Twitter),madelynv400,42,297,65,2.83,1.7,61.3,Afternoon (2-6pm),FALSE,FALSE,FALSE,FALSE,FALSE
P02132,U0654,Instagram,camila_official,75,1271,735,0.63,0.9,52.9,Evening (6-10pm),TRUE,FALSE,TRUE,FALSE,TRUE
P02133,U0654,TikTok,camila.morgan64,67,1578,257,3.1,2.6,36.3,Evening (6-10pm),FALSE,FALSE,TRUE,FALSE,FALSE
P02134,U0655,Instagram,itsleoo,24,259,460,2.16,2.2,67.1,Evening (6-10pm),FALSE,FALSE,TRUE,TRUE,TRUE
P02135,U0655,TikTok,leo_x,20,193,783,2.62,0.7,137.8,Afternoon (2-6pm),FALSE,FALSE,FALSE,FALSE,TRUE
P02136,U0655,Snapchat,leon17,50,403,403,3.97,2.6,26.0,Evening (6-10pm),TRUE,FALSE,FALSE,FALSE,TRUE
P02137,U0655,Facebook,leo.nelson,57,804,804,0.32,0.9,18.6,Afternoon (2-6pm),FALSE,FALSE,TRUE,FALSE,FALSE
P02138,U0656,Instagram,nathan.perez71,54,340,566,3.11,0.6,52.9,Afternoon (2-6pm),TRUE,FALSE,TRUE,FALSE,TRUE
P02139,U0656,TikTok,nathan.perez45,62,415,399,2.31,2.9,96.3,Evening (6-10pm),FALSE,FALSE,TRUE,FALSE,TRUE
P02140,U0656,Snapchat,nathan.perez53,61,511,511,2.5,0.2,20.4,Afternoon (2-6pm),TRUE,FALSE,TRUE,TRUE,TRUE
P02141,U0656,Facebook,itsnathano,55,432,432,3.75,0.4,7.5,Midday (10am-2pm),FALSE,FALSE,TRUE,FALSE,TRUE
P02142,U0657,Instagram,kai_official,59,1102,376,2.69,0.7,66.6,Evening (6-10pm),FALSE,FALSE,TRUE,TRUE,TRUE
P02143,U0657,TikTok,itskaio,61,730,124,3.32,4.9,94.3,Midday (10am-2pm),FALSE,FALSE,TRUE,TRUE,TRUE
P02144,U0657,Snapchat,itskaio,88,148,148,1.48,5.6,9.9,Evening (6-10pm),TRUE,FALSE,TRUE,TRUE,FALSE
P02145,U0658,Instagram,aisha.wang69,66,1649,234,2.82,1.4,68.3,Evening (6-10pm),FALSE,FALSE,FALSE,FALSE,TRUE
P02146,U0658,TikTok,aisha.wang,33,502,748,1.9,0.4,50.3,Evening (6-10pm),FALSE,FALSE,TRUE,TRUE,TRUE
P02147,U0658,Snapchat,aishaw215,16,450,450,0.98,0.5,94.6,Afternoon (2-6pm),TRUE,FALSE,TRUE,FALSE,TRUE
P02148,U0659,Instagram,eleanor.morales84,52,873,230,0.25,0.6,142.7,Late Night (10pm-2am),FALSE,FALSE,TRUE,FALSE,FALSE
P02149,U0659,TikTok,eleanorm277,31,329,841,0.55,0.7,164.4,Late Night (10pm-2am),FALSE,FALSE,FALSE,TRUE,TRUE
P02150,U0659,Snapchat,eleanor.morales43,74,726,726,1.83,0.4,44.3,Late Night (10pm-2am),TRUE,FALSE,TRUE,TRUE,TRUE
P02151,U0660,Instagram,naomi.diaz,72,1763,206,3.59,2.9,95.4,Late Night (10pm-2am),TRUE,FALSE,TRUE,TRUE,TRUE
P02152,U0660,X (Twitter),naomi.diaz10,50,425,162,4.81,2.1,23.5,Late Night (10pm-2am),FALSE,FALSE,FALSE,FALSE,TRUE
P02153,U0661,Instagram,evelyn.green79,25,1139,222,3.7,2.5,55.0,Late Night (10pm-2am),FALSE,FALSE,TRUE,FALSE,TRUE
P02154,U0661,TikTok,evelyng749,54,340,298,2.06,3.1,290,Late Night (10pm-2am),FALSE,FALSE,TRUE,FALSE,FALSE
P02155,U0661,Snapchat,evelyn_2025,22,596,596,3.0,1.5,23.2,Late Night (10pm-2am),TRUE,FALSE,FALSE,FALSE,FALSE
P02156,U0661,X (Twitter),evelyn.green,24,59,355,6.38,0.4,26.3,Late Night (10pm-2am),FALSE,FALSE,FALSE,FALSE,FALSE
P02157,U0661,Facebook,itsevelyno,19,329,329,2.37,2.0,19.7,Late Night (10pm-2am),FALSE,FALSE,TRUE,TRUE,FALSE
P02158,U0662,Instagram,sage_official,93,830,510,0.29,2.6,83.6,Late Night (10pm-2am),TRUE,FALSE,FALSE,TRUE,FALSE
P02159,U0662,TikTok,itssagex,25,119,293,2.52,1.8,92.4,Late Night (10pm-2am),FALSE,FALSE,FALSE,FALSE,TRUE
P02160,U0662,X (Twitter),sagec990,45,52,252,4.08,2.2,11.8,Late Night (10pm-2am),TRUE,FALSE,TRUE,FALSE,TRUE
P02161,U0663,Instagram,ellag830,65,342,631,2.82,1.1,113.5,Midday (10am-2pm),FALSE,FALSE,TRUE,TRUE,TRUE
P02162,U0663,TikTok,ella_tv,68,264,1265,3.18,2.9,191.7,Midday (10am-2pm),TRUE,FALSE,TRUE,FALSE,TRUE
P02163,U0663,Snapchat,ellag520,49,535,535,2.7,0.6,18.7,Midday (10am-2pm),TRUE,FALSE,TRUE,TRUE,TRUE
P02164,U0664,Instagram,itstheodore,71,249,645,3.15,2.9,72.1,Evening (6-10pm),TRUE,FALSE,TRUE,FALSE,TRUE
P02165,U0664,TikTok,theodore_x,61,138,696,3.6,1.2,96.2,Midday (10am-2pm),FALSE,FALSE,TRUE,TRUE,TRUE
P02166,U0664,Snapchat,itstheodoreo,69,439,439,2.55,1.3,77.8,Afternoon (2-6pm),TRUE,FALSE,FALSE,FALSE,TRUE
P02167,U0664,X (Twitter),theodorek925,53,54,163,5.26,1.0,13.4,Evening (6-10pm),FALSE,FALSE,TRUE,TRUE,TRUE
P02168,U0665,Instagram,itselizabeth,84,2615,494,2.93,2.1,43.7,Late Night (10pm-2am),FALSE,FALSE,FALSE,FALSE,TRUE
P02169,U0665,TikTok,elizabethk174,44,1546,261,2.87,1.7,83.1,Late Night (10pm-2am),FALSE,FALSE,FALSE,FALSE,TRUE
P02170,U0666,Instagram,audreyc788,89,1358,1295,1.04,1.2,48.4,Late Night (10pm-2am),FALSE,FALSE,TRUE,FALSE,TRUE
P02171,U0666,TikTok,audrey.castillo55,14,116,355,4.56,0.9,90.7,Late Night (10pm-2am),FALSE,FALSE,TRUE,FALSE,TRUE
P02172,U0666,Snapchat,audrey_official,99,279,279,4.55,1.0,41.1,Late Night (10pm-2am),TRUE,FALSE,FALSE,FALSE,TRUE
P02173,U0667,Instagram,itsalondrao,48,608,571,1.79,2.2,100.3,Evening (6-10pm),FALSE,FALSE,FALSE,FALSE,TRUE
P02174,U0667,TikTok,alondra.rossi63,26,190,377,3.5,1.0,60.2,Evening (6-10pm),FALSE,FALSE,FALSE,TRUE,TRUE
P02175,U0667,Snapchat,alondrar801,42,409,409,4.63,0.7,29.1,Evening (6-10pm),TRUE,FALSE,FALSE,FALSE,FALSE
P02176,U0668,Instagram,itslaylao,51,3301,410,2.76,0.3,24.2,Late Night (10pm-2am),FALSE,FALSE,FALSE,FALSE,TRUE
P02177,U0668,TikTok,layla_gram,41,1061,339,5.32,3.8,83.6,Late Night (10pm-2am),FALSE,FALSE,TRUE,FALSE,TRUE
P02178,U0668,Snapchat,layla.tran,41,616,616,7.05,4.2,71.6,Late Night (10pm-2am),FALSE,FALSE,FALSE,FALSE,TRUE
P02179,U0668,X (Twitter),itslayla7,79,191,150,4.44,3.6,29.8,Late Night (10pm-2am),FALSE,FALSE,FALSE,FALSE,TRUE
P02180,U0668,Facebook,layla_x,22,245,245,4.03,4.8,7.0,Late Night (10pm-2am),TRUE,FALSE,TRUE,TRUE,TRUE
P02181,U0669,Instagram,itslukex,35,407,354,0.79,0.9,19.5,Late Night (10pm-2am),FALSE,FALSE,FALSE,TRUE,TRUE
P02182,U0669,TikTok,lukev232,36,1267,289,1.23,2.2,46.5,Late Night (10pm-2am),TRUE,FALSE,TRUE,TRUE,FALSE
P02183,U0669,Snapchat,luke.virtanen,29,331,331,1.21,1.3,59.8,Late Night (10pm-2am),FALSE,FALSE,TRUE,TRUE,TRUE
P02184,U0669,X (Twitter),luke.virtanen,31,127,187,4.63,1.2,22.3,Late Night (10pm-2am),FALSE,FALSE,TRUE,FALSE,FALSE
P02185,U0670,Instagram,itsvictoria1,63,130,191,2.13,4.7,52.5,Late Night (10pm-2am),FALSE,FALSE,FALSE,FALSE,TRUE
P02186,U0670,TikTok,victoriam219,39,682,550,0.92,0.4,83.6,Late Night (10pm-2am),FALSE,FALSE,FALSE,TRUE,TRUE
P02187,U0670,Snapchat,victoria_2024,72,307,307,1.81,0.5,36.0,Late Night (10pm-2am),TRUE,FALSE,FALSE,FALSE,TRUE
P02188,U0670,X (Twitter),victoriam192,79,181,101,3.93,5.0,16.6,Late Night (10pm-2am),FALSE,FALSE,FALSE,FALSE,TRUE
P02189,U0671,TikTok,itssofia,37,558,405,2.36,2.0,67.3,Evening (6-10pm),FALSE,FALSE,TRUE,FALSE,TRUE
P02190,U0671,Snapchat,sofia.parker,77,122,122,5.3,2.3,66.6,Midday (10am-2pm),TRUE,FALSE,TRUE,TRUE,TRUE
P02191,U0672,Instagram,olivia_x,81,657,732,3.64,5.0,57.6,Late Night (10pm-2am),TRUE,FALSE,FALSE,FALSE,TRUE
P02192,U0672,TikTok,oliviaj685,71,883,995,3.43,2.5,66.9,Late Night (10pm-2am),FALSE,FALSE,TRUE,FALSE,TRUE
P02193,U0672,Snapchat,olivia_2029,81,856,856,2.99,2.9,63.5,Late Night (10pm-2am),FALSE,FALSE,TRUE,FALSE,FALSE
P02194,U0673,Instagram,angel.james82,83,600,547,3.37,0.5,119.0,Late Night (10pm-2am),FALSE,FALSE,TRUE,TRUE,TRUE
P02195,U0673,TikTok,itsangel,31,74,295,4.38,0.4,149.8,Late Night (10pm-2am),FALSE,FALSE,TRUE,TRUE,TRUE
P02196,U0674,Instagram,christian_2028,57,1990,787,3.04,1.8,59.6,Late Night (10pm-2am),FALSE,FALSE,TRUE,FALSE,TRUE
P02197,U0674,TikTok,christiann463,45,3074,297,4.15,2.3,91.4,Late Night (10pm-2am),FALSE,FALSE,FALSE,TRUE,FALSE
P02198,U0674,X (Twitter),itschristian9,57,76,291,4.64,1.8,19.5,Late Night (10pm-2am),FALSE,FALSE,TRUE,FALSE,TRUE
P02199,U0675,Instagram,christian_x,44,456,467,0.2,0.9,74.8,Morning (6-10am),FALSE,FALSE,TRUE,FALSE,FALSE
P02200,U0675,TikTok,christian_tv,41,276,334,3.97,0.6,104.3,Evening (6-10pm),FALSE,FALSE,TRUE,FALSE,TRUE
P02201,U0675,Snapchat,christian_gram,42,352,352,2.66,2.0,19.6,Morning (6-10am),TRUE,FALSE,FALSE,TRUE,TRUE
P02202,U0675,X (Twitter),christianv294,42,39,735,2.93,1.6,13.5,Morning (6-10am),TRUE,FALSE,FALSE,TRUE,TRUE
P02203,U0675,Facebook,christian_tv,117,1168,1168,0.2,2.1,25.0,Morning (6-10am),TRUE,FALSE,FALSE,FALSE,TRUE
P02204,U0676,Instagram,marcus_2028,71,565,429,4.26,0.4,42.1,Evening (6-10pm),FALSE,FALSE,FALSE,FALSE,TRUE
P02205,U0676,TikTok,itsmarcus1,67,622,331,4.27,0.7,144.4,Evening (6-10pm),FALSE,FALSE,TRUE,FALSE,FALSE
P02206,U0676,X (Twitter),marcusl469,59,18,262,4.27,0.3,15.7,Afternoon (2-6pm),FALSE,FALSE,TRUE,FALSE,TRUE
P02207,U0677,Instagram,jin_tv,66,1233,338,2.99,1.5,44.0,Late Night (10pm-2am),FALSE,FALSE,TRUE,FALSE,TRUE
P02208,U0677,TikTok,itsjino,27,344,1323,2.38,3.0,87.9,Late Night (10pm-2am),TRUE,FALSE,TRUE,FALSE,TRUE
P02209,U0677,Snapchat,itsjino,74,360,360,2.24,0.2,37.4,Late Night (10pm-2am),TRUE,FALSE,TRUE,TRUE,TRUE
P02210,U0678,Instagram,raj.becker,75,484,373,4.66,3.9,28.5,Evening (6-10pm),FALSE,FALSE,TRUE,FALSE,FALSE
P02211,U0678,TikTok,raj_x,48,1388,781,2.54,0.8,122.2,Evening (6-10pm),FALSE,FALSE,TRUE,FALSE,TRUE
P02212,U0679,Instagram,yunal973,36,570,309,0.67,0.7,62.3,Midday (10am-2pm),TRUE,FALSE,TRUE,FALSE,FALSE
P02213,U0679,TikTok,yuna.le,39,63,612,3.92,1.7,118.5,Morning (6-10am),TRUE,FALSE,TRUE,FALSE,FALSE
P02214,U0679,Snapchat,itsyuna5,77,460,460,1.07,0.7,26.3,Evening (6-10pm),TRUE,FALSE,FALSE,TRUE,TRUE
P02215,U0679,X (Twitter),yunal193,46,71,138,1.53,0.8,15.9,Midday (10am-2pm),FALSE,FALSE,FALSE,FALSE,TRUE
P02216,U0680,Instagram,hazel_official,49,208,425,2.97,0.0,39.4,Midday (10am-2pm),FALSE,FALSE,TRUE,FALSE,FALSE
P02217,U0680,TikTok,itshazelo,22,65,224,1.3,0.9,54.4,Midday (10am-2pm),FALSE,FALSE,TRUE,FALSE,TRUE
P02218,U0681,Instagram,charles.sanchez,73,1018,584,5.43,0.7,145.8,Evening (6-10pm),FALSE,FALSE,TRUE,TRUE,TRUE
P02219,U0681,X (Twitter),charles_official,50,21,372,2.8,1.6,9.0,Midday (10am-2pm),TRUE,FALSE,TRUE,FALSE,TRUE
P02220,U0682,Instagram,tariq.johnson6,30,639,765,0.4,1.9,101.8,Evening (6-10pm),TRUE,FALSE,FALSE,FALSE,FALSE
P02221,U0682,TikTok,tariqj538,41,73,948,4.85,0.4,37.9,Midday (10am-2pm),FALSE,FALSE,TRUE,FALSE,TRUE
P02222,U0682,Snapchat,tariq.johnson,33,254,254,2.73,2.1,71.2,Morning (6-10am),TRUE,FALSE,TRUE,FALSE,TRUE
P02223,U0682,X (Twitter),tariq.johnson,65,21,289,3.8,1.1,30.1,Morning (6-10am),FALSE,FALSE,TRUE,FALSE,TRUE
P02224,U0683,Instagram,dakota.tran63,82,475,359,1.66,3.2,57.4,Evening (6-10pm),FALSE,FALSE,TRUE,FALSE,TRUE
P02225,U0683,TikTok,dakotat380,34,53,392,4.33,2.7,119.7,Evening (6-10pm),FALSE,FALSE,FALSE,FALSE,TRUE
P02226,U0683,Snapchat,dakota.tran4,73,198,198,5.63,1.6,31.8,Afternoon (2-6pm),TRUE,FALSE,FALSE,FALSE,FALSE
P02227,U0683,Facebook,dakota_tv,62,1207,1207,0.66,1.2,11.8,Evening (6-10pm),TRUE,FALSE,TRUE,TRUE,TRUE
P02228,U0684,Instagram,noahw995,55,1136,267,2.73,0.8,141.4,Late Night (10pm-2am),FALSE,FALSE,TRUE,FALSE,FALSE
P02229,U0684,TikTok,noah_gram,47,2126,211,2.12,1.5,84.8,Late Night (10pm-2am),FALSE,FALSE,TRUE,FALSE,TRUE
P02230,U0684,Snapchat,noahw105,29,446,446,2.73,2.1,21.9,Late Night (10pm-2am),TRUE,FALSE,TRUE,TRUE,TRUE
P02231,U0685,Instagram,mayal196,97,496,342,0.93,1.2,104.8,Midday (10am-2pm),TRUE,FALSE,TRUE,TRUE,TRUE
P02232,U0685,Snapchat,mayal295,46,205,205,1.52,0.2,44.2,Evening (6-10pm),TRUE,FALSE,FALSE,TRUE,TRUE
P02233,U0686,TikTok,phoenixk205,21,114,542,2.28,1.3,188.3,Late Night (10pm-2am),TRUE,FALSE,TRUE,TRUE,FALSE
P02234,U0687,TikTok,aisha_x,39,516,205,1.49,3.1,126.6,Late Night (10pm-2am),FALSE,FALSE,FALSE,FALSE,TRUE
P02235,U0687,X (Twitter),aisha_tv,76,48,435,4.3,0.4,38.1,Late Night (10pm-2am),TRUE,FALSE,TRUE,FALSE,TRUE
P02236,U0688,TikTok,milesm412,52,194,1289,2.62,1.2,78.3,Midday (10am-2pm),FALSE,FALSE,TRUE,FALSE,TRUE
P02237,U0688,Snapchat,milesm14,38,797,797,0.2,2.8,15.3,Afternoon (2-6pm),TRUE,FALSE,TRUE,TRUE,FALSE
P02238,U0688,Facebook,miles_official,126,1038,1038,1.87,1.6,11.5,Midday (10am-2pm),FALSE,FALSE,TRUE,FALSE,FALSE
P02239,U0689,Instagram,aubrey.papadopoulos,74,1647,533,1.75,0.4,71.4,Late Night (10pm-2am),FALSE,FALSE,FALSE,TRUE,TRUE
P02240,U0689,TikTok,aubreyp218,57,66,470,3.38,1.7,137.1,Late Night (10pm-2am),TRUE,FALSE,TRUE,TRUE,TRUE
P02241,U0689,Snapchat,aubrey_tv,26,593,593,2.39,0.1,53.6,Late Night (10pm-2am),TRUE,FALSE,TRUE,FALSE,TRUE
P02242,U0689,Facebook,aubrey_2024,83,125,125,4.7,1.0,7.5,Late Night (10pm-2am),FALSE,FALSE,TRUE,TRUE,TRUE
P02243,U0690,Instagram,daniela.khan94,45,1754,279,2.96,3.0,30.0,Late Night (10pm-2am),FALSE,FALSE,TRUE,TRUE,FALSE
P02244,U0690,TikTok,daniela.khan72,50,166,116,0.85,3.5,89.9,Late Night (10pm-2am),FALSE,FALSE,TRUE,FALSE,TRUE
P02245,U0690,Snapchat,danielak639,74,673,673,5.92,0.3,38.6,Late Night (10pm-2am),TRUE,FALSE,TRUE,TRUE,FALSE
P02246,U0690,X (Twitter),daniela_official,63,33,476,3.6,0.9,34.9,Late Night (10pm-2am),FALSE,FALSE,TRUE,FALSE,TRUE
P02247,U0690,Facebook,daniela.khan,11,386,386,4.96,3.3,9.2,Late Night (10pm-2am),TRUE,FALSE,TRUE,FALSE,FALSE
P02248,U0691,Instagram,colton_2030,67,437,426,2.21,1.7,34.2,Evening (6-10pm),FALSE,FALSE,TRUE,FALSE,TRUE
P02249,U0691,TikTok,itscoltonx,23,1375,754,2.57,3.9,33.7,Evening (6-10pm),FALSE,FALSE,TRUE,FALSE,TRUE
P02250,U0691,Snapchat,colton.kaur,76,735,735,2.48,2.0,16.5,Evening (6-10pm),TRUE,FALSE,FALSE,FALSE,TRUE
P02251,U0692,Instagram,aria.park,52,2266,673,2.61,1.8,113.2,Evening (6-10pm),FALSE,FALSE,FALSE,FALSE,TRUE
P02252,U0692,TikTok,ariap380,22,306,113,3.12,1.3,100.0,Midday (10am-2pm),FALSE,FALSE,TRUE,FALSE,FALSE
P02253,U0692,Facebook,ariap112,68,149,149,3.96,1.3,8.7,Evening (6-10pm),FALSE,FALSE,TRUE,FALSE,TRUE
P02254,U0693,Instagram,lucy.janssen45,46,1667,676,3.58,0.6,28.5,Evening (6-10pm),TRUE,FALSE,TRUE,TRUE,FALSE
P02255,U0693,Snapchat,lucy_x,104,725,725,3.45,1.3,99.8,Evening (6-10pm),TRUE,FALSE,FALSE,TRUE,TRUE
P02256,U0693,Facebook,lucyj12,82,760,760,1.49,1.6,8.3,Evening (6-10pm),TRUE,FALSE,TRUE,FALSE,TRUE
P02257,U0694,Instagram,mateow917,32,2967,482,2.31,1.4,62.8,Evening (6-10pm),FALSE,FALSE,TRUE,FALSE,TRUE
P02258,U0694,TikTok,mateow777,42,1180,467,1.97,0.2,170.8,Afternoon (2-6pm),FALSE,FALSE,TRUE,TRUE,TRUE
P02259,U0694,Snapchat,mateo.weber5,100,553,553,3.72,2.1,59.9,Afternoon (2-6pm),FALSE,FALSE,TRUE,FALSE,TRUE
P02260,U0694,X (Twitter),mateo.weber64,15,13,951,3.02,0.3,19.1,Evening (6-10pm),TRUE,FALSE,FALSE,FALSE,FALSE
P02261,U0695,Instagram,jaydenp118,50,578,376,2.24,0.6,44.2,Late Night (10pm-2am),TRUE,FALSE,TRUE,TRUE,FALSE
P02262,U0695,X (Twitter),jaydenp708,40,82,175,3.2,0.8,50.1,Late Night (10pm-2am),FALSE,FALSE,TRUE,FALSE,TRUE
P02263,U0695,Facebook,jayden_tv,78,998,998,2.79,1.6,14.2,Late Night (10pm-2am),FALSE,FALSE,TRUE,FALSE,TRUE
P02264,U0696,Instagram,itsximenao,91,1291,403,4.18,1.3,71.0,Late Night (10pm-2am),FALSE,FALSE,FALSE,FALSE,FALSE
P02265,U0696,TikTok,ximena_official,33,632,616,3.56,1.7,150.8,Late Night (10pm-2am),FALSE,FALSE,FALSE,FALSE,TRUE
P02266,U0696,Snapchat,ximena.bailey,55,575,575,2.84,1.4,84.5,Late Night (10pm-2am),TRUE,FALSE,TRUE,FALSE,TRUE
P02267,U0696,X (Twitter),ximenab74,76,58,658,3.59,1.8,8.3,Late Night (10pm-2am),FALSE,FALSE,TRUE,FALSE,TRUE
P02268,U0696,Facebook,ximenab863,85,606,606,3.72,0.7,14.0,Late Night (10pm-2am),TRUE,FALSE,TRUE,TRUE,TRUE
P02269,U0697,Instagram,zoeyg697,30,1576,292,2.07,0.3,54.1,Morning (6-10am),TRUE,FALSE,FALSE,FALSE,FALSE
P02270,U0697,TikTok,zoey.gonzalez,9,73,496,1.86,2.2,117.2,Evening (6-10pm),TRUE,FALSE,FALSE,TRUE,TRUE
P02271,U0697,Snapchat,zoey_x,102,349,349,3.51,1.7,29.7,Evening (6-10pm),FALSE,FALSE,FALSE,FALSE,TRUE
P02272,U0697,X (Twitter),zoey_2028,37,488,710,3.51,2.6,64.5,Midday (10am-2pm),FALSE,FALSE,TRUE,FALSE,FALSE
P02273,U0698,Instagram,axel_official,69,508,563,3.63,4.8,64.6,Late Night (10pm-2am),FALSE,FALSE,TRUE,TRUE,TRUE
P02274,U0698,TikTok,axelp334,42,411,248,7.54,2.0,91.9,Late Night (10pm-2am),TRUE,FALSE,TRUE,FALSE,FALSE
P02275,U0698,Snapchat,itsaxelx,96,504,504,0.77,3.1,81.9,Late Night (10pm-2am),TRUE,FALSE,TRUE,FALSE,FALSE
P02276,U0698,Facebook,axelp843,56,881,881,3.42,1.4,15.2,Late Night (10pm-2am),FALSE,FALSE,FALSE,FALSE,TRUE
P02277,U0699,TikTok,marcus.wilson,49,2811,549,2.27,1.3,58.4,Midday (10am-2pm),FALSE,FALSE,TRUE,TRUE,TRUE
P02278,U0699,X (Twitter),itsmarcuso,77,274,192,7.17,1.6,9.3,Midday (10am-2pm),FALSE,FALSE,TRUE,FALSE,TRUE
P02279,U0700,Instagram,itszoe6,19,242,640,1.51,3.0,69.6,Afternoon (2-6pm),FALSE,FALSE,TRUE,FALSE,TRUE
P02280,U0700,TikTok,zoe.muller,42,42,464,5.67,8.2,100.0,Evening (6-10pm),FALSE,FALSE,TRUE,FALSE,TRUE
P02281,U0700,Snapchat,zoem50,78,760,760,0.97,2.1,42.6,Afternoon (2-6pm),TRUE,FALSE,TRUE,TRUE,FALSE
P02282,U0700,X (Twitter),zoe.muller44,56,29,725,4.11,2.0,23.5,Afternoon (2-6pm),FALSE,FALSE,FALSE,FALSE,FALSE
P02283,U0701,Instagram,itssofiax,71,1104,669,3.9,0.4,37.0,Late Night (10pm-2am),FALSE,FALSE,FALSE,TRUE,TRUE
P02284,U0701,TikTok,sofia_official,48,230,478,5.42,2.7,115.3,Late Night (10pm-2am),FALSE,FALSE,FALSE,FALSE,FALSE
P02285,U0701,Snapchat,itssofiao,100,337,337,3.68,2.2,67.4,Late Night (10pm-2am),TRUE,FALSE,TRUE,TRUE,TRUE
P02286,U0701,Facebook,sofiaj661,69,426,426,2.39,1.2,25.4,Late Night (10pm-2am),FALSE,FALSE,FALSE,FALSE,TRUE
P02287,U0702,Instagram,everly_official,98,224,369,3.54,1.0,36.0,Afternoon (2-6pm),FALSE,FALSE,FALSE,FALSE,TRUE
P02288,U0702,Snapchat,everlym770,68,284,284,2.24,0.3,31.8,Evening (6-10pm),TRUE,FALSE,FALSE,FALSE,FALSE
P02289,U0702,X (Twitter),itseverly,55,80,227,2.66,1.9,44.1,Evening (6-10pm),FALSE,FALSE,TRUE,FALSE,TRUE
P02290,U0703,Instagram,itscamillex,68,422,573,5.11,3.9,72.1,Evening (6-10pm),FALSE,FALSE,TRUE,FALSE,TRUE
P02291,U0703,TikTok,camille_2028,18,1105,695,1.45,2.6,66.3,Evening (6-10pm),FALSE,FALSE,TRUE,FALSE,TRUE
P02292,U0703,Snapchat,camillem27,55,159,159,5.25,2.1,73.8,Evening (6-10pm),TRUE,FALSE,FALSE,FALSE,TRUE
P02293,U0704,Instagram,danielg774,73,2913,458,2.15,4.9,51.6,Late Night (10pm-2am),FALSE,FALSE,TRUE,FALSE,TRUE
P02294,U0704,TikTok,itsdaniel,56,95,1372,4.33,1.5,81.7,Late Night (10pm-2am),TRUE,FALSE,TRUE,FALSE,TRUE
P02295,U0704,Snapchat,itsdanielx,79,681,681,1.34,2.9,45.0,Late Night (10pm-2am),TRUE,FALSE,TRUE,FALSE,TRUE
P02296,U0704,Facebook,daniel_x,68,802,802,1.57,4.0,27.2,Late Night (10pm-2am),TRUE,FALSE,TRUE,FALSE,TRUE
P02297,U0705,Instagram,willoww661,39,546,531,1.58,0.9,44.9,Afternoon (2-6pm),TRUE,FALSE,TRUE,FALSE,TRUE
P02298,U0705,TikTok,willoww502,14,287,660,4.75,2.0,168.9,Evening (6-10pm),TRUE,FALSE,TRUE,TRUE,TRUE
P02299,U0705,Facebook,willow.walker,88,511,511,0.86,0.7,18.7,Midday (10am-2pm),FALSE,FALSE,TRUE,TRUE,TRUE
P02300,U0706,Instagram,itswillow,83,362,336,2.25,3.5,88.4,Evening (6-10pm),FALSE,FALSE,TRUE,FALSE,FALSE
P02301,U0706,TikTok,willow_gram,29,43,533,3.12,1.3,141.0,Afternoon (2-6pm),FALSE,FALSE,TRUE,FALSE,TRUE
P02302,U0706,X (Twitter),willowc62,22,11,108,3.03,1.1,28.3,Afternoon (2-6pm),FALSE,FALSE,TRUE,FALSE,TRUE
P02303,U0706,Facebook,willow.chavez15,40,546,546,2.91,2.1,12.2,Afternoon (2-6pm),FALSE,FALSE,TRUE,FALSE,TRUE
P02304,U0707,Instagram,ezra.chavez24,51,1838,999,0.2,2.7,130.1,Late Night (10pm-2am),FALSE,FALSE,TRUE,FALSE,TRUE
P02305,U0707,TikTok,itsezra7,68,28,2379,3.6,0.9,200.6,Late Night (10pm-2am),TRUE,FALSE,TRUE,FALSE,TRUE
P02306,U0708,Instagram,everlyw642,70,514,448,5.26,3.2,54.8,Morning (6-10am),FALSE,FALSE,FALSE,FALSE,TRUE
P02307,U0708,TikTok,everlyw936,66,582,462,5.77,3.5,54.9,Morning (6-10am),TRUE,FALSE,TRUE,FALSE,TRUE
P02308,U0708,Snapchat,everly_x,66,650,650,5.85,1.0,32.2,Morning (6-10am),FALSE,FALSE,FALSE,FALSE,TRUE
P02309,U0708,X (Twitter),itseverlyo,22,12,557,3.66,5.2,22.2,Morning (6-10am),FALSE,FALSE,TRUE,FALSE,TRUE
P02310,U0709,Instagram,paisley.laurent86,47,1601,424,0.79,1.5,32.8,Midday (10am-2pm),TRUE,FALSE,FALSE,TRUE,TRUE
P02311,U0709,TikTok,paisley_tv,26,341,320,2.28,0.8,135.0,Morning (6-10am),FALSE,FALSE,TRUE,FALSE,TRUE
P02312,U0709,X (Twitter),itspaisley,56,47,562,4.34,2.8,32.0,Midday (10am-2pm),TRUE,FALSE,TRUE,FALSE,TRUE
P02313,U0709,Facebook,paisleyl295,46,715,715,4.41,1.1,5.1,Morning (6-10am),FALSE,FALSE,TRUE,FALSE,TRUE
P02314,U0710,Instagram,itsluke,65,350,473,0.51,1.7,39.0,Evening (6-10pm),TRUE,FALSE,FALSE,FALSE,TRUE
P02315,U0710,TikTok,luke.novak48,27,642,825,1.3,1.3,122.4,Midday (10am-2pm),FALSE,FALSE,TRUE,TRUE,TRUE
P02316,U0710,Snapchat,luken746,27,257,257,1.97,1.2,74.2,Midday (10am-2pm),TRUE,FALSE,FALSE,TRUE,TRUE
P02317,U0710,X (Twitter),luke.novak10,48,54,175,4.41,0.2,34.2,Evening (6-10pm),FALSE,FALSE,TRUE,FALSE,TRUE
P02318,U0711,Instagram,savannahh806,17,484,644,2.9,0.3,45.9,Late Night (10pm-2am),TRUE,FALSE,TRUE,TRUE,TRUE
P02319,U0711,TikTok,savannahh646,58,831,456,4.0,3.0,44.9,Late Night (10pm-2am),FALSE,FALSE,FALSE,FALSE,FALSE
P02320,U0711,Snapchat,savannahh645,66,390,390,6.02,0.8,38.8,Late Night (10pm-2am),TRUE,FALSE,TRUE,TRUE,FALSE
P02321,U0711,X (Twitter),savannah_tv,28,186,60,3.13,5.8,24.1,Late Night (10pm-2am),TRUE,FALSE,TRUE,FALSE,TRUE
P02322,U0712,Instagram,itsbella4,70,513,358,1.97,1.4,28.9,Afternoon (2-6pm),TRUE,FALSE,FALSE,TRUE,TRUE
P02323,U0712,TikTok,bella_official,75,126,562,2.06,1.1,110.7,Evening (6-10pm),FALSE,FALSE,TRUE,TRUE,TRUE
P02324,U0712,Snapchat,bella_2024,116,422,422,0.2,1.3,57.6,Evening (6-10pm),FALSE,FALSE,FALSE,FALSE,TRUE
P02325,U0713,Instagram,nora.moore,80,193,186,2.61,3.0,32.8,Midday (10am-2pm),FALSE,FALSE,FALSE,FALSE,TRUE
P02326,U0713,X (Twitter),noram890,44,91,85,2.42,2.4,11.7,Midday (10am-2pm),FALSE,FALSE,FALSE,FALSE,TRUE
P02327,U0714,Instagram,itschloex,35,339,313,3.67,3.1,62.1,Afternoon (2-6pm),FALSE,FALSE,FALSE,TRUE,TRUE
P02328,U0714,Snapchat,itschloe9,46,535,535,4.04,3.5,22.3,Afternoon (2-6pm),TRUE,FALSE,FALSE,TRUE,TRUE
P02329,U0714,Facebook,itschloex,102,411,411,3.35,2.2,9.7,Evening (6-10pm),TRUE,FALSE,FALSE,FALSE,FALSE
P02330,U0715,TikTok,kai_gram,35,102,277,3.28,2.8,109.6,Late Night (10pm-2am),FALSE,FALSE,FALSE,TRUE,FALSE
P02331,U0715,X (Twitter),kai.hall,48,405,370,2.38,1.9,16.9,Late Night (10pm-2am),TRUE,FALSE,FALSE,FALSE,TRUE
P02332,U0716,Instagram,lucym102,61,340,234,4.09,1.3,59.8,Late Night (10pm-2am),FALSE,FALSE,TRUE,FALSE,TRUE
P02333,U0716,TikTok,lucy.mensah81,39,150,808,2.5,2.7,151.3,Late Night (10pm-2am),TRUE,FALSE,TRUE,FALSE,TRUE
P02334,U0716,Snapchat,lucym105,116,789,789,2.91,0.6,57.3,Late Night (10pm-2am),FALSE,FALSE,TRUE,FALSE,TRUE
P02335,U0717,Instagram,zoey_2028,74,1153,560,2.9,1.0,71.1,Midday (10am-2pm),TRUE,FALSE,FALSE,FALSE,TRUE
P02336,U0717,TikTok,zoeyc580,27,158,366,4.1,1.7,86.4,Evening (6-10pm),FALSE,FALSE,TRUE,TRUE,TRUE
P02337,U0717,Snapchat,zoey.choi44,74,593,593,3.38,2.5,124.1,Afternoon (2-6pm),TRUE,FALSE,FALSE,TRUE,TRUE
P02338,U0718,Instagram,skylar.martin,44,6780,228,2.47,2.4,96.3,Late Night (10pm-2am),TRUE,FALSE,TRUE,FALSE,TRUE
P02339,U0718,TikTok,itsskylar7,58,200,434,4.44,1.8,29.6,Late Night (10pm-2am),FALSE,FALSE,TRUE,FALSE,TRUE
P02340,U0718,Snapchat,itsskylaro,54,270,270,5.3,0.8,62.1,Late Night (10pm-2am),TRUE,FALSE,FALSE,FALSE,TRUE
P02341,U0719,Instagram,itsmatthewx,62,1053,228,1.21,2.5,58.9,Late Night (10pm-2am),FALSE,FALSE,TRUE,FALSE,TRUE
P02342,U0719,TikTok,matthew.hill,24,500,369,0.62,1.0,84.4,Late Night (10pm-2am),TRUE,FALSE,TRUE,FALSE,TRUE
P02343,U0719,Snapchat,matthew.hill13,52,614,614,1.74,7.8,46.6,Late Night (10pm-2am),TRUE,FALSE,TRUE,TRUE,FALSE
P02344,U0719,Facebook,matthew.hill13,54,102,102,4.18,3.4,10.6,Late Night (10pm-2am),TRUE,FALSE,TRUE,FALSE,FALSE
P02345,U0720,Instagram,charlotte.james87,70,134,537,4.07,2.3,71.0,Evening (6-10pm),FALSE,FALSE,TRUE,FALSE,TRUE
P02346,U0720,TikTok,itscharlotte3,19,232,192,3.93,1.0,90.6,Morning (6-10am),TRUE,FALSE,TRUE,FALSE,TRUE
P02347,U0720,Snapchat,itscharlotte8,96,280,280,3.85,1.7,34.0,Midday (10am-2pm),TRUE,FALSE,FALSE,FALSE,TRUE
P02348,U0720,X (Twitter),charlottej561,71,48,128,4.22,2.0,13.5,Evening (6-10pm),TRUE,FALSE,TRUE,FALSE,TRUE
P02349,U0721,Instagram,nora_official,74,479,372,2.8,2.3,92.0,Late Night (10pm-2am),TRUE,FALSE,TRUE,FALSE,FALSE
P02350,U0721,TikTok,nora_official,34,132,623,0.2,3.6,157.4,Late Night (10pm-2am),TRUE,FALSE,FALSE,FALSE,TRUE
P02351,U0721,Snapchat,nora_gram,63,281,281,4.29,0.2,20.4,Late Night (10pm-2am),TRUE,FALSE,TRUE,FALSE,FALSE
P02352,U0722,Instagram,ellier805,40,610,453,1.86,1.7,45.5,Late Night (10pm-2am),FALSE,FALSE,FALSE,FALSE,TRUE
P02353,U0722,TikTok,itselliex,40,792,772,2.03,3.6,44.1,Late Night (10pm-2am),FALSE,FALSE,FALSE,TRUE,TRUE
P02354,U0723,Instagram,lukek785,62,354,591,0.2,0.0,42.1,Midday (10am-2pm),TRUE,FALSE,FALSE,FALSE,TRUE
P02355,U0723,TikTok,luke.kelly35,40,281,401,0.21,1.3,41.7,Midday (10am-2pm),TRUE,FALSE,FALSE,FALSE,TRUE
P02356,U0723,Snapchat,itsluke7,107,552,552,2.22,1.6,36.2,Midday (10am-2pm),TRUE,FALSE,FALSE,FALSE,FALSE
P02357,U0723,X (Twitter),lukek548,80,58,66,0.2,0.7,14.4,Midday (10am-2pm),FALSE,FALSE,FALSE,FALSE,TRUE
P02358,U0723,Facebook,lukek131,57,1126,1126,2.6,1.3,8.9,Midday (10am-2pm),TRUE,FALSE,TRUE,TRUE,TRUE
P02359,U0724,Instagram,mila_official,68,386,331,4.77,3.8,44.6,Evening (6-10pm),FALSE,FALSE,FALSE,FALSE,FALSE
P02360,U0724,TikTok,itsmilax,25,6174,867,3.34,1.7,61.3,Midday (10am-2pm),FALSE,FALSE,TRUE,FALSE,TRUE
P02361,U0724,Facebook,mila_x,99,564,564,3.62,5.8,15.3,Evening (6-10pm),TRUE,FALSE,TRUE,FALSE,FALSE
P02362,U0725,Instagram,levi.rodriguez97,60,5151,619,1.87,2.9,61.6,Afternoon (2-6pm),TRUE,FALSE,FALSE,TRUE,TRUE
P02363,U0725,TikTok,levi_x,33,1589,446,2.55,4.4,43.5,Evening (6-10pm),FALSE,FALSE,FALSE,FALSE,TRUE
P02364,U0725,Snapchat,levir849,109,268,268,4.08,4.2,37.3,Evening (6-10pm),TRUE,FALSE,TRUE,FALSE,TRUE
P02365,U0725,Facebook,levi.rodriguez56,46,1032,1032,2.94,2.3,11.9,Evening (6-10pm),TRUE,FALSE,FALSE,FALSE,FALSE
P02366,U0726,Instagram,mila.castillo61,46,440,547,2.35,0.8,48.3,Midday (10am-2pm),FALSE,FALSE,TRUE,TRUE,TRUE
P02367,U0726,TikTok,itsmila,27,2811,301,2.21,3.0,153.8,Afternoon (2-6pm),FALSE,FALSE,FALSE,FALSE,TRUE
P02368,U0726,Snapchat,itsmilax,62,738,738,0.47,0.5,51.2,Evening (6-10pm),TRUE,FALSE,TRUE,TRUE,FALSE
P02369,U0726,X (Twitter),milac159,78,88,57,3.82,1.6,27.8,Evening (6-10pm),FALSE,FALSE,FALSE,FALSE,TRUE
P02370,U0727,Instagram,michael_official,79,773,262,3.95,2.3,53.8,Evening (6-10pm),FALSE,FALSE,FALSE,FALSE,FALSE
P02371,U0727,TikTok,michael.singh,51,230,333,2.98,2.5,88.8,Morning (6-10am),TRUE,FALSE,FALSE,FALSE,TRUE
P02372,U0728,Instagram,marcusa965,67,5694,366,3.15,5.5,51.2,Afternoon (2-6pm),FALSE,FALSE,FALSE,FALSE,FALSE
P02373,U0728,TikTok,marcus.anderson,56,68,1812,7.34,1.9,104.5,Midday (10am-2pm),FALSE,FALSE,TRUE,FALSE,FALSE
P02374,U0728,Snapchat,marcus_tv,41,441,441,3.87,2.9,42.6,Evening (6-10pm),TRUE,FALSE,FALSE,FALSE,TRUE
P02375,U0728,X (Twitter),marcus_x,36,277,412,4.29,3.9,30.2,Evening (6-10pm),TRUE,FALSE,TRUE,FALSE,TRUE
P02376,U0728,Facebook,itsmarcuso,88,355,355,3.59,3.2,9.7,Evening (6-10pm),FALSE,FALSE,FALSE,FALSE,TRUE
P02377,U0729,Instagram,tariqf962,46,243,385,1.27,2.1,89.4,Late Night (10pm-2am),FALSE,FALSE,TRUE,FALSE,TRUE
P02378,U0729,TikTok,tariqf684,40,353,350,5.64,4.3,50.5,Late Night (10pm-2am),FALSE,FALSE,TRUE,FALSE,FALSE
P02379,U0729,Facebook,tariq.flores,98,369,369,4.12,1.1,17.8,Late Night (10pm-2am),TRUE,FALSE,TRUE,FALSE,TRUE
P02380,U0730,Instagram,jackt404,84,437,427,2.42,3.3,111.6,Afternoon (2-6pm),FALSE,FALSE,TRUE,FALSE,FALSE
P02381,U0730,TikTok,jack_x,19,683,693,2.81,0.9,198.5,Midday (10am-2pm),FALSE,FALSE,TRUE,FALSE,TRUE
P02382,U0730,Snapchat,itsjack,38,434,434,1.63,1.7,45.0,Afternoon (2-6pm),FALSE,FALSE,TRUE,FALSE,FALSE
P02383,U0730,X (Twitter),jack_tv,51,28,363,3.4,2.1,15.8,Afternoon (2-6pm),FALSE,FALSE,FALSE,FALSE,TRUE
P02384,U0731,Instagram,itstaylorx,65,1648,311,0.28,1.0,52.2,Late Night (10pm-2am),FALSE,FALSE,TRUE,FALSE,TRUE
P02385,U0731,TikTok,taylorb458,24,61,358,2.21,1.5,158.8,Late Night (10pm-2am),FALSE,FALSE,TRUE,FALSE,FALSE
P02386,U0731,Snapchat,taylorb274,46,476,476,2.07,1.2,31.1,Late Night (10pm-2am),FALSE,FALSE,TRUE,TRUE,TRUE
P02387,U0732,Instagram,hazel.santos36,43,143,296,2.14,0.3,32.9,Evening (6-10pm),FALSE,FALSE,TRUE,FALSE,FALSE
P02388,U0732,TikTok,hazels940,52,753,417,0.2,0.1,89.7,Morning (6-10am),FALSE,FALSE,TRUE,FALSE,FALSE
P02389,U0732,Snapchat,hazels678,66,307,307,1.77,3.4,46.2,Evening (6-10pm),TRUE,FALSE,TRUE,FALSE,FALSE
P02390,U0732,Facebook,itshazel9,97,831,831,2.37,0.3,13.6,Morning (6-10am),TRUE,FALSE,TRUE,FALSE,TRUE
P02391,U0733,Instagram,henryj690,92,977,115,1.74,1.0,162.0,Late Night (10pm-2am),TRUE,FALSE,FALSE,TRUE,FALSE
P02392,U0733,TikTok,henryj300,74,116,132,5.23,3.4,46.0,Late Night (10pm-2am),TRUE,FALSE,TRUE,FALSE,TRUE
P02393,U0733,X (Twitter),henryj605,15,60,388,5.45,3.8,15.1,Late Night (10pm-2am),TRUE,FALSE,FALSE,FALSE,TRUE
P02394,U0733,Facebook,itshenryx,96,467,467,4.24,2.7,8.1,Late Night (10pm-2am),FALSE,FALSE,TRUE,FALSE,TRUE
P02395,U0734,Instagram,cameroni376,21,778,394,2.32,1.6,69.5,Late Night (10pm-2am),FALSE,FALSE,TRUE,FALSE,TRUE
P02396,U0734,TikTok,cameroni503,74,541,478,0.3,2.5,124.5,Late Night (10pm-2am),FALSE,FALSE,TRUE,TRUE,FALSE
P02397,U0734,Snapchat,cameron_official,30,482,482,5.83,0.4,58.3,Late Night (10pm-2am),TRUE,FALSE,TRUE,FALSE,TRUE
P02398,U0734,Facebook,cameron_official,56,918,918,2.25,1.4,8.8,Late Night (10pm-2am),FALSE,FALSE,TRUE,FALSE,FALSE
P02399,U0735,TikTok,stellag684,34,1416,248,4.04,1.8,43.2,Afternoon (2-6pm),FALSE,FALSE,TRUE,TRUE,TRUE
P02400,U0735,X (Twitter),stella.gonzalez,21,17,182,4.14,2.6,25.1,Evening (6-10pm),FALSE,FALSE,TRUE,TRUE,TRUE
P02401,U0736,Instagram,andrew.walker,43,518,552,3.47,4.8,99.3,Midday (10am-2pm),FALSE,FALSE,FALSE,TRUE,FALSE
P02402,U0736,TikTok,andreww292,44,2765,790,2.58,1.6,69.1,Morning (6-10am),FALSE,FALSE,TRUE,FALSE,TRUE
P02403,U0737,Instagram,alexg626,73,210,403,2.25,1.0,74.3,Afternoon (2-6pm),FALSE,FALSE,TRUE,TRUE,FALSE
P02404,U0737,TikTok,alex.gutierrez39,53,237,206,2.73,0.6,59.8,Evening (6-10pm),TRUE,FALSE,TRUE,FALSE,FALSE
P02405,U0737,Snapchat,alex_x,98,614,614,3.05,0.5,32.7,Midday (10am-2pm),FALSE,FALSE,FALSE,FALSE,FALSE
P02406,U0737,Facebook,alex_tv,73,259,259,1.9,1.8,6.7,Afternoon (2-6pm),TRUE,FALSE,TRUE,FALSE,TRUE
P02407,U0738,Instagram,yunao290,34,689,353,3.49,0.6,206.4,Evening (6-10pm),TRUE,FALSE,TRUE,TRUE,FALSE
P02408,U0738,TikTok,yuna.ortiz62,29,72,129,3.49,0.4,250.3,Afternoon (2-6pm),FALSE,FALSE,FALSE,TRUE,TRUE
P02409,U0739,Instagram,omarf865,33,338,147,2.01,1.0,64.6,Late Night (10pm-2am),FALSE,FALSE,TRUE,FALSE,TRUE
P02410,U0739,TikTok,itsomar,40,100,127,1.17,2.8,39.3,Late Night (10pm-2am),TRUE,FALSE,FALSE,TRUE,TRUE
P02411,U0739,Snapchat,omarf338,95,361,361,2.27,2.6,82.5,Late Night (10pm-2am),TRUE,FALSE,FALSE,TRUE,TRUE
P02412,U0740,Instagram,itscaleb7,58,1371,433,3.27,1.5,29.5,Late Night (10pm-2am),FALSE,FALSE,TRUE,TRUE,TRUE
P02413,U0740,TikTok,caleb.tran,49,149,1007,4.39,4.0,58.5,Late Night (10pm-2am),FALSE,FALSE,FALSE,TRUE,TRUE
P02414,U0740,Snapchat,itscaleb,100,429,429,1.84,3.1,35.9,Late Night (10pm-2am),TRUE,FALSE,TRUE,TRUE,TRUE
P02415,U0740,X (Twitter),caleb.tran,41,5,462,3.34,0.2,27.4,Late Night (10pm-2am),TRUE,FALSE,TRUE,FALSE,FALSE
P02416,U0741,Instagram,leahk425,65,1083,527,2.91,0.8,95.4,Late Night (10pm-2am),FALSE,FALSE,TRUE,TRUE,FALSE
P02417,U0741,TikTok,leah_x,37,2011,190,3.32,1.3,81.0,Late Night (10pm-2am),TRUE,FALSE,FALSE,FALSE,TRUE
P02418,U0741,Snapchat,leahk259,97,217,217,4.29,2.5,40.8,Late Night (10pm-2am),TRUE,FALSE,TRUE,TRUE,TRUE
P02419,U0742,Instagram,sofia.jones61,97,1237,427,4.0,5.6,80.3,Late Night (10pm-2am),TRUE,FALSE,TRUE,FALSE,TRUE
P02420,U0742,X (Twitter),sofia.jones92,26,70,155,7.82,5.3,39.1,Late Night (10pm-2am),FALSE,FALSE,FALSE,FALSE,TRUE
P02421,U0743,Instagram,liamr926,62,531,520,4.14,2.2,65.3,Evening (6-10pm),FALSE,FALSE,TRUE,TRUE,TRUE
P02422,U0743,TikTok,liam.ramos,36,92,606,3.57,5.3,137.0,Evening (6-10pm),TRUE,FALSE,TRUE,FALSE,TRUE
P02423,U0743,Snapchat,itsliam9,80,492,492,5.01,3.6,39.5,Midday (10am-2pm),FALSE,FALSE,TRUE,TRUE,TRUE
P02424,U0744,Instagram,mateo.visser,64,537,546,1.0,0.4,53.2,Evening (6-10pm),TRUE,FALSE,TRUE,FALSE,FALSE
P02425,U0744,TikTok,mateo.visser,43,171,665,3.21,0.3,26.5,Afternoon (2-6pm),FALSE,FALSE,FALSE,FALSE,FALSE
P02426,U0745,Instagram,elizabeth_x,103,826,250,2.55,0.7,26.6,Late Night (10pm-2am),FALSE,FALSE,TRUE,FALSE,TRUE
P02427,U0745,TikTok,itselizabetho,6,894,236,1.4,3.3,43.7,Late Night (10pm-2am),FALSE,FALSE,TRUE,FALSE,TRUE
P02428,U0745,X (Twitter),elizabeth_x,70,28,59,4.14,3.7,28.6,Late Night (10pm-2am),TRUE,FALSE,TRUE,FALSE,TRUE
P02429,U0746,Instagram,laylar233,27,1791,1061,3.8,2.2,33.0,Late Night (10pm-2am),FALSE,FALSE,TRUE,FALSE,FALSE
P02430,U0746,TikTok,itslayla,60,123,871,3.98,3.4,146.6,Late Night (10pm-2am),FALSE,FALSE,TRUE,FALSE,TRUE
P02431,U0746,Snapchat,layla.rodriguez81,60,535,535,4.39,5.0,63.0,Late Night (10pm-2am),FALSE,FALSE,TRUE,FALSE,TRUE
P02432,U0746,Facebook,itslayla,60,728,728,5.4,2.3,16.9,Late Night (10pm-2am),FALSE,FALSE,TRUE,TRUE,TRUE
P02433,U0747,Instagram,itschristian,64,1551,347,5.38,1.6,72.5,Morning (6-10am),FALSE,FALSE,TRUE,FALSE,FALSE
P02434,U0747,TikTok,christian.ward73,38,52,546,3.09,1.4,68.7,Morning (6-10am),FALSE,FALSE,TRUE,FALSE,TRUE
P02435,U0747,Snapchat,christian_official,99,514,514,4.46,4.2,22.1,Midday (10am-2pm),TRUE,FALSE,TRUE,TRUE,TRUE
P02436,U0747,Facebook,christianw533,23,634,634,2.49,3.3,13.4,Midday (10am-2pm),TRUE,FALSE,FALSE,FALSE,TRUE
P02437,U0748,Instagram,aurorap370,53,469,342,1.44,0.4,47.1,Late Night (10pm-2am),FALSE,FALSE,TRUE,FALSE,TRUE
P02438,U0748,TikTok,aurorap820,26,521,802,1.51,0.1,162.0,Late Night (10pm-2am),FALSE,FALSE,FALSE,FALSE,TRUE
P02439,U0748,Snapchat,aurora.park,58,325,325,1.99,0.4,36.4,Late Night (10pm-2am),FALSE,FALSE,TRUE,TRUE,TRUE
P02440,U0749,Instagram,sophia_tv,63,330,287,2.17,1.5,50.1,Evening (6-10pm),TRUE,FALSE,FALSE,FALSE,FALSE
P02441,U0749,TikTok,sophia.rodriguez,28,298,1079,2.76,1.8,74.8,Afternoon (2-6pm),TRUE,FALSE,TRUE,FALSE,TRUE
P02442,U0749,Snapchat,sophia_official,28,262,262,5.52,0.9,46.0,Evening (6-10pm),TRUE,FALSE,FALSE,TRUE,TRUE
P02443,U0749,X (Twitter),itssophiax,26,52,135,3.86,3.0,23.2,Afternoon (2-6pm),FALSE,FALSE,FALSE,FALSE,FALSE
P02444,U0750,Instagram,charlotte_2030,97,1699,198,3.41,5.8,162.4,Midday (10am-2pm),FALSE,FALSE,TRUE,TRUE,TRUE
P02445,U0750,TikTok,itscharlotte8,72,219,711,4.85,1.4,162.6,Midday (10am-2pm),TRUE,FALSE,TRUE,FALSE,FALSE
P02446,U0750,Snapchat,charlotte_tv,67,656,656,2.98,2.1,24.9,Evening (6-10pm),TRUE,FALSE,TRUE,TRUE,TRUE
P02447,U0751,Instagram,paisley.richardson21,82,169,706,6.33,2.9,71.0,Morning (6-10am),FALSE,FALSE,TRUE,FALSE,FALSE
P02448,U0751,Snapchat,paisleyr578,30,209,209,2.29,2.2,30.0,Evening (6-10pm),TRUE,FALSE,TRUE,FALSE,TRUE
P02449,U0751,X (Twitter),itspaisley2,19,176,757,2.82,3.5,16.1,Morning (6-10am),TRUE,FALSE,TRUE,FALSE,TRUE
P02450,U0751,Facebook,paisley.richardson,91,1065,1065,4.21,2.7,13.5,Evening (6-10pm),FALSE,FALSE,TRUE,TRUE,TRUE
P02451,U0752,Instagram,christian.hughes,30,1041,481,0.81,1.2,33.9,Midday (10am-2pm),FALSE,FALSE,FALSE,FALSE,TRUE
P02452,U0752,TikTok,christian.hughes17,45,277,119,1.65,7.0,124.4,Evening (6-10pm),FALSE,FALSE,FALSE,FALSE,TRUE
P02453,U0752,X (Twitter),christian.hughes,45,81,356,3.95,0.9,15.7,Evening (6-10pm),TRUE,FALSE,TRUE,FALSE,TRUE
P02454,U0752,Facebook,christian.hughes92,95,1238,1238,4.99,1.1,9.6,Afternoon (2-6pm),FALSE,FALSE,FALSE,TRUE,TRUE
P02455,U0753,Instagram,carter_x,68,1032,449,2.14,1.6,65.6,Midday (10am-2pm),TRUE,FALSE,TRUE,TRUE,TRUE
P02456,U0753,TikTok,itscarterx,62,98,653,2.38,0.7,166.0,Evening (6-10pm),TRUE,FALSE,FALSE,FALSE,TRUE
P02457,U0753,Snapchat,carter_tv,78,141,141,1.67,0.8,66.6,Afternoon (2-6pm),TRUE,FALSE,FALSE,TRUE,TRUE
P02458,U0753,Facebook,cartery930,81,556,556,1.05,2.8,15.0,Evening (6-10pm),TRUE,FALSE,TRUE,FALSE,TRUE
P02459,U0754,Instagram,stellaf358,36,407,605,4.01,4.2,57.8,Evening (6-10pm),TRUE,FALSE,FALSE,FALSE,TRUE
P02460,U0754,TikTok,itsstellax,48,157,214,1.83,0.6,97.6,Midday (10am-2pm),FALSE,FALSE,TRUE,TRUE,TRUE
P02461,U0754,Snapchat,stellaf858,39,558,558,4.21,0.4,27.7,Afternoon (2-6pm),TRUE,FALSE,FALSE,FALSE,TRUE
P02462,U0754,X (Twitter),stella_tv,39,273,113,4.68,2.5,21.8,Midday (10am-2pm),TRUE,FALSE,TRUE,FALSE,FALSE
P02463,U0754,Facebook,stella_2025,22,453,453,5.1,1.8,10.0,Afternoon (2-6pm),TRUE,FALSE,FALSE,TRUE,TRUE
P02464,U0755,Instagram,santiago_tv,75,811,310,3.07,0.4,134.7,Late Night (10pm-2am),TRUE,FALSE,TRUE,TRUE,FALSE
P02465,U0755,TikTok,itssantiago,68,1130,1273,0.77,0.7,80.3,Late Night (10pm-2am),FALSE,FALSE,TRUE,FALSE,TRUE
P02466,U0755,Snapchat,santiago_gram,95,52,52,2.97,1.5,38.8,Late Night (10pm-2am),TRUE,FALSE,TRUE,TRUE,FALSE
P02467,U0756,Instagram,itsgabriella4,49,349,323,1.84,1.2,48.0,Morning (6-10am),TRUE,FALSE,TRUE,TRUE,FALSE
P02468,U0756,TikTok,gabriellah378,38,176,670,3.43,1.5,39.0,Evening (6-10pm),TRUE,FALSE,TRUE,FALSE,TRUE
P02469,U0756,Snapchat,gabriella_x,68,174,174,5.77,2.3,34.8,Midday (10am-2pm),FALSE,FALSE,TRUE,TRUE,TRUE
P02470,U0756,X (Twitter),itsgabriellao,69,477,320,3.71,0.8,25.4,Midday (10am-2pm),FALSE,FALSE,FALSE,FALSE,FALSE
P02471,U0757,Instagram,priya.patel30,87,207,316,3.34,0.7,87.6,Afternoon (2-6pm),TRUE,FALSE,TRUE,TRUE,TRUE
P02472,U0757,TikTok,priya_official,41,97,509,2.39,2.7,92.3,Midday (10am-2pm),FALSE,FALSE,TRUE,FALSE,TRUE
P02473,U0758,Instagram,jonathanc785,34,120,441,3.43,1.1,66.2,Afternoon (2-6pm),FALSE,FALSE,FALSE,FALSE,TRUE
P02474,U0758,TikTok,itsjonathanx,58,139,301,4.64,1.2,112.3,Evening (6-10pm),FALSE,FALSE,TRUE,FALSE,TRUE
P02475,U0758,Snapchat,itsjonathan7,54,505,505,3.05,1.8,57.2,Afternoon (2-6pm),TRUE,FALSE,TRUE,FALSE,TRUE
P02476,U0759,Instagram,itsyunax,34,351,517,5.2,6.0,106.6,Late Night (10pm-2am),TRUE,FALSE,TRUE,FALSE,TRUE
P02477,U0759,TikTok,yuna.li8,31,131,707,7.1,1.5,101.5,Late Night (10pm-2am),TRUE,FALSE,FALSE,TRUE,TRUE
P02478,U0759,Facebook,yunal474,10,822,822,5.51,2.5,29.2,Late Night (10pm-2am),FALSE,FALSE,FALSE,FALSE,TRUE
P02479,U0760,Instagram,leaht291,54,665,399,6.49,2.4,56.4,Late Night (10pm-2am),TRUE,FALSE,FALSE,FALSE,TRUE
P02480,U0760,TikTok,leaht873,36,353,2169,3.73,1.4,140.5,Late Night (10pm-2am),FALSE,FALSE,TRUE,FALSE,TRUE
P02481,U0760,Snapchat,itsleah7,75,329,329,3.78,2.8,24.3,Late Night (10pm-2am),TRUE,FALSE,FALSE,FALSE,TRUE
P02482,U0760,X (Twitter),leah_tv,36,96,169,3.39,0.2,10.5,Late Night (10pm-2am),FALSE,FALSE,FALSE,FALSE,TRUE
P02483,U0760,Facebook,leaht536,48,650,650,2.91,2.7,23.7,Late Night (10pm-2am),TRUE,FALSE,FALSE,TRUE,TRUE
P02484,U0761,Instagram,mei.vargas,39,1007,569,1.1,1.9,91.3,Afternoon (2-6pm),FALSE,FALSE,TRUE,TRUE,FALSE
P02485,U0761,TikTok,meiv980,45,388,116,4.12,0.7,180.0,Afternoon (2-6pm),FALSE,FALSE,TRUE,FALSE,TRUE
P02486,U0761,Snapchat,itsmeix,42,438,438,2.87,4.3,42.7,Evening (6-10pm),TRUE,FALSE,TRUE,FALSE,TRUE
P02487,U0762,Instagram,ximenag386,63,2057,584,3.59,4.3,36.1,Evening (6-10pm),FALSE,FALSE,TRUE,FALSE,FALSE
P02488,U0762,TikTok,itsximenao,18,709,916,1.28,4.4,71.6,Afternoon (2-6pm),FALSE,FALSE,TRUE,FALSE,TRUE
P02489,U0762,Snapchat,ximenag431,107,358,358,2.86,1.6,61.7,Evening (6-10pm),TRUE,FALSE,TRUE,TRUE,TRUE
P02490,U0762,X (Twitter),itsximenao,22,440,97,2.5,0.9,23.3,Afternoon (2-6pm),FALSE,FALSE,FALSE,TRUE,TRUE
P02491,U0763,Instagram,itsandrewx,55,317,274,1.59,1.6,57.5,Late Night (10pm-2am),TRUE,FALSE,TRUE,FALSE,TRUE
P02492,U0763,TikTok,andrewh485,56,174,487,0.2,0.7,128.5,Late Night (10pm-2am),FALSE,FALSE,TRUE,FALSE,FALSE
P02493,U0763,Snapchat,andrew.harris,100,494,494,3.56,0.8,39.9,Late Night (10pm-2am),FALSE,FALSE,TRUE,FALSE,FALSE
P02494,U0763,Facebook,andrewh546,34,588,588,1.1,2.1,9.0,Late Night (10pm-2am),FALSE,FALSE,FALSE,FALSE,TRUE
P02495,U0764,Instagram,angelm471,65,2623,658,0.2,2.8,111.8,Late Night (10pm-2am),FALSE,FALSE,TRUE,FALSE,TRUE
P02496,U0764,Snapchat,angel_tv,47,567,567,2.12,1.3,35.2,Late Night (10pm-2am),TRUE,FALSE,TRUE,TRUE,TRUE
P02497,U0764,Facebook,angel_x,88,898,898,0.98,1.8,33.7,Late Night (10pm-2am),FALSE,FALSE,TRUE,FALSE,FALSE
P02498,U0765,Instagram,lilyl180,43,248,173,3.92,3.0,42.6,Late Night (10pm-2am),TRUE,FALSE,TRUE,FALSE,FALSE
P02499,U0765,TikTok,lily.li63,36,3517,280,3.07,1.5,33.9,Late Night (10pm-2am),FALSE,FALSE,FALSE,FALSE,TRUE
P02500,U0765,Snapchat,lily.li,87,822,822,0.86,4.0,53.7,Late Night (10pm-2am),TRUE,FALSE,FALSE,FALSE,TRUE
P02501,U0765,Facebook,lilyl953,67,430,430,4.78,2.1,28.8,Late Night (10pm-2am),FALSE,FALSE,TRUE,FALSE,TRUE
P02502,U0766,Instagram,camille.cook70,74,224,1022,2.39,7.4,59.7,Late Night (10pm-2am),TRUE,FALSE,TRUE,FALSE,FALSE
P02503,U0766,TikTok,camillec169,35,366,173,5.16,3.1,88.9,Late Night (10pm-2am),FALSE,FALSE,TRUE,FALSE,TRUE
P02504,U0766,Snapchat,camille.cook,89,432,432,3.45,1.3,69.1,Late Night (10pm-2am),TRUE,FALSE,FALSE,FALSE,TRUE
P02505,U0767,Instagram,eliasc515,68,737,476,4.31,0.8,129.5,Midday (10am-2pm),FALSE,FALSE,TRUE,TRUE,FALSE
P02506,U0767,TikTok,eliasc321,41,12380,793,0.87,2.4,95.8,Afternoon (2-6pm),FALSE,FALSE,FALSE,FALSE,FALSE
P02507,U0767,Snapchat,elias_tv,93,755,755,3.43,4.5,77.5,Midday (10am-2pm),TRUE,FALSE,FALSE,TRUE,FALSE
P02508,U0767,Facebook,itselias6,76,579,579,6.21,4.7,8.6,Evening (6-10pm),FALSE,FALSE,FALSE,FALSE,FALSE
P02509,U0768,Instagram,nathan.ward33,35,686,774,2.85,4.2,57.7,Afternoon (2-6pm),FALSE,FALSE,TRUE,FALSE,TRUE
P02510,U0768,TikTok,nathan_2026,61,54,669,4.64,0.5,148.2,Afternoon (2-6pm),FALSE,FALSE,FALSE,FALSE,FALSE
P02511,U0768,Snapchat,nathan.ward,87,656,656,3.54,1.1,14.8,Midday (10am-2pm),TRUE,FALSE,FALSE,FALSE,TRUE
P02512,U0768,X (Twitter),nathan_x,51,426,438,5.3,1.2,7.7,Afternoon (2-6pm),FALSE,FALSE,FALSE,FALSE,TRUE
P02513,U0769,Instagram,easton_2024,69,350,425,0.49,0.6,38.8,Afternoon (2-6pm),FALSE,FALSE,TRUE,FALSE,TRUE
P02514,U0769,TikTok,eastonk448,46,50,450,1.52,1.0,86.3,Evening (6-10pm),FALSE,FALSE,TRUE,FALSE,FALSE
P02515,U0770,Instagram,oliviac701,76,374,642,0.65,2.4,71.9,Morning (6-10am),TRUE,FALSE,FALSE,FALSE,FALSE
P02516,U0770,TikTok,oliviac725,39,46,1343,2.9,1.9,49.4,Morning (6-10am),TRUE,FALSE,TRUE,FALSE,FALSE
P02517,U0770,Snapchat,olivia.castillo55,50,179,179,1.02,2.3,21.1,Morning (6-10am),TRUE,FALSE,FALSE,TRUE,TRUE
P02518,U0770,X (Twitter),oliviac48,49,9,572,2.91,0.3,19.1,Midday (10am-2pm),TRUE,FALSE,FALSE,FALSE,FALSE
P02519,U0770,Facebook,itsoliviao,80,643,643,0.39,0.5,13.7,Morning (6-10am),FALSE,FALSE,TRUE,FALSE,TRUE
P02520,U0771,TikTok,jacob.baker,52,256,352,3.68,1.1,90.0,Midday (10am-2pm),TRUE,FALSE,TRUE,FALSE,TRUE
P02521,U0771,Snapchat,jacobb534,30,631,631,2.36,2.0,33.8,Evening (6-10pm),TRUE,FALSE,TRUE,FALSE,TRUE
P02522,U0772,Instagram,eleanorl256,68,661,473,1.76,0.7,52.6,Afternoon (2-6pm),FALSE,FALSE,FALSE,FALSE,TRUE
P02523,U0772,TikTok,eleanorl192,45,2704,306,0.2,2.0,141.3,Afternoon (2-6pm),TRUE,FALSE,FALSE,TRUE,TRUE
P02524,U0772,Snapchat,itseleanorx,74,250,250,3.22,1.4,17.5,Midday (10am-2pm),FALSE,FALSE,TRUE,TRUE,TRUE
P02525,U0773,Instagram,itsaurora5,73,831,519,2.65,1.3,40.7,Late Night (10pm-2am),FALSE,FALSE,TRUE,TRUE,TRUE
P02526,U0773,TikTok,auroraw759,43,88,747,2.34,1.7,242.8,Late Night (10pm-2am),TRUE,FALSE,FALSE,FALSE,TRUE
P02527,U0773,Facebook,aurora.ward35,118,816,816,3.91,1.5,18.2,Late Night (10pm-2am),TRUE,FALSE,FALSE,FALSE,FALSE
P02528,U0774,Instagram,itsalexanderx,60,246,359,0.2,2.0,49.2,Afternoon (2-6pm),FALSE,FALSE,TRUE,TRUE,FALSE
P02529,U0774,TikTok,itsalexander1,51,431,1083,2.45,0.6,86.8,Midday (10am-2pm),TRUE,FALSE,TRUE,FALSE,TRUE
P02530,U0774,Snapchat,alexander_tv,91,383,383,3.2,3.4,40.2,Afternoon (2-6pm),TRUE,FALSE,TRUE,FALSE,TRUE
P02531,U0775,TikTok,jonathan_tv,30,251,918,2.03,2.2,105.7,Evening (6-10pm),FALSE,FALSE,FALSE,FALSE,FALSE
P02532,U0775,Snapchat,jonathana613,47,377,377,3.05,1.9,47.9,Afternoon (2-6pm),TRUE,FALSE,FALSE,FALSE,TRUE
P02533,U0775,X (Twitter),jonathan.anderson48,19,12,106,5.21,1.1,47.9,Afternoon (2-6pm),TRUE,FALSE,FALSE,TRUE,FALSE
P02534,U0776,Instagram,wei_2027,66,442,237,3.63,0.9,91.1,Midday (10am-2pm),TRUE,FALSE,FALSE,FALSE,TRUE
P02535,U0776,TikTok,itsweio,57,63,279,2.25,1.1,88.4,Morning (6-10am),TRUE,FALSE,TRUE,FALSE,FALSE
P02536,U0777,Instagram,madison.muller,38,1379,385,3.73,1.0,103.1,Evening (6-10pm),TRUE,FALSE,TRUE,FALSE,TRUE
P02537,U0777,TikTok,madison_gram,34,134,978,3.75,1.5,143.8,Evening (6-10pm),TRUE,FALSE,FALSE,FALSE,TRUE
P02538,U0777,Snapchat,itsmadison,85,812,812,2.07,3.3,22.8,Midday (10am-2pm),TRUE,FALSE,FALSE,TRUE,TRUE
P02539,U0777,Facebook,madisonm611,69,1308,1308,1.0,0.1,17.5,Evening (6-10pm),FALSE,FALSE,TRUE,FALSE,TRUE
P02540,U0778,Instagram,lincolnw106,59,741,388,1.65,0.5,33.2,Midday (10am-2pm),TRUE,FALSE,FALSE,FALSE,TRUE
P02541,U0778,TikTok,lincoln.white61,40,3064,540,2.74,0.6,65.9,Evening (6-10pm),FALSE,FALSE,TRUE,TRUE,TRUE
P02542,U0778,Snapchat,lincolnw784,116,414,414,2.83,1.4,21.7,Midday (10am-2pm),TRUE,FALSE,FALSE,FALSE,TRUE
P02543,U0778,X (Twitter),lincoln_official,33,5,362,5.37,0.6,34.5,Afternoon (2-6pm),FALSE,FALSE,TRUE,FALSE,TRUE
P02544,U0778,Facebook,itslincolno,19,597,597,4.13,3.9,3.7,Evening (6-10pm),TRUE,FALSE,FALSE,FALSE,FALSE
P02545,U0779,Instagram,landonc197,59,1154,293,3.78,2.4,62.7,Late Night (10pm-2am),FALSE,FALSE,TRUE,TRUE,FALSE
P02546,U0779,TikTok,landonc878,46,1778,338,0.73,5.2,44.1,Late Night (10pm-2am),FALSE,FALSE,TRUE,TRUE,TRUE
P02547,U0779,Snapchat,landonc345,37,274,274,1.61,2.0,46.1,Late Night (10pm-2am),TRUE,FALSE,TRUE,FALSE,TRUE
P02548,U0779,X (Twitter),landonc608,56,295,307,3.85,1.0,5.4,Late Night (10pm-2am),FALSE,FALSE,FALSE,FALSE,FALSE
P02549,U0780,Instagram,itsmadelyn2,87,1418,288,0.51,0.9,19.9,Evening (6-10pm),TRUE,FALSE,TRUE,TRUE,TRUE
P02550,U0780,TikTok,madelyn.laurent8,61,400,496,2.4,0.5,149.5,Midday (10am-2pm),FALSE,FALSE,TRUE,TRUE,TRUE
P02551,U0780,Snapchat,madelyn.laurent,50,712,712,2.85,0.1,15.5,Evening (6-10pm),TRUE,FALSE,TRUE,FALSE,TRUE
P02552,U0781,Instagram,jackson.cook,59,432,427,3.68,1.7,47.6,Evening (6-10pm),FALSE,FALSE,TRUE,FALSE,TRUE
P02553,U0781,TikTok,jackson_gram,55,681,398,3.25,2.2,133.6,Evening (6-10pm),FALSE,FALSE,TRUE,FALSE,TRUE
P02554,U0781,Snapchat,jackson.cook84,22,336,336,3.58,2.2,31.9,Evening (6-10pm),TRUE,FALSE,FALSE,FALSE,TRUE
P02555,U0781,X (Twitter),jacksonc751,84,272,286,4.19,2.0,25.2,Afternoon (2-6pm),FALSE,FALSE,FALSE,TRUE,TRUE
P02556,U0782,Instagram,henryt962,48,2921,162,2.39,2.0,45.4,Evening (6-10pm),TRUE,FALSE,TRUE,FALSE,FALSE
P02557,U0782,TikTok,henry_x,10,444,356,3.98,4.5,68.7,Evening (6-10pm),TRUE,FALSE,TRUE,FALSE,TRUE
P02558,U0783,Instagram,emily.torres78,36,2883,121,3.87,4.6,45.1,Midday (10am-2pm),FALSE,FALSE,FALSE,FALSE,TRUE
P02559,U0783,TikTok,emily.torres83,64,775,421,5.01,4.5,37.9,Evening (6-10pm),FALSE,FALSE,FALSE,FALSE,TRUE
P02560,U0783,Facebook,itsemilyx,78,862,862,3.58,2.8,15.6,Afternoon (2-6pm),FALSE,FALSE,TRUE,FALSE,TRUE
P02561,U0784,Instagram,emerson.muller,64,1784,256,3.5,1.9,101.2,Late Night (10pm-2am),TRUE,FALSE,FALSE,TRUE,TRUE
P02562,U0784,TikTok,emersonm986,23,273,1707,3.76,1.4,158.2,Late Night (10pm-2am),TRUE,FALSE,FALSE,FALSE,FALSE
P02563,U0784,Snapchat,emersonm262,56,585,585,3.81,0.7,96.1,Late Night (10pm-2am),TRUE,FALSE,TRUE,FALSE,TRUE
P02564,U0784,X (Twitter),emerson.muller,55,98,175,4.11,1.7,35.8,Late Night (10pm-2am),FALSE,FALSE,TRUE,FALSE,TRUE
P02565,U0784,Facebook,emersonm257,42,400,400,2.0,3.0,13.7,Late Night (10pm-2am),FALSE,FALSE,TRUE,FALSE,FALSE
P02566,U0785,Instagram,simonej54,36,482,675,4.11,5.4,102.9,Late Night (10pm-2am),FALSE,FALSE,TRUE,FALSE,TRUE
P02567,U0785,Snapchat,simone.jimenez,92,426,426,3.78,1.8,49.0,Late Night (10pm-2am),TRUE,FALSE,TRUE,TRUE,FALSE
P02568,U0785,Facebook,simone_2027,89,509,509,3.26,3.8,8.7,Late Night (10pm-2am),FALSE,FALSE,FALSE,FALSE,TRUE
P02569,U0786,Instagram,isaack401,72,917,664,3.97,0.8,83.3,Evening (6-10pm),TRUE,FALSE,TRUE,FALSE,TRUE
P02570,U0786,TikTok,isaac_tv,47,746,1194,3.19,5.6,76.5,Evening (6-10pm),FALSE,FALSE,TRUE,FALSE,TRUE
P02571,U0786,Facebook,isaack371,81,676,676,1.68,1.9,8.6,Evening (6-10pm),TRUE,FALSE,TRUE,FALSE,TRUE
P02572,U0787,Instagram,andrewc692,53,1036,178,2.55,1.7,139.7,Midday (10am-2pm),TRUE,FALSE,FALSE,TRUE,FALSE
P02573,U0787,Snapchat,itsandrewo,46,205,205,1.86,2.6,29.9,Midday (10am-2pm),TRUE,FALSE,FALSE,FALSE,FALSE
P02574,U0787,X (Twitter),andrewc408,18,32,270,6.17,6.3,40.0,Midday (10am-2pm),FALSE,FALSE,FALSE,FALSE,TRUE
P02575,U0788,Instagram,itsevelyno,27,4983,1157,3.39,1.4,72.9,Evening (6-10pm),FALSE,FALSE,TRUE,FALSE,TRUE
P02576,U0788,TikTok,evelynf319,31,1232,224,2.87,5.6,32.8,Evening (6-10pm),FALSE,FALSE,FALSE,FALSE,TRUE
P02577,U0788,X (Twitter),evelyn_2025,18,49,184,4.89,2.2,19.3,Midday (10am-2pm),FALSE,FALSE,TRUE,FALSE,TRUE
P02578,U0789,Instagram,dakotar17,45,680,518,2.91,2.7,27.2,Evening (6-10pm),TRUE,FALSE,TRUE,FALSE,TRUE
P02579,U0789,TikTok,dakota_official,51,2636,762,0.21,1.8,62.7,Evening (6-10pm),FALSE,FALSE,TRUE,FALSE,FALSE
P02580,U0789,Snapchat,dakota.richardson85,66,595,595,1.41,3.3,26.4,Afternoon (2-6pm),TRUE,FALSE,TRUE,FALSE,TRUE
P02581,U0789,Facebook,dakota.richardson,109,818,818,4.52,1.4,9.5,Evening (6-10pm),TRUE,FALSE,TRUE,FALSE,TRUE
P02582,U0790,Instagram,itscooper,57,973,327,2.49,1.6,64.5,Evening (6-10pm),TRUE,FALSE,TRUE,FALSE,FALSE
P02583,U0790,TikTok,itscooper9,52,1265,370,3.09,0.8,42.3,Morning (6-10am),FALSE,FALSE,FALSE,TRUE,TRUE
P02584,U0790,Snapchat,itscooper,74,258,258,2.53,1.6,60.1,Evening (6-10pm),TRUE,FALSE,TRUE,TRUE,TRUE
P02585,U0791,TikTok,hannah.taylor,56,63,617,3.11,0.4,135.6,Evening (6-10pm),FALSE,FALSE,FALSE,FALSE,FALSE
P02586,U0791,Snapchat,hannah_tv,64,241,241,3.19,2.9,56.9,Evening (6-10pm),FALSE,FALSE,TRUE,TRUE,TRUE
P02587,U0792,Instagram,nolan_2025,60,1526,244,4.09,2.3,37.6,Afternoon (2-6pm),FALSE,FALSE,FALSE,TRUE,TRUE
P02588,U0792,Snapchat,nolanc493,60,211,211,3.43,0.9,32.7,Afternoon (2-6pm),TRUE,FALSE,TRUE,FALSE,TRUE
P02589,U0792,Facebook,nolan.choi50,65,429,429,2.24,1.1,9.6,Evening (6-10pm),FALSE,FALSE,TRUE,FALSE,FALSE
P02590,U0793,Instagram,mei_official,70,675,516,2.22,2.2,70.6,Late Night (10pm-2am),FALSE,FALSE,TRUE,FALSE,TRUE
P02591,U0793,Snapchat,mei.gutierrez21,76,555,555,4.05,2.4,36.2,Late Night (10pm-2am),TRUE,FALSE,FALSE,TRUE,TRUE
P02592,U0794,Instagram,kinsley.fraser,60,839,242,0.74,1.1,57.7,Midday (10am-2pm),TRUE,FALSE,TRUE,FALSE,FALSE
P02593,U0794,TikTok,kinsley_tv,35,310,1472,3.86,3.1,85.6,Midday (10am-2pm),TRUE,FALSE,TRUE,FALSE,FALSE
P02594,U0794,Snapchat,kinsley_official,67,115,115,4.56,2.2,42.8,Afternoon (2-6pm),TRUE,FALSE,FALSE,TRUE,FALSE
P02595,U0794,Facebook,kinsley_gram,65,463,463,2.41,1.5,19.9,Evening (6-10pm),TRUE,FALSE,TRUE,FALSE,TRUE
P02596,U0795,Instagram,taylor.larsen,31,1277,426,3.16,0.3,67.9,Late Night (10pm-2am),FALSE,FALSE,FALSE,FALSE,FALSE
P02597,U0795,TikTok,taylorl904,46,1412,236,2.81,4.5,46.9,Late Night (10pm-2am),TRUE,FALSE,TRUE,FALSE,TRUE
P02598,U0795,X (Twitter),taylorl981,61,49,407,4.93,2.8,31.8,Late Night (10pm-2am),FALSE,FALSE,TRUE,FALSE,FALSE
P02599,U0796,Instagram,itsdiegoo,97,569,454,2.24,0.5,46.0,Midday (10am-2pm),TRUE,FALSE,TRUE,FALSE,TRUE
P02600,U0796,TikTok,diegos78,45,297,596,1.83,0.5,203.6,Afternoon (2-6pm),FALSE,FALSE,TRUE,TRUE,TRUE
P02601,U0796,Snapchat,diegos988,84,442,442,2.59,0.2,32.3,Evening (6-10pm),TRUE,FALSE,FALSE,TRUE,TRUE
P02602,U0796,Facebook,diegos94,83,464,464,2.84,0.3,16.7,Evening (6-10pm),TRUE,FALSE,TRUE,FALSE,FALSE
P02603,U0797,Instagram,fatimaj425,61,366,331,4.84,1.7,108.2,Midday (10am-2pm),FALSE,FALSE,TRUE,TRUE,TRUE
P02604,U0797,TikTok,fatima_tv,25,39,461,3.66,4.2,124.0,Afternoon (2-6pm),FALSE,FALSE,TRUE,TRUE,TRUE
P02605,U0797,Snapchat,fatima.james,54,163,163,3.54,2.9,52.4,Evening (6-10pm),TRUE,FALSE,TRUE,TRUE,TRUE
P02606,U0798,Instagram,ellie.nguyen,84,1171,207,2.62,1.0,20.5,Late Night (10pm-2am),TRUE,FALSE,TRUE,TRUE,TRUE
P02607,U0798,TikTok,ellien855,17,208,663,1.59,1.8,113.8,Late Night (10pm-2am),TRUE,FALSE,TRUE,FALSE,TRUE
P02608,U0798,Snapchat,ellie.nguyen,66,466,466,1.48,1.6,60.1,Late Night (10pm-2am),TRUE,FALSE,TRUE,TRUE,TRUE
P02609,U0799,Instagram,milar397,53,109,263,1.22,2.7,44.6,Evening (6-10pm),TRUE,FALSE,FALSE,FALSE,TRUE
P02610,U0799,TikTok,milar245,40,82,3324,2.78,0.6,176.4,Afternoon (2-6pm),FALSE,FALSE,TRUE,FALSE,FALSE
P02611,U0800,Instagram,williamh403,49,286,462,1.92,0.8,30.2,Late Night (10pm-2am),FALSE,FALSE,FALSE,FALSE,TRUE
P02612,U0800,TikTok,williamh3,47,527,1027,1.56,1.6,138.0,Late Night (10pm-2am),TRUE,FALSE,TRUE,FALSE,FALSE
P02613,U0800,Snapchat,williamh248,78,609,609,1.63,1.4,50.7,Late Night (10pm-2am),TRUE,FALSE,TRUE,FALSE,TRUE
P02614,U0801,Instagram,itsvioleto,70,3630,139,0.2,2.1,57.0,Evening (6-10pm),TRUE,FALSE,FALSE,TRUE,TRUE
P02615,U0801,TikTok,violet_gram,35,696,435,3.22,0.9,95.7,Afternoon (2-6pm),FALSE,FALSE,TRUE,FALSE,TRUE
P02616,U0801,Snapchat,violet.le,55,275,275,4.47,3.3,94.8,Afternoon (2-6pm),TRUE,FALSE,TRUE,FALSE,TRUE
P02617,U0801,X (Twitter),itsviolet3,75,107,128,2.32,0.4,36.7,Midday (10am-2pm),FALSE,FALSE,TRUE,FALSE,TRUE
P02618,U0802,Instagram,emily.park79,55,456,479,2.94,1.5,40.4,Evening (6-10pm),TRUE,FALSE,TRUE,TRUE,TRUE
P02619,U0802,TikTok,itsemily,46,106,390,5.58,1.3,79.8,Evening (6-10pm),TRUE,FALSE,TRUE,FALSE,TRUE
P02620,U0802,Snapchat,emilyp735,86,214,214,2.43,1.7,97.9,Midday (10am-2pm),TRUE,FALSE,TRUE,TRUE,TRUE
P02621,U0802,X (Twitter),emily.park83,85,16,144,3.14,2.8,37.2,Afternoon (2-6pm),FALSE,FALSE,TRUE,FALSE,TRUE
P02622,U0803,Instagram,christopher_tv,58,2508,657,3.73,2.6,96.3,Afternoon (2-6pm),FALSE,FALSE,FALSE,FALSE,TRUE
P02623,U0803,TikTok,christopher.papadopoulos,48,1175,236,2.17,2.5,80.3,Evening (6-10pm),TRUE,FALSE,TRUE,FALSE,TRUE
P02624,U0803,Facebook,christopher.papadopoulos52,28,620,620,2.33,1.9,9.0,Midday (10am-2pm),FALSE,FALSE,TRUE,TRUE,TRUE
P02625,U0804,Instagram,david_gram,48,428,266,4.94,1.0,64.0,Late Night (10pm-2am),TRUE,FALSE,TRUE,TRUE,TRUE
P02626,U0804,TikTok,itsdavidx,27,29,196,4.4,1.8,146.3,Late Night (10pm-2am),FALSE,FALSE,TRUE,FALSE,TRUE
P02627,U0804,Snapchat,david.wood95,91,795,795,2.0,3.0,26.6,Late Night (10pm-2am),TRUE,FALSE,FALSE,TRUE,TRUE
P02628,U0805,Instagram,milaj927,81,1284,622,3.28,2.1,68.4,Evening (6-10pm),TRUE,FALSE,TRUE,FALSE,TRUE
P02629,U0805,TikTok,milaj624,32,278,133,1.27,3.0,120.8,Midday (10am-2pm),FALSE,FALSE,TRUE,TRUE,TRUE
P02630,U0805,X (Twitter),mila_tv,63,25,669,5.03,0.7,53.3,Midday (10am-2pm),FALSE,FALSE,TRUE,FALSE,TRUE
P02631,U0806,Instagram,gabriellab978,36,198,501,3.13,2.4,33.1,Evening (6-10pm),FALSE,FALSE,FALSE,TRUE,TRUE
P02632,U0806,TikTok,gabriella.brooks,55,2163,888,1.4,4.1,160.0,Midday (10am-2pm),FALSE,FALSE,TRUE,FALSE,FALSE
P02633,U0806,Snapchat,itsgabriellax,53,384,384,0.53,0.9,25.3,Afternoon (2-6pm),TRUE,FALSE,FALSE,FALSE,TRUE
P02634,U0807,Instagram,ximena_x,38,261,496,2.96,3.9,56.3,Evening (6-10pm),FALSE,FALSE,TRUE,TRUE,TRUE
P02635,U0807,TikTok,ximena.papadopoulos61,24,564,432,3.48,3.6,55.2,Evening (6-10pm),FALSE,FALSE,FALSE,FALSE,FALSE
P02636,U0807,Snapchat,ximena_2029,60,422,422,3.18,2.3,72.1,Evening (6-10pm),TRUE,FALSE,TRUE,TRUE,TRUE
P02637,U0808,Instagram,priya_gram,67,2246,600,0.59,2.2,34.3,Morning (6-10am),FALSE,FALSE,FALSE,FALSE,FALSE
P02638,U0808,TikTok,itspriya,65,190,486,3.11,1.1,98.6,Morning (6-10am),FALSE,FALSE,TRUE,FALSE,TRUE
P02639,U0808,X (Twitter),priya_x,55,278,333,6.5,3.5,18.2,Morning (6-10am),TRUE,FALSE,TRUE,FALSE,FALSE
P02640,U0808,Facebook,priya.sullivan,36,396,396,0.76,1.8,23.4,Morning (6-10am),TRUE,FALSE,TRUE,FALSE,FALSE
P02641,U0809,Instagram,theodoreo518,60,1508,349,3.37,2.5,130.8,Late Night (10pm-2am),FALSE,FALSE,TRUE,FALSE,TRUE
P02642,U0809,Snapchat,itstheodore,61,186,186,5.17,1.0,67.6,Late Night (10pm-2am),TRUE,FALSE,TRUE,FALSE,FALSE
P02643,U0809,Facebook,theodoreo19,44,159,159,3.7,2.2,12.8,Late Night (10pm-2am),FALSE,FALSE,TRUE,FALSE,FALSE
P02644,U0810,Instagram,jacob.ramirez22,68,84,325,1.17,1.3,40.5,Late Night (10pm-2am),TRUE,FALSE,TRUE,FALSE,TRUE
P02645,U0810,TikTok,jacob_official,40,22,264,2.8,0.2,75.9,Late Night (10pm-2am),TRUE,FALSE,TRUE,TRUE,TRUE
P02646,U0810,Snapchat,itsjacob1,29,185,185,3.59,0.2,20.5,Late Night (10pm-2am),TRUE,FALSE,FALSE,TRUE,TRUE
P02647,U0810,Facebook,jacobr743,93,1371,1371,1.28,0.9,13.8,Late Night (10pm-2am),FALSE,FALSE,TRUE,FALSE,FALSE
P02648,U0811,Instagram,imanir187,52,4286,303,1.12,2.2,51.1,Midday (10am-2pm),FALSE,FALSE,TRUE,TRUE,FALSE
P02649,U0811,TikTok,imani.reyes73,65,4736,288,2.37,1.7,171.1,Morning (6-10am),FALSE,FALSE,TRUE,FALSE,FALSE
P02650,U0811,Snapchat,imanir566,42,505,505,3.88,2.8,26.0,Evening (6-10pm),TRUE,FALSE,TRUE,TRUE,TRUE
P02651,U0812,Instagram,eleanor_x,50,1435,758,3.62,2.9,32.1,Evening (6-10pm),TRUE,FALSE,FALSE,FALSE,TRUE
P02652,U0812,TikTok,itseleanor,49,165,749,5.42,2.5,74.7,Afternoon (2-6pm),FALSE,FALSE,FALSE,FALSE,TRUE
P02653,U0812,Snapchat,itseleanor8,48,230,230,4.49,2.9,43.9,Afternoon (2-6pm),FALSE,FALSE,FALSE,FALSE,TRUE
P02654,U0812,X (Twitter),eleanor_gram,38,70,195,3.44,6.0,21.9,Evening (6-10pm),FALSE,FALSE,TRUE,FALSE,TRUE
P02655,U0813,Instagram,itsjasmine,49,3766,632,2.3,3.1,121.4,Afternoon (2-6pm),FALSE,FALSE,FALSE,TRUE,TRUE
P02656,U0813,TikTok,jasminer294,26,87,1365,3.24,1.6,85.5,Evening (6-10pm),FALSE,FALSE,FALSE,FALSE,TRUE
P02657,U0813,Snapchat,itsjasminex,73,768,768,2.64,3.5,35.2,Evening (6-10pm),TRUE,FALSE,TRUE,FALSE,TRUE
P02658,U0813,X (Twitter),itsjasmine,46,225,716,4.18,2.8,16.8,Afternoon (2-6pm),FALSE,FALSE,TRUE,FALSE,FALSE
P02659,U0813,Facebook,jasminer370,98,354,354,3.3,4.4,19.5,Midday (10am-2pm),TRUE,FALSE,TRUE,FALSE,TRUE
P02660,U0814,Instagram,itsjasmine4,37,149,450,5.26,1.8,75.4,Late Night (10pm-2am),TRUE,FALSE,TRUE,TRUE,TRUE
P02661,U0814,TikTok,jasmine.wright,48,84,493,2.45,1.2,39.6,Late Night (10pm-2am),TRUE,FALSE,TRUE,FALSE,TRUE
P02662,U0814,Snapchat,jasminew249,22,473,473,3.77,1.5,36.9,Late Night (10pm-2am),TRUE,FALSE,TRUE,FALSE,TRUE
P02663,U0814,X (Twitter),jasmine_tv,20,10,274,2.04,0.9,21.3,Late Night (10pm-2am),TRUE,FALSE,FALSE,FALSE,FALSE
P02664,U0815,Instagram,alexander_official,74,425,211,2.25,0.2,103.8,Late Night (10pm-2am),FALSE,FALSE,TRUE,FALSE,FALSE
P02665,U0815,TikTok,alexanderh358,55,79,382,2.96,0.5,152.2,Late Night (10pm-2am),FALSE,FALSE,TRUE,TRUE,TRUE
P02666,U0815,Snapchat,itsalexander7,40,246,246,1.9,0.8,13.1,Late Night (10pm-2am),TRUE,FALSE,FALSE,FALSE,TRUE
P02667,U0815,X (Twitter),alexanderh74,68,135,272,1.61,0.2,12.0,Late Night (10pm-2am),FALSE,FALSE,TRUE,TRUE,TRUE
P02668,U0816,Instagram,madisonr783,72,1502,280,1.55,1.3,72.7,Late Night (10pm-2am),FALSE,FALSE,TRUE,FALSE,FALSE
P02669,U0816,Snapchat,madison_2026,40,397,397,3.0,1.4,28.2,Late Night (10pm-2am),TRUE,FALSE,TRUE,TRUE,TRUE
P02670,U0817,Instagram,itssofia,83,472,1051,2.17,0.4,70.3,Evening (6-10pm),TRUE,FALSE,FALSE,FALSE,FALSE
P02671,U0817,Snapchat,sofia.thompson,64,245,245,4.1,2.1,28.7,Midday (10am-2pm),TRUE,FALSE,TRUE,TRUE,TRUE
P02672,U0817,X (Twitter),itssofiao,59,833,152,3.63,2.6,13.9,Evening (6-10pm),FALSE,FALSE,FALSE,FALSE,FALSE
P02673,U0818,TikTok,romanm674,37,482,366,3.94,1.6,115.5,Afternoon (2-6pm),FALSE,FALSE,TRUE,FALSE,TRUE
P02674,U0818,Snapchat,roman.martinez86,93,283,283,4.46,1.7,58.9,Afternoon (2-6pm),FALSE,FALSE,TRUE,TRUE,FALSE
P02675,U0819,Instagram,itsmalikx,40,428,444,1.32,0.1,47.2,Morning (6-10am),FALSE,FALSE,TRUE,FALSE,TRUE
P02676,U0819,TikTok,malikp461,63,782,781,1.77,0.6,83.5,Evening (6-10pm),FALSE,FALSE,TRUE,FALSE,FALSE
P02677,U0820,Instagram,paisley.evans71,80,817,410,3.49,1.8,35.8,Late Night (10pm-2am),FALSE,FALSE,FALSE,TRUE,TRUE
P02678,U0820,TikTok,paisley_2029,53,21,665,3.63,0.8,82.8,Late Night (10pm-2am),TRUE,FALSE,FALSE,FALSE,TRUE
P02679,U0820,Snapchat,paisley.evans,44,277,277,4.15,2.3,28.5,Late Night (10pm-2am),TRUE,FALSE,FALSE,TRUE,TRUE
P02680,U0820,X (Twitter),paisley_x,40,366,315,3.66,2.2,18.1,Late Night (10pm-2am),FALSE,FALSE,TRUE,FALSE,FALSE
P02681,U0821,Instagram,owenc21,41,4288,242,0.2,3.7,51.8,Midday (10am-2pm),FALSE,FALSE,FALSE,FALSE,TRUE
P02682,U0821,TikTok,owen_x,44,252,993,2.75,1.3,117.3,Evening (6-10pm),FALSE,FALSE,TRUE,FALSE,FALSE
P02683,U0821,Snapchat,owenc629,57,331,331,2.79,3.5,63.4,Evening (6-10pm),TRUE,FALSE,TRUE,TRUE,TRUE
P02684,U0822,Instagram,itsnorao,49,1158,246,3.79,0.6,32.3,Afternoon (2-6pm),FALSE,FALSE,FALSE,FALSE,TRUE
P02685,U0822,TikTok,nora.morgan,36,200,418,4.68,0.3,73.8,Afternoon (2-6pm),FALSE,FALSE,TRUE,FALSE,TRUE
P02686,U0823,Instagram,itskinsleyx,66,2187,107,1.36,2.5,99.6,Late Night (10pm-2am),TRUE,FALSE,TRUE,FALSE,TRUE
P02687,U0823,TikTok,kinsley_gram,51,218,364,3.13,1.7,108.4,Late Night (10pm-2am),FALSE,FALSE,TRUE,FALSE,FALSE
P02688,U0824,Instagram,stella.campbell,88,1391,577,2.67,3.4,193.1,Evening (6-10pm),TRUE,FALSE,TRUE,FALSE,TRUE
P02689,U0824,TikTok,stellac740,45,579,711,3.64,1.6,106.1,Afternoon (2-6pm),FALSE,FALSE,TRUE,FALSE,TRUE
P02690,U0824,X (Twitter),stella.campbell46,86,89,166,6.48,1.8,13.1,Afternoon (2-6pm),FALSE,FALSE,TRUE,FALSE,TRUE
P02691,U0824,Facebook,itsstella,92,656,656,7.11,1.7,14.2,Evening (6-10pm),FALSE,FALSE,TRUE,FALSE,FALSE
P02692,U0825,Instagram,ananyaj570,46,708,466,2.66,0.9,94.3,Afternoon (2-6pm),FALSE,FALSE,TRUE,FALSE,TRUE
P02693,U0825,TikTok,itsananyao,36,335,797,3.21,6.1,51.2,Afternoon (2-6pm),FALSE,FALSE,TRUE,FALSE,TRUE
P02694,U0826,Instagram,ezekielc42,88,1673,229,3.65,1.1,91.8,Evening (6-10pm),FALSE,FALSE,FALSE,FALSE,TRUE
P02695,U0826,TikTok,ezekiel_official,45,169,263,3.88,4.7,71.0,Afternoon (2-6pm),FALSE,FALSE,TRUE,FALSE,TRUE
P02696,U0827,TikTok,itssebastiano,25,557,922,4.43,2.7,290,Morning (6-10am),TRUE,FALSE,FALSE,FALSE,TRUE
P02697,U0827,Snapchat,sebastian.walsh,109,570,570,3.01,4.2,92.2,Midday (10am-2pm),TRUE,FALSE,TRUE,FALSE,FALSE
P02698,U0827,Facebook,sebastian_x,63,969,969,1.79,0.8,18.1,Evening (6-10pm),FALSE,FALSE,FALSE,FALSE,TRUE
P02699,U0828,Instagram,madelync65,57,257,277,4.42,3.3,75.7,Late Night (10pm-2am),FALSE,FALSE,TRUE,FALSE,TRUE
P02700,U0828,TikTok,madelyn.cox,32,1350,691,2.68,1.9,111.9,Late Night (10pm-2am),FALSE,FALSE,TRUE,TRUE,TRUE
P02701,U0828,Snapchat,madelyn_gram,69,513,513,5.02,4.7,102.7,Late Night (10pm-2am),TRUE,FALSE,FALSE,TRUE,TRUE
P02702,U0829,TikTok,ezra.okafor10,56,3094,195,4.84,0.3,56.2,Evening (6-10pm),TRUE,FALSE,FALSE,FALSE,FALSE
P02703,U0829,Snapchat,itsezrax,75,517,517,2.75,2.9,34.5,Afternoon (2-6pm),TRUE,FALSE,TRUE,TRUE,TRUE
P02704,U0830,Instagram,danielt443,49,156,373,2.57,1.7,18.4,Late Night (10pm-2am),TRUE,FALSE,TRUE,FALSE,TRUE
P02705,U0830,TikTok,danielt607,60,465,173,2.68,0.3,90.7,Late Night (10pm-2am),FALSE,FALSE,TRUE,TRUE,TRUE
P02706,U0830,Snapchat,danielt508,101,650,650,3.54,0.1,36.4,Late Night (10pm-2am),TRUE,FALSE,FALSE,FALSE,TRUE
P02707,U0831,Instagram,jamal_x,41,742,189,1.65,1.3,34.4,Evening (6-10pm),TRUE,FALSE,TRUE,TRUE,TRUE
P02708,U0831,TikTok,jamaly503,26,164,343,2.8,2.3,246.8,Evening (6-10pm),FALSE,FALSE,TRUE,TRUE,TRUE
P02709,U0831,Snapchat,jamal.yamamoto,33,276,276,1.08,2.2,38.2,Evening (6-10pm),TRUE,FALSE,TRUE,TRUE,TRUE
P02710,U0831,X (Twitter),jamaly659,57,27,570,2.01,0.6,13.9,Afternoon (2-6pm),TRUE,FALSE,FALSE,FALSE,TRUE
P02711,U0832,TikTok,audreyg246,44,5009,234,0.2,4.8,140.9,Evening (6-10pm),FALSE,FALSE,TRUE,FALSE,FALSE
P02712,U0832,Snapchat,audrey.gomez16,34,575,575,4.24,1.1,56.2,Evening (6-10pm),TRUE,FALSE,TRUE,TRUE,TRUE
P02713,U0833,Instagram,yuna_gram,87,274,415,2.59,1.3,51.6,Late Night (10pm-2am),TRUE,FALSE,TRUE,TRUE,FALSE
P02714,U0833,TikTok,yunat810,44,197,406,4.52,1.3,135.7,Late Night (10pm-2am),FALSE,FALSE,TRUE,FALSE,TRUE
P02715,U0833,Facebook,yuna.torres,85,1211,1211,2.11,1.4,10.6,Late Night (10pm-2am),FALSE,FALSE,FALSE,FALSE,TRUE
P02716,U0834,Instagram,itsaxelo,47,144,186,3.64,1.3,58.5,Late Night (10pm-2am),FALSE,FALSE,TRUE,FALSE,TRUE
P02717,U0834,TikTok,axell851,65,74,930,1.03,3.0,173.0,Late Night (10pm-2am),FALSE,FALSE,TRUE,FALSE,FALSE
P02718,U0834,Snapchat,itsaxel,52,351,351,2.29,0.8,23.8,Late Night (10pm-2am),TRUE,FALSE,TRUE,FALSE,TRUE
P02719,U0835,Instagram,joseph.wagner6,88,936,220,2.19,1.3,115.3,Morning (6-10am),TRUE,FALSE,FALSE,TRUE,FALSE
P02720,U0835,TikTok,itsjosepho,76,1249,364,3.41,2.9,62.9,Morning (6-10am),FALSE,FALSE,FALSE,TRUE,TRUE
P02721,U0835,Snapchat,joseph_gram,100,330,330,2.06,1.1,25.8,Morning (6-10am),TRUE,FALSE,TRUE,TRUE,TRUE
P02722,U0836,Instagram,itselix,51,550,563,2.7,1.0,71.6,Afternoon (2-6pm),FALSE,FALSE,TRUE,FALSE,TRUE
P02723,U0836,TikTok,itseli6,44,262,164,2.6,1.3,78.1,Evening (6-10pm),TRUE,FALSE,TRUE,TRUE,TRUE
P02724,U0836,Snapchat,elit466,51,377,377,3.09,1.0,35.7,Evening (6-10pm),FALSE,FALSE,FALSE,FALSE,FALSE
P02725,U0836,X (Twitter),eli.turner52,29,9,515,3.96,1.6,24.3,Evening (6-10pm),FALSE,FALSE,TRUE,FALSE,TRUE
P02726,U0837,Instagram,naomi.li13,67,1847,723,1.19,1.4,71.4,Afternoon (2-6pm),FALSE,FALSE,TRUE,FALSE,TRUE
P02727,U0837,TikTok,itsnaomi8,18,154,306,1.08,1.6,60.4,Evening (6-10pm),FALSE,FALSE,TRUE,TRUE,TRUE
P02728,U0838,Instagram,evelyn_tv,83,1800,357,3.26,2.6,54.7,Late Night (10pm-2am),TRUE,FALSE,TRUE,FALSE,TRUE
P02729,U0838,TikTok,evelyn.rossi,64,590,403,3.84,4.6,163.2,Late Night (10pm-2am),FALSE,FALSE,TRUE,TRUE,TRUE
P02730,U0838,Snapchat,evelynr800,74,607,607,3.43,3.3,52.2,Late Night (10pm-2am),TRUE,FALSE,TRUE,FALSE,TRUE
P02731,U0838,Facebook,evelyn.rossi70,89,672,672,4.2,1.5,10.2,Late Night (10pm-2am),TRUE,FALSE,TRUE,FALSE,FALSE
P02732,U0839,Instagram,ananya_official,61,603,213,0.2,1.1,60.5,Late Night (10pm-2am),TRUE,FALSE,TRUE,FALSE,TRUE
P02733,U0839,TikTok,itsananyax,21,248,567,2.86,0.7,203.9,Late Night (10pm-2am),FALSE,FALSE,TRUE,FALSE,FALSE
P02734,U0839,Snapchat,ananya.wang13,67,563,563,2.42,2.0,29.9,Late Night (10pm-2am),TRUE,FALSE,TRUE,FALSE,TRUE
P02735,U0839,Facebook,ananya.wang,111,478,478,4.44,1.1,4.9,Late Night (10pm-2am),TRUE,FALSE,FALSE,FALSE,TRUE
P02736,U0840,Instagram,itszoeo,81,1056,409,1.87,0.4,60.1,Midday (10am-2pm),FALSE,FALSE,FALSE,FALSE,TRUE
P02737,U0840,Snapchat,zoem244,43,409,409,2.51,0.1,153.1,Afternoon (2-6pm),TRUE,FALSE,TRUE,FALSE,TRUE
P02738,U0840,Facebook,itszoe2,84,399,399,3.58,2.2,11.7,Afternoon (2-6pm),TRUE,FALSE,TRUE,FALSE,TRUE
P02739,U0841,Instagram,itsisabellax,52,1178,212,2.65,1.7,62.4,Morning (6-10am),FALSE,FALSE,TRUE,FALSE,FALSE
P02740,U0841,TikTok,isabellam698,45,1834,258,0.2,1.7,134.1,Midday (10am-2pm),TRUE,FALSE,FALSE,TRUE,TRUE
P02741,U0841,Snapchat,isabella_2027,62,461,461,2.88,3.9,74.2,Morning (6-10am),TRUE,FALSE,TRUE,FALSE,FALSE
P02742,U0841,Facebook,isabella_x,80,697,697,0.73,1.6,13.0,Midday (10am-2pm),TRUE,FALSE,TRUE,FALSE,TRUE
P02743,U0842,Instagram,averyd292,78,833,209,2.11,1.4,82.6,Evening (6-10pm),TRUE,FALSE,FALSE,FALSE,FALSE
P02744,U0842,TikTok,avery.davis26,55,452,390,0.45,3.1,38.6,Midday (10am-2pm),FALSE,FALSE,TRUE,FALSE,TRUE
P02745,U0842,Snapchat,averyd394,72,479,479,0.55,0.2,65.0,Midday (10am-2pm),TRUE,FALSE,TRUE,TRUE,FALSE
P02746,U0842,X (Twitter),avery.davis,52,40,95,3.04,0.5,29.7,Midday (10am-2pm),TRUE,FALSE,TRUE,FALSE,TRUE
P02747,U0842,Facebook,avery.davis,100,386,386,3.08,0.7,11.7,Evening (6-10pm),TRUE,FALSE,TRUE,FALSE,TRUE
P02748,U0843,Instagram,jaydenc404,81,118,669,2.85,8.2,79.6,Midday (10am-2pm),TRUE,FALSE,TRUE,TRUE,TRUE
P02749,U0843,TikTok,itsjayden,53,29,337,4.68,0.8,60.6,Evening (6-10pm),FALSE,FALSE,TRUE,FALSE,FALSE
P02750,U0843,Snapchat,jayden.choi,72,509,509,1.98,1.7,27.8,Afternoon (2-6pm),TRUE,FALSE,TRUE,FALSE,TRUE
P02751,U0843,X (Twitter),itsjaydenx,31,3,193,4.13,1.0,13.2,Afternoon (2-6pm),FALSE,FALSE,TRUE,FALSE,TRUE
P02752,U0843,Facebook,jaydenc573,68,827,827,0.66,1.2,12.8,Afternoon (2-6pm),TRUE,FALSE,FALSE,TRUE,TRUE
P02753,U0844,Instagram,oliverw933,57,177,380,4.2,1.4,52.7,Afternoon (2-6pm),TRUE,FALSE,TRUE,FALSE,FALSE
P02754,U0844,TikTok,itsoliver,50,175,406,3.64,1.5,88.7,Evening (6-10pm),TRUE,FALSE,TRUE,FALSE,TRUE
P02755,U0844,Snapchat,oliver_tv,51,674,674,2.76,2.7,33.7,Midday (10am-2pm),FALSE,FALSE,TRUE,TRUE,TRUE
P02756,U0844,Facebook,oliverw785,101,331,331,5.45,2.8,5.7,Midday (10am-2pm),FALSE,FALSE,FALSE,FALSE,TRUE
P02757,U0845,Instagram,audrey_x,53,1473,336,4.53,1.7,94.1,Late Night (10pm-2am),FALSE,FALSE,FALSE,FALSE,TRUE
P02758,U0845,TikTok,audreys730,57,2776,667,1.42,3.1,51.5,Late Night (10pm-2am),FALSE,FALSE,TRUE,FALSE,TRUE
P02759,U0845,Snapchat,audreys1,68,268,268,2.36,1.7,102.3,Late Night (10pm-2am),TRUE,FALSE,FALSE,TRUE,TRUE
P02760,U0846,Instagram,aaron_2028,66,1510,434,2.45,1.8,79.6,Morning (6-10am),TRUE,FALSE,TRUE,FALSE,FALSE
P02761,U0846,TikTok,aaron.kowalski,38,2461,342,0.94,0.0,58.1,Morning (6-10am),TRUE,FALSE,FALSE,TRUE,TRUE
P02762,U0846,Snapchat,itsaarono,74,521,521,3.94,0.4,38.8,Morning (6-10am),TRUE,FALSE,TRUE,FALSE,TRUE
P02763,U0846,Facebook,aaron.kowalski68,118,395,395,1.63,0.3,13.3,Evening (6-10pm),FALSE,FALSE,TRUE,FALSE,FALSE
P02764,U0847,Instagram,carter_gram,44,2028,452,1.49,4.2,50.3,Late Night (10pm-2am),FALSE,FALSE,FALSE,TRUE,TRUE
P02765,U0847,TikTok,itscartero,51,531,885,2.37,3.9,183.5,Late Night (10pm-2am),TRUE,FALSE,FALSE,FALSE,FALSE
P02766,U0847,Snapchat,cartert589,103,304,304,3.19,2.0,51.4,Late Night (10pm-2am),TRUE,FALSE,FALSE,TRUE,TRUE
P02767,U0848,Instagram,elias_2024,63,3234,301,2.02,0.8,29.0,Late Night (10pm-2am),FALSE,FALSE,TRUE,FALSE,FALSE
P02768,U0848,TikTok,eliasc683,20,347,624,2.75,0.2,171.9,Late Night (10pm-2am),FALSE,FALSE,TRUE,FALSE,TRUE
P02769,U0848,Snapchat,elias_x,108,467,467,4.34,1.6,50.7,Late Night (10pm-2am),TRUE,FALSE,TRUE,TRUE,TRUE
P02770,U0849,Instagram,sebastian_gram,62,490,1028,2.25,3.8,56.1,Evening (6-10pm),FALSE,FALSE,TRUE,TRUE,TRUE
P02771,U0849,TikTok,sebastiano762,24,238,432,2.74,2.4,111.2,Evening (6-10pm),TRUE,FALSE,TRUE,FALSE,TRUE
P02772,U0849,Snapchat,sebastian.oliveira,69,808,808,4.48,2.2,28.6,Evening (6-10pm),TRUE,FALSE,TRUE,FALSE,TRUE
P02773,U0849,X (Twitter),sebastiano846,24,425,218,4.62,1.5,25.6,Evening (6-10pm),FALSE,FALSE,FALSE,TRUE,TRUE
P02774,U0850,Snapchat,jamal_official,39,489,489,2.83,0.3,17.2,Late Night (10pm-2am),TRUE,FALSE,TRUE,TRUE,FALSE
P02775,U0850,X (Twitter),itsjamal2,53,20,135,2.7,0.9,28.4,Late Night (10pm-2am),FALSE,FALSE,TRUE,FALSE,TRUE
P02776,U0851,Instagram,calebg32,33,450,453,4.38,1.0,81.7,Afternoon (2-6pm),FALSE,FALSE,FALSE,FALSE,TRUE
P02777,U0851,TikTok,calebg955,37,39,454,1.17,2.6,36.6,Evening (6-10pm),FALSE,FALSE,FALSE,FALSE,TRUE
P02778,U0851,Facebook,caleb_x,101,392,392,2.78,3.5,10.9,Evening (6-10pm),TRUE,FALSE,TRUE,FALSE,TRUE
P02779,U0852,TikTok,hannah.harris53,38,96,538,3.17,0.9,165.9,Late Night (10pm-2am),FALSE,FALSE,FALSE,FALSE,FALSE
P02780,U0852,Snapchat,hannahh731,71,160,160,2.75,4.5,56.4,Late Night (10pm-2am),TRUE,FALSE,TRUE,TRUE,TRUE
P02781,U0853,TikTok,darius.edwards,52,620,193,1.64,2.0,133.3,Evening (6-10pm),TRUE,FALSE,TRUE,FALSE,FALSE
P02782,U0853,Snapchat,dariuse943,59,311,311,3.63,2.3,20.0,Morning (6-10am),TRUE,FALSE,TRUE,TRUE,TRUE
P02783,U0854,Snapchat,connor.sharma73,100,862,862,1.84,0.4,30.4,Late Night (10pm-2am),TRUE,FALSE,TRUE,TRUE,FALSE
P02784,U0855,TikTok,julian_gram,51,235,792,1.48,2.2,147.5,Late Night (10pm-2am),FALSE,FALSE,FALSE,FALSE,FALSE
P02785,U0855,Snapchat,itsjulian7,62,80,80,4.91,2.2,27.1,Late Night (10pm-2am),TRUE,FALSE,TRUE,TRUE,TRUE
P02786,U0856,Instagram,colton_official,44,13443,222,2.75,2.6,64.7,Midday (10am-2pm),FALSE,FALSE,FALSE,FALSE,FALSE
P02787,U0856,TikTok,colton.virtanen2,35,431,412,4.93,4.9,128.0,Morning (6-10am),TRUE,FALSE,FALSE,FALSE,FALSE
P02788,U0857,Instagram,christophers435,38,3033,433,2.75,4.1,63.1,Midday (10am-2pm),TRUE,FALSE,FALSE,FALSE,TRUE
P02789,U0857,TikTok,christophers111,47,1553,369,5.39,1.2,97.3,Evening (6-10pm),FALSE,FALSE,TRUE,FALSE,TRUE
P02790,U0857,Snapchat,christophers266,94,676,676,4.58,3.1,29.8,Evening (6-10pm),FALSE,FALSE,FALSE,FALSE,TRUE
P02791,U0857,X (Twitter),christopher_2026,18,83,81,5.49,1.4,14.6,Afternoon (2-6pm),FALSE,FALSE,FALSE,FALSE,TRUE
P02792,U0858,Instagram,mason.james,53,3370,330,4.44,4.3,177.2,Late Night (10pm-2am),FALSE,FALSE,TRUE,FALSE,FALSE
P02793,U0858,TikTok,masonj62,66,71,407,3.92,3.3,62.6,Late Night (10pm-2am),FALSE,FALSE,FALSE,TRUE,TRUE
P02794,U0859,Instagram,violetm745,55,638,546,1.91,3.7,139.0,Midday (10am-2pm),FALSE,FALSE,FALSE,FALSE,TRUE
P02795,U0859,TikTok,violet_x,17,304,430,5.08,0.4,63.4,Evening (6-10pm),FALSE,FALSE,TRUE,FALSE,TRUE
P02796,U0860,Instagram,ellaw759,22,616,330,3.2,3.3,34.4,Late Night (10pm-2am),FALSE,FALSE,TRUE,TRUE,TRUE
P02797,U0860,Snapchat,ellaw507,80,142,142,3.67,3.4,38.4,Late Night (10pm-2am),TRUE,FALSE,TRUE,TRUE,FALSE
P02798,U0860,X (Twitter),ella.wilson,25,51,188,1.58,4.4,26.2,Late Night (10pm-2am),FALSE,FALSE,FALSE,FALSE,TRUE
P02799,U0860,Facebook,ellaw44,67,942,942,2.88,2.1,21.1,Late Night (10pm-2am),FALSE,FALSE,FALSE,FALSE,TRUE
P02800,U0861,Instagram,alexc222,36,545,356,1.59,4.8,79.1,Evening (6-10pm),FALSE,FALSE,TRUE,FALSE,TRUE
P02801,U0861,TikTok,alex_gram,48,1340,621,2.46,2.3,94.9,Evening (6-10pm),FALSE,FALSE,FALSE,FALSE,TRUE
P02802,U0861,Snapchat,alex_tv,36,369,369,3.68,1.3,18.8,Afternoon (2-6pm),TRUE,FALSE,TRUE,TRUE,TRUE
P02803,U0862,Instagram,levig299,87,1284,353,0.2,0.6,68.4,Midday (10am-2pm),TRUE,FALSE,FALSE,FALSE,TRUE
P02804,U0862,Snapchat,itslevio,51,306,306,1.27,0.3,25.9,Midday (10am-2pm),TRUE,FALSE,FALSE,TRUE,TRUE
P02805,U0863,Instagram,itssophiao,73,643,324,3.53,2.9,47.7,Late Night (10pm-2am),TRUE,FALSE,TRUE,TRUE,TRUE
P02806,U0863,TikTok,sophia_official,58,122,297,4.34,1.5,177.6,Late Night (10pm-2am),FALSE,FALSE,TRUE,TRUE,TRUE
P02807,U0864,Instagram,nias667,54,1396,529,1.31,0.4,65.6,Afternoon (2-6pm),FALSE,FALSE,TRUE,TRUE,FALSE
P02808,U0864,TikTok,nia_x,55,719,371,2.47,1.0,162.1,Evening (6-10pm),TRUE,FALSE,FALSE,TRUE,FALSE
P02809,U0864,Snapchat,nia_gram,84,536,536,2.21,1.9,23.5,Evening (6-10pm),TRUE,FALSE,FALSE,TRUE,TRUE
P02810,U0864,X (Twitter),itsnia,49,30,395,4.43,1.1,30.5,Evening (6-10pm),FALSE,FALSE,TRUE,FALSE,TRUE
P02811,U0865,Instagram,isaac.parker,65,596,387,1.14,1.5,28.4,Evening (6-10pm),TRUE,FALSE,FALSE,FALSE,FALSE
P02812,U0865,TikTok,isaac.parker48,20,25,266,3.05,0.9,164.6,Afternoon (2-6pm),FALSE,FALSE,FALSE,FALSE,TRUE
P02813,U0865,Snapchat,isaac_x,27,866,866,2.87,0.1,24.6,Afternoon (2-6pm),TRUE,FALSE,FALSE,TRUE,TRUE
P02814,U0865,X (Twitter),itsisaacx,86,18,406,4.53,2.2,13.5,Evening (6-10pm),FALSE,FALSE,TRUE,TRUE,TRUE
P02815,U0866,Instagram,emilyw71,50,1503,425,5.37,4.0,80.5,Evening (6-10pm),FALSE,FALSE,TRUE,FALSE,TRUE
P02816,U0866,TikTok,emily.weber99,29,51,235,4.11,3.8,77.1,Afternoon (2-6pm),FALSE,FALSE,TRUE,TRUE,FALSE
P02817,U0866,Snapchat,itsemilyx,58,668,668,3.83,1.5,36.4,Afternoon (2-6pm),TRUE,FALSE,TRUE,FALSE,TRUE
P02818,U0867,Instagram,itssebastiano,74,256,434,3.5,0.2,46.6,Evening (6-10pm),FALSE,FALSE,FALSE,FALSE,FALSE
P02819,U0867,TikTok,sebastianh63,22,1298,571,0.75,1.4,38.3,Evening (6-10pm),FALSE,FALSE,TRUE,TRUE,TRUE
P02820,U0867,Snapchat,sebastian.harris33,50,514,514,3.98,2.4,19.0,Afternoon (2-6pm),TRUE,FALSE,FALSE,FALSE,TRUE
P02821,U0867,Facebook,sebastianh627,90,652,652,2.31,3.0,18.6,Evening (6-10pm),FALSE,FALSE,TRUE,FALSE,TRUE
P02822,U0868,TikTok,ellie.martinez,45,43,1017,2.6,2.0,61.2,Midday (10am-2pm),FALSE,FALSE,TRUE,FALSE,TRUE
P02823,U0868,Snapchat,itsellie4,52,207,207,3.3,1.2,28.1,Morning (6-10am),TRUE,FALSE,FALSE,TRUE,TRUE
P02824,U0868,X (Twitter),itsellie3,51,33,1130,5.36,0.4,29.5,Morning (6-10am),FALSE,FALSE,TRUE,TRUE,TRUE
P02825,U0868,Facebook,ellie.martinez34,85,544,544,4.88,3.1,16.0,Midday (10am-2pm),FALSE,FALSE,TRUE,FALSE,TRUE
P02826,U0869,Instagram,zoe.gray,60,1384,636,2.37,0.9,40.6,Evening (6-10pm),TRUE,FALSE,TRUE,FALSE,FALSE
P02827,U0869,TikTok,zoeg839,27,234,285,2.38,1.8,118.1,Afternoon (2-6pm),FALSE,FALSE,TRUE,FALSE,FALSE
P02828,U0870,Instagram,itschristopherx,64,141,673,3.45,0.9,24.6,Midday (10am-2pm),TRUE,FALSE,FALSE,FALSE,TRUE
P02829,U0870,TikTok,christopher.cooper66,49,180,175,2.02,3.1,90.8,Midday (10am-2pm),TRUE,FALSE,TRUE,FALSE,TRUE
P02830,U0870,Facebook,christopher_2026,68,538,538,2.26,2.7,8.4,Evening (6-10pm),FALSE,FALSE,TRUE,FALSE,TRUE
P02831,U0871,Instagram,alexanderm556,60,3447,276,1.87,1.4,73.2,Morning (6-10am),FALSE,FALSE,TRUE,FALSE,FALSE
P02832,U0871,TikTok,alexanderm23,40,27,457,3.46,0.3,49.4,Morning (6-10am),FALSE,FALSE,FALSE,FALSE,TRUE
P02833,U0871,Snapchat,itsalexander3,105,215,215,1.01,2.5,60.9,Morning (6-10am),TRUE,FALSE,TRUE,FALSE,FALSE
P02834,U0871,Facebook,alexander_tv,59,660,660,2.8,1.7,20.5,Midday (10am-2pm),TRUE,FALSE,FALSE,FALSE,TRUE
P02835,U0872,Instagram,everly_x,40,805,433,3.47,0.2,78.6,Evening (6-10pm),TRUE,FALSE,TRUE,FALSE,TRUE
P02836,U0872,Snapchat,everlyt848,63,436,436,1.9,1.6,60.0,Midday (10am-2pm),FALSE,FALSE,TRUE,FALSE,FALSE
P02837,U0873,Instagram,colton.ward29,35,219,301,4.06,0.5,94.6,Evening (6-10pm),FALSE,FALSE,FALSE,FALSE,TRUE
P02838,U0873,Facebook,itscolton,79,1053,1053,3.22,1.5,17.9,Evening (6-10pm),FALSE,FALSE,FALSE,TRUE,TRUE
P02839,U0874,Instagram,carter.davis51,53,859,408,3.84,1.9,31.5,Late Night (10pm-2am),FALSE,FALSE,TRUE,FALSE,TRUE
P02840,U0874,TikTok,carter_x,49,358,517,3.34,2.8,79.6,Late Night (10pm-2am),FALSE,FALSE,FALSE,FALSE,TRUE
P02841,U0874,Snapchat,itscarterx,55,258,258,5.87,2.0,75.6,Late Night (10pm-2am),TRUE,FALSE,TRUE,FALSE,FALSE
P02842,U0875,Instagram,victoria_tv,53,268,286,1.56,0.4,44.5,Morning (6-10am),FALSE,FALSE,TRUE,FALSE,TRUE
P02843,U0875,TikTok,victoria.rivera1,28,629,452,0.2,3.3,44.2,Evening (6-10pm),TRUE,FALSE,TRUE,TRUE,TRUE
P02844,U0875,Snapchat,victoriar789,60,314,314,2.38,1.2,30.7,Evening (6-10pm),TRUE,FALSE,FALSE,FALSE,TRUE
P02845,U0875,X (Twitter),victoria_x,71,91,155,3.08,0.2,13.2,Evening (6-10pm),FALSE,FALSE,FALSE,FALSE,FALSE
P02846,U0876,Instagram,joshuas393,51,70,430,2.08,0.9,90.1,Evening (6-10pm),TRUE,FALSE,TRUE,FALSE,TRUE
P02847,U0876,TikTok,joshua_gram,26,218,381,1.31,0.0,42.6,Evening (6-10pm),FALSE,FALSE,TRUE,FALSE,TRUE
P02848,U0876,Snapchat,itsjoshua,98,181,181,3.02,0.9,28.4,Midday (10am-2pm),TRUE,FALSE,TRUE,TRUE,TRUE
P02849,U0877,Instagram,tariq_official,36,436,337,3.4,1.4,56.5,Evening (6-10pm),TRUE,FALSE,TRUE,TRUE,TRUE
P02850,U0877,TikTok,tariq.richardson,58,407,802,2.03,0.9,52.4,Evening (6-10pm),FALSE,FALSE,FALSE,TRUE,FALSE
P02851,U0877,Snapchat,tariq.richardson99,69,570,570,2.85,2.1,49.0,Evening (6-10pm),TRUE,FALSE,TRUE,TRUE,TRUE
P02852,U0878,Instagram,mateom976,31,103,702,3.43,1.3,38.7,Midday (10am-2pm),FALSE,FALSE,TRUE,FALSE,TRUE
P02853,U0878,TikTok,mateo_2030,10,528,308,2.12,1.3,69.3,Afternoon (2-6pm),FALSE,FALSE,TRUE,FALSE,TRUE
P02854,U0879,Instagram,lily.sharma,91,576,249,0.2,2.1,92.5,Late Night (10pm-2am),FALSE,FALSE,FALSE,FALSE,TRUE
P02855,U0879,TikTok,itslilyo,73,33,372,4.5,3.5,65.3,Late Night (10pm-2am),FALSE,FALSE,TRUE,FALSE,TRUE
P02856,U0879,Snapchat,lily.sharma,102,95,95,4.16,1.0,23.5,Late Night (10pm-2am),TRUE,FALSE,TRUE,FALSE,TRUE
P02857,U0880,Instagram,benjamink190,89,339,256,1.42,1.8,80.2,Late Night (10pm-2am),TRUE,FALSE,TRUE,FALSE,TRUE
P02858,U0880,TikTok,benjamin.kim32,46,2169,377,2.3,5.1,37.0,Late Night (10pm-2am),FALSE,FALSE,FALSE,FALSE,FALSE
P02859,U0880,X (Twitter),benjamink319,19,177,531,2.72,1.5,27.1,Late Night (10pm-2am),FALSE,FALSE,FALSE,FALSE,TRUE
P02860,U0881,TikTok,itskinsley,40,421,550,1.05,0.7,84.8,Evening (6-10pm),TRUE,FALSE,FALSE,FALSE,TRUE
P02861,U0881,X (Twitter),kinsleyt517,39,118,633,4.04,0.5,34.7,Evening (6-10pm),FALSE,FALSE,TRUE,FALSE,TRUE
P02862,U0881,Facebook,kinsley.tran86,24,604,604,1.34,1.2,7.2,Afternoon (2-6pm),FALSE,FALSE,TRUE,FALSE,TRUE
P02863,U0882,Instagram,zoe_gram,58,1505,239,2.96,3.5,86.2,Late Night (10pm-2am),FALSE,FALSE,FALSE,FALSE,FALSE
P02864,U0882,TikTok,zoe.williams,43,143,1048,2.71,1.9,163.3,Late Night (10pm-2am),FALSE,FALSE,TRUE,FALSE,FALSE
P02865,U0882,Facebook,zoew37,79,515,515,2.15,1.4,17.0,Late Night (10pm-2am),FALSE,FALSE,FALSE,TRUE,FALSE
P02866,U0883,Instagram,hunter.diaz68,58,517,161,1.54,3.0,49.1,Morning (6-10am),TRUE,FALSE,FALSE,TRUE,TRUE
P02867,U0883,TikTok,hunter_gram,44,518,290,3.17,1.3,56.9,Midday (10am-2pm),FALSE,FALSE,TRUE,FALSE,FALSE
P02868,U0883,Snapchat,itshunterx,54,297,297,1.76,2.3,24.4,Midday (10am-2pm),TRUE,FALSE,TRUE,TRUE,TRUE
P02869,U0883,Facebook,hunterd862,101,356,356,4.18,4.6,12.9,Morning (6-10am),FALSE,FALSE,FALSE,FALSE,FALSE
P02870,U0884,TikTok,itshenryo,45,299,258,2.3,2.7,115.1,Evening (6-10pm),FALSE,FALSE,TRUE,TRUE,FALSE
P02871,U0884,X (Twitter),henryn775,49,216,194,3.13,2.6,48.3,Evening (6-10pm),FALSE,FALSE,TRUE,FALSE,TRUE
P02872,U0885,Instagram,nia_2029,43,654,712,0.2,2.1,27.0,Evening (6-10pm),TRUE,FALSE,TRUE,FALSE,FALSE
P02873,U0885,TikTok,nia_official,67,736,900,2.03,1.2,91.7,Evening (6-10pm),FALSE,FALSE,TRUE,FALSE,TRUE
P02874,U0885,Snapchat,nia_x,47,533,533,1.16,2.7,73.9,Afternoon (2-6pm),TRUE,FALSE,TRUE,FALSE,TRUE
P02875,U0886,Instagram,itsjordanx,72,703,928,2.76,1.5,69.2,Afternoon (2-6pm),FALSE,FALSE,FALSE,TRUE,TRUE
P02876,U0886,TikTok,jordan_gram,44,203,454,1.39,0.8,85.8,Evening (6-10pm),FALSE,FALSE,FALSE,FALSE,FALSE
P02877,U0886,Snapchat,itsjordano,90,238,238,2.22,2.5,50.8,Afternoon (2-6pm),TRUE,FALSE,TRUE,TRUE,FALSE
P02878,U0887,Instagram,dariusw381,42,653,610,3.07,1.2,52.5,Midday (10am-2pm),FALSE,FALSE,TRUE,FALSE,FALSE
P02879,U0887,TikTok,darius.ward64,63,617,702,2.59,0.3,78.5,Midday (10am-2pm),FALSE,FALSE,TRUE,FALSE,TRUE
P02880,U0887,Snapchat,darius_tv,73,670,670,2.53,2.1,28.1,Morning (6-10am),TRUE,FALSE,TRUE,TRUE,TRUE
P02881,U0887,X (Twitter),itsdarius,22,43,1904,4.92,0.2,13.4,Midday (10am-2pm),FALSE,FALSE,TRUE,FALSE,FALSE
P02882,U0887,Facebook,darius.ward,74,884,884,3.48,1.6,11.5,Morning (6-10am),FALSE,FALSE,FALSE,FALSE,TRUE
P02883,U0888,Instagram,stellab419,47,277,762,2.87,1.9,101.6,Late Night (10pm-2am),FALSE,FALSE,FALSE,TRUE,TRUE
P02884,U0888,Snapchat,stellab745,101,455,455,2.62,1.5,18.7,Late Night (10pm-2am),TRUE,FALSE,TRUE,TRUE,TRUE
P02885,U0888,X (Twitter),stella.bennett,61,41,73,3.27,2.7,15.6,Late Night (10pm-2am),FALSE,FALSE,TRUE,TRUE,TRUE
P02886,U0889,Instagram,harperm927,51,180,214,1.97,3.0,49.2,Midday (10am-2pm),TRUE,FALSE,FALSE,FALSE,TRUE
P02887,U0889,TikTok,harper_gram,32,384,621,5.59,0.3,87.5,Midday (10am-2pm),FALSE,FALSE,TRUE,FALSE,TRUE
P02888,U0889,Facebook,harperm848,45,545,545,5.38,2.0,10.6,Afternoon (2-6pm),FALSE,FALSE,TRUE,FALSE,TRUE
P02889,U0890,Instagram,mateo_tv,40,397,372,3.5,1.7,81.9,Afternoon (2-6pm),FALSE,FALSE,TRUE,FALSE,TRUE
P02890,U0890,Snapchat,mateo_x,64,306,306,3.79,2.7,17.6,Evening (6-10pm),TRUE,FALSE,TRUE,FALSE,TRUE
P02891,U0890,X (Twitter),mateo_official,59,120,187,4.17,2.0,19.9,Evening (6-10pm),TRUE,FALSE,FALSE,FALSE,TRUE
P02892,U0891,TikTok,itsaudreyx,42,2295,815,3.62,2.6,86.6,Evening (6-10pm),FALSE,FALSE,TRUE,FALSE,TRUE
P02893,U0891,Snapchat,itsaudreyx,72,191,191,5.75,2.1,43.7,Afternoon (2-6pm),TRUE,FALSE,FALSE,FALSE,FALSE
P02894,U0891,X (Twitter),audrey_2028,48,22,562,7.48,0.5,8.3,Afternoon (2-6pm),FALSE,FALSE,TRUE,FALSE,TRUE
P02895,U0892,Instagram,aishab849,80,971,263,4.07,2.4,23.6,Midday (10am-2pm),TRUE,FALSE,FALSE,FALSE,TRUE
P02896,U0892,TikTok,aisha.brown,48,73,188,3.1,2.8,74.6,Evening (6-10pm),TRUE,FALSE,FALSE,TRUE,TRUE
P02897,U0892,Snapchat,itsaishax,25,472,472,1.91,2.3,61.4,Evening (6-10pm),TRUE,FALSE,FALSE,TRUE,FALSE
P02898,U0892,X (Twitter),aishab208,22,1722,174,4.03,1.5,19.1,Midday (10am-2pm),TRUE,FALSE,TRUE,FALSE,FALSE
P02899,U0893,Instagram,skylar.morris44,32,887,603,2.57,0.5,53.8,Late Night (10pm-2am),FALSE,FALSE,TRUE,TRUE,TRUE
P02900,U0893,TikTok,skylar.morris55,45,108,292,2.14,2.8,105.1,Late Night (10pm-2am),FALSE,FALSE,TRUE,FALSE,TRUE
P02901,U0893,Snapchat,skylarm376,85,121,121,2.44,1.1,44.1,Late Night (10pm-2am),FALSE,FALSE,FALSE,FALSE,FALSE
P02902,U0894,Instagram,jackson.flores,58,2041,277,2.66,3.0,96.5,Evening (6-10pm),TRUE,FALSE,FALSE,FALSE,FALSE
P02903,U0894,TikTok,jackson_tv,54,396,279,2.27,1.0,91.3,Evening (6-10pm),TRUE,FALSE,FALSE,FALSE,TRUE
P02904,U0894,Snapchat,jackson.flores,24,237,237,2.71,2.6,29.6,Midday (10am-2pm),TRUE,FALSE,TRUE,FALSE,TRUE
P02905,U0895,Instagram,dylan.roberts79,45,879,414,2.15,1.9,46.9,Late Night (10pm-2am),TRUE,FALSE,TRUE,TRUE,TRUE
P02906,U0895,TikTok,dylanr123,44,486,452,3.78,0.8,144.4,Late Night (10pm-2am),TRUE,FALSE,FALSE,FALSE,FALSE
P02907,U0895,Snapchat,dylanr148,41,262,262,1.82,5.9,31.2,Late Night (10pm-2am),TRUE,FALSE,TRUE,TRUE,TRUE
P02908,U0896,Instagram,aria.kaur,87,1185,184,1.96,1.6,103.7,Late Night (10pm-2am),FALSE,FALSE,TRUE,FALSE,TRUE
P02909,U0896,TikTok,aria.kaur17,32,328,829,3.83,1.0,181.3,Late Night (10pm-2am),FALSE,FALSE,TRUE,FALSE,FALSE
P02910,U0897,Instagram,itsnathan1,75,601,386,3.5,1.7,57.4,Midday (10am-2pm),FALSE,FALSE,TRUE,TRUE,TRUE
P02911,U0897,TikTok,itsnathan5,48,1368,582,2.36,1.7,115.6,Afternoon (2-6pm),FALSE,FALSE,FALSE,TRUE,TRUE
P02912,U0898,Instagram,hannahw699,60,5279,623,1.85,0.8,78.6,Late Night (10pm-2am),FALSE,FALSE,FALSE,FALSE,FALSE
P02913,U0898,TikTok,hannah_official,19,56,257,3.81,2.1,51.5,Late Night (10pm-2am),TRUE,FALSE,FALSE,FALSE,TRUE
P02914,U0898,Snapchat,hannah.wright87,61,522,522,3.5,0.9,33.8,Late Night (10pm-2am),TRUE,FALSE,TRUE,FALSE,FALSE
P02915,U0898,Facebook,hannah_gram,106,665,665,5.53,5.8,27.1,Late Night (10pm-2am),TRUE,FALSE,TRUE,FALSE,TRUE
P02916,U0899,Instagram,sarahm848,47,1703,1056,3.29,2.6,51.7,Late Night (10pm-2am),TRUE,FALSE,TRUE,TRUE,TRUE
P02917,U0899,TikTok,sarahm578,30,720,424,4.64,1.3,116.0,Late Night (10pm-2am),FALSE,FALSE,TRUE,FALSE,TRUE
P02918,U0899,Snapchat,sarah_tv,52,363,363,3.33,3.1,24.6,Late Night (10pm-2am),TRUE,FALSE,FALSE,FALSE,TRUE
P02919,U0899,X (Twitter),sarah_tv,28,14,159,2.69,2.1,16.2,Late Night (10pm-2am),TRUE,FALSE,TRUE,FALSE,FALSE
P02920,U0900,Instagram,theodorer181,91,492,445,0.2,0.5,36.7,Evening (6-10pm),TRUE,FALSE,TRUE,FALSE,TRUE
P02921,U0900,TikTok,theodore_gram,13,59,457,3.07,1.7,170.8,Morning (6-10am),TRUE,FALSE,FALSE,TRUE,FALSE
P02922,U0900,Facebook,theodorer21,111,726,726,2.28,0.3,11.3,Midday (10am-2pm),FALSE,FALSE,FALSE,FALSE,FALSE
P02923,U0901,Instagram,lincoln.kelly,45,3978,279,3.46,2.3,72.8,Morning (6-10am),FALSE,FALSE,TRUE,FALSE,FALSE
P02924,U0901,TikTok,itslincoln,38,23,425,3.2,0.7,33.9,Midday (10am-2pm),FALSE,FALSE,TRUE,FALSE,TRUE
P02925,U0901,Snapchat,itslincoln,68,540,540,2.75,1.4,27.5,Midday (10am-2pm),TRUE,FALSE,FALSE,FALSE,TRUE
P02926,U0902,Instagram,priya.becker,77,327,419,3.22,1.4,155.9,Evening (6-10pm),TRUE,FALSE,FALSE,FALSE,TRUE
P02927,U0902,TikTok,priya_x,58,1321,366,0.2,1.5,121.0,Afternoon (2-6pm),TRUE,FALSE,TRUE,TRUE,TRUE
P02928,U0902,Facebook,priya_official,80,793,793,0.87,2.3,19.5,Afternoon (2-6pm),FALSE,FALSE,TRUE,FALSE,FALSE
P02929,U0903,Instagram,lucyp71,105,1962,468,2.65,2.0,66.0,Evening (6-10pm),FALSE,FALSE,FALSE,TRUE,FALSE
P02930,U0903,TikTok,lucyp861,37,41,536,2.83,1.3,114.1,Midday (10am-2pm),TRUE,FALSE,FALSE,FALSE,TRUE
P02931,U0903,Snapchat,lucy_gram,60,522,522,2.51,0.9,49.7,Evening (6-10pm),FALSE,FALSE,TRUE,FALSE,FALSE
P02932,U0903,Facebook,lucyp723,87,1034,1034,3.65,1.6,17.0,Afternoon (2-6pm),TRUE,FALSE,TRUE,FALSE,FALSE
P02933,U0904,Instagram,hannah_2024,88,399,279,3.1,1.6,55.9,Afternoon (2-6pm),FALSE,FALSE,TRUE,FALSE,TRUE
P02934,U0904,TikTok,hannahj861,35,566,181,2.21,3.5,68.0,Evening (6-10pm),FALSE,FALSE,TRUE,TRUE,TRUE
P02935,U0904,Snapchat,itshannah4,64,230,230,6.76,3.2,31.5,Midday (10am-2pm),TRUE,FALSE,FALSE,TRUE,TRUE
P02936,U0904,X (Twitter),hannahj242,62,7,150,6.98,2.4,31.4,Afternoon (2-6pm),TRUE,FALSE,TRUE,FALSE,TRUE
P02937,U0905,Instagram,joseph_2025,21,452,731,2.41,1.6,49.1,Late Night (10pm-2am),TRUE,FALSE,FALSE,FALSE,TRUE
P02938,U0905,TikTok,joseph_gram,44,647,967,2.28,2.1,68.6,Late Night (10pm-2am),TRUE,FALSE,TRUE,FALSE,TRUE
P02939,U0905,Snapchat,josepho404,91,402,402,4.32,1.4,40.6,Late Night (10pm-2am),TRUE,FALSE,FALSE,FALSE,FALSE
P02940,U0905,Facebook,itsjosepho,76,535,535,2.41,0.8,13.4,Late Night (10pm-2am),FALSE,FALSE,TRUE,FALSE,FALSE
P02941,U0906,Instagram,itsjamesono,66,1226,364,4.28,3.7,58.7,Evening (6-10pm),FALSE,FALSE,TRUE,TRUE,FALSE
P02942,U0906,TikTok,jameson.wilson,65,328,431,4.32,3.3,180.0,Evening (6-10pm),FALSE,FALSE,TRUE,TRUE,TRUE
P02943,U0906,Snapchat,jameson_official,49,535,535,4.05,1.0,45.8,Evening (6-10pm),TRUE,FALSE,FALSE,TRUE,TRUE
P02944,U0907,Instagram,easton_tv,99,583,422,3.55,0.9,35.4,Afternoon (2-6pm),FALSE,FALSE,TRUE,FALSE,TRUE
P02945,U0907,TikTok,eastonc292,37,133,328,3.86,3.3,215.6,Afternoon (2-6pm),FALSE,FALSE,FALSE,FALSE,FALSE
P02946,U0907,Snapchat,easton_official,99,343,343,4.73,4.4,60.4,Midday (10am-2pm),TRUE,FALSE,TRUE,FALSE,TRUE
P02947,U0907,Facebook,eastonc798,83,692,692,3.47,4.3,13.1,Afternoon (2-6pm),FALSE,FALSE,FALSE,FALSE,TRUE
P02948,U0908,Instagram,yunac82,59,96,693,5.64,4.5,75.7,Morning (6-10am),TRUE,FALSE,TRUE,FALSE,TRUE
P02949,U0908,TikTok,itsyuna4,51,757,525,2.68,1.5,128.1,Morning (6-10am),FALSE,FALSE,TRUE,FALSE,TRUE
P02950,U0908,Snapchat,itsyunax,63,516,516,5.49,3.8,68.0,Morning (6-10am),TRUE,FALSE,TRUE,TRUE,TRUE
P02951,U0909,Instagram,carlos_2029,74,2445,149,0.51,0.7,32.0,Late Night (10pm-2am),TRUE,FALSE,TRUE,FALSE,TRUE
P02952,U0909,TikTok,carlos.alvarez,35,326,2010,1.78,1.4,71.3,Late Night (10pm-2am),TRUE,FALSE,TRUE,TRUE,TRUE
P02953,U0909,Facebook,itscarloso,85,532,532,1.07,4.0,16.2,Late Night (10pm-2am),TRUE,FALSE,TRUE,TRUE,TRUE
P02954,U0910,Instagram,emilyn637,21,619,168,5.23,0.6,96.7,Evening (6-10pm),TRUE,FALSE,TRUE,FALSE,TRUE
P02955,U0910,TikTok,emily_tv,30,1291,632,3.41,1.0,123.5,Evening (6-10pm),FALSE,FALSE,TRUE,FALSE,FALSE
P02956,U0910,X (Twitter),itsemilyx,36,385,435,2.27,3.1,10.3,Afternoon (2-6pm),FALSE,FALSE,TRUE,FALSE,TRUE
P02957,U0911,Instagram,itsromanx,49,909,526,2.76,1.3,28.0,Late Night (10pm-2am),FALSE,FALSE,FALSE,FALSE,FALSE
P02958,U0911,TikTok,roman_2029,39,360,463,4.07,2.7,46.6,Late Night (10pm-2am),TRUE,FALSE,TRUE,FALSE,TRUE
P02959,U0912,Instagram,itslucyo,59,2235,380,1.42,3.4,49.3,Late Night (10pm-2am),FALSE,FALSE,FALSE,TRUE,FALSE
P02960,U0912,TikTok,lucy.patel,12,1613,364,3.13,2.7,136.6,Late Night (10pm-2am),FALSE,FALSE,FALSE,FALSE,TRUE
P02961,U0912,Snapchat,itslucy8,23,362,362,3.36,2.8,72.9,Late Night (10pm-2am),TRUE,FALSE,TRUE,TRUE,FALSE
P02962,U0912,X (Twitter),lucyp105,34,225,347,3.6,2.6,22.0,Late Night (10pm-2am),FALSE,FALSE,FALSE,FALSE,TRUE
P02963,U0912,Facebook,lucy_2029,24,743,743,1.69,1.9,28.5,Late Night (10pm-2am),TRUE,FALSE,TRUE,TRUE,TRUE
P02964,U0913,TikTok,gracep19,53,1690,235,1.37,2.4,61.4,Late Night (10pm-2am),FALSE,FALSE,TRUE,FALSE,TRUE
P02965,U0913,Snapchat,itsgracex,35,312,312,2.97,2.3,20.7,Late Night (10pm-2am),TRUE,FALSE,TRUE,FALSE,TRUE
P02966,U0914,Instagram,itscarloso,37,388,675,1.7,0.2,55.4,Late Night (10pm-2am),FALSE,FALSE,FALSE,FALSE,FALSE
P02967,U0914,TikTok,itscarlos9,28,47,501,4.82,2.6,81.4,Late Night (10pm-2am),FALSE,FALSE,FALSE,FALSE,TRUE
P02968,U0914,Snapchat,carlos_official,65,584,584,3.44,1.6,29.3,Late Night (10pm-2am),TRUE,FALSE,TRUE,FALSE,FALSE
P02969,U0914,Facebook,carlos.hall30,89,881,881,2.65,3.6,16.7,Late Night (10pm-2am),FALSE,FALSE,FALSE,FALSE,TRUE
P02970,U0915,Instagram,itswyatto,82,216,120,2.02,0.4,47.3,Midday (10am-2pm),TRUE,FALSE,TRUE,FALSE,TRUE
P02971,U0915,TikTok,wyatt_2028,61,44,382,2.75,1.2,91.1,Morning (6-10am),FALSE,FALSE,FALSE,FALSE,TRUE
P02972,U0915,Facebook,wyatta416,40,709,709,2.07,0.1,6.7,Morning (6-10am),TRUE,FALSE,FALSE,FALSE,TRUE
P02973,U0916,Instagram,paisley_gram,46,912,257,0.78,1.8,44.2,Evening (6-10pm),FALSE,FALSE,FALSE,TRUE,TRUE
P02974,U0916,TikTok,itspaisleyo,23,542,101,3.71,2.4,80.7,Midday (10am-2pm),FALSE,FALSE,FALSE,FALSE,TRUE
P02975,U0916,Snapchat,paisley_gram,69,192,192,3.77,2.1,46.5,Morning (6-10am),TRUE,FALSE,FALSE,FALSE,TRUE
P02976,U0917,Instagram,zoey_tv,84,520,367,1.9,1.5,112.0,Late Night (10pm-2am),TRUE,FALSE,FALSE,FALSE,TRUE
P02977,U0917,TikTok,zoey_official,15,18,384,4.83,0.5,69.4,Late Night (10pm-2am),FALSE,FALSE,FALSE,FALSE,TRUE
P02978,U0917,Snapchat,zoeys467,37,590,590,2.32,1.6,47.1,Late Night (10pm-2am),TRUE,FALSE,TRUE,FALSE,TRUE
P02979,U0917,X (Twitter),zoeys518,48,14,136,4.58,3.6,13.2,Late Night (10pm-2am),FALSE,FALSE,TRUE,FALSE,FALSE
P02980,U0917,Facebook,zoeys109,93,528,528,2.19,2.2,10.8,Late Night (10pm-2am),FALSE,FALSE,FALSE,FALSE,FALSE
P02981,U0918,Instagram,zoem126,29,5878,801,2.67,2.7,42.6,Evening (6-10pm),TRUE,FALSE,FALSE,TRUE,TRUE
P02982,U0918,TikTok,zoem858,47,676,1985,4.46,1.5,54.1,Evening (6-10pm),TRUE,FALSE,TRUE,FALSE,FALSE
P02983,U0918,Snapchat,zoe_official,33,775,775,3.8,1.4,28.7,Midday (10am-2pm),TRUE,FALSE,TRUE,FALSE,TRUE
P02984,U0919,Instagram,itspenelopeo,50,812,1024,2.21,1.4,66.3,Midday (10am-2pm),FALSE,FALSE,TRUE,FALSE,TRUE
P02985,U0919,TikTok,penelopeh742,58,2008,552,5.51,2.0,206.7,Afternoon (2-6pm),FALSE,FALSE,TRUE,TRUE,TRUE
P02986,U0919,Snapchat,penelope.hernandez44,112,179,179,4.02,1.2,44.4,Evening (6-10pm),TRUE,FALSE,FALSE,FALSE,TRUE
P02987,U0919,X (Twitter),penelopeh182,79,48,96,4.13,2.1,25.8,Evening (6-10pm),FALSE,FALSE,TRUE,FALSE,TRUE
P02988,U0920,Instagram,david_official,30,1786,202,0.2,0.7,83.6,Late Night (10pm-2am),TRUE,FALSE,FALSE,FALSE,TRUE
P02989,U0920,Snapchat,davidg787,62,292,292,1.83,0.8,21.9,Late Night (10pm-2am),TRUE,FALSE,TRUE,TRUE,TRUE
P02990,U0920,X (Twitter),davidg579,33,85,350,3.42,0.8,13.6,Late Night (10pm-2am),FALSE,FALSE,TRUE,TRUE,TRUE
P02991,U0920,Facebook,davidg709,109,492,492,4.27,1.2,11.0,Late Night (10pm-2am),TRUE,FALSE,TRUE,FALSE,FALSE
P02992,U0921,Instagram,casey_2028,86,476,568,4.36,4.1,47.4,Evening (6-10pm),FALSE,FALSE,TRUE,FALSE,TRUE
P02993,U0921,TikTok,caseyt273,37,599,449,4.07,1.4,126.8,Midday (10am-2pm),FALSE,FALSE,FALSE,FALSE,FALSE
P02994,U0921,X (Twitter),itscaseyo,48,138,1329,5.57,5.1,19.5,Midday (10am-2pm),FALSE,FALSE,TRUE,FALSE,TRUE
P02995,U0922,Instagram,camila_gram,71,882,444,2.0,2.4,102.1,Morning (6-10am),TRUE,FALSE,TRUE,FALSE,TRUE
P02996,U0922,TikTok,camila_2029,52,965,715,2.97,1.8,46.1,Morning (6-10am),FALSE,FALSE,FALSE,TRUE,TRUE
P02997,U0922,Snapchat,camilas47,70,325,325,5.19,6.4,27.9,Morning (6-10am),FALSE,FALSE,TRUE,TRUE,TRUE
P02998,U0922,Facebook,camilas236,53,347,347,3.89,2.8,13.9,Morning (6-10am),FALSE,FALSE,FALSE,FALSE,TRUE
P02999,U0923,Instagram,darius_official,83,722,416,2.27,0.9,60.7,Afternoon (2-6pm),FALSE,FALSE,TRUE,FALSE,TRUE
P03000,U0923,TikTok,darius.clark44,35,871,1082,3.53,1.3,141.3,Midday (10am-2pm),FALSE,FALSE,TRUE,FALSE,FALSE
P03001,U0923,Snapchat,darius.clark96,74,288,288,1.48,0.3,26.7,Evening (6-10pm),TRUE,FALSE,TRUE,TRUE,TRUE
P03002,U0923,Facebook,darius.clark9,84,604,604,2.77,1.2,15.4,Evening (6-10pm),TRUE,FALSE,TRUE,FALSE,FALSE
P03003,U0924,Instagram,itseaston4,50,186,389,5.17,1.4,58.6,Evening (6-10pm),FALSE,FALSE,TRUE,FALSE,TRUE
P03004,U0924,TikTok,easton_x,47,307,893,3.35,3.0,63.2,Midday (10am-2pm),TRUE,FALSE,FALSE,FALSE,TRUE
P03005,U0924,Snapchat,itseaston,87,259,259,2.48,0.7,66.2,Evening (6-10pm),TRUE,FALSE,FALSE,TRUE,FALSE
P03006,U0925,Instagram,audrey.peterson,40,3477,198,2.48,1.0,78.6,Midday (10am-2pm),TRUE,FALSE,FALSE,TRUE,TRUE
P03007,U0925,TikTok,audreyp319,37,4694,1111,1.82,2.2,61.8,Evening (6-10pm),TRUE,FALSE,FALSE,FALSE,TRUE
P03008,U0925,Snapchat,audrey.peterson,65,634,634,4.01,0.5,47.1,Midday (10am-2pm),TRUE,FALSE,FALSE,FALSE,TRUE
P03009,U0926,Instagram,elizabeth_2030,68,4649,662,1.21,1.7,111.4,Afternoon (2-6pm),FALSE,FALSE,TRUE,TRUE,TRUE
P03010,U0926,TikTok,elizabeths163,47,274,315,2.35,2.4,61.1,Evening (6-10pm),FALSE,FALSE,TRUE,FALSE,FALSE
P03011,U0926,Snapchat,itselizabetho,109,170,170,1.28,0.2,32.1,Afternoon (2-6pm),TRUE,FALSE,FALSE,TRUE,FALSE
P03012,U0926,X (Twitter),elizabeth_official,27,7,285,6.45,2.6,18.1,Afternoon (2-6pm),FALSE,FALSE,TRUE,FALSE,TRUE
P03013,U0926,Facebook,elizabeth_tv,105,544,544,2.58,0.8,7.2,Afternoon (2-6pm),FALSE,FALSE,FALSE,FALSE,TRUE
P03014,U0927,Instagram,wei_tv,49,484,380,2.07,1.1,40.1,Midday (10am-2pm),TRUE,FALSE,FALSE,FALSE,TRUE
P03015,U0927,TikTok,wei_x,21,36,414,4.13,2.8,137.9,Afternoon (2-6pm),FALSE,FALSE,TRUE,FALSE,TRUE
P03016,U0927,Snapchat,wei_x,56,288,288,4.87,2.5,43.6,Evening (6-10pm),TRUE,FALSE,TRUE,TRUE,TRUE
P03017,U0928,Instagram,violet_official,35,3102,240,3.57,0.2,102.7,Evening (6-10pm),FALSE,FALSE,TRUE,TRUE,TRUE
P03018,U0928,TikTok,violet.weber67,52,975,105,1.36,1.6,57.3,Evening (6-10pm),TRUE,FALSE,TRUE,FALSE,FALSE
P03019,U0928,Snapchat,violet.weber,55,273,273,4.59,1.8,30.8,Evening (6-10pm),TRUE,FALSE,TRUE,TRUE,TRUE
P03020,U0928,X (Twitter),violet.weber75,7,102,158,3.8,2.3,17.5,Afternoon (2-6pm),TRUE,FALSE,TRUE,FALSE,FALSE
P03021,U0929,Instagram,itspriyao,56,511,362,2.38,1.7,31.0,Morning (6-10am),TRUE,FALSE,TRUE,TRUE,TRUE
P03022,U0929,TikTok,priya.papadopoulos85,23,1774,450,2.25,1.6,66.8,Morning (6-10am),FALSE,FALSE,FALSE,FALSE,FALSE
P03023,U0929,X (Twitter),priya_gram,73,616,181,2.89,3.6,18.6,Evening (6-10pm),FALSE,FALSE,FALSE,FALSE,TRUE
P03024,U0929,Facebook,itspriyax,38,732,732,1.57,1.1,8.4,Morning (6-10am),FALSE,FALSE,FALSE,TRUE,TRUE
P03025,U0930,Instagram,itscharles1,60,595,267,2.98,4.1,66.8,Late Night (10pm-2am),TRUE,FALSE,TRUE,FALSE,TRUE
P03026,U0930,TikTok,charlesc955,45,3516,801,3.59,1.9,164.3,Late Night (10pm-2am),FALSE,FALSE,TRUE,TRUE,TRUE
P03027,U0930,Snapchat,charles_gram,57,375,375,3.3,3.2,51.8,Late Night (10pm-2am),TRUE,FALSE,TRUE,TRUE,TRUE
P03028,U0930,X (Twitter),charlesc719,74,51,793,3.7,1.8,31.0,Late Night (10pm-2am),FALSE,FALSE,TRUE,TRUE,TRUE
P03029,U0930,Facebook,charles.choi,62,379,379,2.57,2.0,17.2,Late Night (10pm-2am),TRUE,FALSE,TRUE,FALSE,TRUE
P03030,U0931,Instagram,brooklyn.nelson,62,2401,629,1.54,0.7,54.7,Midday (10am-2pm),TRUE,FALSE,TRUE,FALSE,FALSE
P03031,U0931,TikTok,brooklyn_official,30,287,581,2.92,3.3,160.5,Evening (6-10pm),FALSE,FALSE,FALSE,FALSE,FALSE
P03032,U0931,Snapchat,itsbrooklyn6,95,427,427,4.69,1.3,39.2,Afternoon (2-6pm),TRUE,FALSE,TRUE,TRUE,TRUE
P03033,U0932,Instagram,hudson.bennett27,57,535,291,1.8,1.9,59.9,Evening (6-10pm),TRUE,FALSE,FALSE,FALSE,FALSE
P03034,U0932,TikTok,hudsonb636,29,393,547,2.49,3.4,143.3,Evening (6-10pm),FALSE,FALSE,FALSE,TRUE,TRUE
P03035,U0932,Snapchat,hudson.bennett,20,171,171,6.4,2.5,17.0,Midday (10am-2pm),TRUE,FALSE,TRUE,FALSE,TRUE
P03036,U0932,X (Twitter),hudson_official,51,802,436,4.23,2.0,14.8,Afternoon (2-6pm),FALSE,FALSE,TRUE,TRUE,TRUE
P03037,U0933,Instagram,gabrielj856,81,667,658,2.34,0.3,33.3,Midday (10am-2pm),FALSE,FALSE,TRUE,FALSE,TRUE
P03038,U0933,TikTok,gabriel.jackson,33,263,337,0.2,0.6,115.8,Midday (10am-2pm),TRUE,FALSE,FALSE,FALSE,FALSE
P03039,U0934,Instagram,phoenix_official,72,406,166,2.04,2.0,69.9,Afternoon (2-6pm),FALSE,FALSE,FALSE,FALSE,TRUE
P03040,U0934,TikTok,phoenixo146,73,116,1011,4.14,1.2,25.8,Afternoon (2-6pm),FALSE,FALSE,TRUE,FALSE,TRUE
P03041,U0935,Instagram,cameron.lee36,37,599,600,2.11,0.8,58.4,Late Night (10pm-2am),TRUE,FALSE,FALSE,FALSE,TRUE
P03042,U0935,Snapchat,cameron.lee,63,558,558,3.29,0.7,50.1,Late Night (10pm-2am),TRUE,FALSE,TRUE,FALSE,TRUE
P03043,U0935,X (Twitter),cameron_gram,42,87,136,4.07,0.8,17.0,Late Night (10pm-2am),FALSE,FALSE,TRUE,FALSE,TRUE
P03044,U0936,Instagram,hunter_x,69,2476,350,2.01,1.1,148.7,Afternoon (2-6pm),TRUE,FALSE,TRUE,TRUE,TRUE
P03045,U0936,TikTok,hunterm785,15,1359,513,3.06,2.1,95.3,Evening (6-10pm),FALSE,FALSE,TRUE,TRUE,FALSE
P03046,U0936,Snapchat,itshunter,60,742,742,3.5,2.6,47.2,Afternoon (2-6pm),FALSE,FALSE,FALSE,FALSE,FALSE
P03047,U0937,Instagram,amelias16,60,189,393,2.32,0.6,50.1,Evening (6-10pm),FALSE,FALSE,FALSE,FALSE,TRUE
P03048,U0937,TikTok,amelia_x,72,115,117,3.08,2.4,54.4,Afternoon (2-6pm),TRUE,FALSE,FALSE,FALSE,TRUE
P03049,U0938,Instagram,itsnathan7,40,846,300,3.06,0.9,162.3,Morning (6-10am),FALSE,FALSE,TRUE,FALSE,FALSE
P03050,U0938,TikTok,itsnathan,44,322,622,2.13,1.6,40.8,Evening (6-10pm),TRUE,FALSE,TRUE,FALSE,TRUE
P03051,U0938,Snapchat,nathang882,80,390,390,3.97,2.7,46.8,Midday (10am-2pm),TRUE,FALSE,TRUE,FALSE,TRUE
P03052,U0938,Facebook,nathan.gutierrez63,106,499,499,1.58,0.6,14.5,Morning (6-10am),FALSE,FALSE,TRUE,FALSE,TRUE
P03053,U0939,Instagram,easton_official,49,552,298,4.49,4.6,96.9,Midday (10am-2pm),FALSE,FALSE,TRUE,FALSE,TRUE
P03054,U0939,TikTok,easton.ruiz,65,1921,725,4.22,2.5,56.7,Midday (10am-2pm),TRUE,FALSE,TRUE,TRUE,FALSE
P03055,U0939,Snapchat,easton_x,24,193,193,5.47,1.7,24.4,Midday (10am-2pm),TRUE,FALSE,FALSE,TRUE,TRUE
P03056,U0940,Instagram,maya_tv,68,1287,642,1.8,2.2,69.5,Midday (10am-2pm),FALSE,FALSE,FALSE,TRUE,FALSE
P03057,U0940,TikTok,maya_2029,71,91,547,2.85,0.3,64.5,Afternoon (2-6pm),TRUE,FALSE,TRUE,TRUE,TRUE
P03058,U0940,Snapchat,itsmayao,67,411,411,4.96,0.8,40.6,Midday (10am-2pm),TRUE,FALSE,TRUE,TRUE,TRUE
P03059,U0941,Instagram,riley.jackson46,76,4856,720,2.8,1.6,94.1,Late Night (10pm-2am),FALSE,FALSE,TRUE,FALSE,FALSE
P03060,U0941,TikTok,riley.jackson,26,1003,428,3.6,4.1,236.7,Late Night (10pm-2am),FALSE,FALSE,TRUE,FALSE,TRUE
P03061,U0941,Snapchat,riley_2029,94,162,162,4.99,6.0,35.9,Late Night (10pm-2am),FALSE,FALSE,TRUE,TRUE,TRUE
P03062,U0941,X (Twitter),riley.jackson,13,106,278,4.18,0.8,15.0,Late Night (10pm-2am),FALSE,FALSE,TRUE,TRUE,TRUE
P03063,U0941,Facebook,rileyj283,16,752,752,2.76,2.0,9.8,Late Night (10pm-2am),FALSE,FALSE,TRUE,TRUE,TRUE
P03064,U0942,Instagram,eastont827,39,379,340,1.8,5.0,75.0,Evening (6-10pm),FALSE,FALSE,TRUE,FALSE,FALSE
P03065,U0942,TikTok,eastont827,16,3224,1048,0.2,0.8,124.6,Midday (10am-2pm),TRUE,FALSE,FALSE,TRUE,TRUE
P03066,U0942,Snapchat,itseastono,87,489,489,2.68,0.3,43.4,Evening (6-10pm),FALSE,FALSE,TRUE,TRUE,TRUE
P03067,U0943,Instagram,johnb8,82,1861,369,4.77,1.3,76.1,Late Night (10pm-2am),TRUE,FALSE,FALSE,FALSE,FALSE
P03068,U0943,TikTok,john.bailey,11,1241,433,1.01,2.9,238.5,Late Night (10pm-2am),FALSE,FALSE,FALSE,FALSE,TRUE
P03069,U0943,Snapchat,john_2025,67,467,467,3.49,3.5,29.3,Late Night (10pm-2am),TRUE,FALSE,TRUE,FALSE,TRUE
P03070,U0943,Facebook,johnb308,65,1149,1149,4.17,1.9,14.8,Late Night (10pm-2am),TRUE,FALSE,FALSE,TRUE,FALSE
P03071,U0944,TikTok,eastonf981,72,720,429,1.95,1.0,290,Late Night (10pm-2am),TRUE,FALSE,FALSE,TRUE,TRUE
P03072,U0944,Facebook,easton.fernandez,86,767,767,0.57,2.0,7.9,Late Night (10pm-2am),TRUE,FALSE,FALSE,TRUE,TRUE
P03073,U0945,Instagram,mila.kaur27,73,4493,1208,1.01,2.5,42.1,Evening (6-10pm),FALSE,FALSE,TRUE,FALSE,TRUE
P03074,U0945,TikTok,mila_gram,48,1832,223,2.28,1.6,99.8,Afternoon (2-6pm),FALSE,FALSE,TRUE,FALSE,TRUE
P03075,U0945,Snapchat,milak488,94,116,116,4.36,1.6,59.1,Evening (6-10pm),TRUE,FALSE,TRUE,FALSE,TRUE
P03076,U0945,X (Twitter),mila_2024,69,47,200,4.98,1.8,16.3,Afternoon (2-6pm),FALSE,FALSE,TRUE,FALSE,TRUE
P03077,U0946,Instagram,lucas_official,54,610,181,0.57,0.3,99.7,Midday (10am-2pm),TRUE,FALSE,TRUE,TRUE,TRUE
P03078,U0946,TikTok,lucas_official,47,356,153,3.11,0.4,129.7,Morning (6-10am),FALSE,FALSE,TRUE,TRUE,FALSE
P03079,U0946,Snapchat,lucas.torres1,79,431,431,4.44,1.3,36.2,Evening (6-10pm),TRUE,FALSE,TRUE,TRUE,FALSE
P03080,U0947,Instagram,rowans777,64,251,293,2.74,2.8,37.8,Late Night (10pm-2am),TRUE,FALSE,FALSE,FALSE,TRUE
P03081,U0947,TikTok,rowans651,41,161,550,3.52,2.9,43.6,Late Night (10pm-2am),FALSE,FALSE,TRUE,FALSE,TRUE
P03082,U0947,Snapchat,rowan.smith51,84,586,586,3.34,0.5,45.2,Late Night (10pm-2am),TRUE,FALSE,TRUE,TRUE,FALSE
P03083,U0947,Facebook,itsrowan,89,542,542,4.45,1.5,10.0,Late Night (10pm-2am),TRUE,FALSE,TRUE,TRUE,TRUE
P03084,U0948,Instagram,niar232,63,1697,162,3.08,1.8,39.7,Morning (6-10am),TRUE,FALSE,TRUE,FALSE,TRUE
P03085,U0948,Snapchat,itsnia2,84,182,182,4.05,6.7,50.0,Morning (6-10am),TRUE,FALSE,FALSE,TRUE,FALSE
P03086,U0948,Facebook,nia.rivera90,95,482,482,3.52,2.8,9.7,Morning (6-10am),TRUE,FALSE,TRUE,FALSE,TRUE
P03087,U0949,Instagram,diego_tv,19,345,677,0.79,2.0,67.5,Evening (6-10pm),FALSE,FALSE,FALSE,TRUE,TRUE
P03088,U0949,TikTok,diegoj98,75,68,1474,3.42,1.1,70.4,Afternoon (2-6pm),TRUE,FALSE,TRUE,FALSE,TRUE
P03089,U0949,Snapchat,itsdiego4,104,92,92,4.2,0.7,33.9,Midday (10am-2pm),TRUE,FALSE,FALSE,FALSE,TRUE
P03090,U0950,Instagram,leos83,74,855,472,3.98,2.1,96.1,Midday (10am-2pm),FALSE,FALSE,TRUE,FALSE,FALSE
P03091,U0950,TikTok,leo.schmidt,40,2635,239,3.09,1.5,117.3,Midday (10am-2pm),FALSE,FALSE,TRUE,FALSE,FALSE
P03092,U0950,Snapchat,leo_x,93,495,495,5.46,2.6,85.4,Midday (10am-2pm),TRUE,FALSE,FALSE,FALSE,FALSE
P03093,U0951,Instagram,itseli,78,687,254,1.7,1.5,95.9,Afternoon (2-6pm),FALSE,FALSE,FALSE,FALSE,TRUE
P03094,U0951,TikTok,itselix,52,2164,440,2.11,3.5,106.9,Evening (6-10pm),FALSE,FALSE,TRUE,FALSE,TRUE
P03095,U0951,Snapchat,eliy752,58,394,394,3.67,1.5,59.7,Midday (10am-2pm),TRUE,FALSE,TRUE,TRUE,FALSE
P03096,U0951,X (Twitter),itseli,14,57,102,3.51,0.7,18.2,Afternoon (2-6pm),TRUE,FALSE,TRUE,FALSE,FALSE
P03097,U0952,Instagram,itsliamo,60,979,850,5.48,3.7,78.5,Midday (10am-2pm),FALSE,FALSE,TRUE,FALSE,TRUE
P03098,U0952,TikTok,liamc141,64,2389,453,4.42,1.0,132.1,Afternoon (2-6pm),FALSE,FALSE,FALSE,TRUE,TRUE
P03099,U0953,Instagram,addisony709,30,1361,282,0.52,2.0,61.6,Late Night (10pm-2am),FALSE,FALSE,TRUE,FALSE,TRUE
P03100,U0953,TikTok,addison.young69,53,449,577,2.83,4.2,68.4,Late Night (10pm-2am),FALSE,FALSE,TRUE,TRUE,FALSE
P03101,U0953,X (Twitter),addison.young94,42,92,894,3.21,1.0,30.3,Late Night (10pm-2am),FALSE,FALSE,FALSE,FALSE,FALSE
P03102,U0953,Facebook,addisony504,111,225,225,4.2,3.7,9.2,Late Night (10pm-2am),TRUE,FALSE,FALSE,TRUE,TRUE
P03103,U0954,Instagram,anthonyr443,45,925,387,1.79,3.8,111.8,Evening (6-10pm),FALSE,FALSE,FALSE,TRUE,TRUE
P03104,U0954,TikTok,anthony_tv,14,131,886,3.44,3.1,53.8,Evening (6-10pm),FALSE,FALSE,TRUE,TRUE,FALSE
P03105,U0954,Snapchat,itsanthonyx,76,216,216,3.35,1.0,34.6,Evening (6-10pm),TRUE,FALSE,FALSE,TRUE,FALSE
P03106,U0954,Facebook,anthony.reyes,56,832,832,1.65,1.1,6.3,Afternoon (2-6pm),FALSE,FALSE,TRUE,FALSE,TRUE
P03107,U0955,Instagram,emiliaa360,92,4003,314,0.2,0.7,29.9,Morning (6-10am),FALSE,FALSE,FALSE,FALSE,TRUE
P03108,U0955,TikTok,itsemilia8,45,2417,325,2.92,2.5,138.3,Morning (6-10am),FALSE,FALSE,TRUE,FALSE,TRUE
P03109,U0955,X (Twitter),emiliaa929,20,397,111,2.04,0.3,22.7,Morning (6-10am),FALSE,FALSE,TRUE,FALSE,FALSE
P03110,U0955,Facebook,itsemiliao,74,603,603,2.7,1.6,13.3,Morning (6-10am),FALSE,FALSE,TRUE,FALSE,FALSE
P03111,U0956,Instagram,jacobs299,18,1166,335,3.61,1.9,72.2,Evening (6-10pm),FALSE,FALSE,FALSE,FALSE,TRUE
P03112,U0956,TikTok,jacobs227,63,511,345,2.79,1.5,73.3,Evening (6-10pm),FALSE,FALSE,FALSE,FALSE,FALSE
P03113,U0956,X (Twitter),itsjacob7,54,37,558,4.47,0.7,20.2,Afternoon (2-6pm),FALSE,FALSE,TRUE,FALSE,TRUE
P03114,U0957,Instagram,sarah.taylor,59,453,346,3.4,1.2,37.6,Midday (10am-2pm),FALSE,FALSE,FALSE,FALSE,FALSE
P03115,U0957,TikTok,saraht201,23,178,3463,5.78,3.9,78.9,Evening (6-10pm),FALSE,FALSE,TRUE,FALSE,TRUE
P03116,U0957,X (Twitter),sarah.taylor5,13,58,255,2.8,3.3,24.1,Midday (10am-2pm),FALSE,FALSE,TRUE,FALSE,FALSE
P03117,U0958,Instagram,itsryan,67,1643,334,2.55,1.9,48.2,Midday (10am-2pm),TRUE,FALSE,TRUE,FALSE,TRUE
P03118,U0958,TikTok,itsryanx,76,24,728,5.27,2.3,98.3,Evening (6-10pm),FALSE,FALSE,TRUE,FALSE,TRUE
P03119,U0958,Snapchat,ryan.singh,63,258,258,4.8,3.2,24.3,Evening (6-10pm),TRUE,FALSE,FALSE,FALSE,TRUE
P03120,U0959,Instagram,hudsonr571,44,381,105,3.98,2.0,108.0,Midday (10am-2pm),FALSE,FALSE,FALSE,FALSE,TRUE
P03121,U0959,TikTok,hudson_tv,69,81,311,2.82,1.2,107.8,Afternoon (2-6pm),FALSE,FALSE,TRUE,TRUE,TRUE
P03122,U0960,Instagram,leo.foster,71,387,391,2.34,1.4,88.2,Late Night (10pm-2am),TRUE,FALSE,FALSE,TRUE,TRUE
P03123,U0960,TikTok,leo_2024,17,669,1093,2.62,2.1,76.5,Late Night (10pm-2am),FALSE,FALSE,FALSE,FALSE,TRUE
P03124,U0960,Snapchat,leo_2029,87,252,252,3.75,1.5,24.0,Late Night (10pm-2am),TRUE,FALSE,FALSE,TRUE,TRUE
P03125,U0960,X (Twitter),itsleoo,50,82,456,3.17,0.7,8.8,Late Night (10pm-2am),FALSE,FALSE,FALSE,FALSE,FALSE
P03126,U0961,Instagram,isabellah4,81,258,330,0.86,1.2,192.6,Evening (6-10pm),TRUE,FALSE,FALSE,FALSE,TRUE
P03127,U0961,TikTok,isabellah425,42,265,413,3.27,3.1,56.6,Midday (10am-2pm),FALSE,FALSE,TRUE,FALSE,FALSE
P03128,U0962,Instagram,ezekiel_gram,46,198,316,2.04,1.9,40.9,Evening (6-10pm),TRUE,FALSE,TRUE,TRUE,TRUE
P03129,U0962,TikTok,itsezekielx,51,489,330,3.21,2.7,41.5,Evening (6-10pm),FALSE,FALSE,TRUE,FALSE,TRUE
P03130,U0962,Snapchat,ezekiel_2030,65,394,394,2.78,5.0,22.8,Morning (6-10am),TRUE,FALSE,FALSE,TRUE,TRUE
P03131,U0962,X (Twitter),ezekielf144,70,39,505,5.87,4.5,25.6,Midday (10am-2pm),FALSE,FALSE,TRUE,FALSE,TRUE
P03132,U0962,Facebook,ezekielf892,52,787,787,2.99,2.7,13.0,Morning (6-10am),FALSE,FALSE,FALSE,FALSE,TRUE
P03133,U0963,Instagram,kennedy_official,39,524,841,3.43,0.9,73.8,Afternoon (2-6pm),FALSE,FALSE,TRUE,FALSE,TRUE
P03134,U0963,TikTok,itskennedy,44,466,1097,2.82,2.2,51.2,Evening (6-10pm),FALSE,FALSE,FALSE,FALSE,TRUE
P03135,U0963,Snapchat,itskennedy,80,321,321,1.67,4.6,21.0,Afternoon (2-6pm),TRUE,FALSE,TRUE,TRUE,TRUE
P03136,U0963,X (Twitter),kennedy_2024,78,24,246,4.99,2.0,6.0,Evening (6-10pm),FALSE,FALSE,TRUE,FALSE,TRUE
P03137,U0964,Instagram,mei.thomas,84,192,315,4.33,1.7,44.1,Evening (6-10pm),TRUE,FALSE,FALSE,TRUE,TRUE
P03138,U0964,TikTok,mei_tv,32,136,496,2.66,0.3,93.3,Afternoon (2-6pm),TRUE,FALSE,FALSE,FALSE,TRUE
P03139,U0964,Snapchat,meit215,41,264,264,2.9,1.1,20.2,Midday (10am-2pm),TRUE,FALSE,TRUE,TRUE,FALSE
P03140,U0964,Facebook,itsmei,98,1029,1029,0.63,1.7,17.3,Afternoon (2-6pm),TRUE,FALSE,FALSE,FALSE,TRUE
P03141,U0965,Instagram,itsimani8,69,595,473,0.84,5.3,102.1,Late Night (10pm-2am),FALSE,FALSE,FALSE,FALSE,TRUE
P03142,U0965,Snapchat,imanit665,50,285,285,0.2,1.1,15.0,Late Night (10pm-2am),TRUE,FALSE,TRUE,FALSE,TRUE
P03143,U0966,Instagram,emiliac239,67,232,260,3.48,0.2,49.4,Late Night (10pm-2am),TRUE,FALSE,FALSE,FALSE,TRUE
P03144,U0966,TikTok,emilia_official,57,55,669,3.87,3.0,59.1,Late Night (10pm-2am),FALSE,FALSE,FALSE,FALSE,TRUE
P03145,U0966,Snapchat,emiliac928,79,786,786,3.02,1.2,58.0,Late Night (10pm-2am),TRUE,FALSE,TRUE,FALSE,TRUE
P03146,U0966,Facebook,itsemilia,76,367,367,4.47,1.8,9.7,Late Night (10pm-2am),FALSE,FALSE,TRUE,FALSE,TRUE
P03147,U0967,Instagram,penelopen434,68,476,407,3.77,2.6,56.3,Afternoon (2-6pm),TRUE,FALSE,TRUE,FALSE,TRUE
P03148,U0967,TikTok,penelope.nguyen6,23,56,900,4.75,1.5,132.3,Afternoon (2-6pm),TRUE,FALSE,TRUE,TRUE,TRUE
P03149,U0967,Snapchat,penelopen725,95,440,440,5.87,2.3,105.8,Evening (6-10pm),TRUE,FALSE,TRUE,TRUE,FALSE
P03150,U0968,Instagram,william_tv,67,1763,456,3.65,2.1,41.2,Evening (6-10pm),TRUE,FALSE,TRUE,FALSE,TRUE
P03151,U0968,TikTok,williamk97,37,548,683,3.19,1.4,68.5,Afternoon (2-6pm),FALSE,FALSE,TRUE,FALSE,TRUE
P03152,U0968,Snapchat,william.kelly,74,383,383,2.17,1.4,38.1,Afternoon (2-6pm),TRUE,FALSE,TRUE,TRUE,TRUE
P03153,U0968,X (Twitter),itswilliamx,31,14,171,2.28,0.5,26.7,Afternoon (2-6pm),FALSE,FALSE,FALSE,FALSE,TRUE
P03154,U0968,Facebook,itswilliam,76,457,457,3.83,0.6,11.4,Midday (10am-2pm),FALSE,FALSE,FALSE,FALSE,TRUE
P03155,U0969,Instagram,elid385,46,647,339,4.5,2.2,36.0,Late Night (10pm-2am),FALSE,FALSE,TRUE,TRUE,TRUE
P03156,U0969,TikTok,eli.davis68,51,165,439,3.19,4.3,121.0,Late Night (10pm-2am),TRUE,FALSE,TRUE,FALSE,TRUE
P03157,U0969,Snapchat,eli.davis34,108,775,775,4.8,0.4,40.1,Late Night (10pm-2am),FALSE,FALSE,FALSE,FALSE,TRUE
P03158,U0970,Instagram,mayab2,26,1611,598,2.68,0.6,153.9,Afternoon (2-6pm),FALSE,FALSE,TRUE,FALSE,TRUE
P03159,U0970,TikTok,mayab921,56,123,220,1.69,3.9,119.1,Evening (6-10pm),FALSE,FALSE,TRUE,FALSE,TRUE
P03160,U0970,Snapchat,maya_gram,68,115,115,1.98,1.8,51.2,Evening (6-10pm),TRUE,FALSE,FALSE,TRUE,TRUE
P03161,U0971,Instagram,itscarter,21,849,271,5.21,6.9,195.8,Morning (6-10am),FALSE,FALSE,FALSE,FALSE,TRUE
P03162,U0971,TikTok,carter.tanaka36,36,742,199,2.38,3.7,108.8,Morning (6-10am),FALSE,FALSE,TRUE,TRUE,TRUE
P03163,U0971,Snapchat,cartert163,50,516,516,4.6,4.7,28.2,Morning (6-10am),TRUE,FALSE,TRUE,TRUE,TRUE
P03164,U0972,Instagram,priya.adams78,56,1397,404,3.86,3.3,44.4,Midday (10am-2pm),TRUE,FALSE,TRUE,FALSE,TRUE
P03165,U0972,TikTok,priyaa809,51,704,391,3.41,2.6,114.3,Afternoon (2-6pm),TRUE,FALSE,FALSE,TRUE,TRUE
P03166,U0972,Snapchat,itspriya1,50,302,302,2.62,1.4,126.1,Midday (10am-2pm),TRUE,FALSE,TRUE,TRUE,TRUE
P03167,U0972,X (Twitter),priya.adams86,38,198,232,4.26,1.5,8.8,Afternoon (2-6pm),FALSE,FALSE,TRUE,FALSE,TRUE
P03168,U0972,Facebook,priya.adams,81,462,462,6.01,1.4,14.0,Evening (6-10pm),FALSE,FALSE,TRUE,TRUE,TRUE
P03169,U0973,Instagram,itssagex,45,421,366,3.82,2.2,33.4,Evening (6-10pm),TRUE,FALSE,FALSE,FALSE,TRUE
P03170,U0973,TikTok,sage_tv,74,215,624,4.62,0.5,58.5,Afternoon (2-6pm),TRUE,FALSE,TRUE,TRUE,TRUE
P03171,U0974,Instagram,kinsley_official,35,2274,499,2.08,3.0,30.0,Late Night (10pm-2am),TRUE,FALSE,TRUE,FALSE,TRUE
P03172,U0974,TikTok,kinsley.hill79,9,293,1421,2.68,3.7,66.9,Late Night (10pm-2am),FALSE,FALSE,FALSE,TRUE,TRUE
P03173,U0974,Snapchat,kinsley_tv,63,326,326,3.82,5.2,38.1,Late Night (10pm-2am),TRUE,FALSE,TRUE,TRUE,TRUE
P03174,U0974,X (Twitter),kinsley_official,54,95,254,4.35,3.7,17.8,Late Night (10pm-2am),FALSE,FALSE,TRUE,FALSE,TRUE
P03175,U0975,Instagram,isabella.lindberg,64,654,623,2.26,3.5,61.4,Morning (6-10am),TRUE,FALSE,FALSE,FALSE,TRUE
P03176,U0975,TikTok,isabellal278,33,337,1054,3.0,2.8,76.2,Evening (6-10pm),FALSE,FALSE,TRUE,TRUE,TRUE
P03177,U0975,Snapchat,isabella_x,102,302,302,4.44,4.8,48.8,Morning (6-10am),TRUE,FALSE,TRUE,FALSE,TRUE
P03178,U0976,Instagram,grayson.brooks15,47,1579,480,2.17,2.0,42.1,Morning (6-10am),FALSE,FALSE,TRUE,FALSE,TRUE
P03179,U0976,TikTok,grayson.brooks,59,158,222,1.82,1.1,92.1,Morning (6-10am),FALSE,FALSE,TRUE,FALSE,TRUE
P03180,U0976,Snapchat,graysonb13,31,819,819,2.3,1.9,55.7,Morning (6-10am),TRUE,FALSE,FALSE,FALSE,TRUE
P03181,U0977,Instagram,sofia.nelson51,75,162,362,3.66,1.1,62.1,Late Night (10pm-2am),FALSE,FALSE,TRUE,FALSE,FALSE
P03182,U0977,TikTok,itssofiao,56,21,354,1.76,0.5,60.5,Late Night (10pm-2am),TRUE,FALSE,TRUE,TRUE,FALSE
P03183,U0977,Snapchat,sofian884,71,373,373,2.16,0.5,41.1,Late Night (10pm-2am),TRUE,FALSE,TRUE,TRUE,TRUE
P03184,U0977,Facebook,sofia_official,89,639,639,1.88,0.7,9.4,Late Night (10pm-2am),FALSE,FALSE,TRUE,FALSE,TRUE
P03185,U0978,Instagram,itsandre,57,1810,263,2.05,2.0,76.1,Evening (6-10pm),FALSE,FALSE,TRUE,FALSE,FALSE
P03186,U0978,TikTok,itsandre4,31,89,512,3.11,1.0,82.4,Evening (6-10pm),TRUE,FALSE,FALSE,FALSE,FALSE
P03187,U0978,Snapchat,itsandre,85,584,584,0.94,2.8,64.7,Afternoon (2-6pm),TRUE,FALSE,FALSE,FALSE,TRUE
P03188,U0979,Instagram,sarah.foster,78,5427,418,2.69,4.7,29.8,Late Night (10pm-2am),FALSE,FALSE,TRUE,TRUE,TRUE
P03189,U0979,TikTok,sarahf881,58,450,626,5.09,6.1,23.1,Late Night (10pm-2am),FALSE,FALSE,TRUE,TRUE,TRUE
P03190,U0979,Snapchat,sarahf894,74,297,297,5.31,0.4,39.8,Late Night (10pm-2am),TRUE,FALSE,TRUE,TRUE,TRUE
P03191,U0979,Facebook,itssaraho,100,310,310,7.0,4.7,8.0,Late Night (10pm-2am),TRUE,FALSE,FALSE,FALSE,TRUE
P03192,U0980,Instagram,sofia_tv,85,606,646,2.73,2.4,31.3,Evening (6-10pm),FALSE,FALSE,TRUE,TRUE,TRUE
P03193,U0980,TikTok,itssofia7,54,57,210,3.53,4.0,69.6,Afternoon (2-6pm),FALSE,FALSE,TRUE,FALSE,FALSE
P03194,U0980,Snapchat,sofia.ivanov,63,635,635,3.77,3.4,41.3,Evening (6-10pm),TRUE,FALSE,FALSE,TRUE,TRUE
P03195,U0981,Instagram,kinsley_tv,72,235,553,2.16,1.5,59.1,Evening (6-10pm),TRUE,FALSE,TRUE,FALSE,TRUE
P03196,U0981,TikTok,kinsley.sanders,57,162,983,2.81,1.1,60.3,Evening (6-10pm),FALSE,FALSE,FALSE,FALSE,TRUE
P03197,U0981,Snapchat,kinsley_2027,77,234,234,4.62,2.5,43.2,Evening (6-10pm),FALSE,FALSE,FALSE,FALSE,TRUE
P03198,U0981,Facebook,kinsley.sanders30,92,779,779,3.93,3.1,9.3,Evening (6-10pm),TRUE,FALSE,TRUE,TRUE,FALSE
P03199,U0982,Instagram,landonm534,24,183,321,3.54,1.4,50.9,Evening (6-10pm),TRUE,FALSE,TRUE,FALSE,TRUE
P03200,U0982,TikTok,landonm152,47,2865,590,1.24,0.5,78.1,Midday (10am-2pm),TRUE,FALSE,FALSE,TRUE,TRUE
P03201,U0982,Snapchat,itslandono,66,369,369,2.95,0.9,36.6,Midday (10am-2pm),TRUE,FALSE,TRUE,FALSE,FALSE
P03202,U0983,Instagram,grace_official,83,574,644,3.61,0.5,34.6,Evening (6-10pm),TRUE,FALSE,TRUE,FALSE,TRUE
P03203,U0983,TikTok,grace.carter,52,241,437,4.25,7.8,99.4,Midday (10am-2pm),TRUE,FALSE,TRUE,TRUE,TRUE
P03204,U0983,Snapchat,grace.carter,63,141,141,5.57,4.2,46.1,Afternoon (2-6pm),TRUE,FALSE,FALSE,FALSE,TRUE
P03205,U0983,X (Twitter),grace.carter19,62,505,226,6.4,3.7,17.7,Evening (6-10pm),FALSE,FALSE,FALSE,FALSE,TRUE
P03206,U0984,Instagram,elizabeth.singh51,49,1797,399,1.26,0.4,91.6,Evening (6-10pm),FALSE,FALSE,FALSE,FALSE,TRUE
P03207,U0984,Snapchat,itselizabeth,103,290,290,4.3,2.6,37.9,Evening (6-10pm),TRUE,FALSE,TRUE,FALSE,TRUE
P03208,U0985,Instagram,itscamilax,60,797,283,3.01,2.4,64.2,Late Night (10pm-2am),FALSE,FALSE,TRUE,FALSE,TRUE
P03209,U0985,TikTok,camila.walsh,80,298,477,3.19,3.1,134.6,Late Night (10pm-2am),TRUE,FALSE,TRUE,TRUE,TRUE
P03210,U0985,Snapchat,camila_official,33,620,620,2.94,3.4,34.9,Late Night (10pm-2am),TRUE,FALSE,FALSE,TRUE,TRUE
P03211,U0985,X (Twitter),camilaw165,30,51,71,5.02,1.3,18.4,Late Night (10pm-2am),TRUE,FALSE,TRUE,FALSE,TRUE
P03212,U0986,Instagram,itszoe,39,2121,153,3.49,1.0,56.4,Evening (6-10pm),FALSE,FALSE,TRUE,FALSE,TRUE
P03213,U0986,TikTok,zoew148,32,1716,337,3.88,0.9,133.1,Afternoon (2-6pm),FALSE,FALSE,TRUE,FALSE,TRUE
P03214,U0986,Snapchat,zoew535,71,470,470,4.54,0.5,118.3,Afternoon (2-6pm),TRUE,FALSE,TRUE,TRUE,TRUE
P03215,U0987,Instagram,josiah_official,44,327,306,5.2,1.7,63.8,Evening (6-10pm),TRUE,FALSE,FALSE,FALSE,FALSE
P03216,U0987,TikTok,josiah_official,34,240,435,4.54,0.1,59.6,Evening (6-10pm),FALSE,FALSE,FALSE,FALSE,FALSE
P03217,U0987,Snapchat,josiahr174,56,221,221,4.22,0.5,28.3,Afternoon (2-6pm),TRUE,FALSE,TRUE,FALSE,FALSE
P03218,U0987,X (Twitter),josiah_x,27,265,233,3.85,0.3,31.4,Evening (6-10pm),FALSE,FALSE,FALSE,FALSE,TRUE
P03219,U0988,Instagram,itssamuelo,57,272,727,2.6,1.6,87.3,Late Night (10pm-2am),FALSE,FALSE,TRUE,TRUE,TRUE
P03220,U0988,TikTok,itssamuelo,23,153,969,1.23,0.7,87.7,Late Night (10pm-2am),TRUE,FALSE,FALSE,TRUE,TRUE
P03221,U0988,Snapchat,samuel_gram,72,131,131,3.43,1.8,26.9,Late Night (10pm-2am),TRUE,FALSE,TRUE,TRUE,FALSE
P03222,U0988,X (Twitter),itssamuel9,17,44,520,2.53,1.5,30.3,Late Night (10pm-2am),TRUE,FALSE,FALSE,FALSE,FALSE
P03223,U0988,Facebook,samuel_gram,91,637,637,1.89,1.0,5.1,Late Night (10pm-2am),TRUE,FALSE,TRUE,FALSE,FALSE
P03224,U0989,Instagram,joshua.martin15,59,408,142,3.97,0.8,78.9,Afternoon (2-6pm),FALSE,FALSE,TRUE,FALSE,TRUE
P03225,U0989,TikTok,joshua.martin,44,81,729,2.1,0.8,66.2,Evening (6-10pm),FALSE,FALSE,TRUE,FALSE,FALSE
P03226,U0989,Snapchat,joshua.martin27,94,557,557,2.85,3.0,35.2,Afternoon (2-6pm),TRUE,FALSE,TRUE,TRUE,TRUE
P03227,U0990,Instagram,taylor.tanaka92,57,3202,457,0.44,1.3,115.3,Afternoon (2-6pm),FALSE,FALSE,TRUE,TRUE,TRUE
P03228,U0990,TikTok,taylort530,29,668,302,2.1,0.8,62.4,Evening (6-10pm),FALSE,FALSE,TRUE,FALSE,TRUE
P03229,U0990,X (Twitter),itstaylor,39,107,313,3.06,1.8,11.9,Midday (10am-2pm),FALSE,FALSE,TRUE,FALSE,TRUE
P03230,U0990,Facebook,taylor.tanaka71,81,1090,1090,1.48,2.1,33.0,Evening (6-10pm),TRUE,FALSE,FALSE,FALSE,TRUE
P03231,U0991,Instagram,hazelc521,88,504,285,3.12,1.1,49.0,Midday (10am-2pm),FALSE,FALSE,TRUE,FALSE,TRUE
P03232,U0991,TikTok,hazelc209,64,1487,410,1.2,2.2,58.9,Morning (6-10am),FALSE,FALSE,TRUE,FALSE,TRUE
P03233,U0992,Instagram,angel.taylor77,35,418,159,0.9,4.1,94.2,Late Night (10pm-2am),TRUE,FALSE,TRUE,FALSE,TRUE
P03234,U0992,TikTok,angelt223,18,376,663,5.27,4.4,140.3,Late Night (10pm-2am),FALSE,FALSE,TRUE,TRUE,TRUE
P03235,U0992,Snapchat,angel_gram,63,562,562,2.13,3.6,125.1,Late Night (10pm-2am),TRUE,FALSE,FALSE,FALSE,TRUE
P03236,U0992,X (Twitter),angel_official,72,218,132,2.23,1.7,57.5,Late Night (10pm-2am),FALSE,FALSE,TRUE,FALSE,FALSE
P03237,U0993,Instagram,jameson_official,46,260,298,3.9,2.2,107.5,Late Night (10pm-2am),FALSE,FALSE,TRUE,FALSE,FALSE
P03238,U0993,TikTok,itsjameson,41,226,1252,4.13,1.3,114.5,Late Night (10pm-2am),TRUE,FALSE,FALSE,FALSE,TRUE
P03239,U0993,Snapchat,itsjamesono,75,748,748,1.68,1.3,53.1,Late Night (10pm-2am),TRUE,FALSE,FALSE,FALSE,FALSE
P03240,U0993,Facebook,jamesonr7,73,852,852,2.89,2.4,9.7,Late Night (10pm-2am),FALSE,FALSE,FALSE,FALSE,TRUE
P03241,U0994,Instagram,everly.hoffman85,54,4619,398,2.89,1.6,35.1,Afternoon (2-6pm),FALSE,FALSE,FALSE,TRUE,TRUE
P03242,U0994,TikTok,everlyh978,63,1248,709,3.67,1.9,91.5,Afternoon (2-6pm),TRUE,FALSE,FALSE,FALSE,TRUE
P03243,U0994,Snapchat,itseverlyx,87,530,530,4.47,5.8,37.5,Midday (10am-2pm),FALSE,FALSE,TRUE,FALSE,TRUE
P03244,U0995,Instagram,victoriar258,62,951,313,3.85,0.2,45.5,Late Night (10pm-2am),FALSE,FALSE,TRUE,FALSE,TRUE
P03245,U0995,TikTok,victoriar857,44,482,1268,3.87,2.2,103.1,Late Night (10pm-2am),TRUE,FALSE,TRUE,FALSE,TRUE
P03246,U0995,Facebook,victoriar923,59,255,255,3.58,1.1,15.0,Late Night (10pm-2am),FALSE,FALSE,TRUE,FALSE,TRUE
P03247,U0996,Instagram,evelyn.sharma,49,756,477,1.45,1.6,96.3,Evening (6-10pm),TRUE,FALSE,TRUE,TRUE,TRUE
P03248,U0996,TikTok,evelyn.sharma15,26,502,474,5.64,3.5,66.5,Evening (6-10pm),TRUE,FALSE,FALSE,TRUE,TRUE
P03249,U0996,Snapchat,evelyn.sharma,71,183,183,3.56,0.9,31.5,Evening (6-10pm),TRUE,FALSE,FALSE,FALSE,TRUE
P03250,U0997,Instagram,naomi_2025,60,1062,289,3.84,1.8,42.5,Midday (10am-2pm),TRUE,FALSE,TRUE,TRUE,TRUE
P03251,U0997,TikTok,naomil268,25,88,1066,4.17,1.3,193.1,Evening (6-10pm),FALSE,FALSE,TRUE,FALSE,TRUE
P03252,U0997,Snapchat,itsnaomix,52,442,442,4.2,3.3,20.2,Evening (6-10pm),FALSE,FALSE,TRUE,TRUE,TRUE
P03253,U0997,X (Twitter),naomi_tv,49,43,91,4.64,2.8,15.2,Evening (6-10pm),FALSE,FALSE,FALSE,FALSE,FALSE
P03254,U0998,Instagram,allison_tv,39,439,286,3.73,1.5,46.8,Evening (6-10pm),TRUE,FALSE,TRUE,FALSE,FALSE
P03255,U0998,TikTok,allisonl612,41,608,568,1.93,6.7,80.2,Midday (10am-2pm),FALSE,FALSE,TRUE,FALSE,FALSE
P03256,U0998,Snapchat,itsallison8,43,188,188,3.3,2.4,40.1,Evening (6-10pm),TRUE,FALSE,FALSE,FALSE,TRUE
P03257,U0998,X (Twitter),allisonl791,19,18,153,6.51,0.2,10.7,Evening (6-10pm),FALSE,FALSE,FALSE,FALSE,TRUE
P03258,U0999,Instagram,logan.walker,61,1558,2185,2.59,2.0,122.9,Late Night (10pm-2am),TRUE,FALSE,TRUE,FALSE,TRUE
P03259,U0999,TikTok,logan_gram,65,159,315,3.7,4.2,150.4,Late Night (10pm-2am),FALSE,FALSE,FALSE,TRUE,TRUE
P03260,U0999,Snapchat,loganw66,56,679,679,1.28,2.1,51.2,Late Night (10pm-2am),TRUE,FALSE,TRUE,TRUE,TRUE
P03261,U1000,Instagram,luke.scott,54,3457,263,1.07,0.7,80.8,Evening (6-10pm),TRUE,FALSE,TRUE,FALSE,FALSE
P03262,U1000,TikTok,itsluke8,50,1024,333,3.36,1.7,187.9,Evening (6-10pm),TRUE,FALSE,TRUE,TRUE,FALSE
P03263,U1000,X (Twitter),luke_official,42,84,325,3.92,2.3,17.2,Evening (6-10pm),TRUE,FALSE,FALSE,FALSE,FALSE
P03264,U1000,Facebook,lukes672,52,566,566,5.98,0.9,26.8,Afternoon (2-6pm),FALSE,FALSE,TRUE,FALSE,TRUE
P03265,U1001,Instagram,audrey_official,63,7737,272,2.71,4.6,50.0,Late Night (10pm-2am),TRUE,FALSE,TRUE,FALSE,FALSE
P03266,U1001,TikTok,audreyw126,45,17521,958,4.89,1.9,89.8,Late Night (10pm-2am),FALSE,FALSE,TRUE,TRUE,TRUE
P03267,U1001,Snapchat,audrey.walsh47,67,355,355,6.7,3.5,29.7,Late Night (10pm-2am),FALSE,FALSE,TRUE,FALSE,TRUE
P03268,U1001,X (Twitter),audreyw439,57,109,325,4.22,3.6,17.5,Late Night (10pm-2am),FALSE,FALSE,TRUE,FALSE,TRUE
P03269,U1002,Instagram,grace_x,79,2300,162,2.01,0.8,130.2,Evening (6-10pm),TRUE,FALSE,FALSE,FALSE,TRUE
P03270,U1002,TikTok,grace_official,12,322,290,4.5,3.7,38.2,Afternoon (2-6pm),FALSE,FALSE,FALSE,FALSE,TRUE
P03271,U1003,Instagram,itsananya,93,960,554,3.43,3.6,81.6,Evening (6-10pm),TRUE,FALSE,TRUE,TRUE,TRUE
P03272,U1003,TikTok,ananya.gray,71,255,604,6.42,2.5,53.5,Evening (6-10pm),TRUE,FALSE,TRUE,TRUE,FALSE
P03273,U1004,TikTok,itswyattx,32,366,553,3.31,2.7,93.3,Late Night (10pm-2am),FALSE,FALSE,TRUE,TRUE,TRUE
P03274,U1004,X (Twitter),wyatt.harris,33,106,451,3.07,2.0,20.2,Late Night (10pm-2am),FALSE,FALSE,TRUE,FALSE,FALSE
P03275,U1004,Facebook,wyatt.harris92,63,997,997,2.64,1.0,13.2,Late Night (10pm-2am),TRUE,FALSE,TRUE,FALSE,TRUE
P03276,U1005,Instagram,angel_gram,71,621,1018,1.33,0.5,41.0,Late Night (10pm-2am),FALSE,FALSE,TRUE,FALSE,TRUE
P03277,U1005,TikTok,itsangelx,55,766,165,1.65,3.1,139.0,Late Night (10pm-2am),TRUE,FALSE,FALSE,FALSE,TRUE
P03278,U1005,Snapchat,angel.moore,118,581,581,2.23,2.2,35.2,Late Night (10pm-2am),TRUE,FALSE,TRUE,TRUE,TRUE
P03279,U1006,Instagram,itsnolan9,42,976,158,1.79,0.6,25.2,Late Night (10pm-2am),TRUE,FALSE,FALSE,FALSE,TRUE
P03280,U1006,TikTok,nolano896,45,297,2257,3.29,3.6,71.0,Late Night (10pm-2am),FALSE,FALSE,TRUE,FALSE,TRUE
P03281,U1006,Snapchat,nolano972,78,501,501,0.2,2.7,24.4,Late Night (10pm-2am),FALSE,FALSE,TRUE,FALSE,TRUE
P03282,U1007,Instagram,everly.sullivan,65,486,410,1.62,2.5,60.5,Afternoon (2-6pm),FALSE,FALSE,TRUE,FALSE,FALSE
P03283,U1007,Snapchat,everly.sullivan61,76,908,908,3.59,1.6,32.5,Evening (6-10pm),TRUE,FALSE,FALSE,FALSE,FALSE
P03284,U1008,Instagram,leah.reyes,103,6481,331,2.59,7.7,76.7,Morning (6-10am),FALSE,FALSE,TRUE,TRUE,TRUE
P03285,U1008,TikTok,leah_2024,31,76,449,4.84,6.0,53.4,Morning (6-10am),FALSE,FALSE,TRUE,TRUE,TRUE
P03286,U1008,Snapchat,leah_gram,114,376,376,4.37,3.2,61.4,Midday (10am-2pm),TRUE,FALSE,TRUE,TRUE,TRUE
P03287,U1009,Instagram,jaydenm29,36,522,202,1.82,4.1,43.9,Afternoon (2-6pm),FALSE,FALSE,TRUE,FALSE,FALSE
P03288,U1009,TikTok,jaydenm588,46,80,1457,4.97,0.5,36.3,Evening (6-10pm),TRUE,FALSE,FALSE,FALSE,FALSE
P03289,U1009,X (Twitter),jayden.miller,26,94,238,2.97,0.9,17.7,Afternoon (2-6pm),FALSE,FALSE,FALSE,FALSE,TRUE
P03290,U1010,Instagram,elizabethp427,44,477,307,0.89,2.3,154.1,Evening (6-10pm),TRUE,FALSE,TRUE,FALSE,TRUE
P03291,U1010,TikTok,itselizabeth7,16,52,392,4.28,1.4,209.7,Morning (6-10am),TRUE,FALSE,TRUE,TRUE,TRUE
P03292,U1010,Snapchat,elizabeth_tv,30,735,735,1.12,1.4,27.9,Morning (6-10am),TRUE,FALSE,TRUE,FALSE,TRUE
P03293,U1011,Instagram,itseverlyo,25,495,326,3.14,2.8,188.8,Late Night (10pm-2am),FALSE,FALSE,TRUE,FALSE,FALSE
P03294,U1011,TikTok,everlyp930,43,451,1110,3.2,2.3,80.5,Late Night (10pm-2am),TRUE,FALSE,FALSE,FALSE,TRUE
P03295,U1011,Snapchat,everly.phillips,37,155,155,4.22,1.6,54.4,Late Night (10pm-2am),FALSE,FALSE,TRUE,TRUE,TRUE
P03296,U1012,Instagram,owen.larsen,45,647,510,4.29,1.3,72.0,Late Night (10pm-2am),FALSE,FALSE,TRUE,FALSE,TRUE
P03297,U1012,Snapchat,owen_x,64,498,498,2.0,5.0,19.8,Late Night (10pm-2am),TRUE,FALSE,TRUE,TRUE,TRUE
P03298,U1013,Instagram,christiann544,41,1165,364,2.69,4.3,75.1,Morning (6-10am),TRUE,FALSE,FALSE,FALSE,TRUE
P03299,U1013,TikTok,christian_2029,56,458,899,5.75,3.5,196.6,Midday (10am-2pm),FALSE,FALSE,TRUE,FALSE,TRUE
P03300,U1014,Instagram,jin.peterson,80,886,384,3.91,2.4,62.4,Evening (6-10pm),TRUE,FALSE,TRUE,FALSE,FALSE
P03301,U1014,TikTok,jinp871,55,1117,836,2.06,1.4,32.5,Morning (6-10am),FALSE,FALSE,TRUE,FALSE,TRUE
P03302,U1014,Snapchat,jin.peterson,92,391,391,6.27,3.9,48.1,Morning (6-10am),TRUE,FALSE,TRUE,FALSE,TRUE
P03303,U1014,X (Twitter),jin.peterson18,64,363,565,1.36,3.1,15.5,Morning (6-10am),FALSE,FALSE,TRUE,FALSE,TRUE
P03304,U1015,Instagram,danielak145,87,1237,789,3.36,3.2,71.6,Afternoon (2-6pm),FALSE,FALSE,TRUE,FALSE,FALSE
P03305,U1015,TikTok,daniela.king,40,1543,278,3.78,0.3,101.0,Evening (6-10pm),FALSE,FALSE,TRUE,FALSE,TRUE
P03306,U1015,Snapchat,danielak75,88,316,316,1.8,0.9,20.3,Evening (6-10pm),TRUE,FALSE,TRUE,FALSE,TRUE
P03307,U1016,Instagram,nolan.perez,61,338,543,3.34,1.0,76.8,Late Night (10pm-2am),TRUE,FALSE,FALSE,FALSE,FALSE
P03308,U1016,TikTok,nolan_tv,25,342,447,1.71,5.2,137.4,Late Night (10pm-2am),TRUE,FALSE,TRUE,FALSE,FALSE
P03309,U1016,Snapchat,nolanp397,55,535,535,2.27,3.9,45.3,Late Night (10pm-2am),TRUE,FALSE,TRUE,FALSE,TRUE
P03310,U1016,X (Twitter),nolan_gram,14,74,346,4.95,2.3,17.7,Late Night (10pm-2am),FALSE,FALSE,FALSE,FALSE,TRUE
P03311,U1017,Instagram,lucas.collins,59,519,592,2.76,2.8,41.4,Morning (6-10am),FALSE,FALSE,TRUE,FALSE,TRUE
P03312,U1017,TikTok,lucas.collins2,39,701,634,4.4,0.4,88.2,Midday (10am-2pm),FALSE,FALSE,FALSE,FALSE,TRUE
P03313,U1017,Snapchat,lucasc822,85,153,153,2.09,1.2,64.5,Midday (10am-2pm),TRUE,FALSE,TRUE,TRUE,FALSE
P03314,U1018,Instagram,itsthomaso,33,524,258,4.6,3.1,73.8,Evening (6-10pm),FALSE,FALSE,TRUE,FALSE,FALSE
P03315,U1018,TikTok,thomasm534,65,850,575,4.0,4.3,74.4,Afternoon (2-6pm),FALSE,FALSE,FALSE,TRUE,TRUE
P03316,U1018,Facebook,itsthomas3,78,1011,1011,3.17,2.6,14.3,Midday (10am-2pm),FALSE,FALSE,FALSE,FALSE,TRUE
P03317,U1019,Instagram,willowt639,67,381,526,2.04,1.2,63.8,Late Night (10pm-2am),TRUE,FALSE,TRUE,FALSE,TRUE
P03318,U1019,TikTok,willowt4,19,294,519,3.62,5.5,99.3,Late Night (10pm-2am),TRUE,FALSE,TRUE,FALSE,TRUE
P03319,U1020,Instagram,willow.visser,53,1103,900,3.72,4.1,59.2,Evening (6-10pm),FALSE,FALSE,TRUE,FALSE,TRUE
P03320,U1020,TikTok,willowv356,20,15,463,4.49,3.2,111.3,Afternoon (2-6pm),TRUE,FALSE,TRUE,FALSE,TRUE
P03321,U1021,Instagram,willoww251,88,740,496,2.44,1.7,77.8,Afternoon (2-6pm),FALSE,FALSE,TRUE,FALSE,FALSE
P03322,U1021,Snapchat,itswillowx,82,289,289,3.53,5.9,56.3,Evening (6-10pm),TRUE,FALSE,FALSE,TRUE,TRUE
P03323,U1021,X (Twitter),itswillowo,31,116,216,3.81,1.5,9.9,Evening (6-10pm),FALSE,FALSE,TRUE,FALSE,TRUE
P03324,U1021,Facebook,willoww960,67,657,657,2.04,2.9,13.1,Midday (10am-2pm),TRUE,FALSE,TRUE,TRUE,TRUE
P03325,U1022,Instagram,itsnaomix,52,7392,403,1.62,0.8,60.4,Afternoon (2-6pm),FALSE,FALSE,TRUE,FALSE,FALSE
P03326,U1022,TikTok,naomi.diaz63,59,62,939,4.45,3.2,106.2,Evening (6-10pm),FALSE,FALSE,TRUE,FALSE,TRUE
P03327,U1022,Snapchat,naomid504,62,210,210,1.9,1.3,18.4,Afternoon (2-6pm),TRUE,FALSE,TRUE,TRUE,TRUE
P03328,U1022,Facebook,naomid385,97,613,613,0.2,0.9,6.5,Evening (6-10pm),TRUE,FALSE,TRUE,FALSE,FALSE
P03329,U1023,Instagram,nataliew867,84,1622,332,2.03,2.1,94.7,Midday (10am-2pm),FALSE,FALSE,TRUE,TRUE,FALSE
P03330,U1023,TikTok,itsnatalieo,37,102,217,5.56,2.0,107.4,Morning (6-10am),FALSE,FALSE,TRUE,TRUE,TRUE
P03331,U1023,Snapchat,natalie.wright,73,184,184,3.75,2.8,24.3,Midday (10am-2pm),TRUE,FALSE,TRUE,TRUE,TRUE
P03332,U1024,Instagram,willow.ruiz81,45,2962,711,3.85,0.8,54.3,Evening (6-10pm),TRUE,FALSE,TRUE,TRUE,FALSE
P03333,U1024,TikTok,willow_2025,34,255,258,3.39,2.2,78.8,Midday (10am-2pm),TRUE,FALSE,FALSE,FALSE,TRUE
P03334,U1024,Facebook,willow.ruiz69,75,585,585,2.93,4.0,18.4,Afternoon (2-6pm),FALSE,FALSE,TRUE,FALSE,TRUE
P03335,U1025,Instagram,asherv679,84,931,322,3.17,2.8,43.6,Evening (6-10pm),FALSE,FALSE,TRUE,TRUE,TRUE
P03336,U1025,TikTok,asherv934,43,207,653,2.39,2.9,163.5,Morning (6-10am),FALSE,FALSE,TRUE,FALSE,FALSE
P03337,U1025,X (Twitter),asherv534,58,75,248,4.48,1.1,24.3,Morning (6-10am),FALSE,FALSE,FALSE,FALSE,FALSE
P03338,U1026,Instagram,imanin649,30,429,556,1.43,1.5,81.7,Late Night (10pm-2am),FALSE,FALSE,TRUE,FALSE,TRUE
P03339,U1026,TikTok,imanin932,17,150,1503,4.58,4.9,182.6,Late Night (10pm-2am),FALSE,FALSE,TRUE,FALSE,TRUE
P03340,U1026,X (Twitter),imani.nelson10,31,400,239,4.68,3.0,17.1,Late Night (10pm-2am),TRUE,FALSE,TRUE,FALSE,TRUE
P03341,U1026,Facebook,imani.nelson70,37,825,825,2.39,2.4,7.9,Late Night (10pm-2am),TRUE,FALSE,TRUE,TRUE,FALSE
P03342,U1027,Instagram,maya_2024,85,453,192,3.43,1.2,65.8,Evening (6-10pm),FALSE,FALSE,FALSE,TRUE,FALSE
P03343,U1027,Snapchat,maya.cook,109,369,369,5.14,4.1,65.7,Evening (6-10pm),TRUE,FALSE,FALSE,TRUE,TRUE
P03344,U1028,Instagram,itsmadison,61,415,221,1.36,1.4,66.1,Morning (6-10am),TRUE,FALSE,FALSE,FALSE,FALSE
P03345,U1028,TikTok,madison.ross27,45,506,704,0.2,0.2,160.5,Midday (10am-2pm),TRUE,FALSE,FALSE,TRUE,TRUE
P03346,U1028,Facebook,itsmadisono,77,178,178,4.75,0.3,12.8,Morning (6-10am),FALSE,FALSE,TRUE,TRUE,TRUE
P03347,U1029,Instagram,elizabethp815,69,1137,700,1.89,2.2,58.1,Evening (6-10pm),TRUE,FALSE,TRUE,TRUE,TRUE
P03348,U1029,TikTok,elizabeth.papadopoulos87,17,396,599,2.76,2.0,197.3,Evening (6-10pm),FALSE,FALSE,FALSE,TRUE,FALSE
P03349,U1029,Snapchat,elizabeth.papadopoulos,88,423,423,4.98,0.9,25.4,Evening (6-10pm),TRUE,FALSE,TRUE,FALSE,TRUE
P03350,U1029,X (Twitter),elizabethp733,53,38,774,5.77,2.0,20.5,Midday (10am-2pm),FALSE,FALSE,TRUE,FALSE,TRUE
P03351,U1029,Facebook,elizabethp694,60,1049,1049,3.58,3.0,8.9,Morning (6-10am),TRUE,FALSE,TRUE,FALSE,TRUE
P03352,U1030,Instagram,caleb.edwards,76,400,520,1.7,1.2,74.8,Evening (6-10pm),TRUE,FALSE,TRUE,FALSE,TRUE
P03353,U1030,TikTok,itscaleb,43,263,1290,1.27,1.3,76.3,Evening (6-10pm),FALSE,FALSE,TRUE,FALSE,TRUE
P03354,U1030,Snapchat,caleb.edwards,66,277,277,1.58,1.5,38.7,Evening (6-10pm),TRUE,FALSE,TRUE,FALSE,FALSE
P03355,U1030,X (Twitter),calebe615,32,35,199,3.97,0.5,14.5,Afternoon (2-6pm),FALSE,FALSE,TRUE,FALSE,FALSE
P03356,U1031,Instagram,itsjosiah6,89,717,317,2.3,0.5,42.3,Late Night (10pm-2am),TRUE,FALSE,FALSE,FALSE,TRUE
P03357,U1031,Snapchat,itsjosiah,73,228,228,3.55,0.6,28.6,Late Night (10pm-2am),TRUE,FALSE,TRUE,FALSE,FALSE
P03358,U1032,Instagram,chloe.young41,68,128,155,3.2,0.9,115.1,Late Night (10pm-2am),TRUE,FALSE,TRUE,FALSE,TRUE
P03359,U1032,TikTok,itschloe4,35,386,498,2.44,0.4,54.5,Late Night (10pm-2am),TRUE,FALSE,TRUE,FALSE,FALSE
P03360,U1032,Snapchat,chloe.young,108,356,356,3.16,3.1,21.7,Late Night (10pm-2am),TRUE,FALSE,TRUE,TRUE,FALSE
P03361,U1032,Facebook,itschloeo,84,714,714,0.43,4.0,23.0,Late Night (10pm-2am),TRUE,FALSE,FALSE,FALSE,TRUE
P03362,U1033,Instagram,itslogano,54,199,223,2.0,0.6,77.1,Afternoon (2-6pm),TRUE,FALSE,FALSE,FALSE,TRUE
P03363,U1033,TikTok,loganh411,70,675,368,3.24,1.3,65.9,Midday (10am-2pm),TRUE,FALSE,TRUE,FALSE,FALSE
P03364,U1033,Snapchat,itslogan1,111,198,198,4.13,2.6,23.7,Evening (6-10pm),TRUE,FALSE,FALSE,FALSE,TRUE
P03365,U1033,Facebook,loganh588,100,612,612,1.8,2.3,17.2,Evening (6-10pm),FALSE,FALSE,FALSE,TRUE,TRUE
P03366,U1034,Instagram,luna_tv,77,1558,526,3.06,1.2,114.5,Late Night (10pm-2am),FALSE,FALSE,FALSE,TRUE,TRUE
P03367,U1034,TikTok,lunag88,30,38,466,4.55,1.5,62.8,Late Night (10pm-2am),FALSE,FALSE,TRUE,FALSE,TRUE
P03368,U1034,Snapchat,lunag964,50,784,784,3.75,6.9,54.2,Late Night (10pm-2am),TRUE,FALSE,FALSE,TRUE,TRUE
P03369,U1034,X (Twitter),luna_tv,67,64,205,5.24,2.7,28.8,Late Night (10pm-2am),TRUE,FALSE,FALSE,FALSE,TRUE
P03370,U1035,Instagram,alex_gram,67,346,366,4.06,4.5,190.8,Evening (6-10pm),FALSE,FALSE,TRUE,FALSE,TRUE
P03371,U1035,TikTok,alex_2029,22,271,251,1.07,0.9,76.5,Evening (6-10pm),TRUE,FALSE,TRUE,FALSE,FALSE
P03372,U1035,X (Twitter),itsalexx,64,24,265,4.67,3.4,6.2,Midday (10am-2pm),FALSE,FALSE,TRUE,FALSE,TRUE
P03373,U1036,Instagram,weih189,60,488,402,2.84,0.6,29.0,Evening (6-10pm),FALSE,FALSE,TRUE,FALSE,TRUE
P03374,U1036,TikTok,wei.howard,66,345,1885,2.82,3.5,113.2,Midday (10am-2pm),FALSE,FALSE,TRUE,FALSE,TRUE
P03375,U1036,Snapchat,itsweix,31,165,165,2.53,3.4,50.2,Afternoon (2-6pm),TRUE,FALSE,TRUE,FALSE,TRUE
P03376,U1037,Instagram,lincoln_2030,63,1252,150,1.86,3.5,79.7,Evening (6-10pm),FALSE,FALSE,TRUE,FALSE,FALSE
P03377,U1037,TikTok,lincoln.hall78,14,161,808,4.2,2.1,217.9,Evening (6-10pm),TRUE,FALSE,TRUE,FALSE,TRUE
P03378,U1037,Snapchat,lincoln_2030,105,308,308,4.1,1.0,46.6,Afternoon (2-6pm),TRUE,FALSE,TRUE,FALSE,TRUE
P03379,U1037,Facebook,lincoln_tv,102,1234,1234,6.87,5.3,22.3,Evening (6-10pm),FALSE,FALSE,FALSE,FALSE,TRUE
P03380,U1038,Instagram,carlos_official,31,441,572,0.67,0.7,40.2,Afternoon (2-6pm),FALSE,FALSE,TRUE,FALSE,TRUE
P03381,U1038,TikTok,carlosb526,41,68,375,2.95,1.1,31.7,Afternoon (2-6pm),FALSE,FALSE,FALSE,FALSE,FALSE
P03382,U1038,Snapchat,carlos_tv,19,369,369,4.96,1.8,39.3,Evening (6-10pm),TRUE,FALSE,TRUE,TRUE,FALSE
P03383,U1039,Instagram,itsvioletx,78,1774,420,4.02,2.9,20.5,Midday (10am-2pm),FALSE,FALSE,FALSE,FALSE,TRUE
P03384,U1039,TikTok,violet_tv,67,344,231,3.02,0.4,290,Evening (6-10pm),TRUE,FALSE,FALSE,TRUE,TRUE
P03385,U1039,Snapchat,violet.sanchez,85,668,668,2.56,0.6,65.8,Evening (6-10pm),TRUE,FALSE,TRUE,FALSE,TRUE
P03386,U1040,Instagram,jasmine.fernandez29,62,111,649,4.33,2.8,45.5,Evening (6-10pm),FALSE,FALSE,TRUE,TRUE,TRUE
P03387,U1040,TikTok,jasmine.fernandez59,52,271,226,4.28,2.1,75.0,Evening (6-10pm),TRUE,FALSE,FALSE,FALSE,TRUE
P03388,U1040,Snapchat,jasmine.fernandez48,70,127,127,3.16,3.5,31.3,Afternoon (2-6pm),TRUE,FALSE,TRUE,FALSE,FALSE
P03389,U1040,X (Twitter),itsjasmine5,78,303,148,5.45,3.4,39.8,Afternoon (2-6pm),FALSE,FALSE,FALSE,FALSE,TRUE
P03390,U1041,Instagram,sophia.martin48,62,1136,381,2.38,0.4,81.3,Afternoon (2-6pm),TRUE,FALSE,TRUE,FALSE,FALSE
P03391,U1041,TikTok,sophia.martin61,32,89,410,5.7,0.3,137.6,Midday (10am-2pm),TRUE,FALSE,TRUE,FALSE,FALSE
P03392,U1041,Snapchat,sophia_2030,30,295,295,2.34,3.2,51.7,Evening (6-10pm),FALSE,FALSE,TRUE,TRUE,TRUE
P03393,U1042,Snapchat,itszoeyo,71,566,566,1.89,2.5,31.3,Evening (6-10pm),TRUE,FALSE,TRUE,FALSE,FALSE
P03394,U1042,X (Twitter),zoeyk387,87,62,69,3.94,1.4,18.5,Afternoon (2-6pm),FALSE,FALSE,TRUE,FALSE,FALSE
P03395,U1042,Facebook,zoeyk103,73,1302,1302,3.07,0.3,13.3,Midday (10am-2pm),TRUE,FALSE,TRUE,FALSE,FALSE
P03396,U1043,Instagram,itsmiles,81,525,766,0.45,0.9,42.2,Evening (6-10pm),FALSE,FALSE,TRUE,FALSE,TRUE
P03397,U1043,Snapchat,miles_official,43,587,587,1.23,3.5,25.3,Midday (10am-2pm),FALSE,FALSE,TRUE,TRUE,TRUE
P03398,U1043,X (Twitter),milesm981,43,55,266,4.3,1.0,45.6,Afternoon (2-6pm),FALSE,FALSE,TRUE,FALSE,FALSE
P03399,U1044,TikTok,camillet264,17,42,306,2.15,1.1,104.4,Afternoon (2-6pm),FALSE,FALSE,TRUE,TRUE,TRUE
P03400,U1044,Snapchat,camille_2026,28,167,167,4.95,1.5,32.6,Evening (6-10pm),TRUE,FALSE,FALSE,FALSE,FALSE
P03401,U1045,Instagram,ananyao47,57,4640,412,1.51,0.9,50.9,Evening (6-10pm),FALSE,FALSE,TRUE,FALSE,TRUE
P03402,U1045,TikTok,ananya_2028,26,1939,335,2.46,5.3,42.3,Midday (10am-2pm),FALSE,FALSE,FALSE,FALSE,TRUE
P03403,U1045,Snapchat,ananyao189,74,255,255,3.7,3.3,62.5,Afternoon (2-6pm),TRUE,FALSE,TRUE,TRUE,TRUE
P03404,U1046,Instagram,itshudson7,91,1410,279,3.47,2.9,74.5,Late Night (10pm-2am),FALSE,FALSE,TRUE,FALSE,FALSE
P03405,U1046,TikTok,hudson.harris,48,42,757,2.85,2.0,211.3,Late Night (10pm-2am),FALSE,FALSE,TRUE,FALSE,FALSE
P03406,U1046,Snapchat,hudson.harris,80,308,308,2.85,1.4,63.0,Late Night (10pm-2am),TRUE,FALSE,TRUE,FALSE,TRUE
P03407,U1047,Instagram,sophia.rossi,77,345,1175,3.1,1.0,58.2,Late Night (10pm-2am),FALSE,FALSE,TRUE,FALSE,TRUE
P03408,U1047,TikTok,itssophia,62,306,468,3.72,1.1,113.7,Late Night (10pm-2am),FALSE,FALSE,TRUE,FALSE,TRUE
P03409,U1047,Snapchat,sophia_2029,37,548,548,2.53,2.6,70.0,Late Night (10pm-2am),TRUE,FALSE,TRUE,FALSE,TRUE
P03410,U1048,Instagram,everlym635,59,1438,299,2.64,0.5,48.3,Afternoon (2-6pm),TRUE,FALSE,TRUE,FALSE,TRUE
P03411,U1048,TikTok,itseverlyx,29,205,1335,1.36,1.0,92.7,Afternoon (2-6pm),FALSE,FALSE,FALSE,TRUE,TRUE
P03412,U1048,Snapchat,itseverly,73,273,273,2.67,2.4,59.6,Midday (10am-2pm),TRUE,FALSE,TRUE,TRUE,TRUE
P03413,U1048,X (Twitter),everlym680,55,95,389,3.18,2.3,15.1,Afternoon (2-6pm),TRUE,FALSE,TRUE,FALSE,TRUE
P03414,U1049,Instagram,aria_official,27,1367,521,2.96,1.2,39.4,Evening (6-10pm),FALSE,FALSE,TRUE,FALSE,FALSE
P03415,U1049,TikTok,itsariao,27,610,116,3.12,1.3,44.2,Evening (6-10pm),FALSE,FALSE,FALSE,FALSE,TRUE
P03416,U1050,Instagram,skylar.fernandez39,80,642,227,4.47,4.0,69.6,Afternoon (2-6pm),TRUE,FALSE,FALSE,FALSE,TRUE
P03417,U1050,Snapchat,skylar.fernandez,34,305,305,3.33,0.4,40.6,Evening (6-10pm),TRUE,FALSE,FALSE,FALSE,TRUE
P03418,U1051,Instagram,coltonb997,93,1290,307,1.44,2.5,58.7,Late Night (10pm-2am),FALSE,FALSE,TRUE,TRUE,FALSE
P03419,U1051,Snapchat,coltonb144,48,748,748,1.72,2.8,18.9,Late Night (10pm-2am),TRUE,FALSE,FALSE,TRUE,FALSE
P03420,U1051,Facebook,colton_gram,24,589,589,1.91,0.9,12.6,Late Night (10pm-2am),FALSE,FALSE,TRUE,FALSE,TRUE
P03421,U1052,Instagram,willow_gram,60,522,961,0.91,2.1,38.2,Late Night (10pm-2am),FALSE,FALSE,FALSE,FALSE,TRUE
P03422,U1052,TikTok,itswillow,38,69,157,3.74,0.9,59.8,Late Night (10pm-2am),FALSE,FALSE,FALSE,FALSE,TRUE
P03423,U1052,X (Twitter),willow.reyes7,53,76,252,0.2,0.8,24.8,Late Night (10pm-2am),FALSE,FALSE,TRUE,FALSE,TRUE
P03424,U1053,Instagram,fatimaw602,84,703,221,2.55,0.7,99.3,Evening (6-10pm),TRUE,FALSE,FALSE,FALSE,TRUE
P03425,U1053,TikTok,fatimaw381,40,415,375,1.81,1.3,49.5,Morning (6-10am),FALSE,FALSE,TRUE,FALSE,TRUE
P03426,U1053,Snapchat,fatima.walsh98,70,891,891,0.64,1.2,29.8,Midday (10am-2pm),TRUE,FALSE,TRUE,FALSE,TRUE
P03427,U1054,Instagram,itsameliao,62,5092,174,3.13,1.3,61.6,Evening (6-10pm),FALSE,FALSE,FALSE,FALSE,TRUE
P03428,U1054,TikTok,itsamelia,48,587,386,2.2,1.0,100.2,Afternoon (2-6pm),FALSE,FALSE,TRUE,TRUE,TRUE
P03429,U1054,Snapchat,amelia.bailey,65,304,304,4.37,2.8,39.0,Evening (6-10pm),TRUE,FALSE,TRUE,TRUE,TRUE
P03430,U1054,Facebook,ameliab829,75,1186,1186,0.2,1.9,13.1,Evening (6-10pm),TRUE,FALSE,TRUE,TRUE,FALSE
P03431,U1055,Instagram,addison.murphy,47,430,302,1.78,3.8,28.7,Midday (10am-2pm),FALSE,FALSE,FALSE,FALSE,TRUE
P03432,U1055,TikTok,addison.murphy,27,520,225,2.95,0.9,119.8,Evening (6-10pm),TRUE,FALSE,TRUE,FALSE,TRUE
P03433,U1055,Snapchat,itsaddison5,50,846,846,0.89,0.6,60.7,Midday (10am-2pm),TRUE,FALSE,TRUE,FALSE,TRUE
P03434,U1055,Facebook,addison_2026,58,491,491,2.85,1.1,11.4,Evening (6-10pm),TRUE,FALSE,TRUE,TRUE,FALSE
P03435,U1056,Instagram,madison_official,81,2855,678,2.22,2.4,43.5,Late Night (10pm-2am),FALSE,FALSE,TRUE,TRUE,TRUE
P03436,U1056,TikTok,madison.yamamoto,57,392,588,4.07,1.3,131.9,Late Night (10pm-2am),TRUE,FALSE,FALSE,TRUE,TRUE
P03437,U1056,Snapchat,madison.yamamoto,69,267,267,4.97,2.7,29.8,Late Night (10pm-2am),TRUE,FALSE,FALSE,TRUE,TRUE
P03438,U1057,Instagram,ezekielf64,34,2920,616,4.44,5.3,76.6,Midday (10am-2pm),FALSE,FALSE,FALSE,FALSE,TRUE
P03439,U1057,TikTok,itsezekielo,9,2419,893,3.56,3.0,49.3,Morning (6-10am),FALSE,FALSE,TRUE,TRUE,FALSE
P03440,U1058,Instagram,olivero749,67,431,191,3.52,1.4,88.3,Late Night (10pm-2am),FALSE,FALSE,TRUE,FALSE,TRUE
P03441,U1058,TikTok,olivero957,42,473,602,4.43,1.3,69.3,Late Night (10pm-2am),FALSE,FALSE,TRUE,FALSE,TRUE
P03442,U1058,Snapchat,olivero299,69,129,129,5.54,3.9,39.7,Late Night (10pm-2am),TRUE,FALSE,TRUE,FALSE,FALSE
P03443,U1058,X (Twitter),oliver_official,12,93,282,4.9,1.4,29.3,Late Night (10pm-2am),FALSE,FALSE,TRUE,FALSE,TRUE
P03444,U1058,Facebook,olivero67,68,482,482,2.4,2.4,5.5,Late Night (10pm-2am),FALSE,FALSE,TRUE,FALSE,FALSE
P03445,U1059,TikTok,priya_gram,35,1443,397,0.7,1.4,65.3,Late Night (10pm-2am),FALSE,FALSE,FALSE,FALSE,TRUE
P03446,U1059,Facebook,itspriya,55,996,996,0.98,1.8,14.9,Late Night (10pm-2am),FALSE,FALSE,TRUE,FALSE,TRUE
P03447,U1060,Instagram,aubrey.li15,41,449,289,4.59,2.6,64.5,Evening (6-10pm),FALSE,FALSE,FALSE,FALSE,FALSE
P03448,U1060,TikTok,aubrey.li73,62,53,854,2.64,3.0,59.7,Evening (6-10pm),FALSE,FALSE,FALSE,FALSE,TRUE
P03449,U1061,Instagram,harperj581,66,246,359,3.44,0.8,56.8,Midday (10am-2pm),FALSE,FALSE,FALSE,FALSE,FALSE
P03450,U1061,TikTok,harper.jones23,77,926,176,3.55,1.9,52.0,Midday (10am-2pm),TRUE,FALSE,TRUE,FALSE,TRUE
P03451,U1061,X (Twitter),itsharper6,73,30,144,4.62,0.9,17.6,Midday (10am-2pm),FALSE,FALSE,TRUE,TRUE,TRUE
P03452,U1061,Facebook,harper_x,61,383,383,2.88,3.9,8.1,Midday (10am-2pm),TRUE,FALSE,TRUE,FALSE,TRUE
P03453,U1062,Instagram,auroraw759,81,514,551,4.31,1.3,51.3,Evening (6-10pm),FALSE,FALSE,TRUE,FALSE,TRUE
P03454,U1062,TikTok,aurora_2024,54,478,108,2.39,1.6,107.3,Evening (6-10pm),TRUE,FALSE,TRUE,FALSE,TRUE
P03455,U1062,Snapchat,aurora.williams,40,283,283,3.36,1.7,33.2,Afternoon (2-6pm),TRUE,FALSE,TRUE,FALSE,TRUE
P03456,U1062,Facebook,auroraw279,20,837,837,2.93,2.3,13.7,Midday (10am-2pm),FALSE,FALSE,TRUE,TRUE,FALSE
P03457,U1063,Instagram,jacob.pham,51,1741,257,1.01,3.2,68.1,Afternoon (2-6pm),TRUE,FALSE,TRUE,FALSE,TRUE
P03458,U1063,TikTok,jacob.pham,74,2470,267,2.49,3.6,55.5,Afternoon (2-6pm),FALSE,FALSE,FALSE,FALSE,TRUE
P03459,U1063,Snapchat,itsjacobx,42,282,282,3.95,6.7,81.6,Evening (6-10pm),TRUE,FALSE,TRUE,FALSE,TRUE
P03460,U1064,Instagram,itscaleb5,93,1423,239,1.42,2.1,95.1,Late Night (10pm-2am),FALSE,FALSE,FALSE,FALSE,TRUE
P03461,U1064,TikTok,calebl232,40,123,555,3.82,1.5,79.2,Late Night (10pm-2am),TRUE,FALSE,FALSE,TRUE,FALSE
P03462,U1064,Snapchat,itscalebo,42,379,379,3.94,0.3,45.8,Late Night (10pm-2am),FALSE,FALSE,FALSE,TRUE,TRUE
P03463,U1064,Facebook,calebl576,37,236,236,4.31,1.8,14.2,Late Night (10pm-2am),FALSE,FALSE,TRUE,TRUE,TRUE
P03464,U1065,TikTok,logans828,47,1204,1328,2.16,1.7,119.4,Morning (6-10am),FALSE,FALSE,FALSE,FALSE,TRUE
P03465,U1065,Snapchat,logan.singh79,59,600,600,4.11,2.2,55.1,Evening (6-10pm),TRUE,FALSE,TRUE,TRUE,TRUE
P03466,U1065,Facebook,logans60,68,838,838,4.25,1.3,26.9,Evening (6-10pm),FALSE,FALSE,TRUE,FALSE,FALSE
P03467,U1066,Instagram,santiagoh787,79,5302,214,4.54,2.1,46.0,Midday (10am-2pm),FALSE,FALSE,FALSE,FALSE,FALSE
P03468,U1066,TikTok,santiagoh190,37,1280,783,3.59,2.1,50.9,Evening (6-10pm),FALSE,FALSE,TRUE,FALSE,TRUE
P03469,U1066,Snapchat,itssantiagox,88,330,330,4.05,3.6,55.2,Midday (10am-2pm),TRUE,FALSE,TRUE,TRUE,TRUE
P03470,U1066,Facebook,santiago_x,112,723,723,3.55,0.5,7.0,Evening (6-10pm),TRUE,FALSE,FALSE,TRUE,TRUE
P03471,U1067,X (Twitter),itsmadison1,74,373,1074,1.16,1.0,15.1,Evening (6-10pm),TRUE,FALSE,FALSE,FALSE,TRUE
P03472,U1068,Instagram,sebastians581,91,619,188,3.29,6.1,94.4,Late Night (10pm-2am),FALSE,FALSE,TRUE,FALSE,TRUE
P03473,U1068,TikTok,sebastian_official,48,973,308,3.67,3.4,110.4,Late Night (10pm-2am),FALSE,FALSE,TRUE,TRUE,TRUE
P03474,U1069,Instagram,sofia.ward97,47,1721,319,2.82,2.6,65.9,Evening (6-10pm),FALSE,FALSE,TRUE,FALSE,TRUE
P03475,U1069,TikTok,sofiaw76,75,427,361,1.97,4.1,64.9,Afternoon (2-6pm),FALSE,FALSE,TRUE,FALSE,TRUE
P03476,U1069,Snapchat,sofia.ward,59,451,451,2.93,1.3,43.7,Evening (6-10pm),TRUE,FALSE,TRUE,FALSE,TRUE
P03477,U1070,Instagram,sophiak108,81,375,787,2.89,1.2,68.9,Evening (6-10pm),FALSE,FALSE,FALSE,FALSE,FALSE
P03478,U1070,TikTok,sophia_x,57,696,306,2.26,1.7,46.4,Afternoon (2-6pm),TRUE,FALSE,FALSE,FALSE,TRUE
P03479,U1070,Snapchat,sophia.kowalski,71,123,123,2.87,1.2,15.7,Midday (10am-2pm),TRUE,FALSE,TRUE,FALSE,TRUE
P03480,U1071,Instagram,stella_official,53,464,393,1.85,3.4,69.7,Late Night (10pm-2am),TRUE,FALSE,TRUE,FALSE,TRUE
P03481,U1071,TikTok,itsstella2,33,746,1480,2.43,3.2,64.2,Late Night (10pm-2am),TRUE,FALSE,TRUE,FALSE,TRUE
P03482,U1071,Snapchat,stellas303,71,186,186,4.58,6.3,39.4,Late Night (10pm-2am),TRUE,FALSE,FALSE,TRUE,TRUE
P03483,U1071,X (Twitter),stella_gram,19,48,365,2.92,1.2,17.6,Late Night (10pm-2am),TRUE,FALSE,TRUE,FALSE,FALSE
P03484,U1072,Instagram,harper_x,79,713,529,1.16,2.5,27.9,Morning (6-10am),TRUE,FALSE,FALSE,FALSE,FALSE
P03485,U1072,TikTok,harper_tv,12,29,218,2.91,0.2,88.4,Midday (10am-2pm),FALSE,FALSE,FALSE,FALSE,FALSE
P03486,U1072,Snapchat,harperh516,50,403,403,2.89,0.5,29.8,Morning (6-10am),TRUE,FALSE,TRUE,FALSE,TRUE
P03487,U1072,Facebook,itsharper,83,697,697,1.96,1.4,6.8,Midday (10am-2pm),TRUE,FALSE,TRUE,FALSE,TRUE
P03488,U1073,Instagram,lucy.baker,87,607,838,3.16,2.0,33.3,Evening (6-10pm),FALSE,FALSE,FALSE,TRUE,FALSE
P03489,U1073,TikTok,lucy.baker,36,406,176,3.07,0.1,100.2,Evening (6-10pm),FALSE,FALSE,TRUE,FALSE,FALSE
P03490,U1073,X (Twitter),lucyb156,43,30,69,4.77,2.0,9.1,Afternoon (2-6pm),FALSE,FALSE,FALSE,FALSE,FALSE
P03491,U1073,Facebook,itslucy,84,559,559,3.67,2.7,15.9,Afternoon (2-6pm),FALSE,FALSE,TRUE,FALSE,FALSE
P03492,U1074,Instagram,hunter.brown,90,1877,581,3.98,0.9,74.8,Evening (6-10pm),FALSE,FALSE,TRUE,FALSE,TRUE
P03493,U1074,TikTok,itshunterx,28,364,141,3.88,3.9,87.0,Afternoon (2-6pm),FALSE,FALSE,TRUE,FALSE,FALSE
P03494,U1074,Snapchat,hunterb797,15,399,399,4.71,1.6,22.5,Evening (6-10pm),FALSE,FALSE,FALSE,TRUE,TRUE
P03495,U1075,Instagram,rajh204,70,326,496,4.49,3.4,33.8,Late Night (10pm-2am),TRUE,FALSE,TRUE,FALSE,TRUE
P03496,U1075,TikTok,raj.hall,51,721,1128,3.64,0.8,123.2,Late Night (10pm-2am),TRUE,FALSE,TRUE,FALSE,TRUE
P03497,U1075,X (Twitter),raj.hall,29,71,190,7.94,4.1,19.6,Late Night (10pm-2am),FALSE,FALSE,TRUE,FALSE,TRUE
P03498,U1075,Facebook,rajh594,61,687,687,4.47,3.1,19.4,Late Night (10pm-2am),TRUE,FALSE,TRUE,FALSE,FALSE
P03499,U1076,Instagram,julianr333,60,262,290,4.34,0.5,39.9,Midday (10am-2pm),TRUE,FALSE,FALSE,FALSE,TRUE
P03500,U1076,TikTok,julian_x,57,1499,502,2.03,2.0,96.6,Midday (10am-2pm),FALSE,FALSE,TRUE,FALSE,TRUE
P03501,U1076,Snapchat,julian.rogers68,89,437,437,2.14,1.4,53.4,Morning (6-10am),TRUE,FALSE,FALSE,FALSE,TRUE
P03502,U1076,X (Twitter),julian.rogers38,53,84,138,4.99,6.2,30.0,Evening (6-10pm),FALSE,FALSE,TRUE,FALSE,TRUE
P03503,U1077,Instagram,owen_tv,81,4571,142,1.0,0.3,73.8,Late Night (10pm-2am),TRUE,FALSE,TRUE,FALSE,TRUE
P03504,U1077,TikTok,owens139,55,215,238,4.47,2.5,62.0,Late Night (10pm-2am),FALSE,FALSE,FALSE,FALSE,TRUE
P03505,U1077,X (Twitter),owen_x,33,32,190,5.1,1.4,10.5,Late Night (10pm-2am),FALSE,FALSE,TRUE,FALSE,TRUE
P03506,U1078,Instagram,emiliar371,26,126,239,4.94,0.7,27.3,Morning (6-10am),FALSE,FALSE,TRUE,FALSE,FALSE
P03507,U1078,TikTok,emiliar319,26,385,400,4.64,2.1,99.2,Midday (10am-2pm),FALSE,FALSE,TRUE,FALSE,TRUE
P03508,U1078,X (Twitter),itsemiliax,43,537,115,2.46,3.6,20.6,Midday (10am-2pm),FALSE,FALSE,TRUE,FALSE,FALSE
P03509,U1078,Facebook,emiliar37,44,481,481,1.96,3.1,22.5,Morning (6-10am),TRUE,FALSE,TRUE,TRUE,TRUE
P03510,U1079,Instagram,lilys687,32,526,289,4.11,0.7,82.8,Midday (10am-2pm),FALSE,FALSE,TRUE,FALSE,TRUE
P03511,U1079,TikTok,lily.silva,38,497,465,2.03,0.8,93.1,Evening (6-10pm),TRUE,FALSE,TRUE,FALSE,TRUE
P03512,U1079,Snapchat,itslily,67,241,241,2.94,1.4,42.0,Evening (6-10pm),TRUE,FALSE,FALSE,TRUE,TRUE
P03513,U1079,X (Twitter),itslilyx,18,29,265,3.52,1.0,23.6,Afternoon (2-6pm),FALSE,FALSE,TRUE,FALSE,TRUE
P03514,U1080,Instagram,cooper.wood,74,829,311,1.43,1.3,41.0,Evening (6-10pm),TRUE,FALSE,TRUE,FALSE,TRUE
P03515,U1080,TikTok,cooperw143,32,1217,154,1.67,0.7,64.9,Evening (6-10pm),FALSE,FALSE,FALSE,TRUE,TRUE
P03516,U1080,Snapchat,cooperw268,79,181,181,2.75,2.2,53.5,Midday (10am-2pm),TRUE,FALSE,TRUE,TRUE,TRUE
P03517,U1081,Instagram,darius.larsen9,40,10188,606,1.49,2.7,74.8,Midday (10am-2pm),TRUE,FALSE,TRUE,FALSE,TRUE
P03518,U1081,TikTok,dariusl951,74,1426,778,1.08,2.4,110.4,Morning (6-10am),TRUE,FALSE,TRUE,TRUE,FALSE
P03519,U1081,Snapchat,darius.larsen,68,392,392,3.99,0.7,46.2,Midday (10am-2pm),TRUE,FALSE,TRUE,TRUE,FALSE
P03520,U1082,Instagram,calebj991,50,347,516,1.76,2.3,49.6,Late Night (10pm-2am),FALSE,FALSE,FALSE,TRUE,TRUE
P03521,U1082,TikTok,calebj79,41,345,266,2.4,0.6,290,Late Night (10pm-2am),FALSE,FALSE,TRUE,TRUE,TRUE
P03522,U1082,Snapchat,caleb_x,92,426,426,2.71,2.5,46.0,Late Night (10pm-2am),FALSE,FALSE,TRUE,TRUE,TRUE
P03523,U1083,Instagram,zoei749,92,666,364,1.2,0.1,36.6,Afternoon (2-6pm),FALSE,FALSE,FALSE,TRUE,FALSE
P03524,U1083,TikTok,zoe.ivanov1,59,293,276,1.04,3.9,57.6,Midday (10am-2pm),FALSE,FALSE,FALSE,FALSE,FALSE
P03525,U1084,Instagram,gabriel_x,14,909,587,2.69,3.2,60.6,Midday (10am-2pm),TRUE,FALSE,FALSE,TRUE,TRUE
P03526,U1084,TikTok,gabriel.perez,37,153,423,1.63,1.2,89.7,Evening (6-10pm),TRUE,FALSE,FALSE,FALSE,FALSE
P03527,U1084,Snapchat,gabriel_x,64,421,421,2.28,0.6,27.9,Morning (6-10am),TRUE,FALSE,TRUE,TRUE,FALSE
P03528,U1084,X (Twitter),gabrielp106,75,17,81,5.56,1.1,17.2,Evening (6-10pm),FALSE,FALSE,TRUE,FALSE,TRUE
P03529,U1084,Facebook,gabriel_x,89,554,554,3.37,1.1,14.0,Midday (10am-2pm),FALSE,FALSE,TRUE,TRUE,FALSE
P03530,U1085,Instagram,niah246,68,94,268,3.29,0.3,38.5,Midday (10am-2pm),FALSE,FALSE,TRUE,FALSE,TRUE
P03531,U1085,TikTok,nia.hall24,10,194,328,3.82,2.3,77.7,Midday (10am-2pm),TRUE,FALSE,TRUE,FALSE,TRUE
P03532,U1085,Snapchat,itsniax,94,257,257,1.86,0.9,63.5,Morning (6-10am),TRUE,FALSE,TRUE,FALSE,FALSE
P03533,U1086,Instagram,itslillian7,40,10451,196,2.35,4.0,63.7,Midday (10am-2pm),FALSE,FALSE,TRUE,FALSE,TRUE
P03534,U1086,TikTok,lillianv471,74,1017,611,5.12,2.8,147.7,Afternoon (2-6pm),FALSE,FALSE,TRUE,TRUE,TRUE
P03535,U1087,Instagram,itshudson8,67,3011,1181,3.6,3.0,101.7,Evening (6-10pm),TRUE,FALSE,TRUE,FALSE,FALSE
P03536,U1087,TikTok,itshudson,41,1065,1035,3.21,4.8,66.6,Afternoon (2-6pm),FALSE,FALSE,TRUE,TRUE,FALSE
P03537,U1087,Snapchat,hudsond442,29,286,286,4.67,2.4,19.1,Midday (10am-2pm),TRUE,FALSE,TRUE,FALSE,TRUE
P03538,U1088,Instagram,sage.davis,52,245,354,4.72,1.2,46.4,Evening (6-10pm),TRUE,FALSE,TRUE,FALSE,FALSE
P03539,U1088,TikTok,sage_x,39,111,454,1.37,0.8,36.9,Evening (6-10pm),TRUE,FALSE,TRUE,FALSE,TRUE
P03540,U1088,Snapchat,itssageo,50,590,590,1.74,1.1,28.6,Evening (6-10pm),TRUE,FALSE,FALSE,TRUE,TRUE
P03541,U1089,Instagram,riley_tv,79,107,261,3.78,1.4,29.4,Morning (6-10am),TRUE,FALSE,FALSE,FALSE,TRUE
P03542,U1089,TikTok,rileym53,80,53,1070,4.08,0.6,87.5,Morning (6-10am),FALSE,FALSE,TRUE,FALSE,TRUE
P03543,U1089,Snapchat,itsrileyx,26,643,643,1.23,3.3,84.9,Morning (6-10am),TRUE,FALSE,TRUE,FALSE,TRUE
P03544,U1089,Facebook,riley.morales,82,567,567,2.51,0.2,8.7,Morning (6-10am),TRUE,FALSE,FALSE,FALSE,TRUE
P03545,U1090,Instagram,daniel_tv,57,1813,587,0.2,0.5,105.9,Afternoon (2-6pm),FALSE,FALSE,TRUE,FALSE,TRUE
P03546,U1090,TikTok,danielv634,83,98,451,1.0,2.3,150.7,Midday (10am-2pm),FALSE,FALSE,TRUE,FALSE,FALSE
P03547,U1091,Instagram,jackson.perez72,51,3727,111,0.84,3.1,18.4,Evening (6-10pm),FALSE,FALSE,TRUE,FALSE,TRUE
P03548,U1091,Snapchat,jacksonp905,59,342,342,2.93,5.3,45.8,Evening (6-10pm),TRUE,FALSE,TRUE,TRUE,TRUE
P03549,U1091,X (Twitter),jackson_tv,20,225,202,0.71,3.5,36.4,Evening (6-10pm),FALSE,FALSE,FALSE,FALSE,FALSE
P03550,U1092,Instagram,williamv902,58,5006,464,1.88,2.3,56.6,Afternoon (2-6pm),TRUE,FALSE,TRUE,FALSE,TRUE
P03551,U1092,TikTok,william_official,56,176,468,4.9,2.9,92.1,Evening (6-10pm),TRUE,FALSE,TRUE,FALSE,FALSE
P03552,U1092,Snapchat,william_gram,46,357,357,3.12,0.4,28.5,Afternoon (2-6pm),TRUE,FALSE,FALSE,TRUE,TRUE
P03553,U1093,Instagram,adrians900,58,942,591,3.37,0.6,98.0,Late Night (10pm-2am),FALSE,FALSE,FALSE,FALSE,FALSE
P03554,U1093,TikTok,adrians209,41,88,821,3.42,0.8,290,Late Night (10pm-2am),FALSE,FALSE,FALSE,TRUE,TRUE
P03555,U1093,X (Twitter),adrians182,31,95,178,2.2,2.4,10.0,Late Night (10pm-2am),FALSE,FALSE,FALSE,FALSE,TRUE
P03556,U1094,Instagram,itsaurorax,25,974,470,4.31,1.7,85.7,Morning (6-10am),TRUE,FALSE,TRUE,TRUE,FALSE
P03557,U1094,Snapchat,aurorak266,35,410,410,2.8,2.8,37.8,Evening (6-10pm),TRUE,FALSE,TRUE,TRUE,FALSE
P03558,U1094,X (Twitter),itsaurora9,40,120,329,4.85,2.5,27.6,Morning (6-10am),FALSE,FALSE,TRUE,FALSE,TRUE
P03559,U1095,Instagram,itsmadelyn7,44,845,390,2.83,2.1,48.3,Midday (10am-2pm),FALSE,FALSE,TRUE,FALSE,TRUE
P03560,U1095,TikTok,madelyn.king74,67,174,372,2.61,6.0,131.1,Afternoon (2-6pm),FALSE,FALSE,FALSE,FALSE,TRUE
P03561,U1095,Snapchat,madelyn.king,53,314,314,2.71,1.7,85.8,Afternoon (2-6pm),TRUE,FALSE,FALSE,FALSE,FALSE
P03562,U1095,Facebook,madelynk890,102,581,581,2.78,1.0,14.0,Evening (6-10pm),TRUE,FALSE,TRUE,FALSE,FALSE
P03563,U1096,Instagram,daniel.hernandez25,101,1763,412,2.69,4.3,92.6,Morning (6-10am),TRUE,FALSE,TRUE,TRUE,TRUE
P03564,U1096,TikTok,danielh723,11,537,2033,3.19,2.2,48.5,Evening (6-10pm),FALSE,FALSE,TRUE,FALSE,TRUE
P03565,U1096,Snapchat,daniel.hernandez9,87,237,237,4.38,2.7,30.5,Midday (10am-2pm),TRUE,FALSE,FALSE,TRUE,FALSE
P03566,U1096,X (Twitter),daniel.hernandez,72,66,348,5.4,1.9,25.6,Evening (6-10pm),FALSE,FALSE,FALSE,FALSE,TRUE
P03567,U1097,Instagram,savannahc212,54,614,321,3.0,3.5,66.7,Evening (6-10pm),FALSE,FALSE,TRUE,FALSE,FALSE
P03568,U1097,TikTok,savannah.cooper,78,131,997,3.75,1.9,81.7,Evening (6-10pm),FALSE,FALSE,TRUE,FALSE,TRUE
P03569,U1097,Snapchat,savannah.cooper87,76,481,481,2.58,1.1,21.3,Evening (6-10pm),TRUE,FALSE,TRUE,FALSE,FALSE
P03570,U1097,X (Twitter),savannah.cooper76,73,16,129,3.98,0.2,29.8,Afternoon (2-6pm),FALSE,FALSE,TRUE,FALSE,TRUE
P03571,U1098,TikTok,christiant403,77,398,519,3.16,1.4,142.7,Evening (6-10pm),TRUE,FALSE,FALSE,FALSE,TRUE
P03572,U1098,Snapchat,itschristian,33,731,731,1.15,0.8,28.0,Midday (10am-2pm),TRUE,FALSE,TRUE,TRUE,TRUE
P03573,U1099,Instagram,ezra.silva,21,1191,192,2.14,3.8,150.9,Evening (6-10pm),TRUE,FALSE,TRUE,FALSE,TRUE
P03574,U1099,TikTok,itsezra4,41,230,448,2.96,3.1,100.5,Evening (6-10pm),FALSE,FALSE,TRUE,FALSE,FALSE
P03575,U1099,Snapchat,ezra.silva,40,201,201,4.57,2.0,17.7,Midday (10am-2pm),TRUE,FALSE,FALSE,TRUE,TRUE
P03576,U1100,Instagram,miles_official,54,750,252,1.58,6.6,63.5,Late Night (10pm-2am),TRUE,FALSE,TRUE,TRUE,TRUE
P03577,U1100,Snapchat,miles.alvarez37,25,270,270,5.48,2.2,42.7,Late Night (10pm-2am),FALSE,FALSE,FALSE,TRUE,FALSE
P03578,U1100,Facebook,milesa918,67,599,599,4.12,4.4,27.0,Late Night (10pm-2am),FALSE,FALSE,FALSE,FALSE,TRUE
P03579,U1101,Instagram,jack_2030,73,665,342,3.24,1.2,36.6,Late Night (10pm-2am),FALSE,FALSE,TRUE,TRUE,TRUE
P03580,U1101,TikTok,jack_gram,34,393,420,2.65,2.0,77.5,Late Night (10pm-2am),FALSE,FALSE,TRUE,FALSE,TRUE
P03581,U1101,Snapchat,jackm551,94,159,159,2.47,1.9,34.1,Late Night (10pm-2am),TRUE,FALSE,TRUE,FALSE,FALSE
P03582,U1102,Instagram,alondram582,81,243,552,3.88,2.4,52.6,Morning (6-10am),TRUE,FALSE,FALSE,FALSE,TRUE
P03583,U1102,TikTok,alondram248,31,1631,333,0.71,0.8,129.3,Morning (6-10am),TRUE,FALSE,TRUE,FALSE,TRUE
P03584,U1102,Snapchat,alondra.mensah65,54,266,266,3.0,0.9,63.9,Evening (6-10pm),TRUE,FALSE,FALSE,FALSE,TRUE
P03585,U1103,Instagram,naomi.khan37,38,709,402,3.55,0.7,37.6,Evening (6-10pm),TRUE,FALSE,FALSE,FALSE,TRUE
P03586,U1103,TikTok,naomik436,18,67,432,1.57,0.4,81.2,Afternoon (2-6pm),FALSE,FALSE,TRUE,FALSE,FALSE
P03587,U1103,X (Twitter),naomi_2029,30,50,55,3.42,2.7,27.2,Midday (10am-2pm),FALSE,FALSE,TRUE,FALSE,TRUE
P03588,U1104,Instagram,jonathan_x,60,5096,1013,4.58,3.1,74.9,Midday (10am-2pm),TRUE,FALSE,TRUE,FALSE,FALSE
P03589,U1104,TikTok,jonathanj786,19,182,1125,3.66,5.1,72.0,Evening (6-10pm),FALSE,FALSE,TRUE,FALSE,FALSE
P03590,U1104,Facebook,jonathan.jackson,62,1078,1078,4.09,1.7,7.6,Evening (6-10pm),FALSE,FALSE,FALSE,TRUE,TRUE
P03591,U1105,Instagram,hunterb450,56,1025,464,2.33,0.4,46.2,Late Night (10pm-2am),TRUE,FALSE,TRUE,FALSE,TRUE
P03592,U1105,Snapchat,hunter.bennett37,96,480,480,2.65,7.2,58.3,Late Night (10pm-2am),FALSE,FALSE,FALSE,FALSE,FALSE
P03593,U1106,TikTok,emily.bailey15,48,161,433,6.69,7.2,76.1,Late Night (10pm-2am),FALSE,FALSE,TRUE,TRUE,TRUE
P03594,U1107,Instagram,mia.brooks,27,637,722,1.17,1.8,135.3,Afternoon (2-6pm),FALSE,FALSE,TRUE,FALSE,FALSE
P03595,U1107,Snapchat,mia.brooks,75,465,465,0.2,2.4,29.3,Evening (6-10pm),FALSE,FALSE,TRUE,FALSE,TRUE
P03596,U1108,Instagram,itsmarcusx,40,1354,703,0.71,0.4,65.6,Evening (6-10pm),FALSE,FALSE,TRUE,FALSE,FALSE
P03597,U1108,TikTok,marcusj372,61,241,379,4.32,0.6,68.6,Afternoon (2-6pm),TRUE,FALSE,TRUE,FALSE,TRUE
P03598,U1108,Snapchat,marcusj373,96,193,193,3.2,0.8,31.3,Midday (10am-2pm),TRUE,FALSE,TRUE,TRUE,TRUE
P03599,U1108,Facebook,marcus_gram,29,193,193,2.98,0.6,20.3,Afternoon (2-6pm),TRUE,FALSE,TRUE,TRUE,FALSE
P03600,U1109,Instagram,taylor.hoffman,65,1008,219,3.88,2.9,80.9,Late Night (10pm-2am),TRUE,FALSE,FALSE,FALSE,FALSE
P03601,U1109,X (Twitter),taylorh685,63,36,52,5.26,1.0,6.2,Late Night (10pm-2am),FALSE,FALSE,TRUE,FALSE,TRUE
P03602,U1110,TikTok,itscarter,46,352,327,2.04,1.1,180.2,Late Night (10pm-2am),TRUE,FALSE,FALSE,FALSE,TRUE
P03603,U1110,Snapchat,carterd54,72,166,166,4.12,0.8,62.8,Late Night (10pm-2am),TRUE,FALSE,TRUE,TRUE,FALSE
P03604,U1111,Instagram,abigail_2029,86,958,198,3.95,1.6,29.9,Midday (10am-2pm),TRUE,FALSE,TRUE,TRUE,TRUE
P03605,U1111,Snapchat,abigailm417,63,299,299,5.11,2.2,51.7,Morning (6-10am),TRUE,FALSE,TRUE,TRUE,TRUE
P03606,U1112,Instagram,henryc932,75,5313,492,1.6,2.9,141.7,Late Night (10pm-2am),FALSE,FALSE,TRUE,FALSE,TRUE
P03607,U1112,TikTok,henryc382,12,336,685,2.72,1.1,135.1,Late Night (10pm-2am),FALSE,FALSE,TRUE,TRUE,TRUE
P03608,U1112,Snapchat,itshenry2,84,293,293,1.23,1.0,44.5,Late Night (10pm-2am),TRUE,FALSE,TRUE,TRUE,TRUE
P03609,U1113,Instagram,phoenix_tv,64,339,424,3.35,0.8,22.0,Evening (6-10pm),FALSE,FALSE,TRUE,TRUE,FALSE
P03610,U1113,TikTok,itsphoenix8,59,237,532,0.2,1.3,82.4,Afternoon (2-6pm),TRUE,FALSE,TRUE,FALSE,FALSE
P03611,U1113,Snapchat,phoenix.walsh,89,611,611,1.94,1.4,28.6,Afternoon (2-6pm),TRUE,FALSE,TRUE,TRUE,TRUE
P03612,U1114,Instagram,milai27,50,2168,529,0.36,1.3,71.3,Evening (6-10pm),FALSE,FALSE,FALSE,FALSE,TRUE
P03613,U1114,TikTok,milai550,38,266,1037,1.85,1.4,154.7,Midday (10am-2pm),FALSE,FALSE,TRUE,TRUE,FALSE
P03614,U1114,Snapchat,mila_gram,45,413,413,0.86,1.1,21.9,Afternoon (2-6pm),TRUE,FALSE,TRUE,FALSE,FALSE
P03615,U1114,Facebook,mila_gram,96,713,713,1.11,1.0,6.7,Midday (10am-2pm),TRUE,FALSE,TRUE,FALSE,FALSE
P03616,U1115,Instagram,bella.wagner3,64,1023,1651,2.26,1.2,65.0,Midday (10am-2pm),FALSE,FALSE,FALSE,TRUE,TRUE
P03617,U1115,TikTok,bellaw491,57,300,537,3.31,0.3,157.8,Evening (6-10pm),FALSE,FALSE,TRUE,FALSE,TRUE
P03618,U1115,Snapchat,bellaw725,84,903,903,1.43,1.9,28.0,Morning (6-10am),TRUE,FALSE,TRUE,TRUE,TRUE
P03619,U1115,Facebook,itsbella,110,237,237,2.28,0.5,18.1,Evening (6-10pm),FALSE,FALSE,TRUE,TRUE,TRUE
P03620,U1116,TikTok,bella_tv,59,51,769,6.13,3.7,177.4,Late Night (10pm-2am),TRUE,FALSE,TRUE,FALSE,TRUE
P03621,U1117,Instagram,nora.bailey,94,3848,312,2.34,1.0,62.8,Afternoon (2-6pm),TRUE,FALSE,TRUE,FALSE,TRUE
P03622,U1117,TikTok,nora_tv,68,519,307,0.2,1.0,116.6,Evening (6-10pm),FALSE,FALSE,TRUE,TRUE,TRUE
P03623,U1117,Snapchat,itsnorax,33,220,220,2.97,2.7,39.9,Evening (6-10pm),TRUE,FALSE,TRUE,TRUE,FALSE
P03624,U1118,Instagram,lucas.ramos,43,907,485,3.26,0.7,124.8,Late Night (10pm-2am),TRUE,FALSE,FALSE,TRUE,FALSE
P03625,U1118,TikTok,lucasr923,23,111,706,4.88,3.4,115.7,Late Night (10pm-2am),FALSE,FALSE,TRUE,FALSE,FALSE
P03626,U1118,Snapchat,lucas.ramos,40,164,164,6.15,3.1,76.6,Late Night (10pm-2am),TRUE,FALSE,TRUE,TRUE,FALSE
P03627,U1118,X (Twitter),lucasr455,23,41,196,4.93,1.8,11.8,Late Night (10pm-2am),FALSE,FALSE,FALSE,TRUE,FALSE
P03628,U1118,Facebook,lucas.ramos86,90,723,723,4.34,1.8,8.9,Late Night (10pm-2am),TRUE,FALSE,FALSE,FALSE,TRUE
P03629,U1119,Instagram,isaiah_gram,41,83,204,4.31,3.1,59.9,Evening (6-10pm),TRUE,FALSE,FALSE,TRUE,FALSE
P03630,U1119,TikTok,isaiahy869,28,63,373,5.06,0.7,83.6,Evening (6-10pm),TRUE,FALSE,TRUE,FALSE,TRUE
P03631,U1119,Snapchat,isaiah.yamamoto,42,590,590,2.52,2.5,30.8,Midday (10am-2pm),TRUE,FALSE,TRUE,FALSE,FALSE
P03632,U1119,X (Twitter),isaiahy747,66,115,279,1.93,2.5,13.2,Evening (6-10pm),FALSE,FALSE,TRUE,FALSE,FALSE
P03633,U1120,Instagram,amelial538,75,3422,183,3.02,3.7,51.6,Afternoon (2-6pm),FALSE,FALSE,TRUE,FALSE,TRUE
P03634,U1120,TikTok,amelia.lindberg,42,374,425,6.0,3.6,71.0,Evening (6-10pm),FALSE,FALSE,TRUE,FALSE,TRUE
P03635,U1120,Snapchat,itsameliao,67,365,365,4.25,3.7,44.0,Midday (10am-2pm),TRUE,FALSE,FALSE,FALSE,TRUE
P03636,U1121,Instagram,lincolna272,58,115,539,4.6,2.8,70.8,Evening (6-10pm),TRUE,FALSE,TRUE,FALSE,TRUE
P03637,U1121,TikTok,lincoln.anderson75,57,53,584,5.18,1.7,101.6,Midday (10am-2pm),TRUE,FALSE,TRUE,TRUE,TRUE
P03638,U1121,X (Twitter),lincoln.anderson,36,8,452,3.15,2.5,18.3,Midday (10am-2pm),TRUE,FALSE,FALSE,FALSE,FALSE
P03639,U1121,Facebook,lincoln_2028,33,563,563,2.7,2.3,14.0,Evening (6-10pm),TRUE,FALSE,TRUE,TRUE,TRUE
P03640,U1122,Instagram,violetw547,50,799,871,3.55,0.1,77.3,Late Night (10pm-2am),FALSE,FALSE,TRUE,FALSE,FALSE
P03641,U1122,TikTok,violetw362,46,251,382,4.84,1.2,164.9,Late Night (10pm-2am),FALSE,FALSE,TRUE,TRUE,TRUE
P03642,U1122,Snapchat,itsviolet9,39,209,209,2.74,0.6,67.1,Late Night (10pm-2am),TRUE,FALSE,TRUE,FALSE,TRUE
P03643,U1122,X (Twitter),violet.watson16,9,29,185,3.91,0.9,44.1,Late Night (10pm-2am),FALSE,FALSE,FALSE,FALSE,TRUE
P03644,U1123,Instagram,sarah.brooks96,42,2575,198,4.51,3.0,76.8,Late Night (10pm-2am),FALSE,FALSE,TRUE,TRUE,TRUE
P03645,U1123,Snapchat,sarah.brooks61,78,578,578,4.46,1.6,41.1,Late Night (10pm-2am),TRUE,FALSE,TRUE,FALSE,TRUE
P03646,U1124,Instagram,itsmaverick7,47,422,618,1.07,3.4,40.9,Late Night (10pm-2am),TRUE,FALSE,TRUE,FALSE,TRUE
P03647,U1124,TikTok,itsmavericko,35,43,695,7.64,6.4,97.9,Late Night (10pm-2am),FALSE,FALSE,TRUE,FALSE,TRUE
P03648,U1124,Snapchat,maverick.muller21,72,479,479,6.38,2.8,51.6,Late Night (10pm-2am),TRUE,FALSE,FALSE,FALSE,FALSE
P03649,U1125,Instagram,itsjackson,80,1282,841,0.65,4.0,35.2,Afternoon (2-6pm),TRUE,FALSE,TRUE,FALSE,TRUE
P03650,U1125,TikTok,jackson.taylor,16,283,407,4.53,8.0,91.6,Midday (10am-2pm),FALSE,FALSE,TRUE,FALSE,TRUE
P03651,U1125,Facebook,jacksont594,95,762,762,4.12,2.8,7.4,Midday (10am-2pm),FALSE,FALSE,FALSE,FALSE,TRUE
P03652,U1126,Instagram,kai_tv,98,2036,592,3.51,4.0,21.3,Late Night (10pm-2am),FALSE,FALSE,TRUE,FALSE,FALSE
P03653,U1126,TikTok,kaid430,54,2387,590,5.12,4.2,151.4,Late Night (10pm-2am),FALSE,FALSE,TRUE,FALSE,FALSE
P03654,U1126,Snapchat,kai.davis8,30,542,542,3.34,0.7,29.8,Late Night (10pm-2am),TRUE,FALSE,FALSE,TRUE,FALSE
P03655,U1127,Instagram,alondrae281,47,1704,203,3.41,1.2,54.8,Morning (6-10am),FALSE,FALSE,TRUE,FALSE,TRUE
P03656,U1127,TikTok,alondra_2025,29,2795,491,3.91,2.0,88.9,Midday (10am-2pm),FALSE,FALSE,TRUE,FALSE,TRUE
P03657,U1127,Snapchat,itsalondra,69,782,782,3.48,4.1,59.3,Midday (10am-2pm),TRUE,FALSE,TRUE,TRUE,TRUE
P03658,U1127,Facebook,alondrae622,89,734,734,2.15,1.5,22.9,Morning (6-10am),FALSE,FALSE,TRUE,FALSE,TRUE
P03659,U1128,Instagram,lunap61,39,3325,285,4.94,0.5,47.7,Late Night (10pm-2am),FALSE,FALSE,TRUE,FALSE,TRUE
P03660,U1128,TikTok,luna.parker,53,62,834,5.2,3.9,131.1,Late Night (10pm-2am),TRUE,FALSE,TRUE,FALSE,TRUE
P03661,U1128,Snapchat,itslunao,76,400,400,3.05,2.3,28.7,Late Night (10pm-2am),FALSE,FALSE,FALSE,TRUE,TRUE
P03662,U1129,Instagram,joshua.king,58,1058,337,1.54,0.9,73.0,Late Night (10pm-2am),FALSE,FALSE,TRUE,TRUE,TRUE
P03663,U1129,TikTok,joshua.king81,53,720,530,2.11,0.6,68.8,Late Night (10pm-2am),FALSE,FALSE,FALSE,FALSE,TRUE
P03664,U1129,Snapchat,joshua.king94,97,348,348,3.1,1.7,55.0,Late Night (10pm-2am),TRUE,FALSE,TRUE,FALSE,TRUE
P03665,U1130,Instagram,itsisaiah1,75,273,730,4.48,5.1,79.1,Late Night (10pm-2am),FALSE,FALSE,TRUE,FALSE,FALSE
P03666,U1130,TikTok,isaiah.castillo,74,512,969,3.01,1.2,78.1,Late Night (10pm-2am),TRUE,FALSE,TRUE,FALSE,TRUE
P03667,U1130,Snapchat,isaiahc783,106,337,337,2.5,1.4,30.5,Late Night (10pm-2am),FALSE,FALSE,FALSE,FALSE,TRUE
P03668,U1131,Instagram,emersonf919,49,915,501,1.36,0.7,53.6,Evening (6-10pm),TRUE,FALSE,TRUE,TRUE,TRUE
P03669,U1131,TikTok,emersonf666,22,265,225,1.96,2.5,78.0,Evening (6-10pm),TRUE,FALSE,FALSE,TRUE,FALSE
P03670,U1131,Snapchat,emerson.flores,109,206,206,1.16,0.1,42.6,Evening (6-10pm),TRUE,FALSE,TRUE,FALSE,FALSE
P03671,U1132,Instagram,aisha_2025,57,753,1223,3.74,2.2,72.1,Late Night (10pm-2am),FALSE,FALSE,FALSE,FALSE,TRUE
P03672,U1132,TikTok,aishac239,63,2791,552,3.55,1.9,46.7,Late Night (10pm-2am),FALSE,FALSE,FALSE,FALSE,FALSE
P03673,U1132,Snapchat,aishac300,80,449,449,3.05,0.9,58.8,Late Night (10pm-2am),TRUE,FALSE,FALSE,FALSE,TRUE
P03674,U1133,Instagram,kinsley.santos,63,831,125,2.81,2.0,94.2,Late Night (10pm-2am),FALSE,FALSE,TRUE,FALSE,FALSE
P03675,U1133,Snapchat,kinsleys517,44,438,438,2.94,1.9,25.9,Late Night (10pm-2am),TRUE,FALSE,FALSE,TRUE,TRUE
P03676,U1134,Instagram,kennedy.haddad,53,1779,246,2.19,1.9,70.1,Afternoon (2-6pm),TRUE,FALSE,TRUE,FALSE,TRUE
P03677,U1134,TikTok,kennedy.haddad,61,202,208,3.92,3.2,110.3,Midday (10am-2pm),FALSE,FALSE,TRUE,TRUE,FALSE
P03678,U1135,Instagram,nora.fraser33,78,2052,309,1.59,0.1,103.6,Late Night (10pm-2am),FALSE,FALSE,FALSE,TRUE,TRUE
P03679,U1135,Snapchat,nora.fraser85,36,610,610,3.86,1.5,39.7,Late Night (10pm-2am),TRUE,FALSE,FALSE,TRUE,FALSE
P03680,U1135,X (Twitter),nora_gram,47,20,449,2.46,0.5,12.4,Late Night (10pm-2am),FALSE,FALSE,TRUE,TRUE,TRUE
P03681,U1135,Facebook,itsnorao,75,522,522,3.55,1.4,6.0,Late Night (10pm-2am),FALSE,FALSE,TRUE,FALSE,TRUE
P03682,U1136,Instagram,mayaf453,57,358,308,2.51,3.4,60.4,Afternoon (2-6pm),FALSE,FALSE,TRUE,FALSE,TRUE
P03683,U1136,TikTok,maya.flores70,58,844,504,2.46,2.2,282.2,Midday (10am-2pm),FALSE,FALSE,TRUE,FALSE,FALSE
P03684,U1136,Facebook,maya_official,67,802,802,4.41,4.4,10.3,Evening (6-10pm),FALSE,FALSE,FALSE,TRUE,TRUE
P03685,U1137,Instagram,alexander.laurent,25,383,498,0.2,1.6,32.4,Afternoon (2-6pm),TRUE,FALSE,TRUE,FALSE,TRUE
P03686,U1137,TikTok,itsalexanderx,46,2250,369,1.17,1.0,29.0,Midday (10am-2pm),TRUE,FALSE,TRUE,TRUE,TRUE
P03687,U1137,Snapchat,itsalexanderx,27,161,161,2.37,1.6,68.7,Afternoon (2-6pm),TRUE,FALSE,TRUE,TRUE,TRUE
P03688,U1137,Facebook,alexander.laurent58,67,679,679,2.34,1.9,14.0,Evening (6-10pm),TRUE,FALSE,TRUE,TRUE,TRUE
P03689,U1138,TikTok,itsjackson,54,1821,1044,1.48,2.8,57.8,Late Night (10pm-2am),FALSE,FALSE,TRUE,FALSE,FALSE
P03690,U1138,X (Twitter),jacksonm633,15,17,351,5.38,0.5,20.3,Late Night (10pm-2am),FALSE,FALSE,TRUE,FALSE,TRUE
P03691,U1138,Facebook,jacksonm174,54,296,296,3.46,2.9,11.7,Late Night (10pm-2am),FALSE,FALSE,TRUE,TRUE,FALSE
P03692,U1139,Instagram,leof157,44,2681,789,3.19,1.9,38.7,Late Night (10pm-2am),TRUE,FALSE,TRUE,FALSE,TRUE
P03693,U1139,TikTok,leof475,41,108,392,4.06,0.2,92.6,Late Night (10pm-2am),TRUE,FALSE,FALSE,TRUE,TRUE
P03694,U1139,X (Twitter),leo.foster3,44,21,92,4.52,1.1,20.9,Late Night (10pm-2am),FALSE,FALSE,FALSE,FALSE,TRUE
P03695,U1140,Instagram,jamess397,80,282,786,2.05,0.2,28.6,Evening (6-10pm),TRUE,FALSE,TRUE,FALSE,TRUE
P03696,U1140,TikTok,james.stewart,29,624,322,2.18,1.5,56.4,Evening (6-10pm),FALSE,FALSE,FALSE,FALSE,FALSE
P03697,U1140,Facebook,james.stewart,64,404,404,1.32,1.7,8.7,Afternoon (2-6pm),TRUE,FALSE,TRUE,FALSE,FALSE
P03698,U1141,Instagram,harpert836,53,653,274,2.57,2.0,99.4,Evening (6-10pm),FALSE,FALSE,FALSE,FALSE,TRUE
P03699,U1141,TikTok,harper_official,30,923,702,3.61,1.9,151.2,Evening (6-10pm),FALSE,FALSE,FALSE,FALSE,FALSE
P03700,U1141,Snapchat,harper_official,93,405,405,5.1,2.1,60.4,Evening (6-10pm),TRUE,FALSE,TRUE,FALSE,TRUE
P03701,U1141,Facebook,harper.thompson42,80,899,899,3.28,1.2,8.8,Evening (6-10pm),TRUE,FALSE,TRUE,FALSE,TRUE
P03702,U1142,Instagram,ananya.fernandez92,60,1173,392,2.9,3.0,65.1,Afternoon (2-6pm),TRUE,FALSE,FALSE,TRUE,FALSE
P03703,U1142,TikTok,ananyaf383,16,40,3430,3.17,1.1,185.8,Afternoon (2-6pm),FALSE,FALSE,TRUE,FALSE,TRUE
P03704,U1142,X (Twitter),ananya_official,60,30,137,6.19,0.7,20.3,Afternoon (2-6pm),TRUE,FALSE,TRUE,FALSE,FALSE
P03705,U1143,Instagram,itslily,85,2756,404,1.37,3.2,23.9,Late Night (10pm-2am),FALSE,FALSE,TRUE,TRUE,TRUE
P03706,U1143,TikTok,itslily,20,139,195,4.35,3.7,121.4,Late Night (10pm-2am),FALSE,FALSE,FALSE,TRUE,TRUE
P03707,U1143,Snapchat,lilys48,75,327,327,3.62,0.7,46.0,Late Night (10pm-2am),TRUE,FALSE,TRUE,TRUE,TRUE
P03708,U1144,Instagram,averys326,64,1316,223,3.77,1.9,51.8,Evening (6-10pm),FALSE,FALSE,TRUE,FALSE,TRUE
P03709,U1144,TikTok,avery.sanchez31,40,226,740,2.24,0.6,43.4,Midday (10am-2pm),FALSE,FALSE,TRUE,TRUE,TRUE
P03710,U1144,Snapchat,avery.sanchez,111,514,514,4.34,1.9,26.2,Evening (6-10pm),TRUE,FALSE,TRUE,TRUE,TRUE
P03711,U1144,Facebook,avery_tv,105,882,882,1.61,1.9,15.5,Midday (10am-2pm),TRUE,FALSE,TRUE,FALSE,TRUE
P03712,U1145,Instagram,sarah_x,82,2400,359,0.28,2.9,74.0,Late Night (10pm-2am),TRUE,FALSE,FALSE,FALSE,FALSE
P03713,U1145,Snapchat,sarahr394,62,489,489,1.65,2.0,15.5,Late Night (10pm-2am),TRUE,FALSE,TRUE,TRUE,TRUE
P03714,U1146,Instagram,carterr510,98,1089,195,3.42,2.0,108.8,Midday (10am-2pm),FALSE,FALSE,TRUE,TRUE,FALSE
P03715,U1146,TikTok,itscarter3,47,233,320,2.51,1.9,130.7,Midday (10am-2pm),FALSE,FALSE,FALSE,TRUE,FALSE
P03716,U1146,Snapchat,itscarter,69,285,285,2.24,4.5,25.1,Morning (6-10am),FALSE,FALSE,TRUE,FALSE,FALSE
P03717,U1146,X (Twitter),carter.rodriguez,20,51,118,5.61,1.5,20.0,Midday (10am-2pm),FALSE,FALSE,FALSE,FALSE,TRUE
P03718,U1146,Facebook,itscartero,81,484,484,3.23,4.8,19.1,Morning (6-10am),TRUE,FALSE,FALSE,TRUE,TRUE
P03719,U1147,Instagram,itsgraceo,39,1169,278,3.06,2.2,128.5,Late Night (10pm-2am),FALSE,FALSE,FALSE,FALSE,TRUE
P03720,U1147,TikTok,itsgrace8,67,504,446,4.08,3.4,56.9,Late Night (10pm-2am),FALSE,FALSE,FALSE,FALSE,TRUE
P03721,U1147,X (Twitter),gracec540,40,951,343,1.25,2.9,20.7,Late Night (10pm-2am),FALSE,FALSE,TRUE,FALSE,TRUE
P03722,U1148,TikTok,simone.wright40,30,223,136,3.08,1.0,216.0,Midday (10am-2pm),FALSE,FALSE,TRUE,FALSE,FALSE
P03723,U1148,Snapchat,simonew574,52,368,368,1.98,0.5,57.6,Evening (6-10pm),TRUE,FALSE,FALSE,FALSE,FALSE
P03724,U1148,Facebook,itssimone1,76,732,732,3.43,1.0,9.8,Afternoon (2-6pm),TRUE,FALSE,FALSE,TRUE,FALSE
P03725,U1149,Instagram,sage_x,104,5611,208,1.71,1.5,46.1,Late Night (10pm-2am),TRUE,FALSE,FALSE,FALSE,FALSE
P03726,U1149,TikTok,sage_2025,31,1321,138,5.83,1.7,63.6,Late Night (10pm-2am),FALSE,FALSE,TRUE,FALSE,TRUE
P03727,U1150,Instagram,maya.hoffman,70,1911,293,2.12,0.3,86.3,Late Night (10pm-2am),FALSE,FALSE,TRUE,TRUE,FALSE
P03728,U1150,TikTok,itsmayao,11,445,574,2.78,2.5,52.7,Late Night (10pm-2am),TRUE,FALSE,TRUE,TRUE,FALSE
P03729,U1150,Snapchat,maya.hoffman89,56,691,691,3.48,0.6,36.7,Late Night (10pm-2am),TRUE,FALSE,FALSE,FALSE,FALSE
P03730,U1150,X (Twitter),itsmayao,78,264,168,1.76,3.7,29.9,Late Night (10pm-2am),FALSE,FALSE,TRUE,FALSE,TRUE
P03731,U1151,Instagram,brooklyn.wright,58,302,369,2.74,1.1,42.6,Late Night (10pm-2am),FALSE,FALSE,FALSE,TRUE,TRUE
P03732,U1151,TikTok,brooklynw423,63,102,418,4.99,1.3,190.9,Late Night (10pm-2am),TRUE,FALSE,FALSE,FALSE,FALSE
P03733,U1151,Snapchat,brooklynw54,50,892,892,1.84,4.5,24.1,Late Night (10pm-2am),TRUE,FALSE,TRUE,FALSE,FALSE
P03734,U1152,Instagram,daniel.schmidt51,99,1009,514,2.67,1.2,92.0,Late Night (10pm-2am),TRUE,FALSE,TRUE,FALSE,TRUE
P03735,U1152,TikTok,daniels865,72,409,1044,3.19,2.7,194.9,Late Night (10pm-2am),TRUE,FALSE,TRUE,FALSE,FALSE
P03736,U1152,Snapchat,daniel.schmidt9,71,208,208,1.41,2.8,50.4,Late Night (10pm-2am),TRUE,FALSE,TRUE,FALSE,TRUE
P03737,U1152,Facebook,itsdanielo,103,1252,1252,1.16,2.0,9.0,Late Night (10pm-2am),TRUE,FALSE,TRUE,FALSE,TRUE
P03738,U1153,Instagram,zoeyt230,94,86,383,4.12,1.1,87.4,Late Night (10pm-2am),TRUE,FALSE,TRUE,TRUE,TRUE
P03739,U1153,TikTok,zoeyt696,68,292,301,2.67,2.6,97.3,Late Night (10pm-2am),TRUE,FALSE,FALSE,FALSE,TRUE
P03740,U1153,Snapchat,zoeyt31,32,596,596,1.9,3.3,34.0,Late Night (10pm-2am),TRUE,FALSE,TRUE,TRUE,TRUE
P03741,U1153,Facebook,itszoeyo,65,702,702,2.04,3.0,7.5,Late Night (10pm-2am),TRUE,FALSE,FALSE,FALSE,FALSE
P03742,U1154,Instagram,penelopem763,24,1185,424,3.26,4.0,125.2,Evening (6-10pm),TRUE,FALSE,TRUE,FALSE,TRUE
P03743,U1154,Snapchat,penelopem658,33,564,564,5.42,2.8,39.4,Midday (10am-2pm),TRUE,FALSE,TRUE,FALSE,TRUE
P03744,U1154,X (Twitter),penelopem362,80,14,520,1.92,1.5,24.1,Evening (6-10pm),TRUE,FALSE,TRUE,FALSE,TRUE
P03745,U1155,Instagram,sofia_official,94,1271,233,3.34,1.7,68.6,Evening (6-10pm),FALSE,FALSE,TRUE,FALSE,TRUE
P03746,U1155,TikTok,sofia.ivanov,49,93,514,2.3,2.4,143.5,Evening (6-10pm),TRUE,FALSE,FALSE,FALSE,TRUE
P03747,U1155,Snapchat,sofia_official,62,793,793,2.83,1.7,39.2,Evening (6-10pm),TRUE,FALSE,FALSE,TRUE,TRUE
P03748,U1155,X (Twitter),sofiai253,65,52,216,3.9,2.1,13.1,Afternoon (2-6pm),TRUE,FALSE,TRUE,FALSE,TRUE
P03749,U1155,Facebook,sofia.ivanov54,91,654,654,3.19,1.2,13.6,Evening (6-10pm),TRUE,FALSE,TRUE,FALSE,TRUE
P03750,U1156,Instagram,itsweio,51,1248,590,3.63,4.4,84.5,Midday (10am-2pm),FALSE,FALSE,TRUE,TRUE,TRUE
P03751,U1156,TikTok,weit477,55,41,741,3.69,1.9,86.4,Evening (6-10pm),FALSE,FALSE,TRUE,TRUE,TRUE
P03752,U1156,Snapchat,wei.thompson,95,660,660,2.95,1.6,34.4,Afternoon (2-6pm),FALSE,FALSE,TRUE,FALSE,TRUE
P03753,U1157,Instagram,andrewt319,74,275,718,3.61,2.6,58.7,Afternoon (2-6pm),TRUE,FALSE,FALSE,FALSE,TRUE
P03754,U1157,TikTok,andrew_2029,42,409,252,3.09,1.7,166.9,Afternoon (2-6pm),FALSE,FALSE,FALSE,TRUE,TRUE
P03755,U1157,Snapchat,itsandrewx,23,180,180,1.55,4.3,12.3,Afternoon (2-6pm),TRUE,FALSE,TRUE,FALSE,TRUE
P03756,U1158,TikTok,mia_gram,34,559,373,2.57,1.6,153.4,Late Night (10pm-2am),FALSE,FALSE,TRUE,TRUE,FALSE
P03757,U1158,Snapchat,mia.smith76,58,768,768,4.53,1.9,81.3,Late Night (10pm-2am),TRUE,FALSE,FALSE,TRUE,TRUE
P03758,U1159,TikTok,victoria.silva44,23,131,212,2.48,0.4,44.9,Afternoon (2-6pm),TRUE,FALSE,TRUE,FALSE,TRUE
P03759,U1159,Snapchat,victoria_tv,84,745,745,3.66,0.5,33.0,Afternoon (2-6pm),TRUE,FALSE,TRUE,FALSE,FALSE
P03760,U1159,Facebook,victorias477,56,896,896,1.53,1.3,13.7,Evening (6-10pm),FALSE,FALSE,FALSE,FALSE,TRUE
P03761,U1160,Instagram,itsalondrax,43,482,359,3.02,1.2,30.5,Midday (10am-2pm),FALSE,FALSE,TRUE,FALSE,TRUE
P03762,U1160,TikTok,alondra.williams,61,24,238,4.31,2.4,117.7,Evening (6-10pm),FALSE,FALSE,TRUE,FALSE,TRUE
P03763,U1161,Instagram,ananyaw549,73,413,704,4.53,2.3,102.1,Evening (6-10pm),FALSE,FALSE,TRUE,FALSE,TRUE
P03764,U1161,TikTok,ananyaw436,39,27,446,5.22,3.3,81.0,Evening (6-10pm),FALSE,FALSE,TRUE,FALSE,TRUE
P03765,U1162,TikTok,kai.martinez38,78,339,286,5.23,1.7,55.2,Morning (6-10am),FALSE,FALSE,TRUE,FALSE,TRUE
P03766,U1162,Snapchat,kai.martinez76,43,283,283,2.48,1.6,28.8,Morning (6-10am),TRUE,FALSE,FALSE,TRUE,TRUE
P03767,U1162,X (Twitter),kai.martinez8,21,131,143,2.92,0.5,12.0,Midday (10am-2pm),TRUE,FALSE,TRUE,FALSE,TRUE
P03768,U1163,Instagram,emma.stewart10,46,419,298,3.06,1.6,46.9,Late Night (10pm-2am),TRUE,FALSE,TRUE,FALSE,TRUE
P03769,U1163,TikTok,emma_gram,45,128,801,0.52,1.0,184.8,Late Night (10pm-2am),TRUE,FALSE,TRUE,TRUE,FALSE
P03770,U1163,Snapchat,emma.stewart16,59,219,219,3.32,1.6,30.0,Late Night (10pm-2am),TRUE,FALSE,TRUE,TRUE,FALSE
P03771,U1163,X (Twitter),itsemmao,63,10,96,5.82,0.7,15.4,Late Night (10pm-2am),FALSE,FALSE,TRUE,TRUE,TRUE
P03772,U1163,Facebook,emma_official,80,426,426,1.0,1.5,10.2,Late Night (10pm-2am),FALSE,FALSE,TRUE,FALSE,TRUE
P03773,U1164,Instagram,eleanorm825,57,302,316,2.39,2.3,76.0,Evening (6-10pm),TRUE,FALSE,TRUE,FALSE,TRUE
P03774,U1164,TikTok,eleanorm908,59,1411,362,2.3,2.9,104.8,Evening (6-10pm),FALSE,FALSE,TRUE,FALSE,TRUE
P03775,U1164,Snapchat,eleanor.muller66,77,190,190,4.25,1.8,60.6,Afternoon (2-6pm),TRUE,FALSE,FALSE,FALSE,TRUE
P03776,U1164,X (Twitter),eleanor.muller76,75,696,173,3.5,2.0,17.4,Afternoon (2-6pm),FALSE,FALSE,TRUE,TRUE,TRUE
P03777,U1165,TikTok,jayden.smith49,50,502,250,2.21,2.5,103.6,Evening (6-10pm),FALSE,FALSE,TRUE,FALSE,TRUE
P03778,U1165,Snapchat,jayden_2026,76,198,198,5.69,3.0,27.9,Evening (6-10pm),TRUE,FALSE,TRUE,FALSE,FALSE
P03779,U1165,Facebook,jayden.smith51,71,717,717,3.15,6.7,12.6,Evening (6-10pm),TRUE,FALSE,TRUE,TRUE,TRUE
P03780,U1166,Instagram,itssamuel8,59,776,336,0.39,2.8,47.6,Late Night (10pm-2am),TRUE,FALSE,TRUE,TRUE,TRUE
P03781,U1166,TikTok,samuelp315,48,176,375,4.79,2.6,150.0,Late Night (10pm-2am),FALSE,FALSE,TRUE,FALSE,TRUE
P03782,U1166,Snapchat,samuel_tv,54,486,486,4.49,3.6,52.3,Late Night (10pm-2am),TRUE,FALSE,TRUE,FALSE,FALSE
P03783,U1167,Instagram,hannah_tv,79,582,435,1.94,4.1,36.4,Afternoon (2-6pm),TRUE,FALSE,TRUE,TRUE,TRUE
P03784,U1167,Snapchat,hannahs991,116,353,353,1.27,4.4,16.7,Afternoon (2-6pm),TRUE,FALSE,TRUE,TRUE,TRUE
P03785,U1167,X (Twitter),hannahs616,40,244,282,4.68,1.3,14.3,Afternoon (2-6pm),FALSE,FALSE,FALSE,FALSE,FALSE
P03786,U1167,Facebook,hannahs24,71,177,177,3.22,5.4,13.5,Afternoon (2-6pm),FALSE,FALSE,TRUE,FALSE,TRUE
P03787,U1168,Instagram,ryanj219,55,963,790,1.89,1.1,85.0,Late Night (10pm-2am),FALSE,FALSE,TRUE,FALSE,TRUE
P03788,U1168,TikTok,ryan.james,24,340,344,3.49,1.2,161.6,Late Night (10pm-2am),TRUE,FALSE,TRUE,FALSE,TRUE
P03789,U1169,Instagram,evelyn.singh,26,843,404,3.47,0.9,32.9,Late Night (10pm-2am),FALSE,FALSE,FALSE,FALSE,FALSE
P03790,U1169,TikTok,evelyns25,45,48,896,0.75,2.0,114.6,Late Night (10pm-2am),FALSE,FALSE,FALSE,FALSE,TRUE
P03791,U1169,Snapchat,itsevelynx,68,584,584,1.56,3.4,29.1,Late Night (10pm-2am),FALSE,FALSE,TRUE,FALSE,TRUE
P03792,U1169,X (Twitter),itsevelyno,27,41,108,2.2,2.0,27.4,Late Night (10pm-2am),FALSE,FALSE,TRUE,FALSE,TRUE
P03793,U1169,Facebook,evelyn.singh,99,994,994,1.89,0.7,11.7,Late Night (10pm-2am),TRUE,FALSE,FALSE,FALSE,TRUE
P03794,U1170,Instagram,aisha.collins,48,2037,378,0.74,3.0,76.2,Evening (6-10pm),TRUE,FALSE,TRUE,FALSE,FALSE
P03795,U1170,TikTok,aishac382,33,499,129,2.74,1.6,81.1,Midday (10am-2pm),FALSE,FALSE,TRUE,FALSE,TRUE
P03796,U1170,Snapchat,aishac39,62,424,424,2.58,3.3,39.2,Evening (6-10pm),TRUE,FALSE,TRUE,TRUE,TRUE
P03797,U1170,X (Twitter),aishac180,40,183,76,2.62,1.6,25.1,Evening (6-10pm),TRUE,FALSE,TRUE,TRUE,FALSE
P03798,U1170,Facebook,itsaisha8,42,616,616,2.93,1.6,9.7,Evening (6-10pm),TRUE,FALSE,TRUE,FALSE,TRUE
P03799,U1171,Instagram,itseleanorx,63,247,568,3.03,0.3,24.2,Evening (6-10pm),FALSE,FALSE,TRUE,TRUE,TRUE
P03800,U1171,TikTok,eleanorr984,45,108,561,3.51,4.1,116.6,Afternoon (2-6pm),FALSE,FALSE,TRUE,FALSE,TRUE
P03801,U1171,Snapchat,eleanorr723,44,210,210,2.61,0.4,20.4,Evening (6-10pm),TRUE,FALSE,TRUE,TRUE,FALSE
P03802,U1172,Instagram,violet.choi51,95,434,536,1.43,0.9,73.2,Midday (10am-2pm),TRUE,FALSE,TRUE,FALSE,TRUE
P03803,U1172,TikTok,violet_2024,71,487,275,3.46,1.1,39.4,Afternoon (2-6pm),TRUE,FALSE,TRUE,FALSE,FALSE
P03804,U1172,Snapchat,violet_2028,97,171,171,3.51,1.8,44.9,Afternoon (2-6pm),TRUE,FALSE,TRUE,FALSE,TRUE
P03805,U1172,X (Twitter),violet_2027,25,25,136,0.89,2.6,23.4,Evening (6-10pm),FALSE,FALSE,FALSE,FALSE,TRUE
P03806,U1173,Instagram,imani.robinson,84,370,330,4.01,2.5,81.5,Late Night (10pm-2am),FALSE,FALSE,TRUE,FALSE,TRUE
P03807,U1173,TikTok,imanir794,52,1410,380,1.06,2.2,69.7,Late Night (10pm-2am),FALSE,FALSE,FALSE,FALSE,TRUE
P03808,U1173,X (Twitter),imani.robinson,10,78,276,5.62,2.8,15.4,Late Night (10pm-2am),FALSE,FALSE,TRUE,TRUE,TRUE
P03809,U1173,Facebook,imanir629,42,836,836,0.22,1.3,35.2,Late Night (10pm-2am),FALSE,FALSE,FALSE,FALSE,TRUE
P03810,U1174,Instagram,victoriah7,50,1023,218,3.77,1.0,39.0,Evening (6-10pm),FALSE,FALSE,FALSE,TRUE,TRUE
P03811,U1174,TikTok,victoria.harris,66,270,629,3.59,2.3,167.5,Afternoon (2-6pm),FALSE,FALSE,FALSE,FALSE,TRUE
P03812,U1174,Snapchat,victoriah378,63,343,343,5.44,1.4,30.3,Afternoon (2-6pm),TRUE,FALSE,FALSE,FALSE,TRUE
P03813,U1175,Instagram,itsjosephx,62,1418,153,2.05,3.3,91.6,Midday (10am-2pm),TRUE,FALSE,TRUE,FALSE,TRUE
P03814,U1175,Snapchat,joseph_official,78,156,156,5.24,2.2,39.2,Midday (10am-2pm),TRUE,FALSE,TRUE,TRUE,FALSE
P03815,U1175,Facebook,josephm627,39,617,617,4.36,4.9,7.4,Morning (6-10am),FALSE,FALSE,FALSE,FALSE,TRUE
P03816,U1176,Instagram,itszoeyo,48,211,331,1.53,0.8,68.2,Midday (10am-2pm),TRUE,FALSE,FALSE,FALSE,TRUE
P03817,U1176,TikTok,itszoeyo,33,47,662,1.05,0.6,96.6,Afternoon (2-6pm),FALSE,FALSE,FALSE,TRUE,TRUE
P03818,U1176,Snapchat,itszoey,50,280,280,3.31,0.6,33.5,Midday (10am-2pm),TRUE,FALSE,TRUE,TRUE,TRUE
P03819,U1176,X (Twitter),zoey_gram,43,63,86,2.93,1.0,22.2,Afternoon (2-6pm),FALSE,FALSE,TRUE,FALSE,TRUE
P03820,U1177,Instagram,itsmila5,27,2117,640,0.2,0.7,76.8,Late Night (10pm-2am),TRUE,FALSE,TRUE,FALSE,TRUE
P03821,U1177,TikTok,milam593,21,284,534,4.04,1.8,80.6,Late Night (10pm-2am),TRUE,FALSE,TRUE,FALSE,TRUE
P03822,U1177,X (Twitter),milam370,66,99,496,2.2,1.4,30.9,Late Night (10pm-2am),FALSE,FALSE,FALSE,FALSE,TRUE
P03823,U1177,Facebook,mila.murray25,49,1058,1058,3.5,2.7,20.5,Late Night (10pm-2am),FALSE,FALSE,TRUE,FALSE,FALSE
P03824,U1178,Instagram,nataliej21,64,1291,391,4.77,0.9,51.3,Late Night (10pm-2am),TRUE,FALSE,TRUE,FALSE,TRUE
P03825,U1178,TikTok,nataliej325,38,223,630,0.94,2.0,75.6,Late Night (10pm-2am),FALSE,FALSE,TRUE,FALSE,FALSE
P03826,U1178,Snapchat,nataliej919,51,241,241,3.19,2.1,26.5,Late Night (10pm-2am),FALSE,FALSE,FALSE,FALSE,FALSE
P03827,U1179,Instagram,graceh679,31,299,618,3.79,2.5,56.5,Midday (10am-2pm),TRUE,FALSE,TRUE,TRUE,TRUE
P03828,U1179,TikTok,grace_2026,55,1360,403,2.34,1.5,71.9,Morning (6-10am),TRUE,FALSE,TRUE,TRUE,TRUE
P03829,U1179,Snapchat,itsgraceo,72,303,303,1.95,2.3,33.4,Morning (6-10am),TRUE,FALSE,TRUE,TRUE,TRUE
P03830,U1179,Facebook,grace.hughes,35,678,678,2.33,2.1,8.0,Morning (6-10am),FALSE,FALSE,TRUE,TRUE,TRUE
P03831,U1180,Instagram,isabella_tv,42,1937,612,1.96,1.3,48.0,Evening (6-10pm),FALSE,FALSE,TRUE,TRUE,TRUE
P03832,U1180,TikTok,itsisabellao,18,261,492,0.2,1.3,99.6,Evening (6-10pm),FALSE,FALSE,FALSE,FALSE,TRUE
P03833,U1181,Instagram,sophiaa102,74,1286,1280,3.08,1.4,46.8,Late Night (10pm-2am),TRUE,FALSE,FALSE,FALSE,TRUE
P03834,U1181,TikTok,itssophia1,33,63,1232,6.35,2.0,173.6,Late Night (10pm-2am),TRUE,FALSE,TRUE,FALSE,TRUE
P03835,U1181,Snapchat,sophia_gram,84,269,269,5.74,2.1,13.4,Late Night (10pm-2am),TRUE,FALSE,FALSE,TRUE,TRUE
P03836,U1181,X (Twitter),sophiaa88,78,83,107,3.94,2.3,23.3,Late Night (10pm-2am),FALSE,FALSE,TRUE,FALSE,FALSE
P03837,U1182,Instagram,alondra.sanchez,54,958,557,3.83,3.2,15.9,Afternoon (2-6pm),FALSE,FALSE,TRUE,FALSE,TRUE
P03838,U1182,TikTok,alondras175,28,674,263,2.04,2.5,92.3,Evening (6-10pm),FALSE,FALSE,TRUE,FALSE,FALSE
P03839,U1182,X (Twitter),alondra_x,41,88,73,4.63,2.5,18.2,Evening (6-10pm),FALSE,FALSE,FALSE,FALSE,TRUE
P03840,U1183,Instagram,marcus_gram,63,715,319,1.67,2.1,53.5,Afternoon (2-6pm),TRUE,FALSE,FALSE,FALSE,FALSE
P03841,U1183,Snapchat,marcus_2029,79,353,353,1.53,2.0,81.9,Midday (10am-2pm),TRUE,FALSE,TRUE,TRUE,TRUE
P03842,U1184,Instagram,skylar_gram,77,1325,275,0.75,2.3,53.5,Late Night (10pm-2am),TRUE,FALSE,FALSE,FALSE,TRUE
P03843,U1184,TikTok,skylar.ortiz,32,455,299,0.99,1.1,139.3,Late Night (10pm-2am),FALSE,FALSE,TRUE,FALSE,FALSE
P03844,U1184,Snapchat,skylar_x,74,402,402,0.54,0.4,103.5,Late Night (10pm-2am),FALSE,FALSE,TRUE,TRUE,TRUE
P03845,U1185,Instagram,elizabeth.harris27,60,4535,211,0.84,2.4,110.3,Afternoon (2-6pm),TRUE,FALSE,TRUE,FALSE,TRUE
P03846,U1185,TikTok,elizabeth.harris27,37,390,277,3.3,0.8,68.5,Midday (10am-2pm),FALSE,FALSE,TRUE,TRUE,FALSE
P03847,U1185,Snapchat,elizabethh746,60,584,584,3.58,2.5,34.2,Evening (6-10pm),TRUE,FALSE,FALSE,TRUE,TRUE
P03848,U1186,Instagram,natalie_2027,37,839,730,2.3,1.3,89.5,Late Night (10pm-2am),FALSE,FALSE,TRUE,FALSE,TRUE
P03849,U1186,TikTok,itsnataliex,54,206,329,0.45,1.7,184.6,Late Night (10pm-2am),FALSE,FALSE,FALSE,FALSE,TRUE
P03850,U1186,X (Twitter),natalieo133,18,109,1672,2.3,1.4,48.6,Late Night (10pm-2am),FALSE,FALSE,FALSE,FALSE,FALSE
P03851,U1187,Instagram,itsharper9,82,1624,660,1.88,2.9,74.4,Afternoon (2-6pm),FALSE,FALSE,FALSE,TRUE,TRUE
P03852,U1187,TikTok,harper.nelson17,35,1506,516,2.07,2.0,130.7,Afternoon (2-6pm),TRUE,FALSE,TRUE,FALSE,FALSE
P03853,U1187,Snapchat,itsharper9,93,437,437,0.62,1.2,60.9,Afternoon (2-6pm),TRUE,FALSE,TRUE,TRUE,FALSE
P03854,U1187,X (Twitter),harpern203,31,81,287,2.78,2.4,31.9,Afternoon (2-6pm),TRUE,FALSE,TRUE,FALSE,TRUE
P03855,U1188,Instagram,santiagoc610,47,531,1973,3.91,1.3,47.4,Late Night (10pm-2am),TRUE,FALSE,TRUE,FALSE,FALSE
P03856,U1188,TikTok,itssantiagoo,58,78,564,4.11,0.3,104.6,Late Night (10pm-2am),FALSE,FALSE,TRUE,FALSE,TRUE
P03857,U1189,TikTok,ellat801,53,149,276,2.86,2.4,54.0,Midday (10am-2pm),FALSE,FALSE,TRUE,FALSE,FALSE
P03858,U1190,Instagram,ethan_2026,78,1865,221,1.86,0.9,44.0,Evening (6-10pm),FALSE,FALSE,TRUE,FALSE,FALSE
P03859,U1190,TikTok,ethang265,31,3851,165,1.91,1.3,92.8,Evening (6-10pm),FALSE,FALSE,TRUE,FALSE,TRUE
P03860,U1190,Snapchat,ethan.gonzalez,33,578,578,3.89,0.6,39.4,Morning (6-10am),TRUE,FALSE,TRUE,FALSE,TRUE
P03861,U1190,Facebook,ethan.gonzalez21,99,702,702,4.07,0.4,8.4,Morning (6-10am),FALSE,FALSE,FALSE,FALSE,TRUE
P03862,U1191,Instagram,itskinsleyo,73,483,709,2.93,3.2,65.1,Late Night (10pm-2am),FALSE,FALSE,TRUE,FALSE,FALSE
P03863,U1191,TikTok,itskinsley8,22,135,203,2.86,2.3,103.6,Late Night (10pm-2am),TRUE,FALSE,FALSE,FALSE,TRUE
P03864,U1191,Snapchat,itskinsleyx,58,433,433,3.6,1.2,23.3,Late Night (10pm-2am),TRUE,FALSE,TRUE,TRUE,TRUE
P03865,U1191,X (Twitter),kinsley.tran93,54,19,209,2.79,1.0,33.0,Late Night (10pm-2am),FALSE,FALSE,TRUE,FALSE,FALSE
P03866,U1191,Facebook,kinsley_official,106,380,380,5.24,3.2,6.2,Late Night (10pm-2am),TRUE,FALSE,FALSE,FALSE,FALSE
P03867,U1192,Instagram,marcuse27,27,637,462,2.69,1.3,81.3,Afternoon (2-6pm),FALSE,FALSE,FALSE,TRUE,FALSE
P03868,U1192,TikTok,itsmarcuso,53,1209,1434,3.42,1.4,56.8,Afternoon (2-6pm),TRUE,FALSE,FALSE,FALSE,TRUE
P03869,U1192,Snapchat,marcuse85,53,372,372,0.49,0.8,18.2,Midday (10am-2pm),TRUE,FALSE,TRUE,TRUE,TRUE
P03870,U1192,X (Twitter),marcus.edwards,26,10,138,2.47,0.4,16.3,Evening (6-10pm),FALSE,FALSE,FALSE,FALSE,FALSE
P03871,U1192,Facebook,marcus_official,63,939,939,1.31,2.4,13.7,Midday (10am-2pm),TRUE,FALSE,TRUE,FALSE,TRUE
P03872,U1193,Instagram,diego.nelson93,30,308,168,2.62,1.5,50.7,Midday (10am-2pm),TRUE,FALSE,TRUE,FALSE,TRUE
P03873,U1193,TikTok,diegon243,19,163,525,2.21,3.1,164.7,Evening (6-10pm),FALSE,FALSE,TRUE,FALSE,FALSE
P03874,U1193,Snapchat,diegon642,80,400,400,3.1,1.8,32.3,Evening (6-10pm),TRUE,FALSE,TRUE,FALSE,FALSE
P03875,U1193,X (Twitter),diego.nelson92,58,41,216,4.41,1.4,18.4,Evening (6-10pm),FALSE,FALSE,TRUE,FALSE,TRUE
P03876,U1194,Instagram,raj.watson,90,579,397,0.22,3.0,50.4,Afternoon (2-6pm),TRUE,FALSE,FALSE,TRUE,TRUE
P03877,U1194,TikTok,raj.watson,46,2133,819,5.18,2.7,143.8,Afternoon (2-6pm),FALSE,FALSE,TRUE,FALSE,FALSE
P03878,U1194,Facebook,itsraj,116,658,658,2.96,4.0,18.7,Afternoon (2-6pm),FALSE,FALSE,TRUE,FALSE,TRUE
P03879,U1195,Instagram,jasmine_tv,84,234,187,3.45,3.0,35.9,Afternoon (2-6pm),TRUE,FALSE,TRUE,FALSE,TRUE
P03880,U1195,TikTok,jasmine_tv,33,2712,403,1.06,2.0,103.5,Afternoon (2-6pm),FALSE,FALSE,TRUE,FALSE,TRUE
P03881,U1195,Snapchat,jasmine.alvarez,68,304,304,3.74,2.9,25.4,Evening (6-10pm),TRUE,FALSE,TRUE,FALSE,TRUE
P03882,U1195,X (Twitter),jasminea516,35,38,332,3.15,3.2,36.2,Afternoon (2-6pm),TRUE,FALSE,FALSE,FALSE,TRUE
P03883,U1196,Instagram,nataliej178,63,2554,148,3.05,2.1,38.6,Evening (6-10pm),FALSE,FALSE,TRUE,FALSE,TRUE
P03884,U1196,TikTok,natalie.jackson,48,14,798,5.0,2.5,39.1,Evening (6-10pm),TRUE,FALSE,FALSE,FALSE,TRUE
P03885,U1196,X (Twitter),nataliej152,18,658,82,0.2,1.6,21.9,Evening (6-10pm),FALSE,FALSE,TRUE,FALSE,TRUE
P03886,U1196,Facebook,itsnatalieo,99,320,320,1.49,1.3,13.1,Afternoon (2-6pm),FALSE,FALSE,TRUE,FALSE,TRUE
P03887,U1197,Instagram,gabriella_x,48,527,316,5.05,1.8,60.1,Midday (10am-2pm),TRUE,FALSE,TRUE,FALSE,FALSE
P03888,U1197,TikTok,gabriella_gram,24,711,1016,0.58,1.1,85.2,Afternoon (2-6pm),TRUE,FALSE,TRUE,FALSE,TRUE
P03889,U1197,Snapchat,itsgabriella,54,352,352,3.4,2.9,42.5,Evening (6-10pm),FALSE,FALSE,FALSE,FALSE,TRUE
P03890,U1197,Facebook,gabriellaj19,39,1158,1158,4.3,2.3,15.6,Afternoon (2-6pm),FALSE,FALSE,TRUE,FALSE,TRUE
P03891,U1198,Instagram,itsowenx,78,527,969,4.58,2.4,65.3,Afternoon (2-6pm),FALSE,FALSE,TRUE,TRUE,TRUE
P03892,U1198,TikTok,itsowenx,35,460,380,3.05,0.6,58.5,Evening (6-10pm),TRUE,FALSE,TRUE,TRUE,TRUE
P03893,U1198,X (Twitter),owen_tv,46,837,211,2.25,0.5,6.3,Evening (6-10pm),FALSE,FALSE,TRUE,TRUE,TRUE
P03894,U1199,Instagram,layla.chavez,70,710,866,4.82,1.5,73.1,Evening (6-10pm),FALSE,FALSE,TRUE,FALSE,FALSE
P03895,U1199,TikTok,laylac797,46,38,276,4.33,1.5,119.4,Afternoon (2-6pm),FALSE,FALSE,TRUE,FALSE,TRUE
P03896,U1199,Snapchat,laylac582,82,574,574,3.73,4.3,17.3,Evening (6-10pm),TRUE,FALSE,TRUE,FALSE,TRUE
P03897,U1200,Instagram,itsellieo,68,1060,218,5.28,2.4,57.2,Late Night (10pm-2am),FALSE,FALSE,FALSE,FALSE,TRUE
P03898,U1200,TikTok,itsellie,25,732,370,3.19,1.3,102.7,Late Night (10pm-2am),FALSE,FALSE,FALSE,FALSE,TRUE
P03899,U1201,Instagram,ximena.adams98,34,1047,465,2.05,1.4,50.9,Afternoon (2-6pm),FALSE,FALSE,TRUE,FALSE,TRUE
P03900,U1201,TikTok,ximena.adams40,34,1142,377,4.2,3.4,105.8,Afternoon (2-6pm),TRUE,FALSE,TRUE,FALSE,TRUE
P03901,U1201,Snapchat,ximena_x,90,666,666,2.19,1.0,56.2,Afternoon (2-6pm),TRUE,FALSE,FALSE,TRUE,TRUE
P03902,U1202,Instagram,itsthomas,53,427,457,1.97,2.3,49.1,Late Night (10pm-2am),FALSE,FALSE,FALSE,FALSE,TRUE
P03903,U1202,TikTok,thomasw394,41,132,914,2.38,1.5,169.4,Late Night (10pm-2am),FALSE,FALSE,FALSE,FALSE,FALSE
P03904,U1202,Facebook,thomasw614,120,1040,1040,0.31,0.2,6.1,Late Night (10pm-2am),FALSE,FALSE,FALSE,FALSE,TRUE
P03905,U1203,Instagram,itsarjun4,42,1216,399,0.67,0.1,125.1,Late Night (10pm-2am),FALSE,FALSE,FALSE,TRUE,TRUE
P03906,U1203,TikTok,arjun_x,31,669,316,0.66,0.5,139.6,Late Night (10pm-2am),TRUE,FALSE,TRUE,FALSE,TRUE
P03907,U1203,Snapchat,arjun_x,24,102,102,1.81,1.7,24.7,Late Night (10pm-2am),FALSE,FALSE,TRUE,FALSE,FALSE
P03908,U1204,Instagram,madisonw704,40,1199,284,5.01,1.9,46.1,Evening (6-10pm),TRUE,FALSE,FALSE,FALSE,FALSE
P03909,U1204,TikTok,madison.walker,26,248,580,2.46,3.8,44.5,Evening (6-10pm),TRUE,FALSE,FALSE,FALSE,TRUE
P03910,U1204,Snapchat,madisonw791,69,382,382,3.07,5.9,30.0,Afternoon (2-6pm),TRUE,FALSE,TRUE,FALSE,TRUE
P03911,U1204,Facebook,madisonw197,38,392,392,2.77,1.9,38.9,Midday (10am-2pm),FALSE,FALSE,TRUE,TRUE,FALSE
P03912,U1205,Instagram,william.johnson48,93,1579,314,1.44,0.8,28.9,Midday (10am-2pm),FALSE,FALSE,FALSE,TRUE,FALSE
P03913,U1205,TikTok,william_2030,14,142,2249,1.6,1.7,146.2,Evening (6-10pm),FALSE,FALSE,FALSE,FALSE,FALSE
P03914,U1205,Snapchat,william_x,70,513,513,2.7,2.1,33.6,Midday (10am-2pm),TRUE,FALSE,FALSE,FALSE,TRUE
P03915,U1206,Instagram,nathan.murray,42,6238,192,2.53,2.8,77.6,Afternoon (2-6pm),FALSE,FALSE,TRUE,TRUE,TRUE
P03916,U1206,TikTok,nathanm390,23,338,452,4.57,6.7,102.2,Midday (10am-2pm),FALSE,FALSE,TRUE,FALSE,TRUE
P03917,U1206,Snapchat,itsnathano,70,700,700,4.42,1.8,49.1,Midday (10am-2pm),TRUE,FALSE,FALSE,TRUE,TRUE
P03918,U1207,Instagram,hunterm645,58,3715,273,2.98,2.6,45.0,Late Night (10pm-2am),FALSE,FALSE,FALSE,FALSE,TRUE
P03919,U1207,TikTok,hunter.martin,33,1267,365,3.59,2.7,136.2,Late Night (10pm-2am),FALSE,FALSE,FALSE,FALSE,TRUE
P03920,U1207,Snapchat,hunter_official,65,326,326,5.5,2.6,63.9,Late Night (10pm-2am),TRUE,FALSE,FALSE,FALSE,TRUE
P03921,U1208,Instagram,ella.peterson,42,2612,694,1.84,3.3,77.0,Evening (6-10pm),TRUE,FALSE,FALSE,FALSE,TRUE
P03922,U1208,TikTok,ellap888,21,557,278,5.24,1.4,42.7,Morning (6-10am),FALSE,FALSE,TRUE,FALSE,TRUE
P03923,U1208,Snapchat,ellap207,80,384,384,2.43,0.6,107.5,Midday (10am-2pm),TRUE,FALSE,TRUE,TRUE,FALSE
P03924,U1208,Facebook,ella.peterson67,65,375,375,4.22,1.4,19.3,Midday (10am-2pm),TRUE,FALSE,TRUE,FALSE,FALSE
P03925,U1209,Instagram,madisona169,96,938,343,1.03,5.3,71.7,Late Night (10pm-2am),FALSE,FALSE,FALSE,TRUE,TRUE
P03926,U1209,TikTok,madisona671,72,1189,95,2.36,1.2,59.9,Late Night (10pm-2am),TRUE,FALSE,TRUE,FALSE,TRUE
P03927,U1209,Snapchat,madison_official,74,282,282,2.94,2.0,74.4,Late Night (10pm-2am),TRUE,FALSE,TRUE,FALSE,TRUE
P03928,U1209,X (Twitter),madison_official,52,1473,198,3.73,0.3,19.7,Late Night (10pm-2am),FALSE,FALSE,TRUE,FALSE,TRUE
P03929,U1210,Instagram,itssimonex,36,483,203,4.37,2.3,68.1,Midday (10am-2pm),TRUE,FALSE,TRUE,FALSE,TRUE
P03930,U1210,TikTok,simone.clark41,47,50,1305,4.11,0.9,135.2,Morning (6-10am),TRUE,FALSE,TRUE,TRUE,TRUE
P03931,U1210,Snapchat,simone_x,91,353,353,3.54,2.2,44.2,Morning (6-10am),TRUE,FALSE,FALSE,TRUE,TRUE
P03932,U1210,X (Twitter),simone.clark99,38,57,117,6.0,2.1,15.3,Morning (6-10am),TRUE,FALSE,TRUE,FALSE,TRUE
P03933,U1210,Facebook,simone.clark4,20,846,846,3.54,2.6,11.7,Evening (6-10pm),FALSE,FALSE,FALSE,FALSE,TRUE
P03934,U1211,Instagram,itsaxelx,20,1654,339,2.1,1.6,66.1,Late Night (10pm-2am),TRUE,FALSE,TRUE,FALSE,TRUE
P03935,U1211,TikTok,itsaxel9,8,542,407,2.69,3.0,107.8,Late Night (10pm-2am),FALSE,FALSE,TRUE,FALSE,FALSE
P03936,U1212,Instagram,jeremiah_official,76,270,219,1.1,1.4,53.8,Midday (10am-2pm),TRUE,FALSE,TRUE,TRUE,TRUE
P03937,U1212,TikTok,jeremiah.taylor41,49,2096,728,1.98,1.8,59.3,Midday (10am-2pm),FALSE,FALSE,TRUE,FALSE,TRUE
P03938,U1213,Instagram,hazel_tv,47,178,371,3.05,0.4,73.6,Afternoon (2-6pm),TRUE,FALSE,TRUE,FALSE,TRUE
P03939,U1213,TikTok,hazelm246,33,79,498,3.57,3.7,108.8,Midday (10am-2pm),FALSE,FALSE,TRUE,FALSE,TRUE
P03940,U1214,Instagram,gracek58,92,779,206,1.93,2.7,58.4,Late Night (10pm-2am),FALSE,FALSE,TRUE,FALSE,TRUE
P03941,U1214,TikTok,grace_x,38,79,667,3.44,2.9,98.5,Late Night (10pm-2am),FALSE,FALSE,TRUE,FALSE,FALSE
P03942,U1214,Snapchat,grace.khan18,35,279,279,4.96,4.5,37.1,Late Night (10pm-2am),TRUE,FALSE,TRUE,FALSE,FALSE
P03943,U1215,Instagram,lincolnp510,24,1344,737,2.82,1.9,57.6,Late Night (10pm-2am),TRUE,FALSE,TRUE,FALSE,TRUE
P03944,U1215,TikTok,lincoln.price87,56,143,607,2.06,1.0,113.8,Late Night (10pm-2am),FALSE,FALSE,TRUE,FALSE,TRUE
P03945,U1215,Facebook,lincoln.price,69,637,637,2.75,4.8,6.1,Late Night (10pm-2am),FALSE,FALSE,TRUE,TRUE,FALSE
P03946,U1216,Instagram,daniel.campbell61,62,207,106,4.56,2.0,51.0,Afternoon (2-6pm),FALSE,FALSE,TRUE,FALSE,FALSE
P03947,U1216,TikTok,danielc219,41,647,534,0.2,0.7,71.0,Afternoon (2-6pm),FALSE,FALSE,FALSE,FALSE,TRUE
P03948,U1216,Snapchat,daniel.campbell41,57,257,257,2.4,2.2,23.7,Midday (10am-2pm),TRUE,FALSE,TRUE,TRUE,FALSE
P03949,U1217,Instagram,itseleanoro,86,445,459,1.96,1.0,48.3,Midday (10am-2pm),TRUE,FALSE,TRUE,TRUE,TRUE
P03950,U1217,TikTok,eleanor.hernandez,67,1480,918,2.43,2.0,75.7,Afternoon (2-6pm),FALSE,FALSE,TRUE,FALSE,TRUE
P03951,U1217,Snapchat,eleanor.hernandez,64,294,294,2.14,0.5,24.6,Evening (6-10pm),TRUE,FALSE,TRUE,TRUE,TRUE
P03952,U1217,Facebook,eleanorh732,80,520,520,0.84,1.2,17.9,Afternoon (2-6pm),TRUE,FALSE,TRUE,FALSE,TRUE
P03953,U1218,Instagram,addisonk480,81,537,372,3.77,5.1,153.8,Late Night (10pm-2am),TRUE,FALSE,FALSE,FALSE,FALSE
P03954,U1218,TikTok,addison.khan,33,149,428,1.17,2.6,153.3,Late Night (10pm-2am),FALSE,FALSE,TRUE,TRUE,TRUE
P03955,U1218,Snapchat,addison.khan,102,246,246,1.39,2.2,33.6,Late Night (10pm-2am),TRUE,FALSE,TRUE,TRUE,FALSE
P03956,U1218,X (Twitter),addison_x,29,21,208,2.89,1.8,27.3,Late Night (10pm-2am),FALSE,FALSE,FALSE,FALSE,TRUE
P03957,U1218,Facebook,addison_official,93,290,290,2.72,1.8,9.5,Late Night (10pm-2am),FALSE,FALSE,TRUE,FALSE,TRUE
P03958,U1219,Instagram,omark585,74,1368,246,1.61,1.8,68.4,Evening (6-10pm),TRUE,FALSE,TRUE,FALSE,FALSE
P03959,U1219,TikTok,omark306,26,183,373,4.78,1.0,93.8,Afternoon (2-6pm),FALSE,FALSE,FALSE,FALSE,TRUE
P03960,U1219,Snapchat,omark466,46,100,100,4.8,0.8,76.1,Afternoon (2-6pm),TRUE,FALSE,TRUE,TRUE,FALSE
P03961,U1220,TikTok,itslukex,42,354,835,3.51,1.1,79.2,Evening (6-10pm),FALSE,FALSE,TRUE,FALSE,FALSE
P03962,U1220,Snapchat,itslukeo,80,352,352,2.62,3.3,120.6,Evening (6-10pm),FALSE,FALSE,TRUE,FALSE,FALSE
P03963,U1220,X (Twitter),luke_gram,18,19,589,3.37,2.3,13.8,Afternoon (2-6pm),FALSE,FALSE,FALSE,FALSE,TRUE
P03964,U1220,Facebook,luke.walker35,55,1169,1169,3.99,3.5,11.2,Midday (10am-2pm),TRUE,FALSE,TRUE,FALSE,FALSE
P03965,U1221,Instagram,simone_2024,57,337,592,0.26,2.2,32.7,Afternoon (2-6pm),TRUE,FALSE,TRUE,FALSE,TRUE
P03966,U1221,Snapchat,simone.evans,52,575,575,1.98,1.4,44.2,Evening (6-10pm),TRUE,FALSE,FALSE,FALSE,TRUE
P03967,U1221,X (Twitter),simone_x,42,25,231,3.32,0.5,7.2,Evening (6-10pm),FALSE,FALSE,FALSE,TRUE,TRUE
P03968,U1222,Instagram,luke_official,49,620,338,5.42,1.5,28.5,Late Night (10pm-2am),FALSE,FALSE,FALSE,FALSE,TRUE
P03969,U1222,TikTok,itsluke2,42,775,172,3.59,1.0,58.1,Late Night (10pm-2am),FALSE,FALSE,TRUE,FALSE,FALSE
P03970,U1222,Facebook,luke_tv,74,469,469,4.93,1.5,10.4,Late Night (10pm-2am),TRUE,FALSE,TRUE,TRUE,TRUE
P03971,U1223,Instagram,itsimanio,44,5830,563,3.36,3.3,36.0,Late Night (10pm-2am),FALSE,FALSE,TRUE,TRUE,TRUE
P03972,U1223,TikTok,itsimanix,52,581,1547,3.33,1.1,89.3,Late Night (10pm-2am),TRUE,FALSE,TRUE,FALSE,TRUE
P03973,U1223,Snapchat,imani_official,67,595,595,5.3,4.4,39.6,Late Night (10pm-2am),TRUE,FALSE,FALSE,TRUE,FALSE
P03974,U1223,Facebook,imani_2026,68,1065,1065,3.38,1.1,9.0,Late Night (10pm-2am),TRUE,FALSE,TRUE,TRUE,FALSE
P03975,U1224,Instagram,sophiah497,76,1345,557,2.82,2.0,56.5,Late Night (10pm-2am),TRUE,FALSE,TRUE,FALSE,FALSE
P03976,U1224,TikTok,sophia.hernandez,52,354,757,2.98,0.7,181.1,Late Night (10pm-2am),FALSE,FALSE,FALSE,FALSE,FALSE
P03977,U1224,Snapchat,sophia_x,76,705,705,2.14,2.2,83.7,Late Night (10pm-2am),FALSE,FALSE,FALSE,TRUE,TRUE
P03978,U1224,X (Twitter),sophia_x,43,20,135,4.33,0.7,15.1,Late Night (10pm-2am),FALSE,FALSE,TRUE,FALSE,FALSE
P03979,U1225,Instagram,eli.andersen52,79,434,287,0.2,3.1,172.2,Evening (6-10pm),TRUE,FALSE,TRUE,FALSE,TRUE
P03980,U1225,TikTok,itseli,25,470,452,4.05,2.7,197.7,Midday (10am-2pm),FALSE,FALSE,TRUE,TRUE,TRUE
P03981,U1225,Snapchat,itseli,45,150,150,2.36,2.5,51.5,Evening (6-10pm),TRUE,FALSE,TRUE,TRUE,TRUE
P03982,U1225,X (Twitter),eli_gram,13,212,327,4.58,1.2,46.2,Evening (6-10pm),FALSE,FALSE,TRUE,TRUE,TRUE
P03983,U1225,Facebook,itselio,42,678,678,1.07,0.7,5.8,Midday (10am-2pm),TRUE,FALSE,FALSE,TRUE,FALSE
P03984,U1226,Instagram,lincoln_2028,56,280,495,2.32,2.5,53.0,Evening (6-10pm),FALSE,FALSE,TRUE,FALSE,FALSE
P03985,U1226,TikTok,lincolnw133,39,1124,360,1.63,1.8,60.3,Evening (6-10pm),FALSE,FALSE,TRUE,FALSE,TRUE
P03986,U1226,X (Twitter),lincolnw862,66,9,47,4.19,0.9,17.5,Afternoon (2-6pm),FALSE,FALSE,TRUE,FALSE,TRUE
P03987,U1227,Instagram,scarlettm758,17,1686,427,1.33,2.9,142.1,Midday (10am-2pm),TRUE,FALSE,FALSE,TRUE,FALSE
P03988,U1227,TikTok,itsscarlettx,51,97,799,4.48,2.2,58.6,Afternoon (2-6pm),TRUE,FALSE,TRUE,FALSE,TRUE
P03989,U1228,TikTok,jamalv768,19,674,831,2.65,2.8,94.1,Evening (6-10pm),FALSE,FALSE,TRUE,TRUE,TRUE
P03990,U1228,Snapchat,jamalv307,69,325,325,4.35,3.0,49.1,Afternoon (2-6pm),TRUE,FALSE,TRUE,TRUE,TRUE
P03991,U1229,Instagram,nathan_official,52,363,314,4.33,2.9,124.6,Evening (6-10pm),FALSE,FALSE,TRUE,FALSE,TRUE
P03992,U1229,TikTok,nathan.lopez36,50,341,706,4.98,3.2,42.1,Morning (6-10am),FALSE,FALSE,TRUE,FALSE,TRUE
P03993,U1229,Snapchat,nathan.lopez61,114,377,377,2.99,2.5,48.7,Midday (10am-2pm),TRUE,FALSE,FALSE,TRUE,TRUE
P03994,U1230,Instagram,omare527,43,816,204,2.97,2.5,124.1,Late Night (10pm-2am),FALSE,FALSE,TRUE,FALSE,TRUE
P03995,U1230,TikTok,omar_official,33,564,201,1.92,1.8,66.6,Late Night (10pm-2am),TRUE,FALSE,TRUE,FALSE,FALSE
P03996,U1230,Facebook,omare808,78,583,583,2.23,0.3,9.5,Late Night (10pm-2am),TRUE,FALSE,FALSE,FALSE,TRUE
P03997,U1231,Instagram,leo_tv,100,1676,437,0.49,0.9,109.8,Afternoon (2-6pm),FALSE,FALSE,TRUE,TRUE,TRUE
P03998,U1231,TikTok,itsleo7,37,27,1198,5.37,3.2,88.1,Afternoon (2-6pm),FALSE,FALSE,FALSE,FALSE,TRUE
P03999,U1231,Snapchat,leoa94,43,271,271,2.82,2.1,58.5,Evening (6-10pm),TRUE,FALSE,TRUE,FALSE,FALSE
P04000,U1231,X (Twitter),leo_x,31,12,105,3.97,1.5,13.3,Evening (6-10pm),TRUE,FALSE,TRUE,FALSE,TRUE
P04001,U1232,Instagram,matthewp935,48,1070,201,1.19,1.5,113.6,Late Night (10pm-2am),FALSE,FALSE,TRUE,FALSE,TRUE
P04002,U1232,TikTok,matthew.parker12,55,1938,256,3.64,1.8,109.1,Late Night (10pm-2am),TRUE,FALSE,TRUE,FALSE,TRUE
P04003,U1232,Snapchat,itsmatthew3,46,603,603,0.2,0.9,21.3,Late Night (10pm-2am),TRUE,FALSE,FALSE,TRUE,TRUE
P04004,U1233,Instagram,nora.fernandez,71,1543,755,2.05,1.1,55.1,Evening (6-10pm),TRUE,FALSE,TRUE,FALSE,TRUE
P04005,U1233,TikTok,nora.fernandez,26,280,622,3.12,2.2,70.1,Morning (6-10am),FALSE,FALSE,FALSE,FALSE,TRUE
P04006,U1233,Snapchat,nora_official,78,638,638,2.77,1.3,17.9,Evening (6-10pm),TRUE,FALSE,FALSE,TRUE,TRUE
P04007,U1233,X (Twitter),nora.fernandez29,60,156,464,2.28,3.7,16.4,Morning (6-10am),TRUE,FALSE,FALSE,FALSE,TRUE
P04008,U1234,Instagram,theodore_x,85,2696,265,3.63,1.1,49.4,Late Night (10pm-2am),FALSE,FALSE,TRUE,FALSE,TRUE
P04009,U1234,TikTok,itstheodorex,18,290,1717,2.67,2.8,143.2,Late Night (10pm-2am),FALSE,FALSE,TRUE,FALSE,TRUE
P04010,U1234,Snapchat,theodore.foster63,38,837,837,1.34,2.9,59.4,Late Night (10pm-2am),TRUE,FALSE,TRUE,FALSE,TRUE
P04011,U1235,Instagram,elizabethi73,14,340,390,3.56,2.8,94.9,Midday (10am-2pm),FALSE,FALSE,TRUE,TRUE,TRUE
P04012,U1235,TikTok,elizabeth.ivanov,40,688,335,3.23,2.3,236.1,Morning (6-10am),TRUE,FALSE,TRUE,FALSE,TRUE
P04013,U1235,Snapchat,elizabethi664,51,260,260,5.02,1.3,32.8,Evening (6-10pm),FALSE,FALSE,TRUE,FALSE,TRUE
P04014,U1235,X (Twitter),elizabeth.ivanov86,44,99,144,2.19,3.7,20.1,Morning (6-10am),FALSE,FALSE,TRUE,FALSE,FALSE
P04015,U1236,Instagram,gabriella.williams,31,668,412,6.29,3.2,68.6,Afternoon (2-6pm),TRUE,FALSE,FALSE,FALSE,FALSE
P04016,U1236,TikTok,gabriella.williams81,78,336,399,4.59,2.3,44.0,Afternoon (2-6pm),FALSE,FALSE,TRUE,FALSE,TRUE
P04017,U1236,Snapchat,gabriella_gram,79,670,670,5.93,2.5,43.7,Evening (6-10pm),FALSE,FALSE,TRUE,FALSE,TRUE
P04018,U1236,X (Twitter),gabriella_x,49,464,218,3.37,2.0,19.9,Midday (10am-2pm),FALSE,FALSE,TRUE,TRUE,TRUE
P04019,U1236,Facebook,gabriella.williams,120,554,554,3.39,1.3,13.5,Evening (6-10pm),TRUE,FALSE,TRUE,FALSE,TRUE
P04020,U1237,Instagram,tariq.tran89,65,774,329,1.75,0.7,48.1,Evening (6-10pm),TRUE,FALSE,TRUE,FALSE,TRUE
P04021,U1237,TikTok,tariq.tran,62,70,360,4.2,1.4,116.8,Evening (6-10pm),TRUE,FALSE,TRUE,FALSE,TRUE
P04022,U1237,Snapchat,tariq.tran,61,210,210,1.48,0.9,51.4,Midday (10am-2pm),TRUE,FALSE,FALSE,FALSE,TRUE
P04023,U1238,Instagram,destinyg686,21,661,540,2.32,1.1,71.7,Late Night (10pm-2am),TRUE,FALSE,FALSE,FALSE,TRUE
P04024,U1238,TikTok,destinyg448,51,7120,397,2.72,3.3,76.5,Late Night (10pm-2am),FALSE,FALSE,TRUE,TRUE,TRUE
P04025,U1238,Snapchat,itsdestinyx,65,363,363,4.21,4.3,43.4,Late Night (10pm-2am),FALSE,FALSE,TRUE,TRUE,TRUE
P04026,U1238,Facebook,itsdestinyx,43,657,657,4.42,2.3,11.7,Late Night (10pm-2am),FALSE,FALSE,TRUE,FALSE,TRUE
P04027,U1239,Instagram,priya.ramos88,50,251,309,0.63,4.3,119.6,Late Night (10pm-2am),TRUE,FALSE,TRUE,FALSE,TRUE
P04028,U1239,TikTok,priya.ramos,40,124,247,0.2,0.0,99.1,Late Night (10pm-2am),FALSE,FALSE,TRUE,FALSE,TRUE
P04029,U1239,Snapchat,priya_gram,69,156,156,1.3,0.0,42.8,Late Night (10pm-2am),TRUE,FALSE,TRUE,TRUE,TRUE
P04030,U1240,Instagram,noraw203,63,915,374,1.99,0.6,30.4,Late Night (10pm-2am),FALSE,FALSE,TRUE,FALSE,TRUE
P04031,U1240,TikTok,itsnorao,47,295,322,3.91,2.0,180.9,Late Night (10pm-2am),FALSE,FALSE,TRUE,FALSE,TRUE
P04032,U1240,Snapchat,noraw679,95,197,197,4.67,1.2,27.0,Late Night (10pm-2am),TRUE,FALSE,TRUE,FALSE,TRUE
P04033,U1240,X (Twitter),noraw696,10,93,143,3.79,2.0,12.4,Late Night (10pm-2am),FALSE,FALSE,TRUE,FALSE,TRUE
P04034,U1241,Instagram,mayap598,75,352,581,3.79,1.7,94.5,Late Night (10pm-2am),FALSE,FALSE,FALSE,FALSE,FALSE
P04035,U1241,TikTok,maya_x,62,34,984,2.93,2.8,98.0,Late Night (10pm-2am),TRUE,FALSE,FALSE,FALSE,FALSE
P04036,U1241,Snapchat,maya_tv,109,214,214,3.16,1.8,60.2,Late Night (10pm-2am),TRUE,FALSE,FALSE,FALSE,FALSE
P04037,U1241,X (Twitter),maya_2024,31,39,76,2.75,1.5,20.3,Late Night (10pm-2am),FALSE,FALSE,FALSE,FALSE,TRUE
P04038,U1242,Instagram,santiagoc544,47,445,275,2.87,1.4,55.6,Late Night (10pm-2am),TRUE,FALSE,TRUE,TRUE,TRUE
P04039,U1242,TikTok,santiago.cooper8,50,810,848,1.6,1.2,193.2,Late Night (10pm-2am),TRUE,FALSE,TRUE,TRUE,FALSE
P04040,U1242,Snapchat,santiago_x,79,529,529,3.81,1.7,27.3,Late Night (10pm-2am),TRUE,FALSE,TRUE,FALSE,TRUE
P04041,U1243,Instagram,raj_gram,19,357,336,3.04,1.2,77.2,Afternoon (2-6pm),FALSE,FALSE,FALSE,FALSE,TRUE
P04042,U1243,TikTok,itsrajx,55,973,276,2.06,0.8,48.6,Midday (10am-2pm),FALSE,FALSE,TRUE,FALSE,FALSE
P04043,U1243,Snapchat,itsrajx,60,164,164,4.76,0.4,15.3,Afternoon (2-6pm),TRUE,FALSE,FALSE,TRUE,FALSE
P04044,U1243,Facebook,raj.howard,59,327,327,2.42,3.9,21.5,Afternoon (2-6pm),TRUE,FALSE,TRUE,TRUE,FALSE
P04045,U1244,Instagram,alexander_tv,51,424,468,4.37,1.7,56.3,Late Night (10pm-2am),TRUE,FALSE,TRUE,FALSE,FALSE
P04046,U1244,TikTok,alexander_gram,38,199,417,2.79,1.4,155.9,Late Night (10pm-2am),FALSE,FALSE,TRUE,FALSE,FALSE
P04047,U1244,Snapchat,alexanderh744,68,230,230,3.46,0.6,31.6,Late Night (10pm-2am),TRUE,FALSE,TRUE,FALSE,TRUE
P04048,U1244,X (Twitter),alexander.harris,16,34,198,3.17,2.7,42.6,Late Night (10pm-2am),FALSE,FALSE,TRUE,FALSE,TRUE
P04049,U1244,Facebook,alexander.harris18,71,544,544,4.69,3.2,7.0,Late Night (10pm-2am),TRUE,FALSE,FALSE,FALSE,TRUE
P04050,U1245,Instagram,arjunh879,58,725,785,3.46,1.4,104.9,Evening (6-10pm),TRUE,FALSE,TRUE,FALSE,TRUE
P04051,U1245,TikTok,arjunh450,23,641,384,2.48,1.8,63.4,Evening (6-10pm),FALSE,FALSE,TRUE,TRUE,TRUE
P04052,U1245,Snapchat,arjunh66,27,291,291,3.56,3.0,46.4,Evening (6-10pm),TRUE,FALSE,FALSE,TRUE,TRUE
P04053,U1245,Facebook,itsarjun8,80,932,932,2.88,4.4,8.2,Midday (10am-2pm),TRUE,FALSE,TRUE,TRUE,TRUE
P04054,U1246,Instagram,nolanf663,63,143,386,0.44,2.8,62.0,Afternoon (2-6pm),TRUE,FALSE,FALSE,FALSE,FALSE
P04055,U1246,TikTok,nolanf878,66,82,339,1.52,2.3,83.7,Evening (6-10pm),TRUE,FALSE,TRUE,FALSE,TRUE
P04056,U1246,Snapchat,itsnolano,79,326,326,0.2,1.0,23.3,Evening (6-10pm),FALSE,FALSE,FALSE,FALSE,FALSE
P04057,U1247,Instagram,aubreya930,76,112,992,3.2,3.2,40.0,Evening (6-10pm),TRUE,FALSE,TRUE,FALSE,TRUE
P04058,U1247,Snapchat,itsaubrey,68,476,476,2.64,1.9,34.0,Morning (6-10am),TRUE,FALSE,TRUE,FALSE,TRUE
P04059,U1247,X (Twitter),aubrey.alvarez,16,53,96,5.4,4.4,10.2,Morning (6-10am),FALSE,FALSE,FALSE,FALSE,FALSE
P04060,U1248,Instagram,evelynb667,62,2822,645,1.43,3.8,28.5,Afternoon (2-6pm),TRUE,FALSE,FALSE,FALSE,TRUE
P04061,U1248,TikTok,evelyn.becker33,19,464,406,4.34,1.4,290,Afternoon (2-6pm),FALSE,FALSE,TRUE,TRUE,FALSE
P04062,U1248,Snapchat,evelynb320,66,577,577,5.44,1.8,25.3,Midday (10am-2pm),FALSE,FALSE,FALSE,TRUE,TRUE
P04063,U1248,X (Twitter),evelyn.becker46,12,891,763,4.43,5.0,33.3,Afternoon (2-6pm),FALSE,FALSE,TRUE,FALSE,FALSE
P04064,U1248,Facebook,evelynb305,84,743,743,4.62,1.6,12.4,Midday (10am-2pm),FALSE,FALSE,TRUE,FALSE,FALSE
P04065,U1249,Instagram,bella.foster,56,289,356,3.81,2.3,57.0,Late Night (10pm-2am),TRUE,FALSE,TRUE,FALSE,FALSE
P04066,U1249,TikTok,bella.foster57,23,522,380,1.8,0.3,88.3,Late Night (10pm-2am),TRUE,FALSE,TRUE,FALSE,TRUE
P04067,U1249,X (Twitter),bella.foster,61,35,264,6.13,3.0,18.1,Late Night (10pm-2am),FALSE,FALSE,FALSE,FALSE,TRUE
P04068,U1250,Instagram,madelynm49,69,1627,231,4.07,0.5,100.7,Late Night (10pm-2am),FALSE,FALSE,FALSE,FALSE,TRUE
P04069,U1250,TikTok,itsmadelyno,51,201,226,3.37,3.5,167.3,Late Night (10pm-2am),TRUE,FALSE,TRUE,FALSE,TRUE
P04070,U1250,Snapchat,madelyn_x,60,694,694,2.52,2.5,44.5,Late Night (10pm-2am),FALSE,FALSE,TRUE,FALSE,TRUE
P04071,U1251,Instagram,nolan_gram,101,2351,516,1.43,1.5,159.4,Late Night (10pm-2am),FALSE,FALSE,FALSE,TRUE,TRUE
P04072,U1251,Facebook,nolane516,9,653,653,4.93,2.7,6.6,Late Night (10pm-2am),FALSE,FALSE,TRUE,TRUE,TRUE
P04073,U1252,TikTok,lillianw954,37,355,397,1.72,0.5,85.5,Late Night (10pm-2am),FALSE,FALSE,FALSE,FALSE,TRUE
P04074,U1252,Snapchat,itslillian,109,329,329,2.65,1.6,23.8,Late Night (10pm-2am),TRUE,FALSE,TRUE,FALSE,TRUE
P04075,U1252,Facebook,lillian_official,25,405,405,2.58,1.2,11.6,Late Night (10pm-2am),TRUE,FALSE,TRUE,FALSE,FALSE
P04076,U1253,Instagram,danielm337,42,193,382,2.06,0.3,63.4,Afternoon (2-6pm),TRUE,FALSE,TRUE,TRUE,FALSE
P04077,U1253,TikTok,danielm921,43,407,531,1.73,2.5,208.4,Midday (10am-2pm),TRUE,FALSE,TRUE,FALSE,TRUE
P04078,U1253,Snapchat,danielm733,71,344,344,1.13,2.6,13.5,Evening (6-10pm),TRUE,FALSE,TRUE,TRUE,FALSE
P04079,U1253,Facebook,danielm232,90,397,397,1.29,2.7,28.8,Afternoon (2-6pm),TRUE,FALSE,TRUE,FALSE,FALSE
P04080,U1254,Instagram,daniel_2029,39,1145,549,1.16,5.7,34.6,Evening (6-10pm),FALSE,FALSE,TRUE,FALSE,TRUE
P04081,U1254,TikTok,daniels27,29,1083,811,2.43,0.2,142.3,Midday (10am-2pm),FALSE,FALSE,TRUE,TRUE,TRUE
P04082,U1254,Snapchat,daniels163,113,217,217,4.88,0.6,19.8,Evening (6-10pm),TRUE,FALSE,TRUE,FALSE,TRUE
P04083,U1254,Facebook,daniel.santos7,62,973,973,0.2,1.2,18.3,Afternoon (2-6pm),TRUE,FALSE,FALSE,FALSE,TRUE
P04084,U1255,Instagram,ethan.miller35,53,804,927,3.27,5.0,71.3,Midday (10am-2pm),TRUE,FALSE,TRUE,TRUE,FALSE
P04085,U1255,TikTok,itsethano,60,1042,601,3.9,3.6,90.6,Afternoon (2-6pm),FALSE,FALSE,TRUE,FALSE,TRUE
P04086,U1255,Snapchat,ethan.miller,72,265,265,3.56,2.3,49.6,Afternoon (2-6pm),TRUE,FALSE,TRUE,TRUE,TRUE
P04087,U1256,Instagram,savannah_gram,101,897,707,3.49,1.5,34.0,Late Night (10pm-2am),FALSE,FALSE,FALSE,TRUE,FALSE
P04088,U1256,TikTok,savannahc922,32,57,974,3.21,0.3,158.4,Late Night (10pm-2am),FALSE,FALSE,FALSE,FALSE,FALSE
P04089,U1256,Snapchat,savannah_x,93,144,144,3.73,1.3,26.7,Late Night (10pm-2am),TRUE,FALSE,FALSE,TRUE,TRUE
P04090,U1257,Instagram,stella_gram,53,949,441,1.85,1.6,79.9,Late Night (10pm-2am),TRUE,FALSE,TRUE,TRUE,TRUE
P04091,U1257,TikTok,stella.cook88,47,11,477,3.35,1.7,125.2,Late Night (10pm-2am),FALSE,FALSE,TRUE,FALSE,TRUE
P04092,U1257,Snapchat,stella.cook,109,854,854,2.18,1.7,29.0,Late Night (10pm-2am),TRUE,FALSE,TRUE,TRUE,TRUE
P04093,U1257,X (Twitter),stella.cook,69,679,389,0.84,1.5,20.6,Late Night (10pm-2am),TRUE,FALSE,TRUE,FALSE,FALSE
P04094,U1257,Facebook,stellac468,45,213,213,3.71,0.5,20.9,Late Night (10pm-2am),TRUE,FALSE,TRUE,TRUE,TRUE
P04095,U1258,Instagram,willow_tv,61,6242,267,0.2,4.7,112.2,Afternoon (2-6pm),FALSE,FALSE,TRUE,TRUE,TRUE
P04096,U1258,TikTok,willow_x,72,635,1228,4.63,1.6,187.1,Evening (6-10pm),FALSE,FALSE,TRUE,FALSE,TRUE
P04097,U1258,Snapchat,itswillow,74,633,633,2.38,0.7,52.8,Evening (6-10pm),TRUE,FALSE,FALSE,FALSE,FALSE
P04098,U1259,TikTok,niad910,29,458,754,1.47,4.0,105.1,Evening (6-10pm),FALSE,FALSE,FALSE,FALSE,TRUE
P04099,U1259,Snapchat,nia_official,89,266,266,2.72,5.0,34.6,Morning (6-10am),TRUE,FALSE,TRUE,TRUE,TRUE
P04100,U1259,X (Twitter),nia.davis,67,92,378,2.81,1.3,26.9,Midday (10am-2pm),FALSE,FALSE,TRUE,FALSE,TRUE
P04101,U1260,Instagram,jonathanh977,89,1728,368,3.16,1.4,45.0,Midday (10am-2pm),FALSE,FALSE,FALSE,FALSE,FALSE
P04102,U1260,TikTok,itsjonathano,53,246,180,4.12,0.8,240.9,Morning (6-10am),TRUE,FALSE,FALSE,FALSE,TRUE
P04103,U1260,Snapchat,jonathan_tv,46,323,323,1.45,2.8,30.3,Morning (6-10am),TRUE,FALSE,FALSE,FALSE,TRUE
P04104,U1261,Instagram,ximena_official,47,1105,741,1.23,6.2,56.7,Morning (6-10am),FALSE,FALSE,TRUE,TRUE,TRUE
P04105,U1261,TikTok,ximena.hernandez46,43,386,436,2.41,1.4,96.2,Morning (6-10am),FALSE,FALSE,TRUE,FALSE,TRUE
P04106,U1261,Snapchat,ximena_2027,91,99,99,4.02,1.0,67.8,Midday (10am-2pm),TRUE,FALSE,TRUE,FALSE,FALSE
P04107,U1261,X (Twitter),ximenah8,10,219,346,2.63,1.3,38.2,Morning (6-10am),FALSE,FALSE,FALSE,TRUE,TRUE
P04108,U1262,Instagram,eastonm560,42,478,179,1.42,2.9,46.7,Late Night (10pm-2am),TRUE,FALSE,TRUE,TRUE,TRUE
P04109,U1262,TikTok,easton.myers,45,269,328,1.06,1.1,130.7,Late Night (10pm-2am),FALSE,FALSE,TRUE,FALSE,TRUE
P04110,U1262,Snapchat,easton.myers,61,538,538,2.9,4.1,33.8,Late Night (10pm-2am),TRUE,FALSE,FALSE,FALSE,TRUE
P04111,U1262,X (Twitter),eastonm120,63,15,140,3.96,1.2,18.3,Late Night (10pm-2am),FALSE,FALSE,TRUE,FALSE,TRUE
P04112,U1263,Instagram,luca.davis,30,753,510,3.12,1.5,79.0,Late Night (10pm-2am),FALSE,FALSE,TRUE,FALSE,FALSE
P04113,U1263,TikTok,lucad927,60,290,329,3.27,3.1,90.9,Late Night (10pm-2am),FALSE,FALSE,FALSE,FALSE,FALSE
P04114,U1263,Snapchat,lucad577,27,246,246,3.64,1.6,60.1,Late Night (10pm-2am),FALSE,FALSE,TRUE,TRUE,FALSE
P04115,U1264,Instagram,priya.moore,42,1395,458,4.73,4.2,80.4,Morning (6-10am),FALSE,FALSE,TRUE,FALSE,FALSE
P04116,U1264,TikTok,priyam158,37,378,703,2.84,1.9,56.8,Midday (10am-2pm),FALSE,FALSE,TRUE,FALSE,TRUE
P04117,U1264,Snapchat,priya_tv,79,590,590,3.26,2.4,40.4,Morning (6-10am),TRUE,FALSE,FALSE,FALSE,FALSE
P04118,U1264,Facebook,priya_tv,75,197,197,4.44,2.5,14.4,Midday (10am-2pm),TRUE,FALSE,TRUE,TRUE,FALSE
P04119,U1265,Instagram,ameliaa752,32,743,156,0.2,3.0,50.0,Evening (6-10pm),FALSE,FALSE,TRUE,FALSE,FALSE
P04120,U1265,TikTok,itsamelia2,34,760,318,0.2,2.3,88.6,Morning (6-10am),TRUE,FALSE,FALSE,FALSE,FALSE
P04121,U1265,Snapchat,ameliaa823,88,382,382,1.99,0.3,35.7,Morning (6-10am),FALSE,FALSE,TRUE,TRUE,TRUE
P04122,U1265,Facebook,amelia_gram,118,630,630,0.86,1.9,10.2,Midday (10am-2pm),FALSE,FALSE,FALSE,FALSE,TRUE
P04123,U1266,Instagram,lucasc996,81,1110,362,2.77,3.2,40.7,Afternoon (2-6pm),TRUE,FALSE,TRUE,FALSE,FALSE
P04124,U1266,TikTok,lucas.cox18,81,194,277,3.42,6.4,64.7,Evening (6-10pm),TRUE,FALSE,FALSE,FALSE,TRUE
P04125,U1266,Snapchat,lucasc59,73,345,345,0.59,1.3,73.4,Evening (6-10pm),TRUE,FALSE,FALSE,TRUE,TRUE
P04126,U1266,Facebook,lucas_official,63,391,391,2.55,3.3,13.9,Afternoon (2-6pm),FALSE,FALSE,TRUE,TRUE,TRUE
P04127,U1267,Instagram,stella_x,84,210,248,4.11,1.7,75.5,Evening (6-10pm),FALSE,FALSE,TRUE,FALSE,TRUE
P04128,U1267,TikTok,stella_2030,39,83,363,5.62,0.7,187.3,Afternoon (2-6pm),FALSE,FALSE,TRUE,FALSE,TRUE
P04129,U1268,Instagram,kai_gram,88,848,754,2.63,2.4,73.6,Late Night (10pm-2am),FALSE,FALSE,FALSE,FALSE,FALSE
P04130,U1268,TikTok,itskai2,46,514,559,1.41,1.4,43.1,Late Night (10pm-2am),FALSE,FALSE,FALSE,FALSE,TRUE
P04131,U1268,Snapchat,itskai,72,319,319,2.96,2.5,28.0,Late Night (10pm-2am),TRUE,FALSE,TRUE,TRUE,TRUE
P04132,U1268,Facebook,kais224,56,859,859,2.41,0.6,18.5,Late Night (10pm-2am),FALSE,FALSE,TRUE,FALSE,TRUE
P04133,U1269,Instagram,sofial477,94,653,641,2.99,1.1,120.4,Evening (6-10pm),FALSE,FALSE,TRUE,FALSE,TRUE
P04134,U1270,Instagram,nia.fernandez,93,1474,202,0.72,0.6,207.5,Late Night (10pm-2am),TRUE,FALSE,FALSE,FALSE,TRUE
P04135,U1270,TikTok,nia_tv,39,59,332,3.55,2.4,143.0,Late Night (10pm-2am),FALSE,FALSE,FALSE,FALSE,TRUE
P04136,U1270,Snapchat,niaf39,105,506,506,3.4,1.4,21.3,Late Night (10pm-2am),TRUE,FALSE,FALSE,TRUE,TRUE
P04137,U1270,X (Twitter),niaf2,41,83,192,4.37,3.6,12.9,Late Night (10pm-2am),TRUE,FALSE,TRUE,FALSE,TRUE
P04138,U1271,Instagram,itsbrooklyn5,49,266,585,2.77,1.8,28.3,Late Night (10pm-2am),FALSE,FALSE,TRUE,FALSE,TRUE
P04139,U1271,TikTok,brooklynt17,48,200,236,1.62,0.7,87.0,Late Night (10pm-2am),TRUE,FALSE,TRUE,TRUE,TRUE
P04140,U1271,Snapchat,itsbrooklynx,84,359,359,2.13,1.5,47.3,Late Night (10pm-2am),TRUE,FALSE,TRUE,FALSE,TRUE
P04141,U1271,X (Twitter),brooklynt121,46,68,37,2.77,1.5,34.6,Late Night (10pm-2am),FALSE,FALSE,TRUE,FALSE,TRUE
P04142,U1272,Instagram,malikm870,69,20064,462,2.22,1.4,29.6,Late Night (10pm-2am),TRUE,FALSE,TRUE,TRUE,TRUE
P04143,U1272,TikTok,malik.morgan,45,714,855,1.68,3.4,245.7,Late Night (10pm-2am),FALSE,FALSE,TRUE,TRUE,TRUE
P04144,U1272,Snapchat,malikm754,83,588,588,0.2,4.3,53.6,Late Night (10pm-2am),TRUE,FALSE,TRUE,FALSE,TRUE
P04145,U1272,X (Twitter),malikm32,37,21,197,3.45,2.2,18.1,Late Night (10pm-2am),FALSE,FALSE,FALSE,TRUE,TRUE
P04146,U1272,Facebook,malik_x,60,699,699,2.72,2.5,27.4,Late Night (10pm-2am),TRUE,FALSE,TRUE,FALSE,TRUE
P04147,U1273,Instagram,charlotte_gram,81,595,650,2.82,1.3,65.6,Evening (6-10pm),TRUE,FALSE,FALSE,FALSE,FALSE
P04148,U1273,TikTok,charlotte_official,44,263,561,3.94,1.9,46.1,Midday (10am-2pm),FALSE,FALSE,TRUE,FALSE,TRUE
P04149,U1273,Snapchat,itscharlottex,17,651,651,3.39,1.3,19.3,Midday (10am-2pm),TRUE,FALSE,TRUE,TRUE,TRUE
P04150,U1273,X (Twitter),charlotte.hill28,48,401,243,3.05,2.7,17.7,Morning (6-10am),FALSE,FALSE,TRUE,TRUE,FALSE
P04151,U1273,Facebook,charlotteh606,64,863,863,2.48,1.2,3.9,Evening (6-10pm),TRUE,FALSE,TRUE,FALSE,TRUE
P04152,U1274,Instagram,itssofiao,20,1210,255,3.46,0.7,47.3,Late Night (10pm-2am),FALSE,FALSE,FALSE,FALSE,FALSE
P04153,U1274,TikTok,sofiaj729,16,158,105,3.21,1.2,115.7,Late Night (10pm-2am),TRUE,FALSE,TRUE,TRUE,TRUE
P04154,U1274,Snapchat,sofia.jimenez62,52,507,507,3.03,1.8,29.2,Late Night (10pm-2am),TRUE,FALSE,TRUE,TRUE,TRUE
P04155,U1275,Instagram,wyatt.pham44,45,373,379,2.13,0.3,23.9,Midday (10am-2pm),FALSE,FALSE,TRUE,FALSE,TRUE
P04156,U1275,TikTok,wyattp317,62,91,661,1.49,0.3,74.2,Afternoon (2-6pm),FALSE,FALSE,FALSE,FALSE,TRUE
P04157,U1276,Instagram,eleanor_official,51,1235,459,1.7,1.0,67.2,Midday (10am-2pm),FALSE,FALSE,FALSE,FALSE,FALSE
P04158,U1276,Snapchat,eleanorf539,82,151,151,4.99,1.7,43.4,Midday (10am-2pm),FALSE,FALSE,TRUE,FALSE,FALSE
P04159,U1276,X (Twitter),eleanor.fraser,37,17,206,5.18,2.1,34.8,Evening (6-10pm),FALSE,FALSE,FALSE,TRUE,FALSE
P04160,U1277,Instagram,nataliew546,73,879,823,2.26,1.7,42.3,Late Night (10pm-2am),FALSE,FALSE,TRUE,FALSE,FALSE
P04161,U1277,TikTok,nataliew919,25,4094,774,1.24,3.1,114.4,Late Night (10pm-2am),TRUE,FALSE,TRUE,FALSE,TRUE
P04162,U1277,Snapchat,natalie.watson,70,257,257,2.71,1.3,36.9,Late Night (10pm-2am),TRUE,FALSE,TRUE,TRUE,FALSE
P04163,U1278,Instagram,jacoba911,61,1423,319,2.77,3.7,35.0,Evening (6-10pm),FALSE,FALSE,TRUE,FALSE,FALSE
P04164,U1278,TikTok,jacob.alvarez,6,613,130,4.32,1.4,56.8,Evening (6-10pm),FALSE,FALSE,TRUE,FALSE,TRUE
P04165,U1278,Snapchat,itsjacobo,62,207,207,3.18,2.7,61.1,Afternoon (2-6pm),TRUE,FALSE,TRUE,FALSE,TRUE
P04166,U1279,Instagram,itscaseyx,40,672,420,0.87,2.3,20.5,Midday (10am-2pm),TRUE,FALSE,FALSE,TRUE,TRUE
P04167,U1279,TikTok,caseyb869,64,400,368,0.97,2.4,29.7,Evening (6-10pm),FALSE,FALSE,FALSE,FALSE,FALSE
P04168,U1279,Snapchat,caseyb337,49,248,248,1.75,2.2,32.7,Midday (10am-2pm),FALSE,FALSE,TRUE,FALSE,TRUE
P04169,U1279,Facebook,itscasey,88,506,506,2.12,1.3,9.3,Midday (10am-2pm),TRUE,FALSE,TRUE,FALSE,TRUE
P04170,U1280,Instagram,rowan_tv,26,1590,540,0.25,2.9,31.2,Evening (6-10pm),TRUE,FALSE,TRUE,FALSE,TRUE
P04171,U1280,TikTok,rowanf650,31,42,321,2.29,2.5,59.9,Midday (10am-2pm),TRUE,FALSE,FALSE,TRUE,TRUE
P04172,U1280,X (Twitter),rowan.flores43,33,25,417,2.32,0.2,21.2,Midday (10am-2pm),FALSE,FALSE,FALSE,FALSE,TRUE
P04173,U1281,Instagram,ananya.rivera31,42,711,490,4.12,3.1,48.2,Afternoon (2-6pm),FALSE,FALSE,TRUE,FALSE,TRUE
P04174,U1281,Snapchat,itsananya9,66,333,333,0.2,1.2,41.3,Evening (6-10pm),TRUE,FALSE,FALSE,FALSE,TRUE
P04175,U1281,X (Twitter),ananyar334,71,147,437,4.73,1.9,21.5,Afternoon (2-6pm),FALSE,FALSE,FALSE,TRUE,TRUE
P04176,U1282,Instagram,rajm852,84,583,544,3.35,2.7,38.4,Afternoon (2-6pm),TRUE,FALSE,TRUE,FALSE,FALSE
P04177,U1282,TikTok,rajm339,52,1332,458,2.83,2.9,80.7,Midday (10am-2pm),FALSE,FALSE,TRUE,FALSE,FALSE
P04178,U1282,X (Twitter),rajm784,26,12,408,3.46,0.4,24.8,Midday (10am-2pm),FALSE,FALSE,TRUE,FALSE,FALSE
P04179,U1282,Facebook,itsraj3,68,386,386,0.7,0.3,10.9,Evening (6-10pm),FALSE,FALSE,TRUE,FALSE,TRUE
P04180,U1283,Instagram,henry_official,41,343,242,2.75,3.8,50.4,Late Night (10pm-2am),FALSE,FALSE,FALSE,FALSE,FALSE
P04181,U1283,TikTok,henrym644,72,1518,338,1.55,1.0,140.1,Late Night (10pm-2am),FALSE,FALSE,TRUE,FALSE,TRUE
P04182,U1283,Snapchat,henry.morales17,83,295,295,2.72,2.0,57.3,Late Night (10pm-2am),TRUE,FALSE,TRUE,TRUE,FALSE
P04183,U1283,X (Twitter),henrym638,33,299,98,2.97,3.4,13.2,Late Night (10pm-2am),FALSE,FALSE,TRUE,FALSE,TRUE
P04184,U1284,Instagram,abigailm425,57,978,253,0.2,0.1,38.1,Late Night (10pm-2am),FALSE,FALSE,TRUE,FALSE,TRUE
P04185,U1284,TikTok,abigail.moore77,25,2560,426,2.47,1.8,60.7,Late Night (10pm-2am),FALSE,FALSE,FALSE,FALSE,TRUE
P04186,U1284,Snapchat,abigailm448,73,307,307,1.8,2.5,30.1,Late Night (10pm-2am),TRUE,FALSE,TRUE,TRUE,TRUE
P04187,U1285,Instagram,skyler.garcia,54,2648,580,4.76,3.3,62.9,Late Night (10pm-2am),TRUE,FALSE,FALSE,FALSE,TRUE
P04188,U1285,TikTok,itsskylero,35,713,219,1.42,2.3,80.1,Late Night (10pm-2am),FALSE,FALSE,TRUE,FALSE,FALSE
P04189,U1285,Snapchat,skyler.garcia,73,335,335,2.3,3.9,51.7,Late Night (10pm-2am),TRUE,FALSE,FALSE,FALSE,TRUE
P04190,U1285,X (Twitter),skyler.garcia32,55,113,414,4.47,2.0,12.8,Late Night (10pm-2am),FALSE,FALSE,TRUE,FALSE,TRUE
P04191,U1286,Instagram,mei_tv,71,651,263,3.35,2.0,31.1,Midday (10am-2pm),FALSE,FALSE,TRUE,FALSE,TRUE
P04192,U1286,TikTok,meih769,30,277,803,2.44,4.3,100.5,Evening (6-10pm),FALSE,FALSE,FALSE,FALSE,TRUE
P04193,U1286,Snapchat,mei.howard,81,636,636,1.22,1.1,40.6,Midday (10am-2pm),TRUE,FALSE,TRUE,TRUE,TRUE
P04194,U1287,Instagram,itsisabella5,74,237,804,2.65,2.8,135.2,Late Night (10pm-2am),FALSE,FALSE,TRUE,FALSE,FALSE
P04195,U1287,TikTok,isabellam167,15,33,1570,4.76,0.8,161.3,Late Night (10pm-2am),FALSE,FALSE,TRUE,TRUE,FALSE
P04196,U1287,Snapchat,isabellam543,88,543,543,3.89,2.8,43.5,Late Night (10pm-2am),FALSE,FALSE,FALSE,FALSE,TRUE
P04197,U1288,Instagram,aria_2027,81,128,241,5.0,4.4,91.9,Midday (10am-2pm),FALSE,FALSE,FALSE,FALSE,TRUE
P04198,U1288,TikTok,aria.santos,36,49,817,2.18,1.9,108.0,Midday (10am-2pm),TRUE,FALSE,FALSE,TRUE,TRUE
P04199,U1288,Snapchat,arias859,86,240,240,4.25,2.6,90.6,Morning (6-10am),TRUE,FALSE,FALSE,TRUE,FALSE
P04200,U1288,Facebook,aria.santos,66,479,479,6.14,2.1,20.8,Morning (6-10am),TRUE,FALSE,TRUE,TRUE,TRUE
P04201,U1289,Instagram,penelopew14,72,7750,346,4.65,1.4,59.8,Late Night (10pm-2am),TRUE,FALSE,FALSE,FALSE,FALSE
P04202,U1289,Facebook,penelopew98,64,915,915,3.0,4.3,18.1,Late Night (10pm-2am),TRUE,FALSE,FALSE,TRUE,TRUE
P04203,U1290,Instagram,marcusm964,41,1465,362,3.07,2.3,32.7,Evening (6-10pm),TRUE,FALSE,FALSE,FALSE,TRUE
P04204,U1290,TikTok,marcus.martinez57,31,1524,292,1.12,3.3,72.6,Afternoon (2-6pm),FALSE,FALSE,FALSE,TRUE,TRUE
P04205,U1290,Snapchat,marcus.martinez,50,542,542,1.72,1.6,32.7,Evening (6-10pm),FALSE,FALSE,TRUE,TRUE,TRUE
P04206,U1291,Instagram,sarahb687,20,822,324,4.43,0.9,45.3,Midday (10am-2pm),TRUE,FALSE,FALSE,TRUE,FALSE
P04207,U1291,TikTok,sarah.baker38,53,122,162,3.98,5.3,73.8,Morning (6-10am),TRUE,FALSE,TRUE,FALSE,TRUE
P04208,U1291,Snapchat,sarahb644,46,225,225,2.62,1.7,29.0,Morning (6-10am),TRUE,FALSE,TRUE,FALSE,TRUE
P04209,U1291,X (Twitter),sarah.baker49,48,256,610,6.17,1.2,24.5,Morning (6-10am),FALSE,FALSE,FALSE,FALSE,FALSE
P04210,U1292,Instagram,itssarah4,35,1346,402,3.42,1.9,50.5,Evening (6-10pm),FALSE,FALSE,TRUE,FALSE,FALSE
P04211,U1292,TikTok,sarahk304,36,1008,324,1.73,1.0,92.1,Morning (6-10am),FALSE,FALSE,FALSE,FALSE,TRUE
P04212,U1292,Snapchat,sarahk224,57,356,356,5.13,2.5,59.8,Morning (6-10am),TRUE,FALSE,FALSE,TRUE,TRUE
P04213,U1292,X (Twitter),sarah.kim27,13,56,157,3.1,1.2,43.0,Morning (6-10am),TRUE,FALSE,FALSE,TRUE,FALSE
P04214,U1293,Instagram,andreww227,62,1092,438,0.75,0.7,60.5,Late Night (10pm-2am),FALSE,FALSE,FALSE,FALSE,FALSE
P04215,U1293,TikTok,andrew.weber68,17,24,354,2.66,3.0,141.3,Late Night (10pm-2am),FALSE,FALSE,FALSE,FALSE,TRUE
P04216,U1294,Instagram,david.bailey76,54,2598,263,1.44,0.3,142.0,Afternoon (2-6pm),TRUE,FALSE,TRUE,TRUE,TRUE
P04217,U1294,TikTok,david.bailey80,54,18,313,3.3,3.9,91.3,Afternoon (2-6pm),TRUE,FALSE,TRUE,FALSE,TRUE
P04218,U1294,Snapchat,davidb238,43,293,293,2.2,1.3,32.7,Evening (6-10pm),FALSE,FALSE,TRUE,FALSE,TRUE
P04219,U1294,X (Twitter),itsdavid4,32,39,265,4.06,3.1,22.6,Afternoon (2-6pm),TRUE,FALSE,FALSE,TRUE,FALSE
P04220,U1294,Facebook,itsdavid,104,372,372,2.35,1.4,9.0,Midday (10am-2pm),TRUE,FALSE,TRUE,FALSE,TRUE
P04221,U1295,Instagram,itsmileso,23,401,543,4.13,1.2,102.5,Evening (6-10pm),TRUE,FALSE,FALSE,FALSE,FALSE
P04222,U1295,Snapchat,milesr342,49,313,313,2.2,0.8,36.3,Evening (6-10pm),TRUE,FALSE,FALSE,TRUE,FALSE
P04223,U1295,X (Twitter),milesr72,55,99,196,2.76,2.7,22.2,Midday (10am-2pm),FALSE,FALSE,TRUE,FALSE,TRUE
P04224,U1296,Instagram,zoey.larsen45,78,2174,266,3.39,2.5,63.1,Afternoon (2-6pm),TRUE,FALSE,TRUE,FALSE,TRUE
P04225,U1296,TikTok,zoeyl470,66,1218,345,2.43,3.0,31.3,Evening (6-10pm),TRUE,FALSE,TRUE,FALSE,TRUE
P04226,U1296,X (Twitter),zoey.larsen35,22,68,130,4.3,0.9,12.9,Evening (6-10pm),FALSE,FALSE,TRUE,FALSE,FALSE
P04227,U1297,Instagram,itselias4,85,960,409,3.12,1.4,51.8,Evening (6-10pm),FALSE,FALSE,TRUE,FALSE,TRUE
P04228,U1297,TikTok,elias_2027,41,11,614,4.6,2.5,159.5,Evening (6-10pm),FALSE,FALSE,TRUE,FALSE,TRUE
P04229,U1297,Snapchat,elias.jones,105,336,336,6.32,1.7,29.4,Midday (10am-2pm),TRUE,FALSE,TRUE,TRUE,FALSE
P04230,U1298,Instagram,emilia_gram,76,313,783,1.12,2.2,36.3,Midday (10am-2pm),TRUE,FALSE,FALSE,FALSE,TRUE
P04231,U1298,TikTok,emilia_tv,43,958,439,1.51,0.4,56.4,Afternoon (2-6pm),TRUE,FALSE,TRUE,TRUE,TRUE
P04232,U1298,Snapchat,emiliag898,100,289,289,3.35,0.9,37.6,Afternoon (2-6pm),TRUE,FALSE,TRUE,TRUE,FALSE
P04233,U1299,Instagram,aaron.richardson,63,222,229,2.08,2.3,62.6,Late Night (10pm-2am),FALSE,FALSE,TRUE,FALSE,TRUE
P04234,U1299,TikTok,aaronr962,46,124,1199,3.22,2.1,171.2,Late Night (10pm-2am),FALSE,FALSE,TRUE,FALSE,TRUE
P04235,U1299,X (Twitter),aaron_2025,34,1501,363,1.01,2.4,12.1,Late Night (10pm-2am),TRUE,FALSE,TRUE,FALSE,FALSE
P04236,U1300,Instagram,nolan_2030,50,1329,579,3.25,1.0,95.3,Late Night (10pm-2am),FALSE,FALSE,TRUE,FALSE,FALSE
P04237,U1300,TikTok,nolan_x,51,366,476,2.29,0.4,122.9,Late Night (10pm-2am),FALSE,FALSE,FALSE,FALSE,FALSE
P04238,U1300,Snapchat,nolan.mitchell,75,375,375,4.56,1.6,62.7,Late Night (10pm-2am),TRUE,FALSE,FALSE,FALSE,TRUE
P04239,U1300,X (Twitter),itsnolano,50,652,161,2.22,0.8,37.8,Late Night (10pm-2am),TRUE,FALSE,TRUE,FALSE,FALSE
P04240,U1300,Facebook,nolan.mitchell2,66,311,311,3.49,1.9,8.2,Late Night (10pm-2am),TRUE,FALSE,TRUE,TRUE,TRUE
P04241,U1301,Instagram,emma.green95,69,1332,445,2.01,2.8,49.7,Late Night (10pm-2am),TRUE,FALSE,TRUE,FALSE,FALSE
P04242,U1301,TikTok,emma.green,35,47,781,6.34,1.3,61.9,Late Night (10pm-2am),FALSE,FALSE,TRUE,FALSE,FALSE
P04243,U1301,Snapchat,emma.green,18,571,571,3.42,2.5,33.2,Late Night (10pm-2am),TRUE,FALSE,TRUE,FALSE,TRUE
P04244,U1301,X (Twitter),emma.green42,23,4,473,7.94,8.5,15.0,Late Night (10pm-2am),FALSE,FALSE,TRUE,FALSE,TRUE
P04245,U1302,Instagram,bella.wilson73,78,2149,467,3.55,1.4,70.9,Late Night (10pm-2am),FALSE,FALSE,FALSE,FALSE,FALSE
P04246,U1302,Snapchat,bellaw630,91,433,433,0.2,1.1,56.8,Late Night (10pm-2am),FALSE,FALSE,FALSE,FALSE,FALSE
P04247,U1303,Instagram,audreyd113,59,948,337,3.87,3.2,33.0,Late Night (10pm-2am),FALSE,FALSE,FALSE,TRUE,TRUE
P04248,U1303,TikTok,audrey_x,49,294,1231,3.97,2.7,123.6,Late Night (10pm-2am),FALSE,FALSE,TRUE,FALSE,TRUE
P04249,U1303,Snapchat,audreyd921,61,297,297,1.65,5.4,40.2,Late Night (10pm-2am),TRUE,FALSE,TRUE,TRUE,TRUE
P04250,U1303,Facebook,audreyd617,87,765,765,4.65,1.2,5.2,Late Night (10pm-2am),TRUE,FALSE,TRUE,TRUE,FALSE
P04251,U1304,Instagram,lillian.hall8,43,3916,645,4.62,1.3,138.0,Evening (6-10pm),FALSE,FALSE,TRUE,TRUE,FALSE
P04252,U1304,TikTok,itslillian1,35,85,313,5.57,2.3,112.4,Evening (6-10pm),FALSE,FALSE,TRUE,FALSE,TRUE
P04253,U1304,X (Twitter),lillian.hall,46,8,386,6.27,0.4,15.6,Evening (6-10pm),FALSE,FALSE,TRUE,FALSE,TRUE
P04254,U1304,Facebook,itslillian,99,1075,1075,3.99,3.1,23.3,Evening (6-10pm),FALSE,FALSE,TRUE,FALSE,TRUE
P04255,U1305,Instagram,diegoa905,67,762,438,3.31,1.4,33.6,Midday (10am-2pm),FALSE,FALSE,FALSE,FALSE,FALSE
P04256,U1305,Snapchat,itsdiegoo,68,210,210,4.01,2.3,56.8,Morning (6-10am),TRUE,FALSE,FALSE,TRUE,TRUE
P04257,U1305,X (Twitter),diegoa958,27,338,222,1.28,1.7,26.8,Evening (6-10pm),TRUE,FALSE,FALSE,TRUE,TRUE
P04258,U1306,Instagram,alexander_x,53,177,464,2.79,1.1,41.3,Late Night (10pm-2am),FALSE,FALSE,TRUE,TRUE,TRUE
P04259,U1306,TikTok,alexander.davis,54,58,1827,2.4,0.6,85.7,Late Night (10pm-2am),TRUE,FALSE,FALSE,FALSE,TRUE
P04260,U1306,Snapchat,itsalexander1,79,532,532,0.2,1.0,19.3,Late Night (10pm-2am),TRUE,FALSE,TRUE,FALSE,TRUE
P04261,U1306,Facebook,alexanderd851,45,594,594,2.64,2.2,24.7,Late Night (10pm-2am),TRUE,FALSE,FALSE,FALSE,FALSE
P04262,U1307,Instagram,brooklyn.byrne42,46,202,716,3.07,2.9,59.2,Late Night (10pm-2am),FALSE,FALSE,TRUE,FALSE,TRUE
P04263,U1307,TikTok,brooklyn.byrne28,24,605,160,4.6,3.7,151.5,Late Night (10pm-2am),FALSE,FALSE,TRUE,TRUE,TRUE
P04264,U1307,Snapchat,brooklynb602,59,545,545,2.67,0.5,30.0,Late Night (10pm-2am),FALSE,FALSE,FALSE,FALSE,TRUE
P04265,U1307,X (Twitter),brooklyn_x,74,12,283,6.02,1.3,18.4,Late Night (10pm-2am),FALSE,FALSE,TRUE,FALSE,TRUE
P04266,U1308,Instagram,miles_gram,53,445,226,1.72,2.0,71.8,Late Night (10pm-2am),FALSE,FALSE,TRUE,FALSE,TRUE
P04267,U1308,TikTok,miles.visser,44,763,547,0.5,2.3,169.3,Late Night (10pm-2am),FALSE,FALSE,FALSE,FALSE,TRUE
P04268,U1308,X (Twitter),itsmiles9,28,55,311,2.79,3.0,22.1,Late Night (10pm-2am),TRUE,FALSE,FALSE,FALSE,FALSE
P04269,U1308,Facebook,itsmiles,48,251,251,3.33,0.7,11.2,Late Night (10pm-2am),FALSE,FALSE,FALSE,FALSE,TRUE
P04270,U1309,Instagram,itsananya9,69,2391,359,3.41,4.1,102.2,Morning (6-10am),TRUE,FALSE,TRUE,FALSE,TRUE
P04271,U1309,Snapchat,ananya.miller,53,183,183,4.1,1.3,25.9,Morning (6-10am),TRUE,FALSE,TRUE,FALSE,FALSE
P04272,U1309,X (Twitter),itsananya2,46,324,482,3.53,1.5,41.6,Midday (10am-2pm),FALSE,FALSE,TRUE,FALSE,TRUE
P04273,U1310,Instagram,zoey.alvarez1,58,966,222,2.56,1.5,20.1,Late Night (10pm-2am),TRUE,FALSE,TRUE,FALSE,TRUE
P04274,U1310,TikTok,zoeya506,36,384,230,2.3,2.6,90.8,Late Night (10pm-2am),FALSE,FALSE,TRUE,FALSE,FALSE
P04275,U1310,Snapchat,zoeya717,91,189,189,4.76,3.8,73.7,Late Night (10pm-2am),TRUE,FALSE,TRUE,TRUE,TRUE
P04276,U1311,Instagram,eliasl363,48,247,781,4.67,0.6,46.7,Evening (6-10pm),TRUE,FALSE,FALSE,TRUE,TRUE
P04277,U1311,TikTok,elias.long,73,616,369,1.65,1.8,105.8,Evening (6-10pm),TRUE,FALSE,TRUE,FALSE,TRUE
P04278,U1311,Snapchat,elias.long,62,523,523,1.68,6.3,53.0,Evening (6-10pm),TRUE,FALSE,FALSE,TRUE,TRUE
P04279,U1311,X (Twitter),elias.long,13,349,883,2.8,1.4,56.4,Evening (6-10pm),FALSE,FALSE,TRUE,FALSE,TRUE
P04280,U1312,Instagram,andrec932,66,921,421,3.03,1.0,84.6,Late Night (10pm-2am),TRUE,FALSE,TRUE,FALSE,TRUE
P04281,U1312,Snapchat,andrec325,81,284,284,3.73,3.1,25.5,Late Night (10pm-2am),FALSE,FALSE,TRUE,TRUE,FALSE
P04282,U1312,X (Twitter),andre.cooper,28,17,201,4.78,4.8,23.7,Late Night (10pm-2am),FALSE,FALSE,FALSE,TRUE,FALSE
P04283,U1313,Instagram,henryk741,54,340,134,2.72,3.1,54.1,Morning (6-10am),FALSE,FALSE,FALSE,TRUE,TRUE
P04284,U1313,TikTok,henryk887,45,728,496,1.62,1.3,68.9,Evening (6-10pm),FALSE,FALSE,FALSE,TRUE,FALSE
P04285,U1313,Snapchat,henry_official,84,723,723,2.21,1.8,48.9,Evening (6-10pm),FALSE,FALSE,TRUE,FALSE,TRUE
P04286,U1314,Instagram,oliverr201,59,394,631,2.77,2.9,75.0,Afternoon (2-6pm),FALSE,FALSE,FALSE,FALSE,TRUE
P04287,U1314,Snapchat,itsoliverx,98,392,392,2.03,1.5,22.6,Afternoon (2-6pm),TRUE,FALSE,TRUE,FALSE,TRUE
P04288,U1314,X (Twitter),oliver.rivera,43,155,79,3.35,1.2,8.3,Evening (6-10pm),TRUE,FALSE,TRUE,TRUE,FALSE
P04289,U1315,Instagram,natalie.martin44,63,1662,346,0.65,4.9,200.4,Evening (6-10pm),TRUE,FALSE,FALSE,FALSE,FALSE
P04290,U1315,TikTok,nataliem164,23,608,309,1.84,2.5,72.2,Evening (6-10pm),FALSE,FALSE,FALSE,FALSE,FALSE
P04291,U1315,Snapchat,nataliem732,76,604,604,0.48,1.8,63.8,Evening (6-10pm),TRUE,FALSE,TRUE,FALSE,TRUE
P04292,U1316,TikTok,savannaha704,36,29,648,4.06,1.6,120.2,Late Night (10pm-2am),FALSE,FALSE,FALSE,FALSE,FALSE
P04293,U1316,Snapchat,savannah.ali,49,448,448,3.9,1.2,48.8,Late Night (10pm-2am),TRUE,FALSE,TRUE,TRUE,TRUE
P04294,U1317,Instagram,savannah.park,37,1340,285,3.46,3.9,48.4,Evening (6-10pm),FALSE,FALSE,FALSE,FALSE,TRUE
P04295,U1317,TikTok,savannah.park15,22,5360,175,2.49,3.3,67.1,Afternoon (2-6pm),FALSE,FALSE,TRUE,FALSE,FALSE
P04296,U1317,X (Twitter),savannahp163,46,127,463,2.9,4.0,19.8,Evening (6-10pm),TRUE,FALSE,TRUE,TRUE,TRUE
P04297,U1318,Instagram,emilyr391,43,301,290,3.58,1.2,53.5,Late Night (10pm-2am),TRUE,FALSE,FALSE,FALSE,TRUE
P04298,U1318,TikTok,emily.roberts60,68,326,1257,5.22,8.2,219.5,Late Night (10pm-2am),FALSE,FALSE,TRUE,FALSE,FALSE
P04299,U1318,X (Twitter),emily.roberts,54,222,444,3.4,1.4,21.5,Late Night (10pm-2am),FALSE,FALSE,FALSE,FALSE,TRUE
P04300,U1318,Facebook,itsemily8,23,613,613,2.56,1.7,11.0,Late Night (10pm-2am),FALSE,FALSE,FALSE,FALSE,TRUE
P04301,U1319,Instagram,ava.smith,38,437,825,4.11,1.2,78.4,Afternoon (2-6pm),TRUE,FALSE,TRUE,TRUE,TRUE
P04302,U1319,TikTok,ava_x,24,450,497,2.56,0.4,42.3,Midday (10am-2pm),TRUE,FALSE,FALSE,FALSE,TRUE
P04303,U1319,X (Twitter),ava_2030,26,97,162,4.23,2.6,13.3,Evening (6-10pm),TRUE,FALSE,FALSE,FALSE,TRUE
P04304,U1319,Facebook,ava.smith,19,788,788,0.67,0.5,20.1,Evening (6-10pm),FALSE,FALSE,FALSE,FALSE,TRUE
P04305,U1320,Instagram,caleb_gram,78,1791,353,2.79,0.3,108.7,Evening (6-10pm),FALSE,FALSE,TRUE,TRUE,FALSE
P04306,U1320,TikTok,caleb.reed18,68,89,601,1.16,1.0,67.1,Evening (6-10pm),FALSE,FALSE,FALSE,FALSE,TRUE
P04307,U1320,Snapchat,caleb_tv,52,659,659,1.47,0.1,24.3,Evening (6-10pm),TRUE,FALSE,FALSE,TRUE,FALSE
P04308,U1320,X (Twitter),itscaleb,16,53,313,3.8,0.8,31.0,Midday (10am-2pm),FALSE,FALSE,TRUE,FALSE,FALSE
P04309,U1321,Instagram,daniela.bennett,85,151,735,5.55,4.1,105.1,Late Night (10pm-2am),FALSE,FALSE,TRUE,TRUE,TRUE
P04310,U1321,TikTok,itsdanielao,37,241,347,4.39,3.2,87.6,Late Night (10pm-2am),FALSE,FALSE,TRUE,FALSE,FALSE
P04311,U1321,Snapchat,daniela_2024,22,231,231,5.28,0.6,30.8,Late Night (10pm-2am),TRUE,FALSE,TRUE,FALSE,TRUE
P04312,U1322,Instagram,ella.williams,103,251,545,5.58,2.7,53.5,Midday (10am-2pm),TRUE,FALSE,FALSE,TRUE,FALSE
P04313,U1322,Snapchat,ella_2029,103,114,114,1.34,1.8,38.8,Morning (6-10am),TRUE,FALSE,FALSE,FALSE,TRUE
P04314,U1322,X (Twitter),ellaw253,50,259,92,3.59,4.5,28.3,Morning (6-10am),FALSE,FALSE,TRUE,FALSE,TRUE
P04315,U1323,Instagram,eastonc383,63,799,834,2.27,2.5,92.2,Evening (6-10pm),TRUE,FALSE,TRUE,FALSE,TRUE
P04316,U1323,TikTok,eastonc480,53,142,690,2.33,3.0,140.3,Morning (6-10am),FALSE,FALSE,FALSE,FALSE,TRUE
P04317,U1323,Snapchat,eastonc296,99,421,421,3.27,2.8,82.4,Evening (6-10pm),FALSE,FALSE,TRUE,TRUE,TRUE
P04318,U1323,Facebook,eastonc240,102,378,378,0.34,4.5,10.8,Morning (6-10am),TRUE,FALSE,TRUE,FALSE,TRUE
P04319,U1324,Instagram,jacob.kim,25,848,156,3.64,1.0,45.4,Late Night (10pm-2am),TRUE,FALSE,FALSE,FALSE,TRUE
P04320,U1324,TikTok,jacobk262,56,208,823,2.76,0.5,91.2,Late Night (10pm-2am),FALSE,FALSE,FALSE,FALSE,TRUE
P04321,U1324,Snapchat,itsjacob,62,340,340,0.2,0.3,36.4,Late Night (10pm-2am),TRUE,FALSE,FALSE,TRUE,FALSE
P04322,U1325,Instagram,itsriley5,66,479,869,4.45,1.6,37.7,Afternoon (2-6pm),TRUE,FALSE,TRUE,FALSE,TRUE
P04323,U1325,TikTok,riley.roberts63,63,672,799,4.98,2.8,37.0,Midday (10am-2pm),FALSE,FALSE,TRUE,FALSE,TRUE
P04324,U1325,Snapchat,rileyr17,91,480,480,1.08,3.7,48.5,Evening (6-10pm),FALSE,FALSE,FALSE,FALSE,TRUE
P04325,U1326,Instagram,emily_tv,59,913,614,1.96,2.3,48.7,Late Night (10pm-2am),FALSE,FALSE,FALSE,TRUE,TRUE
P04326,U1326,TikTok,emily_2028,36,466,466,3.08,2.7,49.8,Late Night (10pm-2am),FALSE,FALSE,TRUE,TRUE,TRUE
P04327,U1327,Instagram,itssantiago,54,625,574,2.97,1.4,39.2,Evening (6-10pm),TRUE,FALSE,TRUE,FALSE,TRUE
P04328,U1327,X (Twitter),itssantiagox,87,6,264,3.49,2.1,22.3,Afternoon (2-6pm),FALSE,FALSE,FALSE,FALSE,FALSE
P04329,U1328,Snapchat,mei_2029,68,706,706,1.9,3.4,23.7,Late Night (10pm-2am),TRUE,FALSE,FALSE,TRUE,FALSE
P04330,U1328,Facebook,meip728,91,1058,1058,6.0,1.7,24.5,Late Night (10pm-2am),FALSE,FALSE,TRUE,FALSE,FALSE
P04331,U1329,Instagram,jaxonr558,74,105,490,4.89,0.4,49.1,Late Night (10pm-2am),TRUE,FALSE,TRUE,FALSE,FALSE
P04332,U1329,TikTok,jaxon_x,61,100,438,2.85,6.8,102.0,Late Night (10pm-2am),FALSE,FALSE,TRUE,FALSE,TRUE
P04333,U1329,Snapchat,jaxon.roberts63,72,306,306,3.48,0.5,45.1,Late Night (10pm-2am),TRUE,FALSE,TRUE,FALSE,TRUE
P04334,U1329,Facebook,jaxon_tv,54,568,568,4.93,1.9,6.5,Late Night (10pm-2am),FALSE,FALSE,TRUE,FALSE,FALSE
P04335,U1330,Instagram,itsmasonx,61,174,429,2.62,1.6,63.9,Evening (6-10pm),TRUE,FALSE,FALSE,FALSE,TRUE
P04336,U1330,TikTok,masono242,24,670,343,3.35,1.4,101.6,Afternoon (2-6pm),TRUE,FALSE,TRUE,FALSE,FALSE
P04337,U1330,Snapchat,masono507,101,588,588,3.71,2.1,28.9,Evening (6-10pm),FALSE,FALSE,FALSE,TRUE,TRUE
P04338,U1330,Facebook,mason_gram,74,1136,1136,0.2,3.5,15.6,Evening (6-10pm),TRUE,FALSE,TRUE,FALSE,TRUE
P04339,U1331,Instagram,kair430,53,2883,543,1.75,1.0,63.3,Afternoon (2-6pm),FALSE,FALSE,TRUE,FALSE,FALSE
P04340,U1331,TikTok,kair765,34,138,207,1.74,0.3,97.4,Evening (6-10pm),TRUE,FALSE,TRUE,FALSE,FALSE
P04341,U1331,Snapchat,kai.reed,95,719,719,3.26,1.1,32.9,Afternoon (2-6pm),TRUE,FALSE,TRUE,TRUE,TRUE
P04342,U1331,X (Twitter),kai_tv,35,21,423,5.05,2.0,10.8,Evening (6-10pm),FALSE,FALSE,TRUE,FALSE,TRUE
P04343,U1331,Facebook,itskai5,43,536,536,3.2,2.2,17.7,Evening (6-10pm),FALSE,FALSE,TRUE,FALSE,TRUE
P04344,U1332,Instagram,itsdanielao,105,2428,308,0.87,3.0,64.0,Evening (6-10pm),FALSE,FALSE,FALSE,FALSE,TRUE
P04345,U1332,TikTok,daniela.hill,10,64,422,3.06,1.7,211.9,Midday (10am-2pm),FALSE,FALSE,TRUE,TRUE,TRUE
P04346,U1332,Snapchat,daniela.hill83,101,423,423,5.55,1.1,37.9,Evening (6-10pm),TRUE,FALSE,FALSE,FALSE,TRUE
P04347,U1332,X (Twitter),daniela_x,65,57,135,3.2,0.5,27.0,Afternoon (2-6pm),FALSE,FALSE,FALSE,FALSE,TRUE
P04348,U1333,Instagram,itsevelyn,54,2069,391,2.17,0.6,148.4,Late Night (10pm-2am),TRUE,FALSE,TRUE,FALSE,FALSE
P04349,U1333,Snapchat,evelyn.ruiz,82,605,605,3.33,3.5,38.8,Late Night (10pm-2am),TRUE,FALSE,TRUE,TRUE,TRUE
P04350,U1333,X (Twitter),evelyn_x,41,7,390,2.85,2.1,20.2,Late Night (10pm-2am),FALSE,FALSE,FALSE,FALSE,TRUE
P04351,U1334,Instagram,avery.jones7,83,1647,494,3.75,3.9,70.0,Afternoon (2-6pm),TRUE,FALSE,TRUE,FALSE,TRUE
P04352,U1334,TikTok,avery_gram,36,694,406,2.11,0.9,90.1,Afternoon (2-6pm),TRUE,FALSE,TRUE,TRUE,TRUE
P04353,U1334,Snapchat,avery_gram,69,200,200,3.35,3.5,45.0,Evening (6-10pm),TRUE,FALSE,TRUE,FALSE,FALSE
P04354,U1334,X (Twitter),averyj62,21,102,294,4.02,4.8,12.1,Afternoon (2-6pm),FALSE,FALSE,TRUE,FALSE,FALSE
P04355,U1334,Facebook,avery_official,79,424,424,3.1,2.6,23.7,Afternoon (2-6pm),TRUE,FALSE,FALSE,TRUE,TRUE
P04356,U1335,Instagram,emilia.lewis,36,16377,504,1.8,3.6,194.3,Midday (10am-2pm),FALSE,FALSE,TRUE,TRUE,TRUE
P04357,U1335,TikTok,emilia_gram,49,508,441,5.17,3.5,61.8,Evening (6-10pm),FALSE,FALSE,FALSE,FALSE,TRUE
P04358,U1335,Snapchat,itsemiliao,104,371,371,4.85,2.0,46.4,Midday (10am-2pm),FALSE,FALSE,TRUE,TRUE,FALSE
P04359,U1335,X (Twitter),emilia_tv,23,41,344,4.48,2.2,14.6,Afternoon (2-6pm),FALSE,FALSE,FALSE,FALSE,FALSE
P04360,U1335,Facebook,emilial354,43,1179,1179,4.09,3.2,14.1,Afternoon (2-6pm),FALSE,FALSE,FALSE,TRUE,TRUE
P04361,U1336,Instagram,imani_2030,97,1448,759,4.05,1.0,68.5,Late Night (10pm-2am),FALSE,FALSE,FALSE,FALSE,TRUE
P04362,U1336,TikTok,imani_x,34,307,223,4.19,2.1,182.0,Late Night (10pm-2am),FALSE,FALSE,TRUE,FALSE,TRUE
P04363,U1336,Snapchat,itsimani,54,141,141,6.05,1.1,26.1,Late Night (10pm-2am),TRUE,FALSE,FALSE,TRUE,TRUE
P04364,U1336,X (Twitter),itsimanio,18,277,385,2.19,0.7,36.5,Late Night (10pm-2am),FALSE,FALSE,TRUE,FALSE,TRUE
P04365,U1336,Facebook,imani.sanchez,74,540,540,0.2,3.2,19.0,Late Night (10pm-2am),TRUE,FALSE,FALSE,TRUE,FALSE
P04366,U1337,Instagram,jeremiah.ivanov8,58,225,881,1.25,0.5,56.4,Afternoon (2-6pm),FALSE,FALSE,FALSE,FALSE,TRUE
P04367,U1337,TikTok,jeremiahi464,49,3540,338,4.81,1.8,152.7,Evening (6-10pm),FALSE,FALSE,FALSE,TRUE,FALSE
P04368,U1337,Snapchat,jeremiah_2026,74,266,266,3.07,2.2,40.4,Midday (10am-2pm),TRUE,FALSE,FALSE,TRUE,FALSE
P04369,U1337,Facebook,itsjeremiahx,81,858,858,2.07,4.8,23.9,Evening (6-10pm),FALSE,FALSE,TRUE,FALSE,TRUE
P04370,U1338,Instagram,imani_2024,69,1175,310,1.08,0.8,77.0,Late Night (10pm-2am),TRUE,FALSE,TRUE,FALSE,FALSE
P04371,U1338,TikTok,imani_2029,64,31,386,4.08,1.7,83.6,Late Night (10pm-2am),TRUE,FALSE,FALSE,FALSE,TRUE
P04372,U1338,Snapchat,imani_x,78,197,197,3.03,2.7,65.9,Late Night (10pm-2am),TRUE,FALSE,FALSE,FALSE,TRUE
P04373,U1338,X (Twitter),imanid754,25,50,201,4.72,2.0,31.0,Late Night (10pm-2am),FALSE,FALSE,TRUE,FALSE,FALSE
P04374,U1339,Instagram,wei_gram,72,1507,257,0.7,2.9,45.0,Afternoon (2-6pm),TRUE,FALSE,TRUE,TRUE,FALSE
P04375,U1339,TikTok,itswei5,68,236,847,2.09,2.6,42.5,Afternoon (2-6pm),FALSE,FALSE,TRUE,FALSE,TRUE
P04376,U1339,Snapchat,wei.wright,78,325,325,2.7,1.5,23.8,Midday (10am-2pm),TRUE,FALSE,FALSE,TRUE,TRUE
P04377,U1340,Instagram,grayson.perez30,39,1406,247,2.47,2.9,103.0,Morning (6-10am),FALSE,FALSE,TRUE,TRUE,FALSE
P04378,U1340,TikTok,itsgrayson2,53,202,1619,2.85,4.7,63.5,Morning (6-10am),FALSE,FALSE,FALSE,FALSE,TRUE
P04379,U1340,X (Twitter),grayson_2027,48,883,205,4.13,2.5,26.3,Morning (6-10am),TRUE,FALSE,FALSE,FALSE,TRUE
P04380,U1341,Instagram,sebastianc291,63,1284,425,2.66,2.6,48.6,Midday (10am-2pm),FALSE,FALSE,TRUE,TRUE,FALSE
P04381,U1341,TikTok,sebastian_2028,56,267,1204,1.37,1.9,32.3,Afternoon (2-6pm),FALSE,FALSE,TRUE,FALSE,FALSE
P04382,U1341,Facebook,sebastian.castillo87,58,1395,1395,5.03,2.9,20.2,Evening (6-10pm),FALSE,FALSE,TRUE,FALSE,TRUE
P04383,U1342,Instagram,davidh455,103,873,247,5.21,4.7,42.4,Midday (10am-2pm),FALSE,FALSE,TRUE,FALSE,FALSE
P04384,U1342,TikTok,davidh520,41,2247,419,0.57,2.1,113.0,Midday (10am-2pm),FALSE,FALSE,TRUE,FALSE,TRUE
P04385,U1342,Snapchat,davidh187,66,313,313,4.65,4.1,68.1,Morning (6-10am),TRUE,FALSE,TRUE,FALSE,TRUE
P04386,U1343,Instagram,gabriellas898,61,633,588,1.0,1.8,70.4,Late Night (10pm-2am),FALSE,FALSE,TRUE,FALSE,TRUE
P04387,U1343,TikTok,itsgabriellao,43,142,1583,3.33,1.6,102.7,Late Night (10pm-2am),TRUE,FALSE,TRUE,TRUE,TRUE
P04388,U1344,Instagram,itsscarlettx,42,430,1121,0.2,3.4,73.4,Midday (10am-2pm),TRUE,FALSE,TRUE,FALSE,TRUE
P04389,U1344,TikTok,itsscarletto,31,836,771,1.16,4.1,58.2,Morning (6-10am),FALSE,FALSE,TRUE,TRUE,FALSE
P04390,U1344,Snapchat,scarletta458,45,242,242,2.55,0.6,30.5,Evening (6-10pm),TRUE,FALSE,TRUE,TRUE,FALSE
P04391,U1344,X (Twitter),scarlett_official,78,47,208,3.2,0.3,22.5,Evening (6-10pm),FALSE,FALSE,FALSE,FALSE,FALSE
P04392,U1345,Instagram,liamh848,82,607,425,0.37,6.1,144.1,Late Night (10pm-2am),TRUE,FALSE,TRUE,FALSE,FALSE
P04393,U1345,TikTok,liamh837,55,52,632,1.73,2.1,114.9,Late Night (10pm-2am),TRUE,FALSE,TRUE,TRUE,FALSE
P04394,U1345,Snapchat,liam.hughes,103,135,135,4.05,4.4,33.9,Late Night (10pm-2am),TRUE,FALSE,FALSE,TRUE,TRUE
P04395,U1345,X (Twitter),liam_official,21,226,146,3.59,0.8,21.3,Late Night (10pm-2am),FALSE,FALSE,TRUE,FALSE,FALSE
P04396,U1346,Instagram,itsasherx,53,269,580,3.74,1.4,136.6,Afternoon (2-6pm),TRUE,FALSE,FALSE,FALSE,FALSE
P04397,U1346,Snapchat,ashery894,23,242,242,2.95,3.8,32.0,Afternoon (2-6pm),TRUE,FALSE,TRUE,FALSE,TRUE
P04398,U1346,X (Twitter),ashery931,30,290,184,5.08,1.1,50.8,Evening (6-10pm),TRUE,FALSE,TRUE,FALSE,TRUE
P04399,U1347,Instagram,michael_gram,59,3527,373,0.2,0.2,56.5,Late Night (10pm-2am),FALSE,FALSE,TRUE,FALSE,TRUE
P04400,U1347,TikTok,michael.white1,56,235,1102,4.03,1.1,122.9,Late Night (10pm-2am),FALSE,FALSE,FALSE,FALSE,FALSE
P04401,U1347,Snapchat,michael_official,83,360,360,0.61,2.0,54.6,Late Night (10pm-2am),TRUE,FALSE,TRUE,FALSE,TRUE
P04402,U1348,Instagram,eastonr937,72,749,562,2.42,1.8,52.8,Evening (6-10pm),FALSE,FALSE,TRUE,FALSE,FALSE
P04403,U1348,TikTok,itseaston,18,122,93,1.72,2.1,40.2,Evening (6-10pm),FALSE,FALSE,TRUE,FALSE,FALSE
P04404,U1348,Snapchat,eastonr970,55,355,355,5.16,4.0,28.2,Evening (6-10pm),TRUE,FALSE,TRUE,FALSE,FALSE
P04405,U1348,Facebook,eastonr569,69,835,835,1.87,1.4,22.1,Midday (10am-2pm),TRUE,FALSE,TRUE,TRUE,TRUE
P04406,U1349,Instagram,charlesw374,73,722,573,1.27,0.8,90.8,Afternoon (2-6pm),TRUE,FALSE,FALSE,FALSE,TRUE
P04407,U1349,TikTok,charlesw144,52,385,753,1.23,1.9,116.1,Midday (10am-2pm),TRUE,FALSE,TRUE,FALSE,FALSE
P04408,U1349,Snapchat,charlesw476,58,393,393,4.49,2.4,19.2,Evening (6-10pm),TRUE,FALSE,TRUE,TRUE,TRUE
P04409,U1350,Instagram,itswilliamo,45,668,617,3.55,1.2,42.6,Late Night (10pm-2am),FALSE,FALSE,TRUE,FALSE,TRUE
P04410,U1350,TikTok,williamp115,23,394,1762,2.45,1.8,56.0,Late Night (10pm-2am),TRUE,FALSE,TRUE,FALSE,TRUE
P04411,U1350,Snapchat,williamp886,54,213,213,2.9,1.0,39.9,Late Night (10pm-2am),FALSE,FALSE,TRUE,FALSE,FALSE
P04412,U1351,Instagram,valentina.rossi,70,463,510,5.02,1.2,106.2,Afternoon (2-6pm),TRUE,FALSE,TRUE,FALSE,TRUE
P04413,U1351,TikTok,valentina_gram,54,592,371,1.84,2.2,130.7,Evening (6-10pm),TRUE,FALSE,FALSE,FALSE,TRUE
P04414,U1351,Snapchat,valentina.rossi,33,630,630,0.87,3.9,43.4,Midday (10am-2pm),TRUE,FALSE,TRUE,TRUE,TRUE
P04415,U1352,Instagram,christian.torres,90,2152,285,0.2,0.4,70.0,Late Night (10pm-2am),TRUE,FALSE,FALSE,FALSE,TRUE
P04416,U1352,TikTok,itschristian,46,658,501,1.94,0.7,161.8,Late Night (10pm-2am),FALSE,FALSE,FALSE,TRUE,FALSE
P04417,U1352,Snapchat,christiant61,64,694,694,0.72,0.8,28.4,Late Night (10pm-2am),TRUE,FALSE,TRUE,TRUE,TRUE
P04418,U1353,Snapchat,hannah_x,72,262,262,1.71,1.9,72.3,Afternoon (2-6pm),TRUE,FALSE,TRUE,FALSE,FALSE
P04419,U1353,X (Twitter),hannah.papadopoulos85,31,178,111,2.72,3.3,13.5,Evening (6-10pm),FALSE,FALSE,FALSE,FALSE,FALSE
P04420,U1354,Instagram,scarlettc469,69,2040,626,2.65,2.6,71.1,Evening (6-10pm),FALSE,FALSE,FALSE,FALSE,TRUE
P04421,U1354,TikTok,scarlett_tv,35,369,1199,3.29,4.5,60.4,Afternoon (2-6pm),TRUE,FALSE,TRUE,TRUE,TRUE
P04422,U1354,Snapchat,scarlett.cook69,99,626,626,4.8,4.7,51.3,Evening (6-10pm),FALSE,FALSE,TRUE,FALSE,TRUE
P04423,U1355,Instagram,itsemilia,70,7969,199,1.02,1.4,44.4,Afternoon (2-6pm),TRUE,FALSE,TRUE,FALSE,TRUE
P04424,U1355,TikTok,itsemilia,51,65,438,3.79,0.8,116.2,Evening (6-10pm),TRUE,FALSE,TRUE,FALSE,FALSE
P04425,U1355,Snapchat,emilia.li39,114,325,325,3.19,1.4,24.8,Afternoon (2-6pm),TRUE,FALSE,TRUE,FALSE,FALSE
P04426,U1355,X (Twitter),itsemiliao,52,63,326,2.84,1.7,18.2,Midday (10am-2pm),FALSE,FALSE,FALSE,FALSE,TRUE
P04427,U1356,Instagram,sarah_gram,78,337,313,3.15,1.5,41.4,Morning (6-10am),FALSE,FALSE,TRUE,FALSE,TRUE
P04428,U1356,TikTok,sarah.haddad83,14,1245,615,1.2,1.2,71.5,Morning (6-10am),FALSE,FALSE,FALSE,FALSE,TRUE
P04429,U1356,X (Twitter),sarah.haddad99,31,38,228,4.98,3.0,20.3,Midday (10am-2pm),FALSE,FALSE,TRUE,FALSE,FALSE
P04430,U1357,Instagram,omar.schmidt,19,458,171,1.51,2.7,44.8,Afternoon (2-6pm),TRUE,FALSE,FALSE,FALSE,TRUE
P04431,U1357,TikTok,omar_2024,38,229,1194,2.22,2.6,95.3,Evening (6-10pm),FALSE,FALSE,FALSE,FALSE,FALSE
P04432,U1357,Snapchat,omar.schmidt,74,355,355,2.9,2.0,36.9,Midday (10am-2pm),TRUE,FALSE,TRUE,TRUE,FALSE
P04433,U1358,Instagram,saraha383,30,314,431,2.57,1.2,82.1,Evening (6-10pm),TRUE,FALSE,FALSE,FALSE,TRUE
P04434,U1358,TikTok,sarah_2024,17,1024,462,1.96,1.4,140.2,Morning (6-10am),FALSE,FALSE,TRUE,FALSE,TRUE
P04435,U1358,Facebook,sarah.alvarez17,95,451,451,1.91,2.5,18.9,Midday (10am-2pm),TRUE,FALSE,FALSE,FALSE,TRUE
P04436,U1359,Instagram,christianp731,45,3845,645,3.67,0.7,98.1,Midday (10am-2pm),FALSE,FALSE,FALSE,FALSE,TRUE
P04437,U1359,Snapchat,christianp642,60,784,784,1.66,2.9,26.9,Midday (10am-2pm),TRUE,FALSE,TRUE,FALSE,FALSE
P04438,U1359,Facebook,itschristianx,64,505,505,3.61,0.7,10.0,Midday (10am-2pm),TRUE,FALSE,FALSE,TRUE,TRUE
P04439,U1360,Instagram,itslandon6,34,989,260,5.29,2.2,37.6,Evening (6-10pm),FALSE,FALSE,TRUE,TRUE,FALSE
P04440,U1360,X (Twitter),landon_x,21,305,186,3.25,1.0,19.1,Evening (6-10pm),FALSE,FALSE,TRUE,FALSE,FALSE
P04441,U1360,Facebook,landong309,89,381,381,3.32,2.3,14.8,Evening (6-10pm),FALSE,FALSE,TRUE,FALSE,TRUE
P04442,U1361,Instagram,lunas164,87,2254,146,3.9,5.8,62.3,Midday (10am-2pm),FALSE,FALSE,FALSE,FALSE,TRUE
P04443,U1361,TikTok,luna_tv,41,30,802,4.23,0.8,84.4,Evening (6-10pm),FALSE,FALSE,TRUE,FALSE,TRUE
P04444,U1361,Snapchat,luna_tv,44,374,374,3.14,2.0,26.3,Morning (6-10am),FALSE,FALSE,FALSE,FALSE,TRUE
P04445,U1362,Instagram,itsfatimax,85,374,607,2.55,2.1,40.2,Late Night (10pm-2am),FALSE,FALSE,TRUE,FALSE,TRUE
P04446,U1362,TikTok,itsfatima,20,402,286,2.88,3.0,101.9,Late Night (10pm-2am),TRUE,FALSE,TRUE,FALSE,FALSE
P04447,U1363,Instagram,sarah_2028,24,608,261,3.23,0.5,64.6,Afternoon (2-6pm),TRUE,FALSE,TRUE,FALSE,FALSE
P04448,U1363,TikTok,sarah_official,10,818,303,3.31,3.1,105.3,Evening (6-10pm),TRUE,FALSE,TRUE,FALSE,TRUE
P04449,U1363,Facebook,sarah.lopez,94,256,256,4.75,1.5,30.1,Afternoon (2-6pm),TRUE,FALSE,TRUE,FALSE,FALSE
P04450,U1364,TikTok,alexander_2027,39,1487,596,4.57,1.6,89.7,Late Night (10pm-2am),FALSE,FALSE,TRUE,TRUE,TRUE
P04451,U1364,Snapchat,alexander_2025,57,850,850,1.83,0.6,29.8,Late Night (10pm-2am),TRUE,FALSE,TRUE,FALSE,TRUE
P04452,U1364,Facebook,alexander_x,92,310,310,0.79,1.3,14.4,Late Night (10pm-2am),FALSE,FALSE,FALSE,TRUE,TRUE
P04453,U1365,Instagram,harperd240,63,2163,241,1.62,2.2,61.4,Evening (6-10pm),FALSE,FALSE,FALSE,FALSE,TRUE
P04454,U1365,Snapchat,harperd272,69,637,637,3.61,1.4,60.8,Midday (10am-2pm),TRUE,FALSE,TRUE,FALSE,TRUE
P04455,U1366,Instagram,itsvictoriax,46,1597,290,0.84,2.6,87.3,Afternoon (2-6pm),TRUE,FALSE,FALSE,FALSE,FALSE
P04456,U1366,TikTok,victoria_official,29,239,736,4.37,0.1,104.8,Evening (6-10pm),FALSE,FALSE,FALSE,FALSE,TRUE
P04457,U1366,Snapchat,victoriam272,67,715,715,1.06,1.2,21.9,Evening (6-10pm),TRUE,FALSE,TRUE,TRUE,TRUE
P04458,U1367,Instagram,itsphoenixo,102,1446,305,5.48,3.3,49.7,Afternoon (2-6pm),TRUE,FALSE,FALSE,TRUE,TRUE
P04459,U1367,TikTok,phoenix_official,39,248,424,4.36,2.9,43.4,Evening (6-10pm),TRUE,FALSE,TRUE,FALSE,FALSE
P04460,U1367,Snapchat,phoenix_tv,95,310,310,5.44,4.2,24.1,Evening (6-10pm),TRUE,FALSE,TRUE,FALSE,TRUE
P04461,U1367,X (Twitter),phoenix_gram,58,250,230,1.9,2.8,22.3,Afternoon (2-6pm),FALSE,FALSE,FALSE,FALSE,TRUE
P04462,U1368,Instagram,gabriella_official,68,144,342,3.13,1.4,116.2,Late Night (10pm-2am),TRUE,FALSE,TRUE,FALSE,TRUE
P04463,U1368,TikTok,gabriellag22,27,199,357,3.11,1.6,103.5,Late Night (10pm-2am),TRUE,FALSE,TRUE,FALSE,FALSE
P04464,U1368,Snapchat,itsgabriellao,70,749,749,1.93,1.0,44.1,Late Night (10pm-2am),TRUE,FALSE,TRUE,TRUE,TRUE
P04465,U1369,Instagram,charlottet248,55,911,1131,0.2,1.4,54.4,Evening (6-10pm),FALSE,FALSE,TRUE,FALSE,TRUE
P04466,U1369,TikTok,charlottet579,30,319,220,1.67,1.2,129.9,Midday (10am-2pm),TRUE,FALSE,TRUE,FALSE,TRUE
P04467,U1369,Snapchat,charlottet647,46,342,342,2.46,2.5,41.4,Afternoon (2-6pm),TRUE,FALSE,TRUE,FALSE,TRUE
P04468,U1370,Instagram,ethanc825,64,1139,419,3.94,1.4,32.9,Evening (6-10pm),TRUE,FALSE,TRUE,FALSE,TRUE
P04469,U1370,Snapchat,ethan.chen,82,277,277,5.42,3.1,31.2,Afternoon (2-6pm),TRUE,FALSE,TRUE,TRUE,TRUE
P04470,U1370,Facebook,itsethan6,93,785,785,4.16,2.3,8.4,Evening (6-10pm),TRUE,FALSE,TRUE,FALSE,FALSE
P04471,U1371,Instagram,itshazel7,76,933,517,1.6,0.9,142.2,Late Night (10pm-2am),TRUE,FALSE,TRUE,FALSE,TRUE
P04472,U1371,Snapchat,itshazelx,70,169,169,3.74,0.8,27.9,Late Night (10pm-2am),TRUE,FALSE,TRUE,TRUE,FALSE
P04473,U1372,Instagram,everly_2028,89,1106,298,1.29,1.2,34.6,Late Night (10pm-2am),TRUE,FALSE,FALSE,TRUE,FALSE
P04474,U1372,TikTok,everly_official,31,167,1256,2.4,0.9,41.1,Late Night (10pm-2am),TRUE,FALSE,FALSE,FALSE,TRUE
P04475,U1372,Snapchat,everlyv674,54,630,630,3.62,1.5,33.7,Late Night (10pm-2am),FALSE,FALSE,TRUE,TRUE,TRUE
P04476,U1373,Instagram,itsnorax,92,738,178,2.97,0.8,53.4,Evening (6-10pm),FALSE,FALSE,TRUE,FALSE,TRUE
P04477,U1373,Snapchat,nora.bailey,40,553,553,1.35,0.4,37.2,Evening (6-10pm),TRUE,FALSE,FALSE,TRUE,TRUE
P04478,U1374,Instagram,allisonb621,62,1187,313,4.49,2.1,60.1,Midday (10am-2pm),TRUE,FALSE,FALSE,FALSE,FALSE
P04479,U1374,TikTok,itsallisonx,59,100,742,4.05,1.7,140.6,Afternoon (2-6pm),FALSE,FALSE,TRUE,FALSE,TRUE
P04480,U1374,Snapchat,allison_2027,69,133,133,5.81,3.8,33.4,Evening (6-10pm),TRUE,FALSE,TRUE,FALSE,TRUE
P04481,U1374,X (Twitter),allison_gram,21,197,187,4.05,1.6,14.5,Evening (6-10pm),FALSE,FALSE,TRUE,FALSE,TRUE
P04482,U1375,Snapchat,andrea555,35,450,450,2.34,0.7,44.4,Evening (6-10pm),TRUE,FALSE,FALSE,FALSE,TRUE
P04483,U1376,Instagram,zoeyf902,88,957,457,1.76,3.9,55.0,Afternoon (2-6pm),TRUE,FALSE,TRUE,FALSE,FALSE
P04484,U1376,TikTok,zoeyf393,40,277,436,1.95,0.2,95.4,Evening (6-10pm),TRUE,FALSE,TRUE,FALSE,TRUE
P04485,U1376,Snapchat,zoey_tv,75,495,495,1.18,0.1,25.9,Afternoon (2-6pm),TRUE,FALSE,FALSE,TRUE,FALSE
P04486,U1377,Instagram,nathanc686,60,1015,900,2.61,1.4,82.9,Late Night (10pm-2am),FALSE,FALSE,TRUE,FALSE,TRUE
P04487,U1377,TikTok,nathan.chen29,66,225,919,3.64,3.9,59.3,Late Night (10pm-2am),TRUE,FALSE,TRUE,TRUE,FALSE
P04488,U1377,Snapchat,nathanc653,32,689,689,4.81,1.7,60.8,Late Night (10pm-2am),TRUE,FALSE,FALSE,FALSE,TRUE
P04489,U1377,X (Twitter),itsnathan,36,228,274,5.47,0.9,18.5,Late Night (10pm-2am),FALSE,FALSE,FALSE,FALSE,TRUE
P04490,U1377,Facebook,nathanc25,92,368,368,4.78,1.2,7.6,Late Night (10pm-2am),TRUE,FALSE,FALSE,FALSE,FALSE
P04491,U1378,Instagram,leo.brown48,53,649,333,0.9,2.9,64.3,Late Night (10pm-2am),TRUE,FALSE,FALSE,FALSE,TRUE
P04492,U1378,TikTok,itsleoo,20,45,578,5.45,1.8,136.4,Late Night (10pm-2am),TRUE,FALSE,TRUE,FALSE,TRUE
P04493,U1378,Snapchat,leo_gram,88,294,294,2.77,1.7,39.8,Late Night (10pm-2am),TRUE,FALSE,FALSE,TRUE,TRUE
P04494,U1378,X (Twitter),leo_tv,19,113,322,5.78,2.7,10.0,Late Night (10pm-2am),TRUE,FALSE,FALSE,FALSE,TRUE
P04495,U1378,Facebook,leo.brown,85,1024,1024,2.48,1.6,6.9,Late Night (10pm-2am),FALSE,FALSE,TRUE,FALSE,FALSE
P04496,U1379,Instagram,nataliem241,56,149,216,0.86,1.7,74.2,Midday (10am-2pm),FALSE,FALSE,TRUE,TRUE,TRUE
P04497,U1379,Snapchat,natalie_official,94,671,671,2.21,0.3,33.9,Evening (6-10pm),TRUE,FALSE,TRUE,FALSE,TRUE
P04498,U1379,Facebook,natalie_2026,70,444,444,0.73,2.2,16.0,Afternoon (2-6pm),FALSE,FALSE,TRUE,FALSE,TRUE
P04499,U1380,TikTok,itssavannah1,56,73,324,2.97,2.0,104.3,Evening (6-10pm),TRUE,FALSE,TRUE,FALSE,FALSE
P04500,U1381,Instagram,amelia_2026,40,4102,374,0.2,2.0,45.7,Late Night (10pm-2am),FALSE,FALSE,FALSE,FALSE,TRUE
P04501,U1381,TikTok,amelia.morris,21,264,517,3.86,0.6,118.7,Late Night (10pm-2am),FALSE,FALSE,TRUE,FALSE,TRUE
P04502,U1381,Snapchat,amelia_x,101,200,200,1.56,2.4,19.7,Late Night (10pm-2am),TRUE,FALSE,TRUE,TRUE,TRUE
P04503,U1381,X (Twitter),amelia_gram,61,247,167,3.86,2.7,27.3,Late Night (10pm-2am),FALSE,FALSE,FALSE,FALSE,TRUE
P04504,U1382,Instagram,ximenas75,42,850,247,0.81,5.7,24.8,Evening (6-10pm),TRUE,FALSE,FALSE,TRUE,TRUE
P04505,U1382,TikTok,itsximena,41,1150,1125,2.36,3.2,79.6,Midday (10am-2pm),TRUE,FALSE,TRUE,FALSE,FALSE
P04506,U1382,Snapchat,ximena_official,87,708,708,5.01,1.6,35.4,Midday (10am-2pm),TRUE,FALSE,TRUE,FALSE,FALSE
P04507,U1382,Facebook,ximena.smith98,92,978,978,0.2,3.6,8.5,Evening (6-10pm),FALSE,FALSE,TRUE,TRUE,TRUE
P04508,U1383,Instagram,destiny.fernandez66,85,666,398,1.58,3.0,47.9,Late Night (10pm-2am),TRUE,FALSE,FALSE,TRUE,FALSE
P04509,U1383,TikTok,destiny_x,31,212,234,2.09,2.7,77.6,Late Night (10pm-2am),FALSE,FALSE,FALSE,FALSE,FALSE
P04510,U1383,Snapchat,destiny.fernandez,64,528,528,1.45,1.7,27.8,Late Night (10pm-2am),TRUE,FALSE,TRUE,TRUE,TRUE
P04511,U1383,X (Twitter),destinyf545,19,84,87,1.72,0.7,21.7,Late Night (10pm-2am),FALSE,FALSE,FALSE,FALSE,TRUE
P04512,U1383,Facebook,destinyf325,79,527,527,0.36,1.9,7.5,Late Night (10pm-2am),TRUE,FALSE,TRUE,FALSE,TRUE
P04513,U1384,Instagram,luke_x,46,1393,387,3.72,3.7,79.4,Midday (10am-2pm),FALSE,FALSE,FALSE,FALSE,FALSE
P04514,U1384,TikTok,luke_official,31,24,983,2.13,2.9,108.2,Evening (6-10pm),FALSE,FALSE,FALSE,TRUE,FALSE
P04515,U1384,Snapchat,lukek716,73,512,512,3.44,2.2,25.6,Afternoon (2-6pm),TRUE,FALSE,FALSE,FALSE,FALSE
P04516,U1384,X (Twitter),lukek695,48,12,110,5.24,1.7,30.6,Midday (10am-2pm),TRUE,FALSE,FALSE,FALSE,TRUE
P04517,U1384,Facebook,lukek6,78,845,845,3.64,2.0,11.7,Evening (6-10pm),FALSE,FALSE,FALSE,FALSE,TRUE
P04518,U1385,Instagram,imaniw762,100,1992,388,0.9,1.7,90.5,Midday (10am-2pm),FALSE,FALSE,TRUE,FALSE,FALSE
P04519,U1385,TikTok,imaniw27,32,103,1446,5.37,1.7,93.2,Evening (6-10pm),FALSE,FALSE,TRUE,FALSE,TRUE
P04520,U1385,Snapchat,imaniw199,41,611,611,2.38,0.8,66.7,Afternoon (2-6pm),TRUE,FALSE,TRUE,FALSE,TRUE
P04521,U1386,Instagram,mateo.kim41,52,548,596,1.59,1.0,84.8,Late Night (10pm-2am),TRUE,FALSE,TRUE,FALSE,TRUE
P04522,U1386,TikTok,mateo_official,30,1329,371,0.2,2.8,108.8,Late Night (10pm-2am),FALSE,FALSE,TRUE,FALSE,TRUE
P04523,U1386,Snapchat,mateok124,77,565,565,2.11,3.5,54.0,Late Night (10pm-2am),TRUE,FALSE,TRUE,TRUE,TRUE
P04524,U1387,Instagram,naomiw591,78,3202,318,0.2,0.7,74.9,Evening (6-10pm),FALSE,FALSE,TRUE,FALSE,TRUE
P04525,U1387,TikTok,itsnaomix,43,4100,475,4.06,2.1,51.9,Midday (10am-2pm),FALSE,FALSE,FALSE,TRUE,TRUE
P04526,U1387,Snapchat,itsnaomio,66,119,119,4.84,2.8,91.5,Afternoon (2-6pm),TRUE,FALSE,TRUE,TRUE,TRUE
P04527,U1388,Instagram,itscameron,17,312,248,3.39,4.7,73.1,Evening (6-10pm),FALSE,FALSE,FALSE,TRUE,FALSE
P04528,U1388,TikTok,itscameron,22,63,732,3.12,2.5,78.5,Evening (6-10pm),TRUE,FALSE,TRUE,FALSE,TRUE
P04529,U1388,Facebook,cameron.smith39,93,776,776,5.37,3.0,20.5,Afternoon (2-6pm),TRUE,FALSE,TRUE,TRUE,TRUE
P04530,U1389,Instagram,itschristophero,51,2104,271,3.34,0.8,117.5,Late Night (10pm-2am),TRUE,FALSE,TRUE,FALSE,TRUE
P04531,U1389,TikTok,christopher_gram,39,336,274,1.7,0.9,88.4,Late Night (10pm-2am),FALSE,FALSE,TRUE,TRUE,FALSE
P04532,U1389,Snapchat,itschristopher9,74,188,188,4.92,0.4,34.9,Late Night (10pm-2am),TRUE,FALSE,TRUE,TRUE,TRUE
P04533,U1389,X (Twitter),itschristophero,18,439,232,3.01,0.7,12.7,Late Night (10pm-2am),FALSE,FALSE,TRUE,TRUE,FALSE
P04534,U1390,Instagram,ananya.collins86,83,692,382,3.88,0.7,77.2,Late Night (10pm-2am),FALSE,FALSE,TRUE,FALSE,TRUE
P04535,U1390,TikTok,ananyac239,40,200,518,4.39,3.0,120.6,Late Night (10pm-2am),TRUE,FALSE,FALSE,TRUE,TRUE
P04536,U1390,X (Twitter),ananyac302,72,105,86,4.52,3.1,18.0,Late Night (10pm-2am),TRUE,FALSE,FALSE,FALSE,TRUE
P04537,U1390,Facebook,ananya_official,52,803,803,2.43,2.1,8.4,Late Night (10pm-2am),TRUE,FALSE,TRUE,FALSE,TRUE
P04538,U1391,Instagram,itslevix,29,1398,319,1.42,2.4,61.1,Midday (10am-2pm),FALSE,FALSE,FALSE,FALSE,TRUE
P04539,U1391,TikTok,levig490,37,2570,375,2.97,5.6,87.1,Evening (6-10pm),FALSE,FALSE,FALSE,FALSE,FALSE
P04540,U1392,Instagram,leah_tv,59,746,414,0.37,3.2,42.8,Late Night (10pm-2am),FALSE,FALSE,FALSE,FALSE,TRUE
P04541,U1392,Snapchat,leah.wilson69,35,307,307,3.1,1.0,40.0,Late Night (10pm-2am),TRUE,FALSE,TRUE,FALSE,FALSE
P04542,U1392,X (Twitter),leah_2030,25,360,253,1.48,2.5,35.8,Late Night (10pm-2am),TRUE,FALSE,TRUE,FALSE,TRUE
P04543,U1393,Instagram,itsoweno,106,689,261,3.4,1.2,112.2,Late Night (10pm-2am),FALSE,FALSE,FALSE,FALSE,TRUE
P04544,U1393,TikTok,owena722,38,390,351,4.09,3.3,129.3,Late Night (10pm-2am),FALSE,FALSE,TRUE,FALSE,FALSE
P04545,U1393,Snapchat,owen_tv,93,405,405,2.51,1.3,62.4,Late Night (10pm-2am),TRUE,FALSE,TRUE,TRUE,TRUE
P04546,U1394,Instagram,jin.roberts,78,1253,973,0.2,0.0,59.1,Evening (6-10pm),TRUE,FALSE,TRUE,FALSE,FALSE
P04547,U1394,TikTok,jin.roberts,53,1337,1175,0.2,0.1,75.0,Evening (6-10pm),FALSE,FALSE,FALSE,TRUE,TRUE
P04548,U1394,Snapchat,itsjin,64,306,306,2.54,0.7,23.9,Evening (6-10pm),TRUE,FALSE,FALSE,TRUE,TRUE
P04549,U1394,X (Twitter),jin.roberts7,41,16,114,3.15,0.2,24.5,Evening (6-10pm),FALSE,FALSE,TRUE,TRUE,TRUE
P04550,U1395,Instagram,levi.chavez92,86,1032,318,1.98,2.1,139.0,Late Night (10pm-2am),TRUE,FALSE,TRUE,TRUE,TRUE
P04551,U1395,TikTok,levi_2028,39,121,374,2.72,2.6,155.1,Late Night (10pm-2am),FALSE,FALSE,TRUE,FALSE,TRUE
P04552,U1395,Snapchat,levi.chavez,63,798,798,3.57,4.4,63.6,Late Night (10pm-2am),TRUE,FALSE,TRUE,TRUE,FALSE
P04553,U1396,Instagram,itshazelx,61,768,572,3.33,0.4,64.3,Evening (6-10pm),FALSE,FALSE,FALSE,FALSE,FALSE
P04554,U1396,TikTok,hazeln121,38,62,228,1.66,6.0,218.4,Evening (6-10pm),FALSE,FALSE,FALSE,FALSE,TRUE
P04555,U1397,Instagram,camilam910,52,1233,554,4.96,0.6,56.9,Late Night (10pm-2am),FALSE,FALSE,FALSE,TRUE,TRUE
P04556,U1397,TikTok,camilam532,44,410,266,3.65,2.3,206.0,Late Night (10pm-2am),TRUE,FALSE,TRUE,FALSE,TRUE
P04557,U1397,Snapchat,camila.mitchell,66,331,331,4.72,2.0,43.1,Late Night (10pm-2am),TRUE,FALSE,FALSE,FALSE,TRUE
P04558,U1397,X (Twitter),itscamila6,35,174,73,4.29,2.3,13.8,Late Night (10pm-2am),FALSE,FALSE,FALSE,TRUE,FALSE
P04559,U1398,Instagram,itsaaronx,49,681,521,2.1,1.9,37.5,Evening (6-10pm),FALSE,FALSE,TRUE,FALSE,TRUE
P04560,U1398,TikTok,aaronw920,78,139,1094,3.9,0.7,100.6,Evening (6-10pm),FALSE,FALSE,FALSE,FALSE,TRUE
P04561,U1398,X (Twitter),aaron.wood,5,21,206,1.27,1.5,26.4,Evening (6-10pm),TRUE,FALSE,FALSE,TRUE,TRUE
P04562,U1398,Facebook,itsaarono,18,698,698,2.45,0.5,13.8,Afternoon (2-6pm),FALSE,FALSE,TRUE,FALSE,TRUE
P04563,U1399,Instagram,priyaw574,35,169,318,2.97,4.0,77.7,Evening (6-10pm),FALSE,FALSE,TRUE,FALSE,TRUE
P04564,U1399,TikTok,priyaw984,42,242,314,3.49,3.8,163.9,Evening (6-10pm),FALSE,FALSE,TRUE,FALSE,TRUE
P04565,U1399,Snapchat,priya.walker,74,709,709,3.02,2.3,62.8,Midday (10am-2pm),TRUE,FALSE,TRUE,TRUE,TRUE
P04566,U1399,Facebook,priya.walker,65,344,344,0.66,1.4,21.0,Afternoon (2-6pm),FALSE,FALSE,TRUE,FALSE,FALSE
P04567,U1400,Instagram,tariq_x,45,2561,552,1.1,3.4,131.0,Late Night (10pm-2am),FALSE,FALSE,TRUE,TRUE,TRUE
P04568,U1400,TikTok,tariqt105,44,190,329,1.04,2.5,99.5,Late Night (10pm-2am),FALSE,FALSE,TRUE,FALSE,TRUE
P04569,U1400,Snapchat,tariq_2024,41,447,447,4.24,2.6,28.1,Late Night (10pm-2am),FALSE,FALSE,FALSE,TRUE,TRUE
P04570,U1401,Instagram,ethanr955,80,1729,491,2.51,0.7,30.5,Midday (10am-2pm),TRUE,FALSE,TRUE,TRUE,TRUE
P04571,U1401,TikTok,ethan.ramos74,59,274,193,2.55,0.5,120.7,Evening (6-10pm),TRUE,FALSE,TRUE,TRUE,FALSE
P04572,U1401,Snapchat,ethanr831,76,151,151,2.82,1.3,97.3,Morning (6-10am),TRUE,FALSE,FALSE,FALSE,FALSE
P04573,U1401,Facebook,ethan_x,76,450,450,3.61,3.5,9.4,Midday (10am-2pm),TRUE,FALSE,TRUE,TRUE,TRUE
P04574,U1402,Instagram,kennedyr392,73,74,306,0.58,1.1,92.0,Evening (6-10pm),FALSE,FALSE,TRUE,FALSE,TRUE
P04575,U1402,TikTok,kennedy_2028,38,947,343,2.4,2.0,81.0,Evening (6-10pm),FALSE,FALSE,TRUE,FALSE,TRUE
P04576,U1402,Snapchat,itskennedy3,85,575,575,5.03,1.5,38.3,Afternoon (2-6pm),TRUE,FALSE,TRUE,TRUE,TRUE
P04577,U1403,Instagram,sarahr539,23,506,347,5.21,1.4,137.8,Evening (6-10pm),TRUE,FALSE,TRUE,TRUE,TRUE
P04578,U1403,TikTok,sarahr242,48,661,464,6.21,3.7,69.0,Morning (6-10am),FALSE,FALSE,FALSE,FALSE,TRUE
P04579,U1403,Snapchat,sarahr844,89,65,65,5.32,7.3,40.7,Morning (6-10am),TRUE,FALSE,FALSE,FALSE,TRUE
P04580,U1404,Instagram,alex.bailey20,29,669,490,1.2,0.4,63.4,Late Night (10pm-2am),TRUE,FALSE,TRUE,FALSE,TRUE
P04581,U1404,TikTok,alex_official,33,150,419,2.93,2.1,58.1,Late Night (10pm-2am),FALSE,FALSE,FALSE,FALSE,TRUE
P04582,U1404,Snapchat,alex.bailey,84,331,331,1.53,0.4,22.2,Late Night (10pm-2am),TRUE,FALSE,TRUE,TRUE,FALSE
P04583,U1404,X (Twitter),alex_2029,69,104,366,3.37,0.8,16.0,Late Night (10pm-2am),FALSE,FALSE,TRUE,FALSE,TRUE
P04584,U1405,TikTok,chloe.virtanen30,30,248,324,3.31,0.8,128.5,Late Night (10pm-2am),FALSE,FALSE,TRUE,FALSE,TRUE
P04585,U1405,Snapchat,chloev834,97,448,448,3.64,1.9,50.3,Late Night (10pm-2am),TRUE,FALSE,TRUE,FALSE,TRUE
P04586,U1406,Instagram,allison.chen91,98,1711,451,2.33,1.8,79.5,Midday (10am-2pm),FALSE,FALSE,TRUE,FALSE,FALSE
P04587,U1406,TikTok,allison.chen,58,89,319,4.51,1.1,218.8,Evening (6-10pm),TRUE,FALSE,FALSE,FALSE,TRUE
P04588,U1406,Snapchat,allison.chen69,97,253,253,2.14,6.6,49.5,Evening (6-10pm),FALSE,FALSE,TRUE,FALSE,TRUE
P04589,U1407,Instagram,itssebastian7,29,251,843,4.28,0.4,42.4,Late Night (10pm-2am),TRUE,FALSE,TRUE,TRUE,TRUE
P04590,U1407,TikTok,sebastian.oliveira,58,452,379,4.15,2.3,62.1,Late Night (10pm-2am),FALSE,FALSE,TRUE,FALSE,TRUE
P04591,U1408,Instagram,willowv695,80,195,488,4.37,1.3,48.3,Evening (6-10pm),TRUE,FALSE,TRUE,FALSE,FALSE
P04592,U1408,TikTok,willow_tv,40,79,360,4.11,0.4,81.5,Midday (10am-2pm),TRUE,FALSE,TRUE,FALSE,TRUE
P04593,U1408,Snapchat,willow_tv,55,199,199,3.11,2.2,27.6,Afternoon (2-6pm),TRUE,FALSE,TRUE,TRUE,FALSE
P04594,U1409,Instagram,gabriella_gram,68,766,494,2.45,5.4,86.0,Morning (6-10am),TRUE,FALSE,TRUE,TRUE,TRUE
P04595,U1409,TikTok,gabriella.ortiz,54,224,199,1.78,2.2,148.0,Morning (6-10am),FALSE,FALSE,TRUE,FALSE,TRUE
P04596,U1409,X (Twitter),gabriella.ortiz20,23,52,77,1.78,1.3,15.5,Morning (6-10am),FALSE,FALSE,FALSE,FALSE,TRUE
P04597,U1410,Instagram,elizabeth.morales,38,313,275,1.38,1.3,41.3,Evening (6-10pm),TRUE,FALSE,TRUE,FALSE,FALSE
P04598,U1410,Snapchat,elizabethm974,50,199,199,3.58,1.1,20.4,Evening (6-10pm),TRUE,FALSE,TRUE,FALSE,FALSE
P04599,U1411,Instagram,thomas.thomas78,39,606,229,3.09,0.4,52.1,Afternoon (2-6pm),FALSE,FALSE,TRUE,TRUE,FALSE
P04600,U1411,TikTok,itsthomas,40,238,807,4.55,1.9,68.1,Midday (10am-2pm),FALSE,FALSE,FALSE,FALSE,TRUE
P04601,U1411,Snapchat,thomast357,83,318,318,2.6,5.8,64.8,Evening (6-10pm),TRUE,FALSE,TRUE,FALSE,TRUE
P04602,U1411,X (Twitter),thomas_2028,7,19,259,2.76,0.8,22.3,Evening (6-10pm),TRUE,FALSE,TRUE,FALSE,FALSE
P04603,U1412,Instagram,kaic119,86,2171,475,3.04,1.5,34.2,Late Night (10pm-2am),FALSE,FALSE,FALSE,FALSE,FALSE
P04604,U1412,TikTok,kai_tv,68,919,201,3.79,1.6,150.6,Late Night (10pm-2am),TRUE,FALSE,TRUE,FALSE,TRUE
P04605,U1412,Snapchat,kai_gram,77,464,464,3.17,5.7,66.8,Late Night (10pm-2am),TRUE,FALSE,FALSE,TRUE,TRUE
P04606,U1413,Instagram,mohammedr738,41,491,266,2.55,2.3,36.2,Morning (6-10am),FALSE,FALSE,TRUE,FALSE,TRUE
P04607,U1413,Snapchat,itsmohammed5,69,468,468,1.88,1.1,29.2,Evening (6-10pm),TRUE,FALSE,TRUE,FALSE,TRUE
P04608,U1414,TikTok,theodorer723,67,110,634,4.18,3.6,84.3,Afternoon (2-6pm),TRUE,FALSE,FALSE,FALSE,TRUE
P04609,U1414,Snapchat,theodorer70,83,739,739,3.6,3.2,56.8,Afternoon (2-6pm),TRUE,FALSE,TRUE,FALSE,TRUE
P04610,U1414,X (Twitter),theodorer292,50,406,147,2.91,1.1,11.1,Evening (6-10pm),FALSE,FALSE,TRUE,FALSE,TRUE
P04611,U1415,Instagram,rileyr413,64,399,315,4.15,1.4,73.6,Evening (6-10pm),FALSE,FALSE,FALSE,TRUE,TRUE
P04612,U1415,TikTok,riley_x,30,565,99,3.76,1.7,52.6,Evening (6-10pm),FALSE,FALSE,TRUE,FALSE,FALSE
P04613,U1415,Snapchat,riley_2030,70,452,452,2.36,4.2,30.4,Evening (6-10pm),TRUE,FALSE,FALSE,FALSE,TRUE
P04614,U1415,X (Twitter),riley_tv,36,94,148,4.77,1.3,19.0,Evening (6-10pm),FALSE,FALSE,TRUE,FALSE,FALSE
P04615,U1416,Instagram,madelynh84,73,490,187,0.2,1.0,39.6,Late Night (10pm-2am),FALSE,FALSE,TRUE,FALSE,TRUE
P04616,U1416,TikTok,itsmadelyn6,41,159,1329,4.07,1.8,82.6,Late Night (10pm-2am),FALSE,FALSE,FALSE,FALSE,TRUE
P04617,U1416,Snapchat,madelyn_2028,38,292,292,0.88,1.2,53.1,Late Night (10pm-2am),TRUE,FALSE,TRUE,TRUE,FALSE
P04618,U1416,X (Twitter),madelynh614,40,181,206,3.32,1.3,14.0,Late Night (10pm-2am),FALSE,FALSE,FALSE,FALSE,TRUE
P04619,U1417,Instagram,aurorab388,69,658,260,3.64,2.7,38.0,Late Night (10pm-2am),TRUE,FALSE,TRUE,FALSE,TRUE
P04620,U1417,TikTok,aurora_official,34,1457,252,2.77,3.7,155.3,Late Night (10pm-2am),FALSE,FALSE,TRUE,FALSE,FALSE
P04621,U1418,Instagram,landon.morales79,83,1698,810,1.91,4.4,63.8,Late Night (10pm-2am),TRUE,FALSE,FALSE,FALSE,TRUE
P04622,U1418,TikTok,landonm681,65,192,442,3.88,2.1,135.5,Late Night (10pm-2am),FALSE,FALSE,FALSE,FALSE,FALSE
P04623,U1419,Instagram,weip501,47,731,619,2.47,3.2,73.8,Late Night (10pm-2am),TRUE,FALSE,TRUE,FALSE,TRUE
P04624,U1419,TikTok,weip13,70,397,217,4.07,4.3,73.1,Late Night (10pm-2am),FALSE,FALSE,TRUE,FALSE,TRUE
P04625,U1420,Instagram,skylar_x,88,1045,382,1.03,1.4,136.2,Evening (6-10pm),TRUE,FALSE,TRUE,FALSE,TRUE
P04626,U1420,TikTok,skylar.le49,56,174,544,3.12,3.2,83.2,Morning (6-10am),TRUE,FALSE,TRUE,TRUE,TRUE
P04627,U1420,X (Twitter),itsskylar,41,60,111,2.74,0.7,25.8,Midday (10am-2pm),FALSE,FALSE,FALSE,FALSE,TRUE
P04628,U1421,Instagram,eli_2027,45,610,226,4.82,5.7,35.0,Late Night (10pm-2am),FALSE,FALSE,TRUE,FALSE,TRUE
P04629,U1421,TikTok,itseli4,39,792,1678,4.76,4.7,112.3,Late Night (10pm-2am),FALSE,FALSE,FALSE,FALSE,TRUE
P04630,U1421,Snapchat,eli.gutierrez33,60,285,285,4.52,0.5,38.3,Late Night (10pm-2am),TRUE,FALSE,FALSE,TRUE,TRUE
P04631,U1421,X (Twitter),elig397,61,19,400,5.59,2.1,15.2,Late Night (10pm-2am),TRUE,FALSE,FALSE,FALSE,TRUE
P04632,U1421,Facebook,elig996,64,461,461,4.17,1.6,11.5,Late Night (10pm-2am),FALSE,FALSE,TRUE,TRUE,FALSE
P04633,U1422,Instagram,harperl40,50,1044,408,1.78,1.0,37.5,Afternoon (2-6pm),TRUE,FALSE,FALSE,FALSE,TRUE
P04634,U1422,X (Twitter),harperl959,61,86,687,5.8,1.9,6.9,Midday (10am-2pm),FALSE,FALSE,TRUE,FALSE,TRUE
P04635,U1423,Instagram,liam.hansen,55,675,376,3.99,6.2,37.5,Morning (6-10am),FALSE,FALSE,TRUE,FALSE,TRUE
P04636,U1423,TikTok,itsliam8,46,622,639,3.96,3.7,81.4,Midday (10am-2pm),FALSE,FALSE,TRUE,FALSE,TRUE
P04637,U1423,Snapchat,liam.hansen,81,246,246,3.91,0.2,69.5,Midday (10am-2pm),TRUE,FALSE,TRUE,TRUE,TRUE
P04638,U1423,X (Twitter),itsliamx,54,84,189,4.46,3.9,25.8,Midday (10am-2pm),FALSE,FALSE,TRUE,TRUE,TRUE
P04639,U1424,Instagram,asher_tv,57,1822,214,2.69,0.7,77.0,Evening (6-10pm),FALSE,FALSE,FALSE,FALSE,FALSE
P04640,U1425,Instagram,itscharlotteo,44,1044,181,2.14,1.4,37.5,Evening (6-10pm),FALSE,FALSE,FALSE,FALSE,FALSE
P04641,U1425,TikTok,itscharlotte,63,1916,634,1.44,2.1,69.0,Afternoon (2-6pm),TRUE,FALSE,FALSE,FALSE,TRUE
P04642,U1425,Snapchat,itscharlotte1,59,543,543,2.0,1.6,25.6,Afternoon (2-6pm),TRUE,FALSE,FALSE,TRUE,TRUE
P04643,U1425,X (Twitter),itscharlotte1,48,38,197,4.01,3.9,31.6,Afternoon (2-6pm),FALSE,FALSE,TRUE,FALSE,TRUE
P04644,U1425,Facebook,itscharlotteo,79,644,644,4.07,2.1,8.0,Midday (10am-2pm),FALSE,FALSE,FALSE,FALSE,TRUE
P04645,U1426,Instagram,ximena_gram,38,1053,331,1.25,0.8,57.0,Midday (10am-2pm),TRUE,FALSE,TRUE,FALSE,TRUE
P04646,U1426,TikTok,ximena_tv,36,823,351,3.69,3.3,64.9,Midday (10am-2pm),FALSE,FALSE,FALSE,FALSE,TRUE
P04647,U1426,X (Twitter),ximenap883,42,258,232,1.87,1.2,17.9,Evening (6-10pm),TRUE,FALSE,FALSE,FALSE,FALSE
P04648,U1427,Instagram,james_2026,32,289,134,2.5,0.5,54.7,Midday (10am-2pm),TRUE,FALSE,FALSE,FALSE,FALSE
P04649,U1427,TikTok,james_gram,9,609,342,3.82,2.5,115.5,Evening (6-10pm),FALSE,FALSE,FALSE,TRUE,FALSE
P04650,U1427,X (Twitter),jamesm833,54,133,526,4.17,1.5,15.9,Evening (6-10pm),FALSE,FALSE,TRUE,FALSE,FALSE
P04651,U1427,Facebook,itsjamesx,44,185,185,2.87,3.2,18.4,Midday (10am-2pm),FALSE,FALSE,FALSE,FALSE,FALSE
P04652,U1428,Instagram,priyaw338,56,240,602,2.72,0.3,55.8,Late Night (10pm-2am),TRUE,FALSE,TRUE,FALSE,TRUE
P04653,U1428,TikTok,priya.watson,52,180,537,1.96,0.4,104.0,Late Night (10pm-2am),TRUE,FALSE,FALSE,TRUE,TRUE
P04654,U1428,Snapchat,priyaw914,70,100,100,1.67,1.2,32.7,Late Night (10pm-2am),TRUE,FALSE,FALSE,FALSE,TRUE
P04655,U1428,X (Twitter),priya_tv,32,63,364,1.51,2.0,19.1,Late Night (10pm-2am),FALSE,FALSE,TRUE,FALSE,FALSE
P04656,U1429,Instagram,raj.morgan62,68,994,278,2.61,4.6,94.4,Late Night (10pm-2am),TRUE,FALSE,FALSE,FALSE,TRUE
P04657,U1429,TikTok,raj_2026,52,5445,1600,4.8,2.6,127.6,Late Night (10pm-2am),FALSE,FALSE,TRUE,FALSE,TRUE
P04658,U1429,Snapchat,raj.morgan29,39,450,450,3.2,2.5,54.5,Late Night (10pm-2am),TRUE,FALSE,TRUE,TRUE,TRUE
P04659,U1430,Instagram,itsrajx,65,1616,696,1.83,4.3,72.2,Late Night (10pm-2am),FALSE,FALSE,TRUE,FALSE,TRUE
P04660,U1430,TikTok,raj.diaz89,14,135,1511,3.05,2.0,92.4,Late Night (10pm-2am),TRUE,FALSE,TRUE,FALSE,TRUE
P04661,U1430,Snapchat,raj.diaz93,70,550,550,4.95,3.8,77.8,Late Night (10pm-2am),FALSE,FALSE,FALSE,FALSE,FALSE
P04662,U1430,X (Twitter),raj.diaz94,65,241,551,4.22,1.7,15.5,Late Night (10pm-2am),FALSE,FALSE,TRUE,TRUE,TRUE
P04663,U1430,Facebook,raj.diaz,23,272,272,6.29,1.6,9.9,Late Night (10pm-2am),TRUE,FALSE,FALSE,TRUE,TRUE
P04664,U1431,Instagram,tariqr302,79,1451,408,3.66,0.3,39.4,Morning (6-10am),FALSE,FALSE,TRUE,FALSE,TRUE
P04665,U1431,X (Twitter),tariq_2026,35,59,141,2.18,4.8,12.2,Morning (6-10am),FALSE,FALSE,FALSE,FALSE,TRUE
P04666,U1432,Instagram,itsdavido,66,2183,363,1.53,2.1,37.6,Evening (6-10pm),FALSE,FALSE,FALSE,TRUE,TRUE
P04667,U1432,TikTok,david_official,60,57,924,2.79,1.2,82.1,Afternoon (2-6pm),FALSE,FALSE,TRUE,TRUE,TRUE
P04668,U1433,Instagram,mason.walsh,57,3404,435,2.19,2.0,41.5,Late Night (10pm-2am),TRUE,FALSE,TRUE,FALSE,FALSE
P04669,U1433,TikTok,itsmasono,9,50,1195,1.74,0.5,59.1,Late Night (10pm-2am),TRUE,FALSE,TRUE,FALSE,FALSE
P04670,U1433,Snapchat,mason.walsh,104,265,265,4.34,1.0,32.8,Late Night (10pm-2am),TRUE,FALSE,TRUE,TRUE,TRUE
P04671,U1433,X (Twitter),mason.walsh,47,203,482,3.99,1.1,25.1,Late Night (10pm-2am),TRUE,FALSE,FALSE,FALSE,TRUE
P04672,U1434,Instagram,kennedy.ali,38,585,253,1.97,1.0,45.8,Evening (6-10pm),TRUE,FALSE,TRUE,FALSE,TRUE
P04673,U1434,TikTok,kennedya942,49,740,766,1.56,3.9,115.1,Midday (10am-2pm),TRUE,FALSE,TRUE,FALSE,TRUE
P04674,U1434,Snapchat,itskennedyx,53,465,465,3.94,0.8,47.9,Afternoon (2-6pm),TRUE,FALSE,FALSE,FALSE,TRUE
P04675,U1434,X (Twitter),kennedy.ali,84,149,747,3.07,1.2,16.3,Afternoon (2-6pm),TRUE,FALSE,FALSE,FALSE,TRUE
P04676,U1435,Instagram,madison_tv,68,363,486,4.09,2.4,60.7,Evening (6-10pm),FALSE,FALSE,FALSE,FALSE,TRUE
P04677,U1435,TikTok,itsmadison2,29,358,313,3.36,1.2,84.7,Afternoon (2-6pm),FALSE,FALSE,FALSE,FALSE,TRUE
P04678,U1435,Snapchat,madison.rodriguez61,106,195,195,6.55,4.1,16.0,Midday (10am-2pm),FALSE,FALSE,FALSE,TRUE,TRUE
P04679,U1436,Instagram,itsmei1,37,342,340,1.86,0.8,39.4,Afternoon (2-6pm),TRUE,FALSE,TRUE,FALSE,TRUE
P04680,U1436,TikTok,mei.wagner6,64,117,298,3.1,0.7,168.3,Evening (6-10pm),FALSE,FALSE,TRUE,TRUE,FALSE
P04681,U1437,Instagram,violet.rodriguez2,59,447,388,2.55,5.6,31.7,Late Night (10pm-2am),FALSE,FALSE,TRUE,FALSE,TRUE
P04682,U1437,TikTok,violetr614,54,924,959,1.1,2.6,182.4,Late Night (10pm-2am),FALSE,FALSE,TRUE,TRUE,TRUE
P04683,U1437,Snapchat,violet.rodriguez14,89,232,232,3.61,2.1,51.2,Late Night (10pm-2am),FALSE,FALSE,FALSE,TRUE,TRUE
P04684,U1437,X (Twitter),violet_tv,35,197,223,4.71,1.6,42.3,Late Night (10pm-2am),TRUE,FALSE,FALSE,FALSE,TRUE
P04685,U1437,Facebook,violetr963,27,1110,1110,4.03,1.6,16.6,Late Night (10pm-2am),FALSE,FALSE,FALSE,FALSE,TRUE
P04686,U1438,Instagram,adrianh420,68,3075,182,1.17,1.4,56.9,Late Night (10pm-2am),FALSE,FALSE,TRUE,FALSE,TRUE
P04687,U1438,Snapchat,adrian.hoffman10,49,314,314,1.64,3.2,38.0,Late Night (10pm-2am),FALSE,FALSE,FALSE,FALSE,TRUE
P04688,U1439,TikTok,robertt386,46,1727,507,1.35,1.0,93.9,Midday (10am-2pm),TRUE,FALSE,TRUE,FALSE,TRUE
P04689,U1439,Snapchat,robert_x,93,324,324,3.34,1.5,26.9,Evening (6-10pm),FALSE,FALSE,FALSE,TRUE,TRUE
P04690,U1440,Instagram,jacob_x,35,794,412,0.2,1.4,159.0,Late Night (10pm-2am),TRUE,FALSE,FALSE,FALSE,FALSE
P04691,U1440,TikTok,itsjacobx,61,423,789,3.23,1.2,177.3,Late Night (10pm-2am),FALSE,FALSE,TRUE,FALSE,FALSE
P04692,U1440,Snapchat,jacob_tv,52,299,299,0.33,1.5,48.2,Late Night (10pm-2am),TRUE,FALSE,TRUE,TRUE,TRUE
P04693,U1440,Facebook,jacobi16,35,1270,1270,0.2,2.6,24.7,Late Night (10pm-2am),FALSE,FALSE,TRUE,FALSE,FALSE
P04694,U1441,Instagram,gabriel_tv,37,299,524,2.22,1.0,63.7,Afternoon (2-6pm),FALSE,FALSE,TRUE,FALSE,FALSE
P04695,U1441,TikTok,gabriel.sharma,29,118,1456,3.79,0.3,76.5,Afternoon (2-6pm),TRUE,FALSE,TRUE,FALSE,FALSE
P04696,U1441,Snapchat,itsgabrielo,29,527,527,3.77,0.7,16.0,Evening (6-10pm),TRUE,FALSE,TRUE,TRUE,TRUE
P04697,U1442,Instagram,itshenryo,74,2081,580,3.85,4.3,56.6,Evening (6-10pm),TRUE,FALSE,TRUE,TRUE,TRUE
P04698,U1442,TikTok,henry.osei,32,428,458,4.08,2.5,145.5,Midday (10am-2pm),TRUE,FALSE,TRUE,FALSE,TRUE
P04699,U1442,Snapchat,henry_2030,64,511,511,2.84,2.0,93.1,Evening (6-10pm),TRUE,FALSE,TRUE,FALSE,FALSE
P04700,U1442,X (Twitter),henry_x,33,42,186,5.21,0.9,36.6,Evening (6-10pm),FALSE,FALSE,FALSE,FALSE,FALSE
P04701,U1442,Facebook,henryo142,64,899,899,2.01,2.5,20.7,Evening (6-10pm),FALSE,FALSE,TRUE,FALSE,TRUE
P04702,U1443,Instagram,elijahs766,42,749,294,3.62,3.8,84.8,Late Night (10pm-2am),FALSE,FALSE,TRUE,FALSE,TRUE
P04703,U1443,TikTok,elijah_official,7,479,968,4.0,3.4,51.1,Late Night (10pm-2am),TRUE,FALSE,TRUE,FALSE,TRUE
P04704,U1443,Facebook,elijah_tv,54,887,887,5.33,1.7,18.0,Late Night (10pm-2am),FALSE,FALSE,TRUE,FALSE,FALSE
P04705,U1444,Instagram,benjaminp799,81,559,596,2.46,2.3,28.2,Evening (6-10pm),TRUE,FALSE,TRUE,FALSE,FALSE
P04706,U1444,TikTok,benjaminp582,34,1701,255,4.44,3.0,134.7,Evening (6-10pm),FALSE,FALSE,TRUE,FALSE,FALSE
P04707,U1444,Snapchat,benjaminp540,73,714,714,2.08,2.9,23.7,Afternoon (2-6pm),TRUE,FALSE,FALSE,FALSE,FALSE
P04708,U1444,X (Twitter),itsbenjamino,61,129,425,3.16,0.9,17.5,Midday (10am-2pm),FALSE,FALSE,TRUE,FALSE,TRUE
P04709,U1445,Instagram,olivias469,102,2822,419,2.7,2.8,52.5,Late Night (10pm-2am),FALSE,FALSE,TRUE,FALSE,TRUE
P04710,U1445,TikTok,olivia_x,41,337,921,1.79,1.8,112.4,Late Night (10pm-2am),FALSE,FALSE,TRUE,FALSE,TRUE
P04711,U1445,Snapchat,olivia.stewart,36,202,202,2.5,2.5,54.3,Late Night (10pm-2am),FALSE,FALSE,TRUE,FALSE,FALSE
P04712,U1445,X (Twitter),olivia.stewart18,42,47,400,4.36,1.3,23.0,Late Night (10pm-2am),FALSE,FALSE,TRUE,FALSE,TRUE
P04713,U1446,Instagram,itsemilyo,62,359,262,3.16,0.2,34.4,Midday (10am-2pm),FALSE,FALSE,TRUE,TRUE,TRUE
P04714,U1446,TikTok,itsemilyx,51,185,313,3.12,1.0,147.4,Evening (6-10pm),FALSE,FALSE,TRUE,FALSE,FALSE
P04715,U1446,Snapchat,emilyy984,71,412,412,3.45,1.9,65.7,Afternoon (2-6pm),TRUE,FALSE,FALSE,TRUE,TRUE
P04716,U1447,Instagram,jayden.baker32,70,1149,489,1.05,1.4,75.4,Afternoon (2-6pm),FALSE,FALSE,FALSE,FALSE,TRUE
P04717,U1447,TikTok,jaydenb461,60,421,570,3.68,1.3,273.8,Evening (6-10pm),FALSE,FALSE,TRUE,TRUE,FALSE
P04718,U1448,Instagram,kai_2025,70,1081,692,4.57,1.2,27.9,Evening (6-10pm),FALSE,FALSE,FALSE,FALSE,TRUE
P04719,U1448,TikTok,itskai,35,340,643,2.14,3.2,115.9,Evening (6-10pm),FALSE,FALSE,TRUE,FALSE,TRUE
P04720,U1448,Snapchat,kai.watson82,63,335,335,4.11,1.1,43.4,Morning (6-10am),TRUE,FALSE,TRUE,TRUE,TRUE
P04721,U1449,Instagram,theodorew14,77,1623,320,1.96,1.3,98.9,Late Night (10pm-2am),FALSE,FALSE,TRUE,FALSE,FALSE
P04722,U1449,TikTok,theodore.watson,11,697,1659,1.42,2.0,50.6,Late Night (10pm-2am),FALSE,FALSE,TRUE,FALSE,FALSE
P04723,U1449,X (Twitter),theodore.watson,64,294,233,1.99,0.7,24.9,Late Night (10pm-2am),FALSE,FALSE,TRUE,TRUE,TRUE
P04724,U1450,Instagram,andrew.wright,52,2172,141,0.77,2.9,51.1,Evening (6-10pm),FALSE,FALSE,FALSE,FALSE,FALSE
P04725,U1450,TikTok,andreww803,8,212,719,4.08,1.0,101.4,Midday (10am-2pm),TRUE,FALSE,TRUE,TRUE,TRUE
P04726,U1450,Snapchat,andreww458,90,469,469,4.08,3.0,67.3,Evening (6-10pm),TRUE,FALSE,TRUE,FALSE,TRUE
P04727,U1451,Instagram,auroras637,46,1458,254,2.05,1.6,20.9,Midday (10am-2pm),FALSE,FALSE,TRUE,FALSE,FALSE
P04728,U1451,TikTok,auroras326,30,126,1003,3.51,3.1,106.8,Midday (10am-2pm),FALSE,FALSE,TRUE,FALSE,TRUE
P04729,U1451,Snapchat,aurora_2024,67,345,345,2.72,1.9,89.7,Evening (6-10pm),TRUE,FALSE,FALSE,TRUE,TRUE
P04730,U1452,Instagram,jack.smith,56,223,868,0.87,0.4,60.7,Morning (6-10am),FALSE,FALSE,TRUE,TRUE,TRUE
P04731,U1452,TikTok,itsjackx,36,15,1215,2.83,1.1,78.0,Morning (6-10am),TRUE,FALSE,FALSE,FALSE,TRUE
P04732,U1452,Snapchat,jacks367,65,285,285,1.47,0.1,19.1,Midday (10am-2pm),TRUE,FALSE,TRUE,TRUE,TRUE
P04733,U1452,Facebook,jacks104,104,1107,1107,0.63,0.4,7.1,Morning (6-10am),FALSE,FALSE,FALSE,FALSE,FALSE
P04734,U1453,Instagram,kinsleym451,61,2475,457,2.72,4.6,40.2,Midday (10am-2pm),FALSE,FALSE,TRUE,FALSE,FALSE
P04735,U1453,Snapchat,itskinsley,84,208,208,2.6,1.5,45.1,Midday (10am-2pm),FALSE,FALSE,TRUE,TRUE,FALSE
P04736,U1453,Facebook,kinsley.mensah15,54,476,476,1.56,1.7,17.0,Midday (10am-2pm),TRUE,FALSE,FALSE,FALSE,TRUE
P04737,U1454,Instagram,natalie.stewart29,71,433,225,1.49,1.3,162.0,Late Night (10pm-2am),FALSE,FALSE,FALSE,TRUE,FALSE
P04738,U1454,TikTok,natalies196,26,545,485,1.02,1.0,188.1,Late Night (10pm-2am),FALSE,FALSE,TRUE,FALSE,FALSE
P04739,U1454,Snapchat,natalie_tv,92,202,202,2.99,0.8,39.8,Late Night (10pm-2am),TRUE,FALSE,TRUE,FALSE,TRUE
P04740,U1455,Instagram,dakotaj568,77,1091,183,1.98,3.6,33.9,Evening (6-10pm),TRUE,FALSE,TRUE,FALSE,TRUE
P04741,U1456,Instagram,itsellao,45,5045,386,3.07,3.8,26.8,Late Night (10pm-2am),FALSE,FALSE,FALSE,FALSE,FALSE
P04742,U1456,TikTok,ella.morales91,11,104,320,3.2,2.6,141.5,Late Night (10pm-2am),FALSE,FALSE,FALSE,FALSE,TRUE
P04743,U1456,X (Twitter),ella.morales,23,594,314,3.35,1.6,19.4,Late Night (10pm-2am),FALSE,FALSE,TRUE,FALSE,TRUE
P04744,U1456,Facebook,ellam129,73,1114,1114,3.15,3.2,5.6,Late Night (10pm-2am),TRUE,FALSE,TRUE,TRUE,TRUE
P04745,U1457,Instagram,riverm953,36,2166,508,1.98,1.2,69.7,Midday (10am-2pm),TRUE,FALSE,TRUE,FALSE,FALSE
P04746,U1457,TikTok,riverm584,27,285,436,2.38,1.7,95.9,Morning (6-10am),FALSE,FALSE,FALSE,TRUE,TRUE
P04747,U1457,Snapchat,itsriver4,66,179,179,4.42,3.8,46.8,Midday (10am-2pm),TRUE,FALSE,TRUE,TRUE,TRUE
P04748,U1457,X (Twitter),river.morgan,30,76,261,4.85,2.4,46.1,Midday (10am-2pm),FALSE,FALSE,FALSE,FALSE,TRUE
P04749,U1457,Facebook,river_x,86,264,264,3.25,3.1,28.2,Midday (10am-2pm),FALSE,FALSE,TRUE,FALSE,TRUE
P04750,U1458,TikTok,leah.singh,55,99,578,4.3,1.6,71.7,Evening (6-10pm),TRUE,FALSE,TRUE,FALSE,TRUE
P04751,U1458,X (Twitter),leahs926,23,147,62,5.48,2.3,16.8,Evening (6-10pm),TRUE,FALSE,FALSE,FALSE,TRUE
P04752,U1459,Instagram,tariq.chen43,72,388,482,4.01,1.7,37.7,Late Night (10pm-2am),FALSE,FALSE,TRUE,FALSE,TRUE
P04753,U1459,TikTok,tariqc250,33,3126,579,0.2,4.3,97.5,Late Night (10pm-2am),FALSE,FALSE,TRUE,FALSE,FALSE
P04754,U1459,Snapchat,tariqc379,75,362,362,4.66,0.7,46.4,Late Night (10pm-2am),TRUE,FALSE,TRUE,FALSE,TRUE
P04755,U1460,Instagram,naomic855,70,2214,509,3.16,0.7,47.3,Morning (6-10am),FALSE,FALSE,TRUE,TRUE,FALSE
P04756,U1461,Instagram,itsnataliex,93,974,236,3.2,0.5,74.5,Evening (6-10pm),FALSE,FALSE,TRUE,FALSE,TRUE
P04757,U1461,TikTok,natalie.green69,31,156,691,3.95,0.8,93.9,Evening (6-10pm),FALSE,FALSE,FALSE,TRUE,TRUE
P04758,U1461,Snapchat,natalieg176,47,853,853,1.04,1.9,39.0,Evening (6-10pm),TRUE,FALSE,FALSE,TRUE,FALSE
P04759,U1461,X (Twitter),natalie_official,22,8,327,5.23,1.4,12.1,Evening (6-10pm),TRUE,FALSE,FALSE,TRUE,TRUE
P04760,U1462,Instagram,miless922,73,831,550,0.59,2.3,44.3,Evening (6-10pm),FALSE,FALSE,TRUE,FALSE,TRUE
P04761,U1462,TikTok,miless215,82,539,567,3.64,1.0,100.0,Afternoon (2-6pm),FALSE,FALSE,FALSE,FALSE,TRUE
P04762,U1462,Snapchat,miles.smith,86,279,279,2.41,2.0,107.3,Evening (6-10pm),TRUE,FALSE,FALSE,FALSE,TRUE
P04763,U1462,Facebook,miles_tv,63,447,447,1.82,3.5,19.3,Midday (10am-2pm),FALSE,FALSE,TRUE,FALSE,TRUE
P04764,U1463,Instagram,romanl392,86,359,838,1.82,2.3,38.1,Midday (10am-2pm),FALSE,FALSE,FALSE,TRUE,TRUE
P04765,U1463,TikTok,roman.lopez,27,250,205,3.37,1.1,61.9,Midday (10am-2pm),FALSE,FALSE,FALSE,FALSE,TRUE
P04766,U1463,Snapchat,roman_x,93,633,633,0.78,0.6,35.6,Evening (6-10pm),FALSE,FALSE,TRUE,FALSE,TRUE
P04767,U1463,X (Twitter),roman_x,39,41,1631,3.92,1.7,11.0,Morning (6-10am),FALSE,FALSE,TRUE,FALSE,TRUE
P04768,U1464,Instagram,maliks70,71,507,192,5.54,3.7,54.8,Evening (6-10pm),FALSE,FALSE,TRUE,TRUE,TRUE
P04769,U1464,TikTok,malik.santos,51,417,802,4.02,6.0,59.2,Afternoon (2-6pm),FALSE,FALSE,TRUE,FALSE,TRUE
P04770,U1464,X (Twitter),malik.santos62,13,680,284,4.03,2.0,26.5,Evening (6-10pm),FALSE,FALSE,TRUE,FALSE,TRUE
P04771,U1465,Instagram,camillen827,42,1099,629,4.98,2.7,37.2,Midday (10am-2pm),FALSE,FALSE,TRUE,TRUE,TRUE
P04772,U1465,TikTok,itscamille5,60,124,267,3.34,1.9,64.8,Midday (10am-2pm),FALSE,FALSE,TRUE,FALSE,TRUE
P04773,U1465,Snapchat,camille.nguyen69,69,722,722,3.32,2.6,20.7,Afternoon (2-6pm),TRUE,FALSE,TRUE,FALSE,FALSE
P04774,U1466,Instagram,paisleyc762,88,488,430,4.22,3.2,49.7,Late Night (10pm-2am),FALSE,FALSE,TRUE,FALSE,FALSE
P04775,U1466,TikTok,paisley.carter56,45,1381,708,4.37,2.6,89.5,Late Night (10pm-2am),FALSE,FALSE,FALSE,FALSE,TRUE
P04776,U1466,Snapchat,paisleyc242,91,221,221,7.13,7.7,28.7,Late Night (10pm-2am),TRUE,FALSE,FALSE,TRUE,TRUE
P04777,U1466,X (Twitter),itspaisleyo,50,67,215,6.0,5.1,10.0,Late Night (10pm-2am),FALSE,FALSE,TRUE,FALSE,TRUE
P04778,U1467,Instagram,priyaw569,62,911,331,0.2,1.0,112.3,Late Night (10pm-2am),FALSE,FALSE,FALSE,FALSE,TRUE
P04779,U1467,TikTok,priya.wood,24,656,326,1.64,3.5,79.2,Late Night (10pm-2am),FALSE,FALSE,TRUE,FALSE,FALSE
P04780,U1467,Snapchat,priya.wood16,91,474,474,5.55,0.8,34.8,Late Night (10pm-2am),TRUE,FALSE,FALSE,TRUE,TRUE
P04781,U1468,Instagram,aurora.sullivan,13,539,328,2.64,3.8,48.9,Afternoon (2-6pm),TRUE,FALSE,FALSE,FALSE,TRUE
P04782,U1468,TikTok,itsaurora,68,4062,591,2.4,4.0,83.6,Afternoon (2-6pm),FALSE,FALSE,FALSE,FALSE,TRUE
P04783,U1468,Snapchat,auroras567,75,778,778,5.13,1.3,40.6,Evening (6-10pm),TRUE,FALSE,TRUE,FALSE,TRUE
P04784,U1469,Instagram,owen.wang77,53,774,404,1.17,2.2,28.5,Late Night (10pm-2am),TRUE,FALSE,TRUE,FALSE,TRUE
P04785,U1469,TikTok,owen.wang,41,141,748,5.08,2.6,152.1,Late Night (10pm-2am),TRUE,FALSE,TRUE,TRUE,TRUE
P04786,U1469,Snapchat,owen.wang54,107,207,207,3.55,1.4,34.0,Late Night (10pm-2am),FALSE,FALSE,FALSE,TRUE,TRUE
P04787,U1469,X (Twitter),owenw98,26,20,560,5.41,0.6,18.4,Late Night (10pm-2am),FALSE,FALSE,FALSE,FALSE,FALSE
P04788,U1470,Instagram,emiliaw586,96,730,361,3.03,2.6,61.2,Late Night (10pm-2am),FALSE,FALSE,FALSE,FALSE,TRUE
P04789,U1470,TikTok,emilia.wang,46,7388,812,1.26,0.7,56.0,Late Night (10pm-2am),FALSE,FALSE,FALSE,TRUE,FALSE
P04790,U1470,Snapchat,emiliaw817,45,260,260,5.18,4.5,44.7,Late Night (10pm-2am),TRUE,FALSE,TRUE,FALSE,TRUE
P04791,U1470,Facebook,emilia_2028,63,619,619,3.27,2.7,10.7,Late Night (10pm-2am),FALSE,FALSE,TRUE,TRUE,FALSE
P04792,U1471,Instagram,jin.torres,88,122,416,3.25,0.9,59.5,Evening (6-10pm),FALSE,FALSE,TRUE,FALSE,TRUE
P04793,U1471,TikTok,jint403,46,159,667,2.71,0.9,104.7,Afternoon (2-6pm),TRUE,FALSE,FALSE,FALSE,TRUE
P04794,U1471,Snapchat,jin.torres,75,526,526,0.65,1.9,42.4,Afternoon (2-6pm),TRUE,FALSE,FALSE,FALSE,FALSE
P04795,U1471,X (Twitter),jint592,63,220,412,0.3,1.0,38.0,Evening (6-10pm),FALSE,FALSE,TRUE,FALSE,TRUE
P04796,U1471,Facebook,jint292,90,408,408,2.01,1.1,12.3,Evening (6-10pm),TRUE,FALSE,FALSE,TRUE,TRUE
P04797,U1472,Instagram,hudson_gram,85,7012,522,0.55,0.5,78.7,Midday (10am-2pm),FALSE,FALSE,TRUE,FALSE,FALSE
P04798,U1472,TikTok,hudsonh991,78,54,304,5.42,3.0,84.0,Morning (6-10am),TRUE,FALSE,TRUE,FALSE,TRUE
P04799,U1472,X (Twitter),hudson_2028,29,160,107,4.3,1.4,29.1,Morning (6-10am),FALSE,FALSE,FALSE,FALSE,TRUE
P04800,U1472,Facebook,hudson.hernandez,103,725,725,3.56,2.5,17.0,Morning (6-10am),FALSE,FALSE,FALSE,FALSE,TRUE
P04801,U1473,Instagram,itscalebx,81,880,343,3.64,2.2,164.0,Late Night (10pm-2am),FALSE,FALSE,TRUE,TRUE,FALSE
P04802,U1473,TikTok,calebp657,32,146,349,4.72,1.6,74.6,Late Night (10pm-2am),TRUE,FALSE,TRUE,FALSE,TRUE
P04803,U1473,X (Twitter),caleb.phillips,45,23,143,2.99,1.8,17.1,Late Night (10pm-2am),TRUE,FALSE,FALSE,TRUE,TRUE
P04804,U1474,Instagram,auroram425,54,2538,590,2.87,1.1,28.5,Evening (6-10pm),FALSE,FALSE,FALSE,FALSE,TRUE
P04805,U1474,TikTok,itsaurora8,49,221,329,2.83,0.6,54.3,Afternoon (2-6pm),TRUE,FALSE,TRUE,FALSE,FALSE
P04806,U1474,Snapchat,aurora.murray70,95,448,448,3.04,1.5,99.1,Midday (10am-2pm),FALSE,FALSE,FALSE,TRUE,FALSE
P04807,U1475,Instagram,itslandon,65,1241,314,3.79,4.0,36.8,Late Night (10pm-2am),FALSE,FALSE,TRUE,FALSE,TRUE
P04808,U1475,TikTok,landonm511,32,201,2219,5.15,4.0,73.0,Late Night (10pm-2am),TRUE,FALSE,TRUE,FALSE,TRUE
P04809,U1475,Snapchat,landonm183,60,574,574,2.75,2.9,71.7,Late Night (10pm-2am),TRUE,FALSE,TRUE,FALSE,FALSE
P04810,U1475,Facebook,landonm849,43,1076,1076,2.82,3.8,4.4,Late Night (10pm-2am),FALSE,FALSE,TRUE,FALSE,TRUE
P04811,U1476,Instagram,aubrey.harris,45,1149,193,3.92,3.6,128.5,Late Night (10pm-2am),FALSE,FALSE,TRUE,TRUE,TRUE
P04812,U1476,TikTok,aubrey.harris33,53,1614,268,0.81,2.8,96.8,Late Night (10pm-2am),FALSE,FALSE,TRUE,FALSE,TRUE
P04813,U1477,Instagram,itslucyx,49,6101,210,0.2,2.8,76.0,Late Night (10pm-2am),FALSE,FALSE,FALSE,FALSE,TRUE
P04814,U1477,TikTok,lucy_gram,51,244,1808,3.68,2.8,58.5,Late Night (10pm-2am),TRUE,FALSE,TRUE,TRUE,TRUE
P04815,U1477,Snapchat,lucyh287,103,402,402,4.99,0.6,121.7,Late Night (10pm-2am),TRUE,FALSE,TRUE,FALSE,TRUE
P04816,U1478,Instagram,camille.cooper,17,1342,203,0.2,3.5,61.2,Afternoon (2-6pm),TRUE,FALSE,TRUE,FALSE,TRUE
P04817,U1478,TikTok,camille.cooper,42,1410,710,1.48,2.3,108.0,Evening (6-10pm),TRUE,FALSE,TRUE,FALSE,TRUE
P04818,U1478,Snapchat,camillec429,71,348,348,4.2,1.1,63.5,Evening (6-10pm),TRUE,FALSE,TRUE,FALSE,FALSE
P04819,U1478,X (Twitter),camille_x,44,256,200,2.93,2.7,26.0,Evening (6-10pm),FALSE,FALSE,FALSE,FALSE,TRUE
P04820,U1479,Instagram,simone.gomez,78,3769,129,2.07,1.8,86.4,Midday (10am-2pm),TRUE,FALSE,TRUE,FALSE,TRUE
P04821,U1479,TikTok,simoneg309,30,1152,542,3.32,2.3,210.0,Afternoon (2-6pm),FALSE,FALSE,TRUE,FALSE,FALSE
P04822,U1480,Instagram,brooklynb155,82,381,317,1.53,1.2,68.8,Late Night (10pm-2am),TRUE,FALSE,TRUE,FALSE,TRUE
P04823,U1480,TikTok,brooklynb12,47,747,578,1.27,2.1,59.9,Late Night (10pm-2am),FALSE,FALSE,TRUE,FALSE,TRUE
P04824,U1481,Instagram,joseph_tv,60,273,183,2.15,1.9,58.7,Evening (6-10pm),TRUE,FALSE,TRUE,FALSE,TRUE
P04825,U1481,TikTok,itsjosephx,35,123,342,3.36,2.3,102.9,Evening (6-10pm),FALSE,FALSE,FALSE,TRUE,TRUE
P04826,U1481,Snapchat,josephj703,62,233,233,1.1,2.0,35.9,Evening (6-10pm),FALSE,FALSE,FALSE,TRUE,FALSE
P04827,U1481,X (Twitter),joseph_2026,69,682,100,1.93,0.8,26.4,Evening (6-10pm),TRUE,FALSE,FALSE,FALSE,FALSE
P04828,U1482,Instagram,jeremiahc67,73,132,152,2.55,0.9,114.8,Late Night (10pm-2am),FALSE,FALSE,TRUE,FALSE,TRUE
P04829,U1482,TikTok,jeremiahc796,30,644,330,1.92,2.2,64.7,Late Night (10pm-2am),TRUE,FALSE,TRUE,FALSE,TRUE
P04830,U1482,Snapchat,jeremiah_2025,57,684,684,2.79,3.7,30.8,Late Night (10pm-2am),FALSE,FALSE,TRUE,FALSE,TRUE
P04831,U1482,X (Twitter),jeremiah_gram,26,76,182,2.54,3.6,26.8,Late Night (10pm-2am),FALSE,FALSE,FALSE,FALSE,TRUE
P04832,U1483,Instagram,isaiah_2028,30,2101,346,3.75,2.0,81.6,Evening (6-10pm),FALSE,FALSE,FALSE,FALSE,FALSE
P04833,U1483,TikTok,isaiah_x,70,38,552,2.87,5.3,192.9,Afternoon (2-6pm),FALSE,FALSE,TRUE,FALSE,TRUE
P04834,U1483,X (Twitter),isaiah.stewart,58,125,174,3.91,4.3,30.1,Afternoon (2-6pm),TRUE,FALSE,FALSE,TRUE,TRUE
P04835,U1484,Instagram,itsnora7,60,814,759,2.69,1.5,97.8,Late Night (10pm-2am),FALSE,FALSE,TRUE,FALSE,FALSE
P04836,U1484,TikTok,nora.walsh,37,130,770,4.91,2.6,80.8,Late Night (10pm-2am),TRUE,FALSE,TRUE,FALSE,TRUE
P04837,U1484,Snapchat,nora.walsh,55,644,644,0.4,1.9,50.1,Late Night (10pm-2am),TRUE,FALSE,TRUE,FALSE,TRUE
P04838,U1485,Instagram,itsleox,80,1793,233,3.49,2.0,73.9,Midday (10am-2pm),FALSE,FALSE,FALSE,FALSE,TRUE
P04839,U1485,TikTok,itsleo,54,624,814,1.44,7.0,65.9,Midday (10am-2pm),FALSE,FALSE,FALSE,FALSE,FALSE
P04840,U1485,Snapchat,leo_tv,79,270,270,4.95,3.4,40.7,Morning (6-10am),TRUE,FALSE,TRUE,TRUE,TRUE
P04841,U1486,Instagram,john_2028,53,885,231,3.67,1.8,23.4,Evening (6-10pm),FALSE,FALSE,FALSE,FALSE,FALSE
P04842,U1486,TikTok,john_official,41,467,213,0.84,2.7,103.4,Evening (6-10pm),FALSE,FALSE,TRUE,TRUE,TRUE
P04843,U1486,Snapchat,john_tv,73,292,292,0.2,4.2,83.0,Midday (10am-2pm),TRUE,FALSE,FALSE,TRUE,TRUE
P04844,U1486,Facebook,john_2027,52,841,841,1.49,1.5,7.9,Evening (6-10pm),TRUE,FALSE,TRUE,TRUE,TRUE
P04845,U1487,Instagram,adrian.mendoza91,70,1564,364,3.0,1.4,58.9,Midday (10am-2pm),FALSE,FALSE,TRUE,TRUE,TRUE
P04846,U1487,TikTok,itsadrian6,29,1829,549,2.89,2.0,98.0,Midday (10am-2pm),FALSE,FALSE,TRUE,FALSE,TRUE
P04847,U1488,Instagram,chloe_x,67,434,293,3.54,2.6,22.4,Late Night (10pm-2am),TRUE,FALSE,FALSE,FALSE,TRUE
P04848,U1488,TikTok,itschloe2,46,49,691,4.09,0.9,85.2,Late Night (10pm-2am),FALSE,FALSE,FALSE,TRUE,TRUE
P04849,U1488,Snapchat,itschloeo,97,501,501,2.75,2.2,27.9,Late Night (10pm-2am),TRUE,FALSE,FALSE,FALSE,TRUE
P04850,U1489,Instagram,eleanor_tv,74,2399,538,2.71,2.8,25.3,Afternoon (2-6pm),FALSE,FALSE,TRUE,FALSE,TRUE
P04851,U1489,TikTok,eleanor_tv,62,433,408,4.28,6.0,89.7,Midday (10am-2pm),TRUE,FALSE,TRUE,FALSE,TRUE
P04852,U1489,Snapchat,eleanor_tv,58,219,219,5.22,6.9,47.8,Midday (10am-2pm),TRUE,FALSE,TRUE,FALSE,FALSE
P04853,U1490,Instagram,isabella.kaur86,64,2575,230,1.41,0.9,39.7,Afternoon (2-6pm),FALSE,FALSE,FALSE,FALSE,TRUE
P04854,U1490,TikTok,isabella.kaur1,26,718,419,2.54,4.9,127.7,Afternoon (2-6pm),FALSE,FALSE,TRUE,FALSE,TRUE
P04855,U1490,Snapchat,isabellak700,57,357,357,4.25,1.6,49.3,Evening (6-10pm),TRUE,FALSE,FALSE,TRUE,FALSE
P04856,U1490,X (Twitter),isabella.kaur39,15,90,426,3.81,2.4,50.0,Evening (6-10pm),FALSE,FALSE,TRUE,FALSE,TRUE
P04857,U1491,Instagram,landon.gutierrez,31,1046,149,2.78,2.6,85.2,Late Night (10pm-2am),TRUE,FALSE,TRUE,TRUE,TRUE
P04858,U1491,TikTok,landong863,28,513,113,2.04,1.5,95.4,Late Night (10pm-2am),TRUE,FALSE,TRUE,FALSE,TRUE
P04859,U1491,Snapchat,landon_x,94,172,172,2.66,0.6,73.6,Late Night (10pm-2am),TRUE,FALSE,TRUE,TRUE,TRUE
P04860,U1492,TikTok,itsaudreyo,11,421,599,3.28,1.5,178.6,Afternoon (2-6pm),FALSE,FALSE,TRUE,TRUE,TRUE
P04861,U1492,Snapchat,audrey.scott51,78,250,250,0.95,0.9,51.5,Evening (6-10pm),TRUE,FALSE,TRUE,FALSE,TRUE
P04862,U1493,Instagram,emilia.kowalski24,85,566,281,3.45,0.9,62.3,Morning (6-10am),FALSE,FALSE,TRUE,FALSE,TRUE
P04863,U1493,TikTok,emilia.kowalski,54,95,485,2.53,1.2,119.2,Morning (6-10am),FALSE,FALSE,TRUE,FALSE,FALSE
P04864,U1493,Snapchat,itsemilia,23,317,317,4.35,2.2,62.6,Morning (6-10am),TRUE,FALSE,TRUE,TRUE,TRUE
P04865,U1493,X (Twitter),itsemilia,51,42,221,3.66,2.2,28.6,Evening (6-10pm),FALSE,FALSE,FALSE,FALSE,TRUE
P04866,U1494,Instagram,avery.green,86,1593,201,0.2,1.4,75.7,Late Night (10pm-2am),TRUE,FALSE,TRUE,TRUE,TRUE
P04867,U1494,Snapchat,avery.green40,41,343,343,2.45,1.7,49.5,Late Night (10pm-2am),FALSE,FALSE,FALSE,FALSE,TRUE
P04868,U1495,Instagram,itslandon7,105,944,289,1.83,1.6,90.1,Midday (10am-2pm),FALSE,FALSE,TRUE,FALSE,TRUE
P04869,U1495,TikTok,landon.king,23,236,318,3.35,2.4,93.0,Afternoon (2-6pm),TRUE,FALSE,FALSE,FALSE,TRUE
P04870,U1495,Snapchat,landon_gram,67,891,891,2.77,0.9,21.8,Afternoon (2-6pm),TRUE,FALSE,TRUE,TRUE,FALSE
P04871,U1496,Instagram,levi.white,45,557,205,2.89,3.3,38.3,Late Night (10pm-2am),TRUE,FALSE,FALSE,FALSE,TRUE
P04872,U1496,TikTok,levi.white41,57,5697,822,3.17,4.1,121.4,Late Night (10pm-2am),FALSE,FALSE,FALSE,FALSE,TRUE
P04873,U1496,Snapchat,levi.white69,52,298,298,5.2,2.3,154.1,Late Night (10pm-2am),TRUE,FALSE,TRUE,TRUE,TRUE
P04874,U1496,X (Twitter),levi.white,60,125,179,5.32,3.5,14.6,Late Night (10pm-2am),FALSE,FALSE,FALSE,FALSE,TRUE
P04875,U1496,Facebook,levi.white,97,1211,1211,4.58,1.3,21.4,Late Night (10pm-2am),TRUE,FALSE,TRUE,FALSE,TRUE
P04876,U1497,Instagram,marcusa470,82,949,292,5.6,1.4,75.2,Evening (6-10pm),TRUE,FALSE,FALSE,FALSE,FALSE
P04877,U1497,TikTok,marcusa297,54,4908,2603,0.36,7.7,82.1,Evening (6-10pm),FALSE,FALSE,TRUE,TRUE,TRUE
P04878,U1497,Snapchat,marcusa64,64,406,406,3.79,2.7,81.6,Midday (10am-2pm),TRUE,FALSE,TRUE,TRUE,TRUE
P04879,U1497,X (Twitter),marcus.ali,34,114,78,7.48,3.2,15.9,Evening (6-10pm),FALSE,FALSE,FALSE,FALSE,TRUE
P04880,U1497,Facebook,marcus.ali79,122,1180,1180,2.92,2.7,17.0,Evening (6-10pm),FALSE,FALSE,FALSE,TRUE,TRUE
P04881,U1498,Instagram,aria.castillo85,52,1466,290,1.12,1.9,80.5,Evening (6-10pm),FALSE,FALSE,FALSE,FALSE,TRUE
P04882,U1498,X (Twitter),aria_gram,36,103,578,5.54,1.1,29.5,Evening (6-10pm),FALSE,FALSE,FALSE,FALSE,FALSE
P04883,U1499,Instagram,ellie.moore,85,1042,549,2.6,0.9,56.1,Evening (6-10pm),TRUE,FALSE,FALSE,FALSE,TRUE
P04884,U1499,Snapchat,elliem19,42,630,630,5.17,2.8,45.7,Midday (10am-2pm),TRUE,FALSE,TRUE,FALSE,TRUE
P04885,U1499,X (Twitter),ellie_gram,39,186,216,1.36,0.6,11.9,Midday (10am-2pm),FALSE,FALSE,TRUE,FALSE,FALSE
P04886,U1499,Facebook,ellie_2024,87,810,810,2.17,5.5,15.3,Midday (10am-2pm),FALSE,FALSE,FALSE,TRUE,TRUE
P04887,U1500,Instagram,itsjackx,73,1337,320,0.61,3.0,42.6,Afternoon (2-6pm),FALSE,FALSE,TRUE,TRUE,FALSE
P04888,U1500,TikTok,jack.gray,68,86,880,5.39,0.9,218.0,Afternoon (2-6pm),TRUE,FALSE,FALSE,TRUE,FALSE
P04889,U1500,Snapchat,jack.gray1,50,644,644,4.78,4.2,43.0,Midday (10am-2pm),TRUE,FALSE,TRUE,FALSE,TRUE
P04890,U1501,Instagram,aiden.anderson56,64,165,301,2.29,2.8,81.4,Evening (6-10pm),TRUE,FALSE,FALSE,FALSE,FALSE
P04891,U1501,TikTok,aiden_official,51,47,386,1.68,0.9,52.7,Midday (10am-2pm),FALSE,FALSE,TRUE,FALSE,TRUE
P04892,U1501,X (Twitter),itsaidenx,29,42,181,5.74,0.3,33.4,Afternoon (2-6pm),FALSE,FALSE,TRUE,FALSE,TRUE
P04893,U1502,Instagram,itsximena9,36,2211,146,1.48,3.4,66.3,Afternoon (2-6pm),FALSE,FALSE,TRUE,TRUE,TRUE
P04894,U1502,TikTok,ximena_gram,46,1128,399,2.55,4.2,69.9,Evening (6-10pm),FALSE,FALSE,TRUE,FALSE,TRUE
P04895,U1502,Snapchat,itsximena,32,534,534,3.13,1.0,62.5,Evening (6-10pm),TRUE,FALSE,TRUE,TRUE,FALSE
P04896,U1503,Instagram,ezekielk902,61,600,694,4.73,2.6,71.3,Late Night (10pm-2am),TRUE,FALSE,TRUE,TRUE,TRUE
P04897,U1503,Snapchat,ezekielk384,88,620,620,2.23,1.3,35.5,Late Night (10pm-2am),TRUE,FALSE,TRUE,FALSE,TRUE
P04898,U1503,Facebook,ezekielk224,39,838,838,1.85,1.5,9.8,Late Night (10pm-2am),FALSE,FALSE,TRUE,TRUE,FALSE
P04899,U1504,Instagram,isaiah_x,83,80,370,5.53,1.2,45.1,Evening (6-10pm),TRUE,FALSE,TRUE,TRUE,TRUE
P04900,U1504,TikTok,isaiah.perez32,40,21,587,1.16,1.5,73.0,Evening (6-10pm),FALSE,FALSE,TRUE,TRUE,TRUE
P04901,U1504,Facebook,isaiahp309,61,1043,1043,0.71,3.2,14.1,Midday (10am-2pm),FALSE,FALSE,FALSE,FALSE,FALSE
P04902,U1505,Instagram,itszoey,14,512,286,2.77,3.0,26.0,Midday (10am-2pm),FALSE,FALSE,FALSE,FALSE,TRUE
P04903,U1505,TikTok,zoey_tv,46,109,943,1.3,0.4,59.2,Afternoon (2-6pm),TRUE,FALSE,FALSE,FALSE,TRUE
P04904,U1505,Snapchat,zoeya378,106,474,474,3.09,1.0,23.2,Afternoon (2-6pm),FALSE,FALSE,FALSE,FALSE,TRUE
P04905,U1505,X (Twitter),zoey.adams92,35,120,134,3.57,2.4,33.8,Evening (6-10pm),TRUE,FALSE,FALSE,FALSE,TRUE
P04906,U1505,Facebook,zoey.adams78,118,166,166,3.28,4.7,16.3,Midday (10am-2pm),FALSE,FALSE,TRUE,TRUE,TRUE
P04907,U1506,Instagram,allisonn219,79,1871,1071,1.64,2.3,49.5,Late Night (10pm-2am),TRUE,FALSE,TRUE,FALSE,FALSE
P04908,U1506,TikTok,allisonn172,54,972,109,6.44,7.3,77.5,Late Night (10pm-2am),TRUE,FALSE,TRUE,FALSE,FALSE
P04909,U1506,X (Twitter),itsallison2,39,313,383,3.55,0.5,9.4,Late Night (10pm-2am),FALSE,FALSE,TRUE,FALSE,FALSE
P04910,U1506,Facebook,allisonn821,75,390,390,3.87,5.6,11.4,Late Night (10pm-2am),TRUE,FALSE,FALSE,TRUE,FALSE
P04911,U1507,Instagram,arjunc555,61,2459,391,0.2,3.3,57.4,Evening (6-10pm),TRUE,FALSE,TRUE,TRUE,TRUE
P04912,U1507,TikTok,arjun_official,41,1764,725,0.57,1.4,74.5,Evening (6-10pm),FALSE,FALSE,FALSE,FALSE,TRUE
P04913,U1507,Snapchat,arjun.choi40,89,341,341,1.86,1.3,23.7,Evening (6-10pm),TRUE,FALSE,TRUE,TRUE,FALSE
P04914,U1507,X (Twitter),itsarjuno,63,81,221,2.38,2.4,23.3,Evening (6-10pm),FALSE,FALSE,TRUE,FALSE,TRUE
P04915,U1507,Facebook,itsarjunx,72,461,461,2.14,1.4,17.9,Afternoon (2-6pm),FALSE,FALSE,TRUE,FALSE,FALSE
P04916,U1508,Instagram,ananya.okafor,49,916,95,4.29,0.8,40.0,Evening (6-10pm),FALSE,FALSE,FALSE,TRUE,TRUE
P04917,U1508,TikTok,ananyao630,21,165,495,1.53,0.6,78.7,Afternoon (2-6pm),TRUE,FALSE,TRUE,FALSE,TRUE
P04918,U1508,Snapchat,ananya.okafor67,85,343,343,2.05,8.2,63.6,Afternoon (2-6pm),TRUE,FALSE,TRUE,TRUE,FALSE
P04919,U1509,Instagram,luca_x,100,2019,1228,1.37,3.2,72.9,Late Night (10pm-2am),TRUE,FALSE,FALSE,FALSE,TRUE
P04920,U1509,TikTok,lucab507,46,958,949,3.27,3.7,74.6,Late Night (10pm-2am),TRUE,FALSE,TRUE,FALSE,TRUE
P04921,U1509,Snapchat,luca_official,99,544,544,2.63,2.7,87.5,Late Night (10pm-2am),TRUE,FALSE,FALSE,FALSE,TRUE
P04922,U1509,X (Twitter),luca_tv,49,323,296,5.31,1.9,26.7,Late Night (10pm-2am),FALSE,FALSE,FALSE,FALSE,FALSE
P04923,U1509,Facebook,luca.baker,83,194,194,5.18,2.1,12.2,Late Night (10pm-2am),FALSE,FALSE,TRUE,FALSE,TRUE
P04924,U1510,Instagram,maverick.singh,51,802,282,4.49,3.2,74.0,Midday (10am-2pm),FALSE,FALSE,FALSE,FALSE,FALSE
P04925,U1510,Snapchat,maverick_official,33,247,247,5.45,1.7,32.1,Evening (6-10pm),TRUE,FALSE,FALSE,TRUE,FALSE
P04926,U1511,Instagram,scarlettp314,54,469,1086,2.39,3.1,62.6,Evening (6-10pm),TRUE,FALSE,TRUE,FALSE,TRUE
P04927,U1511,TikTok,scarlettp847,35,3389,854,2.24,2.6,136.1,Evening (6-10pm),FALSE,FALSE,TRUE,FALSE,FALSE
P04928,U1511,Snapchat,scarlett.patel88,67,665,665,2.94,1.9,38.4,Evening (6-10pm),TRUE,FALSE,TRUE,FALSE,TRUE
P04929,U1511,X (Twitter),scarlettp291,20,136,417,2.84,2.2,18.9,Afternoon (2-6pm),FALSE,FALSE,TRUE,FALSE,TRUE
P04930,U1512,Instagram,sage.wagner,60,402,393,1.68,0.7,115.1,Evening (6-10pm),TRUE,FALSE,TRUE,FALSE,FALSE
P04931,U1512,TikTok,itssage3,42,115,210,1.8,0.9,49.5,Afternoon (2-6pm),TRUE,FALSE,FALSE,FALSE,FALSE
P04932,U1512,X (Twitter),itssage6,25,27,241,4.24,3.1,35.1,Evening (6-10pm),FALSE,FALSE,TRUE,FALSE,TRUE
P04933,U1513,Instagram,chloew571,62,1406,267,4.74,1.2,115.3,Late Night (10pm-2am),FALSE,FALSE,TRUE,FALSE,TRUE
P04934,U1513,TikTok,itschloeo,31,178,626,2.68,3.2,137.4,Late Night (10pm-2am),FALSE,FALSE,TRUE,TRUE,TRUE
P04935,U1513,Snapchat,chloew334,39,658,658,2.32,1.9,82.9,Late Night (10pm-2am),TRUE,FALSE,TRUE,FALSE,FALSE
P04936,U1514,Instagram,itsbenjamin4,41,466,399,2.6,3.5,54.2,Late Night (10pm-2am),TRUE,FALSE,TRUE,FALSE,TRUE
P04937,U1514,TikTok,benjamin.ali54,25,92,452,2.98,2.6,75.4,Late Night (10pm-2am),FALSE,FALSE,TRUE,FALSE,FALSE
P04938,U1514,Snapchat,benjamin.ali,31,430,430,0.2,2.0,44.9,Late Night (10pm-2am),TRUE,FALSE,TRUE,FALSE,TRUE
P04939,U1514,Facebook,itsbenjaminx,122,542,542,3.61,2.9,13.0,Late Night (10pm-2am),FALSE,FALSE,FALSE,TRUE,FALSE
P04940,U1515,Instagram,danielam141,43,555,166,1.31,1.8,64.8,Afternoon (2-6pm),FALSE,FALSE,FALSE,FALSE,TRUE
P04941,U1515,TikTok,daniela_x,41,253,622,1.1,1.8,186.6,Afternoon (2-6pm),FALSE,FALSE,TRUE,TRUE,TRUE
P04942,U1515,Snapchat,danielam712,93,327,327,2.36,1.3,32.5,Evening (6-10pm),TRUE,FALSE,TRUE,FALSE,TRUE
P04943,U1515,X (Twitter),itsdaniela2,20,40,39,3.52,2.2,37.3,Evening (6-10pm),FALSE,FALSE,FALSE,FALSE,TRUE
P04944,U1516,Instagram,lillian.hansen,41,1348,457,2.56,0.5,45.3,Midday (10am-2pm),FALSE,FALSE,FALSE,TRUE,TRUE
P04945,U1516,TikTok,itslilliano,52,252,882,1.58,1.0,177.4,Evening (6-10pm),TRUE,FALSE,TRUE,FALSE,TRUE
P04946,U1516,Snapchat,lillianh204,88,555,555,1.48,2.5,39.1,Afternoon (2-6pm),TRUE,FALSE,TRUE,FALSE,TRUE
P04947,U1516,Facebook,lillian.hansen,87,719,719,3.52,0.2,8.1,Afternoon (2-6pm),FALSE,FALSE,FALSE,FALSE,TRUE
P04948,U1517,Instagram,elijah.phillips67,67,2140,423,3.27,2.5,32.8,Late Night (10pm-2am),FALSE,FALSE,FALSE,FALSE,FALSE
P04949,U1517,TikTok,elijahp175,33,688,204,2.29,2.8,120.6,Late Night (10pm-2am),FALSE,FALSE,FALSE,FALSE,TRUE
P04950,U1517,Snapchat,itselijaho,91,281,281,3.99,2.3,35.2,Late Night (10pm-2am),TRUE,FALSE,TRUE,FALSE,TRUE
P04951,U1517,X (Twitter),elijahp581,55,41,109,6.23,5.0,11.1,Late Night (10pm-2am),FALSE,FALSE,TRUE,FALSE,TRUE
P04952,U1518,Instagram,jordanb623,82,441,511,3.6,3.8,61.0,Afternoon (2-6pm),FALSE,FALSE,TRUE,TRUE,TRUE
P04953,U1518,TikTok,jordan_x,68,186,1374,2.24,3.5,79.6,Afternoon (2-6pm),FALSE,FALSE,TRUE,FALSE,TRUE
P04954,U1519,Instagram,evelyn.sato1,65,1768,436,3.07,0.6,83.8,Evening (6-10pm),TRUE,FALSE,FALSE,FALSE,TRUE
P04955,U1519,TikTok,evelyn.sato,65,1616,172,1.47,3.0,42.9,Afternoon (2-6pm),TRUE,FALSE,TRUE,FALSE,TRUE
P04956,U1520,Instagram,lilyn89,58,489,490,3.28,3.3,84.1,Evening (6-10pm),TRUE,FALSE,TRUE,FALSE,FALSE
P04957,U1520,TikTok,lily.nelson,53,337,457,2.3,2.8,119.7,Morning (6-10am),TRUE,FALSE,TRUE,FALSE,TRUE
P04958,U1520,Snapchat,lily.nelson,83,163,163,5.68,0.7,40.2,Morning (6-10am),TRUE,FALSE,FALSE,TRUE,TRUE
P04959,U1520,Facebook,lily.nelson,60,668,668,2.23,3.5,21.5,Evening (6-10pm),TRUE,FALSE,FALSE,FALSE,TRUE
P04960,U1521,Instagram,itstayloro,82,3288,179,0.89,1.5,35.5,Late Night (10pm-2am),FALSE,FALSE,FALSE,FALSE,FALSE
P04961,U1521,Snapchat,taylorp589,54,641,641,3.04,1.2,18.1,Late Night (10pm-2am),TRUE,FALSE,TRUE,FALSE,FALSE
P04962,U1522,Instagram,itshudson3,60,1073,514,2.85,1.3,38.6,Late Night (10pm-2am),TRUE,FALSE,TRUE,FALSE,FALSE
P04963,U1522,TikTok,itshudsonx,57,1313,755,2.2,1.5,96.6,Late Night (10pm-2am),FALSE,FALSE,FALSE,FALSE,TRUE
P04964,U1522,Snapchat,hudsonv349,85,124,124,4.83,1.1,96.6,Late Night (10pm-2am),TRUE,FALSE,TRUE,FALSE,TRUE
P04965,U1522,X (Twitter),hudson.virtanen91,32,33,149,4.17,0.5,20.0,Late Night (10pm-2am),TRUE,FALSE,TRUE,FALSE,FALSE
P04966,U1522,Facebook,hudsonv467,69,875,875,4.28,1.9,6.4,Late Night (10pm-2am),FALSE,FALSE,FALSE,TRUE,TRUE
P04967,U1523,Instagram,lillianh611,66,933,350,3.43,1.7,68.4,Afternoon (2-6pm),FALSE,FALSE,TRUE,FALSE,TRUE
P04968,U1523,TikTok,itslillian6,43,724,730,3.36,3.1,82.6,Evening (6-10pm),FALSE,FALSE,FALSE,FALSE,FALSE
P04969,U1523,Snapchat,lillianh722,79,606,606,3.98,2.4,36.6,Evening (6-10pm),TRUE,FALSE,TRUE,FALSE,FALSE
P04970,U1523,Facebook,lillian_2027,42,1204,1204,2.61,5.2,6.9,Afternoon (2-6pm),FALSE,FALSE,FALSE,FALSE,TRUE
P04971,U1524,Instagram,everly.wood17,55,367,81,0.2,1.9,57.2,Late Night (10pm-2am),FALSE,FALSE,FALSE,FALSE,FALSE
P04972,U1524,TikTok,itseverly,72,61,265,4.16,0.1,161.2,Late Night (10pm-2am),FALSE,FALSE,FALSE,FALSE,TRUE
P04973,U1524,Snapchat,everly.wood60,64,349,349,3.26,1.6,21.4,Late Night (10pm-2am),TRUE,FALSE,TRUE,FALSE,TRUE
P04974,U1525,Instagram,alondram719,50,653,265,0.93,0.8,61.1,Evening (6-10pm),TRUE,FALSE,FALSE,FALSE,FALSE
P04975,U1525,TikTok,alondra_official,20,74,334,3.32,0.4,61.7,Midday (10am-2pm),FALSE,FALSE,FALSE,FALSE,FALSE
P04976,U1525,X (Twitter),itsalondra,35,20,241,3.39,1.4,13.9,Midday (10am-2pm),FALSE,FALSE,FALSE,FALSE,TRUE
P04977,U1526,Instagram,liam.sanchez,31,693,140,2.49,3.5,63.4,Morning (6-10am),FALSE,FALSE,FALSE,TRUE,FALSE
P04978,U1526,TikTok,itsliamo,24,115,634,2.9,0.5,105.2,Midday (10am-2pm),FALSE,FALSE,TRUE,FALSE,TRUE
P04979,U1526,Snapchat,liam_x,69,363,363,1.3,3.8,41.2,Morning (6-10am),TRUE,FALSE,TRUE,FALSE,FALSE
P04980,U1526,X (Twitter),itsliam2,81,80,247,2.23,1.2,26.4,Evening (6-10pm),FALSE,FALSE,FALSE,FALSE,FALSE
P04981,U1527,Instagram,itselizabetho,45,5274,234,2.83,2.3,64.3,Late Night (10pm-2am),FALSE,FALSE,FALSE,FALSE,FALSE
P04982,U1527,TikTok,elizabeth.li,53,715,763,2.95,3.0,85.9,Late Night (10pm-2am),FALSE,FALSE,TRUE,FALSE,FALSE
P04983,U1527,X (Twitter),itselizabeth7,9,123,584,4.55,1.2,42.4,Late Night (10pm-2am),FALSE,FALSE,FALSE,FALSE,FALSE
P04984,U1527,Facebook,elizabeth_gram,33,500,500,2.16,0.5,12.5,Late Night (10pm-2am),TRUE,FALSE,TRUE,FALSE,FALSE
P04985,U1528,Instagram,michaelk489,67,2960,682,3.55,0.9,32.4,Late Night (10pm-2am),FALSE,FALSE,FALSE,FALSE,TRUE
P04986,U1528,Snapchat,itsmichael,73,111,111,4.48,2.8,70.1,Late Night (10pm-2am),TRUE,FALSE,TRUE,FALSE,TRUE
P04987,U1529,Instagram,coltony880,19,733,786,3.12,4.1,44.5,Midday (10am-2pm),TRUE,FALSE,TRUE,FALSE,TRUE
P04988,U1529,TikTok,coltony925,48,509,844,4.32,2.5,154.5,Evening (6-10pm),TRUE,FALSE,TRUE,FALSE,TRUE
P04989,U1529,Facebook,colton_official,120,595,595,3.0,3.7,10.6,Afternoon (2-6pm),TRUE,FALSE,FALSE,FALSE,TRUE
P04990,U1530,Instagram,theodoreh448,81,1195,229,2.96,2.1,45.5,Late Night (10pm-2am),FALSE,FALSE,TRUE,FALSE,FALSE
P04991,U1530,TikTok,theodoreh236,38,103,318,1.1,5.1,64.5,Late Night (10pm-2am),FALSE,FALSE,TRUE,FALSE,TRUE
P04992,U1530,Snapchat,theodore.hughes,99,304,304,3.69,1.3,80.5,Late Night (10pm-2am),TRUE,FALSE,TRUE,TRUE,FALSE
P04993,U1531,Instagram,joshua.sanders,36,154,455,3.59,2.9,35.0,Morning (6-10am),TRUE,FALSE,TRUE,TRUE,TRUE
P04994,U1531,TikTok,joshua_x,57,38,420,3.48,0.6,113.5,Morning (6-10am),FALSE,FALSE,FALSE,FALSE,TRUE
P04995,U1531,Snapchat,joshua_x,75,295,295,2.46,0.2,52.5,Morning (6-10am),TRUE,FALSE,FALSE,FALSE,TRUE
P04996,U1532,Instagram,kennedy.kim90,63,220,471,3.3,0.8,101.1,Morning (6-10am),FALSE,FALSE,TRUE,FALSE,FALSE
P04997,U1532,TikTok,kennedyk768,54,440,1692,2.03,4.2,50.7,Morning (6-10am),TRUE,FALSE,TRUE,FALSE,TRUE
P04998,U1532,Snapchat,itskennedy1,88,553,553,2.02,0.6,33.8,Midday (10am-2pm),TRUE,FALSE,FALSE,TRUE,TRUE
P04999,U1532,X (Twitter),itskennedyx,50,62,254,4.55,1.3,36.4,Evening (6-10pm),TRUE,FALSE,TRUE,TRUE,TRUE
P05000,U1533,Instagram,savannahn959,97,122,538,2.49,0.5,27.2,Evening (6-10pm),TRUE,FALSE,TRUE,FALSE,TRUE
P05001,U1533,TikTok,savannah.novak,49,9,339,3.93,1.7,162.5,Afternoon (2-6pm),TRUE,FALSE,FALSE,TRUE,FALSE
P05002,U1533,Facebook,savannahn839,58,457,457,0.2,2.4,8.7,Midday (10am-2pm),FALSE,FALSE,TRUE,FALSE,FALSE
P05003,U1534,Instagram,priyaa406,92,885,363,5.16,0.8,58.0,Evening (6-10pm),TRUE,FALSE,TRUE,TRUE,FALSE
P05004,U1534,TikTok,priya.ali,53,1498,1770,5.83,2.5,139.0,Midday (10am-2pm),TRUE,FALSE,TRUE,FALSE,FALSE
P05005,U1534,Snapchat,priyaa307,88,259,259,1.54,2.3,38.0,Afternoon (2-6pm),TRUE,FALSE,FALSE,TRUE,TRUE
P05006,U1534,X (Twitter),itspriya7,49,127,76,5.17,3.6,18.6,Evening (6-10pm),FALSE,FALSE,FALSE,FALSE,TRUE
P05007,U1535,Instagram,angel.foster98,27,4537,432,2.78,1.0,78.6,Morning (6-10am),TRUE,FALSE,TRUE,FALSE,FALSE
P05008,U1535,TikTok,angel.foster97,32,473,198,2.51,1.7,103.9,Evening (6-10pm),TRUE,FALSE,TRUE,FALSE,FALSE
P05009,U1535,Facebook,angelf160,62,1356,1356,3.3,3.5,19.2,Evening (6-10pm),FALSE,FALSE,TRUE,FALSE,TRUE
P05010,U1536,Instagram,emily.johnson89,58,444,245,3.99,3.1,72.8,Evening (6-10pm),FALSE,FALSE,TRUE,TRUE,TRUE
P05011,U1536,TikTok,emily_official,50,9388,286,2.45,5.3,47.1,Afternoon (2-6pm),TRUE,FALSE,TRUE,FALSE,TRUE
P05012,U1536,X (Twitter),emilyj146,17,44,157,7.68,5.9,43.3,Evening (6-10pm),FALSE,FALSE,TRUE,FALSE,TRUE
P05013,U1536,Facebook,emily_x,25,393,393,4.6,2.4,18.8,Evening (6-10pm),FALSE,FALSE,TRUE,FALSE,TRUE
P05014,U1537,Instagram,itspaisley,53,376,1660,4.7,0.7,46.2,Late Night (10pm-2am),FALSE,FALSE,FALSE,FALSE,TRUE
P05015,U1537,TikTok,paisleyg775,65,234,448,2.45,2.1,73.3,Late Night (10pm-2am),FALSE,FALSE,TRUE,FALSE,FALSE
P05016,U1537,Snapchat,paisleyg902,46,463,463,3.7,2.0,36.6,Late Night (10pm-2am),TRUE,FALSE,TRUE,TRUE,TRUE
P05017,U1537,Facebook,itspaisleyo,58,373,373,2.73,2.1,17.0,Late Night (10pm-2am),FALSE,FALSE,TRUE,TRUE,TRUE
P05018,U1538,Instagram,harpert795,38,370,206,3.04,0.8,39.4,Late Night (10pm-2am),FALSE,FALSE,TRUE,FALSE,TRUE
P05019,U1538,TikTok,harper.tran83,52,468,1085,1.8,1.6,267.7,Late Night (10pm-2am),FALSE,FALSE,TRUE,FALSE,TRUE
P05020,U1538,Snapchat,harpert51,93,789,789,2.31,2.4,27.1,Late Night (10pm-2am),TRUE,FALSE,FALSE,TRUE,TRUE
P05021,U1539,Instagram,river.stewart,82,2298,208,1.28,0.5,96.2,Late Night (10pm-2am),TRUE,FALSE,TRUE,FALSE,FALSE
P05022,U1539,TikTok,rivers286,42,23,596,5.17,2.4,185.9,Late Night (10pm-2am),FALSE,FALSE,TRUE,FALSE,TRUE
P05023,U1539,X (Twitter),river_2024,35,78,257,6.04,6.0,10.3,Late Night (10pm-2am),FALSE,FALSE,TRUE,TRUE,TRUE
P05024,U1540,Instagram,noah_x,77,706,433,3.74,1.0,41.8,Midday (10am-2pm),TRUE,FALSE,FALSE,FALSE,TRUE
P05025,U1540,Snapchat,noaha121,35,785,785,2.61,0.7,48.0,Evening (6-10pm),TRUE,FALSE,TRUE,FALSE,TRUE
P05026,U1541,Instagram,lucya757,59,522,1173,3.17,2.2,63.5,Late Night (10pm-2am),TRUE,FALSE,TRUE,TRUE,TRUE
P05027,U1542,TikTok,naomi.choi81,18,194,824,4.43,0.6,39.5,Afternoon (2-6pm),FALSE,FALSE,TRUE,FALSE,TRUE
P05028,U1542,Snapchat,naomi_gram,58,509,509,4.99,2.0,30.7,Evening (6-10pm),TRUE,FALSE,TRUE,TRUE,TRUE
P05029,U1542,X (Twitter),naomi.choi,22,105,190,1.9,1.2,21.3,Evening (6-10pm),FALSE,FALSE,FALSE,FALSE,TRUE
P05030,U1543,Instagram,itsjacko,101,787,274,3.42,0.9,33.9,Evening (6-10pm),FALSE,FALSE,TRUE,TRUE,TRUE
P05031,U1543,TikTok,itsjack8,47,185,400,5.92,5.6,141.7,Afternoon (2-6pm),FALSE,FALSE,TRUE,FALSE,TRUE
P05032,U1543,X (Twitter),jack_x,21,68,168,3.98,2.4,10.7,Afternoon (2-6pm),TRUE,FALSE,FALSE,FALSE,TRUE
P05033,U1544,Instagram,savannah.wang,41,5395,447,1.33,2.5,67.2,Afternoon (2-6pm),TRUE,FALSE,TRUE,FALSE,TRUE
P05034,U1544,TikTok,itssavannah7,67,130,875,3.87,1.9,137.7,Afternoon (2-6pm),FALSE,FALSE,TRUE,FALSE,TRUE
P05035,U1544,Snapchat,savannahw769,78,340,340,2.2,3.6,23.4,Evening (6-10pm),TRUE,FALSE,FALSE,FALSE,FALSE
P05036,U1545,Instagram,bellak41,63,2779,295,2.73,3.9,90.0,Late Night (10pm-2am),FALSE,FALSE,TRUE,FALSE,TRUE
P05037,U1545,TikTok,bella.kowalski13,56,363,378,2.99,1.8,166.7,Late Night (10pm-2am),TRUE,FALSE,TRUE,TRUE,TRUE
P05038,U1545,Snapchat,bella.kowalski7,99,869,869,4.91,7.9,46.4,Late Night (10pm-2am),TRUE,FALSE,TRUE,TRUE,TRUE
P05039,U1545,Facebook,itsbellax,123,611,611,3.6,1.5,10.8,Late Night (10pm-2am),TRUE,FALSE,TRUE,FALSE,TRUE
P05040,U1546,Instagram,itslucasx,39,1097,619,1.29,5.6,63.1,Late Night (10pm-2am),FALSE,FALSE,FALSE,TRUE,TRUE
P05041,U1546,TikTok,lucas_2026,32,1731,677,3.62,2.3,141.6,Late Night (10pm-2am),TRUE,FALSE,TRUE,TRUE,TRUE
P05042,U1546,Snapchat,lucas_2029,56,526,526,4.88,0.7,25.3,Late Night (10pm-2am),TRUE,FALSE,FALSE,TRUE,TRUE
P05043,U1547,Instagram,jin_gram,74,586,350,3.92,1.5,36.8,Late Night (10pm-2am),FALSE,FALSE,TRUE,TRUE,TRUE
P05044,U1547,TikTok,jin_2029,58,1091,957,3.96,2.0,86.9,Late Night (10pm-2am),FALSE,FALSE,TRUE,FALSE,TRUE
P05045,U1547,Snapchat,jin.hernandez40,50,224,224,4.46,4.3,44.9,Late Night (10pm-2am),TRUE,FALSE,FALSE,FALSE,TRUE
P05046,U1548,Instagram,victoriac56,60,4018,444,0.63,1.6,24.6,Midday (10am-2pm),FALSE,FALSE,TRUE,FALSE,TRUE
P05047,U1548,TikTok,victoriac316,43,1444,137,2.13,1.3,52.9,Evening (6-10pm),TRUE,FALSE,TRUE,TRUE,TRUE
P05048,U1548,X (Twitter),victoria_2027,71,323,313,2.31,2.3,19.2,Evening (6-10pm),FALSE,FALSE,TRUE,FALSE,TRUE
P05049,U1549,Instagram,andrewd644,18,305,844,0.6,3.0,115.6,Late Night (10pm-2am),TRUE,FALSE,TRUE,FALSE,TRUE
P05050,U1549,TikTok,andrewd865,36,253,674,2.22,1.8,75.1,Late Night (10pm-2am),TRUE,FALSE,FALSE,FALSE,FALSE
P05051,U1549,Snapchat,andrew_2027,91,189,189,1.46,1.0,25.4,Late Night (10pm-2am),TRUE,FALSE,FALSE,TRUE,FALSE
P05052,U1549,X (Twitter),andrew_official,21,17,151,5.18,1.0,11.2,Late Night (10pm-2am),TRUE,FALSE,TRUE,FALSE,TRUE
P05053,U1550,Instagram,elic157,32,357,323,1.97,1.5,171.5,Late Night (10pm-2am),FALSE,FALSE,TRUE,FALSE,TRUE
P05054,U1550,TikTok,eli_tv,35,267,1011,4.78,0.3,63.4,Late Night (10pm-2am),FALSE,FALSE,FALSE,TRUE,TRUE
P05055,U1550,Snapchat,elic267,67,483,483,0.2,2.2,27.4,Late Night (10pm-2am),FALSE,FALSE,TRUE,FALSE,TRUE
P05056,U1551,Instagram,savannah.williams96,60,568,453,1.07,1.4,56.7,Evening (6-10pm),FALSE,FALSE,TRUE,FALSE,FALSE
P05057,U1551,TikTok,savannah_tv,39,81,470,4.49,3.4,109.3,Evening (6-10pm),FALSE,FALSE,FALSE,FALSE,FALSE
P05058,U1551,Snapchat,savannahw407,81,300,300,4.5,1.7,52.3,Evening (6-10pm),TRUE,FALSE,TRUE,FALSE,TRUE
P05059,U1552,Instagram,josiah_tv,43,1104,567,0.88,0.5,69.8,Evening (6-10pm),FALSE,FALSE,TRUE,FALSE,TRUE
P05060,U1552,TikTok,josiah.hoffman,55,113,444,2.87,0.6,31.1,Afternoon (2-6pm),FALSE,FALSE,TRUE,FALSE,FALSE
P05061,U1552,Snapchat,josiahh285,92,191,191,3.09,0.1,22.5,Evening (6-10pm),FALSE,FALSE,TRUE,TRUE,TRUE
P05062,U1553,Instagram,ryan.richardson31,101,2019,744,6.8,4.0,41.1,Evening (6-10pm),FALSE,FALSE,FALSE,FALSE,TRUE
P05063,U1553,TikTok,ryanr936,6,163,1301,6.3,4.7,120.7,Evening (6-10pm),FALSE,FALSE,TRUE,TRUE,TRUE
P05064,U1553,X (Twitter),ryanr239,45,1328,72,3.88,3.1,17.9,Evening (6-10pm),TRUE,FALSE,FALSE,FALSE,TRUE
P05065,U1554,Instagram,layla.ivanov,75,5497,337,2.44,0.3,79.9,Late Night (10pm-2am),TRUE,FALSE,TRUE,FALSE,TRUE
P05066,U1554,TikTok,layla_x,47,219,320,1.92,3.5,90.5,Late Night (10pm-2am),TRUE,FALSE,TRUE,FALSE,TRUE
P05067,U1555,TikTok,camila.tanaka22,70,55,323,5.58,4.8,132.3,Late Night (10pm-2am),FALSE,FALSE,TRUE,FALSE,FALSE
P05068,U1555,X (Twitter),camila_gram,36,143,482,3.45,2.2,27.2,Late Night (10pm-2am),FALSE,FALSE,FALSE,FALSE,FALSE
P05069,U1556,Instagram,itsalex2,31,779,647,4.42,2.9,56.9,Midday (10am-2pm),FALSE,FALSE,FALSE,FALSE,TRUE
P05070,U1556,TikTok,itsalexx,27,19,555,4.5,4.6,117.1,Evening (6-10pm),FALSE,FALSE,TRUE,FALSE,FALSE
P05071,U1556,Snapchat,itsalexo,27,383,383,2.72,1.4,69.7,Evening (6-10pm),TRUE,FALSE,FALSE,TRUE,FALSE
P05072,U1557,Instagram,isabella_official,91,1453,317,3.48,3.2,97.7,Midday (10am-2pm),TRUE,FALSE,TRUE,FALSE,TRUE
P05073,U1557,TikTok,isabella.kowalski,27,1303,524,4.29,1.0,76.9,Afternoon (2-6pm),FALSE,FALSE,TRUE,FALSE,TRUE
P05074,U1557,Snapchat,isabella.kowalski,19,406,406,4.34,1.3,69.1,Evening (6-10pm),TRUE,FALSE,FALSE,TRUE,TRUE
P05075,U1557,Facebook,isabella_2028,104,1192,1192,2.98,1.7,20.2,Midday (10am-2pm),FALSE,FALSE,TRUE,FALSE,TRUE
P05076,U1558,Instagram,ameliam463,20,699,605,0.99,1.2,95.5,Late Night (10pm-2am),FALSE,FALSE,TRUE,TRUE,TRUE
P05077,U1558,TikTok,amelia.mendoza52,66,2902,1493,0.75,1.3,154.2,Late Night (10pm-2am),TRUE,FALSE,FALSE,FALSE,FALSE
P05078,U1558,Snapchat,itsameliax,65,379,379,2.95,1.0,80.3,Late Night (10pm-2am),TRUE,FALSE,FALSE,FALSE,TRUE
P05079,U1559,Instagram,mei_x,59,1395,162,3.53,2.5,81.5,Midday (10am-2pm),FALSE,FALSE,TRUE,FALSE,TRUE
P05080,U1559,TikTok,itsmei,66,190,166,2.54,2.3,75.5,Evening (6-10pm),TRUE,FALSE,TRUE,FALSE,TRUE
P05081,U1559,X (Twitter),mei.sharma,65,65,178,4.13,3.6,38.6,Evening (6-10pm),TRUE,FALSE,TRUE,FALSE,FALSE
P05082,U1560,Instagram,charles_gram,60,1713,293,3.14,2.0,138.4,Late Night (10pm-2am),FALSE,FALSE,TRUE,FALSE,TRUE
P05083,U1560,TikTok,charles_gram,12,181,945,5.33,3.2,81.4,Late Night (10pm-2am),TRUE,FALSE,FALSE,FALSE,TRUE
P05084,U1560,X (Twitter),itscharlesx,42,75,158,2.5,1.6,10.8,Late Night (10pm-2am),FALSE,FALSE,TRUE,FALSE,TRUE
P05085,U1560,Facebook,charles.tanaka,83,640,640,3.51,3.1,10.8,Late Night (10pm-2am),TRUE,FALSE,FALSE,FALSE,TRUE
P05086,U1561,Instagram,ellie_gram,62,458,164,1.08,0.9,188.4,Evening (6-10pm),TRUE,FALSE,TRUE,FALSE,TRUE
P05087,U1561,TikTok,ellieh39,49,2223,304,3.31,1.2,74.8,Evening (6-10pm),TRUE,FALSE,TRUE,TRUE,TRUE
P05088,U1561,X (Twitter),itsellie,87,10,194,5.06,2.5,23.2,Midday (10am-2pm),FALSE,FALSE,FALSE,TRUE,TRUE
P05089,U1561,Facebook,ellieh996,53,289,289,1.4,2.5,15.3,Afternoon (2-6pm),TRUE,FALSE,FALSE,FALSE,FALSE
P05090,U1562,Instagram,elizabeth_2024,73,987,592,2.71,1.0,79.2,Evening (6-10pm),TRUE,FALSE,FALSE,TRUE,FALSE
P05091,U1562,TikTok,elizabeth.richardson45,42,26,512,3.45,2.7,97.3,Evening (6-10pm),TRUE,FALSE,TRUE,FALSE,TRUE
P05092,U1563,Instagram,jaxon.morales,31,313,389,4.77,2.0,56.2,Afternoon (2-6pm),TRUE,FALSE,TRUE,FALSE,TRUE
P05093,U1563,TikTok,jaxonm86,26,301,473,2.05,2.6,70.2,Evening (6-10pm),TRUE,FALSE,FALSE,FALSE,TRUE
P05094,U1563,X (Twitter),jaxonm739,12,81,406,3.01,1.6,25.7,Afternoon (2-6pm),TRUE,FALSE,TRUE,FALSE,FALSE
P05095,U1564,Instagram,milaw119,97,108,351,2.98,0.2,66.8,Late Night (10pm-2am),TRUE,FALSE,FALSE,FALSE,FALSE
P05096,U1565,Instagram,oliviab947,56,994,692,0.2,4.2,18.0,Evening (6-10pm),FALSE,FALSE,TRUE,FALSE,TRUE
P05097,U1565,TikTok,oliviab909,40,644,2726,2.62,1.3,118.3,Evening (6-10pm),FALSE,FALSE,FALSE,FALSE,TRUE
P05098,U1565,Facebook,olivia_gram,95,392,392,1.14,2.4,11.1,Midday (10am-2pm),TRUE,FALSE,FALSE,FALSE,TRUE
P05099,U1566,Instagram,naomi.hoffman,59,1498,176,3.13,2.0,70.5,Late Night (10pm-2am),TRUE,FALSE,TRUE,TRUE,TRUE
P05100,U1566,TikTok,naomi_x,24,119,257,3.61,1.1,58.9,Late Night (10pm-2am),FALSE,FALSE,TRUE,FALSE,TRUE
P05101,U1566,Snapchat,naomi.hoffman42,53,151,151,0.2,0.4,63.6,Late Night (10pm-2am),TRUE,FALSE,FALSE,FALSE,TRUE
P05102,U1567,Instagram,naomiw399,73,2764,439,1.56,4.3,79.5,Late Night (10pm-2am),TRUE,FALSE,TRUE,TRUE,TRUE
P05103,U1567,TikTok,naomiw453,42,224,396,2.08,1.7,48.9,Late Night (10pm-2am),FALSE,FALSE,FALSE,FALSE,TRUE
P05104,U1567,Facebook,naomi.watson66,85,567,567,0.2,0.6,12.1,Late Night (10pm-2am),FALSE,FALSE,FALSE,FALSE,TRUE
P05105,U1568,Instagram,mila_2024,38,1186,446,3.05,5.2,58.6,Late Night (10pm-2am),TRUE,FALSE,TRUE,FALSE,TRUE
P05106,U1568,TikTok,milak730,31,69,584,4.41,0.4,127.5,Late Night (10pm-2am),FALSE,FALSE,TRUE,TRUE,FALSE
P05107,U1568,Snapchat,itsmila1,73,186,186,2.19,1.6,43.7,Late Night (10pm-2am),TRUE,FALSE,FALSE,TRUE,FALSE
P05108,U1568,X (Twitter),mila_2027,35,53,138,3.76,2.3,11.7,Late Night (10pm-2am),FALSE,FALSE,TRUE,FALSE,TRUE
P05109,U1569,Instagram,elliem679,32,311,426,1.52,3.2,39.8,Midday (10am-2pm),TRUE,FALSE,TRUE,FALSE,FALSE
P05110,U1569,TikTok,ellie.morales45,26,21,233,4.6,0.8,69.9,Evening (6-10pm),TRUE,FALSE,FALSE,FALSE,FALSE
P05111,U1569,Snapchat,itselliex,53,646,646,3.44,0.9,50.1,Evening (6-10pm),TRUE,FALSE,TRUE,TRUE,TRUE
P05112,U1569,X (Twitter),ellie.morales,48,153,551,5.83,1.3,7.0,Evening (6-10pm),TRUE,FALSE,TRUE,FALSE,TRUE
P05113,U1569,Facebook,elliem480,81,740,740,1.8,1.1,12.8,Evening (6-10pm),FALSE,FALSE,TRUE,TRUE,TRUE
P05114,U1570,Instagram,itsmaverick,77,259,384,4.78,3.6,194.9,Late Night (10pm-2am),TRUE,FALSE,TRUE,TRUE,TRUE
P05115,U1570,TikTok,mavericks504,56,373,845,3.25,1.1,56.2,Late Night (10pm-2am),FALSE,FALSE,TRUE,FALSE,TRUE
P05116,U1571,Instagram,gabriellap688,75,285,283,3.28,0.6,96.7,Midday (10am-2pm),TRUE,FALSE,TRUE,FALSE,TRUE
P05117,U1571,Snapchat,gabriella.price71,93,310,310,2.12,3.4,38.3,Evening (6-10pm),FALSE,FALSE,FALSE,FALSE,FALSE
P05118,U1571,X (Twitter),gabriella.price,22,345,263,2.12,2.5,23.7,Evening (6-10pm),FALSE,FALSE,TRUE,FALSE,TRUE
P05119,U1572,Instagram,liam.davis,63,1182,332,0.76,0.6,60.8,Midday (10am-2pm),FALSE,FALSE,FALSE,TRUE,TRUE
P05120,U1572,TikTok,liam_x,38,180,393,4.17,4.9,90.0,Midday (10am-2pm),FALSE,FALSE,TRUE,FALSE,TRUE
P05121,U1572,Snapchat,liamd65,23,199,199,3.52,2.4,41.3,Morning (6-10am),TRUE,FALSE,TRUE,FALSE,FALSE
P05122,U1572,X (Twitter),itsliam5,90,196,370,1.87,8.3,13.3,Midday (10am-2pm),FALSE,FALSE,TRUE,FALSE,TRUE
P05123,U1573,Instagram,itsnora1,67,1755,568,3.45,2.7,89.6,Midday (10am-2pm),TRUE,FALSE,TRUE,TRUE,FALSE
P05124,U1573,TikTok,nora.rossi69,56,258,432,2.32,1.3,93.4,Morning (6-10am),FALSE,FALSE,TRUE,FALSE,TRUE
P05125,U1573,Snapchat,nora_x,81,442,442,3.99,3.4,25.0,Morning (6-10am),TRUE,FALSE,FALSE,TRUE,TRUE
P05126,U1574,Instagram,taylor_official,65,1385,788,4.28,2.1,101.4,Afternoon (2-6pm),FALSE,FALSE,TRUE,TRUE,TRUE
P05127,U1574,TikTok,taylor.dubois86,62,128,946,2.56,1.1,99.6,Afternoon (2-6pm),TRUE,FALSE,TRUE,TRUE,TRUE
P05128,U1575,Instagram,miap6,93,459,274,4.38,4.7,73.3,Midday (10am-2pm),FALSE,FALSE,TRUE,TRUE,FALSE
P05129,U1575,TikTok,miap163,42,161,419,3.56,1.8,20.3,Evening (6-10pm),FALSE,FALSE,TRUE,FALSE,TRUE
P05130,U1575,Snapchat,mia.parker17,59,334,334,3.24,4.6,66.5,Midday (10am-2pm),FALSE,FALSE,TRUE,TRUE,TRUE
P05131,U1575,Facebook,mia_x,95,763,763,4.3,2.9,7.6,Morning (6-10am),FALSE,FALSE,TRUE,FALSE,FALSE
P05132,U1576,Instagram,lucas.lindberg,87,177,337,2.78,0.3,53.0,Late Night (10pm-2am),TRUE,FALSE,TRUE,TRUE,FALSE
P05133,U1576,TikTok,lucasl706,32,281,221,3.28,4.5,109.5,Late Night (10pm-2am),FALSE,FALSE,FALSE,FALSE,FALSE
P05134,U1576,Snapchat,lucasl483,106,365,365,2.18,1.1,32.0,Late Night (10pm-2am),TRUE,FALSE,TRUE,TRUE,FALSE
P05135,U1576,X (Twitter),lucasl396,11,97,104,3.31,0.7,18.0,Late Night (10pm-2am),FALSE,FALSE,FALSE,FALSE,TRUE
P05136,U1576,Facebook,lucas_x,51,1311,1311,2.69,1.5,11.1,Late Night (10pm-2am),TRUE,FALSE,TRUE,FALSE,TRUE
P05137,U1577,Instagram,miab813,68,786,372,2.98,3.0,58.8,Afternoon (2-6pm),TRUE,FALSE,FALSE,FALSE,TRUE
P05138,U1577,TikTok,miab466,23,174,535,2.49,1.2,77.3,Evening (6-10pm),FALSE,FALSE,TRUE,FALSE,FALSE
P05139,U1577,Snapchat,miab616,80,239,239,2.24,2.5,28.1,Evening (6-10pm),TRUE,FALSE,TRUE,FALSE,TRUE
P05140,U1578,Instagram,valentinah114,49,391,661,4.08,4.2,75.6,Evening (6-10pm),TRUE,FALSE,FALSE,FALSE,TRUE
P05141,U1578,TikTok,valentinah625,36,259,948,3.69,2.8,72.6,Evening (6-10pm),FALSE,FALSE,TRUE,FALSE,FALSE
P05142,U1579,Instagram,ananyas995,27,620,395,3.11,1.0,78.1,Late Night (10pm-2am),FALSE,FALSE,FALSE,FALSE,FALSE
P05143,U1579,TikTok,ananya_official,55,973,450,3.51,1.9,71.9,Late Night (10pm-2am),FALSE,FALSE,FALSE,FALSE,TRUE
P05144,U1579,Snapchat,ananya.silva50,99,446,446,2.98,3.2,28.9,Late Night (10pm-2am),TRUE,FALSE,TRUE,FALSE,TRUE
P05145,U1580,TikTok,bella.sharma,56,2308,1022,1.68,1.9,49.7,Morning (6-10am),FALSE,FALSE,TRUE,FALSE,TRUE
P05146,U1580,Snapchat,bella.sharma40,79,652,652,3.21,3.2,33.0,Evening (6-10pm),TRUE,FALSE,TRUE,TRUE,TRUE
P05147,U1580,Facebook,bella.sharma39,80,882,882,5.95,2.9,9.0,Evening (6-10pm),FALSE,FALSE,TRUE,FALSE,TRUE
P05148,U1581,Instagram,mateo.moreau,68,877,427,3.42,4.8,60.7,Morning (6-10am),FALSE,FALSE,TRUE,TRUE,TRUE
P05149,U1581,TikTok,mateo.moreau,56,983,1139,4.51,1.9,49.1,Morning (6-10am),TRUE,FALSE,TRUE,FALSE,TRUE
P05150,U1581,Facebook,itsmateo,36,352,352,5.28,1.7,14.5,Evening (6-10pm),FALSE,FALSE,TRUE,TRUE,TRUE
P05151,U1582,Instagram,scarlettm488,47,405,530,2.9,4.0,94.9,Evening (6-10pm),TRUE,FALSE,FALSE,FALSE,TRUE
P05152,U1582,TikTok,scarlett.mendoza79,47,115,233,0.91,1.1,201.9,Afternoon (2-6pm),TRUE,FALSE,FALSE,FALSE,FALSE
P05153,U1582,X (Twitter),scarlettm307,15,128,317,3.79,0.9,14.7,Evening (6-10pm),TRUE,FALSE,TRUE,FALSE,TRUE
P05154,U1583,Instagram,hudsonb692,89,182,813,2.65,0.4,42.5,Midday (10am-2pm),TRUE,FALSE,FALSE,FALSE,FALSE
P05155,U1583,TikTok,hudson.byrne24,20,249,587,3.16,1.4,95.9,Morning (6-10am),FALSE,FALSE,FALSE,FALSE,TRUE
P05156,U1583,Snapchat,hudson.byrne,104,207,207,1.91,1.6,102.7,Midday (10am-2pm),TRUE,FALSE,TRUE,TRUE,TRUE
P05157,U1583,Facebook,hudson_tv,115,693,693,2.1,1.8,14.4,Evening (6-10pm),TRUE,FALSE,FALSE,TRUE,FALSE
P05158,U1584,Instagram,emersong816,61,786,187,1.98,1.5,45.7,Late Night (10pm-2am),TRUE,FALSE,TRUE,TRUE,TRUE
P05159,U1584,Snapchat,emersong672,54,66,66,2.36,1.7,112.9,Late Night (10pm-2am),TRUE,FALSE,TRUE,FALSE,FALSE
P05160,U1585,Instagram,lucas_2025,67,3979,295,1.62,3.1,55.1,Late Night (10pm-2am),TRUE,FALSE,TRUE,FALSE,TRUE
P05161,U1585,TikTok,lucas.santos43,58,754,1230,0.83,1.2,91.9,Late Night (10pm-2am),FALSE,FALSE,TRUE,FALSE,TRUE
P05162,U1585,Snapchat,lucas_gram,51,363,363,4.77,1.7,26.0,Late Night (10pm-2am),TRUE,FALSE,TRUE,TRUE,FALSE
P05163,U1585,X (Twitter),lucass571,53,120,209,3.89,1.6,13.9,Late Night (10pm-2am),FALSE,FALSE,FALSE,FALSE,FALSE
P05164,U1586,Instagram,lillian_2025,28,148,217,3.13,1.4,106.5,Morning (6-10am),FALSE,FALSE,TRUE,TRUE,TRUE
P05165,U1586,TikTok,lillian_2030,33,785,474,3.38,1.1,45.7,Morning (6-10am),FALSE,FALSE,FALSE,FALSE,FALSE
P05166,U1586,Snapchat,lilliant583,40,282,282,3.91,2.1,41.1,Morning (6-10am),TRUE,FALSE,FALSE,TRUE,TRUE
P05167,U1587,Instagram,itssage7,54,188,405,3.2,1.7,33.8,Morning (6-10am),TRUE,FALSE,FALSE,TRUE,TRUE
P05168,U1587,TikTok,sage.rivera,37,257,368,2.14,0.9,99.8,Morning (6-10am),FALSE,FALSE,TRUE,FALSE,TRUE
P05169,U1587,Snapchat,sage_x,53,670,670,3.19,1.4,41.8,Morning (6-10am),TRUE,FALSE,FALSE,FALSE,TRUE
P05170,U1588,Instagram,bella.dubois,83,756,443,1.09,0.5,118.2,Evening (6-10pm),TRUE,FALSE,FALSE,FALSE,TRUE
P05171,U1588,TikTok,itsbellao,62,969,434,2.6,2.6,90.6,Evening (6-10pm),TRUE,FALSE,TRUE,FALSE,TRUE
P05172,U1588,Snapchat,itsbellao,62,288,288,3.23,2.1,41.5,Evening (6-10pm),TRUE,FALSE,TRUE,FALSE,FALSE
P05173,U1589,Instagram,alondram822,47,4118,331,3.16,3.8,47.1,Late Night (10pm-2am),TRUE,FALSE,FALSE,FALSE,TRUE
P05174,U1589,TikTok,alondram542,41,264,781,2.93,2.7,274.7,Late Night (10pm-2am),FALSE,FALSE,TRUE,TRUE,TRUE
P05175,U1589,Snapchat,alondra_2027,108,538,538,2.65,2.2,43.5,Late Night (10pm-2am),TRUE,FALSE,FALSE,TRUE,FALSE
P05176,U1589,X (Twitter),alondram530,52,6,99,5.05,3.6,23.1,Late Night (10pm-2am),FALSE,FALSE,FALSE,TRUE,TRUE
P05177,U1590,Instagram,graysonr148,64,1611,321,2.03,0.9,43.1,Late Night (10pm-2am),FALSE,FALSE,FALSE,FALSE,FALSE
P05178,U1590,TikTok,grayson.rivera73,57,69,1981,1.65,3.9,90.0,Late Night (10pm-2am),TRUE,FALSE,TRUE,FALSE,FALSE
P05179,U1590,Snapchat,grayson.rivera77,71,455,455,2.06,2.2,14.2,Late Night (10pm-2am),TRUE,FALSE,FALSE,FALSE,FALSE
P05180,U1590,X (Twitter),grayson.rivera,47,20,173,4.81,0.7,14.4,Late Night (10pm-2am),FALSE,FALSE,TRUE,FALSE,FALSE
P05181,U1590,Facebook,graysonr359,86,680,680,3.15,2.0,6.8,Late Night (10pm-2am),FALSE,FALSE,TRUE,FALSE,TRUE
P05182,U1591,Instagram,itsabigail,70,319,1334,3.47,2.1,82.6,Evening (6-10pm),TRUE,FALSE,FALSE,FALSE,TRUE
P05183,U1591,TikTok,abigail.wagner,72,318,167,3.01,2.9,171.1,Afternoon (2-6pm),TRUE,FALSE,TRUE,TRUE,TRUE
P05184,U1591,Snapchat,abigail_tv,85,360,360,3.66,2.6,19.8,Afternoon (2-6pm),FALSE,FALSE,FALSE,TRUE,TRUE
P05185,U1591,Facebook,abigailw41,24,269,269,2.59,1.1,5.4,Evening (6-10pm),FALSE,FALSE,FALSE,TRUE,TRUE
P05186,U1592,Instagram,meip983,69,1462,217,1.23,6.9,47.5,Midday (10am-2pm),TRUE,FALSE,TRUE,FALSE,FALSE
P05187,U1592,TikTok,meip187,28,62,259,2.75,1.5,52.8,Afternoon (2-6pm),TRUE,FALSE,TRUE,FALSE,TRUE
P05188,U1592,Snapchat,meip670,109,544,544,2.05,1.6,64.5,Afternoon (2-6pm),TRUE,FALSE,TRUE,FALSE,TRUE
P05189,U1593,Instagram,samuel.hoffman47,30,447,322,0.85,2.4,63.8,Afternoon (2-6pm),TRUE,FALSE,TRUE,FALSE,TRUE
P05190,U1593,TikTok,samuel.hoffman,18,199,128,4.1,0.5,51.5,Midday (10am-2pm),FALSE,FALSE,FALSE,FALSE,TRUE
P05191,U1593,Snapchat,samuel_x,56,193,193,3.33,4.0,24.5,Evening (6-10pm),TRUE,FALSE,TRUE,TRUE,TRUE
P05192,U1593,X (Twitter),itssamuel7,30,98,340,1.18,1.7,9.2,Midday (10am-2pm),FALSE,FALSE,FALSE,FALSE,TRUE
P05193,U1593,Facebook,samuel.hoffman,49,424,424,4.12,2.1,7.7,Evening (6-10pm),TRUE,FALSE,FALSE,FALSE,TRUE
P05194,U1594,Snapchat,ethan.kowalski48,65,698,698,3.64,2.4,88.4,Midday (10am-2pm),TRUE,FALSE,TRUE,FALSE,TRUE
P05195,U1594,X (Twitter),ethank231,40,124,71,4.02,3.1,12.4,Evening (6-10pm),FALSE,FALSE,TRUE,FALSE,FALSE
P05196,U1595,Instagram,everly_2030,54,1726,559,3.07,1.1,68.3,Late Night (10pm-2am),FALSE,FALSE,TRUE,TRUE,FALSE
P05197,U1595,TikTok,everlyl648,49,2958,868,3.63,2.7,56.5,Late Night (10pm-2am),FALSE,FALSE,TRUE,FALSE,TRUE
P05198,U1595,Snapchat,everlyl90,47,301,301,4.18,2.7,55.9,Late Night (10pm-2am),TRUE,FALSE,FALSE,FALSE,TRUE
P05199,U1595,X (Twitter),everly_official,47,350,90,4.07,1.7,35.3,Late Night (10pm-2am),FALSE,FALSE,TRUE,FALSE,TRUE
P05200,U1596,Instagram,diegop200,61,746,552,2.07,1.1,72.3,Afternoon (2-6pm),FALSE,FALSE,TRUE,FALSE,TRUE
P05201,U1596,Snapchat,diego_tv,49,359,359,4.89,4.3,64.9,Midday (10am-2pm),TRUE,FALSE,TRUE,FALSE,FALSE
P05202,U1596,Facebook,diego_gram,100,1077,1077,3.7,1.8,12.8,Evening (6-10pm),FALSE,FALSE,FALSE,TRUE,TRUE
P05203,U1597,Instagram,imani.lindberg92,76,906,947,2.36,0.7,79.1,Late Night (10pm-2am),TRUE,FALSE,TRUE,TRUE,TRUE
P05204,U1597,TikTok,imani_tv,55,1166,1136,0.51,2.1,79.0,Late Night (10pm-2am),TRUE,FALSE,TRUE,TRUE,TRUE
P05205,U1597,Snapchat,imanil696,22,474,474,3.76,2.8,54.6,Late Night (10pm-2am),TRUE,FALSE,FALSE,FALSE,TRUE
P05206,U1597,Facebook,imani.lindberg,127,466,466,0.82,1.7,11.4,Late Night (10pm-2am),TRUE,FALSE,FALSE,FALSE,FALSE
P05207,U1598,Instagram,willowt893,70,849,495,5.18,1.3,34.7,Evening (6-10pm),FALSE,FALSE,FALSE,TRUE,TRUE
P05208,U1598,TikTok,willowt875,67,40,305,4.89,0.9,54.9,Afternoon (2-6pm),FALSE,FALSE,FALSE,FALSE,FALSE
P05209,U1598,Snapchat,willow.torres,88,268,268,4.05,0.6,15.3,Midday (10am-2pm),TRUE,FALSE,TRUE,FALSE,TRUE
P05210,U1599,Instagram,jacob.alvarez69,57,625,571,1.46,1.8,30.8,Evening (6-10pm),FALSE,FALSE,TRUE,FALSE,TRUE
P05211,U1599,TikTok,jacoba666,33,121,163,4.63,2.0,46.4,Midday (10am-2pm),TRUE,FALSE,FALSE,FALSE,TRUE
P05212,U1599,Snapchat,jacoba702,69,471,471,5.32,1.2,31.4,Evening (6-10pm),TRUE,FALSE,TRUE,TRUE,TRUE
P05213,U1599,Facebook,jacoba432,95,712,712,2.51,0.1,4.6,Evening (6-10pm),TRUE,FALSE,FALSE,FALSE,FALSE
P05214,U1600,Instagram,charlottel498,70,544,400,1.85,3.0,78.9,Midday (10am-2pm),TRUE,FALSE,FALSE,FALSE,TRUE
P05215,U1600,Snapchat,charlotte_x,96,446,446,0.6,1.9,45.4,Morning (6-10am),TRUE,FALSE,FALSE,FALSE,FALSE
P05216,U1600,Facebook,charlotte_official,69,413,413,4.2,1.4,4.4,Midday (10am-2pm),FALSE,FALSE,TRUE,FALSE,FALSE
P05217,U1601,Instagram,zoe_tv,61,896,982,3.43,2.0,50.9,Late Night (10pm-2am),TRUE,FALSE,TRUE,FALSE,TRUE
P05218,U1601,TikTok,zoeo119,47,1030,413,1.4,1.5,66.8,Late Night (10pm-2am),FALSE,FALSE,FALSE,FALSE,TRUE
P05219,U1602,Instagram,hazels486,49,1866,404,2.83,1.6,137.6,Late Night (10pm-2am),FALSE,FALSE,FALSE,FALSE,TRUE
P05220,U1602,TikTok,hazel.sharma,35,123,342,3.42,2.4,155.2,Late Night (10pm-2am),FALSE,FALSE,TRUE,FALSE,TRUE
P05221,U1602,Snapchat,hazel_x,78,289,289,3.3,1.2,44.4,Late Night (10pm-2am),TRUE,FALSE,TRUE,FALSE,TRUE
P05222,U1603,Instagram,riley.james,54,409,470,2.01,1.0,43.6,Late Night (10pm-2am),FALSE,FALSE,TRUE,TRUE,TRUE
P05223,U1603,TikTok,riley.james,69,1908,1269,3.91,1.9,101.3,Late Night (10pm-2am),FALSE,FALSE,FALSE,FALSE,FALSE
P05224,U1603,Snapchat,riley_official,93,388,388,2.37,1.5,38.3,Late Night (10pm-2am),TRUE,FALSE,FALSE,FALSE,TRUE
P05225,U1603,X (Twitter),itsriley,44,106,334,4.51,2.1,19.4,Late Night (10pm-2am),FALSE,FALSE,TRUE,FALSE,TRUE
P05226,U1603,Facebook,itsriley,77,1344,1344,1.91,6.9,14.1,Late Night (10pm-2am),FALSE,FALSE,TRUE,TRUE,TRUE
P05227,U1604,Instagram,simonep882,61,2280,683,2.43,1.7,56.3,Afternoon (2-6pm),FALSE,FALSE,FALSE,FALSE,TRUE
P05228,U1604,TikTok,simonep980,42,522,442,4.05,1.2,103.7,Afternoon (2-6pm),FALSE,FALSE,TRUE,FALSE,FALSE
P05229,U1604,Snapchat,simonep748,78,492,492,4.33,4.4,74.6,Evening (6-10pm),FALSE,FALSE,FALSE,TRUE,FALSE
P05230,U1605,Instagram,nolan_x,82,2784,275,2.46,2.7,78.5,Afternoon (2-6pm),FALSE,FALSE,TRUE,TRUE,TRUE
P05231,U1605,TikTok,nolanr129,52,246,1864,3.28,5.1,159.0,Afternoon (2-6pm),FALSE,FALSE,FALSE,FALSE,TRUE
P05232,U1605,X (Twitter),nolanr633,48,61,782,4.45,3.4,12.5,Evening (6-10pm),TRUE,FALSE,FALSE,FALSE,TRUE
P05233,U1605,Facebook,itsnolan6,84,782,782,2.48,3.0,9.7,Evening (6-10pm),FALSE,FALSE,TRUE,FALSE,FALSE
P05234,U1606,Instagram,caleb_tv,53,128,344,3.73,2.7,58.3,Late Night (10pm-2am),FALSE,FALSE,FALSE,FALSE,FALSE
P05235,U1606,TikTok,caleb.hansen,70,531,477,0.75,3.0,97.9,Late Night (10pm-2am),FALSE,FALSE,FALSE,TRUE,TRUE
P05236,U1607,Instagram,jin.davis,48,933,597,3.16,2.3,19.1,Evening (6-10pm),FALSE,FALSE,FALSE,FALSE,TRUE
P05237,U1607,TikTok,itsjin,51,8750,362,2.45,3.4,84.0,Evening (6-10pm),FALSE,FALSE,TRUE,FALSE,TRUE
P05238,U1607,Snapchat,jind63,73,145,145,4.65,2.9,44.0,Evening (6-10pm),TRUE,FALSE,TRUE,TRUE,TRUE
P05239,U1607,X (Twitter),jind377,32,335,49,5.54,2.2,17.6,Evening (6-10pm),FALSE,FALSE,TRUE,TRUE,TRUE
P05240,U1608,Instagram,maverick_x,42,999,816,2.48,1.7,29.0,Morning (6-10am),FALSE,FALSE,TRUE,FALSE,FALSE
P05241,U1608,TikTok,maverick.osei,69,605,228,1.11,1.3,98.7,Morning (6-10am),FALSE,FALSE,TRUE,FALSE,FALSE
P05242,U1608,Snapchat,mavericko803,86,478,478,1.69,2.3,55.2,Midday (10am-2pm),TRUE,FALSE,TRUE,FALSE,TRUE
P05243,U1609,Instagram,eleanory176,45,469,753,2.34,0.8,71.3,Evening (6-10pm),TRUE,FALSE,TRUE,FALSE,TRUE
P05244,U1609,TikTok,eleanory254,67,162,337,1.88,1.8,85.5,Afternoon (2-6pm),FALSE,FALSE,TRUE,TRUE,TRUE
P05245,U1609,Snapchat,eleanor_gram,77,225,225,2.43,3.8,52.0,Evening (6-10pm),TRUE,FALSE,TRUE,TRUE,TRUE
P05246,U1610,Instagram,hudson.lindberg54,74,942,763,4.09,2.8,78.2,Midday (10am-2pm),FALSE,FALSE,TRUE,FALSE,TRUE
P05247,U1610,TikTok,hudsonl100,53,3371,100,1.38,1.2,129.9,Morning (6-10am),FALSE,FALSE,FALSE,TRUE,TRUE
P05248,U1610,Snapchat,hudson.lindberg,96,552,552,2.98,3.0,25.7,Midday (10am-2pm),TRUE,FALSE,TRUE,TRUE,TRUE
P05249,U1610,Facebook,hudsonl234,65,1227,1227,2.37,3.2,5.9,Evening (6-10pm),TRUE,FALSE,FALSE,FALSE,TRUE
P05250,U1611,Instagram,jeremiahb56,88,9762,369,2.11,1.2,26.7,Evening (6-10pm),TRUE,FALSE,TRUE,FALSE,TRUE
P05251,U1611,TikTok,jeremiah.brooks,49,330,213,3.54,2.2,53.9,Evening (6-10pm),FALSE,FALSE,TRUE,TRUE,TRUE
P05252,U1611,Snapchat,jeremiah_gram,29,374,374,2.48,0.6,39.7,Midday (10am-2pm),FALSE,FALSE,FALSE,TRUE,FALSE
P05253,U1611,X (Twitter),jeremiah.brooks51,59,35,340,2.85,2.3,10.6,Midday (10am-2pm),TRUE,FALSE,TRUE,FALSE,FALSE
P05254,U1612,Instagram,itsashero,57,775,378,4.68,1.5,84.5,Late Night (10pm-2am),FALSE,FALSE,TRUE,TRUE,TRUE
P05255,U1612,TikTok,asher_2029,42,935,1212,5.5,1.6,103.5,Late Night (10pm-2am),TRUE,FALSE,TRUE,TRUE,TRUE
P05256,U1612,X (Twitter),asher.ward,68,251,321,5.02,5.3,30.6,Late Night (10pm-2am),FALSE,FALSE,FALSE,FALSE,FALSE
P05257,U1613,Instagram,itsdakota2,39,335,382,3.02,1.2,88.4,Late Night (10pm-2am),FALSE,FALSE,TRUE,TRUE,FALSE
P05258,U1613,TikTok,itsdakotao,75,923,336,1.57,1.3,64.1,Late Night (10pm-2am),FALSE,FALSE,TRUE,FALSE,TRUE
P05259,U1613,Snapchat,dakota_official,49,298,298,2.33,0.8,58.9,Late Night (10pm-2am),TRUE,FALSE,FALSE,TRUE,FALSE
P05260,U1613,X (Twitter),dakotat269,46,24,520,4.06,0.9,16.8,Late Night (10pm-2am),FALSE,FALSE,TRUE,TRUE,TRUE
P05261,U1614,Instagram,david.chen,57,3251,401,1.16,3.8,91.7,Late Night (10pm-2am),FALSE,FALSE,FALSE,FALSE,TRUE
P05262,U1614,TikTok,davidc826,28,176,906,5.22,0.3,162.4,Late Night (10pm-2am),FALSE,FALSE,FALSE,TRUE,FALSE
P05263,U1614,Snapchat,david_2028,45,646,646,3.81,0.4,42.5,Late Night (10pm-2am),TRUE,FALSE,TRUE,TRUE,FALSE
P05264,U1614,Facebook,davidc210,36,245,245,3.5,1.3,11.2,Late Night (10pm-2am),FALSE,FALSE,FALSE,FALSE,TRUE
P05265,U1615,Instagram,aiden_gram,70,352,373,5.02,3.3,46.9,Evening (6-10pm),FALSE,FALSE,TRUE,FALSE,TRUE
P05266,U1615,TikTok,aidenb551,28,175,372,2.2,1.5,135.3,Afternoon (2-6pm),TRUE,FALSE,TRUE,TRUE,TRUE
P05267,U1615,X (Twitter),aiden_2024,25,34,560,3.67,2.3,10.9,Evening (6-10pm),FALSE,FALSE,TRUE,FALSE,FALSE
P05268,U1616,Instagram,yunag399,57,2393,946,2.73,3.9,48.8,Evening (6-10pm),FALSE,FALSE,FALSE,FALSE,TRUE
P05269,U1616,TikTok,yuna_gram,50,47,380,3.21,3.7,134.7,Midday (10am-2pm),FALSE,FALSE,TRUE,TRUE,FALSE
P05270,U1616,X (Twitter),yuna_2026,78,133,521,2.38,1.4,12.1,Midday (10am-2pm),FALSE,FALSE,TRUE,FALSE,TRUE
P05271,U1617,Instagram,miah758,78,399,574,0.43,2.6,65.6,Morning (6-10am),FALSE,FALSE,FALSE,TRUE,TRUE
P05272,U1617,TikTok,itsmiax,41,224,152,2.55,0.4,91.8,Midday (10am-2pm),FALSE,FALSE,TRUE,TRUE,TRUE
P05273,U1617,Snapchat,itsmiao,80,92,92,6.73,1.0,47.5,Morning (6-10am),TRUE,FALSE,FALSE,FALSE,TRUE
P05274,U1617,Facebook,mia.hansen,79,374,374,1.65,2.2,18.9,Evening (6-10pm),FALSE,FALSE,TRUE,FALSE,TRUE
P05275,U1618,Instagram,jackh868,63,322,344,4.07,1.4,67.5,Afternoon (2-6pm),TRUE,FALSE,TRUE,TRUE,TRUE
P05276,U1618,TikTok,jackh527,51,132,294,4.97,3.1,181.5,Evening (6-10pm),TRUE,FALSE,TRUE,FALSE,TRUE
P05277,U1618,Snapchat,jack_official,69,214,214,3.34,3.2,34.1,Evening (6-10pm),TRUE,FALSE,TRUE,FALSE,FALSE
P05278,U1619,Instagram,michaelk634,70,597,402,2.26,3.6,43.3,Late Night (10pm-2am),FALSE,FALSE,TRUE,FALSE,TRUE
P05279,U1619,TikTok,itsmichael8,37,960,331,2.07,1.8,138.1,Late Night (10pm-2am),FALSE,FALSE,TRUE,FALSE,FALSE
P05280,U1619,Snapchat,michaelk156,75,194,194,4.18,1.0,84.7,Late Night (10pm-2am),TRUE,FALSE,FALSE,TRUE,FALSE
P05281,U1619,Facebook,michael.khan,79,798,798,3.01,2.6,11.3,Late Night (10pm-2am),TRUE,FALSE,TRUE,FALSE,FALSE
P05282,U1620,Instagram,itsallison8,70,280,320,2.39,0.7,64.4,Midday (10am-2pm),FALSE,FALSE,FALSE,FALSE,TRUE
P05283,U1620,TikTok,allison.young,41,142,561,2.81,0.3,106.4,Evening (6-10pm),FALSE,FALSE,FALSE,FALSE,TRUE
P05284,U1620,Snapchat,allison.young40,75,486,486,0.2,0.6,17.9,Midday (10am-2pm),TRUE,FALSE,TRUE,TRUE,TRUE
P05285,U1620,X (Twitter),itsallison7,15,302,404,4.35,4.4,23.3,Evening (6-10pm),TRUE,FALSE,TRUE,FALSE,TRUE
P05286,U1621,Instagram,mei_2027,41,609,394,0.95,1.7,44.8,Late Night (10pm-2am),FALSE,FALSE,TRUE,FALSE,TRUE
P05287,U1621,Snapchat,meig446,66,218,218,3.95,0.5,47.3,Late Night (10pm-2am),TRUE,FALSE,TRUE,FALSE,TRUE
P05288,U1622,Instagram,nolan.gray,34,2927,279,2.34,2.5,54.6,Evening (6-10pm),FALSE,FALSE,FALSE,FALSE,TRUE
P05289,U1622,TikTok,nolan_gram,31,109,246,4.9,1.6,166.8,Evening (6-10pm),FALSE,FALSE,TRUE,FALSE,TRUE
P05290,U1623,Instagram,sofia_gram,75,1669,234,1.75,2.7,31.5,Late Night (10pm-2am),FALSE,FALSE,TRUE,FALSE,TRUE
P05291,U1623,TikTok,sofia_tv,16,1164,774,3.26,3.9,53.3,Late Night (10pm-2am),TRUE,FALSE,FALSE,FALSE,FALSE
P05292,U1623,Snapchat,sofia_2028,65,664,664,3.56,4.3,32.7,Late Night (10pm-2am),TRUE,FALSE,TRUE,TRUE,TRUE
P05293,U1623,X (Twitter),sofiam251,48,246,250,1.72,0.5,37.4,Late Night (10pm-2am),FALSE,FALSE,TRUE,FALSE,FALSE
P05294,U1624,Instagram,angel.lopez55,45,2750,751,4.39,3.5,48.2,Midday (10am-2pm),FALSE,FALSE,TRUE,FALSE,FALSE
P05295,U1624,X (Twitter),angel.lopez55,19,4,67,5.8,2.5,10.7,Morning (6-10am),FALSE,FALSE,TRUE,TRUE,FALSE
P05296,U1624,Facebook,angell987,81,773,773,2.16,2.3,15.0,Midday (10am-2pm),FALSE,FALSE,FALSE,TRUE,FALSE
P05297,U1625,Instagram,stella.visser,78,645,412,4.78,4.7,32.3,Late Night (10pm-2am),TRUE,FALSE,FALSE,FALSE,TRUE
P05298,U1625,TikTok,stella_gram,66,634,1538,2.57,2.0,123.2,Late Night (10pm-2am),TRUE,FALSE,FALSE,FALSE,TRUE
P05299,U1625,X (Twitter),stellav926,23,60,342,3.86,2.8,10.4,Late Night (10pm-2am),TRUE,FALSE,TRUE,FALSE,TRUE
P05300,U1626,Instagram,sarah_tv,56,237,558,1.64,2.0,50.5,Late Night (10pm-2am),FALSE,FALSE,FALSE,FALSE,FALSE
P05301,U1626,TikTok,sarahr396,25,7,282,3.21,6.2,99.7,Late Night (10pm-2am),FALSE,FALSE,FALSE,FALSE,TRUE
P05302,U1626,X (Twitter),sarah.robinson,79,168,130,3.27,0.6,18.4,Late Night (10pm-2am),FALSE,FALSE,FALSE,FALSE,TRUE
P05303,U1626,Facebook,sarahr821,126,691,691,1.38,0.9,26.4,Late Night (10pm-2am),TRUE,FALSE,TRUE,FALSE,TRUE
P05304,U1627,Instagram,itsfatima,52,216,679,2.97,1.4,66.8,Evening (6-10pm),TRUE,FALSE,TRUE,FALSE,TRUE
P05305,U1627,TikTok,fatima.lindberg23,43,606,1042,2.58,0.9,58.0,Afternoon (2-6pm),FALSE,FALSE,TRUE,FALSE,TRUE
P05306,U1627,Facebook,fatima_tv,123,497,497,1.5,4.2,13.5,Evening (6-10pm),TRUE,FALSE,TRUE,FALSE,TRUE
P05307,U1628,Instagram,hannah.sullivan,55,1026,244,3.87,3.3,56.2,Morning (6-10am),TRUE,FALSE,FALSE,FALSE,TRUE
P05308,U1628,TikTok,itshannahx,66,1051,210,4.36,5.0,64.9,Midday (10am-2pm),TRUE,FALSE,TRUE,FALSE,FALSE
P05309,U1628,Snapchat,hannah_gram,36,326,326,1.68,2.6,30.7,Morning (6-10am),TRUE,FALSE,TRUE,TRUE,TRUE
P05310,U1629,Instagram,madison_2028,70,1404,503,3.17,3.9,65.9,Afternoon (2-6pm),FALSE,FALSE,TRUE,FALSE,TRUE
P05311,U1629,TikTok,madison.sanchez,31,341,410,4.34,0.8,76.2,Evening (6-10pm),FALSE,FALSE,TRUE,FALSE,TRUE
P05312,U1629,X (Twitter),madison_x,60,145,230,4.07,2.6,18.3,Afternoon (2-6pm),FALSE,FALSE,TRUE,FALSE,TRUE
P05313,U1629,Facebook,madison.sanchez57,91,419,419,1.83,2.3,9.9,Midday (10am-2pm),FALSE,FALSE,TRUE,TRUE,FALSE
P05314,U1630,Instagram,sebastianc603,31,1478,184,3.25,4.4,78.9,Late Night (10pm-2am),FALSE,FALSE,FALSE,FALSE,FALSE
P05315,U1630,TikTok,sebastian.choi,47,276,416,4.74,3.4,171.9,Late Night (10pm-2am),FALSE,FALSE,FALSE,FALSE,FALSE
P05316,U1630,Snapchat,sebastianc929,70,124,124,4.25,1.9,23.5,Late Night (10pm-2am),TRUE,FALSE,TRUE,TRUE,FALSE
P05317,U1630,Facebook,sebastian_tv,82,300,300,3.24,1.9,18.1,Late Night (10pm-2am),TRUE,FALSE,FALSE,TRUE,TRUE
P05318,U1631,Instagram,lucasn475,97,248,906,4.39,0.5,102.9,Evening (6-10pm),FALSE,FALSE,TRUE,FALSE,TRUE
P05319,U1631,TikTok,lucasn818,23,51,299,1.89,1.7,89.2,Evening (6-10pm),TRUE,FALSE,FALSE,TRUE,FALSE
P05320,U1631,Snapchat,itslucasx,70,299,299,4.66,3.9,47.5,Midday (10am-2pm),TRUE,FALSE,TRUE,TRUE,TRUE
P05321,U1632,Instagram,luna_x,102,514,553,3.43,0.6,125.6,Evening (6-10pm),TRUE,FALSE,TRUE,FALSE,TRUE
P05322,U1632,TikTok,luna.moreau,67,327,674,1.89,2.0,228.6,Afternoon (2-6pm),FALSE,FALSE,TRUE,FALSE,TRUE
P05323,U1632,X (Twitter),luna.moreau,28,46,304,4.35,5.0,45.2,Evening (6-10pm),FALSE,FALSE,TRUE,FALSE,TRUE
P05324,U1633,Instagram,diego_x,54,180,555,2.87,1.5,42.8,Evening (6-10pm),FALSE,FALSE,FALSE,FALSE,FALSE
P05325,U1633,TikTok,diego_gram,47,448,568,1.58,1.0,73.0,Midday (10am-2pm),FALSE,FALSE,FALSE,FALSE,TRUE
P05326,U1633,Snapchat,itsdiegox,77,186,186,4.47,0.9,43.3,Afternoon (2-6pm),TRUE,FALSE,FALSE,FALSE,TRUE
P05327,U1633,Facebook,diego.le33,88,865,865,2.68,2.3,17.4,Evening (6-10pm),FALSE,FALSE,TRUE,FALSE,TRUE
P05328,U1634,Instagram,camila_2024,38,823,330,2.5,0.8,32.4,Midday (10am-2pm),FALSE,FALSE,FALSE,FALSE,TRUE
P05329,U1634,TikTok,camilaf52,35,106,290,3.09,0.7,96.3,Evening (6-10pm),FALSE,FALSE,FALSE,FALSE,TRUE
P05330,U1634,Snapchat,camilaf488,37,387,387,2.61,0.2,130.4,Afternoon (2-6pm),TRUE,FALSE,TRUE,FALSE,FALSE
P05331,U1635,Instagram,abigail.collins21,103,2031,344,4.73,0.8,75.2,Evening (6-10pm),FALSE,FALSE,TRUE,FALSE,TRUE
P05332,U1635,TikTok,abigailc511,33,243,1032,4.07,5.3,160.0,Afternoon (2-6pm),FALSE,FALSE,TRUE,FALSE,TRUE
P05333,U1635,Snapchat,abigail_gram,75,268,268,0.2,2.0,115.7,Afternoon (2-6pm),FALSE,FALSE,TRUE,TRUE,FALSE
P05334,U1635,X (Twitter),abigail.collins81,46,252,447,4.15,1.3,12.5,Evening (6-10pm),FALSE,FALSE,TRUE,FALSE,FALSE
P05335,U1635,Facebook,abigailc409,17,370,370,2.73,1.3,9.9,Afternoon (2-6pm),TRUE,FALSE,FALSE,TRUE,TRUE
P05336,U1636,Instagram,itsmia6,39,742,570,1.9,2.5,53.1,Afternoon (2-6pm),FALSE,FALSE,FALSE,FALSE,TRUE
P05337,U1636,TikTok,mia.myers,66,483,364,4.51,2.2,85.6,Evening (6-10pm),TRUE,FALSE,TRUE,FALSE,TRUE
P05338,U1636,Snapchat,miam463,49,295,295,2.36,0.9,31.7,Afternoon (2-6pm),FALSE,FALSE,TRUE,FALSE,TRUE
P05339,U1637,Instagram,arjun.parker,80,417,128,2.15,2.9,97.0,Late Night (10pm-2am),TRUE,FALSE,TRUE,TRUE,TRUE
P05340,U1637,TikTok,arjunp646,21,203,303,1.4,2.7,242.9,Late Night (10pm-2am),TRUE,FALSE,TRUE,FALSE,TRUE
P05341,U1637,Snapchat,arjunp975,103,658,658,1.57,0.8,13.2,Late Night (10pm-2am),TRUE,FALSE,TRUE,FALSE,FALSE
P05342,U1637,X (Twitter),arjun_x,43,406,558,3.63,2.3,10.4,Late Night (10pm-2am),TRUE,FALSE,FALSE,FALSE,TRUE
P05343,U1638,Instagram,darius_tv,79,583,548,2.69,1.6,40.5,Late Night (10pm-2am),FALSE,FALSE,FALSE,TRUE,FALSE
P05344,U1638,TikTok,darius.richardson,26,130,824,4.27,1.2,93.4,Late Night (10pm-2am),FALSE,FALSE,TRUE,TRUE,FALSE
P05345,U1638,Snapchat,darius.richardson87,51,426,426,0.3,0.9,32.1,Late Night (10pm-2am),FALSE,FALSE,TRUE,TRUE,TRUE
P05346,U1638,X (Twitter),dariusr523,47,311,596,2.4,2.2,18.3,Late Night (10pm-2am),FALSE,FALSE,FALSE,FALSE,TRUE
P05347,U1639,Instagram,mei.james,92,240,422,1.57,2.6,187.6,Late Night (10pm-2am),FALSE,FALSE,FALSE,FALSE,TRUE
P05348,U1639,TikTok,mei.james55,44,558,1000,2.84,0.7,159.6,Late Night (10pm-2am),TRUE,FALSE,TRUE,FALSE,TRUE
P05349,U1639,X (Twitter),mei.james,53,98,490,6.67,1.0,15.9,Late Night (10pm-2am),FALSE,FALSE,FALSE,FALSE,TRUE
P05350,U1639,Facebook,mei_2025,29,818,818,2.3,0.3,31.7,Late Night (10pm-2am),FALSE,FALSE,FALSE,FALSE,FALSE
P05351,U1640,Instagram,sarah.hill,57,1350,293,2.89,1.3,52.7,Morning (6-10am),TRUE,FALSE,FALSE,FALSE,FALSE
P05352,U1640,TikTok,sarah_x,26,108,271,1.8,0.3,39.1,Morning (6-10am),TRUE,FALSE,TRUE,FALSE,TRUE
P05353,U1640,Snapchat,sarah.hill65,78,503,503,3.38,1.3,77.9,Morning (6-10am),TRUE,FALSE,TRUE,FALSE,TRUE
P05354,U1640,X (Twitter),sarahh395,43,112,480,4.15,2.0,11.9,Morning (6-10am),TRUE,FALSE,TRUE,FALSE,TRUE
P05355,U1641,Instagram,leoo136,73,72,683,3.37,6.4,48.2,Late Night (10pm-2am),FALSE,FALSE,TRUE,TRUE,TRUE
P05356,U1641,TikTok,leo_official,71,607,358,3.3,1.2,116.7,Late Night (10pm-2am),FALSE,FALSE,FALSE,FALSE,FALSE
P05357,U1641,Snapchat,itsleo,102,265,265,0.88,2.1,68.7,Late Night (10pm-2am),TRUE,FALSE,FALSE,TRUE,FALSE
P05358,U1642,Instagram,hazeln529,55,1511,274,3.37,2.4,49.1,Morning (6-10am),TRUE,FALSE,FALSE,TRUE,TRUE
P05359,U1642,TikTok,hazel.nelson,63,362,239,5.73,1.9,36.9,Midday (10am-2pm),FALSE,FALSE,FALSE,FALSE,FALSE
P05360,U1642,Snapchat,hazel_2028,24,590,590,4.7,4.1,30.3,Midday (10am-2pm),TRUE,FALSE,TRUE,FALSE,TRUE
P05361,U1643,Instagram,hannah.myers,31,955,385,3.45,0.7,62.3,Evening (6-10pm),FALSE,FALSE,FALSE,FALSE,FALSE
P05362,U1643,TikTok,hannah_x,45,216,465,2.12,2.6,176.5,Evening (6-10pm),TRUE,FALSE,TRUE,FALSE,TRUE
P05363,U1643,Snapchat,hannahm649,52,355,355,3.52,1.2,80.2,Afternoon (2-6pm),TRUE,FALSE,TRUE,TRUE,TRUE
P05364,U1643,X (Twitter),hannahm991,89,12,220,1.65,3.1,17.6,Afternoon (2-6pm),FALSE,FALSE,FALSE,FALSE,TRUE
P05365,U1643,Facebook,hannahm565,63,498,498,2.05,1.3,11.8,Evening (6-10pm),TRUE,FALSE,TRUE,FALSE,TRUE
P05366,U1644,Snapchat,camilam874,34,139,139,1.57,1.2,35.3,Midday (10am-2pm),TRUE,FALSE,TRUE,TRUE,TRUE
P05367,U1644,X (Twitter),camilam290,32,48,48,2.51,3.2,21.4,Evening (6-10pm),FALSE,FALSE,FALSE,FALSE,TRUE
P05368,U1645,Instagram,chloe_gram,53,368,351,3.49,2.6,20.0,Late Night (10pm-2am),FALSE,FALSE,TRUE,FALSE,FALSE
P05369,U1645,TikTok,chloew494,54,59,1181,4.12,1.2,151.7,Late Night (10pm-2am),FALSE,FALSE,TRUE,FALSE,TRUE
P05370,U1645,X (Twitter),chloe_gram,39,473,458,3.81,2.5,13.3,Late Night (10pm-2am),TRUE,FALSE,TRUE,FALSE,TRUE
P05371,U1645,Facebook,chloe_tv,95,564,564,1.8,2.7,9.2,Late Night (10pm-2am),TRUE,FALSE,FALSE,TRUE,FALSE
P05372,U1646,Instagram,stella.ruiz,53,861,192,6.82,4.4,53.2,Evening (6-10pm),TRUE,FALSE,FALSE,FALSE,TRUE
P05373,U1646,TikTok,stellar39,28,1158,362,2.54,3.9,54.0,Afternoon (2-6pm),FALSE,FALSE,TRUE,TRUE,TRUE
P05374,U1646,Snapchat,itsstellao,107,867,867,4.35,2.3,83.0,Evening (6-10pm),TRUE,FALSE,TRUE,TRUE,TRUE
P05375,U1647,Instagram,lincoln.byrne8,47,60,184,3.48,1.1,59.8,Late Night (10pm-2am),TRUE,FALSE,TRUE,TRUE,FALSE
P05376,U1647,TikTok,lincoln.byrne34,44,412,539,2.6,2.7,93.3,Late Night (10pm-2am),FALSE,FALSE,TRUE,TRUE,TRUE
P05377,U1648,Instagram,itsdanielx,37,837,402,3.36,1.3,49.9,Late Night (10pm-2am),TRUE,FALSE,FALSE,FALSE,FALSE
P05378,U1648,TikTok,itsdaniel5,36,1610,321,1.9,3.7,23.4,Late Night (10pm-2am),TRUE,FALSE,TRUE,FALSE,TRUE
P05379,U1648,Snapchat,daniel.laurent32,92,465,465,4.52,1.3,24.7,Late Night (10pm-2am),TRUE,FALSE,TRUE,FALSE,TRUE
P05380,U1649,Instagram,alexander.kaur92,80,2806,218,2.45,1.2,34.3,Midday (10am-2pm),FALSE,FALSE,TRUE,FALSE,FALSE
P05381,U1649,Snapchat,alexanderk994,22,413,413,0.2,1.7,45.7,Morning (6-10am),TRUE,FALSE,TRUE,FALSE,TRUE
P05382,U1650,Instagram,ananya.myers,60,495,639,2.4,1.1,25.8,Late Night (10pm-2am),FALSE,FALSE,FALSE,TRUE,FALSE
P05383,U1650,TikTok,ananyam225,37,340,556,4.29,4.4,113.6,Late Night (10pm-2am),FALSE,FALSE,TRUE,FALSE,FALSE
P05384,U1650,Snapchat,itsananya5,68,125,125,0.84,0.6,36.4,Late Night (10pm-2am),TRUE,FALSE,FALSE,FALSE,TRUE
P05385,U1650,X (Twitter),itsananya,71,142,174,5.41,2.3,20.0,Late Night (10pm-2am),FALSE,FALSE,FALSE,FALSE,TRUE
P05386,U1651,Instagram,joseph_x,33,1653,487,2.78,2.0,42.1,Afternoon (2-6pm),TRUE,FALSE,TRUE,FALSE,TRUE
P05387,U1651,TikTok,joseph.rossi21,29,516,200,4.42,3.7,36.7,Evening (6-10pm),FALSE,FALSE,TRUE,TRUE,TRUE
P05388,U1651,Snapchat,joseph.rossi4,97,450,450,3.5,3.3,30.2,Afternoon (2-6pm),TRUE,FALSE,FALSE,FALSE,TRUE
P05389,U1652,Instagram,phoenixo481,98,3838,298,0.2,1.1,56.2,Late Night (10pm-2am),TRUE,FALSE,TRUE,FALSE,TRUE
P05390,U1652,TikTok,phoenixo89,53,465,451,2.0,0.2,128.5,Late Night (10pm-2am),TRUE,FALSE,TRUE,TRUE,TRUE
P05391,U1652,Snapchat,itsphoenixo,101,377,377,2.57,5.7,14.5,Late Night (10pm-2am),TRUE,FALSE,TRUE,TRUE,TRUE
P05392,U1652,X (Twitter),itsphoenix7,20,110,270,2.11,1.1,30.5,Late Night (10pm-2am),FALSE,FALSE,TRUE,FALSE,TRUE
P05393,U1653,Instagram,aria.larsen,38,549,565,2.15,4.0,70.3,Late Night (10pm-2am),FALSE,FALSE,FALSE,FALSE,TRUE
P05394,U1653,TikTok,aria.larsen62,48,293,639,5.23,2.0,82.3,Late Night (10pm-2am),FALSE,FALSE,FALSE,TRUE,TRUE
P05395,U1653,Snapchat,aria_official,97,408,408,3.43,3.8,83.7,Late Night (10pm-2am),TRUE,FALSE,TRUE,TRUE,FALSE
P05396,U1654,Instagram,alondrad802,80,929,407,2.34,2.0,31.7,Late Night (10pm-2am),TRUE,FALSE,TRUE,FALSE,TRUE
P05397,U1654,TikTok,alondra.dubois,67,85,455,3.66,2.3,108.3,Late Night (10pm-2am),FALSE,FALSE,FALSE,FALSE,TRUE
P05398,U1655,Instagram,casey.cook,51,238,741,2.61,4.2,74.2,Evening (6-10pm),FALSE,FALSE,TRUE,FALSE,TRUE
P05399,U1655,TikTok,itscasey1,31,805,544,1.56,1.8,89.4,Midday (10am-2pm),FALSE,FALSE,TRUE,FALSE,FALSE
P05400,U1655,Snapchat,casey_official,68,531,531,3.43,2.8,51.8,Midday (10am-2pm),TRUE,FALSE,FALSE,FALSE,TRUE
P05401,U1656,Instagram,jaydenw872,50,1079,412,3.39,0.8,78.7,Midday (10am-2pm),TRUE,FALSE,FALSE,TRUE,TRUE
P05402,U1656,TikTok,jayden.williams,32,55,1276,4.95,3.9,117.6,Afternoon (2-6pm),TRUE,FALSE,TRUE,FALSE,FALSE
P05403,U1656,Snapchat,jaydenw734,109,159,159,2.98,1.3,32.3,Afternoon (2-6pm),TRUE,FALSE,FALSE,TRUE,FALSE
P05404,U1656,X (Twitter),jaydenw845,67,60,406,1.84,1.1,15.3,Afternoon (2-6pm),FALSE,FALSE,TRUE,FALSE,TRUE
P05405,U1657,Instagram,savannah.lindberg,40,705,373,1.25,2.0,68.9,Late Night (10pm-2am),FALSE,FALSE,TRUE,FALSE,FALSE
P05406,U1657,TikTok,savannah_gram,11,49,365,6.91,2.5,61.6,Late Night (10pm-2am),TRUE,FALSE,TRUE,FALSE,TRUE
P05407,U1658,Instagram,victoriar19,57,937,208,1.41,3.0,15.9,Evening (6-10pm),FALSE,FALSE,TRUE,FALSE,TRUE
P05408,U1658,TikTok,victoria.rivera,59,248,584,3.26,3.2,168.9,Evening (6-10pm),FALSE,FALSE,TRUE,FALSE,FALSE
P05409,U1658,Snapchat,victoria.rivera,43,568,568,0.4,2.9,26.6,Evening (6-10pm),TRUE,FALSE,FALSE,FALSE,FALSE
P05410,U1658,X (Twitter),victoria_gram,49,333,451,1.92,3.4,14.5,Afternoon (2-6pm),FALSE,FALSE,FALSE,FALSE,TRUE
P05411,U1658,Facebook,itsvictoria8,91,1090,1090,2.07,1.3,16.3,Afternoon (2-6pm),FALSE,FALSE,TRUE,FALSE,FALSE
P05412,U1659,Instagram,madison.edwards,41,823,447,2.46,1.5,25.8,Midday (10am-2pm),FALSE,FALSE,TRUE,FALSE,TRUE
P05413,U1659,TikTok,madison.edwards45,9,593,532,1.01,0.4,147.8,Midday (10am-2pm),FALSE,FALSE,FALSE,TRUE,TRUE
P05414,U1659,Snapchat,madison.edwards,22,373,373,2.11,0.1,32.1,Evening (6-10pm),TRUE,FALSE,TRUE,FALSE,TRUE
P05415,U1659,X (Twitter),madisone11,33,262,515,2.92,3.2,26.2,Evening (6-10pm),TRUE,FALSE,TRUE,FALSE,FALSE
P05416,U1660,Instagram,alondraa256,56,396,305,4.41,3.5,21.7,Midday (10am-2pm),FALSE,FALSE,TRUE,TRUE,TRUE
P05417,U1660,TikTok,alondraa940,57,437,319,0.73,2.7,69.9,Evening (6-10pm),FALSE,FALSE,FALSE,TRUE,TRUE
P05418,U1660,Snapchat,alondra.ali27,56,777,777,2.49,3.0,37.6,Afternoon (2-6pm),TRUE,FALSE,TRUE,FALSE,TRUE
P05419,U1660,Facebook,alondra_tv,87,647,647,2.65,0.8,11.7,Midday (10am-2pm),TRUE,FALSE,TRUE,TRUE,FALSE
P05420,U1661,Instagram,charles.cox,80,630,246,3.26,1.3,44.3,Evening (6-10pm),FALSE,FALSE,TRUE,TRUE,TRUE
P05421,U1661,TikTok,charles.cox,50,800,299,0.54,2.9,116.9,Evening (6-10pm),TRUE,FALSE,TRUE,FALSE,FALSE
P05422,U1661,Snapchat,charlesc39,38,151,151,2.94,3.2,26.8,Afternoon (2-6pm),TRUE,FALSE,TRUE,TRUE,FALSE
P05423,U1662,Instagram,eleanor.myers,31,1228,636,1.55,0.7,20.7,Late Night (10pm-2am),TRUE,FALSE,FALSE,TRUE,TRUE
P05424,U1662,TikTok,eleanorm851,23,189,85,3.59,0.2,52.5,Late Night (10pm-2am),TRUE,FALSE,TRUE,FALSE,TRUE
P05425,U1662,Snapchat,eleanorm437,21,277,277,2.5,1.8,20.5,Late Night (10pm-2am),TRUE,FALSE,FALSE,FALSE,TRUE
P05426,U1662,X (Twitter),eleanor.myers,32,108,280,3.02,1.4,27.5,Late Night (10pm-2am),FALSE,FALSE,FALSE,FALSE,FALSE
P05427,U1663,Instagram,itscarlosx,40,219,287,2.85,0.8,42.8,Late Night (10pm-2am),TRUE,FALSE,TRUE,TRUE,TRUE
P05428,U1663,TikTok,carlos.fernandez33,25,45,1511,3.79,1.9,58.9,Late Night (10pm-2am),FALSE,FALSE,TRUE,FALSE,FALSE
P05429,U1663,Snapchat,carlos.fernandez,84,447,447,0.71,1.5,25.9,Late Night (10pm-2am),TRUE,FALSE,TRUE,TRUE,FALSE
P05430,U1663,Facebook,carlos.fernandez,91,731,731,2.6,1.6,14.4,Late Night (10pm-2am),FALSE,FALSE,TRUE,TRUE,TRUE
P05431,U1664,Instagram,aaront196,66,728,655,3.72,1.1,100.5,Afternoon (2-6pm),TRUE,FALSE,FALSE,TRUE,TRUE
P05432,U1664,TikTok,itsaarono,34,1811,616,1.39,2.5,83.2,Midday (10am-2pm),TRUE,FALSE,TRUE,FALSE,FALSE
P05433,U1664,Facebook,aaron_x,82,500,500,1.32,1.0,25.5,Midday (10am-2pm),FALSE,FALSE,FALSE,FALSE,TRUE
P05434,U1665,Instagram,everly.rivera25,47,899,550,3.2,3.9,67.6,Late Night (10pm-2am),FALSE,FALSE,FALSE,FALSE,FALSE
P05435,U1665,TikTok,everlyr570,52,2228,781,2.28,1.1,65.2,Late Night (10pm-2am),TRUE,FALSE,FALSE,FALSE,TRUE
P05436,U1665,Snapchat,itseverly5,81,355,355,4.06,2.9,52.2,Late Night (10pm-2am),TRUE,FALSE,FALSE,TRUE,TRUE
P05437,U1665,Facebook,everly_x,106,882,882,2.91,3.2,13.3,Late Night (10pm-2am),FALSE,FALSE,FALSE,FALSE,TRUE
P05438,U1666,Instagram,daniela.lopez,27,327,208,2.64,4.0,90.9,Evening (6-10pm),FALSE,FALSE,TRUE,TRUE,TRUE
P05439,U1666,TikTok,danielal690,37,787,568,1.86,0.5,49.3,Evening (6-10pm),TRUE,FALSE,TRUE,FALSE,TRUE
P05440,U1666,Facebook,daniela.lopez,116,667,667,1.04,3.0,7.3,Afternoon (2-6pm),FALSE,FALSE,FALSE,FALSE,FALSE
P05441,U1667,Instagram,itsluca2,81,1861,405,0.8,4.5,142.5,Evening (6-10pm),FALSE,FALSE,TRUE,FALSE,TRUE
P05442,U1667,TikTok,luca_x,14,806,701,4.39,2.9,55.0,Midday (10am-2pm),FALSE,FALSE,TRUE,FALSE,FALSE
P05443,U1667,Snapchat,luca_x,102,545,545,3.55,1.5,59.0,Evening (6-10pm),TRUE,FALSE,FALSE,FALSE,TRUE
P05444,U1667,X (Twitter),luca.tanaka24,69,303,277,4.84,4.0,31.9,Midday (10am-2pm),FALSE,FALSE,FALSE,FALSE,TRUE
P05445,U1668,Instagram,kinsley.martinez,85,6063,285,3.57,2.5,54.4,Afternoon (2-6pm),FALSE,FALSE,TRUE,TRUE,TRUE
P05446,U1668,TikTok,kinsley.martinez,11,51,280,3.87,1.8,125.3,Midday (10am-2pm),FALSE,FALSE,TRUE,FALSE,FALSE
P05447,U1668,Snapchat,kinsleym164,46,497,497,3.22,0.9,44.8,Evening (6-10pm),TRUE,FALSE,FALSE,FALSE,TRUE
P05448,U1668,X (Twitter),kinsleym951,42,9,176,3.47,3.5,24.2,Evening (6-10pm),FALSE,FALSE,TRUE,FALSE,TRUE
P05449,U1669,Instagram,itsnora5,94,912,355,2.06,1.6,14.9,Late Night (10pm-2am),TRUE,FALSE,FALSE,FALSE,FALSE
P05450,U1669,TikTok,nora_2029,32,270,391,2.07,1.4,100.0,Late Night (10pm-2am),TRUE,FALSE,TRUE,FALSE,FALSE
P05451,U1669,Snapchat,itsnorao,71,491,491,3.49,1.4,16.6,Late Night (10pm-2am),TRUE,FALSE,TRUE,TRUE,TRUE
P05452,U1669,Facebook,norah519,72,351,351,3.33,1.1,33.9,Late Night (10pm-2am),TRUE,FALSE,TRUE,TRUE,TRUE
P05453,U1670,Instagram,allisony431,72,3090,349,0.2,2.8,47.2,Late Night (10pm-2am),FALSE,FALSE,TRUE,FALSE,TRUE
P05454,U1670,TikTok,allison_2028,10,433,530,4.09,0.8,129.4,Late Night (10pm-2am),FALSE,FALSE,FALSE,FALSE,TRUE
P05455,U1670,X (Twitter),allison.young,75,145,238,5.38,7.1,20.0,Late Night (10pm-2am),TRUE,FALSE,FALSE,FALSE,TRUE
P05456,U1670,Facebook,allisony120,114,526,526,1.31,1.9,13.3,Late Night (10pm-2am),TRUE,FALSE,FALSE,FALSE,TRUE
P05457,U1671,Instagram,charlotte_tv,83,239,192,2.22,1.3,63.8,Midday (10am-2pm),TRUE,FALSE,TRUE,FALSE,FALSE
P05458,U1671,Snapchat,charlotte_gram,69,582,582,3.2,2.9,49.1,Midday (10am-2pm),TRUE,FALSE,FALSE,FALSE,TRUE
P05459,U1671,Facebook,charlotte.carter64,46,695,695,3.62,0.9,9.3,Midday (10am-2pm),FALSE,FALSE,FALSE,TRUE,FALSE
P05460,U1672,Instagram,josiah_x,77,244,542,3.13,2.9,41.4,Afternoon (2-6pm),FALSE,FALSE,FALSE,FALSE,TRUE
P05461,U1672,TikTok,josiahs149,62,159,632,2.09,2.7,147.3,Evening (6-10pm),FALSE,FALSE,TRUE,FALSE,TRUE
P05462,U1672,Snapchat,josiahs560,83,567,567,3.88,2.3,50.5,Midday (10am-2pm),TRUE,FALSE,TRUE,FALSE,FALSE
P05463,U1672,X (Twitter),josiahs773,62,611,425,2.38,2.0,22.0,Midday (10am-2pm),FALSE,FALSE,TRUE,FALSE,TRUE
P05464,U1673,Instagram,thomas_gram,68,2634,538,3.68,2.9,21.4,Late Night (10pm-2am),TRUE,FALSE,FALSE,FALSE,TRUE
P05465,U1673,TikTok,thomasl114,39,245,219,2.85,0.9,96.0,Late Night (10pm-2am),TRUE,FALSE,TRUE,FALSE,TRUE
P05466,U1673,Snapchat,thomasl700,45,270,270,2.2,3.9,30.9,Late Night (10pm-2am),TRUE,FALSE,TRUE,TRUE,TRUE
P05467,U1673,Facebook,thomas_official,81,242,242,5.41,2.2,9.1,Late Night (10pm-2am),FALSE,FALSE,FALSE,FALSE,TRUE
P05468,U1674,Instagram,itswillowx,39,734,463,2.76,1.2,73.0,Morning (6-10am),FALSE,FALSE,TRUE,FALSE,FALSE
P05469,U1674,TikTok,willowf54,64,294,316,0.97,2.4,74.5,Morning (6-10am),FALSE,FALSE,FALSE,FALSE,TRUE
P05470,U1675,Instagram,abigail_2025,60,1574,508,0.24,1.9,67.9,Evening (6-10pm),FALSE,FALSE,TRUE,FALSE,FALSE
P05471,U1675,TikTok,abigail_official,55,120,246,2.52,0.8,57.5,Afternoon (2-6pm),FALSE,FALSE,TRUE,FALSE,TRUE
P05472,U1675,Snapchat,abigail.long,94,268,268,2.34,4.0,155.5,Evening (6-10pm),TRUE,FALSE,TRUE,FALSE,FALSE
P05473,U1675,X (Twitter),abigail.long,15,129,181,4.5,1.7,32.8,Midday (10am-2pm),FALSE,FALSE,FALSE,FALSE,FALSE
P05474,U1675,Facebook,abigail_tv,116,959,959,4.5,6.2,21.7,Evening (6-10pm),FALSE,FALSE,TRUE,FALSE,FALSE
P05475,U1676,Instagram,owen.tanaka68,47,1138,314,2.04,3.2,50.8,Evening (6-10pm),FALSE,FALSE,FALSE,FALSE,FALSE
P05476,U1676,TikTok,owen_official,56,113,760,1.95,1.7,63.5,Afternoon (2-6pm),FALSE,FALSE,TRUE,FALSE,TRUE
P05477,U1676,Snapchat,owen_2030,69,504,504,0.21,0.6,40.3,Afternoon (2-6pm),TRUE,FALSE,TRUE,FALSE,TRUE
P05478,U1676,X (Twitter),itsowenx,47,728,97,2.07,3.4,19.8,Evening (6-10pm),FALSE,FALSE,FALSE,FALSE,TRUE
P05479,U1677,Instagram,simone.baker,50,1689,1005,1.02,0.4,73.5,Late Night (10pm-2am),FALSE,FALSE,FALSE,FALSE,TRUE
P05480,U1677,TikTok,simone_gram,39,55,1659,5.39,1.1,181.9,Late Night (10pm-2am),TRUE,FALSE,TRUE,FALSE,TRUE
P05481,U1677,Snapchat,itssimone,58,723,723,1.83,2.6,49.4,Late Night (10pm-2am),TRUE,FALSE,TRUE,FALSE,TRUE
P05482,U1678,Instagram,omar.ali84,62,146,225,4.04,1.4,29.4,Late Night (10pm-2am),FALSE,FALSE,TRUE,TRUE,TRUE
P05483,U1678,Snapchat,omar.ali,95,136,136,2.88,0.9,40.2,Late Night (10pm-2am),TRUE,FALSE,TRUE,FALSE,TRUE
P05484,U1678,Facebook,omara866,61,482,482,4.54,1.8,8.6,Late Night (10pm-2am),TRUE,FALSE,FALSE,FALSE,TRUE
P05485,U1679,Instagram,lily_tv,63,309,337,1.66,1.2,51.4,Midday (10am-2pm),TRUE,FALSE,TRUE,FALSE,FALSE
P05486,U1679,TikTok,lily_x,43,264,933,2.34,1.6,51.8,Afternoon (2-6pm),TRUE,FALSE,TRUE,FALSE,FALSE
P05487,U1679,Snapchat,lilyg252,49,277,277,3.75,1.7,42.0,Evening (6-10pm),TRUE,FALSE,TRUE,TRUE,TRUE
P05488,U1680,Instagram,emersonp102,75,1392,879,1.31,1.5,59.3,Evening (6-10pm),FALSE,FALSE,TRUE,FALSE,FALSE
P05489,U1680,TikTok,emersonp147,62,179,1555,2.38,0.6,127.3,Evening (6-10pm),FALSE,FALSE,FALSE,FALSE,FALSE
P05490,U1680,Snapchat,emerson_gram,90,258,258,4.1,2.9,37.1,Evening (6-10pm),TRUE,FALSE,TRUE,FALSE,TRUE
P05491,U1680,X (Twitter),emerson.papadopoulos65,36,14,150,3.84,0.4,29.0,Afternoon (2-6pm),FALSE,FALSE,FALSE,FALSE,TRUE
P05492,U1681,Instagram,itsjasmineo,81,218,423,4.7,2.1,37.3,Late Night (10pm-2am),TRUE,FALSE,TRUE,FALSE,TRUE
P05493,U1681,TikTok,jasmine_official,56,219,348,3.29,1.4,59.8,Late Night (10pm-2am),FALSE,FALSE,TRUE,FALSE,TRUE
P05494,U1681,Snapchat,jasmine.bailey14,65,335,335,0.35,0.8,40.8,Late Night (10pm-2am),TRUE,FALSE,FALSE,TRUE,TRUE
P05495,U1682,Instagram,rowan.white16,66,1492,623,2.5,1.3,65.3,Afternoon (2-6pm),FALSE,FALSE,TRUE,FALSE,TRUE
P05496,U1682,TikTok,rowan.white,40,1449,482,1.5,0.8,67.5,Midday (10am-2pm),FALSE,FALSE,TRUE,FALSE,FALSE
P05497,U1683,Instagram,angel_official,91,1138,293,2.27,1.9,22.2,Midday (10am-2pm),FALSE,FALSE,FALSE,TRUE,TRUE
P05498,U1683,TikTok,itsangel5,34,258,880,1.87,2.2,148.4,Morning (6-10am),TRUE,FALSE,TRUE,FALSE,TRUE
P05499,U1684,Instagram,lucasm656,72,581,524,2.3,2.0,52.6,Morning (6-10am),FALSE,FALSE,FALSE,TRUE,TRUE
P05500,U1684,TikTok,lucasm686,18,280,1430,1.37,0.7,125.6,Morning (6-10am),FALSE,FALSE,FALSE,FALSE,TRUE
P05501,U1684,Snapchat,lucasm198,64,359,359,6.04,3.4,55.8,Midday (10am-2pm),FALSE,FALSE,FALSE,FALSE,FALSE
P05502,U1685,Instagram,jack.mensah,98,125,157,4.74,1.7,76.6,Morning (6-10am),TRUE,FALSE,TRUE,TRUE,TRUE
P05503,U1685,TikTok,jackm428,13,12,464,2.22,3.1,118.6,Midday (10am-2pm),TRUE,FALSE,TRUE,TRUE,FALSE
P05504,U1685,Snapchat,jackm490,71,376,376,1.47,1.4,40.0,Morning (6-10am),TRUE,FALSE,TRUE,FALSE,TRUE
P05505,U1686,Instagram,ava.yamamoto49,61,2235,489,0.2,2.5,80.8,Late Night (10pm-2am),TRUE,FALSE,FALSE,FALSE,TRUE
P05506,U1686,TikTok,ava_gram,26,387,366,4.63,1.4,66.7,Late Night (10pm-2am),TRUE,FALSE,TRUE,TRUE,TRUE
P05507,U1686,Snapchat,itsavao,46,409,409,2.65,1.5,29.4,Late Night (10pm-2am),TRUE,FALSE,TRUE,TRUE,TRUE
P05508,U1686,X (Twitter),avay86,43,57,125,4.53,5.0,22.3,Late Night (10pm-2am),FALSE,FALSE,TRUE,FALSE,TRUE
P05509,U1687,Instagram,itshunterx,59,359,477,3.72,1.4,83.0,Midday (10am-2pm),FALSE,FALSE,FALSE,FALSE,TRUE
P05510,U1687,TikTok,hunter.le53,35,482,566,4.88,1.7,255.4,Evening (6-10pm),FALSE,FALSE,TRUE,FALSE,FALSE
P05511,U1687,Snapchat,hunter_2029,36,272,272,1.44,1.1,70.7,Morning (6-10am),TRUE,FALSE,FALSE,TRUE,TRUE
P05512,U1687,Facebook,itshunter,85,1227,1227,2.36,1.2,20.4,Morning (6-10am),FALSE,FALSE,TRUE,FALSE,FALSE
P05513,U1688,Instagram,priyao628,69,432,641,4.13,2.1,64.4,Midday (10am-2pm),FALSE,FALSE,TRUE,FALSE,TRUE
P05514,U1688,TikTok,priya_2030,12,609,602,1.1,7.6,290,Evening (6-10pm),FALSE,FALSE,TRUE,TRUE,FALSE
P05515,U1688,Snapchat,priya_official,95,719,719,2.11,0.8,54.4,Afternoon (2-6pm),TRUE,FALSE,TRUE,TRUE,FALSE
P05516,U1688,Facebook,priyao332,102,973,973,3.21,3.8,18.5,Evening (6-10pm),FALSE,FALSE,TRUE,FALSE,FALSE
P05517,U1689,Instagram,victoria.reed,69,197,239,4.78,1.8,43.1,Evening (6-10pm),FALSE,FALSE,FALSE,FALSE,TRUE
P05518,U1689,Snapchat,victoriar616,40,125,125,2.97,3.7,21.1,Midday (10am-2pm),TRUE,FALSE,FALSE,TRUE,TRUE
P05519,U1689,Facebook,itsvictoria7,38,424,424,1.15,0.5,12.8,Evening (6-10pm),TRUE,FALSE,TRUE,FALSE,TRUE
P05520,U1690,Instagram,ellie.wagner,18,967,574,6.3,2.7,83.0,Evening (6-10pm),TRUE,FALSE,FALSE,FALSE,TRUE
P05521,U1690,TikTok,ellie.wagner,65,2152,310,3.49,2.9,73.6,Midday (10am-2pm),FALSE,FALSE,TRUE,FALSE,TRUE
P05522,U1691,Instagram,benjamin.kaur34,59,1577,176,4.01,1.1,122.7,Late Night (10pm-2am),TRUE,FALSE,TRUE,FALSE,TRUE
P05523,U1691,TikTok,benjamink166,46,1484,370,2.74,1.1,185.2,Late Night (10pm-2am),FALSE,FALSE,TRUE,FALSE,TRUE
P05524,U1691,Snapchat,benjamink820,75,389,389,3.88,3.1,51.0,Late Night (10pm-2am),TRUE,FALSE,TRUE,TRUE,TRUE
P05525,U1691,X (Twitter),itsbenjamin4,27,42,100,5.76,1.3,25.8,Late Night (10pm-2am),FALSE,FALSE,TRUE,FALSE,TRUE
P05526,U1692,Instagram,santiago.mendoza,81,384,346,1.49,4.2,91.2,Afternoon (2-6pm),TRUE,FALSE,TRUE,FALSE,FALSE
P05527,U1692,TikTok,santiago.mendoza,44,236,624,2.36,0.5,134.4,Evening (6-10pm),TRUE,FALSE,FALSE,FALSE,TRUE
P05528,U1692,X (Twitter),itssantiago,30,264,316,0.71,0.7,19.0,Evening (6-10pm),FALSE,FALSE,FALSE,FALSE,TRUE
P05529,U1692,Facebook,santiagom390,79,540,540,2.88,1.8,13.2,Evening (6-10pm),TRUE,FALSE,TRUE,TRUE,TRUE
P05530,U1693,Instagram,itsaurora,91,481,465,2.49,1.3,37.8,Late Night (10pm-2am),TRUE,FALSE,TRUE,TRUE,FALSE
P05531,U1693,TikTok,itsaurorax,38,1684,635,1.74,0.5,118.3,Late Night (10pm-2am),FALSE,FALSE,FALSE,TRUE,TRUE
P05532,U1693,Snapchat,auroraf758,112,458,458,5.16,0.5,46.9,Late Night (10pm-2am),TRUE,FALSE,FALSE,FALSE,FALSE
P05533,U1694,Instagram,aisha.murray,38,2105,633,3.11,1.8,78.6,Late Night (10pm-2am),TRUE,FALSE,TRUE,FALSE,TRUE
P05534,U1694,TikTok,itsaisha1,24,818,304,4.62,5.6,90.8,Late Night (10pm-2am),FALSE,FALSE,FALSE,TRUE,TRUE
P05535,U1694,Snapchat,aisham502,79,511,511,4.65,3.9,23.0,Late Night (10pm-2am),FALSE,FALSE,TRUE,FALSE,TRUE
P05536,U1694,Facebook,aisham565,42,625,625,1.66,1.7,13.6,Late Night (10pm-2am),TRUE,FALSE,TRUE,FALSE,FALSE
P05537,U1695,Snapchat,itssebastiano,73,870,870,4.38,1.5,57.9,Late Night (10pm-2am),FALSE,FALSE,TRUE,TRUE,FALSE
P05538,U1695,Facebook,itssebastian,54,331,331,4.06,2.1,12.4,Late Night (10pm-2am),TRUE,FALSE,TRUE,FALSE,TRUE
P05539,U1696,Instagram,bellap614,26,1228,523,4.1,1.1,47.2,Evening (6-10pm),FALSE,FALSE,TRUE,FALSE,FALSE
P05540,U1696,TikTok,bellap895,52,543,961,3.52,1.9,127.4,Evening (6-10pm),FALSE,FALSE,FALSE,FALSE,FALSE
P05541,U1696,Snapchat,bella.parker,100,248,248,3.22,1.3,49.7,Evening (6-10pm),TRUE,FALSE,TRUE,FALSE,TRUE
P05542,U1697,Instagram,jeremiah.walker64,31,319,493,4.19,1.4,35.1,Late Night (10pm-2am),FALSE,FALSE,TRUE,FALSE,TRUE
P05543,U1697,TikTok,jeremiahw491,43,156,549,2.9,0.5,73.2,Late Night (10pm-2am),FALSE,FALSE,TRUE,TRUE,FALSE
P05544,U1697,Snapchat,jeremiahw461,68,346,346,1.62,1.1,36.2,Late Night (10pm-2am),TRUE,FALSE,FALSE,FALSE,TRUE
P05545,U1697,X (Twitter),jeremiah.walker,71,423,174,1.95,1.6,9.9,Late Night (10pm-2am),FALSE,FALSE,FALSE,TRUE,FALSE
P05546,U1698,Instagram,cameron_official,59,426,540,5.07,2.6,50.4,Evening (6-10pm),TRUE,FALSE,TRUE,TRUE,TRUE
P05547,U1698,TikTok,cameronp65,45,95,374,5.35,2.1,117.2,Afternoon (2-6pm),TRUE,FALSE,TRUE,TRUE,TRUE
P05548,U1698,Snapchat,cameron.park,84,403,403,1.07,3.8,26.0,Midday (10am-2pm),TRUE,FALSE,TRUE,FALSE,TRUE
P05549,U1698,X (Twitter),itscameron4,36,105,136,2.89,2.1,16.8,Evening (6-10pm),TRUE,FALSE,FALSE,FALSE,TRUE
P05550,U1699,Instagram,elliew727,70,900,256,3.01,0.5,43.8,Evening (6-10pm),TRUE,FALSE,FALSE,FALSE,TRUE
P05551,U1699,Snapchat,elliew68,83,553,553,2.3,1.7,37.2,Evening (6-10pm),TRUE,FALSE,TRUE,TRUE,TRUE
P05552,U1700,Instagram,jackson_official,72,815,488,2.05,0.2,40.4,Evening (6-10pm),FALSE,FALSE,TRUE,FALSE,FALSE
P05553,U1700,X (Twitter),itsjacksono,36,454,200,2.66,1.2,27.2,Afternoon (2-6pm),FALSE,FALSE,TRUE,FALSE,FALSE
P05554,U1701,Instagram,willowc389,60,1665,794,1.85,1.5,73.4,Late Night (10pm-2am),TRUE,FALSE,TRUE,TRUE,FALSE
P05555,U1701,TikTok,itswillow2,51,75,219,1.71,2.3,56.1,Late Night (10pm-2am),TRUE,FALSE,TRUE,FALSE,TRUE
P05556,U1701,Snapchat,willow.campbell69,80,622,622,2.34,1.6,23.5,Late Night (10pm-2am),TRUE,FALSE,TRUE,TRUE,TRUE
P05557,U1701,Facebook,willow_official,19,331,331,1.86,1.1,11.7,Late Night (10pm-2am),FALSE,FALSE,TRUE,FALSE,FALSE
P05558,U1702,Instagram,yunak801,63,2432,114,2.95,1.6,118.2,Late Night (10pm-2am),TRUE,FALSE,FALSE,TRUE,TRUE
P05559,U1702,TikTok,itsyuna8,44,263,378,4.11,3.3,69.3,Late Night (10pm-2am),FALSE,FALSE,TRUE,TRUE,TRUE
P05560,U1702,Snapchat,yuna.king85,54,760,760,3.17,1.1,18.4,Late Night (10pm-2am),TRUE,FALSE,TRUE,FALSE,TRUE
P05561,U1702,Facebook,yunak310,57,949,949,3.37,0.6,6.3,Late Night (10pm-2am),TRUE,FALSE,TRUE,TRUE,TRUE
P05562,U1703,Instagram,axel_2027,48,573,565,4.13,1.6,124.5,Evening (6-10pm),TRUE,FALSE,FALSE,FALSE,TRUE
P05563,U1703,TikTok,axelt5,34,339,980,3.6,1.5,212.0,Afternoon (2-6pm),FALSE,FALSE,FALSE,FALSE,FALSE
P05564,U1703,Snapchat,axelt652,96,480,480,2.56,1.0,38.1,Midday (10am-2pm),TRUE,FALSE,TRUE,FALSE,FALSE
P05565,U1704,Instagram,charlotte.mensah15,18,1033,214,5.08,3.0,36.1,Afternoon (2-6pm),FALSE,FALSE,TRUE,TRUE,FALSE
P05566,U1704,TikTok,charlotte_gram,31,1724,574,4.61,2.2,171.0,Afternoon (2-6pm),FALSE,FALSE,TRUE,FALSE,FALSE
P05567,U1704,Snapchat,charlotte.mensah,60,355,355,6.74,3.4,62.8,Evening (6-10pm),TRUE,FALSE,FALSE,TRUE,TRUE
P05568,U1705,Instagram,fatimac438,69,476,345,2.58,1.4,59.6,Midday (10am-2pm),TRUE,FALSE,TRUE,FALSE,FALSE
P05569,U1705,TikTok,fatimac89,73,26,607,3.8,1.5,44.7,Evening (6-10pm),TRUE,FALSE,TRUE,FALSE,TRUE
P05570,U1705,Snapchat,fatima_tv,46,205,205,3.73,1.1,30.3,Evening (6-10pm),TRUE,FALSE,TRUE,TRUE,TRUE
P05571,U1706,Instagram,itsjoshuao,34,714,520,2.76,2.0,132.3,Afternoon (2-6pm),TRUE,FALSE,TRUE,FALSE,TRUE
P05572,U1706,TikTok,itsjoshuao,65,1140,711,4.53,1.1,188.9,Midday (10am-2pm),FALSE,FALSE,TRUE,TRUE,TRUE
P05573,U1707,Instagram,tariq_tv,30,400,273,1.86,1.0,80.0,Midday (10am-2pm),FALSE,FALSE,TRUE,FALSE,TRUE
P05574,U1707,TikTok,tariqp550,38,127,286,2.78,1.6,165.4,Morning (6-10am),FALSE,FALSE,FALSE,TRUE,TRUE
P05575,U1707,Snapchat,tariqp410,35,430,430,0.2,0.5,30.9,Morning (6-10am),TRUE,FALSE,TRUE,TRUE,TRUE
P05576,U1707,X (Twitter),tariq_official,58,60,166,2.04,3.8,5.6,Morning (6-10am),FALSE,FALSE,TRUE,FALSE,TRUE
P05577,U1708,Instagram,itsangel,31,1163,819,0.59,1.2,46.8,Late Night (10pm-2am),TRUE,FALSE,TRUE,TRUE,TRUE
P05578,U1708,TikTok,angel_gram,31,1799,725,2.55,2.3,109.5,Late Night (10pm-2am),FALSE,FALSE,FALSE,FALSE,TRUE
P05579,U1708,Snapchat,angel_official,98,501,501,1.58,0.8,101.7,Late Night (10pm-2am),TRUE,FALSE,TRUE,FALSE,TRUE
P05580,U1709,Instagram,nataliew430,68,830,308,2.98,1.6,94.6,Late Night (10pm-2am),FALSE,FALSE,TRUE,FALSE,TRUE
P05581,U1709,TikTok,itsnatalie7,51,1021,793,2.11,2.7,81.8,Late Night (10pm-2am),FALSE,FALSE,TRUE,FALSE,TRUE
P05582,U1709,Snapchat,itsnatalieo,64,428,428,2.95,1.8,49.2,Late Night (10pm-2am),TRUE,FALSE,TRUE,FALSE,TRUE
P05583,U1709,Facebook,nataliew480,80,619,619,2.56,2.9,16.7,Late Night (10pm-2am),FALSE,FALSE,TRUE,FALSE,TRUE
P05584,U1710,Instagram,imani_tv,90,790,543,0.2,1.7,38.6,Midday (10am-2pm),TRUE,FALSE,TRUE,FALSE,TRUE
P05585,U1710,TikTok,imani_gram,52,1407,387,1.74,0.9,65.8,Morning (6-10am),FALSE,FALSE,TRUE,FALSE,FALSE
P05586,U1710,X (Twitter),imani.ramos6,61,120,821,2.65,1.2,14.4,Midday (10am-2pm),FALSE,FALSE,FALSE,TRUE,TRUE
P05587,U1710,Facebook,imani.ramos,89,796,796,0.2,1.8,11.0,Evening (6-10pm),TRUE,FALSE,TRUE,FALSE,TRUE
P05588,U1711,Instagram,diego_official,93,419,503,3.56,2.6,47.6,Midday (10am-2pm),FALSE,FALSE,TRUE,FALSE,TRUE
P05589,U1711,Snapchat,diegoe141,49,724,724,1.02,1.3,19.8,Morning (6-10am),TRUE,FALSE,TRUE,FALSE,TRUE
P05590,U1711,Facebook,diego_official,70,840,840,1.98,1.7,8.4,Midday (10am-2pm),TRUE,FALSE,FALSE,FALSE,FALSE
P05591,U1712,Instagram,itsdavid3,89,199,675,1.7,0.7,40.9,Afternoon (2-6pm),TRUE,FALSE,TRUE,FALSE,TRUE
P05592,U1713,Instagram,emilia_tv,63,588,196,3.16,2.1,32.1,Late Night (10pm-2am),FALSE,FALSE,FALSE,FALSE,TRUE
P05593,U1713,TikTok,emilial626,45,153,198,1.83,2.5,129.2,Late Night (10pm-2am),TRUE,FALSE,FALSE,FALSE,FALSE
P05594,U1713,Snapchat,emilia_x,110,417,417,5.42,2.3,55.5,Late Night (10pm-2am),TRUE,FALSE,FALSE,TRUE,TRUE
P05595,U1713,Facebook,itsemiliax,48,557,557,3.69,1.7,3.2,Late Night (10pm-2am),FALSE,FALSE,TRUE,TRUE,TRUE
P05596,U1714,Instagram,amelia_x,51,1524,419,0.96,2.8,82.5,Evening (6-10pm),FALSE,FALSE,FALSE,FALSE,FALSE
P05597,U1714,Snapchat,amelial327,40,729,729,3.83,0.3,81.8,Midday (10am-2pm),TRUE,FALSE,FALSE,FALSE,TRUE
P05598,U1714,X (Twitter),amelia.lopez,21,99,416,4.34,0.4,18.9,Midday (10am-2pm),FALSE,FALSE,FALSE,TRUE,TRUE
P05599,U1715,Instagram,isabellat6,79,157,293,4.68,1.6,46.5,Evening (6-10pm),TRUE,FALSE,FALSE,FALSE,TRUE
P05600,U1715,TikTok,itsisabellax,41,43,1329,2.02,2.4,105.9,Evening (6-10pm),TRUE,FALSE,TRUE,TRUE,FALSE
P05601,U1715,Snapchat,itsisabella,33,87,87,2.29,1.4,40.0,Morning (6-10am),TRUE,FALSE,FALSE,TRUE,FALSE
P05602,U1716,Instagram,itspaisley2,63,1697,129,2.98,2.3,73.9,Midday (10am-2pm),TRUE,FALSE,TRUE,FALSE,FALSE
P05603,U1716,TikTok,paisley.foster49,35,177,317,6.97,4.1,64.3,Evening (6-10pm),FALSE,FALSE,TRUE,FALSE,TRUE
P05604,U1716,Snapchat,paisleyf428,38,551,551,3.6,4.6,72.8,Evening (6-10pm),TRUE,FALSE,TRUE,TRUE,FALSE
P05605,U1716,X (Twitter),paisleyf312,47,680,1014,2.89,2.1,15.8,Midday (10am-2pm),FALSE,FALSE,TRUE,FALSE,TRUE
P05606,U1716,Facebook,paisleyf943,58,1154,1154,3.81,2.3,10.6,Evening (6-10pm),FALSE,FALSE,TRUE,FALSE,FALSE
P05607,U1717,Instagram,itssophia,71,5932,358,2.15,4.7,90.9,Midday (10am-2pm),TRUE,FALSE,TRUE,FALSE,TRUE
P05608,U1717,TikTok,sophiak984,45,261,1295,5.2,2.7,52.1,Morning (6-10am),FALSE,FALSE,TRUE,FALSE,TRUE
P05609,U1717,Snapchat,sophiak721,87,339,339,3.44,1.8,67.0,Morning (6-10am),FALSE,FALSE,FALSE,TRUE,TRUE
P05610,U1718,Instagram,zoe_2026,27,943,559,6.28,1.0,42.7,Evening (6-10pm),FALSE,FALSE,TRUE,FALSE,TRUE
P05611,U1718,TikTok,zoe_tv,37,328,581,4.19,0.8,145.3,Afternoon (2-6pm),FALSE,FALSE,TRUE,FALSE,TRUE
P05612,U1718,Snapchat,zoem23,86,178,178,5.76,6.6,28.3,Afternoon (2-6pm),TRUE,FALSE,TRUE,FALSE,FALSE
P05613,U1718,X (Twitter),zoem244,35,57,282,2.43,3.5,16.0,Afternoon (2-6pm),FALSE,FALSE,FALSE,FALSE,FALSE
P05614,U1719,Instagram,christianw447,60,138,303,5.56,3.2,107.9,Morning (6-10am),TRUE,FALSE,TRUE,FALSE,TRUE
P05615,U1719,TikTok,christian.walsh,41,473,438,2.68,1.4,60.7,Midday (10am-2pm),FALSE,FALSE,TRUE,TRUE,TRUE
P05616,U1719,Snapchat,christianw296,74,422,422,5.49,1.9,47.8,Evening (6-10pm),TRUE,FALSE,TRUE,TRUE,TRUE
P05617,U1719,Facebook,christianw597,98,1322,1322,2.33,1.4,5.2,Morning (6-10am),FALSE,FALSE,TRUE,FALSE,TRUE
P05618,U1720,Instagram,ryang403,45,800,515,4.18,1.6,100.7,Morning (6-10am),TRUE,FALSE,FALSE,FALSE,TRUE
P05619,U1720,TikTok,ryang983,63,18,329,2.98,5.0,65.4,Morning (6-10am),FALSE,FALSE,FALSE,FALSE,TRUE
P05620,U1720,Snapchat,ryang457,52,252,252,2.54,0.2,11.4,Morning (6-10am),TRUE,FALSE,TRUE,TRUE,TRUE
P05621,U1721,Instagram,elizabeth.hansen,21,584,349,2.18,1.0,60.8,Late Night (10pm-2am),FALSE,FALSE,FALSE,FALSE,FALSE
P05622,U1721,TikTok,itselizabethx,37,116,1551,1.89,2.6,121.1,Late Night (10pm-2am),FALSE,FALSE,TRUE,FALSE,FALSE
P05623,U1721,Snapchat,elizabeth.hansen82,77,134,134,4.26,0.6,29.6,Late Night (10pm-2am),FALSE,FALSE,FALSE,TRUE,FALSE
P05624,U1721,X (Twitter),itselizabethx,74,66,478,3.34,1.9,27.2,Late Night (10pm-2am),FALSE,FALSE,TRUE,FALSE,TRUE
P05625,U1721,Facebook,elizabeth.hansen,100,572,572,3.09,2.4,11.0,Late Night (10pm-2am),FALSE,FALSE,FALSE,FALSE,FALSE
P05626,U1722,TikTok,john.ward91,38,278,2030,2.9,2.4,220.7,Morning (6-10am),FALSE,FALSE,TRUE,FALSE,TRUE
P05627,U1722,Facebook,itsjohno,42,1224,1224,2.3,1.4,8.2,Morning (6-10am),TRUE,FALSE,FALSE,TRUE,TRUE
P05628,U1723,Instagram,isabella.rodriguez47,53,7544,1149,4.31,2.7,19.7,Late Night (10pm-2am),FALSE,FALSE,TRUE,TRUE,FALSE
P05629,U1723,TikTok,itsisabella,39,65,459,5.01,2.3,128.6,Late Night (10pm-2am),TRUE,FALSE,FALSE,TRUE,FALSE
P05630,U1723,Snapchat,isabella.rodriguez,72,518,518,3.6,5.1,28.5,Late Night (10pm-2am),TRUE,FALSE,TRUE,FALSE,TRUE
P05631,U1724,Instagram,itsgrace,63,878,766,1.43,1.9,93.5,Morning (6-10am),FALSE,FALSE,TRUE,FALSE,FALSE
P05632,U1724,TikTok,grace.williams64,38,173,275,1.77,2.1,61.0,Morning (6-10am),FALSE,FALSE,FALSE,FALSE,TRUE
P05633,U1724,Snapchat,grace.williams,44,531,531,1.29,0.6,21.6,Midday (10am-2pm),TRUE,FALSE,FALSE,TRUE,FALSE
P05634,U1725,Instagram,jaxon.chen,73,381,676,2.85,0.9,51.7,Late Night (10pm-2am),TRUE,FALSE,TRUE,FALSE,FALSE
P05635,U1725,TikTok,itsjaxonx,37,558,1111,3.19,2.8,166.2,Late Night (10pm-2am),TRUE,FALSE,FALSE,FALSE,FALSE
P05636,U1725,Snapchat,jaxon.chen,51,393,393,3.1,4.1,31.5,Late Night (10pm-2am),TRUE,FALSE,FALSE,TRUE,TRUE
P05637,U1726,Instagram,daniela_tv,66,463,308,2.06,4.2,133.8,Evening (6-10pm),TRUE,FALSE,FALSE,FALSE,FALSE
P05638,U1726,TikTok,daniela.osei88,44,367,721,3.58,4.3,137.2,Evening (6-10pm),TRUE,FALSE,FALSE,FALSE,TRUE
P05639,U1726,Snapchat,itsdaniela,45,377,377,4.12,3.2,66.1,Evening (6-10pm),TRUE,FALSE,TRUE,FALSE,FALSE
P05640,U1726,Facebook,danielao327,86,227,227,4.47,1.8,43.9,Evening (6-10pm),FALSE,FALSE,TRUE,FALSE,FALSE
P05641,U1727,Instagram,darius_2025,54,542,454,4.38,1.5,144.4,Late Night (10pm-2am),TRUE,FALSE,TRUE,FALSE,TRUE
P05642,U1727,Snapchat,dariusc330,49,509,509,6.19,2.4,21.0,Late Night (10pm-2am),TRUE,FALSE,FALSE,FALSE,TRUE
P05643,U1727,X (Twitter),itsdariuso,31,114,177,6.4,3.8,23.3,Late Night (10pm-2am),FALSE,FALSE,TRUE,FALSE,TRUE
P05644,U1728,Instagram,itsezekielo,36,379,484,4.38,1.2,68.3,Late Night (10pm-2am),TRUE,FALSE,TRUE,FALSE,FALSE
P05645,U1728,TikTok,ezekiel.james31,68,51,203,4.28,1.1,118.5,Late Night (10pm-2am),TRUE,FALSE,FALSE,TRUE,TRUE
P05646,U1729,Instagram,mohammed.wright80,35,116,414,3.27,1.5,48.8,Midday (10am-2pm),TRUE,FALSE,TRUE,FALSE,FALSE
P05647,U1729,TikTok,mohammed.wright,23,57,1052,2.51,0.7,38.5,Midday (10am-2pm),TRUE,FALSE,TRUE,FALSE,TRUE
P05648,U1729,Snapchat,mohammedw130,86,459,459,3.36,2.7,12.7,Morning (6-10am),TRUE,FALSE,TRUE,TRUE,TRUE
P05649,U1730,Instagram,lillian_tv,52,855,523,2.03,1.3,52.0,Late Night (10pm-2am),TRUE,FALSE,TRUE,FALSE,TRUE
P05650,U1730,TikTok,lillian.hughes69,24,96,703,4.26,0.2,87.1,Late Night (10pm-2am),TRUE,FALSE,TRUE,FALSE,FALSE
P05651,U1731,Instagram,aubrey.park58,43,843,230,4.76,2.5,188.3,Late Night (10pm-2am),TRUE,FALSE,TRUE,FALSE,TRUE
P05652,U1731,TikTok,aubrey_2025,78,1469,1421,2.57,2.3,148.8,Late Night (10pm-2am),FALSE,FALSE,TRUE,TRUE,TRUE
P05653,U1731,Snapchat,aubreyp651,29,549,549,2.77,4.8,75.5,Late Night (10pm-2am),TRUE,FALSE,TRUE,FALSE,TRUE
P05654,U1731,Facebook,aubrey_gram,63,335,335,2.67,3.1,20.9,Late Night (10pm-2am),TRUE,FALSE,TRUE,FALSE,FALSE
P05655,U1732,Instagram,eleanor.li50,41,229,242,2.71,2.7,59.1,Late Night (10pm-2am),TRUE,FALSE,FALSE,FALSE,FALSE
P05656,U1732,TikTok,eleanorl879,27,326,844,4.38,1.2,70.4,Late Night (10pm-2am),FALSE,FALSE,TRUE,FALSE,TRUE
P05657,U1732,Snapchat,itseleanoro,31,399,399,3.09,1.8,22.7,Late Night (10pm-2am),FALSE,FALSE,TRUE,TRUE,FALSE
P05658,U1733,Instagram,itsjulianx,56,2187,171,2.82,0.7,72.9,Late Night (10pm-2am),FALSE,FALSE,FALSE,FALSE,TRUE
P05659,U1733,TikTok,julian.lopez,14,338,522,3.64,1.5,113.1,Late Night (10pm-2am),TRUE,FALSE,FALSE,FALSE,TRUE
P05660,U1733,Snapchat,julianl539,85,512,512,4.07,2.2,81.1,Late Night (10pm-2am),FALSE,FALSE,TRUE,FALSE,TRUE
P05661,U1733,X (Twitter),julian.lopez,25,50,36,2.49,1.1,19.2,Late Night (10pm-2am),FALSE,FALSE,TRUE,FALSE,FALSE
P05662,U1734,Instagram,lucyd377,103,365,536,2.07,2.6,56.4,Late Night (10pm-2am),TRUE,FALSE,TRUE,FALSE,FALSE
P05663,U1734,TikTok,itslucyo,72,104,1056,2.27,0.3,80.5,Late Night (10pm-2am),TRUE,FALSE,TRUE,FALSE,TRUE
P05664,U1734,Snapchat,lucyd65,89,327,327,1.67,1.5,37.2,Late Night (10pm-2am),TRUE,FALSE,TRUE,FALSE,TRUE
P05665,U1734,X (Twitter),itslucyx,38,32,408,6.38,0.9,32.0,Late Night (10pm-2am),FALSE,FALSE,TRUE,TRUE,TRUE
P05666,U1735,Instagram,simoner572,53,659,368,0.61,0.5,58.2,Late Night (10pm-2am),FALSE,FALSE,TRUE,FALSE,TRUE
P05667,U1735,TikTok,simone.rossi,73,39,354,1.74,0.7,57.2,Late Night (10pm-2am),FALSE,FALSE,TRUE,FALSE,FALSE
P05668,U1735,X (Twitter),itssimone7,31,415,41,1.21,0.6,12.1,Late Night (10pm-2am),FALSE,FALSE,TRUE,FALSE,FALSE
P05669,U1735,Facebook,itssimoneo,43,1164,1164,1.51,2.2,6.9,Late Night (10pm-2am),TRUE,FALSE,FALSE,FALSE,TRUE
P05670,U1736,Instagram,carlos_tv,66,463,366,2.22,1.1,90.1,Late Night (10pm-2am),FALSE,FALSE,TRUE,TRUE,TRUE
P05671,U1736,TikTok,carlosc36,48,386,498,3.43,0.9,124.8,Late Night (10pm-2am),FALSE,FALSE,TRUE,FALSE,TRUE
P05672,U1737,Instagram,sofias351,57,1395,152,0.2,1.6,55.7,Afternoon (2-6pm),TRUE,FALSE,FALSE,FALSE,TRUE
P05673,U1737,TikTok,sofias35,43,662,700,4.26,1.1,110.6,Evening (6-10pm),FALSE,FALSE,FALSE,FALSE,TRUE
P05674,U1737,Snapchat,sofia.silva,39,378,378,0.59,3.0,38.7,Afternoon (2-6pm),TRUE,FALSE,TRUE,FALSE,TRUE
P05675,U1737,X (Twitter),itssofiax,25,56,127,2.78,1.1,22.7,Midday (10am-2pm),FALSE,FALSE,TRUE,FALSE,FALSE
P05676,U1738,Instagram,fatima_gram,50,574,383,4.03,1.2,79.1,Morning (6-10am),TRUE,FALSE,FALSE,TRUE,FALSE
P05677,U1738,Snapchat,itsfatima5,90,228,228,1.42,1.5,41.7,Morning (6-10am),TRUE,FALSE,FALSE,TRUE,TRUE
P05678,U1738,X (Twitter),fatimae991,19,49,499,4.93,1.9,10.4,Morning (6-10am),FALSE,FALSE,TRUE,FALSE,TRUE
P05679,U1739,Instagram,jin_x,61,3807,718,3.55,1.4,120.0,Evening (6-10pm),FALSE,FALSE,FALSE,TRUE,TRUE
P05680,U1739,TikTok,jina312,70,701,441,3.13,2.2,103.2,Afternoon (2-6pm),FALSE,FALSE,FALSE,FALSE,FALSE
P05681,U1739,X (Twitter),jin.ali,28,92,223,2.53,2.2,18.3,Afternoon (2-6pm),FALSE,FALSE,TRUE,FALSE,TRUE
P05682,U1740,Instagram,owenr984,66,2109,340,2.66,2.0,65.0,Late Night (10pm-2am),TRUE,FALSE,TRUE,TRUE,FALSE
P05683,U1740,TikTok,itsowen9,45,301,278,3.79,2.3,66.8,Late Night (10pm-2am),FALSE,FALSE,FALSE,FALSE,FALSE
P05684,U1740,Facebook,itsowen,43,537,537,2.52,2.4,23.0,Late Night (10pm-2am),TRUE,FALSE,TRUE,FALSE,TRUE
P05685,U1741,Instagram,quinn.papadopoulos,64,1947,417,3.27,0.8,56.8,Morning (6-10am),TRUE,FALSE,TRUE,TRUE,TRUE
P05686,U1741,TikTok,quinn.papadopoulos97,43,85,401,5.04,3.7,116.4,Evening (6-10pm),FALSE,FALSE,FALSE,FALSE,TRUE
P05687,U1741,X (Twitter),quinn.papadopoulos31,11,136,212,2.43,1.3,29.4,Midday (10am-2pm),FALSE,FALSE,FALSE,FALSE,FALSE
P05688,U1741,Facebook,quinn_tv,50,224,224,3.4,6.0,15.7,Morning (6-10am),FALSE,FALSE,TRUE,TRUE,TRUE
P05689,U1742,Instagram,diego.wood,50,807,141,5.09,1.1,56.7,Late Night (10pm-2am),FALSE,FALSE,FALSE,TRUE,TRUE
P05690,U1742,TikTok,itsdiegoo,74,214,208,3.42,2.0,215.2,Late Night (10pm-2am),FALSE,FALSE,TRUE,FALSE,TRUE
P05691,U1742,Facebook,diego.wood40,65,770,770,3.19,1.8,10.4,Late Night (10pm-2am),FALSE,FALSE,FALSE,FALSE,TRUE
P05692,U1743,Instagram,emily.lee,40,759,687,3.81,5.1,97.8,Late Night (10pm-2am),FALSE,FALSE,TRUE,FALSE,TRUE
P05693,U1743,TikTok,emily.lee,20,437,219,4.07,1.3,49.8,Late Night (10pm-2am),FALSE,FALSE,TRUE,FALSE,TRUE
P05694,U1743,X (Twitter),emily_gram,15,65,222,2.8,3.5,21.3,Late Night (10pm-2am),FALSE,FALSE,FALSE,FALSE,TRUE
P05695,U1743,Facebook,emily_gram,83,657,657,1.62,1.7,9.6,Late Night (10pm-2am),FALSE,FALSE,FALSE,FALSE,TRUE
P05696,U1744,Instagram,priya_tv,90,126,353,3.57,1.2,107.0,Midday (10am-2pm),TRUE,FALSE,FALSE,TRUE,FALSE
P05697,U1744,Facebook,priyaw564,63,752,752,2.16,0.7,18.9,Evening (6-10pm),TRUE,FALSE,FALSE,TRUE,TRUE
P05698,U1745,Instagram,itsmaverickx,44,297,148,2.89,2.6,48.3,Midday (10am-2pm),TRUE,FALSE,TRUE,FALSE,TRUE
P05699,U1745,TikTok,maverick_official,40,1325,616,0.2,0.9,79.7,Midday (10am-2pm),FALSE,FALSE,FALSE,TRUE,FALSE
P05700,U1745,X (Twitter),maverick_gram,78,87,241,3.43,2.8,19.8,Evening (6-10pm),TRUE,FALSE,TRUE,FALSE,TRUE
P05701,U1746,Instagram,maverickw253,74,1322,657,3.06,2.1,81.8,Late Night (10pm-2am),FALSE,FALSE,TRUE,FALSE,TRUE
P05702,U1746,TikTok,maverick.watson,34,433,459,1.42,2.1,187.3,Late Night (10pm-2am),FALSE,FALSE,TRUE,FALSE,TRUE
P05703,U1746,Snapchat,maverick.watson28,56,388,388,1.16,2.6,53.7,Late Night (10pm-2am),TRUE,FALSE,TRUE,FALSE,TRUE
P05704,U1746,X (Twitter),itsmaverickx,57,6,314,4.2,0.9,37.7,Late Night (10pm-2am),FALSE,FALSE,TRUE,FALSE,TRUE
P05705,U1747,Instagram,miles.phillips,61,2160,371,2.84,1.1,112.7,Evening (6-10pm),FALSE,FALSE,TRUE,FALSE,FALSE
P05706,U1747,Snapchat,miles.phillips,46,403,403,2.52,0.8,23.0,Midday (10am-2pm),FALSE,FALSE,TRUE,FALSE,TRUE
P05707,U1747,X (Twitter),milesp44,40,180,155,4.49,1.9,17.2,Evening (6-10pm),FALSE,FALSE,TRUE,FALSE,FALSE
P05708,U1748,Instagram,omarl949,96,1324,523,3.03,1.2,85.2,Late Night (10pm-2am),TRUE,FALSE,TRUE,FALSE,TRUE
P05709,U1748,TikTok,omar.li,58,488,346,1.07,0.6,116.8,Late Night (10pm-2am),FALSE,FALSE,FALSE,FALSE,TRUE
P05710,U1748,Snapchat,omar.li12,57,326,326,1.15,1.5,61.7,Late Night (10pm-2am),TRUE,FALSE,TRUE,FALSE,TRUE
P05711,U1749,Instagram,penelopel614,56,677,356,5.26,2.2,61.1,Evening (6-10pm),FALSE,FALSE,TRUE,TRUE,FALSE
P05712,U1749,Snapchat,penelope_2024,30,301,301,4.16,1.8,68.4,Evening (6-10pm),FALSE,FALSE,FALSE,FALSE,TRUE
P05713,U1750,Instagram,diegop580,36,1829,830,1.98,5.6,40.0,Evening (6-10pm),TRUE,FALSE,TRUE,TRUE,TRUE
P05714,U1750,TikTok,diegop796,28,213,399,4.65,3.7,161.0,Afternoon (2-6pm),TRUE,FALSE,FALSE,TRUE,TRUE
P05715,U1750,Snapchat,diego.park,61,166,166,4.45,4.1,28.7,Afternoon (2-6pm),TRUE,FALSE,TRUE,TRUE,TRUE
P05716,U1750,X (Twitter),diego.park85,17,47,668,5.56,0.9,36.1,Evening (6-10pm),TRUE,FALSE,TRUE,FALSE,TRUE
P05717,U1751,Instagram,stellab670,44,1211,583,0.74,2.5,44.3,Afternoon (2-6pm),FALSE,FALSE,TRUE,FALSE,TRUE
P05718,U1751,TikTok,stellab928,27,1875,741,4.33,2.5,54.9,Afternoon (2-6pm),FALSE,FALSE,TRUE,TRUE,TRUE
P05719,U1751,X (Twitter),itsstella,25,111,73,3.61,5.5,47.4,Evening (6-10pm),FALSE,FALSE,FALSE,FALSE,FALSE
P05720,U1751,Facebook,itsstella5,78,805,805,4.48,2.9,12.0,Evening (6-10pm),TRUE,FALSE,FALSE,TRUE,TRUE
P05721,U1752,TikTok,loganl301,39,196,675,3.85,3.7,109.6,Late Night (10pm-2am),FALSE,FALSE,TRUE,FALSE,TRUE
P05722,U1752,Snapchat,logan_x,59,117,117,4.09,5.2,27.3,Late Night (10pm-2am),FALSE,FALSE,TRUE,TRUE,TRUE
P05723,U1752,X (Twitter),logan.lee53,29,70,244,2.96,2.3,17.2,Late Night (10pm-2am),FALSE,FALSE,TRUE,TRUE,TRUE
P05724,U1753,Instagram,bellav727,97,441,301,3.75,3.0,72.0,Afternoon (2-6pm),TRUE,FALSE,TRUE,TRUE,TRUE
P05725,U1753,TikTok,bella.vargas,65,195,1060,4.08,5.1,54.2,Midday (10am-2pm),TRUE,FALSE,TRUE,TRUE,TRUE
P05726,U1753,Snapchat,bella_2030,26,327,327,3.39,2.8,84.2,Evening (6-10pm),TRUE,FALSE,FALSE,TRUE,TRUE
P05727,U1754,Instagram,benjaminh711,42,912,338,2.06,3.3,71.1,Evening (6-10pm),TRUE,FALSE,FALSE,FALSE,FALSE
P05728,U1754,TikTok,benjamin_gram,53,64,730,4.02,0.9,73.4,Midday (10am-2pm),FALSE,FALSE,TRUE,FALSE,TRUE
P05729,U1754,Snapchat,benjaminh606,47,220,220,2.14,2.2,23.4,Evening (6-10pm),FALSE,FALSE,FALSE,FALSE,FALSE
P05730,U1754,X (Twitter),benjamin_gram,36,166,603,3.48,0.1,21.9,Evening (6-10pm),FALSE,FALSE,TRUE,FALSE,TRUE
P05731,U1754,Facebook,benjamin_2025,50,1038,1038,1.36,1.2,9.3,Evening (6-10pm),FALSE,FALSE,FALSE,FALSE,FALSE
P05732,U1755,Instagram,nora.hoffman,34,2943,296,0.2,3.4,61.9,Late Night (10pm-2am),TRUE,FALSE,TRUE,FALSE,TRUE
P05733,U1755,TikTok,nora_gram,22,422,995,4.89,0.9,76.3,Late Night (10pm-2am),FALSE,FALSE,FALSE,FALSE,FALSE
P05734,U1755,Snapchat,norah18,81,581,581,2.98,3.4,46.7,Late Night (10pm-2am),TRUE,FALSE,TRUE,FALSE,FALSE
P05735,U1756,TikTok,daniel_gram,19,17,530,5.1,1.7,97.6,Evening (6-10pm),TRUE,FALSE,TRUE,FALSE,FALSE
P05736,U1756,Snapchat,itsdaniel3,78,129,129,2.69,1.2,63.5,Evening (6-10pm),TRUE,FALSE,TRUE,TRUE,TRUE
P05737,U1757,Instagram,emma.lindberg,104,2053,236,5.01,4.0,31.2,Late Night (10pm-2am),FALSE,FALSE,FALSE,FALSE,FALSE
P05738,U1757,TikTok,emma.lindberg40,60,85,1843,5.61,1.4,116.7,Late Night (10pm-2am),FALSE,FALSE,TRUE,TRUE,TRUE
P05739,U1757,Snapchat,itsemmax,39,386,386,3.51,3.9,61.6,Late Night (10pm-2am),TRUE,FALSE,TRUE,TRUE,TRUE
P05740,U1757,X (Twitter),emma_gram,21,245,222,4.56,2.1,41.7,Late Night (10pm-2am),FALSE,FALSE,TRUE,FALSE,TRUE
P05741,U1757,Facebook,emmal142,114,616,616,2.63,1.6,11.0,Late Night (10pm-2am),FALSE,FALSE,FALSE,FALSE,TRUE
P05742,U1758,Instagram,robert.williams,13,840,163,2.09,2.1,161.8,Evening (6-10pm),TRUE,FALSE,FALSE,TRUE,FALSE
P05743,U1759,Instagram,ethan.le74,67,616,399,0.98,0.5,42.1,Late Night (10pm-2am),FALSE,FALSE,TRUE,FALSE,TRUE
P05744,U1759,TikTok,ethanl36,39,275,595,2.06,2.5,84.0,Late Night (10pm-2am),TRUE,FALSE,FALSE,TRUE,TRUE
P05745,U1759,Snapchat,ethanl912,78,552,552,0.98,2.2,27.7,Late Night (10pm-2am),TRUE,FALSE,FALSE,TRUE,TRUE
P05746,U1759,X (Twitter),ethanl356,33,5,210,4.15,1.1,19.8,Late Night (10pm-2am),FALSE,FALSE,TRUE,FALSE,TRUE
P05747,U1760,Instagram,averyv239,83,106,116,3.53,3.3,39.8,Late Night (10pm-2am),FALSE,FALSE,FALSE,TRUE,TRUE
P05748,U1760,TikTok,averyv670,40,519,1078,3.22,1.6,95.2,Late Night (10pm-2am),FALSE,FALSE,FALSE,FALSE,TRUE
P05749,U1760,Snapchat,averyv380,41,362,362,1.88,4.6,69.9,Late Night (10pm-2am),TRUE,FALSE,TRUE,FALSE,TRUE
P05750,U1760,Facebook,itsaveryx,36,623,623,0.7,1.7,10.9,Late Night (10pm-2am),TRUE,FALSE,TRUE,TRUE,TRUE
P05751,U1761,Instagram,williamh102,75,747,610,2.33,1.0,33.5,Morning (6-10am),TRUE,FALSE,TRUE,FALSE,TRUE
P05752,U1761,TikTok,williamh645,23,451,464,5.5,0.9,52.8,Morning (6-10am),FALSE,FALSE,FALSE,FALSE,FALSE
P05753,U1761,Snapchat,william_tv,111,573,573,3.7,1.3,42.1,Morning (6-10am),TRUE,FALSE,FALSE,FALSE,TRUE
P05754,U1761,X (Twitter),itswilliam2,13,55,621,2.82,3.1,66.8,Morning (6-10am),TRUE,FALSE,TRUE,FALSE,TRUE
P05755,U1762,Instagram,abigailw140,78,1015,520,0.57,1.1,165.0,Late Night (10pm-2am),TRUE,FALSE,TRUE,FALSE,TRUE
P05756,U1762,X (Twitter),abigail.wagner59,62,28,240,2.55,1.8,8.2,Late Night (10pm-2am),FALSE,FALSE,TRUE,FALSE,FALSE
P05757,U1763,Instagram,destiny_tv,104,577,243,3.93,1.8,35.5,Late Night (10pm-2am),FALSE,FALSE,TRUE,FALSE,TRUE
P05758,U1763,TikTok,itsdestiny2,45,55,283,4.48,0.9,55.0,Late Night (10pm-2am),FALSE,FALSE,FALSE,FALSE,TRUE
P05759,U1763,Snapchat,destinyl525,72,258,258,1.03,1.9,39.7,Late Night (10pm-2am),FALSE,FALSE,TRUE,FALSE,TRUE
P05760,U1763,X (Twitter),destinyl523,44,25,163,3.75,1.8,12.8,Late Night (10pm-2am),FALSE,FALSE,FALSE,FALSE,TRUE
P05761,U1764,Instagram,bella.ross2,42,2709,562,2.65,2.4,64.3,Evening (6-10pm),FALSE,FALSE,FALSE,TRUE,FALSE
P05762,U1764,TikTok,bella_x,36,676,509,3.3,0.7,64.0,Midday (10am-2pm),FALSE,FALSE,FALSE,FALSE,TRUE
P05763,U1764,Facebook,bellar275,104,640,640,1.94,0.9,20.9,Morning (6-10am),FALSE,FALSE,TRUE,FALSE,TRUE
P05764,U1765,Instagram,ximena_2025,89,1192,386,3.56,3.1,61.4,Afternoon (2-6pm),FALSE,FALSE,TRUE,FALSE,FALSE
P05765,U1765,TikTok,ximena_2028,44,69,427,4.44,0.8,145.0,Afternoon (2-6pm),TRUE,FALSE,TRUE,TRUE,FALSE
P05766,U1765,X (Twitter),ximena.mitchell,24,338,214,1.08,0.8,18.6,Evening (6-10pm),TRUE,FALSE,TRUE,FALSE,FALSE
P05767,U1766,Instagram,jackson.brooks,59,6225,369,1.12,2.0,51.0,Late Night (10pm-2am),FALSE,FALSE,FALSE,FALSE,TRUE
P05768,U1766,TikTok,jacksonb834,30,2383,719,3.14,1.6,44.4,Late Night (10pm-2am),FALSE,FALSE,FALSE,FALSE,TRUE
P05769,U1766,Facebook,jackson_tv,57,220,220,4.9,1.5,20.2,Late Night (10pm-2am),FALSE,FALSE,TRUE,FALSE,TRUE
P05770,U1767,Instagram,scarlett_x,77,2961,419,0.66,1.6,48.0,Late Night (10pm-2am),FALSE,FALSE,TRUE,FALSE,TRUE
P05771,U1767,TikTok,itsscarlett,26,433,1056,5.78,1.0,132.0,Late Night (10pm-2am),FALSE,FALSE,FALSE,TRUE,TRUE
P05772,U1767,Snapchat,scarlettr797,67,409,409,6.03,6.3,39.7,Late Night (10pm-2am),TRUE,FALSE,TRUE,TRUE,TRUE
P05773,U1767,X (Twitter),scarlettr551,65,39,725,5.96,3.2,8.6,Late Night (10pm-2am),TRUE,FALSE,FALSE,FALSE,TRUE
P05774,U1767,Facebook,scarlett_2024,75,779,779,0.42,1.4,23.3,Late Night (10pm-2am),FALSE,FALSE,FALSE,FALSE,FALSE
P05775,U1768,Instagram,itszoex,89,517,127,2.74,1.9,81.0,Evening (6-10pm),TRUE,FALSE,TRUE,FALSE,TRUE
P05776,U1768,TikTok,zoe.white,58,189,159,2.15,0.9,86.2,Afternoon (2-6pm),FALSE,FALSE,TRUE,FALSE,TRUE
P05777,U1768,X (Twitter),zoe_2028,42,127,129,0.2,0.3,17.8,Evening (6-10pm),TRUE,FALSE,TRUE,FALSE,FALSE
P05778,U1769,Instagram,ava.johnson,53,1419,259,3.81,0.8,107.0,Afternoon (2-6pm),TRUE,FALSE,TRUE,FALSE,FALSE
P05779,U1769,TikTok,ava_tv,54,886,288,2.78,0.6,118.7,Evening (6-10pm),FALSE,FALSE,TRUE,FALSE,TRUE
P05780,U1769,Snapchat,ava_gram,71,341,341,2.53,1.8,45.1,Evening (6-10pm),TRUE,FALSE,TRUE,FALSE,TRUE
P05781,U1769,X (Twitter),avaj475,42,11,576,3.11,1.5,25.9,Midday (10am-2pm),FALSE,FALSE,FALSE,FALSE,TRUE
P05782,U1769,Facebook,ava_gram,84,395,395,5.26,2.6,10.8,Evening (6-10pm),FALSE,FALSE,FALSE,FALSE,TRUE
P05783,U1770,Instagram,wyatt.schmidt66,74,908,305,5.38,3.0,22.5,Late Night (10pm-2am),TRUE,FALSE,TRUE,FALSE,TRUE
P05784,U1770,TikTok,wyatts698,37,116,703,3.43,0.9,143.3,Late Night (10pm-2am),TRUE,FALSE,TRUE,FALSE,FALSE
P05785,U1770,Snapchat,wyatts323,67,561,561,4.34,2.7,45.2,Late Night (10pm-2am),TRUE,FALSE,FALSE,TRUE,TRUE
P05786,U1771,Instagram,alexg276,45,916,472,2.74,0.6,73.6,Midday (10am-2pm),FALSE,FALSE,FALSE,FALSE,TRUE
P05787,U1771,TikTok,itsalexo,36,57,581,1.93,2.3,93.7,Evening (6-10pm),TRUE,FALSE,TRUE,TRUE,TRUE
P05788,U1771,Snapchat,alex_gram,44,457,457,0.84,0.3,49.3,Evening (6-10pm),TRUE,FALSE,TRUE,TRUE,TRUE
P05789,U1771,Facebook,alexg344,24,367,367,0.91,2.5,6.7,Afternoon (2-6pm),TRUE,FALSE,FALSE,FALSE,FALSE
P05790,U1772,Instagram,maya_gram,70,494,359,3.13,2.8,37.4,Evening (6-10pm),FALSE,FALSE,FALSE,TRUE,TRUE
P05791,U1772,TikTok,maya_2027,57,399,478,5.39,2.5,40.9,Morning (6-10am),FALSE,FALSE,TRUE,TRUE,TRUE
P05792,U1772,Snapchat,mayas193,31,124,124,3.86,3.2,44.0,Evening (6-10pm),TRUE,FALSE,FALSE,FALSE,FALSE
P05793,U1772,X (Twitter),mayas140,48,244,544,3.43,0.7,28.3,Morning (6-10am),FALSE,FALSE,FALSE,FALSE,TRUE
P05794,U1772,Facebook,maya_tv,80,509,509,4.02,1.2,7.6,Midday (10am-2pm),FALSE,FALSE,TRUE,FALSE,TRUE
P05795,U1773,Instagram,destinyh428,96,271,364,3.86,1.7,55.9,Afternoon (2-6pm),TRUE,FALSE,TRUE,FALSE,TRUE
P05796,U1773,TikTok,destinyh108,18,111,451,3.28,1.4,30.2,Evening (6-10pm),TRUE,FALSE,TRUE,FALSE,FALSE
P05797,U1773,Snapchat,destiny.hall,107,510,510,0.23,0.7,49.8,Midday (10am-2pm),FALSE,FALSE,TRUE,TRUE,TRUE
P05798,U1773,X (Twitter),destinyh856,34,141,371,4.49,1.9,12.4,Midday (10am-2pm),FALSE,FALSE,FALSE,FALSE,TRUE
P05799,U1774,Instagram,allison.alvarez25,81,1885,328,1.64,3.7,59.3,Evening (6-10pm),FALSE,FALSE,TRUE,FALSE,TRUE
P05800,U1774,TikTok,allison_2029,66,120,606,4.85,0.7,157.4,Evening (6-10pm),TRUE,FALSE,TRUE,FALSE,TRUE
P05801,U1774,Snapchat,allisona105,53,321,321,4.05,0.8,41.4,Midday (10am-2pm),TRUE,FALSE,FALSE,FALSE,TRUE
P05802,U1775,Instagram,ximena.wright,97,5172,1606,1.88,1.6,43.9,Late Night (10pm-2am),TRUE,FALSE,FALSE,FALSE,TRUE
P05803,U1775,TikTok,ximena.wright45,74,546,252,4.3,2.5,54.5,Late Night (10pm-2am),TRUE,FALSE,TRUE,FALSE,FALSE
P05804,U1775,Snapchat,itsximenax,75,371,371,6.77,2.4,20.4,Late Night (10pm-2am),TRUE,FALSE,FALSE,TRUE,TRUE
P05805,U1776,Instagram,itsbrooklynx,52,702,120,4.29,1.0,48.8,Late Night (10pm-2am),TRUE,FALSE,TRUE,TRUE,TRUE
P05806,U1776,TikTok,brooklyn.le39,58,384,228,4.05,3.2,54.4,Late Night (10pm-2am),FALSE,FALSE,TRUE,FALSE,FALSE
P05807,U1776,X (Twitter),brooklyn.le,24,290,193,4.03,2.0,18.9,Late Night (10pm-2am),TRUE,FALSE,TRUE,TRUE,FALSE
P05808,U1777,Instagram,ethan_2030,39,2400,307,2.68,0.5,42.3,Evening (6-10pm),FALSE,FALSE,TRUE,TRUE,TRUE
P05809,U1777,Snapchat,itsethano,60,374,374,2.35,3.3,41.0,Evening (6-10pm),TRUE,FALSE,TRUE,TRUE,FALSE
P05810,U1777,Facebook,itsethan3,60,428,428,4.79,2.7,8.7,Midday (10am-2pm),TRUE,FALSE,TRUE,TRUE,FALSE
P05811,U1778,Instagram,camila.thomas,42,1642,438,2.43,3.2,34.9,Evening (6-10pm),TRUE,FALSE,TRUE,FALSE,FALSE
P05812,U1778,TikTok,camilat113,42,75,365,4.92,2.5,179.4,Afternoon (2-6pm),FALSE,FALSE,TRUE,FALSE,TRUE
P05813,U1778,Snapchat,camila.thomas,83,267,267,1.5,1.5,20.7,Afternoon (2-6pm),TRUE,FALSE,TRUE,TRUE,FALSE
P05814,U1779,Instagram,henry.murphy,59,706,717,1.81,1.0,54.1,Midday (10am-2pm),TRUE,FALSE,TRUE,FALSE,TRUE
P05815,U1779,TikTok,henrym203,27,153,654,3.06,0.5,108.2,Evening (6-10pm),FALSE,FALSE,TRUE,FALSE,FALSE
P05816,U1779,Snapchat,henrym323,64,103,103,2.03,1.9,55.2,Afternoon (2-6pm),TRUE,FALSE,FALSE,TRUE,TRUE
P05817,U1780,Instagram,eli_official,51,233,701,2.19,1.4,50.6,Midday (10am-2pm),TRUE,FALSE,TRUE,FALSE,TRUE
P05818,U1780,TikTok,eli.walsh,33,1201,1437,3.73,2.3,64.0,Evening (6-10pm),FALSE,FALSE,TRUE,FALSE,TRUE
P05819,U1780,Snapchat,eli_2030,53,377,377,4.27,1.5,54.5,Morning (6-10am),TRUE,FALSE,TRUE,TRUE,FALSE
P05820,U1781,Instagram,itssebastianx,55,1953,336,0.58,2.1,65.2,Evening (6-10pm),TRUE,FALSE,TRUE,FALSE,FALSE
P05821,U1781,TikTok,sebastian.robinson88,21,264,506,3.78,1.0,108.5,Evening (6-10pm),TRUE,FALSE,TRUE,FALSE,FALSE
P05822,U1781,Snapchat,itssebastian1,65,162,162,3.83,2.0,91.9,Evening (6-10pm),TRUE,FALSE,TRUE,FALSE,FALSE
P05823,U1782,Instagram,jackc968,59,583,1143,2.91,2.6,37.6,Morning (6-10am),FALSE,FALSE,FALSE,FALSE,FALSE
P05824,U1782,Snapchat,jackc670,84,587,587,4.94,1.8,52.4,Morning (6-10am),TRUE,FALSE,FALSE,FALSE,FALSE
P05825,U1782,X (Twitter),itsjack,80,22,137,5.3,2.9,19.2,Morning (6-10am),FALSE,FALSE,FALSE,FALSE,TRUE
P05826,U1783,Instagram,caseyh391,70,1476,498,1.28,2.0,99.7,Evening (6-10pm),TRUE,FALSE,TRUE,FALSE,TRUE
P05827,U1783,TikTok,casey_tv,25,339,396,6.0,1.9,87.5,Evening (6-10pm),FALSE,FALSE,TRUE,TRUE,TRUE
P05828,U1783,Snapchat,casey.hill,33,535,535,5.35,3.9,46.2,Midday (10am-2pm),TRUE,FALSE,TRUE,FALSE,TRUE
P05829,U1783,X (Twitter),casey_2029,42,103,241,3.12,1.2,9.3,Afternoon (2-6pm),FALSE,FALSE,TRUE,FALSE,TRUE
P05830,U1783,Facebook,casey.hill80,68,300,300,2.94,1.6,7.3,Afternoon (2-6pm),FALSE,FALSE,TRUE,TRUE,TRUE
P05831,U1784,Instagram,henry_2028,68,976,828,0.51,3.1,91.0,Late Night (10pm-2am),TRUE,FALSE,FALSE,FALSE,TRUE
P05832,U1784,TikTok,henry_2026,39,4787,971,2.12,4.1,60.1,Late Night (10pm-2am),FALSE,FALSE,TRUE,FALSE,TRUE
P05833,U1784,Snapchat,henry_x,65,648,648,3.16,2.4,65.7,Late Night (10pm-2am),FALSE,FALSE,FALSE,FALSE,TRUE
P05834,U1785,Instagram,yunat838,89,606,236,0.31,3.9,28.0,Evening (6-10pm),FALSE,FALSE,FALSE,TRUE,TRUE
P05835,U1785,TikTok,yuna.thompson,57,498,762,4.62,4.2,134.6,Evening (6-10pm),FALSE,FALSE,TRUE,FALSE,TRUE
P05836,U1785,Snapchat,itsyuna,69,442,442,2.04,1.0,23.5,Afternoon (2-6pm),TRUE,FALSE,TRUE,TRUE,FALSE
P05837,U1786,Instagram,itsmila4,80,907,616,0.95,0.7,71.8,Late Night (10pm-2am),FALSE,FALSE,TRUE,TRUE,TRUE
P05838,U1786,TikTok,mila_x,40,109,994,3.85,2.0,128.1,Late Night (10pm-2am),FALSE,FALSE,TRUE,TRUE,TRUE
P05839,U1786,X (Twitter),milal14,22,136,126,2.69,1.1,13.2,Late Night (10pm-2am),FALSE,FALSE,FALSE,TRUE,TRUE
P05840,U1787,Instagram,evelyn.morgan38,92,2186,311,0.88,0.3,113.5,Late Night (10pm-2am),TRUE,FALSE,TRUE,FALSE,TRUE
P05841,U1787,TikTok,itsevelyn8,53,288,315,2.39,1.8,65.2,Late Night (10pm-2am),FALSE,FALSE,FALSE,FALSE,TRUE
P05842,U1787,Snapchat,evelyn_official,108,210,210,3.16,3.9,21.6,Late Night (10pm-2am),TRUE,FALSE,FALSE,FALSE,TRUE
P05843,U1787,X (Twitter),itsevelyn,24,302,175,4.31,1.8,21.4,Late Night (10pm-2am),FALSE,FALSE,TRUE,FALSE,FALSE
P05844,U1787,Facebook,evelynm767,74,362,362,0.92,1.5,24.0,Late Night (10pm-2am),TRUE,FALSE,TRUE,TRUE,FALSE
P05845,U1788,Instagram,itszoeyx,78,1816,267,2.6,4.5,53.9,Midday (10am-2pm),FALSE,FALSE,FALSE,FALSE,TRUE
P05846,U1788,TikTok,zoey.laurent68,60,182,335,3.55,4.1,59.8,Midday (10am-2pm),TRUE,FALSE,FALSE,FALSE,TRUE
P05847,U1788,Snapchat,zoey.laurent,40,700,700,2.92,1.7,36.1,Morning (6-10am),FALSE,FALSE,FALSE,TRUE,TRUE
P05848,U1788,X (Twitter),zoey.laurent,76,138,190,2.29,0.6,8.7,Morning (6-10am),FALSE,FALSE,TRUE,FALSE,TRUE
P05849,U1788,Facebook,zoey.laurent,101,199,199,3.46,1.9,14.2,Morning (6-10am),FALSE,FALSE,FALSE,TRUE,TRUE
P05850,U1789,Instagram,riley_x,53,664,394,4.56,2.1,66.2,Late Night (10pm-2am),FALSE,FALSE,TRUE,FALSE,TRUE
P05851,U1789,TikTok,riley.jones,40,1988,586,2.83,1.2,77.6,Late Night (10pm-2am),FALSE,FALSE,TRUE,TRUE,TRUE
P05852,U1789,Snapchat,rileyj342,49,161,161,2.2,1.3,44.9,Late Night (10pm-2am),TRUE,FALSE,FALSE,TRUE,TRUE
P05853,U1789,X (Twitter),rileyj446,76,125,544,4.1,3.5,20.7,Late Night (10pm-2am),FALSE,FALSE,FALSE,FALSE,TRUE
P05854,U1790,Instagram,camilav133,57,5831,296,0.38,0.9,32.1,Evening (6-10pm),FALSE,FALSE,FALSE,FALSE,TRUE
P05855,U1790,TikTok,camilav857,73,179,272,0.71,2.0,89.7,Evening (6-10pm),FALSE,FALSE,TRUE,FALSE,FALSE
P05856,U1791,Instagram,connors776,64,459,286,1.34,3.6,28.2,Evening (6-10pm),FALSE,FALSE,FALSE,FALSE,TRUE
P05857,U1791,TikTok,connors840,52,619,387,1.29,2.7,162.4,Evening (6-10pm),TRUE,FALSE,TRUE,FALSE,TRUE
P05858,U1791,Snapchat,connor_gram,48,509,509,2.63,0.8,28.6,Evening (6-10pm),TRUE,FALSE,TRUE,FALSE,TRUE
P05859,U1791,X (Twitter),connors672,59,303,793,4.63,1.1,10.1,Midday (10am-2pm),TRUE,FALSE,TRUE,TRUE,TRUE
P05860,U1792,Instagram,lilliand449,72,1290,228,0.2,1.0,55.3,Evening (6-10pm),TRUE,FALSE,FALSE,FALSE,TRUE
P05861,U1792,TikTok,lilliand114,24,271,546,2.83,1.8,111.1,Evening (6-10pm),FALSE,FALSE,TRUE,FALSE,TRUE
P05862,U1793,Instagram,sophia_official,45,2707,361,0.95,1.3,86.8,Morning (6-10am),FALSE,FALSE,TRUE,FALSE,TRUE
P05863,U1793,TikTok,sophiat425,28,1460,391,2.51,4.9,157.2,Morning (6-10am),FALSE,FALSE,TRUE,FALSE,TRUE
P05864,U1793,Snapchat,sophia.thomas,68,586,586,4.52,2.6,77.8,Morning (6-10am),TRUE,FALSE,TRUE,FALSE,TRUE
P05865,U1793,X (Twitter),sophia_2024,24,95,553,2.79,2.3,17.9,Evening (6-10pm),FALSE,FALSE,FALSE,FALSE,TRUE
P05866,U1794,Instagram,itsmaya7,61,480,163,4.31,1.2,101.1,Midday (10am-2pm),FALSE,FALSE,FALSE,FALSE,TRUE
P05867,U1794,TikTok,maya_2025,45,126,340,4.7,2.3,46.2,Midday (10am-2pm),TRUE,FALSE,FALSE,FALSE,FALSE
P05868,U1794,Snapchat,maya.foster,18,219,219,3.15,2.5,105.6,Afternoon (2-6pm),TRUE,FALSE,FALSE,TRUE,TRUE
P05869,U1794,X (Twitter),mayaf673,45,18,495,3.04,3.7,19.2,Evening (6-10pm),FALSE,FALSE,TRUE,FALSE,FALSE
P05870,U1794,Facebook,itsmaya,96,946,946,1.8,1.4,7.4,Evening (6-10pm),FALSE,FALSE,FALSE,TRUE,TRUE
P05871,U1795,Instagram,sofia.wilson,58,381,501,3.42,1.5,56.9,Morning (6-10am),TRUE,FALSE,TRUE,FALSE,FALSE
P05872,U1795,TikTok,sofia.wilson,78,602,314,3.81,6.7,119.0,Morning (6-10am),FALSE,FALSE,TRUE,FALSE,FALSE
P05873,U1795,X (Twitter),sofia.wilson69,87,2370,231,1.04,3.7,24.3,Morning (6-10am),FALSE,FALSE,TRUE,FALSE,FALSE
P05874,U1796,Instagram,emily_2026,105,734,771,3.04,1.4,83.0,Evening (6-10pm),TRUE,FALSE,TRUE,FALSE,TRUE
P05875,U1796,TikTok,emilyw753,29,710,965,0.67,3.6,79.4,Evening (6-10pm),TRUE,FALSE,FALSE,TRUE,TRUE
P05876,U1796,Snapchat,emilyw552,78,311,311,4.08,0.7,41.1,Afternoon (2-6pm),TRUE,FALSE,TRUE,TRUE,TRUE
P05877,U1796,Facebook,emily_2029,90,995,995,2.19,0.7,15.9,Evening (6-10pm),FALSE,FALSE,TRUE,FALSE,TRUE
P05878,U1797,Instagram,lillianw45,51,1040,377,4.18,2.8,44.3,Late Night (10pm-2am),FALSE,FALSE,FALSE,TRUE,TRUE
P05879,U1797,TikTok,lillian.wang,71,286,309,1.67,1.8,48.6,Late Night (10pm-2am),FALSE,FALSE,FALSE,FALSE,TRUE
P05880,U1798,Instagram,matthew_official,41,7176,460,3.34,1.4,27.6,Late Night (10pm-2am),TRUE,FALSE,TRUE,FALSE,TRUE
P05881,U1798,TikTok,matthewt201,73,802,149,3.26,1.5,89.3,Late Night (10pm-2am),TRUE,FALSE,TRUE,FALSE,TRUE
P05882,U1799,Instagram,christian.choi,84,172,288,3.41,1.5,37.4,Morning (6-10am),FALSE,FALSE,TRUE,FALSE,TRUE
P05883,U1799,TikTok,itschristianx,50,46,397,2.73,1.7,57.9,Midday (10am-2pm),TRUE,FALSE,TRUE,FALSE,FALSE
P05884,U1799,Snapchat,christianc906,31,316,316,2.81,0.9,30.5,Morning (6-10am),FALSE,FALSE,FALSE,FALSE,TRUE
P05885,U1799,Facebook,christian_x,101,954,954,1.98,2.4,15.5,Midday (10am-2pm),TRUE,FALSE,TRUE,FALSE,FALSE
P05886,U1800,Instagram,evelynr830,93,1018,390,2.42,3.2,89.5,Evening (6-10pm),FALSE,FALSE,FALSE,FALSE,FALSE
P05887,U1800,Snapchat,evelynr892,78,473,473,2.86,4.7,33.7,Midday (10am-2pm),TRUE,FALSE,FALSE,FALSE,TRUE
P05888,U1801,Instagram,cameron_x,99,5200,207,4.44,1.5,153.0,Afternoon (2-6pm),FALSE,FALSE,TRUE,FALSE,FALSE
P05889,U1801,TikTok,cameron.davis54,24,531,829,4.39,1.6,103.0,Midday (10am-2pm),FALSE,FALSE,FALSE,TRUE,FALSE
P05890,U1801,Snapchat,itscamerono,81,267,267,5.23,4.3,95.8,Evening (6-10pm),TRUE,FALSE,FALSE,TRUE,TRUE
P05891,U1802,Instagram,itsamelia,52,5934,879,1.02,2.4,31.7,Evening (6-10pm),FALSE,FALSE,TRUE,FALSE,TRUE
P05892,U1802,TikTok,itsameliax,48,2083,506,3.15,0.9,188.5,Afternoon (2-6pm),FALSE,FALSE,TRUE,FALSE,FALSE
P05893,U1802,X (Twitter),amelia_x,27,78,106,6.61,1.8,25.4,Afternoon (2-6pm),TRUE,FALSE,TRUE,FALSE,TRUE
P05894,U1803,Instagram,ryan_tv,38,2346,472,3.6,1.1,56.7,Evening (6-10pm),TRUE,FALSE,TRUE,FALSE,FALSE
P05895,U1803,TikTok,ryana682,56,169,971,1.36,2.4,49.2,Evening (6-10pm),FALSE,FALSE,TRUE,FALSE,TRUE
P05896,U1803,Snapchat,ryan.allen,58,817,817,1.96,0.6,59.3,Morning (6-10am),FALSE,FALSE,FALSE,TRUE,FALSE
P05897,U1804,Instagram,olivia.andersen,64,4854,771,1.95,1.6,37.6,Late Night (10pm-2am),TRUE,FALSE,TRUE,TRUE,TRUE
P05898,U1804,TikTok,olivia_gram,46,400,409,3.06,3.8,116.2,Late Night (10pm-2am),FALSE,FALSE,TRUE,FALSE,TRUE
P05899,U1804,Snapchat,oliviaa454,28,581,581,4.83,2.6,64.3,Late Night (10pm-2am),TRUE,FALSE,TRUE,FALSE,TRUE
P05900,U1804,Facebook,olivia.andersen,83,1037,1037,3.34,1.9,7.7,Late Night (10pm-2am),FALSE,FALSE,TRUE,FALSE,TRUE
P05901,U1805,TikTok,emma.pham,76,292,331,3.39,2.2,64.2,Midday (10am-2pm),FALSE,FALSE,FALSE,FALSE,TRUE
P05902,U1805,Snapchat,emma.pham78,63,195,195,3.37,1.3,26.7,Morning (6-10am),FALSE,FALSE,TRUE,FALSE,TRUE
P05903,U1806,Instagram,alexanderm931,90,2612,756,0.2,1.6,65.3,Late Night (10pm-2am),TRUE,FALSE,TRUE,FALSE,FALSE
P05904,U1806,TikTok,itsalexandero,60,391,176,2.14,3.9,89.4,Late Night (10pm-2am),TRUE,FALSE,FALSE,TRUE,TRUE
P05905,U1806,Facebook,alexanderm309,55,1020,1020,2.07,0.8,16.6,Late Night (10pm-2am),TRUE,FALSE,TRUE,FALSE,TRUE
P05906,U1807,Instagram,elijah.johnson,50,2055,445,1.19,1.6,74.3,Evening (6-10pm),TRUE,FALSE,TRUE,TRUE,TRUE
P05907,U1807,TikTok,elijah.johnson,38,589,1023,3.54,2.7,183.6,Evening (6-10pm),FALSE,FALSE,TRUE,FALSE,TRUE
P05908,U1807,Facebook,elijah.johnson,90,458,458,1.98,0.7,8.6,Afternoon (2-6pm),FALSE,FALSE,TRUE,TRUE,TRUE
P05909,U1808,Instagram,andrew_tv,73,392,2049,3.9,3.2,61.5,Midday (10am-2pm),FALSE,FALSE,TRUE,FALSE,TRUE
P05910,U1808,TikTok,andrewh475,15,186,284,4.63,4.3,220.4,Afternoon (2-6pm),FALSE,FALSE,TRUE,FALSE,TRUE
P05911,U1808,Snapchat,andrewh703,20,212,212,5.41,3.1,20.1,Afternoon (2-6pm),TRUE,FALSE,FALSE,FALSE,TRUE
P05912,U1808,X (Twitter),andrew.hall,19,49,44,3.82,1.2,17.9,Evening (6-10pm),TRUE,FALSE,TRUE,TRUE,FALSE
P05913,U1808,Facebook,itsandrew,21,1165,1165,2.74,1.9,17.1,Afternoon (2-6pm),FALSE,FALSE,FALSE,TRUE,TRUE
P05914,U1809,Instagram,willow_x,55,1804,187,1.11,2.1,91.8,Late Night (10pm-2am),FALSE,FALSE,TRUE,FALSE,FALSE
P05915,U1809,TikTok,willow.patel35,33,901,611,3.71,4.6,100.6,Late Night (10pm-2am),TRUE,FALSE,TRUE,FALSE,TRUE
P05916,U1809,Facebook,willow_2030,113,670,670,3.75,0.9,15.0,Late Night (10pm-2am),TRUE,FALSE,FALSE,TRUE,TRUE
P05917,U1810,Instagram,angel.hassan25,31,2373,638,2.02,4.6,75.8,Evening (6-10pm),FALSE,FALSE,FALSE,FALSE,FALSE
P05918,U1810,TikTok,angel.hassan,72,214,1982,2.37,1.1,112.9,Morning (6-10am),FALSE,FALSE,FALSE,FALSE,TRUE
P05919,U1810,Snapchat,angel_x,87,117,117,5.02,0.7,77.3,Morning (6-10am),TRUE,FALSE,TRUE,FALSE,TRUE
P05920,U1811,Instagram,itsroman7,31,1482,338,2.3,2.9,60.8,Midday (10am-2pm),TRUE,FALSE,FALSE,FALSE,TRUE
P05921,U1811,TikTok,romanl180,31,24,960,2.01,2.1,122.5,Midday (10am-2pm),FALSE,FALSE,FALSE,TRUE,TRUE
P05922,U1811,X (Twitter),itsromano,48,42,153,1.71,2.7,22.1,Evening (6-10pm),FALSE,FALSE,FALSE,FALSE,TRUE
P05923,U1812,Instagram,lincoln.roberts73,84,1064,302,2.65,2.0,67.4,Late Night (10pm-2am),TRUE,FALSE,FALSE,FALSE,TRUE
P05924,U1813,Instagram,itsolivia1,45,717,602,2.64,0.7,36.7,Afternoon (2-6pm),FALSE,FALSE,FALSE,FALSE,FALSE
P05925,U1813,TikTok,olivia_official,14,178,675,3.37,2.3,137.9,Evening (6-10pm),TRUE,FALSE,FALSE,FALSE,TRUE
P05926,U1813,Facebook,olivian160,33,385,385,2.63,2.9,10.1,Midday (10am-2pm),FALSE,FALSE,TRUE,FALSE,TRUE
P05927,U1814,Instagram,itsjasmine7,54,2720,197,2.91,1.2,104.1,Afternoon (2-6pm),FALSE,FALSE,TRUE,FALSE,TRUE
P05928,U1814,TikTok,jasmineh853,67,72,1165,2.83,2.8,42.3,Evening (6-10pm),FALSE,FALSE,TRUE,TRUE,TRUE
P05929,U1814,Snapchat,jasmineh257,78,809,809,3.15,1.0,28.2,Midday (10am-2pm),TRUE,FALSE,FALSE,TRUE,TRUE
P05930,U1814,Facebook,jasmineh473,50,362,362,1.41,2.6,12.4,Evening (6-10pm),FALSE,FALSE,TRUE,FALSE,FALSE
P05931,U1815,Instagram,natalieb257,96,1138,357,3.22,2.8,76.0,Morning (6-10am),FALSE,FALSE,FALSE,FALSE,FALSE
P05932,U1815,TikTok,natalieb496,42,559,625,4.9,3.9,63.6,Evening (6-10pm),FALSE,FALSE,TRUE,FALSE,TRUE
P05933,U1816,Instagram,luna_2029,40,2359,873,2.9,1.3,116.8,Evening (6-10pm),FALSE,FALSE,TRUE,FALSE,TRUE
P05934,U1816,TikTok,itsluna,40,58,954,4.85,0.2,87.9,Afternoon (2-6pm),FALSE,FALSE,TRUE,FALSE,FALSE
P05935,U1816,Snapchat,luna.gonzalez,48,452,452,2.05,2.1,41.1,Afternoon (2-6pm),FALSE,FALSE,TRUE,FALSE,TRUE
P05936,U1816,X (Twitter),itslunao,63,87,144,5.62,2.2,34.0,Midday (10am-2pm),FALSE,FALSE,TRUE,FALSE,TRUE
P05937,U1816,Facebook,lunag236,76,473,473,3.78,2.0,23.0,Afternoon (2-6pm),TRUE,FALSE,TRUE,FALSE,TRUE
P05938,U1817,Instagram,chloe.taylor14,52,2307,1748,3.96,5.4,98.3,Afternoon (2-6pm),FALSE,FALSE,FALSE,FALSE,TRUE
P05939,U1817,TikTok,chloet848,30,838,822,3.32,1.0,141.3,Evening (6-10pm),FALSE,FALSE,FALSE,FALSE,FALSE
P05940,U1817,Snapchat,chloe_2026,69,227,227,1.96,3.1,53.1,Evening (6-10pm),TRUE,FALSE,TRUE,TRUE,FALSE
P05941,U1817,Facebook,chloet878,123,420,420,4.59,1.0,13.2,Evening (6-10pm),TRUE,FALSE,TRUE,TRUE,TRUE
P05942,U1818,Instagram,aidend439,52,1613,1550,0.31,1.4,39.4,Evening (6-10pm),FALSE,FALSE,TRUE,FALSE,FALSE
P05943,U1818,TikTok,aiden_gram,39,354,1994,1.42,1.1,88.3,Evening (6-10pm),TRUE,FALSE,TRUE,FALSE,FALSE
P05944,U1818,Snapchat,aiden_2029,37,790,790,0.33,1.4,25.1,Evening (6-10pm),TRUE,FALSE,TRUE,TRUE,TRUE
P05945,U1818,Facebook,aidend199,82,331,331,4.37,2.1,11.3,Evening (6-10pm),TRUE,FALSE,TRUE,TRUE,TRUE
P05946,U1819,Instagram,danielam35,51,300,612,1.77,0.3,32.4,Evening (6-10pm),TRUE,FALSE,TRUE,FALSE,TRUE
P05947,U1819,TikTok,danielam469,31,77,316,2.46,0.7,88.7,Afternoon (2-6pm),FALSE,FALSE,FALSE,FALSE,FALSE
P05948,U1819,Snapchat,danielam582,21,337,337,0.91,0.7,18.3,Midday (10am-2pm),TRUE,FALSE,TRUE,TRUE,FALSE
P05949,U1819,X (Twitter),daniela.moreau,32,33,409,1.95,0.8,21.3,Midday (10am-2pm),FALSE,FALSE,TRUE,FALSE,FALSE
P05950,U1819,Facebook,danielam79,59,361,361,2.21,1.9,8.8,Evening (6-10pm),FALSE,FALSE,TRUE,FALSE,FALSE
P05951,U1820,Instagram,everly.clark80,41,453,256,3.66,0.8,35.1,Late Night (10pm-2am),FALSE,FALSE,FALSE,FALSE,TRUE
P05952,U1820,TikTok,everly_2026,12,258,389,3.76,3.2,86.3,Late Night (10pm-2am),FALSE,FALSE,FALSE,FALSE,TRUE
P05953,U1821,Instagram,avery_official,71,560,246,0.69,3.0,49.6,Evening (6-10pm),TRUE,FALSE,TRUE,FALSE,FALSE
P05954,U1821,TikTok,avery_2026,43,214,593,4.48,1.7,69.2,Midday (10am-2pm),FALSE,FALSE,FALSE,FALSE,FALSE
P05955,U1822,Instagram,aubreyh835,22,582,323,0.2,2.9,53.2,Afternoon (2-6pm),TRUE,FALSE,FALSE,TRUE,TRUE
P05956,U1822,TikTok,aubrey.hernandez,45,159,347,3.88,1.5,67.6,Midday (10am-2pm),FALSE,FALSE,TRUE,FALSE,TRUE
P05957,U1823,Instagram,wyatt.young,26,1491,313,2.59,0.9,42.4,Evening (6-10pm),FALSE,FALSE,TRUE,FALSE,TRUE
P05958,U1823,TikTok,wyatt.young32,35,4014,253,1.57,0.8,110.8,Afternoon (2-6pm),TRUE,FALSE,FALSE,FALSE,TRUE
P05959,U1823,Snapchat,wyatt.young,22,120,120,3.43,5.6,72.4,Afternoon (2-6pm),TRUE,FALSE,TRUE,TRUE,TRUE
P05960,U1823,X (Twitter),wyatt_gram,37,84,160,5.15,2.2,13.3,Afternoon (2-6pm),FALSE,FALSE,FALSE,FALSE,TRUE
P05961,U1823,Facebook,wyatty293,34,201,201,3.38,2.1,8.5,Afternoon (2-6pm),TRUE,FALSE,TRUE,TRUE,TRUE
P05962,U1824,Instagram,robert_official,54,177,277,2.68,1.4,57.8,Late Night (10pm-2am),FALSE,FALSE,TRUE,FALSE,FALSE
P05963,U1824,TikTok,robert.campbell59,32,2361,876,1.69,1.1,124.4,Late Night (10pm-2am),TRUE,FALSE,TRUE,FALSE,TRUE
P05964,U1824,Snapchat,robertc385,58,74,74,0.88,0.3,64.5,Late Night (10pm-2am),TRUE,FALSE,TRUE,FALSE,FALSE
P05965,U1824,X (Twitter),robertc481,40,25,131,3.78,1.0,13.8,Late Night (10pm-2am),FALSE,FALSE,TRUE,FALSE,TRUE
P05966,U1825,Instagram,willowh272,57,980,1027,1.32,3.1,80.8,Evening (6-10pm),FALSE,FALSE,TRUE,FALSE,TRUE
P05967,U1825,TikTok,itswillowx,68,79,1184,4.37,3.3,60.8,Afternoon (2-6pm),TRUE,FALSE,FALSE,FALSE,TRUE
P05968,U1825,Snapchat,willow.howard,69,863,863,2.94,1.3,53.3,Midday (10am-2pm),TRUE,FALSE,FALSE,FALSE,TRUE
P05969,U1826,Instagram,itsgabriella2,49,333,487,3.46,3.1,41.7,Morning (6-10am),FALSE,FALSE,TRUE,FALSE,FALSE
P05970,U1826,TikTok,gabriella.tanaka,31,1731,160,1.77,0.2,89.7,Midday (10am-2pm),FALSE,FALSE,FALSE,FALSE,TRUE
P05971,U1826,Snapchat,gabriella_2025,106,747,747,1.35,2.6,25.2,Morning (6-10am),TRUE,FALSE,TRUE,FALSE,TRUE
P05972,U1827,Instagram,valentina_official,71,883,521,2.46,0.5,101.7,Midday (10am-2pm),TRUE,FALSE,TRUE,TRUE,TRUE
P05973,U1827,TikTok,valentinam608,33,58,218,3.39,1.3,91.2,Evening (6-10pm),FALSE,FALSE,TRUE,FALSE,TRUE
P05974,U1828,Instagram,evelyn.edwards,88,1566,440,0.79,0.8,47.6,Late Night (10pm-2am),FALSE,FALSE,TRUE,FALSE,TRUE
P05975,U1828,TikTok,itsevelyn3,44,136,883,1.83,3.2,44.2,Late Night (10pm-2am),TRUE,FALSE,FALSE,FALSE,TRUE
P05976,U1828,Snapchat,evelyn.edwards16,48,302,302,5.03,1.9,40.4,Late Night (10pm-2am),TRUE,FALSE,TRUE,FALSE,FALSE
P05977,U1828,X (Twitter),evelyn_tv,39,263,154,5.27,4.5,39.5,Late Night (10pm-2am),TRUE,FALSE,TRUE,FALSE,FALSE
P05978,U1829,Instagram,itselias7,70,1265,311,3.34,1.1,31.0,Midday (10am-2pm),FALSE,FALSE,TRUE,FALSE,TRUE
P05979,U1829,TikTok,eliasr36,63,2239,504,2.32,1.6,159.8,Afternoon (2-6pm),TRUE,FALSE,FALSE,FALSE,TRUE
P05980,U1829,Snapchat,itselias,32,622,622,3.81,1.9,38.3,Afternoon (2-6pm),FALSE,FALSE,FALSE,FALSE,FALSE
P05981,U1830,Instagram,rajt233,56,304,433,2.08,2.6,44.6,Morning (6-10am),FALSE,FALSE,TRUE,TRUE,TRUE
P05982,U1830,TikTok,rajt733,43,43,632,6.02,2.8,75.6,Morning (6-10am),FALSE,FALSE,TRUE,FALSE,TRUE
P05983,U1830,X (Twitter),rajt805,19,31,208,3.36,2.0,21.3,Midday (10am-2pm),FALSE,FALSE,FALSE,TRUE,TRUE
P05984,U1831,Instagram,alexo536,32,2667,560,3.09,1.1,77.7,Evening (6-10pm),FALSE,FALSE,TRUE,FALSE,TRUE
P05985,U1831,TikTok,alex.okafor,45,913,672,4.51,2.2,192.6,Midday (10am-2pm),FALSE,FALSE,FALSE,FALSE,TRUE
P05986,U1831,Snapchat,alex.okafor62,53,568,568,2.67,1.2,66.0,Evening (6-10pm),TRUE,FALSE,FALSE,TRUE,TRUE
P05987,U1832,Instagram,alondrag856,67,535,252,3.64,1.1,101.6,Afternoon (2-6pm),FALSE,FALSE,TRUE,TRUE,TRUE
P05988,U1832,TikTok,alondrag117,54,534,744,5.02,1.9,45.6,Afternoon (2-6pm),FALSE,FALSE,TRUE,TRUE,FALSE
P05989,U1832,Snapchat,alondra.gutierrez,18,734,734,2.21,3.2,50.2,Evening (6-10pm),FALSE,FALSE,TRUE,FALSE,FALSE
P05990,U1832,X (Twitter),itsalondra6,67,39,345,2.84,3.4,15.9,Evening (6-10pm),FALSE,FALSE,TRUE,FALSE,TRUE
P05991,U1833,Instagram,james_2028,47,2995,601,4.97,1.3,108.8,Late Night (10pm-2am),TRUE,FALSE,TRUE,FALSE,TRUE
P05992,U1833,TikTok,james.miller67,17,141,454,4.31,0.7,97.1,Late Night (10pm-2am),FALSE,FALSE,TRUE,FALSE,TRUE
P05993,U1833,Snapchat,james_tv,98,179,179,4.86,2.9,38.9,Late Night (10pm-2am),TRUE,FALSE,FALSE,FALSE,TRUE
P05994,U1833,X (Twitter),itsjamesx,18,64,727,4.13,1.4,17.7,Late Night (10pm-2am),FALSE,FALSE,TRUE,FALSE,FALSE
P05995,U1833,Facebook,james_x,36,245,245,3.85,3.3,15.0,Late Night (10pm-2am),TRUE,FALSE,TRUE,FALSE,TRUE
P05996,U1834,Instagram,hazelr259,73,1968,203,4.18,5.8,87.2,Afternoon (2-6pm),FALSE,FALSE,TRUE,FALSE,TRUE
P05997,U1834,TikTok,itshazel,9,55,275,4.57,1.7,100.5,Midday (10am-2pm),TRUE,FALSE,TRUE,TRUE,TRUE
P05998,U1834,Snapchat,hazel.rossi,93,398,398,3.1,0.6,37.7,Midday (10am-2pm),TRUE,FALSE,TRUE,TRUE,FALSE
P05999,U1834,X (Twitter),itshazel7,30,321,450,3.67,1.2,13.2,Evening (6-10pm),FALSE,FALSE,FALSE,FALSE,FALSE
P06000,U1835,Instagram,olivia.byrne,25,3015,677,3.57,3.2,28.7,Morning (6-10am),TRUE,FALSE,TRUE,FALSE,TRUE
P06001,U1835,TikTok,oliviab22,31,549,1541,2.26,1.6,109.9,Morning (6-10am),FALSE,FALSE,TRUE,FALSE,TRUE
P06002,U1836,Instagram,itsluca,67,710,212,3.26,0.5,45.8,Afternoon (2-6pm),FALSE,FALSE,TRUE,TRUE,TRUE
P06003,U1836,Facebook,lucan795,36,405,405,2.24,1.5,6.3,Evening (6-10pm),TRUE,FALSE,TRUE,FALSE,TRUE
P06004,U1837,Instagram,sophiam745,60,286,169,2.74,0.8,34.3,Midday (10am-2pm),FALSE,FALSE,TRUE,FALSE,TRUE
P06005,U1837,Snapchat,sophia.muller16,80,633,633,1.97,2.1,14.2,Afternoon (2-6pm),TRUE,FALSE,TRUE,FALSE,TRUE
P06006,U1837,Facebook,sophia.muller,107,479,479,3.41,1.0,8.0,Evening (6-10pm),FALSE,FALSE,TRUE,FALSE,TRUE
P06007,U1838,Instagram,theodore_2025,47,284,295,1.84,0.5,35.7,Afternoon (2-6pm),TRUE,FALSE,FALSE,FALSE,TRUE
P06008,U1838,TikTok,theodore_tv,37,1515,347,0.35,0.3,76.4,Evening (6-10pm),FALSE,FALSE,FALSE,TRUE,TRUE
P06009,U1838,Snapchat,theodorec790,23,369,369,4.0,0.9,43.7,Afternoon (2-6pm),TRUE,FALSE,FALSE,FALSE,TRUE
P06010,U1839,Instagram,ethan.collins65,84,2406,494,1.43,3.0,21.2,Midday (10am-2pm),TRUE,FALSE,FALSE,FALSE,TRUE
P06011,U1839,TikTok,ethan_gram,28,1261,425,2.06,1.7,70.9,Midday (10am-2pm),FALSE,FALSE,TRUE,FALSE,TRUE
P06012,U1839,Snapchat,ethanc884,67,451,451,3.03,2.5,32.3,Midday (10am-2pm),FALSE,FALSE,FALSE,TRUE,TRUE
P06013,U1839,X (Twitter),ethanc217,38,184,450,2.3,2.7,48.5,Midday (10am-2pm),FALSE,FALSE,FALSE,FALSE,FALSE
P06014,U1839,Facebook,ethanc92,51,696,696,2.47,0.4,11.5,Midday (10am-2pm),FALSE,FALSE,TRUE,FALSE,TRUE
P06015,U1840,Instagram,angels763,57,93,330,2.89,2.9,49.4,Midday (10am-2pm),TRUE,FALSE,FALSE,FALSE,TRUE
P06016,U1840,TikTok,angel.sanders25,44,466,1296,2.84,0.7,113.3,Morning (6-10am),TRUE,FALSE,TRUE,FALSE,TRUE
P06017,U1840,Facebook,itsangelx,44,852,852,0.2,3.1,14.6,Midday (10am-2pm),TRUE,FALSE,TRUE,TRUE,TRUE
P06018,U1841,Instagram,ellie_x,44,565,456,1.34,2.0,57.7,Late Night (10pm-2am),TRUE,FALSE,TRUE,FALSE,TRUE
P06019,U1841,TikTok,ellie.nguyen36,36,727,327,3.04,3.0,140.9,Late Night (10pm-2am),TRUE,FALSE,FALSE,TRUE,TRUE
P06020,U1841,Snapchat,ellien546,82,217,217,2.1,2.2,40.8,Late Night (10pm-2am),TRUE,FALSE,TRUE,FALSE,TRUE
P06021,U1842,Instagram,emily_2028,64,1371,385,1.5,2.6,41.2,Afternoon (2-6pm),FALSE,FALSE,TRUE,FALSE,TRUE
P06022,U1842,TikTok,emilyh441,30,426,2218,1.53,1.5,85.0,Evening (6-10pm),FALSE,FALSE,TRUE,FALSE,TRUE
P06023,U1842,Snapchat,emilyh30,50,617,617,2.03,0.6,41.9,Evening (6-10pm),TRUE,FALSE,TRUE,FALSE,TRUE
P06024,U1842,Facebook,emilyh933,61,343,343,1.41,1.0,10.9,Evening (6-10pm),TRUE,FALSE,FALSE,FALSE,TRUE
P06025,U1843,Instagram,emilia_official,50,828,408,5.87,1.7,74.1,Midday (10am-2pm),FALSE,FALSE,TRUE,FALSE,TRUE
P06026,U1843,TikTok,emiliat298,39,347,287,4.42,1.2,198.7,Evening (6-10pm),FALSE,FALSE,TRUE,FALSE,TRUE
P06027,U1843,Snapchat,emilia.thompson,57,505,505,3.28,5.9,36.3,Evening (6-10pm),TRUE,FALSE,TRUE,FALSE,TRUE
P06028,U1844,Instagram,cooper.james,56,274,575,2.29,2.0,34.5,Evening (6-10pm),TRUE,FALSE,TRUE,FALSE,TRUE
P06029,U1844,TikTok,itscoopero,29,121,773,2.03,1.0,101.5,Afternoon (2-6pm),TRUE,FALSE,TRUE,TRUE,FALSE
P06030,U1844,X (Twitter),cooperj424,39,18,395,4.93,0.9,19.6,Evening (6-10pm),TRUE,FALSE,TRUE,FALSE,TRUE
P06031,U1845,Instagram,itsisaac,35,2109,595,1.71,8.2,227.2,Late Night (10pm-2am),FALSE,FALSE,TRUE,TRUE,TRUE
P06032,U1845,TikTok,itsisaaco,53,272,486,4.51,2.1,163.8,Late Night (10pm-2am),FALSE,FALSE,TRUE,TRUE,TRUE
P06033,U1845,Facebook,isaacr158,96,558,558,5.27,3.1,14.4,Late Night (10pm-2am),TRUE,FALSE,TRUE,FALSE,TRUE
P06034,U1846,Instagram,zoe_official,63,1368,640,4.3,1.3,31.3,Late Night (10pm-2am),FALSE,FALSE,TRUE,FALSE,TRUE
P06035,U1846,TikTok,zoea973,10,437,310,3.59,2.3,71.4,Late Night (10pm-2am),TRUE,FALSE,TRUE,FALSE,FALSE
P06036,U1846,Snapchat,zoe.adams,42,506,506,4.36,3.6,23.7,Late Night (10pm-2am),FALSE,FALSE,TRUE,TRUE,TRUE
P06037,U1846,X (Twitter),zoea389,48,94,501,5.42,3.2,35.0,Late Night (10pm-2am),FALSE,FALSE,FALSE,FALSE,FALSE
P06038,U1847,TikTok,jin_x,36,268,570,2.39,3.7,206.7,Late Night (10pm-2am),FALSE,FALSE,FALSE,FALSE,TRUE
P06039,U1847,Snapchat,jin_tv,20,354,354,2.38,0.8,26.0,Late Night (10pm-2am),TRUE,FALSE,TRUE,FALSE,TRUE
P06040,U1848,Instagram,itsjamal8,88,546,856,5.57,2.1,66.9,Late Night (10pm-2am),TRUE,FALSE,FALSE,FALSE,FALSE
P06041,U1848,TikTok,itsjamalx,27,74,309,2.45,4.4,95.1,Late Night (10pm-2am),TRUE,FALSE,FALSE,FALSE,TRUE
P06042,U1848,X (Twitter),jamalb412,54,114,148,2.83,2.1,19.8,Late Night (10pm-2am),FALSE,FALSE,FALSE,FALSE,TRUE
P06043,U1849,Instagram,ximena.scott,93,1089,475,2.95,1.7,61.0,Evening (6-10pm),FALSE,FALSE,TRUE,FALSE,TRUE
P06044,U1849,TikTok,ximena.scott,38,798,295,1.64,4.2,58.6,Evening (6-10pm),TRUE,FALSE,TRUE,FALSE,TRUE
P06045,U1849,Snapchat,ximenas841,113,264,264,4.27,2.6,35.2,Midday (10am-2pm),TRUE,FALSE,TRUE,TRUE,TRUE
P06046,U1850,Instagram,skylar_2029,78,197,254,1.71,1.5,72.9,Afternoon (2-6pm),FALSE,FALSE,FALSE,TRUE,FALSE
P06047,U1850,TikTok,skylar_gram,20,691,727,1.43,0.5,86.8,Afternoon (2-6pm),TRUE,FALSE,FALSE,FALSE,TRUE
P06048,U1850,Snapchat,skylarl315,64,713,713,1.8,2.6,44.0,Evening (6-10pm),TRUE,FALSE,TRUE,TRUE,TRUE
P06049,U1851,Instagram,penelopeo838,40,1319,314,1.14,2.8,132.1,Morning (6-10am),TRUE,FALSE,TRUE,FALSE,TRUE
P06050,U1851,TikTok,penelope_tv,36,96,492,2.15,0.9,100.8,Midday (10am-2pm),TRUE,FALSE,TRUE,FALSE,FALSE
P06051,U1851,Snapchat,itspenelope,58,304,304,1.13,0.5,27.9,Morning (6-10am),TRUE,FALSE,TRUE,TRUE,TRUE
P06052,U1851,Facebook,penelope_official,93,395,395,2.57,0.2,14.5,Midday (10am-2pm),FALSE,FALSE,TRUE,FALSE,TRUE
P06053,U1852,Instagram,hunter.ivanov48,42,336,367,6.1,1.0,86.2,Midday (10am-2pm),TRUE,FALSE,FALSE,FALSE,TRUE
P06054,U1852,TikTok,hunteri910,39,2459,423,1.7,4.0,53.7,Midday (10am-2pm),FALSE,FALSE,FALSE,TRUE,FALSE
P06055,U1853,Instagram,henry.chen,70,409,727,5.14,2.7,56.4,Late Night (10pm-2am),FALSE,FALSE,FALSE,FALSE,TRUE
P06056,U1853,TikTok,henry.chen8,32,362,530,3.49,1.5,44.1,Late Night (10pm-2am),TRUE,FALSE,TRUE,FALSE,TRUE
P06057,U1853,Snapchat,henry.chen,31,419,419,2.36,3.7,59.4,Late Night (10pm-2am),TRUE,FALSE,FALSE,FALSE,TRUE
P06058,U1854,Instagram,nathank403,58,925,414,2.32,4.0,67.7,Evening (6-10pm),FALSE,FALSE,TRUE,FALSE,TRUE
P06059,U1854,TikTok,nathan_tv,37,404,265,3.7,4.1,41.1,Midday (10am-2pm),TRUE,FALSE,FALSE,FALSE,TRUE
P06060,U1854,X (Twitter),itsnathanx,12,92,224,4.3,3.7,32.8,Morning (6-10am),TRUE,FALSE,FALSE,FALSE,TRUE
P06061,U1855,Instagram,cameronn74,76,215,357,2.3,1.9,70.0,Late Night (10pm-2am),TRUE,FALSE,FALSE,FALSE,FALSE
P06062,U1856,Instagram,kinsley.allen,56,1457,270,3.45,1.7,30.6,Late Night (10pm-2am),FALSE,FALSE,FALSE,TRUE,TRUE
P06063,U1856,TikTok,kinsleya56,74,5,786,3.84,2.0,65.9,Late Night (10pm-2am),TRUE,FALSE,FALSE,FALSE,TRUE
P06064,U1856,Snapchat,kinsley.allen,94,227,227,3.47,3.4,59.9,Late Night (10pm-2am),TRUE,FALSE,FALSE,TRUE,TRUE
P06065,U1857,Instagram,robertc662,45,1923,367,0.2,1.8,56.9,Evening (6-10pm),TRUE,FALSE,FALSE,FALSE,TRUE
P06066,U1857,TikTok,robertc16,52,297,2175,3.16,2.1,48.1,Midday (10am-2pm),FALSE,FALSE,TRUE,FALSE,FALSE
P06067,U1857,Snapchat,robert_gram,35,233,233,2.1,3.2,42.5,Evening (6-10pm),TRUE,FALSE,FALSE,FALSE,TRUE
P06068,U1857,X (Twitter),robertc968,29,169,572,2.95,2.0,15.7,Evening (6-10pm),FALSE,FALSE,TRUE,FALSE,TRUE
P06069,U1858,Instagram,kennedy_tv,82,1442,337,1.22,0.6,42.3,Midday (10am-2pm),TRUE,FALSE,TRUE,TRUE,TRUE
P06070,U1858,TikTok,kennedyw31,52,954,545,4.47,2.8,100.2,Evening (6-10pm),FALSE,FALSE,TRUE,FALSE,TRUE
P06071,U1858,Snapchat,kennedy.watson,95,670,670,2.07,1.7,54.9,Afternoon (2-6pm),TRUE,FALSE,TRUE,TRUE,TRUE
P06072,U1859,Instagram,alondra.kelly,38,365,461,1.22,1.9,26.6,Afternoon (2-6pm),FALSE,FALSE,FALSE,FALSE,TRUE
P06073,U1859,TikTok,alondrak369,44,1246,127,4.31,2.2,49.5,Afternoon (2-6pm),TRUE,FALSE,TRUE,FALSE,TRUE
P06074,U1859,Snapchat,alondra.kelly,64,260,260,2.14,7.2,19.5,Midday (10am-2pm),FALSE,FALSE,FALSE,FALSE,TRUE
P06075,U1859,X (Twitter),alondrak426,68,45,210,3.84,0.7,30.9,Evening (6-10pm),FALSE,FALSE,FALSE,FALSE,TRUE
P06076,U1859,Facebook,alondrak191,70,956,956,1.51,3.2,7.1,Evening (6-10pm),FALSE,FALSE,FALSE,FALSE,TRUE
P06077,U1860,Instagram,josiah.williams,73,541,199,3.71,2.5,35.0,Late Night (10pm-2am),TRUE,FALSE,TRUE,FALSE,FALSE
P06078,U1860,TikTok,josiah.williams,39,326,897,3.12,1.2,82.8,Late Night (10pm-2am),FALSE,FALSE,TRUE,TRUE,FALSE
P06079,U1860,Snapchat,josiahw539,69,364,364,3.78,4.1,20.2,Late Night (10pm-2am),FALSE,FALSE,TRUE,TRUE,TRUE
P06080,U1860,Facebook,itsjosiah,73,969,969,3.32,2.4,10.1,Late Night (10pm-2am),FALSE,FALSE,TRUE,TRUE,FALSE
P06081,U1861,Instagram,aurora.ruiz67,28,2774,279,1.58,4.6,58.4,Evening (6-10pm),TRUE,FALSE,TRUE,TRUE,FALSE
P06082,U1861,Snapchat,aurora_official,62,315,315,2.48,1.0,36.9,Afternoon (2-6pm),TRUE,FALSE,TRUE,FALSE,TRUE
P06083,U1861,X (Twitter),aurorar666,36,126,243,2.16,1.2,26.5,Evening (6-10pm),FALSE,FALSE,TRUE,FALSE,TRUE
P06084,U1861,Facebook,aurora_official,61,535,535,2.82,2.5,6.8,Evening (6-10pm),TRUE,FALSE,FALSE,FALSE,FALSE
P06085,U1862,Instagram,benjaminl514,44,787,468,2.84,0.6,37.6,Evening (6-10pm),FALSE,FALSE,FALSE,FALSE,TRUE
P06086,U1862,TikTok,itsbenjamin7,35,270,223,4.06,1.0,93.7,Evening (6-10pm),FALSE,FALSE,TRUE,FALSE,TRUE
P06087,U1862,Facebook,itsbenjamin,97,528,528,2.89,4.0,21.5,Evening (6-10pm),FALSE,FALSE,TRUE,FALSE,TRUE
P06088,U1863,Instagram,ananya_2027,84,1090,443,2.69,2.7,68.7,Evening (6-10pm),TRUE,FALSE,TRUE,FALSE,TRUE
P06089,U1863,TikTok,ananyas124,65,1175,1161,2.88,2.5,88.5,Morning (6-10am),FALSE,FALSE,TRUE,FALSE,TRUE
P06090,U1863,Snapchat,ananya_2027,84,848,848,2.41,0.7,42.4,Midday (10am-2pm),TRUE,FALSE,TRUE,TRUE,TRUE
P06091,U1863,Facebook,ananya_x,108,396,396,2.69,1.5,15.0,Morning (6-10am),TRUE,FALSE,TRUE,FALSE,TRUE
P06092,U1864,Instagram,malik.jackson,88,3166,473,3.9,1.1,42.6,Late Night (10pm-2am),TRUE,FALSE,FALSE,TRUE,TRUE
P06093,U1864,TikTok,itsmalik6,68,504,329,4.41,4.0,70.4,Late Night (10pm-2am),FALSE,FALSE,FALSE,FALSE,TRUE
P06094,U1864,Snapchat,malikj527,96,424,424,5.52,1.7,91.6,Late Night (10pm-2am),TRUE,FALSE,TRUE,TRUE,TRUE
P06095,U1864,Facebook,malikj340,80,687,687,3.3,1.8,8.6,Late Night (10pm-2am),FALSE,FALSE,TRUE,FALSE,TRUE
P06096,U1865,Instagram,andrew.hassan43,72,270,411,1.34,1.8,84.1,Morning (6-10am),FALSE,FALSE,TRUE,FALSE,TRUE
P06097,U1865,TikTok,andrew.hassan28,14,833,239,3.9,3.6,43.4,Evening (6-10pm),FALSE,FALSE,TRUE,FALSE,TRUE
P06098,U1866,Snapchat,jordan.sato,45,283,283,4.28,1.0,31.3,Midday (10am-2pm),TRUE,FALSE,FALSE,TRUE,TRUE
P06099,U1866,X (Twitter),jordan_gram,36,117,247,2.43,1.4,25.5,Morning (6-10am),FALSE,FALSE,FALSE,FALSE,TRUE
P06100,U1867,Instagram,masone251,51,1782,377,3.3,2.2,29.5,Morning (6-10am),FALSE,FALSE,FALSE,TRUE,TRUE
P06101,U1868,Instagram,elizabethd338,69,143,347,4.69,1.5,141.4,Evening (6-10pm),TRUE,FALSE,TRUE,FALSE,TRUE
P06102,U1868,TikTok,elizabethd670,72,550,420,1.19,2.1,61.2,Afternoon (2-6pm),TRUE,FALSE,TRUE,TRUE,FALSE
P06103,U1868,X (Twitter),elizabethd822,72,22,85,3.48,1.9,20.9,Evening (6-10pm),FALSE,FALSE,TRUE,TRUE,FALSE
P06104,U1869,Instagram,itsmayax,58,637,477,2.64,1.3,135.8,Late Night (10pm-2am),TRUE,FALSE,TRUE,FALSE,TRUE
P06105,U1869,Snapchat,maya_x,60,618,618,2.64,0.5,37.2,Late Night (10pm-2am),TRUE,FALSE,TRUE,FALSE,TRUE
P06106,U1869,Facebook,maya.rogers,72,1269,1269,3.1,2.8,10.6,Late Night (10pm-2am),FALSE,FALSE,TRUE,FALSE,TRUE
P06107,U1870,Instagram,emilia.allen,65,1441,322,3.13,1.2,41.7,Midday (10am-2pm),TRUE,FALSE,TRUE,FALSE,FALSE
P06108,U1870,TikTok,emilia.allen,17,285,520,3.63,2.1,95.1,Evening (6-10pm),FALSE,FALSE,TRUE,FALSE,FALSE
P06109,U1870,Snapchat,emiliaa283,106,754,754,2.94,1.3,33.4,Afternoon (2-6pm),TRUE,FALSE,TRUE,TRUE,TRUE
P06110,U1871,Instagram,davida423,61,1149,321,0.2,2.1,33.2,Afternoon (2-6pm),FALSE,FALSE,FALSE,FALSE,TRUE
P06111,U1871,TikTok,davida148,33,93,822,3.27,0.5,225.3,Evening (6-10pm),TRUE,FALSE,TRUE,FALSE,TRUE
P06112,U1871,Snapchat,itsdavido,81,395,395,1.86,1.6,25.5,Afternoon (2-6pm),TRUE,FALSE,FALSE,TRUE,TRUE
P06113,U1871,X (Twitter),david_x,29,116,99,3.2,2.3,41.1,Evening (6-10pm),FALSE,FALSE,FALSE,FALSE,FALSE
P06114,U1872,Instagram,river_2026,84,185,204,2.77,2.4,151.6,Late Night (10pm-2am),FALSE,FALSE,FALSE,TRUE,FALSE
P06115,U1872,X (Twitter),riverw986,31,17,301,3.95,3.2,21.6,Late Night (10pm-2am),FALSE,FALSE,FALSE,FALSE,FALSE
P06116,U1872,Facebook,itsriver,49,407,407,3.37,2.6,10.2,Late Night (10pm-2am),TRUE,FALSE,FALSE,FALSE,FALSE
P06117,U1873,Instagram,zoep794,73,229,424,4.58,1.0,82.2,Afternoon (2-6pm),TRUE,FALSE,TRUE,TRUE,FALSE
P06118,U1873,TikTok,zoe.perez,54,207,344,3.45,3.6,72.6,Midday (10am-2pm),TRUE,FALSE,FALSE,TRUE,FALSE
P06119,U1873,Snapchat,itszoeo,67,375,375,4.06,1.0,60.7,Afternoon (2-6pm),TRUE,FALSE,FALSE,TRUE,TRUE
P06120,U1873,Facebook,zoe_2030,32,495,495,3.28,3.9,18.3,Evening (6-10pm),FALSE,FALSE,TRUE,TRUE,FALSE
P06121,U1874,Instagram,bella.ivanov,43,5008,174,2.7,1.8,58.1,Evening (6-10pm),FALSE,FALSE,FALSE,FALSE,FALSE
P06122,U1874,TikTok,itsbellax,12,300,292,3.99,2.2,67.2,Midday (10am-2pm),FALSE,FALSE,FALSE,FALSE,FALSE
P06123,U1875,Instagram,aurora.green,32,291,379,1.48,5.0,55.1,Late Night (10pm-2am),FALSE,FALSE,FALSE,FALSE,FALSE
P06124,U1875,TikTok,aurora.green,33,511,162,1.3,2.9,199.6,Late Night (10pm-2am),TRUE,FALSE,FALSE,FALSE,FALSE
P06125,U1875,Snapchat,aurora_gram,84,295,295,2.11,1.8,37.6,Late Night (10pm-2am),TRUE,FALSE,FALSE,FALSE,TRUE
P06126,U1875,Facebook,aurora.green96,90,593,593,1.02,1.8,11.1,Late Night (10pm-2am),TRUE,FALSE,FALSE,FALSE,FALSE
P06127,U1876,Instagram,hunterk962,92,343,258,4.39,0.9,39.9,Late Night (10pm-2am),FALSE,FALSE,TRUE,TRUE,TRUE
P06128,U1876,TikTok,itshunter,40,4634,425,2.34,0.4,118.7,Late Night (10pm-2am),FALSE,FALSE,TRUE,FALSE,TRUE
P06129,U1876,Snapchat,hunter.khan,54,665,665,4.53,4.4,48.7,Late Night (10pm-2am),TRUE,FALSE,FALSE,FALSE,TRUE
P06130,U1877,Instagram,hudson_2030,24,139,371,3.25,1.1,100.0,Late Night (10pm-2am),TRUE,FALSE,FALSE,TRUE,TRUE
P06131,U1877,TikTok,hudsont583,76,273,465,0.81,2.4,125.0,Late Night (10pm-2am),FALSE,FALSE,FALSE,FALSE,TRUE
P06132,U1877,Facebook,hudsont88,76,394,394,3.45,4.1,13.3,Late Night (10pm-2am),FALSE,FALSE,FALSE,TRUE,FALSE
P06133,U1878,Instagram,addisons369,66,456,431,3.2,1.6,75.4,Midday (10am-2pm),FALSE,FALSE,FALSE,FALSE,TRUE
P06134,U1878,TikTok,addisons371,46,368,321,1.06,1.1,59.8,Afternoon (2-6pm),FALSE,FALSE,FALSE,FALSE,TRUE
P06135,U1878,Facebook,addisons666,52,818,818,0.42,3.0,13.1,Evening (6-10pm),FALSE,FALSE,FALSE,FALSE,TRUE
P06136,U1879,Instagram,cooperw152,92,1663,604,0.2,2.1,142.6,Late Night (10pm-2am),FALSE,FALSE,FALSE,FALSE,FALSE
P06137,U1879,Snapchat,cooperw410,68,467,467,3.79,1.9,71.3,Late Night (10pm-2am),TRUE,FALSE,TRUE,FALSE,FALSE
P06138,U1879,X (Twitter),itscoopero,74,85,248,4.73,1.8,42.2,Late Night (10pm-2am),FALSE,FALSE,TRUE,FALSE,TRUE
P06139,U1879,Facebook,itscooper3,53,210,210,3.53,2.2,9.8,Late Night (10pm-2am),TRUE,FALSE,TRUE,FALSE,TRUE
P06140,U1880,Instagram,alondra_tv,55,4013,1018,0.2,2.5,56.7,Morning (6-10am),FALSE,FALSE,TRUE,TRUE,TRUE
P06141,U1880,TikTok,itsalondra,44,4725,252,2.69,1.6,93.3,Midday (10am-2pm),FALSE,FALSE,TRUE,FALSE,TRUE
P06142,U1880,Snapchat,alondrat406,55,442,442,3.38,2.1,55.3,Morning (6-10am),TRUE,FALSE,TRUE,FALSE,FALSE
P06143,U1881,Instagram,oliviaa403,60,2059,529,1.81,2.8,61.5,Late Night (10pm-2am),FALSE,FALSE,TRUE,FALSE,TRUE
P06144,U1881,TikTok,itsoliviax,37,52,365,2.63,1.5,97.1,Late Night (10pm-2am),FALSE,FALSE,TRUE,FALSE,FALSE
P06145,U1881,Snapchat,olivia_tv,28,292,292,2.01,0.6,38.0,Late Night (10pm-2am),TRUE,FALSE,FALSE,TRUE,TRUE
P06146,U1881,X (Twitter),oliviaa759,68,83,357,4.19,4.2,28.2,Late Night (10pm-2am),TRUE,FALSE,FALSE,FALSE,TRUE
P06147,U1881,Facebook,olivia.alvarez2,88,450,450,3.2,0.7,12.0,Late Night (10pm-2am),FALSE,FALSE,TRUE,FALSE,TRUE
P06148,U1882,Instagram,nolans894,76,389,344,1.78,3.0,74.1,Morning (6-10am),TRUE,FALSE,TRUE,FALSE,FALSE
P06149,U1882,TikTok,nolan.sharma67,49,61,274,5.84,1.6,140.2,Morning (6-10am),FALSE,FALSE,TRUE,FALSE,TRUE
P06150,U1882,Snapchat,nolans30,81,292,292,3.1,3.5,60.9,Morning (6-10am),TRUE,FALSE,TRUE,FALSE,TRUE
P06151,U1883,Instagram,eleanoro213,58,591,232,3.16,0.6,78.7,Midday (10am-2pm),FALSE,FALSE,TRUE,FALSE,TRUE
P06152,U1883,TikTok,eleanor_x,13,261,219,3.03,0.4,148.0,Midday (10am-2pm),FALSE,FALSE,TRUE,FALSE,TRUE
P06153,U1883,X (Twitter),eleanor.okafor,67,32,189,2.38,1.3,19.7,Morning (6-10am),FALSE,FALSE,TRUE,FALSE,FALSE
P06154,U1883,Facebook,eleanor.okafor82,76,1202,1202,4.76,2.4,14.3,Midday (10am-2pm),FALSE,FALSE,FALSE,FALSE,TRUE
P06155,U1884,Instagram,sebastianm189,24,1113,507,3.78,1.7,118.0,Late Night (10pm-2am),FALSE,FALSE,FALSE,FALSE,TRUE
P06156,U1884,TikTok,sebastianm830,58,1414,382,2.75,0.6,44.8,Late Night (10pm-2am),FALSE,FALSE,TRUE,TRUE,TRUE
P06157,U1885,Instagram,itsaisha4,29,357,449,3.12,2.0,45.1,Morning (6-10am),FALSE,FALSE,TRUE,TRUE,TRUE
P06158,U1885,TikTok,aishah435,51,349,612,2.48,3.3,97.0,Morning (6-10am),FALSE,FALSE,FALSE,FALSE,FALSE
P06159,U1885,X (Twitter),aisha.hoffman,48,32,411,2.99,2.0,14.9,Evening (6-10pm),FALSE,FALSE,FALSE,FALSE,FALSE
P06160,U1886,Instagram,skylart470,40,1349,464,3.95,1.3,39.9,Midday (10am-2pm),TRUE,FALSE,TRUE,FALSE,TRUE
P06161,U1886,TikTok,skylart757,26,306,498,3.86,4.5,91.7,Midday (10am-2pm),FALSE,FALSE,TRUE,FALSE,TRUE
P06162,U1886,Snapchat,itsskylar4,98,354,354,5.94,3.2,41.4,Midday (10am-2pm),TRUE,FALSE,FALSE,FALSE,TRUE
P06163,U1887,Instagram,christopher.jackson47,76,1725,306,3.55,4.4,82.0,Midday (10am-2pm),FALSE,FALSE,TRUE,FALSE,TRUE
P06164,U1887,TikTok,itschristophero,62,341,255,3.71,0.5,88.6,Midday (10am-2pm),FALSE,FALSE,FALSE,FALSE,TRUE
P06165,U1887,Snapchat,christopherj768,53,335,335,6.29,1.2,61.9,Afternoon (2-6pm),TRUE,FALSE,TRUE,FALSE,FALSE
P06166,U1887,X (Twitter),christopher.jackson,34,35,146,4.89,2.3,31.9,Evening (6-10pm),FALSE,FALSE,FALSE,FALSE,TRUE
P06167,U1887,Facebook,christopher.jackson42,77,718,718,2.92,1.8,14.9,Midday (10am-2pm),TRUE,FALSE,TRUE,FALSE,TRUE
P06168,U1888,TikTok,bella.chavez,73,8876,924,2.78,4.2,35.3,Afternoon (2-6pm),FALSE,FALSE,TRUE,FALSE,TRUE
P06169,U1888,Facebook,itsbellao,35,318,318,4.19,2.6,11.6,Evening (6-10pm),TRUE,FALSE,TRUE,FALSE,TRUE
P06170,U1889,Instagram,itsaveryx,61,1058,434,3.17,3.5,43.2,Morning (6-10am),FALSE,FALSE,TRUE,FALSE,TRUE
P06171,U1889,TikTok,avery.hughes72,29,87,726,2.94,4.4,170.0,Midday (10am-2pm),FALSE,FALSE,TRUE,FALSE,TRUE
P06172,U1889,Snapchat,avery.hughes40,17,302,302,3.01,0.9,34.1,Morning (6-10am),TRUE,FALSE,TRUE,TRUE,FALSE
P06173,U1889,Facebook,itsavery,81,660,660,1.21,4.7,21.1,Morning (6-10am),TRUE,FALSE,TRUE,TRUE,TRUE
P06174,U1890,Instagram,skylar.roberts79,63,4006,320,4.95,0.7,69.0,Afternoon (2-6pm),FALSE,FALSE,TRUE,FALSE,TRUE
P06175,U1890,TikTok,skylar.roberts,53,631,538,3.59,2.3,55.2,Midday (10am-2pm),FALSE,FALSE,FALSE,FALSE,TRUE
P06176,U1890,Snapchat,skylar_gram,104,397,397,1.78,1.6,49.2,Evening (6-10pm),TRUE,FALSE,FALSE,TRUE,FALSE
P06177,U1891,Instagram,luca_official,57,5578,441,0.28,2.7,72.5,Late Night (10pm-2am),FALSE,FALSE,TRUE,FALSE,TRUE
P06178,U1891,TikTok,lucah957,30,285,214,2.99,0.8,78.6,Late Night (10pm-2am),FALSE,FALSE,FALSE,FALSE,TRUE
P06179,U1892,Instagram,itsananyax,86,2786,486,1.81,1.7,55.8,Late Night (10pm-2am),FALSE,FALSE,FALSE,FALSE,TRUE
P06180,U1892,TikTok,itsananya5,33,19,603,5.73,4.8,60.5,Late Night (10pm-2am),FALSE,FALSE,TRUE,FALSE,TRUE
P06181,U1892,Facebook,ananyat590,37,718,718,3.67,2.6,7.9,Late Night (10pm-2am),FALSE,FALSE,FALSE,FALSE,TRUE
P06182,U1893,Instagram,jeremiahc171,64,569,362,2.17,3.6,35.2,Afternoon (2-6pm),FALSE,FALSE,TRUE,TRUE,FALSE
P06183,U1893,TikTok,jeremiah_2030,48,108,415,3.02,4.3,89.2,Afternoon (2-6pm),TRUE,FALSE,FALSE,FALSE,FALSE
P06184,U1893,Snapchat,jeremiah.carter,98,605,605,3.24,2.1,17.8,Evening (6-10pm),TRUE,FALSE,FALSE,TRUE,FALSE
P06185,U1894,Instagram,itsanthonyx,26,919,232,2.31,3.0,76.0,Afternoon (2-6pm),FALSE,FALSE,TRUE,TRUE,TRUE
P06186,U1894,TikTok,itsanthony1,23,590,255,2.96,2.3,85.9,Afternoon (2-6pm),FALSE,FALSE,TRUE,FALSE,TRUE
P06187,U1894,Snapchat,anthony_x,53,259,259,2.18,4.9,46.9,Evening (6-10pm),TRUE,FALSE,TRUE,FALSE,TRUE
P06188,U1894,X (Twitter),anthony_2028,18,58,61,2.02,2.5,17.8,Evening (6-10pm),TRUE,FALSE,TRUE,TRUE,FALSE
P06189,U1895,TikTok,alexander.lopez,66,228,520,5.14,1.2,47.0,Midday (10am-2pm),FALSE,FALSE,FALSE,TRUE,TRUE
P06190,U1895,Snapchat,alexander_gram,55,265,265,2.87,4.7,143.9,Morning (6-10am),FALSE,FALSE,FALSE,FALSE,TRUE
P06191,U1896,Instagram,itsethanx,57,3086,414,4.05,2.1,84.3,Late Night (10pm-2am),TRUE,FALSE,FALSE,FALSE,TRUE
P06192,U1896,TikTok,ethanj922,14,78,452,5.62,2.8,193.2,Late Night (10pm-2am),TRUE,FALSE,FALSE,FALSE,TRUE
P06193,U1896,Snapchat,itsethan9,49,254,254,4.89,1.0,57.8,Late Night (10pm-2am),TRUE,FALSE,TRUE,FALSE,TRUE
P06194,U1896,X (Twitter),ethanj710,63,246,65,6.76,1.1,17.4,Late Night (10pm-2am),FALSE,FALSE,TRUE,FALSE,TRUE
P06195,U1896,Facebook,ethanj86,96,999,999,2.04,2.3,11.0,Late Night (10pm-2am),TRUE,FALSE,FALSE,FALSE,TRUE
P06196,U1897,Instagram,julian.brooks36,73,1333,393,1.46,2.3,108.1,Late Night (10pm-2am),FALSE,FALSE,FALSE,FALSE,FALSE
P06197,U1897,TikTok,itsjulian8,24,32,1617,6.12,3.3,115.8,Late Night (10pm-2am),FALSE,FALSE,FALSE,FALSE,FALSE
P06198,U1897,Snapchat,julian_official,76,422,422,1.48,3.7,23.5,Late Night (10pm-2am),TRUE,FALSE,TRUE,TRUE,FALSE
P06199,U1897,X (Twitter),julianb486,20,1608,163,2.58,3.0,28.1,Late Night (10pm-2am),FALSE,FALSE,TRUE,FALSE,TRUE
P06200,U1897,Facebook,julian_gram,40,353,353,1.44,0.7,14.0,Late Night (10pm-2am),FALSE,FALSE,FALSE,FALSE,TRUE
P06201,U1898,Instagram,kennedy.le11,41,783,658,1.16,3.4,99.2,Evening (6-10pm),TRUE,FALSE,TRUE,TRUE,TRUE
P06202,U1898,X (Twitter),kennedyl664,42,221,347,4.21,4.0,22.4,Evening (6-10pm),FALSE,FALSE,TRUE,FALSE,TRUE
P06203,U1899,Instagram,ananya.osei,88,269,299,1.2,0.7,67.2,Evening (6-10pm),TRUE,FALSE,TRUE,TRUE,TRUE
P06204,U1899,TikTok,ananya_gram,43,444,548,1.45,1.6,126.0,Midday (10am-2pm),TRUE,FALSE,TRUE,FALSE,TRUE
P06205,U1899,Facebook,ananya.osei27,95,472,472,2.15,0.6,18.2,Evening (6-10pm),TRUE,FALSE,TRUE,FALSE,TRUE
P06206,U1900,Instagram,destinyr324,76,5455,301,3.96,4.6,41.7,Late Night (10pm-2am),TRUE,FALSE,FALSE,FALSE,TRUE
P06207,U1900,TikTok,destiny_gram,28,418,345,3.26,2.3,69.2,Late Night (10pm-2am),FALSE,FALSE,FALSE,FALSE,TRUE
P06208,U1900,Snapchat,destiny.reyes,66,569,569,4.14,2.8,52.8,Late Night (10pm-2am),TRUE,FALSE,FALSE,TRUE,FALSE
P06209,U1901,Instagram,valentina.osei,94,339,215,2.7,2.3,70.2,Late Night (10pm-2am),TRUE,FALSE,FALSE,FALSE,FALSE
P06210,U1901,TikTok,valentina.osei98,61,169,656,3.51,0.2,59.4,Late Night (10pm-2am),TRUE,FALSE,TRUE,FALSE,TRUE
P06211,U1901,X (Twitter),itsvalentinax,45,56,409,4.27,0.5,15.4,Late Night (10pm-2am),FALSE,FALSE,FALSE,FALSE,TRUE
P06212,U1901,Facebook,valentina.osei,42,331,331,3.23,2.9,13.7,Late Night (10pm-2am),FALSE,FALSE,FALSE,FALSE,TRUE
P06213,U1902,Instagram,niat900,34,455,534,0.2,0.9,58.4,Midday (10am-2pm),TRUE,FALSE,TRUE,FALSE,TRUE
P06214,U1902,TikTok,itsniao,14,113,537,3.07,1.0,96.1,Afternoon (2-6pm),FALSE,FALSE,FALSE,FALSE,FALSE
P06215,U1902,Snapchat,niat735,23,269,269,3.14,1.7,24.9,Afternoon (2-6pm),FALSE,FALSE,TRUE,FALSE,TRUE
P06216,U1903,Instagram,itsmarcuso,23,2502,203,1.75,4.2,71.7,Late Night (10pm-2am),FALSE,FALSE,FALSE,TRUE,FALSE
P06217,U1903,TikTok,itsmarcus4,30,1675,632,3.41,2.2,114.0,Late Night (10pm-2am),FALSE,FALSE,FALSE,FALSE,TRUE
P06218,U1903,X (Twitter),marcusf864,64,399,422,4.44,6.1,67.3,Late Night (10pm-2am),FALSE,FALSE,TRUE,FALSE,FALSE
P06219,U1904,Instagram,malik_x,45,1246,454,2.39,2.2,82.7,Afternoon (2-6pm),FALSE,FALSE,TRUE,FALSE,FALSE
P06220,U1904,TikTok,malik_gram,35,125,637,4.38,0.6,97.5,Evening (6-10pm),FALSE,FALSE,FALSE,FALSE,TRUE
P06221,U1904,Snapchat,malik.edwards,33,833,833,2.74,1.9,21.7,Evening (6-10pm),TRUE,FALSE,TRUE,TRUE,FALSE
P06222,U1904,X (Twitter),itsmalik9,70,54,406,4.34,1.2,9.0,Midday (10am-2pm),TRUE,FALSE,FALSE,TRUE,TRUE
P06223,U1905,Instagram,phoenix_gram,83,8586,176,0.2,3.2,36.9,Evening (6-10pm),FALSE,FALSE,TRUE,FALSE,FALSE
P06224,U1905,TikTok,itsphoenix,64,440,529,3.94,2.1,46.4,Evening (6-10pm),TRUE,FALSE,FALSE,FALSE,TRUE
P06225,U1905,Snapchat,phoenix.patel27,85,347,347,4.28,4.1,63.1,Evening (6-10pm),TRUE,FALSE,TRUE,FALSE,TRUE
P06226,U1905,Facebook,phoenix_gram,42,349,349,3.89,2.1,4.0,Evening (6-10pm),FALSE,FALSE,FALSE,TRUE,FALSE
P06227,U1906,Instagram,lily.cooper,44,3992,439,2.62,0.4,63.9,Late Night (10pm-2am),FALSE,FALSE,FALSE,TRUE,FALSE
P06228,U1906,TikTok,lilyc139,54,145,677,2.41,1.1,153.3,Late Night (10pm-2am),FALSE,FALSE,TRUE,TRUE,TRUE
P06229,U1906,Snapchat,lily_2025,69,378,378,3.16,2.4,32.1,Late Night (10pm-2am),TRUE,FALSE,TRUE,TRUE,TRUE
P06230,U1907,Instagram,itsaddison5,26,759,286,4.42,0.9,39.9,Midday (10am-2pm),FALSE,FALSE,FALSE,FALSE,TRUE
P06231,U1907,TikTok,addisonr761,38,2971,482,0.79,3.2,67.1,Evening (6-10pm),FALSE,FALSE,FALSE,FALSE,TRUE
P06232,U1907,Snapchat,addisonr334,40,598,598,0.2,1.5,17.8,Afternoon (2-6pm),FALSE,FALSE,TRUE,TRUE,TRUE
P06233,U1908,Instagram,malikf54,35,711,175,2.39,0.6,52.8,Afternoon (2-6pm),TRUE,FALSE,TRUE,FALSE,FALSE
P06234,U1908,TikTok,malikf329,7,323,533,3.6,2.2,73.1,Evening (6-10pm),FALSE,FALSE,TRUE,TRUE,TRUE
P06235,U1908,X (Twitter),malikf800,72,88,84,3.56,4.1,25.9,Evening (6-10pm),FALSE,FALSE,TRUE,FALSE,TRUE
P06236,U1909,Instagram,itshannahx,46,578,891,1.15,0.5,95.2,Late Night (10pm-2am),FALSE,FALSE,TRUE,FALSE,TRUE
P06237,U1909,TikTok,hannah.laurent,57,238,824,4.37,2.0,113.3,Late Night (10pm-2am),FALSE,FALSE,TRUE,FALSE,FALSE
P06238,U1909,Snapchat,itshannah7,68,385,385,0.81,3.0,57.7,Late Night (10pm-2am),TRUE,FALSE,TRUE,TRUE,TRUE
P06239,U1909,X (Twitter),hannah_tv,9,33,226,3.8,1.0,16.8,Late Night (10pm-2am),FALSE,FALSE,TRUE,FALSE,FALSE
P06240,U1910,Instagram,itslincolno,90,1713,268,1.66,0.7,49.6,Evening (6-10pm),TRUE,FALSE,TRUE,TRUE,FALSE
P06241,U1910,TikTok,lincoln.murray65,52,624,118,1.5,1.4,83.6,Afternoon (2-6pm),FALSE,FALSE,TRUE,FALSE,FALSE
P06242,U1910,X (Twitter),lincoln.murray,78,236,549,2.41,2.5,35.8,Midday (10am-2pm),FALSE,FALSE,FALSE,FALSE,TRUE
P06243,U1910,Facebook,itslincoln,78,683,683,4.03,3.5,12.5,Midday (10am-2pm),TRUE,FALSE,TRUE,FALSE,TRUE
P06244,U1911,Instagram,isaac_x,45,655,389,1.58,0.4,56.0,Morning (6-10am),FALSE,FALSE,FALSE,FALSE,TRUE
P06245,U1911,TikTok,isaac.le,24,270,279,0.2,0.7,46.6,Evening (6-10pm),TRUE,FALSE,TRUE,FALSE,FALSE
P06246,U1911,X (Twitter),isaac.le,30,163,179,3.11,0.0,10.3,Morning (6-10am),TRUE,FALSE,TRUE,FALSE,TRUE
P06247,U1911,Facebook,isaacl591,64,306,306,1.36,2.0,26.5,Morning (6-10am),TRUE,FALSE,FALSE,FALSE,TRUE
P06248,U1912,Instagram,itsaidenx,71,599,363,2.16,11.5,44.5,Midday (10am-2pm),FALSE,FALSE,TRUE,FALSE,FALSE
P06249,U1912,TikTok,aidene715,48,945,962,3.71,1.5,290,Afternoon (2-6pm),FALSE,FALSE,FALSE,FALSE,TRUE
P06250,U1912,X (Twitter),aiden.edwards,40,96,424,2.56,1.9,29.7,Midday (10am-2pm),FALSE,FALSE,TRUE,FALSE,TRUE
P06251,U1913,Instagram,madelyn_gram,60,560,308,3.17,6.1,91.5,Midday (10am-2pm),TRUE,FALSE,FALSE,FALSE,TRUE
P06252,U1913,TikTok,madelynt45,21,446,828,3.85,5.6,20.1,Midday (10am-2pm),TRUE,FALSE,FALSE,FALSE,FALSE
P06253,U1913,Snapchat,madelyn_tv,60,314,314,5.11,3.7,14.0,Midday (10am-2pm),TRUE,FALSE,TRUE,TRUE,TRUE
P06254,U1914,Instagram,leo.ortiz,24,1364,551,3.42,0.7,173.1,Evening (6-10pm),TRUE,FALSE,FALSE,FALSE,TRUE
P06255,U1914,TikTok,leoo876,79,554,271,3.82,1.7,103.7,Afternoon (2-6pm),FALSE,FALSE,TRUE,TRUE,FALSE
P06256,U1914,Snapchat,leoo321,70,502,502,1.62,2.1,35.8,Evening (6-10pm),TRUE,FALSE,TRUE,FALSE,FALSE
P06257,U1914,X (Twitter),itsleo6,62,79,78,3.76,3.1,16.7,Midday (10am-2pm),TRUE,FALSE,TRUE,FALSE,TRUE
P06258,U1914,Facebook,itsleo4,92,984,984,3.51,2.4,9.1,Afternoon (2-6pm),TRUE,FALSE,TRUE,FALSE,TRUE
P06259,U1915,Instagram,adrian_tv,60,1341,231,3.29,1.3,134.8,Late Night (10pm-2am),FALSE,FALSE,TRUE,FALSE,FALSE
P06260,U1915,TikTok,itsadriano,45,142,728,6.04,1.5,50.1,Late Night (10pm-2am),FALSE,FALSE,TRUE,FALSE,TRUE
P06261,U1915,Snapchat,itsadriano,73,397,397,3.34,2.4,24.5,Late Night (10pm-2am),FALSE,FALSE,TRUE,FALSE,TRUE
P06262,U1916,Instagram,norah60,55,281,596,5.72,7.0,75.7,Evening (6-10pm),TRUE,FALSE,FALSE,FALSE,FALSE
P06263,U1916,TikTok,itsnorax,65,278,816,1.82,3.9,56.9,Evening (6-10pm),FALSE,FALSE,TRUE,TRUE,TRUE
P06264,U1916,Snapchat,norah22,99,660,660,4.49,2.3,35.9,Evening (6-10pm),TRUE,FALSE,TRUE,FALSE,TRUE
P06265,U1916,X (Twitter),nora.hansen77,68,46,177,7.29,2.1,63.4,Afternoon (2-6pm),FALSE,FALSE,FALSE,FALSE,TRUE
P06266,U1917,Instagram,mila_2027,74,1752,633,2.97,1.6,40.4,Evening (6-10pm),TRUE,FALSE,FALSE,FALSE,TRUE
P06267,U1917,Snapchat,itsmilao,38,400,400,1.81,1.8,45.9,Evening (6-10pm),TRUE,FALSE,TRUE,TRUE,TRUE
P06268,U1917,Facebook,itsmilax,60,536,536,3.79,2.5,14.0,Afternoon (2-6pm),TRUE,FALSE,TRUE,TRUE,TRUE
P06269,U1918,Instagram,ellieb808,47,404,565,3.9,7.0,54.5,Morning (6-10am),FALSE,FALSE,TRUE,FALSE,TRUE
P06270,U1918,TikTok,ellie.becker,36,5599,888,3.0,2.8,63.8,Morning (6-10am),FALSE,FALSE,TRUE,TRUE,TRUE
P06271,U1918,Snapchat,ellieb768,71,398,398,1.9,3.2,37.3,Midday (10am-2pm),TRUE,FALSE,TRUE,FALSE,TRUE
P06272,U1919,Instagram,harperw187,81,1374,490,3.74,1.3,78.2,Evening (6-10pm),TRUE,FALSE,TRUE,FALSE,FALSE
P06273,U1919,TikTok,harperw312,64,309,631,1.93,2.9,197.4,Evening (6-10pm),FALSE,FALSE,TRUE,FALSE,FALSE
P06274,U1919,X (Twitter),harper_gram,37,269,541,3.65,1.1,28.2,Evening (6-10pm),TRUE,FALSE,TRUE,FALSE,TRUE
P06275,U1919,Facebook,harperw108,66,1073,1073,0.2,1.1,6.3,Evening (6-10pm),TRUE,FALSE,FALSE,TRUE,FALSE
P06276,U1920,Instagram,christian.tanaka,63,1077,218,2.45,3.4,52.5,Evening (6-10pm),FALSE,FALSE,TRUE,FALSE,FALSE
P06277,U1920,TikTok,itschristian2,55,349,354,5.24,0.3,100.4,Evening (6-10pm),TRUE,FALSE,TRUE,FALSE,TRUE
P06278,U1920,Snapchat,itschristianx,112,657,657,4.07,2.7,52.3,Midday (10am-2pm),FALSE,FALSE,TRUE,FALSE,TRUE
P06279,U1920,Facebook,itschristiano,89,309,309,2.77,2.2,11.1,Afternoon (2-6pm),TRUE,FALSE,TRUE,TRUE,TRUE
P06280,U1921,Instagram,chloe.ross,72,1105,388,0.39,0.7,30.5,Late Night (10pm-2am),TRUE,FALSE,TRUE,FALSE,FALSE
P06281,U1921,Snapchat,itschloe7,80,703,703,2.43,0.7,54.5,Late Night (10pm-2am),TRUE,FALSE,TRUE,TRUE,FALSE
P06282,U1921,X (Twitter),chloe_tv,32,69,139,3.25,3.5,18.3,Late Night (10pm-2am),FALSE,FALSE,FALSE,FALSE,FALSE
P06283,U1922,Instagram,emiliah670,50,261,378,4.7,1.3,69.5,Late Night (10pm-2am),TRUE,FALSE,FALSE,TRUE,TRUE
P06284,U1922,TikTok,emiliah962,65,1180,1065,2.17,3.1,101.8,Late Night (10pm-2am),FALSE,FALSE,TRUE,FALSE,FALSE
P06285,U1922,Snapchat,emilia.haddad,45,467,467,3.46,4.0,34.9,Late Night (10pm-2am),TRUE,FALSE,TRUE,TRUE,TRUE
P06286,U1923,Instagram,willow.nelson29,73,103,780,4.24,2.1,67.3,Midday (10am-2pm),TRUE,FALSE,FALSE,FALSE,TRUE
P06287,U1923,TikTok,willow_official,39,2148,974,2.0,0.6,68.5,Midday (10am-2pm),TRUE,FALSE,FALSE,FALSE,TRUE
P06288,U1923,Snapchat,willown379,79,563,563,3.01,6.6,22.1,Evening (6-10pm),TRUE,FALSE,TRUE,FALSE,TRUE
P06289,U1924,Instagram,dariusl263,90,916,869,4.5,2.0,76.7,Evening (6-10pm),TRUE,FALSE,FALSE,FALSE,FALSE
P06290,U1924,TikTok,dariusl66,33,276,573,5.79,4.7,268.6,Evening (6-10pm),FALSE,FALSE,FALSE,FALSE,FALSE
P06291,U1924,X (Twitter),dariusl998,47,813,255,4.52,2.8,36.4,Afternoon (2-6pm),TRUE,FALSE,FALSE,FALSE,FALSE
P06292,U1925,Instagram,lily.ruiz26,45,776,1207,4.65,2.1,72.5,Evening (6-10pm),FALSE,FALSE,TRUE,FALSE,TRUE
P06293,U1925,TikTok,itslily2,45,20,773,5.54,0.2,111.4,Midday (10am-2pm),TRUE,FALSE,FALSE,FALSE,TRUE
P06294,U1926,Instagram,logan_tv,64,1967,322,1.35,1.6,68.7,Late Night (10pm-2am),TRUE,FALSE,TRUE,FALSE,TRUE
P06295,U1926,TikTok,logan.dubois,26,313,385,2.45,1.6,130.8,Late Night (10pm-2am),FALSE,FALSE,TRUE,FALSE,FALSE
P06296,U1926,Snapchat,logand511,87,268,268,3.84,3.1,49.4,Late Night (10pm-2am),TRUE,FALSE,TRUE,FALSE,FALSE
P06297,U1926,Facebook,itslogano,66,534,534,2.43,5.4,11.6,Late Night (10pm-2am),FALSE,FALSE,FALSE,FALSE,FALSE
P06298,U1927,Instagram,averyl868,55,1163,355,3.4,1.7,36.4,Midday (10am-2pm),TRUE,FALSE,TRUE,TRUE,FALSE
P06299,U1927,TikTok,averyl460,63,67,773,5.03,2.7,88.2,Evening (6-10pm),FALSE,FALSE,FALSE,FALSE,FALSE
P06300,U1927,Snapchat,avery.lindberg,65,594,594,4.21,0.6,44.2,Afternoon (2-6pm),TRUE,FALSE,TRUE,TRUE,TRUE
P06301,U1927,X (Twitter),avery_x,52,63,156,3.46,1.6,16.2,Afternoon (2-6pm),FALSE,FALSE,TRUE,FALSE,TRUE
P06302,U1928,Instagram,rowan_x,31,1345,662,1.07,0.4,62.6,Evening (6-10pm),TRUE,FALSE,TRUE,FALSE,FALSE
P06303,U1928,TikTok,itsrowan3,34,129,491,3.71,3.0,23.8,Midday (10am-2pm),FALSE,FALSE,TRUE,TRUE,TRUE
P06304,U1928,Facebook,itsrowano,52,603,603,1.38,0.8,21.2,Evening (6-10pm),TRUE,FALSE,TRUE,TRUE,TRUE
P06305,U1929,Instagram,lily_official,85,2376,278,3.75,4.9,74.5,Late Night (10pm-2am),TRUE,FALSE,TRUE,FALSE,TRUE
P06306,U1929,TikTok,lilym611,64,115,655,4.21,2.4,44.5,Late Night (10pm-2am),FALSE,FALSE,TRUE,TRUE,TRUE
P06307,U1929,Snapchat,lilym622,58,219,219,4.44,0.9,37.3,Late Night (10pm-2am),TRUE,FALSE,FALSE,FALSE,FALSE
P06308,U1929,X (Twitter),lilym392,57,1779,261,2.53,1.7,16.2,Late Night (10pm-2am),TRUE,FALSE,FALSE,FALSE,FALSE
P06309,U1930,Instagram,mason_x,52,285,242,3.28,4.1,33.6,Evening (6-10pm),FALSE,FALSE,TRUE,FALSE,TRUE
P06310,U1931,Instagram,fatima_official,51,5662,165,1.02,2.2,82.8,Evening (6-10pm),TRUE,FALSE,TRUE,TRUE,FALSE
P06311,U1931,TikTok,itsfatima8,22,82,1372,2.47,0.8,120.9,Afternoon (2-6pm),FALSE,FALSE,TRUE,FALSE,TRUE
P06312,U1931,Snapchat,fatima.lee,30,857,857,2.72,2.7,19.2,Midday (10am-2pm),TRUE,FALSE,TRUE,TRUE,FALSE
P06313,U1931,Facebook,fatima.lee66,37,694,694,3.23,1.9,27.7,Afternoon (2-6pm),FALSE,FALSE,TRUE,FALSE,FALSE
P06314,U1932,Instagram,jack.williams53,88,1236,598,1.63,3.4,19.7,Late Night (10pm-2am),FALSE,FALSE,TRUE,FALSE,FALSE
P06315,U1932,TikTok,itsjacko,20,475,346,4.33,1.4,224.6,Late Night (10pm-2am),FALSE,FALSE,FALSE,FALSE,TRUE
P06316,U1932,Snapchat,jack.williams42,60,701,701,4.1,1.2,52.7,Late Night (10pm-2am),TRUE,FALSE,FALSE,FALSE,TRUE
P06317,U1932,X (Twitter),jack.williams,14,14,225,3.24,1.4,9.4,Late Night (10pm-2am),TRUE,FALSE,FALSE,TRUE,TRUE
P06318,U1933,Instagram,zoet735,64,1040,453,3.33,2.8,71.7,Late Night (10pm-2am),FALSE,FALSE,FALSE,FALSE,TRUE
P06319,U1933,TikTok,itszoe5,61,152,1333,4.58,1.4,65.4,Late Night (10pm-2am),FALSE,FALSE,TRUE,TRUE,TRUE
P06320,U1933,Snapchat,zoet494,19,722,722,2.5,2.2,41.4,Late Night (10pm-2am),FALSE,FALSE,TRUE,FALSE,FALSE
P06321,U1933,X (Twitter),zoe.thompson60,34,231,164,3.9,1.4,48.9,Late Night (10pm-2am),FALSE,FALSE,FALSE,FALSE,FALSE
P06322,U1934,Instagram,andrewr646,37,344,705,4.41,3.4,64.6,Late Night (10pm-2am),TRUE,FALSE,FALSE,FALSE,TRUE
P06323,U1934,Snapchat,andrew.ramirez,63,127,127,3.35,1.4,33.1,Late Night (10pm-2am),TRUE,FALSE,TRUE,FALSE,TRUE
P06324,U1935,Instagram,mia_official,76,450,321,3.32,2.6,67.0,Morning (6-10am),TRUE,FALSE,FALSE,FALSE,FALSE
P06325,U1935,Snapchat,miaw394,52,286,286,1.53,1.4,68.4,Morning (6-10am),TRUE,FALSE,FALSE,FALSE,TRUE
P06326,U1936,Instagram,jaxonv155,71,971,426,0.2,1.5,61.0,Evening (6-10pm),TRUE,FALSE,FALSE,FALSE,FALSE
P06327,U1936,TikTok,jaxonv113,29,93,537,0.87,2.7,72.5,Midday (10am-2pm),TRUE,FALSE,TRUE,FALSE,TRUE
P06328,U1937,Instagram,connor.miller28,80,545,666,3.55,1.2,57.8,Late Night (10pm-2am),TRUE,FALSE,TRUE,FALSE,FALSE
P06329,U1937,TikTok,connor.miller,42,152,501,2.64,0.0,225.6,Late Night (10pm-2am),FALSE,FALSE,FALSE,TRUE,TRUE
P06330,U1937,Snapchat,connor.miller,62,225,225,2.18,1.2,48.4,Late Night (10pm-2am),TRUE,FALSE,FALSE,TRUE,FALSE
P06331,U1938,Instagram,darius.weber29,69,393,281,1.62,2.4,48.8,Late Night (10pm-2am),FALSE,FALSE,TRUE,TRUE,TRUE
P06332,U1938,TikTok,dariusw485,21,166,962,2.27,5.0,265.3,Late Night (10pm-2am),FALSE,FALSE,FALSE,FALSE,FALSE
P06333,U1938,Facebook,darius_official,83,166,166,3.12,0.7,10.9,Late Night (10pm-2am),TRUE,FALSE,FALSE,FALSE,TRUE
P06334,U1939,Instagram,emily.hall,66,476,175,0.68,1.3,61.9,Evening (6-10pm),FALSE,FALSE,TRUE,TRUE,FALSE
P06335,U1939,TikTok,emilyh949,30,45,760,3.08,0.7,77.1,Evening (6-10pm),FALSE,FALSE,TRUE,FALSE,TRUE
P06336,U1939,Snapchat,emily.hall94,44,628,628,1.61,3.0,33.5,Evening (6-10pm),TRUE,FALSE,TRUE,FALSE,FALSE
P06337,U1939,X (Twitter),emily.hall,40,23,808,2.54,2.9,6.0,Evening (6-10pm),FALSE,FALSE,TRUE,FALSE,FALSE
P06338,U1940,Instagram,abigail_2030,99,1027,669,1.88,1.3,57.1,Late Night (10pm-2am),FALSE,FALSE,FALSE,FALSE,TRUE
P06339,U1940,TikTok,abigail_gram,65,324,536,1.8,2.3,59.4,Late Night (10pm-2am),FALSE,FALSE,TRUE,FALSE,FALSE
P06340,U1940,Snapchat,abigail.murphy4,108,788,788,1.84,1.2,29.3,Late Night (10pm-2am),TRUE,FALSE,FALSE,FALSE,TRUE
P06341,U1940,Facebook,abigail.murphy,72,658,658,2.81,0.8,12.0,Late Night (10pm-2am),FALSE,FALSE,TRUE,FALSE,TRUE
P06342,U1941,Instagram,luca.reyes,79,1816,437,1.3,1.4,33.0,Midday (10am-2pm),TRUE,FALSE,TRUE,TRUE,TRUE
P06343,U1941,Snapchat,luca.reyes,94,257,257,3.46,2.1,41.4,Afternoon (2-6pm),TRUE,FALSE,TRUE,TRUE,FALSE
P06344,U1942,Instagram,yunav953,90,552,829,3.17,0.8,32.8,Late Night (10pm-2am),TRUE,FALSE,TRUE,FALSE,TRUE
P06345,U1942,TikTok,yuna.visser,63,65,1074,3.21,3.1,113.2,Late Night (10pm-2am),FALSE,FALSE,TRUE,FALSE,TRUE
P06346,U1942,Snapchat,yuna.visser10,73,368,368,2.14,1.3,50.9,Late Night (10pm-2am),FALSE,FALSE,TRUE,TRUE,TRUE
P06347,U1942,X (Twitter),itsyuna1,18,66,421,3.42,0.5,17.3,Late Night (10pm-2am),FALSE,FALSE,TRUE,FALSE,TRUE
P06348,U1943,Instagram,miles.gutierrez98,66,577,362,5.36,2.7,117.1,Evening (6-10pm),FALSE,FALSE,TRUE,FALSE,TRUE
P06349,U1943,Snapchat,miles.gutierrez,60,410,410,4.24,1.3,56.8,Afternoon (2-6pm),TRUE,FALSE,FALSE,TRUE,TRUE
P06350,U1943,X (Twitter),milesg123,37,89,298,4.46,2.6,20.6,Evening (6-10pm),FALSE,FALSE,FALSE,FALSE,TRUE
P06351,U1943,Facebook,milesg737,11,617,617,1.79,1.1,12.0,Evening (6-10pm),FALSE,FALSE,FALSE,TRUE,TRUE
P06352,U1944,Instagram,jameson.li11,58,1181,241,1.87,2.0,102.4,Late Night (10pm-2am),FALSE,FALSE,FALSE,FALSE,TRUE
P06353,U1944,TikTok,jameson.li,38,79,1136,3.52,2.9,85.6,Late Night (10pm-2am),FALSE,FALSE,FALSE,TRUE,TRUE
P06354,U1944,Snapchat,jameson.li,94,698,698,1.66,2.5,36.5,Late Night (10pm-2am),FALSE,FALSE,TRUE,FALSE,FALSE
P06355,U1944,Facebook,jameson.li,82,1034,1034,4.73,2.6,10.9,Late Night (10pm-2am),TRUE,FALSE,TRUE,TRUE,TRUE
P06356,U1945,Instagram,grace.rogers49,28,1742,494,1.42,3.7,77.8,Midday (10am-2pm),FALSE,FALSE,TRUE,TRUE,FALSE
P06357,U1945,TikTok,grace.rogers1,36,697,551,3.68,2.2,101.8,Evening (6-10pm),FALSE,FALSE,FALSE,FALSE,FALSE
P06358,U1945,Snapchat,grace_tv,38,223,223,2.67,2.4,43.0,Evening (6-10pm),TRUE,FALSE,FALSE,FALSE,TRUE
P06359,U1945,Facebook,gracer247,85,536,536,2.83,0.9,17.2,Afternoon (2-6pm),TRUE,FALSE,TRUE,FALSE,FALSE
P06360,U1946,Instagram,jonathan_2026,60,326,658,3.83,0.2,73.3,Late Night (10pm-2am),TRUE,FALSE,FALSE,FALSE,FALSE
P06361,U1946,TikTok,jonathanm946,35,142,729,2.6,0.1,125.0,Late Night (10pm-2am),FALSE,FALSE,FALSE,TRUE,FALSE
P06362,U1946,Snapchat,jonathan_2027,35,360,360,1.14,0.8,47.4,Late Night (10pm-2am),TRUE,FALSE,TRUE,FALSE,TRUE
P06363,U1946,Facebook,itsjonathan3,76,881,881,0.43,1.1,10.5,Late Night (10pm-2am),TRUE,FALSE,FALSE,FALSE,TRUE
P06364,U1947,Instagram,madison.hernandez26,58,2942,874,1.49,0.9,144.6,Evening (6-10pm),FALSE,FALSE,TRUE,FALSE,TRUE
P06365,U1947,TikTok,itsmadisono,14,338,418,2.32,1.7,77.3,Afternoon (2-6pm),TRUE,FALSE,TRUE,FALSE,FALSE
P06366,U1948,Instagram,mila.thomas,68,2300,260,2.24,2.9,59.3,Midday (10am-2pm),FALSE,FALSE,TRUE,FALSE,TRUE
P06367,U1949,Instagram,zoej162,63,1647,409,0.2,2.2,50.7,Evening (6-10pm),FALSE,FALSE,TRUE,TRUE,FALSE
P06368,U1949,TikTok,zoe.james,32,739,628,0.73,2.0,41.6,Evening (6-10pm),FALSE,FALSE,TRUE,FALSE,FALSE
P06369,U1949,X (Twitter),zoe_official,19,235,50,2.67,1.9,22.9,Afternoon (2-6pm),FALSE,FALSE,TRUE,FALSE,TRUE
P06370,U1949,Facebook,zoe.james,102,493,493,1.14,2.7,22.0,Midday (10am-2pm),TRUE,FALSE,FALSE,TRUE,TRUE
P06371,U1950,Instagram,itsjin,58,1887,331,4.14,3.0,59.1,Midday (10am-2pm),FALSE,FALSE,TRUE,FALSE,TRUE
P06372,U1950,Snapchat,jin.byrne68,100,852,852,3.59,3.8,156.9,Evening (6-10pm),TRUE,FALSE,TRUE,FALSE,TRUE
P06373,U1951,Instagram,sagep887,39,176,494,3.97,0.7,56.7,Morning (6-10am),TRUE,FALSE,TRUE,FALSE,TRUE
P06374,U1951,TikTok,itssageo,60,159,1899,3.72,1.4,138.5,Morning (6-10am),TRUE,FALSE,FALSE,FALSE,TRUE
P06375,U1951,Snapchat,sagep591,69,712,712,2.08,1.6,39.5,Morning (6-10am),TRUE,FALSE,TRUE,TRUE,TRUE
P06376,U1952,Instagram,itsava,64,162,436,3.26,1.6,96.9,Evening (6-10pm),TRUE,FALSE,TRUE,FALSE,FALSE
P06377,U1952,TikTok,ava.ortiz,23,254,264,2.46,0.6,162.6,Afternoon (2-6pm),TRUE,FALSE,TRUE,TRUE,FALSE
P06378,U1952,X (Twitter),ava.ortiz67,67,144,103,5.93,1.9,35.3,Afternoon (2-6pm),FALSE,FALSE,TRUE,FALSE,FALSE
P06379,U1953,Instagram,victoria.young81,34,2965,89,2.68,4.5,41.9,Evening (6-10pm),FALSE,FALSE,TRUE,TRUE,TRUE
P06380,U1953,TikTok,victoria.young89,44,822,535,5.91,0.7,221.4,Afternoon (2-6pm),FALSE,FALSE,TRUE,FALSE,TRUE
P06381,U1953,Snapchat,victoriay284,89,459,459,2.9,2.8,43.2,Afternoon (2-6pm),TRUE,FALSE,FALSE,FALSE,TRUE
P06382,U1954,Instagram,ezekiel_tv,34,645,352,4.34,1.5,136.2,Late Night (10pm-2am),TRUE,FALSE,TRUE,FALSE,TRUE
P06383,U1954,TikTok,ezekiel.smith1,29,46,381,2.86,2.1,145.1,Late Night (10pm-2am),TRUE,FALSE,FALSE,FALSE,TRUE
P06384,U1954,X (Twitter),ezekiel.smith86,38,13,331,4.98,1.8,10.3,Late Night (10pm-2am),FALSE,FALSE,FALSE,FALSE,TRUE
P06385,U1955,Instagram,levi_2024,52,191,690,2.38,2.0,47.0,Morning (6-10am),FALSE,FALSE,FALSE,FALSE,FALSE
P06386,U1955,TikTok,itslevix,76,616,404,0.41,1.3,96.2,Midday (10am-2pm),FALSE,FALSE,FALSE,TRUE,TRUE
P06387,U1955,Snapchat,levi_official,41,486,486,1.87,1.2,43.7,Morning (6-10am),TRUE,FALSE,TRUE,FALSE,TRUE
P06388,U1955,Facebook,levi.davis49,105,910,910,1.44,1.3,11.7,Midday (10am-2pm),TRUE,FALSE,TRUE,TRUE,TRUE
P06389,U1956,Instagram,eastont34,65,1873,1345,2.64,2.7,64.6,Morning (6-10am),TRUE,FALSE,TRUE,FALSE,TRUE
P06390,U1956,TikTok,itseaston3,40,232,392,4.51,0.3,128.3,Morning (6-10am),TRUE,FALSE,FALSE,TRUE,TRUE
P06391,U1956,X (Twitter),itseastono,53,149,207,4.41,3.4,18.9,Morning (6-10am),TRUE,FALSE,FALSE,FALSE,FALSE
P06392,U1957,Instagram,allisonf859,82,240,409,3.02,0.5,63.8,Afternoon (2-6pm),TRUE,FALSE,FALSE,FALSE,FALSE
P06393,U1957,TikTok,allison.fraser,30,1346,404,1.77,2.7,72.9,Afternoon (2-6pm),TRUE,FALSE,TRUE,FALSE,TRUE
P06394,U1957,Snapchat,itsallison,61,452,452,2.77,4.5,12.6,Evening (6-10pm),FALSE,FALSE,TRUE,TRUE,TRUE
P06395,U1958,Instagram,oliviah424,67,631,629,1.81,1.9,85.6,Evening (6-10pm),FALSE,FALSE,TRUE,FALSE,FALSE
P06396,U1958,TikTok,oliviah355,52,296,1115,2.93,0.9,138.9,Afternoon (2-6pm),TRUE,FALSE,TRUE,FALSE,FALSE
P06397,U1958,Snapchat,oliviah271,34,525,525,3.91,0.5,32.1,Evening (6-10pm),TRUE,FALSE,TRUE,TRUE,TRUE
P06398,U1959,Instagram,lucyl263,50,105,732,3.28,2.4,53.6,Late Night (10pm-2am),TRUE,FALSE,FALSE,FALSE,FALSE
P06399,U1959,TikTok,lucyl658,51,1029,888,1.02,0.9,89.0,Late Night (10pm-2am),TRUE,FALSE,TRUE,FALSE,FALSE
P06400,U1959,Snapchat,lucy_tv,61,597,597,3.19,1.7,36.1,Late Night (10pm-2am),TRUE,FALSE,FALSE,FALSE,FALSE
P06401,U1959,X (Twitter),lucy_official,29,116,441,4.03,1.2,30.0,Late Night (10pm-2am),FALSE,FALSE,TRUE,FALSE,TRUE
P06402,U1960,Instagram,andre.chen37,47,1004,249,3.02,0.9,106.8,Evening (6-10pm),TRUE,FALSE,TRUE,FALSE,FALSE
P06403,U1960,TikTok,andre_official,35,460,713,3.72,0.7,101.6,Afternoon (2-6pm),FALSE,FALSE,FALSE,FALSE,TRUE
P06404,U1960,Snapchat,andrec164,64,330,330,2.59,2.1,65.6,Evening (6-10pm),TRUE,FALSE,FALSE,TRUE,TRUE
P06405,U1961,Instagram,itsmadison2,57,1180,406,6.78,3.8,105.9,Late Night (10pm-2am),FALSE,FALSE,TRUE,FALSE,TRUE
P06406,U1961,Snapchat,madisont560,23,510,510,4.19,1.3,37.2,Late Night (10pm-2am),TRUE,FALSE,TRUE,TRUE,TRUE
P06407,U1961,Facebook,madisont723,21,284,284,2.97,0.9,5.1,Late Night (10pm-2am),FALSE,FALSE,FALSE,FALSE,TRUE
P06408,U1962,Instagram,itsmatthew1,61,164,218,1.16,0.6,70.5,Morning (6-10am),TRUE,FALSE,TRUE,FALSE,TRUE
P06409,U1962,TikTok,matthewm591,78,165,959,3.75,0.7,68.6,Morning (6-10am),FALSE,FALSE,TRUE,FALSE,TRUE
P06410,U1962,Snapchat,matthewm28,53,266,266,3.48,1.2,18.3,Evening (6-10pm),FALSE,FALSE,TRUE,TRUE,TRUE
P06411,U1962,Facebook,matthew_tv,98,536,536,3.29,0.8,37.0,Morning (6-10am),TRUE,FALSE,TRUE,TRUE,FALSE
P06412,U1963,Instagram,mila_2028,61,152,498,1.0,0.8,57.8,Late Night (10pm-2am),TRUE,FALSE,TRUE,TRUE,FALSE
P06413,U1963,TikTok,mila_2024,32,106,359,1.49,0.8,120.8,Late Night (10pm-2am),FALSE,FALSE,TRUE,FALSE,FALSE
P06414,U1963,Snapchat,milas969,43,294,294,0.51,2.3,93.7,Late Night (10pm-2am),FALSE,FALSE,FALSE,TRUE,FALSE
P06415,U1964,Instagram,rileyf373,31,298,308,3.04,2.1,33.2,Midday (10am-2pm),TRUE,FALSE,TRUE,FALSE,TRUE
P06416,U1964,TikTok,riley.fernandez31,28,797,1015,2.8,2.3,100.0,Morning (6-10am),TRUE,FALSE,TRUE,TRUE,FALSE
P06417,U1964,Snapchat,rileyf710,116,388,388,3.97,0.8,43.9,Morning (6-10am),TRUE,FALSE,FALSE,FALSE,TRUE
P06418,U1964,Facebook,riley_gram,49,1090,1090,1.61,4.4,7.1,Evening (6-10pm),FALSE,FALSE,FALSE,FALSE,TRUE
P06419,U1965,Instagram,graysonr885,83,1610,244,3.36,5.9,82.1,Evening (6-10pm),FALSE,FALSE,TRUE,TRUE,TRUE
P06420,U1965,TikTok,graysonr12,29,385,308,2.3,5.9,140.7,Afternoon (2-6pm),FALSE,FALSE,FALSE,FALSE,TRUE
P06421,U1965,Snapchat,itsgraysonx,44,388,388,4.68,0.6,58.3,Afternoon (2-6pm),TRUE,FALSE,TRUE,FALSE,FALSE
P06422,U1965,X (Twitter),grayson.rogers,49,197,63,3.08,1.2,36.1,Evening (6-10pm),FALSE,FALSE,TRUE,FALSE,FALSE
P06423,U1966,Instagram,destiny.becker93,69,1402,910,2.04,0.6,73.3,Morning (6-10am),TRUE,FALSE,FALSE,FALSE,TRUE
P06424,U1966,TikTok,destiny.becker,50,282,656,2.23,1.2,53.4,Morning (6-10am),TRUE,FALSE,TRUE,FALSE,TRUE
P06425,U1966,Snapchat,destiny_official,62,299,299,3.0,1.7,42.2,Evening (6-10pm),TRUE,FALSE,FALSE,TRUE,TRUE
P06426,U1966,X (Twitter),destiny_tv,41,97,395,5.27,0.8,20.7,Morning (6-10am),FALSE,FALSE,FALSE,FALSE,TRUE
P06427,U1966,Facebook,destinyb167,20,841,841,0.59,2.1,5.5,Midday (10am-2pm),TRUE,FALSE,TRUE,FALSE,TRUE
P06428,U1967,Instagram,ella.james,103,978,522,0.79,7.3,66.7,Midday (10am-2pm),TRUE,FALSE,FALSE,TRUE,TRUE
P06429,U1967,TikTok,itsella2,48,479,387,2.23,3.9,70.7,Evening (6-10pm),TRUE,FALSE,FALSE,FALSE,TRUE
P06430,U1967,Facebook,ellaj634,40,765,765,5.06,2.3,13.9,Evening (6-10pm),FALSE,FALSE,TRUE,FALSE,TRUE
P06431,U1968,Instagram,ximenaw208,49,1547,581,0.4,0.9,46.3,Morning (6-10am),FALSE,FALSE,FALSE,FALSE,TRUE
P06432,U1968,TikTok,ximenaw157,70,381,474,2.47,2.1,204.3,Midday (10am-2pm),FALSE,FALSE,TRUE,FALSE,TRUE
P06433,U1968,Snapchat,ximenaw381,54,272,272,4.33,0.8,19.1,Midday (10am-2pm),FALSE,FALSE,TRUE,TRUE,TRUE
P06434,U1968,Facebook,ximena.wang,44,400,400,3.43,2.1,14.3,Morning (6-10am),FALSE,FALSE,FALSE,FALSE,FALSE
P06435,U1969,Instagram,jamesona542,34,3591,408,3.03,1.7,64.2,Evening (6-10pm),FALSE,FALSE,TRUE,TRUE,TRUE
P06436,U1969,TikTok,jamesona85,62,562,351,1.83,1.0,194.6,Evening (6-10pm),FALSE,FALSE,TRUE,FALSE,TRUE
P06437,U1969,Snapchat,jamesona565,71,540,540,2.88,0.8,40.0,Afternoon (2-6pm),FALSE,FALSE,TRUE,TRUE,TRUE
P06438,U1969,Facebook,jamesona281,44,1056,1056,3.98,2.1,12.8,Evening (6-10pm),FALSE,FALSE,TRUE,FALSE,TRUE
P06439,U1970,Instagram,bella.thomas,80,138,261,4.37,4.2,50.8,Late Night (10pm-2am),FALSE,FALSE,FALSE,FALSE,TRUE
P06440,U1970,TikTok,bellat396,56,156,330,4.09,4.6,158.5,Late Night (10pm-2am),FALSE,FALSE,TRUE,FALSE,TRUE
P06441,U1970,Snapchat,bellat329,71,316,316,3.94,3.0,21.9,Late Night (10pm-2am),TRUE,FALSE,TRUE,FALSE,TRUE
P06442,U1971,Instagram,graceh403,17,627,349,4.63,2.5,89.4,Evening (6-10pm),TRUE,FALSE,FALSE,FALSE,FALSE
P06443,U1971,TikTok,graceh738,43,383,255,3.6,2.0,162.0,Morning (6-10am),FALSE,FALSE,TRUE,FALSE,TRUE
P06444,U1971,Snapchat,grace.harris,80,272,272,2.58,3.8,88.0,Midday (10am-2pm),TRUE,FALSE,TRUE,TRUE,TRUE
P06445,U1971,Facebook,graceh462,107,1189,1189,3.15,3.0,11.8,Midday (10am-2pm),TRUE,FALSE,TRUE,TRUE,FALSE
P06446,U1972,Instagram,santiago_official,79,1044,631,2.34,1.5,41.7,Morning (6-10am),FALSE,FALSE,FALSE,FALSE,FALSE
P06447,U1972,TikTok,santiagop614,23,136,647,3.96,3.4,67.6,Evening (6-10pm),FALSE,FALSE,TRUE,FALSE,TRUE
P06448,U1972,Snapchat,santiagop832,73,227,227,2.38,2.6,26.6,Morning (6-10am),FALSE,FALSE,TRUE,FALSE,TRUE
P06449,U1972,Facebook,santiagop818,26,668,668,0.87,1.5,30.2,Evening (6-10pm),FALSE,FALSE,FALSE,TRUE,TRUE
P06450,U1973,Instagram,itsmohammed,45,1275,222,1.89,3.4,168.3,Late Night (10pm-2am),TRUE,FALSE,FALSE,FALSE,TRUE
P06451,U1973,TikTok,itsmohammed,39,147,799,4.02,4.9,216.7,Late Night (10pm-2am),FALSE,FALSE,TRUE,TRUE,FALSE
P06452,U1973,Snapchat,mohammedm780,73,191,191,5.33,1.1,28.7,Late Night (10pm-2am),TRUE,FALSE,TRUE,FALSE,TRUE
P06453,U1974,Instagram,isabella.hoffman20,43,437,386,4.68,1.4,137.5,Evening (6-10pm),TRUE,FALSE,FALSE,FALSE,TRUE
P06454,U1974,TikTok,isabella.hoffman70,47,189,458,4.71,0.7,51.7,Evening (6-10pm),FALSE,FALSE,TRUE,FALSE,TRUE
P06455,U1974,X (Twitter),isabella.hoffman86,32,150,249,3.62,0.9,12.8,Evening (6-10pm),FALSE,FALSE,TRUE,FALSE,TRUE
P06456,U1974,Facebook,isabella.hoffman,49,719,719,4.52,1.0,13.7,Midday (10am-2pm),FALSE,FALSE,TRUE,FALSE,TRUE
P06457,U1975,Instagram,madelyn_official,85,667,463,1.49,1.4,75.2,Late Night (10pm-2am),FALSE,FALSE,FALSE,FALSE,TRUE
P06458,U1975,Snapchat,madelyn.cooper71,89,403,403,0.62,0.3,57.6,Late Night (10pm-2am),TRUE,FALSE,TRUE,TRUE,FALSE
P06459,U1976,Instagram,levi_2026,46,2088,633,2.23,2.1,53.9,Evening (6-10pm),FALSE,FALSE,TRUE,FALSE,FALSE
P06460,U1976,Snapchat,levi_x,38,122,122,5.34,2.3,33.7,Evening (6-10pm),TRUE,FALSE,FALSE,FALSE,FALSE
P06461,U1976,X (Twitter),levi.cruz96,69,233,59,1.77,2.2,22.4,Midday (10am-2pm),FALSE,FALSE,FALSE,FALSE,TRUE
P06462,U1977,Instagram,stellao376,75,2508,344,3.67,2.0,28.1,Evening (6-10pm),TRUE,FALSE,TRUE,TRUE,FALSE
P06463,U1977,Snapchat,stellao408,88,370,370,2.51,2.6,30.7,Morning (6-10am),TRUE,FALSE,FALSE,TRUE,FALSE
P06464,U1977,Facebook,stella.okafor94,120,762,762,3.56,3.2,10.6,Morning (6-10am),FALSE,FALSE,FALSE,FALSE,FALSE
P06465,U1978,Instagram,jaxon.moore51,67,412,523,5.02,3.2,63.0,Late Night (10pm-2am),FALSE,FALSE,TRUE,TRUE,TRUE
P06466,U1978,TikTok,itsjaxon,43,247,242,2.01,5.6,101.9,Late Night (10pm-2am),TRUE,FALSE,FALSE,FALSE,TRUE
P06467,U1978,Snapchat,jaxonm515,72,431,431,2.93,1.7,20.8,Late Night (10pm-2am),TRUE,FALSE,TRUE,FALSE,FALSE
P06468,U1979,Instagram,thomas.jackson,40,547,246,2.48,1.4,162.4,Afternoon (2-6pm),FALSE,FALSE,FALSE,FALSE,FALSE
P06469,U1979,TikTok,thomas.jackson,45,366,1130,0.93,1.0,67.5,Afternoon (2-6pm),FALSE,FALSE,FALSE,TRUE,TRUE
P06470,U1979,Snapchat,thomas_official,92,382,382,2.78,2.7,42.0,Evening (6-10pm),TRUE,FALSE,FALSE,TRUE,TRUE
P06471,U1980,Instagram,itsfatimao,25,928,533,3.7,0.4,65.7,Late Night (10pm-2am),FALSE,FALSE,TRUE,FALSE,TRUE
P06472,U1980,TikTok,fatima.green,26,189,748,3.58,1.1,168.5,Late Night (10pm-2am),FALSE,FALSE,TRUE,FALSE,TRUE
P06473,U1980,Snapchat,fatima.green,111,702,702,2.98,1.4,64.5,Late Night (10pm-2am),FALSE,FALSE,TRUE,FALSE,TRUE
P06474,U1980,X (Twitter),fatimag242,6,68,105,5.38,1.8,24.0,Late Night (10pm-2am),FALSE,FALSE,TRUE,FALSE,FALSE
P06475,U1981,Instagram,sageh231,41,624,347,1.49,5.7,64.5,Late Night (10pm-2am),FALSE,FALSE,TRUE,FALSE,TRUE
P06476,U1981,TikTok,sageh525,37,6383,1332,3.55,2.3,56.6,Late Night (10pm-2am),FALSE,FALSE,FALSE,TRUE,TRUE
P06477,U1981,X (Twitter),sageh239,68,164,628,2.41,0.7,12.0,Late Night (10pm-2am),FALSE,FALSE,TRUE,FALSE,FALSE
P06478,U1982,Instagram,olivern931,40,1170,772,1.84,1.7,36.3,Evening (6-10pm),TRUE,FALSE,FALSE,FALSE,TRUE
P06479,U1982,TikTok,olivern978,51,375,280,2.24,1.3,134.7,Evening (6-10pm),FALSE,FALSE,TRUE,FALSE,TRUE
P06480,U1982,Snapchat,olivern94,93,591,591,0.66,1.1,34.2,Evening (6-10pm),TRUE,FALSE,FALSE,FALSE,TRUE
P06481,U1982,X (Twitter),itsoliverx,9,279,327,2.11,3.4,17.3,Midday (10am-2pm),FALSE,FALSE,TRUE,FALSE,FALSE
P06482,U1983,Instagram,aurora.rodriguez59,100,563,222,1.59,0.6,40.9,Afternoon (2-6pm),FALSE,FALSE,FALSE,FALSE,TRUE
P06483,U1983,TikTok,itsaurorao,38,102,539,1.65,0.3,142.9,Afternoon (2-6pm),FALSE,FALSE,TRUE,FALSE,FALSE
P06484,U1983,Snapchat,aurora.rodriguez20,63,383,383,2.91,0.8,32.2,Evening (6-10pm),TRUE,FALSE,FALSE,FALSE,TRUE
P06485,U1984,Instagram,gabriellac240,33,449,222,0.39,4.0,98.9,Midday (10am-2pm),TRUE,FALSE,TRUE,FALSE,FALSE
P06486,U1984,Snapchat,gabriellac814,93,206,206,4.0,2.2,40.3,Evening (6-10pm),TRUE,FALSE,TRUE,FALSE,TRUE
P06487,U1985,Instagram,itswillowo,33,2336,349,0.2,1.9,117.6,Midday (10am-2pm),TRUE,FALSE,TRUE,FALSE,FALSE
P06488,U1985,TikTok,willow_2026,25,370,451,2.03,1.4,111.8,Evening (6-10pm),TRUE,FALSE,FALSE,FALSE,TRUE
P06489,U1985,Facebook,willow_tv,52,639,639,2.01,2.0,6.7,Afternoon (2-6pm),TRUE,FALSE,TRUE,FALSE,TRUE
P06490,U1986,Instagram,william.yamamoto68,31,649,778,6.2,2.5,37.3,Late Night (10pm-2am),FALSE,FALSE,TRUE,TRUE,TRUE
P06491,U1986,TikTok,william_tv,28,923,226,5.55,2.3,64.9,Late Night (10pm-2am),TRUE,FALSE,FALSE,FALSE,TRUE
P06492,U1987,Instagram,itsmavericko,74,435,264,1.99,1.0,78.9,Evening (6-10pm),TRUE,FALSE,TRUE,FALSE,FALSE
P06493,U1987,TikTok,maverick_gram,78,21,1072,6.1,0.3,51.5,Evening (6-10pm),FALSE,FALSE,TRUE,FALSE,TRUE
P06494,U1987,Snapchat,maverick.thompson,76,241,241,2.93,0.9,28.8,Evening (6-10pm),TRUE,FALSE,TRUE,TRUE,TRUE
P06495,U1987,X (Twitter),maverick.thompson,74,74,598,2.94,1.2,16.3,Afternoon (2-6pm),FALSE,FALSE,FALSE,FALSE,TRUE
P06496,U1988,TikTok,isabellac934,43,1056,473,0.2,2.3,32.0,Afternoon (2-6pm),TRUE,FALSE,FALSE,FALSE,FALSE
P06497,U1988,Snapchat,isabellac184,54,415,415,3.53,3.9,46.0,Evening (6-10pm),TRUE,FALSE,FALSE,TRUE,TRUE
P06498,U1988,X (Twitter),isabellac919,25,155,220,4.58,2.9,10.5,Evening (6-10pm),FALSE,FALSE,TRUE,FALSE,TRUE
P06499,U1989,Instagram,camille_x,64,563,266,3.18,0.7,51.0,Late Night (10pm-2am),FALSE,FALSE,FALSE,FALSE,TRUE
P06500,U1989,TikTok,camiller419,51,536,317,2.13,1.9,87.2,Late Night (10pm-2am),FALSE,FALSE,FALSE,FALSE,FALSE
P06501,U1990,Instagram,evelyn_x,66,312,480,2.58,0.2,35.7,Morning (6-10am),FALSE,FALSE,TRUE,FALSE,FALSE
P06502,U1990,TikTok,evelyn.howard,20,914,675,0.53,1.4,79.3,Morning (6-10am),FALSE,FALSE,TRUE,FALSE,FALSE
P06503,U1990,Snapchat,evelynh565,91,361,361,1.18,3.0,25.4,Midday (10am-2pm),TRUE,FALSE,TRUE,TRUE,TRUE
P06504,U1990,Facebook,evelynh659,73,281,281,2.98,4.1,11.8,Midday (10am-2pm),FALSE,FALSE,FALSE,TRUE,TRUE
P06505,U1991,Instagram,jackb430,46,520,614,0.57,0.1,52.5,Midday (10am-2pm),FALSE,FALSE,TRUE,FALSE,FALSE
P06506,U1991,TikTok,jackb966,29,579,659,3.4,1.1,85.6,Evening (6-10pm),TRUE,FALSE,FALSE,FALSE,FALSE
P06507,U1991,Snapchat,jackb209,53,568,568,1.14,1.2,26.8,Midday (10am-2pm),TRUE,FALSE,FALSE,TRUE,FALSE
P06508,U1991,X (Twitter),jackb836,25,11,345,5.22,3.7,39.6,Evening (6-10pm),FALSE,FALSE,TRUE,FALSE,TRUE
P06509,U1992,Instagram,elias_2026,74,3973,234,3.57,1.7,109.2,Midday (10am-2pm),FALSE,FALSE,FALSE,FALSE,TRUE
P06510,U1992,TikTok,eliash631,65,121,386,1.79,3.7,115.0,Evening (6-10pm),TRUE,FALSE,TRUE,FALSE,FALSE
P06511,U1992,Facebook,elias_official,96,101,101,4.02,1.3,6.5,Evening (6-10pm),FALSE,FALSE,FALSE,TRUE,FALSE
P06512,U1993,Instagram,hazelh300,72,550,464,1.82,2.6,31.3,Late Night (10pm-2am),FALSE,FALSE,TRUE,FALSE,TRUE
P06513,U1993,TikTok,hazel.hall98,16,188,798,3.1,3.7,65.8,Late Night (10pm-2am),FALSE,FALSE,TRUE,FALSE,TRUE
P06514,U1994,Instagram,itsmila7,54,435,234,4.15,1.7,53.7,Afternoon (2-6pm),TRUE,FALSE,TRUE,FALSE,TRUE
P06515,U1994,TikTok,milah362,11,945,560,4.14,0.6,139.7,Afternoon (2-6pm),FALSE,FALSE,TRUE,FALSE,TRUE
P06516,U1994,Snapchat,mila.hernandez88,85,143,143,3.92,1.6,26.9,Evening (6-10pm),TRUE,FALSE,TRUE,FALSE,TRUE
P06517,U1995,Instagram,norat739,70,3468,415,1.94,0.5,61.9,Late Night (10pm-2am),FALSE,FALSE,TRUE,FALSE,TRUE
P06518,U1995,TikTok,nora.taylor,42,115,134,2.1,0.9,90.4,Late Night (10pm-2am),TRUE,FALSE,TRUE,FALSE,FALSE
P06519,U1995,Snapchat,norat235,81,590,590,1.41,0.1,46.1,Late Night (10pm-2am),TRUE,FALSE,TRUE,FALSE,TRUE
P06520,U1995,Facebook,norat440,51,334,334,2.72,4.1,7.8,Late Night (10pm-2am),FALSE,FALSE,TRUE,FALSE,TRUE
P06521,U1996,Instagram,chloe_official,67,326,768,0.53,0.4,78.6,Evening (6-10pm),FALSE,FALSE,TRUE,FALSE,TRUE
P06522,U1996,TikTok,chloe_gram,65,671,303,4.07,1.5,103.7,Midday (10am-2pm),FALSE,FALSE,TRUE,FALSE,TRUE
P06523,U1996,Snapchat,chloe_tv,43,57,57,3.15,3.6,20.0,Evening (6-10pm),TRUE,FALSE,FALSE,FALSE,TRUE
P06524,U1996,X (Twitter),chloes480,78,77,398,1.91,0.5,13.5,Evening (6-10pm),FALSE,FALSE,TRUE,FALSE,TRUE
P06525,U1997,Instagram,luca.phillips35,24,1019,170,2.2,1.3,60.0,Evening (6-10pm),TRUE,FALSE,TRUE,FALSE,FALSE
P06526,U1997,Snapchat,luca_tv,97,662,662,3.02,2.3,30.2,Afternoon (2-6pm),TRUE,FALSE,TRUE,TRUE,FALSE
P06527,U1997,Facebook,lucap812,52,943,943,5.36,1.4,22.8,Evening (6-10pm),TRUE,FALSE,TRUE,TRUE,TRUE
P06528,U1998,Instagram,chloeh640,29,281,495,4.15,1.5,50.6,Evening (6-10pm),FALSE,FALSE,FALSE,FALSE,TRUE
P06529,U1998,TikTok,chloe_2029,42,2315,358,3.73,2.6,122.0,Evening (6-10pm),FALSE,FALSE,TRUE,FALSE,FALSE
P06530,U1998,Snapchat,chloeh467,37,87,87,2.79,2.9,24.1,Midday (10am-2pm),TRUE,FALSE,TRUE,TRUE,TRUE
P06531,U1998,Facebook,chloeh285,89,811,811,1.43,2.7,9.2,Evening (6-10pm),FALSE,FALSE,TRUE,TRUE,TRUE
P06532,U1999,Instagram,jin.campbell,78,5532,718,2.35,2.8,120.2,Afternoon (2-6pm),FALSE,FALSE,TRUE,FALSE,FALSE
P06533,U1999,TikTok,itsjinx,39,1143,397,2.96,4.1,144.9,Afternoon (2-6pm),FALSE,FALSE,TRUE,FALSE,TRUE
P06534,U1999,Snapchat,jin_2027,71,421,421,6.44,2.0,35.8,Evening (6-10pm),TRUE,FALSE,TRUE,FALSE,TRUE
P06535,U1999,X (Twitter),itsjin2,29,149,464,6.58,3.3,19.5,Afternoon (2-6pm),FALSE,FALSE,TRUE,FALSE,TRUE
P06536,U1999,Facebook,jinc605,88,354,354,5.5,2.8,29.4,Evening (6-10pm),TRUE,FALSE,TRUE,TRUE,TRUE
P06537,U2000,Instagram,daniel_official,101,2535,515,2.81,1.1,81.0,Afternoon (2-6pm),TRUE,FALSE,TRUE,FALSE,TRUE
P06538,U2000,TikTok,itsdanielx,46,185,1698,2.16,1.7,101.0,Evening (6-10pm),FALSE,FALSE,FALSE,FALSE,TRUE
