user_id,first_name,last_name,gender,age,birth_date,email,phone,hashed_email,university,campus_city,campus_state,campus_lat,campus_lon,housing_type,class_year,major,hometown_city,hometown_state,hometown_lat,hometown_lon,relationship_status,has_part_time_job,est_monthly_discretionary_spend_usd
U0001,Elijah,Peterson,Male,19,2007-02-22,elijah.peterson33@example.edu,(231) 555-0111,87063aa78900822de7f84290fa9b0858,University of Washington,Seattle,WA,47.6553,-122.3035,Off-Campus Apartment,Sophomore,Biology,Vancouver,WA,45.6387,-122.6615,Single,FALSE,287
U0002,Julian,Sullivan,Male,21,2005-02-28,julian.sullivan624@example.edu,(404) 555-0119,0e731e3affaa8984a39e6b316afb6c99,Arizona State University,Tempe,AZ,33.4242,-111.9281,Dorm / Residence Hall,Senior,Communications,Boston,MA,42.3601,-71.0589,In a relationship,TRUE,564
U0003,Mohammed,Virtanen,Male,21,2005-04-10,mohammed.virtanen556@example.edu,(263) 555-0195,6bf517a0ca8e029535ab758b345be92a,University of Texas at Austin,Austin,TX,30.2849,-97.7341,Dorm / Residence Hall,Senior,Marketing,Plano,TX,33.0198,-96.6989,It's complicated,FALSE,161
U0004,Luke,Adams,Male,24,2002-07-01,luke.adams822@example.edu,(886) 555-0194,f50ff288c7ee34fd573356a080c1ad30,University of Texas at Austin,Austin,TX,30.2849,-97.7341,Off-Campus Apartment,Graduate,Undeclared,Oklahoma City,OK,35.4676,-97.5164,In a relationship,TRUE,285
U0005,Daniel,Pham,Male,19,2007-12-17,daniel.pham468@example.edu,(337) 555-0159,1709180a5689cd8c7fa45aa3fe02d8c0,University of Georgia,Athens,GA,33.948,-83.3773,Lives at Home,Freshman,Economics,Atlanta,GA,33.749,-84.388,In a relationship,FALSE,1278
U0006,Elijah,Murphy,Male,18,2008-03-08,elijah.murphy477@example.edu,(917) 555-0132,235582071f0c86d83ed45af8d0c74f88,University of Michigan,Ann Arbor,MI,42.278,-83.7382,Dorm / Residence Hall,Freshman,Accounting,Grand Rapids,MI,42.9634,-85.6681,Single,TRUE,315
U0007,Landon,Reed,Male,24,2002-05-08,landon.reed281@example.edu,(247) 555-0106,f165726c5854fe33504dda10fd7c5da9,University of Florida,Gainesville,FL,29.6436,-82.3549,Off-Campus Apartment,Graduate,Kinesiology,Orlando,FL,28.5384,-81.3789,In a relationship,FALSE,197
U0008,Imani,Ali,Female,20,2006-02-16,imani.ali879@example.edu,(365) 555-0142,2b6e88b7ea6c23c7dfb1031d9087653b,University of Florida,Gainesville,FL,29.6436,-82.3549,Off-Campus Apartment,Junior,Mechanical Engineering,Miami,FL,25.7617,-80.1918,In a relationship,TRUE,272
U0009,Everly,Becker,Female,19,2007-12-25,everly.becker241@example.edu,(847) 555-0187,e7af3d511fb7ce585db46408357501ee,University of Georgia,Athens,GA,33.948,-83.3773,Lives at Home,Sophomore,Music,Atlanta,GA,33.749,-84.388,In a relationship,TRUE,318
U0010,Christian,Ramos,Male,21,2005-02-15,christian.ramos881@example.edu,(893) 555-0192,d032b3900342ceeac98f022dc2aae3bf,New York University,New York,NY,40.7295,-73.9965,Off-Campus Apartment,Senior,Economics,Buffalo,NY,42.8864,-78.8784,Single,TRUE,440
U0011,Mohammed,Muller,Male,20,2006-01-02,mohammed.muller703@example.edu,(311) 555-0162,aa1f8e1bbf61b54d108606af868becfa,New York University,New York,NY,40.7295,-73.9965,Off-Campus Apartment,Sophomore,Criminal Justice,Oklahoma City,OK,35.4676,-97.5164,Single,FALSE,367
U0012,Benjamin,Flores,Male,19,2007-11-03,benjamin.flores622@example.edu,(653) 555-0153,09e88978e3a9792ee9d77cf0c8c1afbe,Texas A&M University,College Station,TX,30.6188,-96.3365,Greek Housing,Freshman,Computer Science,Fort Worth,TX,32.7555,-97.3308,Single,TRUE,111
U0013,Alexander,White,Male,20,2006-08-19,alexander.white461@example.edu,(786) 555-0183,fda28a272a1552b8fdb846927dfad6d6,Penn State University,State College,PA,40.7982,-77.8599,Off-Campus Apartment,Junior,Nursing,Denver,CO,39.7392,-104.9903,Single,TRUE,217
U0014,Daniela,Scott,Female,23,2003-08-28,daniela.scott872@example.edu,(328) 555-0136,4057dd8f6ef52a996d4ffbb4f6b84896,University of Florida,Gainesville,FL,29.6436,-82.3549,Off-Campus Apartment,Graduate,Psychology,Boston,MA,42.3601,-71.0589,In a relationship,TRUE,191
U0015,Victoria,Kelly,Female,20,2006-11-11,victoria.kelly911@example.edu,(610) 555-0195,f4ba837818c7300ffbae97add5d97bee,Texas A&M University,College Station,TX,30.6188,-96.3365,Lives at Home,Sophomore,Mechanical Engineering,Oklahoma City,OK,35.4676,-97.5164,In a relationship,TRUE,175
U0016,Addison,Lindberg,Female,20,2006-09-05,addison.lindberg408@example.edu,(935) 555-0192,7af482190775f9c3a3d3c52d4a90bc28,Arizona State University,Tempe,AZ,33.4242,-111.9281,Off-Campus Apartment,Junior,Information Systems,Mesa,AZ,33.4152,-111.8315,Single,TRUE,172
U0017,Benjamin,Gonzalez,Male,19,2007-11-22,benjamin.gonzalez442@example.edu,(338) 555-0133,3adf06b5c09fe4e6acd95bcc706d8d7d,University of Georgia,Athens,GA,33.948,-83.3773,Greek Housing,Sophomore,Criminal Justice,Atlanta,GA,33.749,-84.388,Single,FALSE,171
U0018,Lillian,Turner,Female,21,2005-08-12,lillian.turner295@example.edu,(325) 555-0173,dd1d2d21a93dd3c37be8f90debfd2e8b,Penn State University,State College,PA,40.7982,-77.8599,Off-Campus Apartment,Senior,Economics,New Orleans,LA,29.9511,-90.0715,Single,FALSE,160
U0019,Addison,Stewart,Female,18,2008-05-06,addison.stewart707@example.edu,(321) 555-0181,26fb568432784990a002dd78b066e2ab,Florida State University,Tallahassee,FL,30.4419,-84.2985,Dorm / Residence Hall,Freshman,Music,Tampa,FL,27.9506,-82.4572,Single,FALSE,242
U0020,Jacob,Rodriguez,Male,21,2005-01-08,jacob.rodriguez458@example.edu,(813) 555-0186,d74eefa20845bcdb5d7a71f0e1b8c053,University of Texas at Austin,Austin,TX,30.2849,-97.7341,Dorm / Residence Hall,Senior,Graphic Design,Houston,TX,29.7604,-95.3698,Single,TRUE,308
U0021,Cameron,Andersen,Male,22,2004-05-25,cameron.andersen472@example.edu,(373) 555-0193,66d621b29352bfb074caa00a27a3e46d,University of Wisconsin-Madison,Madison,WI,43.0766,-89.4125,Dorm / Residence Hall,Senior,Undeclared,Newark,NJ,40.7357,-74.1724,Prefer not to say,TRUE,316
U0022,Audrey,Sharma,Female,18,2008-07-03,audrey.sharma731@example.edu,(276) 555-0110,8545b0c4e58eef67d40410f93f9e48c9,UCLA,Los Angeles,CA,34.0689,-118.4452,Off-Campus Apartment,Freshman,Computer Science,Sacramento,CA,38.5816,-121.4944,Single,TRUE,289
U0023,Kinsley,Rossi,Female,20,2006-12-14,kinsley.rossi719@example.edu,(750) 555-0176,9b74076557940de3dbfbd16a4ced5e66,Penn State University,State College,PA,40.7982,-77.8599,Dorm / Residence Hall,Junior,Political Science,Boise,ID,43.615,-116.2023,In a relationship,TRUE,442
U0024,Luna,Morris,Female,19,2007-12-05,luna.morris589@example.edu,(593) 555-0154,72af13cbb732ce0f03164b92385f8e30,University of Georgia,Athens,GA,33.948,-83.3773,Off-Campus Apartment,Sophomore,Nursing,Savannah,GA,32.0809,-81.0912,It's complicated,TRUE,352
U0025,Violet,Patel,Female,20,2006-10-01,violet.patel749@example.edu,(670) 555-0181,2e4f98158132a646f5ef48ed8e8bc838,University of Minnesota,Minneapolis,MN,44.974,-93.2277,Off-Campus Apartment,Junior,Economics,Nashville,TN,36.1627,-86.7816,Single,FALSE,87
U0026,Charlotte,Morris,Female,20,2006-08-21,charlotte.morris370@example.edu,(525) 555-0116,0460f9573e45126eac258058c83e5bbe,Penn State University,State College,PA,40.7982,-77.8599,University Apartment,Junior,Communications,Philadelphia,PA,39.9526,-75.1652,In a relationship,TRUE,179
U0027,Benjamin,Rivera,Male,19,2007-01-13,benjamin.rivera793@example.edu,(519) 555-0141,79623281f7a6aaa4464bd0f5e8f0ac0e,Ohio State University,Columbus,OH,40.0067,-83.0305,Off-Campus Apartment,Sophomore,Psychology,Dayton,OH,39.7589,-84.1916,Prefer not to say,TRUE,177
U0028,Alexander,Garcia,Male,23,2003-11-15,alexander.garcia126@example.edu,(244) 555-0159,187e4a215499a9de1bebe0389faff4eb,University of Wisconsin-Madison,Madison,WI,43.0766,-89.4125,Lives at Home,Graduate,Business Administration,Kenosha,WI,42.5847,-87.8212,Single,TRUE,168
U0029,Evelyn,Myers,Female,22,2004-10-04,evelyn.myers750@example.edu,(648) 555-0181,bd0216a6e28eccf1fe158a9759a89260,University of Florida,Gainesville,FL,29.6436,-82.3549,Off-Campus Apartment,Senior,Sociology,Orlando,FL,28.5384,-81.3789,Single,TRUE,298
U0030,Camila,Ward,Female,21,2005-11-09,camila.ward380@example.edu,(591) 555-0147,16ed2a54fad334d1b0ec9c7e14556e5f,University of Michigan,Ann Arbor,MI,42.278,-83.7382,Dorm / Residence Hall,Senior,Nursing,Grand Rapids,MI,42.9634,-85.6681,In a relationship,FALSE,195
U0031,Matthew,Wright,Male,20,2006-06-09,matthew.wright193@example.edu,(653) 555-0127,4f97947e81eca48583969486f85c26e1,University of Washington,Seattle,WA,47.6553,-122.3035,Off-Campus Apartment,Sophomore,Music,Spokane,WA,47.6588,-117.426,Single,TRUE,204
U0032,Andrew,Jimenez,Male,21,2005-10-27,andrew.jimenez703@example.edu,(748) 555-0181,fb66bb9879e636740f6c935578b806af,University of Texas at Austin,Austin,TX,30.2849,-97.7341,Lives at Home,Senior,Accounting,Louisville,KY,38.2527,-85.7585,Single,FALSE,293
U0033,Hazel,Becker,Female,20,2006-01-22,hazel.becker707@example.edu,(319) 555-0153,6e22b3536084c673b0ae1019935a528f,University of Michigan,Ann Arbor,MI,42.278,-83.7382,Dorm / Residence Hall,Junior,Finance,Denver,CO,39.7392,-104.9903,It's complicated,TRUE,96
U0034,Natalie,Brown,Female,22,2004-12-19,natalie.brown532@example.edu,(736) 555-0188,45b317e8d007d87aa8daa5a7dbbb3f05,University of Washington,Seattle,WA,47.6553,-122.3035,Dorm / Residence Hall,Senior,Graphic Design,Bellevue,WA,47.6101,-122.2015,In a relationship,FALSE,258
U0035,Alondra,Walsh,Female,18,2008-09-24,alondra.walsh495@example.edu,(721) 555-0199,5cbe6087279be7b42770a702662ea53c,Ohio State University,Columbus,OH,40.0067,-83.0305,Dorm / Residence Hall,Freshman,Music,Richmond,VA,37.5407,-77.436,In a relationship,FALSE,277
U0036,Jonathan,Gomez,Male,23,2003-05-15,jonathan.gomez986@example.edu,(378) 555-0194,71dd692c98c32eddfb330a82f9e158d8,University of Texas at Austin,Austin,TX,30.2849,-97.7341,Off-Campus Apartment,Senior,Data Analytics,Kansas City,MO,39.0997,-94.5786,In a relationship,TRUE,181
U0037,Matthew,Gutierrez,Male,19,2007-07-14,matthew.gutierrez548@example.edu,(207) 555-0182,5e3d63f6431b2dbd52ee066abd96d30c,Texas A&M University,College Station,TX,30.6188,-96.3365,Dorm / Residence Hall,Sophomore,Criminal Justice,Houston,TX,29.7604,-95.3698,Single,FALSE,351
U0038,Madelyn,Santos,Female,21,2005-08-18,madelyn.santos862@example.edu,(488) 555-0117,f84871e561584ac1b2d2314f50da43a0,University of Michigan,Ann Arbor,MI,42.278,-83.7382,Dorm / Residence Hall,Junior,Environmental Science,Detroit,MI,42.3314,-83.0458,In a relationship,TRUE,380
U0039,Sofia,Janssen,Female,20,2006-09-02,sofia.janssen265@example.edu,(385) 555-0166,ef70348beb19f31aea3f6e60a2949428,University of Minnesota,Minneapolis,MN,44.974,-93.2277,Off-Campus Apartment,Junior,Sociology,Rochester,MN,44.0121,-92.4802,In a relationship,TRUE,224
U0040,Violet,Chen,Female,21,2005-09-16,violet.chen260@example.edu,(515) 555-0173,9305872e0cb925e159e8ebef26c88e16,University of Texas at Austin,Austin,TX,30.2849,-97.7341,Off-Campus Apartment,Senior,Marketing,Fort Worth,TX,32.7555,-97.3308,Single,TRUE,382
U0041,Grayson,Campbell,Male,24,2002-04-16,grayson.campbell894@example.edu,(472) 555-0126,bbc07cf9b656a4e5f6c68284c4ff8337,University of Washington,Seattle,WA,47.6553,-122.3035,University Apartment,Graduate,Biology,Tacoma,WA,47.2529,-122.4443,Single,FALSE,345
U0042,Everly,Gutierrez,Female,19,2007-05-12,everly.gutierrez591@example.edu,(790) 555-0183,68802a9238f7ec2b487bc784bf5db787,Ohio State University,Columbus,OH,40.0067,-83.0305,Dorm / Residence Hall,Sophomore,Political Science,Cincinnati,OH,39.1031,-84.512,It's complicated,FALSE,317
U0043,Olivia,Sharma,Female,21,2005-01-18,olivia.sharma405@example.edu,(456) 555-0120,af0bbbe702ccb3b9f08903cdec147234,University of Florida,Gainesville,FL,29.6436,-82.3549,Off-Campus Apartment,Senior,Criminal Justice,Jacksonville,FL,30.3322,-81.6557,Single,FALSE,313
U0044,Lucas,Thomas,Male,19,2007-09-26,lucas.thomas572@example.edu,(861) 555-0196,cb752efd3b686a5dfccd19ba1106de5f,University of Michigan,Ann Arbor,MI,42.278,-83.7382,University Apartment,Sophomore,Marketing,Lansing,MI,42.7325,-84.5555,In a relationship,TRUE,139
U0045,Scarlett,Becker,Female,23,2003-06-11,scarlett.becker423@example.edu,(983) 555-0181,af287efb33d40309ab5b6081147eb934,Penn State University,State College,PA,40.7982,-77.8599,University Apartment,Graduate,Mechanical Engineering,Boise,ID,43.615,-116.2023,In a relationship,TRUE,266
U0046,Maya,Chavez,Female,21,2005-02-22,maya.chavez329@example.edu,(553) 555-0176,492eb01a6d77ad4feb1fab4fc5bfbb82,Florida State University,Tallahassee,FL,30.4419,-84.2985,Greek Housing,Senior,Economics,Orlando,FL,28.5384,-81.3789,Single,FALSE,130
U0047,Raj,Collins,Male,19,2007-07-10,raj.collins212@example.edu,(869) 555-0117,040a1b7bb7e05050a8c7fbbd28d0dfac,University of Minnesota,Minneapolis,MN,44.974,-93.2277,Off-Campus Apartment,Sophomore,Kinesiology,Rochester,MN,44.0121,-92.4802,Single,FALSE,152
U0048,Sebastian,Santos,Male,21,2005-12-17,sebastian.santos139@example.edu,(603) 555-0152,c4c7b36a6217a9c7661c1b7e0a1d639c,University of Michigan,Ann Arbor,MI,42.278,-83.7382,Dorm / Residence Hall,Senior,Marketing,Hartford,CT,41.7658,-72.6734,Single,FALSE,138
U0049,Savannah,Weber,Female,18,2008-01-04,savannah.weber90@example.edu,(696) 555-0192,cfa97425f96e177987e1705533873b18,Penn State University,State College,PA,40.7982,-77.8599,Lives at Home,Freshman,Graphic Design,Boston,MA,42.3601,-71.0589,In a relationship,FALSE,245
U0050,Sophia,Yamamoto,Female,23,2003-06-16,sophia.yamamoto147@example.edu,(988) 555-0112,36a1004301f5964d2e3b3f8a93f17a1e,University of Washington,Seattle,WA,47.6553,-122.3035,Lives at Home,Graduate,English,Bellevue,WA,47.6101,-122.2015,In a relationship,FALSE,255
U0051,Miles,Tanaka,Male,18,2008-06-16,miles.tanaka619@example.edu,(789) 555-0116,2fa2cebe4e1073417625b39780996335,University of Georgia,Athens,GA,33.948,-83.3773,Off-Campus Apartment,Freshman,Information Systems,Marietta,GA,33.9526,-84.5499,Single,TRUE,264
U0052,Christopher,Tran,Male,21,2005-11-05,christopher.tran148@example.edu,(939) 555-0162,51bc359cc73909e6c0b3631a4ce9690a,University of Michigan,Ann Arbor,MI,42.278,-83.7382,Lives at Home,Freshman,Economics,Detroit,MI,42.3314,-83.0458,Prefer not to say,FALSE,141
U0053,Cameron,Choi,Male,21,2005-08-24,cameron.choi56@example.edu,(858) 555-0133,4d883c949f864a3d2f15cc236eb01430,Arizona State University,Tempe,AZ,33.4242,-111.9281,Dorm / Residence Hall,Senior,Public Health,Mesa,AZ,33.4152,-111.8315,Single,FALSE,125
U0054,Maya,Li,Female,22,2004-02-18,maya.li838@example.edu,(694) 555-0115,6b76798e59be2f9eaf4c490d424ae1c7,University of Texas at Austin,Austin,TX,30.2849,-97.7341,Lives at Home,Senior,Kinesiology,Plano,TX,33.0198,-96.6989,In a relationship,TRUE,139
U0055,James,Wright,Male,19,2007-10-13,james.wright83@example.edu,(207) 555-0100,72689562e383ee385ed3c89cfc77f13b,UCLA,Los Angeles,CA,34.0689,-118.4452,Dorm / Residence Hall,Freshman,Nursing,Fresno,CA,36.7378,-119.7871,In a relationship,TRUE,747
U0056,Casey,Thompson,Non-binary,19,2007-04-19,casey.thompson748@example.edu,(639) 555-0194,d099903b5c2a34282033a9824619cb01,University of Georgia,Athens,GA,33.948,-83.3773,Dorm / Residence Hall,Sophomore,Mathematics,Atlanta,GA,33.749,-84.388,Single,TRUE,194
U0057,Lucy,Ruiz,Female,20,2006-02-16,lucy.ruiz463@example.edu,(836) 555-0147,52ac220afa1222389acd6350ad09b814,University of Washington,Seattle,WA,47.6553,-122.3035,Lives at Home,Junior,Undeclared,Bellevue,WA,47.6101,-122.2015,In a relationship,TRUE,202
U0058,Ryan,Gray,Male,22,2004-01-05,ryan.gray412@example.edu,(833) 555-0128,3b54f7aaee48b767a5c0851315698ea9,Arizona State University,Tempe,AZ,33.4242,-111.9281,Dorm / Residence Hall,Senior,Finance,Phoenix,AZ,33.4484,-112.074,Single,FALSE,233
U0059,Scarlett,Wilson,Female,19,2007-06-02,scarlett.wilson527@example.edu,(399) 555-0198,cf0fdc668f20c91744ad0f2ffa0ae0cc,Texas A&M University,College Station,TX,30.6188,-96.3365,Greek Housing,Sophomore,Political Science,Houston,TX,29.7604,-95.3698,It's complicated,FALSE,236
U0060,Nolan,Sanders,Male,21,2005-11-04,nolan.sanders435@example.edu,(420) 555-0165,d789bb687fd95b8d7dc0023aa7859c62,University of Texas at Austin,Austin,TX,30.2849,-97.7341,Dorm / Residence Hall,Senior,Biology,Fort Worth,TX,32.7555,-97.3308,Single,TRUE,487
U0061,Josiah,Osei,Male,19,2007-08-02,josiah.osei906@example.edu,(924) 555-0121,36f92a4aaec6300a58a388d59ac13e51,Ohio State University,Columbus,OH,40.0067,-83.0305,Dorm / Residence Hall,Sophomore,Information Systems,Dayton,OH,39.7589,-84.1916,Single,TRUE,313
U0062,Aiden,Visser,Male,21,2005-12-15,aiden.visser874@example.edu,(988) 555-0155,8adde1b483407d0398146de5145cb5c1,Texas A&M University,College Station,TX,30.6188,-96.3365,Greek Housing,Junior,Journalism,El Paso,TX,31.7619,-106.485,In a relationship,TRUE,125
U0063,Lucy,Ward,Female,20,2006-10-02,lucy.ward708@example.edu,(888) 555-0130,c1a05382ad08c1c2622cb7dfc7c17787,University of Wisconsin-Madison,Madison,WI,43.0766,-89.4125,Off-Campus Apartment,Freshman,Biology,Milwaukee,WI,43.0389,-87.9065,Prefer not to say,TRUE,326
U0064,Noah,Weber,Male,21,2005-08-27,noah.weber196@example.edu,(473) 555-0136,dac4aeef8cf36420dc57c7da319750be,Arizona State University,Tempe,AZ,33.4242,-111.9281,Off-Campus Apartment,Sophomore,Public Health,Tucson,AZ,32.2226,-110.9747,In a relationship,TRUE,194
U0065,Mila,Young,Female,19,2007-05-06,mila.young577@example.edu,(880) 555-0174,5e10b8d50106f9c96145daf63c4a5e4d,University of Wisconsin-Madison,Madison,WI,43.0766,-89.4125,Lives at Home,Sophomore,Biology,New Orleans,LA,29.9511,-90.0715,In a relationship,TRUE,131
U0066,Naomi,Ramos,Female,20,2006-01-17,naomi.ramos476@example.edu,(877) 555-0192,35ebd84d52b0ce69b01dfa19c704e75c,University of Michigan,Ann Arbor,MI,42.278,-83.7382,Dorm / Residence Hall,Junior,Kinesiology,Detroit,MI,42.3314,-83.0458,Single,FALSE,164
U0067,Nathan,Visser,Male,19,2007-11-14,nathan.visser460@example.edu,(915) 555-0155,3c763448bb25fba1b5ebe7cb434d5d1f,University of Minnesota,Minneapolis,MN,44.974,-93.2277,Dorm / Residence Hall,Sophomore,Business Administration,Duluth,MN,46.7867,-92.1005,Single,FALSE,135
U0068,Riley,Scott,Female,21,2005-07-15,riley.scott967@example.edu,(231) 555-0156,a4c9db9b74bc7e1f4751b48b28ff816b,University of Alabama,Tuscaloosa,AL,33.214,-87.5391,Dorm / Residence Hall,Senior,Psychology,Montgomery,AL,32.3668,-86.3,Single,TRUE,119
U0069,Elias,Lee,Male,18,2008-03-16,elias.lee539@example.edu,(613) 555-0175,54636180fc4b9f3cc50ae5bb65c55e85,University of Texas at Austin,Austin,TX,30.2849,-97.7341,Greek Housing,Freshman,Kinesiology,Plano,TX,33.0198,-96.6989,Single,FALSE,490
U0070,Eleanor,Morales,Female,22,2004-10-15,eleanor.morales412@example.edu,(804) 555-0105,7456c65b687bcdd66ca35ae6cf4cabca,Ohio State University,Columbus,OH,40.0067,-83.0305,Lives at Home,Senior,Information Systems,Dayton,OH,39.7589,-84.1916,Single,FALSE,175
U0071,Avery,Smith,Female,20,2006-01-22,avery.smith721@example.edu,(701) 555-0197,fa85237c94ead971e8b25f2fa6fd6746,University of Texas at Austin,Austin,TX,30.2849,-97.7341,Dorm / Residence Hall,Junior,Communications,Plano,TX,33.0198,-96.6989,In a relationship,FALSE,584
U0072,Asher,Ramirez,Male,22,2004-01-27,asher.ramirez795@example.edu,(815) 555-0179,b79fed2295b2f160a848c53134fe5ac7,University of Florida,Gainesville,FL,29.6436,-82.3549,Dorm / Residence Hall,Junior,Mechanical Engineering,Nashville,TN,36.1627,-86.7816,It's complicated,FALSE,199
U0073,Emma,Edwards,Female,21,2005-04-08,emma.edwards827@example.edu,(958) 555-0148,28f613664da245c94605fa32202e668f,University of Georgia,Athens,GA,33.948,-83.3773,Dorm / Residence Hall,Senior,Biology,Portland,OR,45.5152,-122.6784,Single,FALSE,435
U0074,Audrey,Miller,Female,18,2008-11-03,audrey.miller805@example.edu,(484) 555-0129,e00e26c3e41af8d39f02d5e611150d49,University of Florida,Gainesville,FL,29.6436,-82.3549,Dorm / Residence Hall,Freshman,Psychology,Miami,FL,25.7617,-80.1918,In a relationship,TRUE,137
U0075,Aaron,Miller,Male,18,2008-07-10,aaron.miller72@example.edu,(666) 555-0107,5226bf7b58f88128809bb7b0a2011805,University of Texas at Austin,Austin,TX,30.2849,-97.7341,Dorm / Residence Hall,Freshman,Communications,El Paso,TX,31.7619,-106.485,Single,TRUE,115
U0076,Layla,Parker,Female,22,2004-09-07,layla.parker400@example.edu,(907) 555-0139,45192c417b8289fdb9758bde0d901510,Florida State University,Tallahassee,FL,30.4419,-84.2985,Off-Campus Apartment,Senior,Finance,Miami,FL,25.7617,-80.1918,It's complicated,TRUE,106
U0077,Emma,Taylor,Female,23,2003-04-02,emma.taylor129@example.edu,(294) 555-0122,c641d39cd813eea35d2d2a1c1d41cdc5,Arizona State University,Tempe,AZ,33.4242,-111.9281,University Apartment,Graduate,Education,Tucson,AZ,32.2226,-110.9747,Single,FALSE,359
U0078,Jack,Brown,Male,18,2008-12-13,jack.brown531@example.edu,(394) 555-0154,4dba4c8d212c7b44d0bec7f04078941b,University of Florida,Gainesville,FL,29.6436,-82.3549,Off-Campus Apartment,Freshman,Nursing,Miami,FL,25.7617,-80.1918,Single,FALSE,303
U0079,Hudson,Jones,Male,21,2005-12-11,hudson.jones410@example.edu,(957) 555-0178,03bcc1db88275e07c8bc73a51c57aed2,Arizona State University,Tempe,AZ,33.4242,-111.9281,Off-Campus Apartment,Junior,Undeclared,Scottsdale,AZ,33.4942,-111.9261,Single,TRUE,197
U0080,Sebastian,Reed,Male,19,2007-12-02,sebastian.reed281@example.edu,(924) 555-0173,4ce63f97b81f13441b4342f7efbcec7f,Arizona State University,Tempe,AZ,33.4242,-111.9281,University Apartment,Freshman,Information Systems,Phoenix,AZ,33.4484,-112.074,Single,TRUE,207
U0081,Ananya,Edwards,Female,18,2008-10-16,ananya.edwards186@example.edu,(594) 555-0161,8641dcf8d3f331f3b1550168731ae3b9,Texas A&M University,College Station,TX,30.6188,-96.3365,Off-Campus Apartment,Freshman,Electrical Engineering,Richmond,VA,37.5407,-77.436,In a relationship,TRUE,169
U0082,Maverick,Miller,Male,23,2003-05-04,maverick.miller68@example.edu,(538) 555-0181,0ee6006c17ac8fbf8dd6d19afdc89364,Penn State University,State College,PA,40.7982,-77.8599,Lives at Home,Graduate,Psychology,Oklahoma City,OK,35.4676,-97.5164,In a relationship,FALSE,286
U0083,Skyler,Hernandez,Prefer not to say,22,2004-11-25,skyler.hernandez376@example.edu,(337) 555-0165,561ee6d986eaa5b50898998c832810cd,University of Georgia,Athens,GA,33.948,-83.3773,Dorm / Residence Hall,Junior,Marketing,Atlanta,GA,33.749,-84.388,Single,TRUE,210
U0084,Hannah,Kaur,Female,19,2007-02-23,hannah.kaur876@example.edu,(806) 555-0180,534566627b1419c8c9248bca602468a6,University of Washington,Seattle,WA,47.6553,-122.3035,Dorm / Residence Hall,Freshman,Political Science,Tacoma,WA,47.2529,-122.4443,In a relationship,FALSE,176
U0085,Taylor,Khan,Non-binary,21,2005-07-13,taylor.khan164@example.edu,(786) 555-0127,bc36bc2ef182f7299d629c1d4dd2a146,Arizona State University,Tempe,AZ,33.4242,-111.9281,Dorm / Residence Hall,Senior,Education,Phoenix,AZ,33.4484,-112.074,Single,FALSE,483
U0086,Ezra,Perez,Male,18,2008-10-15,ezra.perez159@example.edu,(450) 555-0107,5690f07835f4994e5ada2647a4492b46,University of Wisconsin-Madison,Madison,WI,43.0766,-89.4125,Dorm / Residence Hall,Freshman,Data Analytics,Appleton,WI,44.2619,-88.4154,Single,TRUE,220
U0087,Christopher,Virtanen,Male,20,2006-02-02,christopher.virtanen302@example.edu,(672) 555-0118,0aaa007589b904bdd49e85d7061f725e,University of Minnesota,Minneapolis,MN,44.974,-93.2277,Off-Campus Apartment,Junior,History,Rochester,MN,44.0121,-92.4802,It's complicated,TRUE,425
U0088,Simone,Laurent,Female,21,2005-08-02,simone.laurent9@example.edu,(566) 555-0196,1024958b3da8be0f52f1238580e46603,Ohio State University,Columbus,OH,40.0067,-83.0305,Off-Campus Apartment,Freshman,Computer Science,Dayton,OH,39.7589,-84.1916,Single,TRUE,66
U0089,Evelyn,Edwards,Female,19,2007-02-12,evelyn.edwards112@example.edu,(288) 555-0123,0abd48791ac6bded3f8aa262854069f1,University of Georgia,Athens,GA,33.948,-83.3773,Lives at Home,Sophomore,Criminal Justice,Augusta,GA,33.4735,-82.0105,Prefer not to say,FALSE,138
U0090,Noah,Patel,Male,21,2005-05-17,noah.patel665@example.edu,(667) 555-0152,060bb17383620e230f2e4ee7e6fa037f,University of Wisconsin-Madison,Madison,WI,43.0766,-89.4125,Off-Campus Apartment,Senior,Mechanical Engineering,Appleton,WI,44.2619,-88.4154,In a relationship,FALSE,229
U0091,Aisha,Lee,Female,20,2006-12-05,aisha.lee192@example.edu,(446) 555-0183,2da28affad1ccf91f55aaeb8fc0f0d29,New York University,New York,NY,40.7295,-73.9965,Dorm / Residence Hall,Junior,Environmental Science,Rochester,NY,43.1566,-77.6088,Single,TRUE,220
U0092,Ananya,Cook,Female,20,2006-11-17,ananya.cook829@example.edu,(531) 555-0154,1e5161f377c6432a8e8ae77c695318ef,University of Florida,Gainesville,FL,29.6436,-82.3549,Off-Campus Apartment,Junior,Undeclared,Orlando,FL,28.5384,-81.3789,In a relationship,FALSE,122
U0093,Elias,Okafor,Male,21,2005-04-19,elias.okafor330@example.edu,(949) 555-0161,d3530d0f013a9b1ecf7b76a887e82ead,University of Georgia,Athens,GA,33.948,-83.3773,Dorm / Residence Hall,Senior,Biology,Marietta,GA,33.9526,-84.5499,In a relationship,FALSE,171
U0094,Priya,Rossi,Female,22,2004-12-08,priya.rossi192@example.edu,(541) 555-0158,8619013d862b84e6411e641812d3663f,University of Texas at Austin,Austin,TX,30.2849,-97.7341,Dorm / Residence Hall,Senior,Psychology,Kansas City,MO,39.0997,-94.5786,Single,FALSE,203
U0095,Mia,Parker,Female,19,2007-01-16,mia.parker855@example.edu,(201) 555-0106,39e93f624a52cb0c325f2f14e64918ce,Texas A&M University,College Station,TX,30.6188,-96.3365,Off-Campus Apartment,Sophomore,Biology,Plano,TX,33.0198,-96.6989,Single,FALSE,60
U0096,Kai,Wilson,Male,21,2005-09-24,kai.wilson309@example.edu,(844) 555-0139,36393d6c022c001b7507c1864fdcb6cb,New York University,New York,NY,40.7295,-73.9965,Lives at Home,Senior,Criminal Justice,Buffalo,NY,42.8864,-78.8784,In a relationship,TRUE,453
U0097,Hudson,Reyes,Male,24,2002-12-26,hudson.reyes746@example.edu,(594) 555-0196,46e6435f164ba78afa0ce88ae46ae0cd,University of Texas at Austin,Austin,TX,30.2849,-97.7341,Lives at Home,Graduate,Civil Engineering,Kansas City,MO,39.0997,-94.5786,In a relationship,TRUE,121
U0098,Lucas,Stewart,Male,21,2005-10-20,lucas.stewart355@example.edu,(273) 555-0153,f51271046d5e640d2dd81a1c4b44544d,University of Washington,Seattle,WA,47.6553,-122.3035,Off-Campus Apartment,Junior,Education,Denver,CO,39.7392,-104.9903,Single,FALSE,87
U0099,Zoey,Khan,Female,20,2006-02-01,zoey.khan603@example.edu,(594) 555-0138,dfe85f49dc1018f5b021c5b4a1901713,University of Georgia,Athens,GA,33.948,-83.3773,Dorm / Residence Hall,Junior,English,Marietta,GA,33.9526,-84.5499,In a relationship,TRUE,123
U0100,Benjamin,Reyes,Male,18,2008-11-17,benjamin.reyes567@example.edu,(935) 555-0129,d1cc3600cf1ae677f0de9b14ff97a2e0,University of Wisconsin-Madison,Madison,WI,43.0766,-89.4125,Off-Campus Apartment,Freshman,Business Administration,Milwaukee,WI,43.0389,-87.9065,Single,TRUE,155
U0101,Natalie,Walker,Female,18,2008-03-19,natalie.walker922@example.edu,(385) 555-0158,0191b0648659d7076b34cfddb409a62a,University of Georgia,Athens,GA,33.948,-83.3773,Dorm / Residence Hall,Freshman,Business Administration,Indianapolis,IN,39.7684,-86.1581,Single,TRUE,128
U0102,Avery,Bailey,Female,21,2005-06-26,avery.bailey335@example.edu,(361) 555-0164,efb4bc567a9c8f25c018c22790f34b2b,Ohio State University,Columbus,OH,40.0067,-83.0305,Off-Campus Apartment,Senior,Marketing,Nashville,TN,36.1627,-86.7816,Single,FALSE,415
U0103,Kennedy,Pham,Female,21,2005-05-16,kennedy.pham316@example.edu,(659) 555-0152,969187c5efd6a907bee130135fc65ff2,University of Washington,Seattle,WA,47.6553,-122.3035,University Apartment,Sophomore,Biology,Spokane,WA,47.6588,-117.426,Single,TRUE,246
U0104,Aurora,Bennett,Female,19,2007-02-04,aurora.bennett608@example.edu,(456) 555-0110,92100e258b0a0980d02864186e4c657c,Penn State University,State College,PA,40.7982,-77.8599,Off-Campus Apartment,Freshman,Psychology,Erie,PA,42.1292,-80.0851,In a relationship,TRUE,192
U0105,Samuel,Peterson,Male,21,2005-07-19,samuel.peterson957@example.edu,(461) 555-0171,d03fb0d59b2b8fd366488639ca5c79c8,University of Washington,Seattle,WA,47.6553,-122.3035,Off-Campus Apartment,Sophomore,Data Analytics,Vancouver,WA,45.6387,-122.6615,In a relationship,FALSE,285
U0106,Finley,Mensah,Prefer not to say,20,2006-11-25,finley.mensah30@example.edu,(828) 555-0191,cd3f25b6bed1324e58f78ca601986b2c,Penn State University,State College,PA,40.7982,-77.8599,Greek Housing,Junior,Nursing,Allentown,PA,40.6084,-75.4902,In a relationship,FALSE,315
U0107,Priya,Lindberg,Female,22,2004-02-17,priya.lindberg268@example.edu,(233) 555-0114,c894699591c0d6614a83deed7cad0c70,UCLA,Los Angeles,CA,34.0689,-118.4452,Off-Campus Apartment,Senior,Data Analytics,Fresno,CA,36.7378,-119.7871,Single,TRUE,202
U0108,Andrew,Wood,Male,24,2002-12-28,andrew.wood356@example.edu,(701) 555-0185,61daf86254a98f8d033e01aebcd6b08d,Florida State University,Tallahassee,FL,30.4419,-84.2985,Off-Campus Apartment,Graduate,Public Health,Miami,FL,25.7617,-80.1918,Single,TRUE,108
U0109,Ava,Okafor,Female,20,2006-10-04,ava.okafor255@example.edu,(380) 555-0110,c764275856cb76fa371d02700e187edd,University of Florida,Gainesville,FL,29.6436,-82.3549,Dorm / Residence Hall,Sophomore,Data Analytics,Jacksonville,FL,30.3322,-81.6557,In a relationship,TRUE,109
U0110,Aubrey,Perez,Female,21,2005-06-10,aubrey.perez479@example.edu,(231) 555-0119,af80e9586a0943a961ba229ec8e86872,Texas A&M University,College Station,TX,30.6188,-96.3365,Dorm / Residence Hall,Freshman,Political Science,Plano,TX,33.0198,-96.6989,Prefer not to say,TRUE,165
U0111,Savannah,Muller,Female,24,2002-02-26,savannah.muller733@example.edu,(822) 555-0182,876b3117369d89de1e1128493b246473,Florida State University,Tallahassee,FL,30.4419,-84.2985,University Apartment,Graduate,Electrical Engineering,Miami,FL,25.7617,-80.1918,In a relationship,FALSE,150
U0112,Kai,Phillips,Male,19,2007-11-04,kai.phillips567@example.edu,(748) 555-0194,b03247d535c226cb41f3115a66a1bc67,University of Alabama,Tuscaloosa,AL,33.214,-87.5391,Dorm / Residence Hall,Sophomore,Data Analytics,Montgomery,AL,32.3668,-86.3,Single,FALSE,350
U0113,Victoria,Chen,Female,22,2004-10-22,victoria.chen670@example.edu,(810) 555-0153,b6986547bdf1e8a64b57cdc878e73b87,University of Texas at Austin,Austin,TX,30.2849,-97.7341,Dorm / Residence Hall,Senior,Accounting,Newark,NJ,40.7357,-74.1724,Single,TRUE,456
U0114,Jin,Gutierrez,Male,20,2006-01-05,jin.gutierrez826@example.edu,(699) 555-0106,a89a2b9af55f05cb52ca66b91c693411,University of Michigan,Ann Arbor,MI,42.278,-83.7382,Dorm / Residence Hall,Sophomore,English,Troy,MI,42.6064,-83.1498,Single,TRUE,440
U0115,Destiny,Alvarez,Female,21,2005-04-07,destiny.alvarez490@example.edu,(462) 555-0165,d66ef55ae059a83832718b227e1b05f4,New York University,New York,NY,40.7295,-73.9965,Off-Campus Apartment,Senior,Psychology,Boise,ID,43.615,-116.2023,Single,TRUE,109
U0116,Daniel,Murphy,Male,19,2007-11-10,daniel.murphy533@example.edu,(730) 555-0173,03ded98adb37da4a6903834aafe8a055,University of Florida,Gainesville,FL,29.6436,-82.3549,Dorm / Residence Hall,Sophomore,Electrical Engineering,Richmond,VA,37.5407,-77.436,Single,FALSE,369
U0117,Jonathan,Pham,Male,21,2005-07-10,jonathan.pham916@example.edu,(688) 555-0159,728681ccd54be4ee95a88531cb0818a7,University of Florida,Gainesville,FL,29.6436,-82.3549,Greek Housing,Senior,Marketing,Jacksonville,FL,30.3322,-81.6557,Prefer not to say,FALSE,172
U0118,Daniela,Laurent,Female,19,2007-11-13,daniela.laurent590@example.edu,(298) 555-0115,696ca0d387d0eecf8bce552b78df09e8,Ohio State University,Columbus,OH,40.0067,-83.0305,Dorm / Residence Hall,Sophomore,Civil Engineering,Cleveland,OH,41.4993,-81.6944,In a relationship,FALSE,273
U0119,Jameson,Moreau,Male,23,2003-04-15,jameson.moreau684@example.edu,(481) 555-0103,8e0c6ff8cd0df545b3fde71a47384546,University of Wisconsin-Madison,Madison,WI,43.0766,-89.4125,University Apartment,Graduate,Information Systems,Green Bay,WI,44.5133,-88.0133,Prefer not to say,FALSE,101
U0120,Josiah,Park,Male,19,2007-06-06,josiah.park901@example.edu,(459) 555-0163,01a972ab06fa45af1cc051295e5e269e,University of Michigan,Ann Arbor,MI,42.278,-83.7382,Dorm / Residence Hall,Sophomore,Psychology,Troy,MI,42.6064,-83.1498,In a relationship,TRUE,136
U0121,Andrew,Ali,Male,19,2007-08-04,andrew.ali314@example.edu,(710) 555-0198,5c37e3fdddc1a92a05aef9317231f25a,Texas A&M University,College Station,TX,30.6188,-96.3365,Off-Campus Apartment,Sophomore,Computer Science,Fort Worth,TX,32.7555,-97.3308,Single,FALSE,152
U0122,Emily,Virtanen,Female,21,2005-09-02,emily.virtanen39@example.edu,(598) 555-0123,882534193a96d14f35e50c201839efae,University of Georgia,Athens,GA,33.948,-83.3773,Off-Campus Apartment,Senior,Psychology,Savannah,GA,32.0809,-81.0912,Single,TRUE,102
U0123,Levi,Wagner,Male,18,2008-04-19,levi.wagner373@example.edu,(675) 555-0170,5848519bf2a9258ed916ea72ef2ec2b8,University of Texas at Austin,Austin,TX,30.2849,-97.7341,Greek Housing,Freshman,Chemistry,Columbia,SC,34.0007,-81.0348,In a relationship,FALSE,178
U0124,Jacob,Gomez,Male,23,2003-12-26,jacob.gomez17@example.edu,(837) 555-0175,aaddd2f694733637cf5b61df7f176c0a,University of Alabama,Tuscaloosa,AL,33.214,-87.5391,Off-Campus Apartment,Graduate,Mechanical Engineering,Mobile,AL,30.6954,-88.0399,Single,TRUE,317
U0125,Layla,Gomez,Female,20,2006-10-07,layla.gomez193@example.edu,(392) 555-0141,3beb5eba27e91f5c1d6dac46f9e4e0be,University of Washington,Seattle,WA,47.6553,-122.3035,Dorm / Residence Hall,Sophomore,Public Health,Nashville,TN,36.1627,-86.7816,In a relationship,TRUE,115
U0126,Jasmine,Parker,Female,19,2007-05-21,jasmine.parker634@example.edu,(640) 555-0178,9a7d047f244b3c3a3ef05ce190b8a6dc,University of Texas at Austin,Austin,TX,30.2849,-97.7341,Dorm / Residence Hall,Sophomore,Psychology,Plano,TX,33.0198,-96.6989,In a relationship,TRUE,100
U0127,Violet,Gomez,Female,21,2005-03-19,violet.gomez54@example.edu,(535) 555-0170,8a93d8bea99d68f064a47d9254a53c54,University of Michigan,Ann Arbor,MI,42.278,-83.7382,Dorm / Residence Hall,Senior,Information Systems,Charlotte,NC,35.2271,-80.8431,In a relationship,TRUE,348
U0128,Bella,Ramirez,Female,22,2004-04-25,bella.ramirez908@example.edu,(808) 555-0138,10be0c58c3198b48959d8bc37138843e,Penn State University,State College,PA,40.7982,-77.8599,Dorm / Residence Hall,Senior,Communications,Indianapolis,IN,39.7684,-86.1581,In a relationship,FALSE,277
U0129,Jayden,Sanders,Male,18,2008-08-18,jayden.sanders744@example.edu,(765) 555-0169,db881691acb66a3582548ff2d77956a1,University of Texas at Austin,Austin,TX,30.2849,-97.7341,Greek Housing,Freshman,Psychology,San Antonio,TX,29.4241,-98.4936,In a relationship,FALSE,177
U0130,Phoenix,Brooks,Non-binary,19,2007-08-28,phoenix.brooks433@example.edu,(906) 555-0175,cb790599b6e8c147efedefa1b37bd7d8,UCLA,Los Angeles,CA,34.0689,-118.4452,Off-Campus Apartment,Sophomore,Education,Charlotte,NC,35.2271,-80.8431,Single,TRUE,504
U0131,Levi,Walker,Male,18,2008-03-22,levi.walker383@example.edu,(771) 555-0133,1cefd9e5479830c30f01f1d687fae028,University of Texas at Austin,Austin,TX,30.2849,-97.7341,Lives at Home,Freshman,Information Systems,El Paso,TX,31.7619,-106.485,Single,TRUE,300
U0132,Ezra,Becker,Male,21,2005-05-21,ezra.becker609@example.edu,(726) 555-0129,92b4a131de4563ebacde5015335c68e1,Texas A&M University,College Station,TX,30.6188,-96.3365,Lives at Home,Junior,Marketing,San Antonio,TX,29.4241,-98.4936,Single,FALSE,510
U0133,Grayson,Lindberg,Male,19,2007-01-18,grayson.lindberg826@example.edu,(593) 555-0126,8e86b36348c5d2221c9105150c9876d4,Penn State University,State College,PA,40.7982,-77.8599,Dorm / Residence Hall,Sophomore,Data Analytics,Kansas City,MO,39.0997,-94.5786,Single,TRUE,100
U0134,Maya,Bailey,Female,23,2003-07-10,maya.bailey636@example.edu,(254) 555-0173,d1cd58368e931bc364367ddaecc30a1b,University of Texas at Austin,Austin,TX,30.2849,-97.7341,University Apartment,Graduate,Economics,Houston,TX,29.7604,-95.3698,Single,TRUE,107
U0135,Riley,Khan,Female,19,2007-12-15,riley.khan426@example.edu,(253) 555-0131,9d2a230aea24b3ac015f441c9f2fa45e,University of Florida,Gainesville,FL,29.6436,-82.3549,University Apartment,Sophomore,Sociology,Orlando,FL,28.5384,-81.3789,In a relationship,FALSE,371
U0136,Asher,Edwards,Male,21,2005-05-11,asher.edwards53@example.edu,(806) 555-0138,e21ceb9b1bb3254e41de6a150f2c380f,University of Alabama,Tuscaloosa,AL,33.214,-87.5391,Dorm / Residence Hall,Senior,Undeclared,Mobile,AL,30.6954,-88.0399,In a relationship,TRUE,419
U0137,Zoe,Wang,Female,21,2005-05-22,zoe.wang721@example.edu,(359) 555-0104,1e9cfe4f4a31998456fc8b5ab0604ddb,University of Florida,Gainesville,FL,29.6436,-82.3549,Off-Campus Apartment,Sophomore,Business Administration,Orlando,FL,28.5384,-81.3789,It's complicated,FALSE,199
U0138,Natalie,Ivanov,Female,19,2007-11-28,natalie.ivanov405@example.edu,(472) 555-0100,d331802d1c964e089ca9c376fe22b33e,Ohio State University,Columbus,OH,40.0067,-83.0305,Dorm / Residence Hall,Sophomore,Data Analytics,Dayton,OH,39.7589,-84.1916,Single,FALSE,457
U0139,Thomas,Davis,Male,19,2007-07-04,thomas.davis218@example.edu,(372) 555-0124,74176ab192868e0ad8678da91ef41a84,University of Wisconsin-Madison,Madison,WI,43.0766,-89.4125,Off-Campus Apartment,Sophomore,Education,Salt Lake City,UT,40.7608,-111.891,In a relationship,TRUE,276
U0140,Mia,Richardson,Female,23,2003-11-11,mia.richardson97@example.edu,(803) 555-0100,305b92c804d8af26aac34ed8b2fcd7e2,Texas A&M University,College Station,TX,30.6188,-96.3365,Off-Campus Apartment,Graduate,Psychology,Houston,TX,29.7604,-95.3698,Prefer not to say,TRUE,201
U0141,Maya,Santos,Female,19,2007-01-24,maya.santos114@example.edu,(495) 555-0118,9daacf895cbb3ca7a090928f2f1c6e55,Florida State University,Tallahassee,FL,30.4419,-84.2985,Dorm / Residence Hall,Freshman,Computer Science,Jacksonville,FL,30.3322,-81.6557,Single,FALSE,341
U0142,Adrian,Turner,Male,20,2006-10-04,adrian.turner46@example.edu,(688) 555-0188,a8a89c8829881b61abf1d297de10489c,University of Michigan,Ann Arbor,MI,42.278,-83.7382,Dorm / Residence Hall,Freshman,Computer Science,Grand Rapids,MI,42.9634,-85.6681,Single,TRUE,515
U0143,Jonathan,Jackson,Male,19,2007-06-17,jonathan.jackson563@example.edu,(340) 555-0122,1f766885abd0fd6317be47de85196a3c,Penn State University,State College,PA,40.7982,-77.8599,Off-Campus Apartment,Sophomore,Business Administration,Allentown,PA,40.6084,-75.4902,Single,FALSE,305
U0144,Benjamin,Park,Male,18,2008-10-18,benjamin.park791@example.edu,(840) 555-0199,f9a6515850d7fe269230071d39cf4e2f,Florida State University,Tallahassee,FL,30.4419,-84.2985,Lives at Home,Freshman,Political Science,Miami,FL,25.7617,-80.1918,Single,TRUE,344
U0145,Elizabeth,White,Female,18,2008-09-15,elizabeth.white50@example.edu,(822) 555-0125,4ebf759a893d45476fdd4fa009a648d1,University of Washington,Seattle,WA,47.6553,-122.3035,Dorm / Residence Hall,Freshman,Biology,Hartford,CT,41.7658,-72.6734,Prefer not to say,FALSE,294
U0146,Lucas,Muller,Male,23,2003-07-20,lucas.muller396@example.edu,(358) 555-0187,234da494aebb40b9f0b35395ef7e1248,University of Michigan,Ann Arbor,MI,42.278,-83.7382,Off-Campus Apartment,Graduate,Finance,Chicago,IL,41.8781,-87.6298,In a relationship,TRUE,272
U0147,Caleb,Li,Male,22,2004-01-14,caleb.li159@example.edu,(608) 555-0181,f8979c8c2a08f614581c5ee5adb82fd8,Arizona State University,Tempe,AZ,33.4242,-111.9281,Greek Housing,Junior,Psychology,Scottsdale,AZ,33.4942,-111.9261,Single,FALSE,169
U0148,Luca,Gomez,Male,25,2001-11-14,luca.gomez226@example.edu,(853) 555-0135,61fce54189355d5171678d98901d196a,Arizona State University,Tempe,AZ,33.4242,-111.9281,University Apartment,Graduate,Computer Science,Mesa,AZ,33.4152,-111.8315,Single,TRUE,183
U0149,Scarlett,White,Female,24,2002-10-18,scarlett.white268@example.edu,(732) 555-0153,3bcae87a0952948689c702e1ee3b3f28,University of Wisconsin-Madison,Madison,WI,43.0766,-89.4125,Off-Campus Apartment,Graduate,Nursing,Green Bay,WI,44.5133,-88.0133,Single,TRUE,325
U0150,William,Khan,Male,20,2006-04-18,william.khan553@example.edu,(988) 555-0184,962b3d379814434eda4d68929e907171,University of Florida,Gainesville,FL,29.6436,-82.3549,Lives at Home,Freshman,Nursing,Orlando,FL,28.5384,-81.3789,Single,FALSE,196
U0151,Penelope,Visser,Female,20,2006-04-28,penelope.visser105@example.edu,(429) 555-0164,a17d6ad5965783ea982e1c73e702b2cd,University of Washington,Seattle,WA,47.6553,-122.3035,Off-Campus Apartment,Freshman,Psychology,Bellevue,WA,47.6101,-122.2015,Single,TRUE,186
U0152,Jasmine,Gray,Female,23,2003-11-09,jasmine.gray988@example.edu,(573) 555-0140,83a7ec380fd5d819fcf2450f307d1a15,Penn State University,State College,PA,40.7982,-77.8599,University Apartment,Junior,Accounting,Erie,PA,42.1292,-80.0851,Single,TRUE,141
U0153,Andrew,Schmidt,Male,22,2004-03-26,andrew.schmidt329@example.edu,(467) 555-0195,4d8d67c41f01e07635fa2faebaf7c1bf,University of Texas at Austin,Austin,TX,30.2849,-97.7341,Off-Campus Apartment,Senior,Civil Engineering,Fort Worth,TX,32.7555,-97.3308,In a relationship,FALSE,163
U0154,Camille,Schmidt,Female,19,2007-11-25,camille.schmidt407@example.edu,(947) 555-0192,e571516495c0cc4122fcc15b52499365,New York University,New York,NY,40.7295,-73.9965,Off-Campus Apartment,Sophomore,Chemistry,Rochester,NY,43.1566,-77.6088,In a relationship,TRUE,128
U0155,Jamal,Wagner,Male,23,2003-04-20,jamal.wagner586@example.edu,(398) 555-0155,e11a88c527067cb8320ab63decce640e,UCLA,Los Angeles,CA,34.0689,-118.4452,Dorm / Residence Hall,Senior,Communications,San Jose,CA,37.3382,-121.8863,In a relationship,TRUE,322
U0156,Layla,Murphy,Female,20,2006-03-27,layla.murphy114@example.edu,(246) 555-0171,234985c5d041424c76af85420c573f71,University of Wisconsin-Madison,Madison,WI,43.0766,-89.4125,Dorm / Residence Hall,Sophomore,Business Administration,Milwaukee,WI,43.0389,-87.9065,In a relationship,FALSE,286
U0157,Wei,Cooper,Male,20,2006-11-23,wei.cooper262@example.edu,(826) 555-0177,1824e7a4c356e52188cde350d3e6c8e7,Ohio State University,Columbus,OH,40.0067,-83.0305,University Apartment,Junior,Information Systems,Denver,CO,39.7392,-104.9903,Single,FALSE,68
U0158,Ryan,Walsh,Male,21,2005-09-06,ryan.walsh429@example.edu,(686) 555-0140,a695cf5908ee8989e053fb99cdd0fdce,Ohio State University,Columbus,OH,40.0067,-83.0305,Dorm / Residence Hall,Sophomore,Finance,Cleveland,OH,41.4993,-81.6944,Single,TRUE,186
U0159,Mia,Ali,Female,18,2008-08-05,mia.ali617@example.edu,(790) 555-0108,917da83ff726161b05cc42ab9bb56608,New York University,New York,NY,40.7295,-73.9965,Off-Campus Apartment,Freshman,Mechanical Engineering,Omaha,NE,41.2565,-95.9345,In a relationship,TRUE,117
U0160,Audrey,Lopez,Female,19,2007-02-14,audrey.lopez213@example.edu,(632) 555-0140,75fa2da53fc0a37c1a8f0418a6e80b45,Arizona State University,Tempe,AZ,33.4242,-111.9281,Lives at Home,Sophomore,Biology,Scottsdale,AZ,33.4942,-111.9261,Single,TRUE,246
U0161,Joseph,Lee,Male,18,2008-06-15,joseph.lee457@example.edu,(339) 555-0191,150bc7caf2fc63521939c15a426efd7a,University of Alabama,Tuscaloosa,AL,33.214,-87.5391,Dorm / Residence Hall,Freshman,Mechanical Engineering,New Orleans,LA,29.9511,-90.0715,Single,FALSE,218
U0162,Malik,Clark,Male,21,2005-07-15,malik.clark863@example.edu,(636) 555-0144,6d86a2a1cee4bbfdcbd41f28195ac6cc,University of Georgia,Athens,GA,33.948,-83.3773,Dorm / Residence Hall,Junior,Electrical Engineering,Atlanta,GA,33.749,-84.388,Single,TRUE,104
U0163,Harper,Muller,Female,19,2007-02-02,harper.muller733@example.edu,(596) 555-0115,c496ed5b931d203223367e1bc143ccd0,University of Minnesota,Minneapolis,MN,44.974,-93.2277,Dorm / Residence Hall,Sophomore,Business Administration,Bloomington,MN,44.8408,-93.2983,In a relationship,TRUE,155
U0164,Alondra,Kaur,Female,18,2008-02-19,alondra.kaur130@example.edu,(223) 555-0111,ef516533edaaa215bb5a1586e232fb65,Florida State University,Tallahassee,FL,30.4419,-84.2985,University Apartment,Freshman,Psychology,Orlando,FL,28.5384,-81.3789,Single,TRUE,311
U0165,Aisha,Myers,Female,18,2008-06-18,aisha.myers94@example.edu,(319) 555-0173,61b8a5da4fe893666c89490c1a84cc2f,Arizona State University,Tempe,AZ,33.4242,-111.9281,Dorm / Residence Hall,Freshman,Communications,Denver,CO,39.7392,-104.9903,Single,FALSE,120
U0166,Stella,Li,Female,23,2003-06-11,stella.li722@example.edu,(252) 555-0150,d98d430792220d975a4e4bf8b8becbbc,Ohio State University,Columbus,OH,40.0067,-83.0305,Off-Campus Apartment,Graduate,Communications,New Orleans,LA,29.9511,-90.0715,In a relationship,TRUE,169
U0167,Jeremiah,Walker,Male,18,2008-01-07,jeremiah.walker66@example.edu,(274) 555-0169,553c4b9dc69ac2d211edd392739b3632,Florida State University,Tallahassee,FL,30.4419,-84.2985,Off-Campus Apartment,Freshman,Computer Science,Tampa,FL,27.9506,-82.4572,In a relationship,TRUE,129
U0168,Alondra,Pham,Female,19,2007-04-27,alondra.pham817@example.edu,(209) 555-0188,46441f5cc053e13f166e92acde0237c6,University of Texas at Austin,Austin,TX,30.2849,-97.7341,Off-Campus Apartment,Sophomore,Psychology,Dallas,TX,32.7767,-96.797,Single,TRUE,215
U0169,Addison,Visser,Female,20,2006-01-22,addison.visser131@example.edu,(237) 555-0181,941451aea5f7ceae22d788868b161f1b,University of Michigan,Ann Arbor,MI,42.278,-83.7382,Dorm / Residence Hall,Junior,Biology,Detroit,MI,42.3314,-83.0458,Single,TRUE,155
U0170,Grace,Choi,Female,23,2003-12-11,grace.choi273@example.edu,(890) 555-0119,ebe30a2ddfe59ff45500048e2f7cafe8,University of Alabama,Tuscaloosa,AL,33.214,-87.5391,Off-Campus Apartment,Senior,Psychology,Montgomery,AL,32.3668,-86.3,Single,TRUE,235
U0171,Noah,Mensah,Male,23,2003-04-12,noah.mensah273@example.edu,(386) 555-0149,6f3c53f8e47f4567ce92e74198513ebb,UCLA,Los Angeles,CA,34.0689,-118.4452,University Apartment,Graduate,Psychology,San Diego,CA,32.7157,-117.1611,In a relationship,TRUE,129
U0172,Logan,Parker,Male,21,2005-11-23,logan.parker204@example.edu,(325) 555-0125,892477631a2b118157dd17ddaac4aa25,Ohio State University,Columbus,OH,40.0067,-83.0305,Off-Campus Apartment,Senior,Communications,Denver,CO,39.7392,-104.9903,In a relationship,FALSE,317
U0173,Mateo,Mitchell,Male,20,2006-07-02,mateo.mitchell346@example.edu,(417) 555-0147,3a2d7b7b632a9d12989c35083b2dd664,University of Florida,Gainesville,FL,29.6436,-82.3549,Lives at Home,Freshman,Economics,Columbia,SC,34.0007,-81.0348,In a relationship,TRUE,356
U0174,Wei,Visser,Male,23,2003-08-21,wei.visser964@example.edu,(847) 555-0187,5a569e3b1c91dabb858473b406abd192,Penn State University,State College,PA,40.7982,-77.8599,Lives at Home,Graduate,Kinesiology,Pittsburgh,PA,40.4406,-79.9959,Single,TRUE,265
U0175,Asher,Kim,Male,24,2002-05-24,asher.kim811@example.edu,(513) 555-0178,5d256671ed5f11c79639504602531c02,University of Texas at Austin,Austin,TX,30.2849,-97.7341,Off-Campus Apartment,Graduate,Psychology,Nashville,TN,36.1627,-86.7816,Single,TRUE,240
U0176,Samuel,Park,Male,19,2007-03-02,samuel.park300@example.edu,(388) 555-0133,3ef8d66cf27aaeab3f2fa0003692e611,University of Wisconsin-Madison,Madison,WI,43.0766,-89.4125,Off-Campus Apartment,Freshman,Mechanical Engineering,Appleton,WI,44.2619,-88.4154,In a relationship,FALSE,189
U0177,Oliver,White,Male,20,2006-03-22,oliver.white60@example.edu,(650) 555-0192,fced68175321677b7282e2856a960ecb,UCLA,Los Angeles,CA,34.0689,-118.4452,University Apartment,Junior,Mechanical Engineering,San Jose,CA,37.3382,-121.8863,Single,FALSE,294
U0178,Darius,Ross,Male,21,2005-04-24,darius.ross208@example.edu,(497) 555-0137,b0b28bd98b6d06fcc695f52235f9de2d,University of Washington,Seattle,WA,47.6553,-122.3035,University Apartment,Senior,Computer Science,Indianapolis,IN,39.7684,-86.1581,In a relationship,TRUE,331
U0179,James,Lopez,Male,19,2007-04-23,james.lopez182@example.edu,(356) 555-0112,b294a242c3a1bd0b035cc8f06b70d8bd,University of Wisconsin-Madison,Madison,WI,43.0766,-89.4125,Dorm / Residence Hall,Sophomore,Sociology,Milwaukee,WI,43.0389,-87.9065,Single,TRUE,238
U0180,Leah,Roberts,Female,20,2006-02-01,leah.roberts277@example.edu,(451) 555-0167,ebf2ceb22405b5c4dc61b2091e4407e7,Texas A&M University,College Station,TX,30.6188,-96.3365,Off-Campus Apartment,Junior,Environmental Science,Dallas,TX,32.7767,-96.797,In a relationship,TRUE,488
U0181,Mohammed,Hill,Male,21,2005-12-27,mohammed.hill627@example.edu,(563) 555-0173,5fe451f2fc09c567a006391184260ce8,University of Florida,Gainesville,FL,29.6436,-82.3549,Dorm / Residence Hall,Senior,English,Orlando,FL,28.5384,-81.3789,In a relationship,TRUE,196
U0182,Noah,Hill,Male,23,2003-06-01,noah.hill738@example.edu,(600) 555-0197,1079431f61e684f8f1393a2a0e8e1470,Ohio State University,Columbus,OH,40.0067,-83.0305,Off-Campus Apartment,Graduate,Economics,Dayton,OH,39.7589,-84.1916,Single,FALSE,178
U0183,Roman,Anderson,Male,18,2008-03-22,roman.anderson952@example.edu,(935) 555-0199,755b5feeb429bd5010f20aefdc955433,University of Texas at Austin,Austin,TX,30.2849,-97.7341,Lives at Home,Freshman,Finance,Houston,TX,29.7604,-95.3698,Single,TRUE,302
U0184,Camille,Ali,Female,19,2007-06-06,camille.ali335@example.edu,(877) 555-0127,3a71918f351e2c13a00ddc26b0c86eb1,University of Michigan,Ann Arbor,MI,42.278,-83.7382,Greek Housing,Freshman,Music,Oklahoma City,OK,35.4676,-97.5164,In a relationship,FALSE,194
U0185,Abigail,Santos,Female,18,2008-10-17,abigail.santos831@example.edu,(302) 555-0134,62c63ec8c2589eac9d6b2b01b4afd575,Texas A&M University,College Station,TX,30.6188,-96.3365,Dorm / Residence Hall,Freshman,Undeclared,Portland,OR,45.5152,-122.6784,In a relationship,TRUE,205
U0186,Easton,Morales,Male,18,2008-10-02,easton.morales999@example.edu,(970) 555-0155,63a289c18f4440c582b2d03183d74a3b,University of Washington,Seattle,WA,47.6553,-122.3035,Off-Campus Apartment,Freshman,Psychology,Bellevue,WA,47.6101,-122.2015,In a relationship,FALSE,117
U0187,Ellie,Brooks,Female,21,2005-12-08,ellie.brooks767@example.edu,(665) 555-0117,faa65455bfe8bb0b2f90843f22123010,University of Wisconsin-Madison,Madison,WI,43.0766,-89.4125,Dorm / Residence Hall,Senior,History,Hartford,CT,41.7658,-72.6734,In a relationship,FALSE,160
U0188,Theodore,Le,Male,18,2008-10-02,theodore.le102@example.edu,(905) 555-0148,4f1480a644f1ea66f8e028631054194e,Ohio State University,Columbus,OH,40.0067,-83.0305,Off-Campus Apartment,Freshman,Biology,Toledo,OH,41.6528,-83.5379,In a relationship,TRUE,121
U0189,Jacob,Ross,Male,18,2008-10-22,jacob.ross596@example.edu,(294) 555-0121,130fc9929ee8663503b4f2e23b0ddc9e,University of Michigan,Ann Arbor,MI,42.278,-83.7382,Off-Campus Apartment,Freshman,Undeclared,Hartford,CT,41.7658,-72.6734,In a relationship,TRUE,145
U0190,Mohammed,Silva,Male,22,2004-07-01,mohammed.silva557@example.edu,(285) 555-0170,7217aac870443a70658a1a2b212816f1,Penn State University,State College,PA,40.7982,-77.8599,Lives at Home,Senior,Mechanical Engineering,Las Vegas,NV,36.1699,-115.1398,Single,TRUE,189
U0191,Harper,Rivera,Female,23,2003-06-19,harper.rivera118@example.edu,(233) 555-0107,03a824a2f7ba47e6fbaab0a721c4ce07,Ohio State University,Columbus,OH,40.0067,-83.0305,Dorm / Residence Hall,Senior,Finance,Toledo,OH,41.6528,-83.5379,Single,TRUE,101
U0192,Stella,Nguyen,Female,18,2008-05-26,stella.nguyen430@example.edu,(957) 555-0196,701eda26a6c611e287efceec6ff34ae7,University of Texas at Austin,Austin,TX,30.2849,-97.7341,Dorm / Residence Hall,Freshman,Communications,Plano,TX,33.0198,-96.6989,In a relationship,FALSE,342
U0193,Camille,Tran,Female,19,2007-11-25,camille.tran701@example.edu,(933) 555-0178,e1cbd1bda9b922dc8a6fd92a890f2595,University of Florida,Gainesville,FL,29.6436,-82.3549,Lives at Home,Freshman,Civil Engineering,Boise,ID,43.615,-116.2023,In a relationship,FALSE,279
U0194,Michael,Chavez,Male,18,2008-07-10,michael.chavez492@example.edu,(210) 555-0127,b5a6adbfa0bce3f47a0521f496e54444,University of Wisconsin-Madison,Madison,WI,43.0766,-89.4125,Dorm / Residence Hall,Freshman,Nursing,Milwaukee,WI,43.0389,-87.9065,Single,TRUE,217
U0195,Bella,Ortiz,Female,21,2005-11-25,bella.ortiz222@example.edu,(301) 555-0162,0ccd0be10a5f4fe09b439b5bc2104c9f,University of Texas at Austin,Austin,TX,30.2849,-97.7341,Lives at Home,Senior,Marketing,Houston,TX,29.7604,-95.3698,Single,FALSE,239
U0196,Chloe,Rossi,Female,18,2008-03-15,chloe.rossi180@example.edu,(859) 555-0118,62b7ac9180fc83fd76ad922795e7a523,University of Washington,Seattle,WA,47.6553,-122.3035,Dorm / Residence Hall,Freshman,Information Systems,Tacoma,WA,47.2529,-122.4443,Single,FALSE,100
U0197,Lucas,Allen,Male,22,2004-08-13,lucas.allen884@example.edu,(371) 555-0170,b0072918b9619039c7befdca8c8e0125,Arizona State University,Tempe,AZ,33.4242,-111.9281,Off-Campus Apartment,Senior,Political Science,Omaha,NE,41.2565,-95.9345,In a relationship,TRUE,122
U0198,Eleanor,Okafor,Female,22,2004-02-19,eleanor.okafor720@example.edu,(435) 555-0112,cda97778cfcb87a99099815589b5a81e,University of Michigan,Ann Arbor,MI,42.278,-83.7382,Dorm / Residence Hall,Sophomore,Information Systems,Detroit,MI,42.3314,-83.0458,Single,FALSE,60
U0199,Hudson,Ali,Male,21,2005-07-26,hudson.ali408@example.edu,(694) 555-0116,170f505f251e1240f23f17cc1ad1a4b8,University of Texas at Austin,Austin,TX,30.2849,-97.7341,Greek Housing,Senior,Economics,New Orleans,LA,29.9511,-90.0715,Single,TRUE,60
U0200,Casey,Choi,Non-binary,19,2007-10-09,casey.choi307@example.edu,(341) 555-0125,9468401a8a8c23eb015da7d925c055c0,Texas A&M University,College Station,TX,30.6188,-96.3365,Off-Campus Apartment,Freshman,Criminal Justice,Fort Worth,TX,32.7555,-97.3308,Single,FALSE,66
U0201,Evelyn,Ortiz,Female,21,2005-08-28,evelyn.ortiz301@example.edu,(428) 555-0158,6362565c973aa354a112bc1c4e7a646d,Arizona State University,Tempe,AZ,33.4242,-111.9281,Lives at Home,Senior,Information Systems,Phoenix,AZ,33.4484,-112.074,In a relationship,TRUE,158
U0202,Owen,Fraser,Male,22,2004-09-25,owen.fraser818@example.edu,(853) 555-0141,bcace63463186d8f6d08014a915de35e,University of Georgia,Athens,GA,33.948,-83.3773,University Apartment,Senior,History,Marietta,GA,33.9526,-84.5499,It's complicated,FALSE,285
U0203,Eli,Hoffman,Male,18,2008-01-13,eli.hoffman680@example.edu,(428) 555-0186,dbc43a41ad6e92d997b48f2a2bd6ec79,Arizona State University,Tempe,AZ,33.4242,-111.9281,University Apartment,Freshman,Psychology,New Orleans,LA,29.9511,-90.0715,In a relationship,FALSE,255
U0204,Audrey,Okafor,Female,20,2006-05-08,audrey.okafor44@example.edu,(561) 555-0145,aa8fc507fceb4c0aba23a3bc3d8c6201,University of Florida,Gainesville,FL,29.6436,-82.3549,Greek Housing,Freshman,Biology,Tampa,FL,27.9506,-82.4572,Single,TRUE,83
U0205,Samuel,Perez,Male,18,2008-01-01,samuel.perez51@example.edu,(869) 555-0184,9b8ae9a46f67369c529fd3e5f5d3a36d,Ohio State University,Columbus,OH,40.0067,-83.0305,Lives at Home,Freshman,Graphic Design,Dayton,OH,39.7589,-84.1916,In a relationship,TRUE,88
U0206,Sage,Thomas,Prefer not to say,19,2007-10-25,sage.thomas712@example.edu,(542) 555-0179,2dac6c39307a60640619384b5d3f3666,Arizona State University,Tempe,AZ,33.4242,-111.9281,Off-Campus Apartment,Sophomore,Public Health,St. Louis,MO,38.627,-90.1994,Single,FALSE,352
U0207,Luke,Fraser,Male,20,2006-09-13,luke.fraser676@example.edu,(656) 555-0168,8b91c0913c05f99db8c089d65d5b5e16,Arizona State University,Tempe,AZ,33.4242,-111.9281,Dorm / Residence Hall,Sophomore,Data Analytics,Phoenix,AZ,33.4484,-112.074,Prefer not to say,TRUE,137
U0208,Hannah,Wood,Female,21,2005-01-12,hannah.wood394@example.edu,(276) 555-0194,b25f345fd4dac1cd504b787aec0231c6,University of Texas at Austin,Austin,TX,30.2849,-97.7341,Dorm / Residence Hall,Senior,Data Analytics,Plano,TX,33.0198,-96.6989,Single,TRUE,112
U0209,Daniel,Le,Male,21,2005-07-01,daniel.le776@example.edu,(632) 555-0151,7eba0785a2a1cbb1bdaa97dffe087718,Florida State University,Tallahassee,FL,30.4419,-84.2985,Dorm / Residence Hall,Senior,Business Administration,Orlando,FL,28.5384,-81.3789,Single,FALSE,211
U0210,Miles,Long,Male,20,2006-03-09,miles.long637@example.edu,(927) 555-0120,7f03c5a8fb736f626d996bd252a8f01f,University of Texas at Austin,Austin,TX,30.2849,-97.7341,Off-Campus Apartment,Junior,Biology,Dallas,TX,32.7767,-96.797,In a relationship,TRUE,176
U0211,Jack,Brown,Male,21,2005-07-07,jack.brown650@example.edu,(614) 555-0133,57bca435daa9707c93e5b9f31b000efe,University of Wisconsin-Madison,Madison,WI,43.0766,-89.4125,Greek Housing,Senior,Sociology,Kenosha,WI,42.5847,-87.8212,In a relationship,TRUE,145
U0212,Andrew,Ward,Male,22,2004-10-18,andrew.ward26@example.edu,(972) 555-0186,7f71a4a6ee42585380b87364e4563215,New York University,New York,NY,40.7295,-73.9965,Off-Campus Apartment,Junior,Marketing,Salt Lake City,UT,40.7608,-111.891,In a relationship,TRUE,196
U0213,Quinn,Bailey,Non-binary,21,2005-11-19,quinn.bailey844@example.edu,(822) 555-0160,72c9a5aef8d32b2743dbfb5dcd33d2c9,Ohio State University,Columbus,OH,40.0067,-83.0305,University Apartment,Senior,Education,Nashville,TN,36.1627,-86.7816,Single,TRUE,318
U0214,Kennedy,Roberts,Female,21,2005-03-27,kennedy.roberts381@example.edu,(295) 555-0167,a577bf3b44e2264ecc80b77dd5418c1f,Penn State University,State College,PA,40.7982,-77.8599,Greek Housing,Senior,Music,Philadelphia,PA,39.9526,-75.1652,Single,FALSE,91
U0215,Elijah,Bennett,Male,21,2005-09-04,elijah.bennett868@example.edu,(872) 555-0197,93a3713872bf2c9835d791ec66099dde,University of Michigan,Ann Arbor,MI,42.278,-83.7382,Greek Housing,Senior,Psychology,Troy,MI,42.6064,-83.1498,Single,TRUE,152
U0216,Maya,Parker,Female,24,2002-08-07,maya.parker890@example.edu,(322) 555-0145,81cbaa85b60e6e7093dcbd088ccafb97,UCLA,Los Angeles,CA,34.0689,-118.4452,Off-Campus Apartment,Graduate,Kinesiology,Sacramento,CA,38.5816,-121.4944,In a relationship,TRUE,123
U0217,Allison,Young,Female,20,2006-07-14,allison.young321@example.edu,(965) 555-0150,8ab693e16515e4d37d1ec815b263aa2b,Florida State University,Tallahassee,FL,30.4419,-84.2985,Dorm / Residence Hall,Junior,Music,Orlando,FL,28.5384,-81.3789,Single,FALSE,70
U0218,Emily,Robinson,Female,20,2006-08-17,emily.robinson219@example.edu,(266) 555-0117,222ce5b374e9430828cb8fb8683e08e4,University of Georgia,Athens,GA,33.948,-83.3773,Dorm / Residence Hall,Sophomore,Mathematics,Marietta,GA,33.9526,-84.5499,Prefer not to say,TRUE,107
U0219,Taylor,Mitchell,Non-binary,21,2005-07-05,taylor.mitchell871@example.edu,(278) 555-0114,883617b74635ad96b3f4212aa4539599,Arizona State University,Tempe,AZ,33.4242,-111.9281,Dorm / Residence Hall,Senior,Public Health,Phoenix,AZ,33.4484,-112.074,Single,FALSE,167
U0220,Cooper,Lindberg,Male,24,2002-03-10,cooper.lindberg506@example.edu,(807) 555-0119,eb24ee8102a7326d99d2614c5d4a3f35,University of Texas at Austin,Austin,TX,30.2849,-97.7341,Off-Campus Apartment,Graduate,Computer Science,Salt Lake City,UT,40.7608,-111.891,Single,FALSE,70
U0221,Savannah,Foster,Female,21,2005-02-20,savannah.foster422@example.edu,(899) 555-0170,deceb939266dd4c84b2786bb1ce347bc,Florida State University,Tallahassee,FL,30.4419,-84.2985,Dorm / Residence Hall,Senior,Biology,Chicago,IL,41.8781,-87.6298,It's complicated,FALSE,232
U0222,Mei,Virtanen,Female,21,2005-02-04,mei.virtanen325@example.edu,(340) 555-0162,3c5fc1a0b4ddb77a57115e54ba881f96,University of Michigan,Ann Arbor,MI,42.278,-83.7382,Dorm / Residence Hall,Senior,Journalism,Lansing,MI,42.7325,-84.5555,Prefer not to say,FALSE,352
U0223,Fatima,Torres,Female,18,2008-04-17,fatima.torres144@example.edu,(435) 555-0118,9a1f58fc5fb9e94c74e3b597c89a6cf1,University of Washington,Seattle,WA,47.6553,-122.3035,Dorm / Residence Hall,Freshman,Kinesiology,Tacoma,WA,47.2529,-122.4443,In a relationship,FALSE,227
U0224,Jaxon,Ivanov,Male,21,2005-01-18,jaxon.ivanov855@example.edu,(630) 555-0177,2b9ce5cf080c29bc0e6d1e9a1b51aac4,UCLA,Los Angeles,CA,34.0689,-118.4452,Off-Campus Apartment,Junior,Civil Engineering,San Diego,CA,32.7157,-117.1611,It's complicated,TRUE,115
U0225,Chloe,White,Female,20,2006-05-06,chloe.white310@example.edu,(290) 555-0152,4b8d612fdeb355c61ff27b494449db42,Arizona State University,Tempe,AZ,33.4242,-111.9281,Lives at Home,Junior,Finance,Chicago,IL,41.8781,-87.6298,Single,TRUE,149
U0226,Tariq,Thomas,Male,18,2008-11-04,tariq.thomas25@example.edu,(596) 555-0180,ec63062aded78cb8815805fc651853a2,University of Florida,Gainesville,FL,29.6436,-82.3549,Off-Campus Apartment,Freshman,English,Jacksonville,FL,30.3322,-81.6557,Single,TRUE,146
U0227,Anthony,Johnson,Male,23,2003-10-14,anthony.johnson880@example.edu,(313) 555-0118,aeeaec10994d013f76193aa68f91f05e,University of Florida,Gainesville,FL,29.6436,-82.3549,Off-Campus Apartment,Graduate,English,Tampa,FL,27.9506,-82.4572,Single,FALSE,194
U0228,Andrew,Murray,Male,22,2004-12-07,andrew.murray622@example.edu,(493) 555-0155,607ec235b6b87886fbcc247aed16cb03,University of Florida,Gainesville,FL,29.6436,-82.3549,Off-Campus Apartment,Senior,Mathematics,New Orleans,LA,29.9511,-90.0715,Single,FALSE,364
U0229,Elijah,Bennett,Male,23,2003-06-07,elijah.bennett603@example.edu,(557) 555-0154,f43f41f42c2de28b4ac4c92a7253e8cc,Texas A&M University,College Station,TX,30.6188,-96.3365,University Apartment,Graduate,Marketing,Houston,TX,29.7604,-95.3698,It's complicated,FALSE,223
U0230,Luna,Papadopoulos,Female,20,2006-07-12,luna.papadopoulos413@example.edu,(989) 555-0158,2dfa3708bee045ba86b89c812c02673f,University of Washington,Seattle,WA,47.6553,-122.3035,Dorm / Residence Hall,Junior,Mechanical Engineering,Vancouver,WA,45.6387,-122.6615,In a relationship,TRUE,291
U0231,Everly,Ortiz,Female,21,2005-03-24,everly.ortiz41@example.edu,(236) 555-0188,c0ec110ade9dd38079cdd625bf560898,University of Georgia,Athens,GA,33.948,-83.3773,Off-Campus Apartment,Senior,Mathematics,Atlanta,GA,33.749,-84.388,In a relationship,FALSE,100
U0232,Savannah,Alvarez,Female,21,2005-02-13,savannah.alvarez522@example.edu,(708) 555-0161,042f113009f74acd7985e70648b0354a,University of Wisconsin-Madison,Madison,WI,43.0766,-89.4125,University Apartment,Junior,Communications,Milwaukee,WI,43.0389,-87.9065,In a relationship,TRUE,292
U0233,Destiny,Hughes,Female,23,2003-11-08,destiny.hughes201@example.edu,(219) 555-0115,e3a2abcd096c970d8d9afcc39ef5e598,Arizona State University,Tempe,AZ,33.4242,-111.9281,University Apartment,Junior,Psychology,Richmond,VA,37.5407,-77.436,Single,FALSE,263
U0234,Gabriel,Morales,Male,19,2007-07-25,gabriel.morales308@example.edu,(450) 555-0193,3979fa20c82aba65b7d1f56d5a94b1e0,University of Wisconsin-Madison,Madison,WI,43.0766,-89.4125,Off-Campus Apartment,Freshman,Mechanical Engineering,Kenosha,WI,42.5847,-87.8212,Prefer not to say,FALSE,151
U0235,Marcus,Lee,Male,20,2006-02-16,marcus.lee849@example.edu,(567) 555-0140,7bd87a15bb19d2b4ca7edcceaa7ccd4a,Arizona State University,Tempe,AZ,33.4242,-111.9281,Dorm / Residence Hall,Junior,Public Health,Boise,ID,43.615,-116.2023,Single,TRUE,201
U0236,Jack,Novak,Male,20,2006-11-04,jack.novak599@example.edu,(318) 555-0186,1e24976c554bbc5efd0af16fc3b6320d,Texas A&M University,College Station,TX,30.6188,-96.3365,Off-Campus Apartment,Junior,Journalism,Plano,TX,33.0198,-96.6989,In a relationship,FALSE,131
U0237,Evelyn,Gonzalez,Female,23,2003-04-08,evelyn.gonzalez318@example.edu,(364) 555-0119,86f4377eaeb8219b0a448637ed5cabe1,Texas A&M University,College Station,TX,30.6188,-96.3365,Off-Campus Apartment,Graduate,Business Administration,El Paso,TX,31.7619,-106.485,In a relationship,TRUE,252
U0238,Omar,Kelly,Male,23,2003-05-10,omar.kelly507@example.edu,(635) 555-0126,2e993109393fffaae601c0008b310a34,UCLA,Los Angeles,CA,34.0689,-118.4452,Dorm / Residence Hall,Senior,Criminal Justice,Kansas City,MO,39.0997,-94.5786,Single,TRUE,345
U0239,Jamal,Clark,Male,24,2002-01-14,jamal.clark417@example.edu,(450) 555-0112,25d98d9f4b389634341a278961895754,Ohio State University,Columbus,OH,40.0067,-83.0305,Off-Campus Apartment,Graduate,Electrical Engineering,Dayton,OH,39.7589,-84.1916,Single,TRUE,82
U0240,Elizabeth,Campbell,Female,21,2005-01-04,elizabeth.campbell367@example.edu,(465) 555-0112,a3b18d5a3b8fdecf4d57b24a375a162d,University of Washington,Seattle,WA,47.6553,-122.3035,Greek Housing,Senior,English,Bellevue,WA,47.6101,-122.2015,It's complicated,TRUE,227
U0241,Colton,Kaur,Male,23,2003-07-09,colton.kaur106@example.edu,(517) 555-0163,0abe9529ccb8551e31d251a3276b4c49,Ohio State University,Columbus,OH,40.0067,-83.0305,Off-Campus Apartment,Senior,Marketing,Las Vegas,NV,36.1699,-115.1398,In a relationship,TRUE,238
U0242,Madelyn,Williams,Female,19,2007-10-28,madelyn.williams331@example.edu,(816) 555-0112,831308c401f6ea54c8ebf3a82d512f61,University of Alabama,Tuscaloosa,AL,33.214,-87.5391,Off-Campus Apartment,Sophomore,History,Huntsville,AL,34.7304,-86.5861,Single,FALSE,169
U0243,Dylan,Okafor,Male,20,2006-03-11,dylan.okafor552@example.edu,(532) 555-0190,6429e542d6131c731f8866ae27eb2930,Ohio State University,Columbus,OH,40.0067,-83.0305,Off-Campus Apartment,Freshman,Electrical Engineering,Louisville,KY,38.2527,-85.7585,Single,TRUE,128
U0244,Alondra,Price,Female,21,2005-08-26,alondra.price986@example.edu,(972) 555-0130,186fd76c128c2a2817dd8981ab582e38,Texas A&M University,College Station,TX,30.6188,-96.3365,Off-Campus Apartment,Senior,Finance,Chicago,IL,41.8781,-87.6298,Single,FALSE,227
U0245,Josiah,Andersen,Male,24,2002-01-24,josiah.andersen352@example.edu,(815) 555-0175,4cc03681e64f6a95f390fb4426bcb73c,University of Florida,Gainesville,FL,29.6436,-82.3549,Off-Campus Apartment,Graduate,Communications,Jacksonville,FL,30.3322,-81.6557,In a relationship,FALSE,246
U0246,Jin,Martin,Male,25,2001-09-13,jin.martin386@example.edu,(672) 555-0144,13fc1b247cc4a58729afa0aac3a9e089,University of Florida,Gainesville,FL,29.6436,-82.3549,Off-Campus Apartment,Graduate,Public Health,Charlotte,NC,35.2271,-80.8431,In a relationship,FALSE,393
U0247,Amelia,Weber,Female,20,2006-05-05,amelia.weber145@example.edu,(628) 555-0164,9d75c41996e6fa5d7206230e02ed6a67,UCLA,Los Angeles,CA,34.0689,-118.4452,Dorm / Residence Hall,Junior,Music,Irvine,CA,33.6846,-117.8265,Single,TRUE,145
U0248,Joshua,Allen,Male,23,2003-10-01,joshua.allen570@example.edu,(592) 555-0101,6e943e20971705a94426c5fd9cd4ae54,University of Minnesota,Minneapolis,MN,44.974,-93.2277,Off-Campus Apartment,Graduate,Music,Indianapolis,IN,39.7684,-86.1581,Single,TRUE,271
U0249,Emilia,Visser,Female,20,2006-04-12,emilia.visser331@example.edu,(553) 555-0187,d8b5b532fcbd20b74d04586fc1d17926,Arizona State University,Tempe,AZ,33.4242,-111.9281,Dorm / Residence Hall,Junior,Accounting,Scottsdale,AZ,33.4942,-111.9261,In a relationship,TRUE,1033
U0250,Destiny,Clark,Female,23,2003-05-14,destiny.clark914@example.edu,(603) 555-0105,66e306fdc1dda4c65e1865f81fd6fdb2,University of Minnesota,Minneapolis,MN,44.974,-93.2277,Off-Campus Apartment,Graduate,Education,Rochester,MN,44.0121,-92.4802,In a relationship,FALSE,352
U0251,Lincoln,Cruz,Male,23,2003-08-22,lincoln.cruz820@example.edu,(778) 555-0122,8b60d80763d29509f433243682d2a39f,University of Georgia,Athens,GA,33.948,-83.3773,University Apartment,Graduate,Sociology,Augusta,GA,33.4735,-82.0105,Single,FALSE,322
U0252,Aaron,Morales,Male,23,2003-06-23,aaron.morales531@example.edu,(930) 555-0127,85619fd67d54f3d5f48b969cea49bf27,Texas A&M University,College Station,TX,30.6188,-96.3365,Off-Campus Apartment,Graduate,Information Systems,Houston,TX,29.7604,-95.3698,Single,FALSE,295
U0253,Sophia,Fraser,Female,19,2007-03-22,sophia.fraser830@example.edu,(806) 555-0133,4e3184a2283c9bcb148bf74116850cb1,Florida State University,Tallahassee,FL,30.4419,-84.2985,Greek Housing,Freshman,Criminal Justice,Newark,NJ,40.7357,-74.1724,Single,TRUE,106
U0254,Arjun,Taylor,Male,20,2006-02-16,arjun.taylor575@example.edu,(251) 555-0184,5dbf2d4b4da309e55277de3b42731869,University of Michigan,Ann Arbor,MI,42.278,-83.7382,Off-Campus Apartment,Junior,Computer Science,Troy,MI,42.6064,-83.1498,Single,FALSE,308
U0255,Grace,Ruiz,Female,19,2007-12-03,grace.ruiz155@example.edu,(757) 555-0131,14b7467951b0380e5312e83bfc38c79f,Texas A&M University,College Station,TX,30.6188,-96.3365,Off-Campus Apartment,Freshman,Nursing,Nashville,TN,36.1627,-86.7816,Prefer not to say,FALSE,245
U0256,Isaac,Rossi,Male,19,2007-02-02,isaac.rossi402@example.edu,(515) 555-0157,e4c91d061da5c3eb50becdb4d603ee5b,University of Georgia,Athens,GA,33.948,-83.3773,Off-Campus Apartment,Sophomore,Communications,Newark,NJ,40.7357,-74.1724,Single,TRUE,170
U0257,Asher,Ramirez,Male,18,2008-09-26,asher.ramirez987@example.edu,(519) 555-0118,e431ff6e1086ce42a9cf72587848dbea,Ohio State University,Columbus,OH,40.0067,-83.0305,Dorm / Residence Hall,Freshman,Data Analytics,Dayton,OH,39.7589,-84.1916,Single,TRUE,137
U0258,Nia,Okafor,Female,19,2007-01-08,nia.okafor548@example.edu,(986) 555-0143,d9d321d387d609cf6cdd4a0722486b22,University of Minnesota,Minneapolis,MN,44.974,-93.2277,Off-Campus Apartment,Sophomore,Computer Science,Bloomington,MN,44.8408,-93.2983,Prefer not to say,FALSE,214
U0259,Mohammed,Osei,Male,21,2005-07-23,mohammed.osei305@example.edu,(396) 555-0181,11fcfc9021bbcd90a3f3027b8baf45e5,UCLA,Los Angeles,CA,34.0689,-118.4452,Off-Campus Apartment,Sophomore,Computer Science,San Jose,CA,37.3382,-121.8863,In a relationship,TRUE,170
U0260,Madison,Torres,Female,20,2006-01-23,madison.torres863@example.edu,(665) 555-0152,c6c2b7b5c16dba4aee06a12af10c2d38,New York University,New York,NY,40.7295,-73.9965,University Apartment,Junior,Business Administration,Rochester,NY,43.1566,-77.6088,In a relationship,FALSE,171
U0261,Leah,Singh,Female,19,2007-10-06,leah.singh135@example.edu,(529) 555-0129,7dfdae7d3abe38e92efcf7f587614591,University of Florida,Gainesville,FL,29.6436,-82.3549,University Apartment,Sophomore,Information Systems,Miami,FL,25.7617,-80.1918,Single,TRUE,417
U0262,Destiny,Green,Female,22,2004-09-04,destiny.green459@example.edu,(359) 555-0180,6f753b30ca38fe636bc4b5344107a6af,Arizona State University,Tempe,AZ,33.4242,-111.9281,Dorm / Residence Hall,Senior,Nursing,Las Vegas,NV,36.1699,-115.1398,In a relationship,TRUE,195
U0263,Andrew,Silva,Male,19,2007-03-10,andrew.silva208@example.edu,(489) 555-0131,8282d60e65242c34d6c78ca4faf52c51,University of Florida,Gainesville,FL,29.6436,-82.3549,Greek Housing,Sophomore,Data Analytics,Miami,FL,25.7617,-80.1918,Single,TRUE,126
U0264,Jacob,Becker,Male,18,2008-11-13,jacob.becker807@example.edu,(325) 555-0177,abd3f47ce7c3b1a30e852a5c980489cf,Arizona State University,Tempe,AZ,33.4242,-111.9281,Off-Campus Apartment,Freshman,Accounting,New Orleans,LA,29.9511,-90.0715,In a relationship,FALSE,183
U0265,Lillian,Thompson,Female,19,2007-05-03,lillian.thompson172@example.edu,(637) 555-0197,519bcb9c082cf1b040147f5c3e50df52,Ohio State University,Columbus,OH,40.0067,-83.0305,Off-Campus Apartment,Freshman,Undeclared,Cincinnati,OH,39.1031,-84.512,Single,TRUE,229
U0266,Bella,Lewis,Female,24,2002-11-27,bella.lewis222@example.edu,(782) 555-0138,bc5c0654a0736081aca70a603fd12816,Florida State University,Tallahassee,FL,30.4419,-84.2985,Off-Campus Apartment,Graduate,Accounting,Jacksonville,FL,30.3322,-81.6557,Single,FALSE,109
U0267,Liam,Gonzalez,Male,21,2005-03-21,liam.gonzalez682@example.edu,(585) 555-0173,ddc81a23144c8a7c821e7d7978f752cb,UCLA,Los Angeles,CA,34.0689,-118.4452,Greek Housing,Senior,Political Science,San Jose,CA,37.3382,-121.8863,Single,FALSE,1039
U0268,Naomi,Rogers,Female,19,2007-01-11,naomi.rogers325@example.edu,(920) 555-0144,8b8e49de98b9a3b3fc0bc811452d3f6f,Penn State University,State College,PA,40.7982,-77.8599,Off-Campus Apartment,Freshman,Education,Allentown,PA,40.6084,-75.4902,Single,FALSE,469
U0269,Owen,Lewis,Male,18,2008-12-17,owen.lewis236@example.edu,(934) 555-0154,0c59bfcccae5a45e85445ff52d72b4e3,University of Georgia,Athens,GA,33.948,-83.3773,Greek Housing,Freshman,Civil Engineering,Augusta,GA,33.4735,-82.0105,Prefer not to say,FALSE,155
U0270,Emma,Kowalski,Female,18,2008-06-01,emma.kowalski988@example.edu,(618) 555-0178,fb4f226d3e3b32dde0b3dc8af7f4d917,Texas A&M University,College Station,TX,30.6188,-96.3365,Off-Campus Apartment,Freshman,Kinesiology,El Paso,TX,31.7619,-106.485,Single,TRUE,137
U0271,Hazel,Wood,Female,22,2004-02-13,hazel.wood992@example.edu,(744) 555-0173,bc3ca05cbc6856d458db347ef129c651,Ohio State University,Columbus,OH,40.0067,-83.0305,Lives at Home,Senior,Finance,Dayton,OH,39.7589,-84.1916,Single,FALSE,289
U0272,Simone,Wilson,Female,21,2005-10-14,simone.wilson520@example.edu,(975) 555-0128,d343eede314d6ce7fb36f017d46778db,University of Florida,Gainesville,FL,29.6436,-82.3549,Off-Campus Apartment,Junior,Music,Omaha,NE,41.2565,-95.9345,Single,TRUE,228
U0273,Paisley,Clark,Female,23,2003-03-18,paisley.clark374@example.edu,(596) 555-0137,4c72fb5d5b5d71327e275fe43bc53243,Arizona State University,Tempe,AZ,33.4242,-111.9281,Off-Campus Apartment,Graduate,Computer Science,Phoenix,AZ,33.4484,-112.074,In a relationship,FALSE,138
U0274,Owen,Le,Male,23,2003-05-09,owen.le141@example.edu,(959) 555-0134,2b1bacdb05157ecf24b46f562aa0a93a,Florida State University,Tallahassee,FL,30.4419,-84.2985,Off-Campus Apartment,Graduate,Information Systems,Tampa,FL,27.9506,-82.4572,In a relationship,TRUE,300
U0275,Tariq,Wang,Male,21,2005-06-06,tariq.wang742@example.edu,(257) 555-0160,6506bbe3289d61b20498d7df1350202d,Ohio State University,Columbus,OH,40.0067,-83.0305,Dorm / Residence Hall,Junior,English,Cleveland,OH,41.4993,-81.6944,In a relationship,TRUE,134
U0276,Ezra,Murray,Male,22,2004-08-10,ezra.murray534@example.edu,(506) 555-0178,cd1be773997480ed211d80715fdbebe4,Arizona State University,Tempe,AZ,33.4242,-111.9281,Off-Campus Apartment,Senior,Criminal Justice,Mesa,AZ,33.4152,-111.8315,Single,TRUE,122
U0277,Allison,Clark,Female,20,2006-05-22,allison.clark83@example.edu,(469) 555-0155,36bce27e31467f3fd866e6028696e975,University of Georgia,Athens,GA,33.948,-83.3773,Dorm / Residence Hall,Junior,Business Administration,Kansas City,MO,39.0997,-94.5786,Single,TRUE,179
U0278,Jack,Reed,Male,20,2006-06-14,jack.reed134@example.edu,(841) 555-0109,8a179f8b745da853e833ae1ec3750d5b,University of Texas at Austin,Austin,TX,30.2849,-97.7341,Off-Campus Apartment,Sophomore,Biology,Houston,TX,29.7604,-95.3698,In a relationship,TRUE,200
U0279,Naomi,Hall,Female,19,2007-08-16,naomi.hall261@example.edu,(539) 555-0127,7eca435bfb81ba950dd67c3fda8a7f78,Arizona State University,Tempe,AZ,33.4242,-111.9281,Off-Campus Apartment,Freshman,Marketing,Denver,CO,39.7392,-104.9903,In a relationship,TRUE,233
U0280,Willow,Pham,Female,20,2006-09-25,willow.pham970@example.edu,(320) 555-0146,88dbbc7178a79af79a69cbc69e26a057,New York University,New York,NY,40.7295,-73.9965,Dorm / Residence Hall,Junior,English,Brooklyn,NY,40.6782,-73.9442,Single,TRUE,71
U0281,Penelope,Price,Female,20,2006-10-02,penelope.price623@example.edu,(459) 555-0111,5d76bdc69d723164e7487e864e9b53fb,University of Washington,Seattle,WA,47.6553,-122.3035,Lives at Home,Junior,Psychology,Vancouver,WA,45.6387,-122.6615,Single,FALSE,157
U0282,Aubrey,Flores,Female,20,2006-08-05,aubrey.flores121@example.edu,(604) 555-0103,50d340452f62f59ec30ff5a5a2cf6e13,University of Texas at Austin,Austin,TX,30.2849,-97.7341,Off-Campus Apartment,Sophomore,History,Indianapolis,IN,39.7684,-86.1581,In a relationship,FALSE,505
U0283,Zoey,Becker,Female,18,2008-04-14,zoey.becker424@example.edu,(632) 555-0135,4885c2923dbdf5c5e5a5e336018352ea,Texas A&M University,College Station,TX,30.6188,-96.3365,Greek Housing,Freshman,Data Analytics,San Antonio,TX,29.4241,-98.4936,Single,FALSE,372
U0284,Lucy,Anderson,Female,23,2003-11-21,lucy.anderson199@example.edu,(465) 555-0103,7e96d8a32548302a16ccb4458e4f7861,Florida State University,Tallahassee,FL,30.4419,-84.2985,Off-Campus Apartment,Graduate,Accounting,Richmond,VA,37.5407,-77.436,It's complicated,TRUE,134
U0285,Malik,Morales,Male,19,2007-03-26,malik.morales207@example.edu,(856) 555-0127,137b7d072446175d36f72295e84f1547,New York University,New York,NY,40.7295,-73.9965,Off-Campus Apartment,Sophomore,Information Systems,Hartford,CT,41.7658,-72.6734,Prefer not to say,FALSE,583
U0286,Olivia,Carter,Female,22,2004-01-27,olivia.carter458@example.edu,(248) 555-0131,9a6367e7e33e5cd7ffb02664890138f4,UCLA,Los Angeles,CA,34.0689,-118.4452,Greek Housing,Senior,Information Systems,San Diego,CA,32.7157,-117.1611,Single,TRUE,222
U0287,Luna,Allen,Female,19,2007-08-25,luna.allen64@example.edu,(938) 555-0145,b31966306d3da283c5c5d3487b859c95,Arizona State University,Tempe,AZ,33.4242,-111.9281,University Apartment,Sophomore,History,Phoenix,AZ,33.4484,-112.074,In a relationship,FALSE,60
U0288,Luca,Wagner,Male,19,2007-12-05,luca.wagner227@example.edu,(818) 555-0158,dde739406444ceaf2f0252b8863adb4f,University of Georgia,Athens,GA,33.948,-83.3773,Off-Campus Apartment,Sophomore,Education,Atlanta,GA,33.749,-84.388,Single,FALSE,215
U0289,Priya,Osei,Female,19,2007-02-14,priya.osei595@example.edu,(327) 555-0104,c7b1c023f87d0e425ac94de720cfdd9b,Arizona State University,Tempe,AZ,33.4242,-111.9281,Dorm / Residence Hall,Sophomore,Education,Phoenix,AZ,33.4484,-112.074,Single,TRUE,217
U0290,Everly,Rivera,Female,23,2003-02-22,everly.rivera517@example.edu,(663) 555-0108,4a6a4d1319f02c6bb5e92cd231b12c20,University of Florida,Gainesville,FL,29.6436,-82.3549,Off-Campus Apartment,Graduate,Business Administration,Orlando,FL,28.5384,-81.3789,Single,FALSE,189
U0291,Madelyn,Johnson,Female,21,2005-10-05,madelyn.johnson770@example.edu,(772) 555-0191,6cdcd7f2944b75980575d2b67b1fe8ce,Penn State University,State College,PA,40.7982,-77.8599,University Apartment,Junior,Sociology,Pittsburgh,PA,40.4406,-79.9959,In a relationship,FALSE,233
U0292,Luna,Li,Female,22,2004-12-18,luna.li860@example.edu,(244) 555-0169,28d203d9379fefbc8d82fc745a0d9ce7,UCLA,Los Angeles,CA,34.0689,-118.4452,Off-Campus Apartment,Senior,Graphic Design,Fresno,CA,36.7378,-119.7871,In a relationship,TRUE,211
U0293,Brooklyn,Patel,Female,20,2006-12-16,brooklyn.patel65@example.edu,(573) 555-0163,2043b9a6adf8b73d46cd3f79e3f2780a,University of Wisconsin-Madison,Madison,WI,43.0766,-89.4125,Dorm / Residence Hall,Sophomore,Sociology,Green Bay,WI,44.5133,-88.0133,Single,TRUE,268
U0294,Sage,Santos,Non-binary,21,2005-07-26,sage.santos485@example.edu,(663) 555-0136,313b4e5b97c31dfcc6c2d4bb1802dc79,University of Texas at Austin,Austin,TX,30.2849,-97.7341,University Apartment,Junior,Accounting,El Paso,TX,31.7619,-106.485,In a relationship,TRUE,381
U0295,Addison,Collins,Female,19,2007-05-26,addison.collins863@example.edu,(831) 555-0159,eeeff81dcb68b791ab9c4e4555cf9f8c,Penn State University,State College,PA,40.7982,-77.8599,Dorm / Residence Hall,Sophomore,Business Administration,Erie,PA,42.1292,-80.0851,Single,FALSE,248
U0296,Ellie,Hansen,Female,19,2007-03-07,ellie.hansen349@example.edu,(734) 555-0193,aaa902e9a6cdf2648f9cd53c3d8c4061,Texas A&M University,College Station,TX,30.6188,-96.3365,University Apartment,Sophomore,Computer Science,Indianapolis,IN,39.7684,-86.1581,Single,FALSE,225
U0297,Finley,Janssen,Non-binary,23,2003-08-08,finley.janssen466@example.edu,(828) 555-0173,ea9f2791a3a77965530a65630f474f6d,Penn State University,State College,PA,40.7982,-77.8599,Off-Campus Apartment,Graduate,Communications,Salt Lake City,UT,40.7608,-111.891,Single,FALSE,185
U0298,Lily,Novak,Female,22,2004-12-03,lily.novak282@example.edu,(654) 555-0132,38b81f0ebaa0499c47a3869f1d8cbdb5,University of Florida,Gainesville,FL,29.6436,-82.3549,Off-Campus Apartment,Junior,Chemistry,Louisville,KY,38.2527,-85.7585,Single,TRUE,266
U0299,Raj,Wood,Male,18,2008-09-09,raj.wood208@example.edu,(731) 555-0125,409faa02d494b80c3b9d959798eeedf3,Penn State University,State College,PA,40.7982,-77.8599,University Apartment,Freshman,Electrical Engineering,Erie,PA,42.1292,-80.0851,Single,FALSE,182
U0300,Lucy,Ali,Female,19,2007-06-05,lucy.ali128@example.edu,(962) 555-0146,f2412248abf4f926d3503df77b6f2515,Florida State University,Tallahassee,FL,30.4419,-84.2985,University Apartment,Freshman,Nursing,Miami,FL,25.7617,-80.1918,It's complicated,TRUE,846
U0301,Skylar,Wagner,Female,22,2004-02-11,skylar.wagner55@example.edu,(726) 555-0115,dadf10161a8613c1837d951919f78cea,University of Minnesota,Minneapolis,MN,44.974,-93.2277,Greek Housing,Senior,Kinesiology,Rochester,MN,44.0121,-92.4802,Single,TRUE,506
U0302,Lillian,Patel,Female,24,2002-04-09,lillian.patel58@example.edu,(548) 555-0136,f68649f5c818f14c2037c21db803c030,University of Michigan,Ann Arbor,MI,42.278,-83.7382,Off-Campus Apartment,Graduate,Sociology,Denver,CO,39.7392,-104.9903,In a relationship,FALSE,149
U0303,Hannah,Cooper,Female,24,2002-12-01,hannah.cooper191@example.edu,(502) 555-0123,c0ab973108404382811a8817f9c4a20f,Penn State University,State College,PA,40.7982,-77.8599,Off-Campus Apartment,Graduate,Public Health,Philadelphia,PA,39.9526,-75.1652,Single,FALSE,160
U0304,Camille,Smith,Female,18,2008-02-28,camille.smith668@example.edu,(635) 555-0133,c4b2a24d731104894418f57f1be13e5a,University of Washington,Seattle,WA,47.6553,-122.3035,Lives at Home,Freshman,Political Science,Newark,NJ,40.7357,-74.1724,In a relationship,FALSE,100
U0305,Nora,Hernandez,Female,19,2007-03-05,nora.hernandez295@example.edu,(548) 555-0125,ebcf9ff7a36e3a3ca60dcf96c6bea29b,University of Michigan,Ann Arbor,MI,42.278,-83.7382,Dorm / Residence Hall,Sophomore,English,Troy,MI,42.6064,-83.1498,Single,FALSE,114
U0306,Wyatt,Tran,Male,18,2008-06-16,wyatt.tran199@example.edu,(677) 555-0189,a6305d23c23eb9e80821832e3fe61044,University of Washington,Seattle,WA,47.6553,-122.3035,Dorm / Residence Hall,Freshman,Chemistry,Bellevue,WA,47.6101,-122.2015,Single,FALSE,140
U0307,Finley,Foster,Non-binary,22,2004-02-04,finley.foster758@example.edu,(321) 555-0103,36671fec5a84b1b78465e5b047920ecb,Penn State University,State College,PA,40.7982,-77.8599,University Apartment,Senior,Electrical Engineering,Philadelphia,PA,39.9526,-75.1652,In a relationship,FALSE,341
U0308,Dylan,Andersen,Male,19,2007-06-13,dylan.andersen182@example.edu,(560) 555-0118,17b243dbd3e9063f66e564730679ecc2,Arizona State University,Tempe,AZ,33.4242,-111.9281,University Apartment,Sophomore,Accounting,Phoenix,AZ,33.4484,-112.074,It's complicated,TRUE,236
U0309,Ellie,Fraser,Female,19,2007-07-19,ellie.fraser428@example.edu,(391) 555-0178,8a917f7a690a4db5844c6eeb3c2dd6e4,University of Washington,Seattle,WA,47.6553,-122.3035,Dorm / Residence Hall,Freshman,Biology,Bellevue,WA,47.6101,-122.2015,Single,TRUE,93
U0310,Mason,Rivera,Male,18,2008-05-21,mason.rivera393@example.edu,(727) 555-0105,1419bc38d1ffabe3e14b8ee6b4356752,University of Michigan,Ann Arbor,MI,42.278,-83.7382,Dorm / Residence Hall,Freshman,Environmental Science,Detroit,MI,42.3314,-83.0458,In a relationship,TRUE,60
U0311,Ella,Sanchez,Female,18,2008-03-07,ella.sanchez909@example.edu,(442) 555-0137,18617014b766826054957fef5d8f8912,University of Michigan,Ann Arbor,MI,42.278,-83.7382,Dorm / Residence Hall,Freshman,Nursing,Grand Rapids,MI,42.9634,-85.6681,Single,FALSE,60
U0312,Allison,Andersen,Female,21,2005-08-24,allison.andersen361@example.edu,(668) 555-0198,d9fe5e4d5115cbef3c569ae2716e555e,University of Alabama,Tuscaloosa,AL,33.214,-87.5391,Dorm / Residence Hall,Senior,Political Science,Huntsville,AL,34.7304,-86.5861,Single,FALSE,250
U0313,Priya,Oliveira,Female,25,2001-12-07,priya.oliveira222@example.edu,(849) 555-0169,75a78ca6929a7eaa53609b7a95aaab51,University of Minnesota,Minneapolis,MN,44.974,-93.2277,Off-Campus Apartment,Graduate,Psychology,Kansas City,MO,39.0997,-94.5786,Single,FALSE,129
U0314,Olivia,Howard,Female,18,2008-06-12,olivia.howard311@example.edu,(337) 555-0106,42d1091497d7efc05eba4c373598f92d,University of Florida,Gainesville,FL,29.6436,-82.3549,Greek Housing,Freshman,Criminal Justice,Richmond,VA,37.5407,-77.436,Single,TRUE,133
U0315,Skylar,Mensah,Female,20,2006-12-15,skylar.mensah202@example.edu,(670) 555-0171,1f58c2f623ae303823faa2be6cecd087,New York University,New York,NY,40.7295,-73.9965,Dorm / Residence Hall,Freshman,Economics,Rochester,NY,43.1566,-77.6088,Single,FALSE,276
U0316,Ryan,Sullivan,Male,23,2003-05-13,ryan.sullivan23@example.edu,(490) 555-0167,cb60a6cd4413da00f526a4466a3566f5,University of Wisconsin-Madison,Madison,WI,43.0766,-89.4125,Lives at Home,Graduate,Psychology,Appleton,WI,44.2619,-88.4154,In a relationship,FALSE,252
U0317,Mila,Choi,Female,21,2005-05-28,mila.choi782@example.edu,(525) 555-0168,fa7e20c2b3e6721e6de420ab939b5130,University of Wisconsin-Madison,Madison,WI,43.0766,-89.4125,Off-Campus Apartment,Senior,Civil Engineering,Appleton,WI,44.2619,-88.4154,Single,TRUE,79
U0318,Nia,Cruz,Female,19,2007-05-15,nia.cruz976@example.edu,(340) 555-0146,c9167df525e00f373397620a142fa7bc,Ohio State University,Columbus,OH,40.0067,-83.0305,University Apartment,Freshman,Economics,Toledo,OH,41.6528,-83.5379,Prefer not to say,FALSE,103
U0319,Ryan,Le,Male,21,2005-03-07,ryan.le223@example.edu,(971) 555-0129,8e786271ee54004c65aef5950102960a,Arizona State University,Tempe,AZ,33.4242,-111.9281,Lives at Home,Junior,English,Mesa,AZ,33.4152,-111.8315,Single,FALSE,181
U0320,Penelope,Gomez,Female,20,2006-09-18,penelope.gomez908@example.edu,(820) 555-0136,331c4c544e673d1da0cd16b4642d9342,Ohio State University,Columbus,OH,40.0067,-83.0305,Off-Campus Apartment,Freshman,Journalism,Cleveland,OH,41.4993,-81.6944,Single,TRUE,271
U0321,Hunter,Brooks,Male,18,2008-02-06,hunter.brooks442@example.edu,(959) 555-0134,e417a85404da03d8fb9cc96fc9f3d8cb,Texas A&M University,College Station,TX,30.6188,-96.3365,Off-Campus Apartment,Freshman,Marketing,Houston,TX,29.7604,-95.3698,It's complicated,FALSE,216
U0322,Jin,Sato,Male,22,2004-12-11,jin.sato448@example.edu,(640) 555-0115,825a784fb63bf76a8a4e82778022ff2e,Texas A&M University,College Station,TX,30.6188,-96.3365,Dorm / Residence Hall,Senior,Data Analytics,El Paso,TX,31.7619,-106.485,Single,FALSE,227
U0323,Mila,Oliveira,Female,20,2006-03-06,mila.oliveira709@example.edu,(242) 555-0153,208c598e00e91e3d4be7debe8527d010,Ohio State University,Columbus,OH,40.0067,-83.0305,Dorm / Residence Hall,Sophomore,Environmental Science,Dayton,OH,39.7589,-84.1916,Single,FALSE,376
U0324,Madelyn,Laurent,Female,22,2004-01-03,madelyn.laurent833@example.edu,(279) 555-0177,13964745160d7f2775ea04a14bbc5d5c,University of Wisconsin-Madison,Madison,WI,43.0766,-89.4125,Off-Campus Apartment,Senior,Public Health,Appleton,WI,44.2619,-88.4154,Single,FALSE,400
U0325,Aurora,Virtanen,Female,23,2003-02-06,aurora.virtanen348@example.edu,(900) 555-0131,c25c399a1cfea64a7e5daf48cb2257a1,University of Minnesota,Minneapolis,MN,44.974,-93.2277,University Apartment,Graduate,Kinesiology,St. Paul,MN,44.9537,-93.09,Single,TRUE,368
U0326,Levi,Mendoza,Male,21,2005-11-16,levi.mendoza413@example.edu,(579) 555-0170,998e0e89a712b1ab344bbed5fe9c13b2,University of Alabama,Tuscaloosa,AL,33.214,-87.5391,Off-Campus Apartment,Junior,Mechanical Engineering,Las Vegas,NV,36.1699,-115.1398,In a relationship,TRUE,226
U0327,Aisha,Oliveira,Female,20,2006-11-10,aisha.oliveira25@example.edu,(252) 555-0156,3a63b8e0d3110be57aeff5d37ff9bdfd,UCLA,Los Angeles,CA,34.0689,-118.4452,Dorm / Residence Hall,Junior,Information Systems,Irvine,CA,33.6846,-117.8265,Single,FALSE,178
U0328,Jonathan,Murphy,Male,20,2006-10-24,jonathan.murphy70@example.edu,(339) 555-0182,7485be13eda277cfe69f2d0c378a5fad,University of Texas at Austin,Austin,TX,30.2849,-97.7341,Lives at Home,Junior,English,El Paso,TX,31.7619,-106.485,Single,FALSE,208
U0329,Jacob,Rivera,Male,21,2005-07-22,jacob.rivera183@example.edu,(472) 555-0189,60a85ec44832b0f2e588f6a492685442,Arizona State University,Tempe,AZ,33.4242,-111.9281,Dorm / Residence Hall,Senior,Business Administration,Tucson,AZ,32.2226,-110.9747,Single,TRUE,425
U0330,Scarlett,Taylor,Female,21,2005-07-07,scarlett.taylor908@example.edu,(833) 555-0176,53fabcb41540caac17b8e562d586fd80,University of Wisconsin-Madison,Madison,WI,43.0766,-89.4125,Dorm / Residence Hall,Senior,Business Administration,Milwaukee,WI,43.0389,-87.9065,In a relationship,FALSE,154
U0331,Naomi,Gomez,Female,22,2004-05-25,naomi.gomez139@example.edu,(894) 555-0158,facb68bff1663e5ae443667b1881747e,University of Florida,Gainesville,FL,29.6436,-82.3549,Off-Campus Apartment,Senior,Biology,Tampa,FL,27.9506,-82.4572,In a relationship,FALSE,104
U0332,Taylor,Cook,Prefer not to say,20,2006-04-21,taylor.cook384@example.edu,(984) 555-0182,1dc576e96d4697ba4ca261013c2509e5,University of Minnesota,Minneapolis,MN,44.974,-93.2277,Dorm / Residence Hall,Junior,Kinesiology,Bloomington,MN,44.8408,-93.2983,Single,TRUE,177
U0333,Audrey,Osei,Female,20,2006-01-02,audrey.osei859@example.edu,(477) 555-0117,348ee0e9ac0e50fda81331d85ddfb720,Arizona State University,Tempe,AZ,33.4242,-111.9281,Dorm / Residence Hall,Junior,Computer Science,Mesa,AZ,33.4152,-111.8315,In a relationship,FALSE,182
U0334,Lucy,Morris,Female,20,2006-11-08,lucy.morris39@example.edu,(658) 555-0192,21d0ceaabd9b98fdda81361490e84f2e,University of Georgia,Athens,GA,33.948,-83.3773,Lives at Home,Sophomore,Environmental Science,Marietta,GA,33.9526,-84.5499,Single,TRUE,60
U0335,Mei,Rivera,Female,23,2003-10-27,mei.rivera43@example.edu,(494) 555-0113,8b8285891fe87de265b8233e9bcbb192,University of Texas at Austin,Austin,TX,30.2849,-97.7341,Off-Campus Apartment,Senior,Criminal Justice,El Paso,TX,31.7619,-106.485,In a relationship,TRUE,192
U0336,Finley,Wright,Non-binary,21,2005-10-15,finley.wright55@example.edu,(648) 555-0172,0bfa70106877c65a16c6b5fa015f38a2,Texas A&M University,College Station,TX,30.6188,-96.3365,Off-Campus Apartment,Junior,Marketing,San Antonio,TX,29.4241,-98.4936,Single,FALSE,145
U0337,Cameron,Morris,Male,20,2006-01-22,cameron.morris680@example.edu,(506) 555-0101,ace23d6f1edf67a3d3eee2ab2bbb2c93,Texas A&M University,College Station,TX,30.6188,-96.3365,Off-Campus Apartment,Sophomore,Public Health,Dallas,TX,32.7767,-96.797,Prefer not to say,TRUE,69
U0338,Simone,Lee,Female,19,2007-01-04,simone.lee114@example.edu,(700) 555-0149,828fc9d3e54bd43bb13102780ce5a5e2,University of Michigan,Ann Arbor,MI,42.278,-83.7382,Dorm / Residence Hall,Sophomore,Biology,Detroit,MI,42.3314,-83.0458,Single,FALSE,266
U0339,John,Singh,Male,19,2007-07-21,john.singh180@example.edu,(720) 555-0109,c88a4158664f81f3152064fea4ed27e0,University of Washington,Seattle,WA,47.6553,-122.3035,Dorm / Residence Hall,Sophomore,Political Science,Vancouver,WA,45.6387,-122.6615,Single,FALSE,396
U0340,Isabella,Novak,Female,22,2004-10-12,isabella.novak193@example.edu,(346) 555-0126,b6e754cbaa8122583b7871317611ec66,University of Washington,Seattle,WA,47.6553,-122.3035,Off-Campus Apartment,Senior,Kinesiology,Boston,MA,42.3601,-71.0589,It's complicated,TRUE,553
U0341,Jasmine,Byrne,Female,24,2002-10-11,jasmine.byrne799@example.edu,(501) 555-0149,51509275f4c6aa3b68ee49b018a0eef9,University of Georgia,Athens,GA,33.948,-83.3773,Off-Campus Apartment,Graduate,Psychology,Atlanta,GA,33.749,-84.388,Single,TRUE,680
U0342,Easton,Evans,Male,21,2005-08-23,easton.evans249@example.edu,(723) 555-0121,bd1cdfcf3e988ef0b9f391a90bcf40cf,Ohio State University,Columbus,OH,40.0067,-83.0305,Off-Campus Apartment,Junior,Mathematics,Toledo,OH,41.6528,-83.5379,Single,FALSE,171
U0343,Lucas,Choi,Male,22,2004-09-01,lucas.choi70@example.edu,(797) 555-0128,11f87e6887413069913df1d7b1736106,New York University,New York,NY,40.7295,-73.9965,Dorm / Residence Hall,Senior,Computer Science,Buffalo,NY,42.8864,-78.8784,Single,FALSE,100
U0344,Anthony,Hoffman,Male,24,2002-04-03,anthony.hoffman356@example.edu,(612) 555-0128,ec9f54acb12b9b2f23c1a6d950cc84ed,Texas A&M University,College Station,TX,30.6188,-96.3365,Lives at Home,Graduate,Business Administration,Dallas,TX,32.7767,-96.797,Single,TRUE,144
U0345,Lincoln,Jackson,Male,19,2007-11-11,lincoln.jackson156@example.edu,(367) 555-0173,f7b2bcb5fd361cc360ca0079ee469552,Florida State University,Tallahassee,FL,30.4419,-84.2985,Greek Housing,Sophomore,Marketing,Salt Lake City,UT,40.7608,-111.891,Single,FALSE,155
U0346,Santiago,Smith,Male,19,2007-07-20,santiago.smith872@example.edu,(536) 555-0197,bc329101f6ea887d8d8515cf26bcfc84,Florida State University,Tallahassee,FL,30.4419,-84.2985,Greek Housing,Freshman,Business Administration,Miami,FL,25.7617,-80.1918,Single,TRUE,380
U0347,Emma,Hassan,Female,18,2008-12-02,emma.hassan270@example.edu,(307) 555-0118,15bf93f1484019678f8c5777aa5a5821,UCLA,Los Angeles,CA,34.0689,-118.4452,Dorm / Residence Hall,Freshman,Business Administration,Newark,NJ,40.7357,-74.1724,It's complicated,TRUE,252
U0348,David,Rodriguez,Male,21,2005-03-26,david.rodriguez468@example.edu,(878) 555-0158,6388630cfca957ea8385a2de23ecedb0,University of Michigan,Ann Arbor,MI,42.278,-83.7382,Off-Campus Apartment,Junior,Undeclared,Boston,MA,42.3601,-71.0589,In a relationship,TRUE,83
U0349,Jacob,Rossi,Male,22,2004-07-21,jacob.rossi457@example.edu,(951) 555-0146,96a597d4ef3e8dd65b4d813f08160cf5,University of Wisconsin-Madison,Madison,WI,43.0766,-89.4125,University Apartment,Senior,Information Systems,Kenosha,WI,42.5847,-87.8212,In a relationship,TRUE,611
U0350,Wei,Hughes,Male,19,2007-07-03,wei.hughes892@example.edu,(683) 555-0128,b2ba003315cb0c1153821a0bd60cebb7,University of Texas at Austin,Austin,TX,30.2849,-97.7341,Dorm / Residence Hall,Freshman,Psychology,El Paso,TX,31.7619,-106.485,Single,TRUE,489
U0351,Ellie,Tran,Female,21,2005-11-13,ellie.tran789@example.edu,(544) 555-0131,1551f9aec37b70c12f968d7a93be6706,Ohio State University,Columbus,OH,40.0067,-83.0305,Dorm / Residence Hall,Senior,Nursing,Toledo,OH,41.6528,-83.5379,In a relationship,TRUE,96
U0352,Skylar,Price,Female,22,2004-02-25,skylar.price217@example.edu,(224) 555-0136,32f86e57a57b703828f560d43dbaa56a,Florida State University,Tallahassee,FL,30.4419,-84.2985,Off-Campus Apartment,Junior,Civil Engineering,Miami,FL,25.7617,-80.1918,In a relationship,FALSE,338
U0353,Allison,Murray,Female,20,2006-07-05,allison.murray137@example.edu,(967) 555-0149,269f6cdf29a40e1760b42822071de47a,Penn State University,State College,PA,40.7982,-77.8599,Off-Campus Apartment,Freshman,Economics,Philadelphia,PA,39.9526,-75.1652,Single,FALSE,159
U0354,Sarah,Anderson,Female,23,2003-12-27,sarah.anderson349@example.edu,(448) 555-0116,722f3044028e89ca9f1d678ad73123b6,University of Texas at Austin,Austin,TX,30.2849,-97.7341,Off-Campus Apartment,Graduate,Political Science,El Paso,TX,31.7619,-106.485,In a relationship,TRUE,173
U0355,Marcus,Price,Male,20,2006-03-09,marcus.price898@example.edu,(938) 555-0188,73599e35f8fcc88bd353ba09bc7286b8,University of Michigan,Ann Arbor,MI,42.278,-83.7382,Off-Campus Apartment,Junior,Education,Lansing,MI,42.7325,-84.5555,Single,FALSE,139
U0356,Alexander,Campbell,Male,21,2005-10-23,alexander.campbell687@example.edu,(443) 555-0113,3dc6f4ab2fe3d4c36fe2da4dfc3ae7c7,Arizona State University,Tempe,AZ,33.4242,-111.9281,Off-Campus Apartment,Senior,Accounting,Scottsdale,AZ,33.4942,-111.9261,Single,TRUE,125
U0357,Avery,Moore,Female,20,2006-11-21,avery.moore816@example.edu,(624) 555-0196,67375abeb731329cf891ff9952d25991,University of Florida,Gainesville,FL,29.6436,-82.3549,Off-Campus Apartment,Junior,Psychology,Boise,ID,43.615,-116.2023,Single,FALSE,434
U0358,Kennedy,Hassan,Female,19,2007-04-07,kennedy.hassan160@example.edu,(910) 555-0155,8d737fc05bce2f2b0aa56c40c3e2aedc,University of Alabama,Tuscaloosa,AL,33.214,-87.5391,Dorm / Residence Hall,Sophomore,Music,Huntsville,AL,34.7304,-86.5861,In a relationship,TRUE,176
U0359,Lucas,Chavez,Male,20,2006-06-24,lucas.chavez564@example.edu,(574) 555-0136,f2edba640c405eb4e24f4f6b8ce89f06,University of Michigan,Ann Arbor,MI,42.278,-83.7382,Greek Housing,Junior,Business Administration,Lansing,MI,42.7325,-84.5555,In a relationship,FALSE,124
U0360,Ryan,Nelson,Male,20,2006-09-03,ryan.nelson687@example.edu,(236) 555-0164,acaa899a42c248cdd48a0a12d39e082f,University of Washington,Seattle,WA,47.6553,-122.3035,Dorm / Residence Hall,Sophomore,Economics,Vancouver,WA,45.6387,-122.6615,In a relationship,FALSE,207
U0361,Elijah,Larsen,Male,24,2002-09-15,elijah.larsen775@example.edu,(569) 555-0160,a2692f55664e4f88c04bff6050dceaf9,University of Michigan,Ann Arbor,MI,42.278,-83.7382,Off-Campus Apartment,Graduate,Political Science,Lansing,MI,42.7325,-84.5555,Single,TRUE,112
U0362,Alondra,Andersen,Female,19,2007-12-18,alondra.andersen508@example.edu,(848) 555-0121,53458a4391f56e860e8e8823d85e5d67,University of Minnesota,Minneapolis,MN,44.974,-93.2277,Dorm / Residence Hall,Freshman,History,Bloomington,MN,44.8408,-93.2983,Prefer not to say,FALSE,109
U0363,Carter,Walsh,Male,20,2006-01-20,carter.walsh455@example.edu,(453) 555-0176,5b61f9aa56211402e426a0123f0eda2b,University of Texas at Austin,Austin,TX,30.2849,-97.7341,Dorm / Residence Hall,Junior,Communications,Dallas,TX,32.7767,-96.797,Single,TRUE,521
U0364,Aubrey,Haddad,Female,19,2007-12-25,aubrey.haddad727@example.edu,(819) 555-0100,3dcf9c26449e18da4aa110521d656394,University of Minnesota,Minneapolis,MN,44.974,-93.2277,Dorm / Residence Hall,Freshman,Music,Duluth,MN,46.7867,-92.1005,Single,TRUE,180
U0365,Yuna,Howard,Female,18,2008-08-28,yuna.howard405@example.edu,(340) 555-0190,fddaadc0035385fccb4e936e5250df9d,Arizona State University,Tempe,AZ,33.4242,-111.9281,Off-Campus Apartment,Freshman,Education,Phoenix,AZ,33.4484,-112.074,Prefer not to say,FALSE,204
U0366,Aubrey,Castillo,Female,24,2002-11-01,aubrey.castillo250@example.edu,(753) 555-0163,5d7f4c2cf1b18491d4cc9fc21402af68,Texas A&M University,College Station,TX,30.6188,-96.3365,Off-Campus Apartment,Graduate,Communications,Hartford,CT,41.7658,-72.6734,Single,TRUE,520
U0367,Landon,Long,Male,20,2006-07-14,landon.long302@example.edu,(796) 555-0121,f486e35e5f70696306dc32874eccacfd,University of Florida,Gainesville,FL,29.6436,-82.3549,Off-Campus Apartment,Junior,Civil Engineering,Orlando,FL,28.5384,-81.3789,Single,TRUE,192
U0368,Ryan,Lindberg,Male,21,2005-05-03,ryan.lindberg278@example.edu,(981) 555-0188,6d37b4e2c21b2a4b999c3c4bf9b6c0d0,University of Michigan,Ann Arbor,MI,42.278,-83.7382,Lives at Home,Senior,Nursing,Indianapolis,IN,39.7684,-86.1581,In a relationship,FALSE,729
U0369,Simone,Garcia,Female,20,2006-06-02,simone.garcia515@example.edu,(270) 555-0167,3c018b3ca03f8fa8f47ce11c02d4e79e,Arizona State University,Tempe,AZ,33.4242,-111.9281,Greek Housing,Sophomore,Computer Science,Tucson,AZ,32.2226,-110.9747,In a relationship,TRUE,171
U0370,Darius,Smith,Male,23,2003-06-23,darius.smith507@example.edu,(823) 555-0190,05c97219310221954439b84265d7e22a,University of Wisconsin-Madison,Madison,WI,43.0766,-89.4125,Off-Campus Apartment,Graduate,Education,Newark,NJ,40.7357,-74.1724,Single,TRUE,257
U0371,Penelope,Ward,Female,21,2005-01-15,penelope.ward16@example.edu,(529) 555-0129,f9d044ccb0cccf1153811ed26b45f6f6,University of Wisconsin-Madison,Madison,WI,43.0766,-89.4125,Dorm / Residence Hall,Senior,Music,Chicago,IL,41.8781,-87.6298,Single,TRUE,502
U0372,Avery,Visser,Female,21,2005-12-08,avery.visser640@example.edu,(851) 555-0115,f2b82858b3814f4fd231ac30312da053,University of Florida,Gainesville,FL,29.6436,-82.3549,University Apartment,Senior,Psychology,Omaha,NE,41.2565,-95.9345,It's complicated,FALSE,152
U0373,Layla,Myers,Female,19,2007-06-19,layla.myers112@example.edu,(547) 555-0102,873a07efcb98c88860de8f95e990478c,University of Florida,Gainesville,FL,29.6436,-82.3549,University Apartment,Freshman,Mechanical Engineering,Orlando,FL,28.5384,-81.3789,Single,TRUE,113
U0374,John,Osei,Male,20,2006-05-28,john.osei876@example.edu,(751) 555-0158,246c958803bfcfe5b0ae382aea6a4d97,University of Michigan,Ann Arbor,MI,42.278,-83.7382,Dorm / Residence Hall,Junior,Psychology,Detroit,MI,42.3314,-83.0458,In a relationship,TRUE,225
U0375,Carlos,Park,Male,19,2007-12-09,carlos.park28@example.edu,(779) 555-0143,5cc57b9ea5e1ec6731a4466697afae15,New York University,New York,NY,40.7295,-73.9965,Greek Housing,Freshman,Sociology,Rochester,NY,43.1566,-77.6088,In a relationship,TRUE,260
U0376,Theodore,Janssen,Male,21,2005-05-02,theodore.janssen160@example.edu,(767) 555-0159,5e3359451b703c690973e25d268c0ee3,Texas A&M University,College Station,TX,30.6188,-96.3365,Lives at Home,Senior,Electrical Engineering,Hartford,CT,41.7658,-72.6734,In a relationship,FALSE,231
U0377,Maverick,Watson,Male,19,2007-02-24,maverick.watson527@example.edu,(252) 555-0118,0e3c749c6d7dc7a9f85c2b77d0e79b91,Texas A&M University,College Station,TX,30.6188,-96.3365,Dorm / Residence Hall,Freshman,Business Administration,Plano,TX,33.0198,-96.6989,Prefer not to say,FALSE,202
U0378,Aria,Yamamoto,Female,20,2006-12-28,aria.yamamoto497@example.edu,(822) 555-0155,edce85717eca088a9271b06c4867f281,Texas A&M University,College Station,TX,30.6188,-96.3365,University Apartment,Sophomore,Mechanical Engineering,Newark,NJ,40.7357,-74.1724,In a relationship,FALSE,133
U0379,Luna,Silva,Female,21,2005-01-26,luna.silva357@example.edu,(976) 555-0114,23c8ab81088c2bd7004cb59755541d0e,University of Georgia,Athens,GA,33.948,-83.3773,Off-Campus Apartment,Senior,Criminal Justice,Augusta,GA,33.4735,-82.0105,In a relationship,FALSE,504
U0380,Skyler,Chen,Non-binary,24,2002-07-28,skyler.chen250@example.edu,(585) 555-0165,fc4f4d7ebd10fe835ceff110618f5fd7,New York University,New York,NY,40.7295,-73.9965,Lives at Home,Graduate,Information Systems,Rochester,NY,43.1566,-77.6088,Single,FALSE,453
U0381,Aubrey,Watson,Female,19,2007-12-05,aubrey.watson863@example.edu,(579) 555-0107,34c74e611a3aa0cd0aca9899e5b1dfd0,New York University,New York,NY,40.7295,-73.9965,Dorm / Residence Hall,Sophomore,Psychology,Rochester,NY,43.1566,-77.6088,It's complicated,TRUE,163
U0382,Elizabeth,Becker,Female,20,2006-08-14,elizabeth.becker132@example.edu,(404) 555-0101,2aedee4e0cf63077648e0a7dfc5fd785,UCLA,Los Angeles,CA,34.0689,-118.4452,University Apartment,Junior,Computer Science,San Diego,CA,32.7157,-117.1611,Single,TRUE,308
U0383,Nathan,Hansen,Male,22,2004-10-05,nathan.hansen620@example.edu,(654) 555-0101,f9850a300a76ad366ebf28316de68f17,University of Michigan,Ann Arbor,MI,42.278,-83.7382,Dorm / Residence Hall,Senior,Biology,Troy,MI,42.6064,-83.1498,In a relationship,TRUE,125
U0384,Nathan,Mendoza,Male,20,2006-06-22,nathan.mendoza576@example.edu,(633) 555-0151,12122870673939287dde246b73049b69,University of Wisconsin-Madison,Madison,WI,43.0766,-89.4125,Off-Campus Apartment,Junior,Finance,Kenosha,WI,42.5847,-87.8212,In a relationship,FALSE,226
U0385,Andre,Green,Male,21,2005-11-11,andre.green682@example.edu,(891) 555-0170,49bebc253e20eb1d9d2351bfca140ecb,University of Texas at Austin,Austin,TX,30.2849,-97.7341,Lives at Home,Senior,Kinesiology,Portland,OR,45.5152,-122.6784,It's complicated,TRUE,119
U0386,Phoenix,Mensah,Prefer not to say,19,2007-07-24,phoenix.mensah806@example.edu,(957) 555-0165,ff7998f696f199780f0800b2055c7f3b,Texas A&M University,College Station,TX,30.6188,-96.3365,Greek Housing,Freshman,Biology,Dallas,TX,32.7767,-96.797,Single,TRUE,168
U0387,Sophia,Hassan,Female,18,2008-11-24,sophia.hassan395@example.edu,(885) 555-0127,deb62beca1673ab2fae8ed143ba8d3ab,Ohio State University,Columbus,OH,40.0067,-83.0305,Off-Campus Apartment,Freshman,Nursing,Cincinnati,OH,39.1031,-84.512,Single,FALSE,129
U0388,Ella,Smith,Female,19,2007-08-27,ella.smith175@example.edu,(948) 555-0171,464453e97471361a0cddc4c0108b6396,University of Minnesota,Minneapolis,MN,44.974,-93.2277,Off-Campus Apartment,Sophomore,Finance,Indianapolis,IN,39.7684,-86.1581,Single,TRUE,305
U0389,Olivia,White,Female,21,2005-05-08,olivia.white2@example.edu,(390) 555-0150,8cc2fc5dcb4e7bbab4befec6054735e4,Texas A&M University,College Station,TX,30.6188,-96.3365,Off-Campus Apartment,Senior,Economics,Houston,TX,29.7604,-95.3698,Prefer not to say,TRUE,179
U0390,Destiny,Larsen,Female,21,2005-08-28,destiny.larsen263@example.edu,(422) 555-0158,60891fccc129174b58f330c764f6d759,Penn State University,State College,PA,40.7982,-77.8599,Off-Campus Apartment,Junior,Marketing,Pittsburgh,PA,40.4406,-79.9959,In a relationship,FALSE,221
U0391,Cameron,Dubois,Male,20,2006-12-21,cameron.dubois445@example.edu,(748) 555-0176,fb40f374aa912033990e5d3db44b0a51,New York University,New York,NY,40.7295,-73.9965,Off-Campus Apartment,Junior,Business Administration,Buffalo,NY,42.8864,-78.8784,Single,FALSE,371
U0392,Daniel,Turner,Male,21,2005-06-12,daniel.turner482@example.edu,(571) 555-0101,c0154adc36a8f89b2bf973099ff91e09,University of Wisconsin-Madison,Madison,WI,43.0766,-89.4125,Dorm / Residence Hall,Junior,Information Systems,Green Bay,WI,44.5133,-88.0133,Single,FALSE,209
U0393,Wei,Hansen,Male,21,2005-04-24,wei.hansen605@example.edu,(802) 555-0168,b80f8b367c4f5c251d7d92d16c60fb0d,University of Georgia,Athens,GA,33.948,-83.3773,Off-Campus Apartment,Junior,Finance,Augusta,GA,33.4735,-82.0105,Single,TRUE,634
U0394,Miles,Sanchez,Male,20,2006-04-23,miles.sanchez524@example.edu,(231) 555-0164,a8b358588fee8a0d0a6f6b0b9964a7c9,University of Florida,Gainesville,FL,29.6436,-82.3549,Lives at Home,Sophomore,Political Science,Jacksonville,FL,30.3322,-81.6557,In a relationship,TRUE,261
U0395,Aiden,Chavez,Male,18,2008-11-06,aiden.chavez77@example.edu,(421) 555-0184,8a5c3534fcec40226373cd9a1012337d,University of Michigan,Ann Arbor,MI,42.278,-83.7382,Dorm / Residence Hall,Freshman,Finance,Detroit,MI,42.3314,-83.0458,Single,FALSE,81
U0396,Zoe,Jimenez,Female,23,2003-03-02,zoe.jimenez144@example.edu,(419) 555-0121,fa87e9f619b24858602731e15eb15ae0,University of Michigan,Ann Arbor,MI,42.278,-83.7382,Off-Campus Apartment,Graduate,Business Administration,Detroit,MI,42.3314,-83.0458,In a relationship,TRUE,147
U0397,Camila,Sato,Female,18,2008-03-06,camila.sato677@example.edu,(875) 555-0110,b414453a4ede0cafc171383f27810588,University of Florida,Gainesville,FL,29.6436,-82.3549,Greek Housing,Freshman,Nursing,Orlando,FL,28.5384,-81.3789,Single,FALSE,199
U0398,Charlotte,Collins,Female,20,2006-01-04,charlotte.collins811@example.edu,(612) 555-0175,58a293c2eb4c65716fc98d854d956815,University of Washington,Seattle,WA,47.6553,-122.3035,Off-Campus Apartment,Junior,Psychology,Vancouver,WA,45.6387,-122.6615,In a relationship,TRUE,86
U0399,Mia,Moore,Female,18,2008-05-07,mia.moore494@example.edu,(933) 555-0115,d3d130aee29078a753b297dae28bc539,Texas A&M University,College Station,TX,30.6188,-96.3365,Greek Housing,Freshman,Undeclared,Plano,TX,33.0198,-96.6989,Single,TRUE,143
U0400,Imani,Mitchell,Female,21,2005-12-14,imani.mitchell949@example.edu,(946) 555-0160,4af71d31f604bed127f4f06a7907f288,Penn State University,State College,PA,40.7982,-77.8599,University Apartment,Senior,Political Science,Pittsburgh,PA,40.4406,-79.9959,Single,FALSE,113
U0401,Aria,Dubois,Female,23,2003-05-15,aria.dubois39@example.edu,(776) 555-0125,b9f97360bf6d985089d28c986f3bfea3,University of Michigan,Ann Arbor,MI,42.278,-83.7382,Off-Campus Apartment,Graduate,Public Health,Kansas City,MO,39.0997,-94.5786,In a relationship,TRUE,225
U0402,Zoe,Smith,Female,20,2006-12-01,zoe.smith641@example.edu,(361) 555-0155,5d9ddb86673b52e4b4fad0525771297c,Texas A&M University,College Station,TX,30.6188,-96.3365,University Apartment,Sophomore,Education,Houston,TX,29.7604,-95.3698,Prefer not to say,TRUE,491
U0403,Zoey,Weber,Female,21,2005-05-20,zoey.weber410@example.edu,(587) 555-0192,78be3bea5eb4835416f78669ad846da1,University of Washington,Seattle,WA,47.6553,-122.3035,Off-Campus Apartment,Junior,Business Administration,Richmond,VA,37.5407,-77.436,In a relationship,FALSE,715
U0404,John,Dubois,Male,23,2003-07-27,john.dubois979@example.edu,(324) 555-0130,d78e2e472c8be2fe060c8e142a0bc287,Penn State University,State College,PA,40.7982,-77.8599,Off-Campus Apartment,Graduate,Economics,Allentown,PA,40.6084,-75.4902,In a relationship,TRUE,130
U0405,Luke,Williams,Male,23,2003-07-05,luke.williams432@example.edu,(511) 555-0103,84c61145dbccced673338d3ad998dc84,Texas A&M University,College Station,TX,30.6188,-96.3365,Off-Campus Apartment,Graduate,Education,Boston,MA,42.3601,-71.0589,Prefer not to say,FALSE,102
U0406,Malik,Park,Male,19,2007-05-21,malik.park289@example.edu,(640) 555-0195,ee95867bbb89f9756d466895609731b6,New York University,New York,NY,40.7295,-73.9965,University Apartment,Sophomore,Business Administration,Rochester,NY,43.1566,-77.6088,In a relationship,TRUE,303
U0407,Emilia,Rogers,Female,21,2005-03-25,emilia.rogers589@example.edu,(564) 555-0106,7bc6baa78c27e1f8289e7ea824895d83,University of Minnesota,Minneapolis,MN,44.974,-93.2277,Off-Campus Apartment,Senior,Sociology,Charlotte,NC,35.2271,-80.8431,In a relationship,TRUE,175
U0408,Lillian,Turner,Female,21,2005-05-18,lillian.turner629@example.edu,(372) 555-0105,2f6b1bbacca3839a4dbf80198511e212,Texas A&M University,College Station,TX,30.6188,-96.3365,Off-Campus Apartment,Junior,Nursing,Indianapolis,IN,39.7684,-86.1581,Single,TRUE,106
U0409,Daniela,Miller,Female,20,2006-10-26,daniela.miller744@example.edu,(308) 555-0183,9d8d796ea2067eb9683c273bf303ff2e,University of Alabama,Tuscaloosa,AL,33.214,-87.5391,Dorm / Residence Hall,Junior,Psychology,Birmingham,AL,33.5186,-86.8104,Single,TRUE,166
U0410,Avery,Hassan,Female,18,2008-02-01,avery.hassan426@example.edu,(640) 555-0129,b6208af5d06bc1b1eb51d2d82087e7ff,Penn State University,State College,PA,40.7982,-77.8599,Dorm / Residence Hall,Freshman,Music,Omaha,NE,41.2565,-95.9345,It's complicated,TRUE,193
U0411,Ananya,Thompson,Female,20,2006-07-13,ananya.thompson28@example.edu,(790) 555-0168,7837375a9684b2679d0409c8fa4baa23,Ohio State University,Columbus,OH,40.0067,-83.0305,Lives at Home,Sophomore,Business Administration,Indianapolis,IN,39.7684,-86.1581,In a relationship,FALSE,249
U0412,Ava,Price,Female,21,2005-11-11,ava.price426@example.edu,(630) 555-0139,cfa2a9eb7847d71cd4e4acd2f07c698d,University of Washington,Seattle,WA,47.6553,-122.3035,Off-Campus Apartment,Senior,Data Analytics,Newark,NJ,40.7357,-74.1724,Single,TRUE,95
U0413,Sofia,Weber,Female,18,2008-09-13,sofia.weber45@example.edu,(214) 555-0170,6968ff4239659320be5b47d631c69d33,Texas A&M University,College Station,TX,30.6188,-96.3365,Off-Campus Apartment,Freshman,Business Administration,Fort Worth,TX,32.7555,-97.3308,In a relationship,TRUE,213
U0414,Carlos,Kim,Male,18,2008-06-21,carlos.kim476@example.edu,(811) 555-0199,8daf9c29ba16627d2541f8ecf3e0b930,Arizona State University,Tempe,AZ,33.4242,-111.9281,Off-Campus Apartment,Freshman,Music,Tucson,AZ,32.2226,-110.9747,In a relationship,TRUE,268
U0415,Allison,Foster,Female,20,2006-01-22,allison.foster686@example.edu,(750) 555-0177,9e592c3bb031637116d050710d16569b,Penn State University,State College,PA,40.7982,-77.8599,Off-Campus Apartment,Sophomore,Business Administration,Pittsburgh,PA,40.4406,-79.9959,In a relationship,FALSE,595
U0416,Asher,Hill,Male,20,2006-10-15,asher.hill83@example.edu,(733) 555-0100,6ab34442c1ecd0d8c7948d863780c362,University of Wisconsin-Madison,Madison,WI,43.0766,-89.4125,Off-Campus Apartment,Sophomore,Chemistry,Nashville,TN,36.1627,-86.7816,Single,FALSE,144
U0417,Zoey,Gutierrez,Female,20,2006-04-06,zoey.gutierrez988@example.edu,(968) 555-0123,4ba09e105afea356c0ea5ac5b8dfd51c,University of Wisconsin-Madison,Madison,WI,43.0766,-89.4125,Dorm / Residence Hall,Sophomore,Computer Science,Denver,CO,39.7392,-104.9903,Single,TRUE,210
U0418,Andrew,Morris,Male,20,2006-02-17,andrew.morris628@example.edu,(778) 555-0199,6838d609762ee85dfc778c956e1d7f1c,UCLA,Los Angeles,CA,34.0689,-118.4452,Off-Campus Apartment,Junior,Mechanical Engineering,Sacramento,CA,38.5816,-121.4944,Single,FALSE,166
U0419,Zoey,Bennett,Female,18,2008-08-19,zoey.bennett236@example.edu,(978) 555-0120,73fb64a5199cbe29d0430c418a3b537d,University of Michigan,Ann Arbor,MI,42.278,-83.7382,Lives at Home,Freshman,Education,Portland,OR,45.5152,-122.6784,In a relationship,FALSE,96
U0420,Aubrey,Rodriguez,Female,21,2005-12-20,aubrey.rodriguez286@example.edu,(316) 555-0145,9d36bdcbc511b910be623af5c0c55ea7,University of Washington,Seattle,WA,47.6553,-122.3035,University Apartment,Sophomore,Music,Vancouver,WA,45.6387,-122.6615,Single,FALSE,275
U0421,Julian,Gonzalez,Male,21,2005-05-16,julian.gonzalez175@example.edu,(496) 555-0198,1ce26310c3f4d1b137edc7b6cf191da5,Ohio State University,Columbus,OH,40.0067,-83.0305,Dorm / Residence Hall,Senior,Marketing,Dayton,OH,39.7589,-84.1916,Single,TRUE,68
U0422,Mei,Collins,Female,19,2007-07-01,mei.collins954@example.edu,(669) 555-0160,d65236340a2c4d142089b32c9591a70c,Penn State University,State College,PA,40.7982,-77.8599,Dorm / Residence Hall,Sophomore,Business Administration,Pittsburgh,PA,40.4406,-79.9959,Single,TRUE,174
U0423,Penelope,Laurent,Female,20,2006-08-05,penelope.laurent505@example.edu,(683) 555-0163,a7d4110c397a11a62d6d0c2c33c584f7,University of Wisconsin-Madison,Madison,WI,43.0766,-89.4125,Dorm / Residence Hall,Junior,Education,Appleton,WI,44.2619,-88.4154,Single,TRUE,172
U0424,Harper,Singh,Female,18,2008-03-20,harper.singh992@example.edu,(244) 555-0156,64073c15291c761865e0495a721e0058,Arizona State University,Tempe,AZ,33.4242,-111.9281,Off-Campus Apartment,Freshman,Communications,Columbia,SC,34.0007,-81.0348,In a relationship,TRUE,347
U0425,Andrew,Martin,Male,20,2006-03-23,andrew.martin136@example.edu,(642) 555-0113,699127dfccc18f9539441ea3a7be5fde,University of Texas at Austin,Austin,TX,30.2849,-97.7341,Dorm / Residence Hall,Sophomore,Business Administration,Fort Worth,TX,32.7555,-97.3308,Single,FALSE,561
U0426,Scarlett,Richardson,Female,18,2008-07-12,scarlett.richardson571@example.edu,(538) 555-0132,ebd9abef5b6c5e5990b68512198da20c,Penn State University,State College,PA,40.7982,-77.8599,Lives at Home,Freshman,Graphic Design,Indianapolis,IN,39.7684,-86.1581,Single,FALSE,250
U0427,Michael,Ali,Male,21,2005-06-14,michael.ali521@example.edu,(988) 555-0188,0859a24d401507579817acf8e7742649,Florida State University,Tallahassee,FL,30.4419,-84.2985,Off-Campus Apartment,Senior,Nursing,Tampa,FL,27.9506,-82.4572,It's complicated,TRUE,270
U0428,Priya,Phillips,Female,22,2004-12-28,priya.phillips395@example.edu,(908) 555-0177,1eaabeee68b295b79605858151dfdba2,New York University,New York,NY,40.7295,-73.9965,Off-Campus Apartment,Junior,Nursing,Syracuse,NY,43.0481,-76.1474,Single,TRUE,159
U0429,Finley,Campbell,Non-binary,18,2008-11-18,finley.campbell105@example.edu,(602) 555-0156,73aafa4d6d7980202ab5d44b66da46e8,Florida State University,Tallahassee,FL,30.4419,-84.2985,Dorm / Residence Hall,Freshman,Psychology,Jacksonville,FL,30.3322,-81.6557,In a relationship,FALSE,269
U0430,Colton,Collins,Male,19,2007-07-21,colton.collins737@example.edu,(517) 555-0174,1dfd0d11dab72f47f12582c66f449d8e,University of Wisconsin-Madison,Madison,WI,43.0766,-89.4125,Dorm / Residence Hall,Sophomore,Information Systems,Kenosha,WI,42.5847,-87.8212,In a relationship,FALSE,151
U0431,Emerson,Ross,Non-binary,24,2002-10-26,emerson.ross241@example.edu,(589) 555-0137,5f357131260d6bcca6946d3974e38dfe,Arizona State University,Tempe,AZ,33.4242,-111.9281,Off-Campus Apartment,Senior,Business Administration,Phoenix,AZ,33.4484,-112.074,Single,FALSE,119
U0432,Yuna,Kowalski,Female,23,2003-09-27,yuna.kowalski624@example.edu,(933) 555-0169,28343db6c8271bb9c61ddd59ed36b078,Arizona State University,Tempe,AZ,33.4242,-111.9281,Off-Campus Apartment,Graduate,Business Administration,Tucson,AZ,32.2226,-110.9747,In a relationship,TRUE,126
U0433,Malik,Thomas,Male,18,2008-12-07,malik.thomas430@example.edu,(666) 555-0174,928029338fb4d19f97a2c8e62c811b3e,University of Texas at Austin,Austin,TX,30.2849,-97.7341,Dorm / Residence Hall,Freshman,English,Charlotte,NC,35.2271,-80.8431,Single,FALSE,950
U0434,Levi,Myers,Male,19,2007-03-09,levi.myers119@example.edu,(316) 555-0126,0b2922686f893d1826ac4ec9cc8aeed1,University of Wisconsin-Madison,Madison,WI,43.0766,-89.4125,Off-Campus Apartment,Sophomore,Business Administration,Milwaukee,WI,43.0389,-87.9065,Single,FALSE,310
U0435,Elias,Novak,Male,20,2006-02-20,elias.novak339@example.edu,(270) 555-0114,60ad7e02f16735f604a34e9a22b72ecb,New York University,New York,NY,40.7295,-73.9965,Off-Campus Apartment,Junior,Psychology,Richmond,VA,37.5407,-77.436,Single,FALSE,520
U0436,Charles,Mendoza,Male,21,2005-11-26,charles.mendoza488@example.edu,(653) 555-0182,d5103b42bca8ff917dc58a10df78dbe7,Ohio State University,Columbus,OH,40.0067,-83.0305,Dorm / Residence Hall,Senior,Business Administration,Cleveland,OH,41.4993,-81.6944,Single,FALSE,257
U0437,Sophia,Rodriguez,Female,22,2004-01-18,sophia.rodriguez305@example.edu,(260) 555-0152,0dbc6c366173c2c2bb9f108db2e69236,Penn State University,State College,PA,40.7982,-77.8599,Lives at Home,Senior,Psychology,Philadelphia,PA,39.9526,-75.1652,Single,TRUE,116
U0438,Charlotte,Hill,Female,24,2002-11-25,charlotte.hill301@example.edu,(285) 555-0175,b00018fed5f6ecff6726eaee13ecee1a,Arizona State University,Tempe,AZ,33.4242,-111.9281,University Apartment,Graduate,Public Health,New Orleans,LA,29.9511,-90.0715,In a relationship,FALSE,136
U0439,Oliver,Bailey,Male,20,2006-03-18,oliver.bailey821@example.edu,(290) 555-0133,742da18d4a1576aa8acf5d5cfd20524c,Ohio State University,Columbus,OH,40.0067,-83.0305,Dorm / Residence Hall,Junior,Psychology,Omaha,NE,41.2565,-95.9345,Prefer not to say,FALSE,315
U0440,Aria,Visser,Female,20,2006-08-03,aria.visser218@example.edu,(338) 555-0184,77922f87b9a0c6dd74bf7df4e03e0861,New York University,New York,NY,40.7295,-73.9965,Dorm / Residence Hall,Sophomore,Business Administration,Brooklyn,NY,40.6782,-73.9442,Single,TRUE,271
U0441,Emilia,Thompson,Female,23,2003-07-24,emilia.thompson231@example.edu,(268) 555-0189,94206e68a7ffcb43c1d716ff4f45fadf,University of Texas at Austin,Austin,TX,30.2849,-97.7341,Off-Campus Apartment,Graduate,Mechanical Engineering,San Antonio,TX,29.4241,-98.4936,In a relationship,TRUE,329
U0442,River,Okafor,Non-binary,24,2002-05-03,river.okafor67@example.edu,(831) 555-0196,dd75b1f72935d97776983331f39f10e1,Penn State University,State College,PA,40.7982,-77.8599,Off-Campus Apartment,Graduate,Civil Engineering,Pittsburgh,PA,40.4406,-79.9959,Prefer not to say,TRUE,478
U0443,Thomas,Roberts,Male,22,2004-01-14,thomas.roberts515@example.edu,(874) 555-0116,888cd4366d7036d5d29f674f7a21f02c,Arizona State University,Tempe,AZ,33.4242,-111.9281,Off-Campus Apartment,Junior,Education,Mesa,AZ,33.4152,-111.8315,In a relationship,TRUE,60
U0444,Phoenix,Ruiz,Non-binary,21,2005-06-13,phoenix.ruiz845@example.edu,(592) 555-0129,205802ebc5f11d2f51a70809791150bc,University of Alabama,Tuscaloosa,AL,33.214,-87.5391,University Apartment,Junior,Nursing,Huntsville,AL,34.7304,-86.5861,In a relationship,TRUE,278
U0445,Aubrey,Martin,Female,19,2007-01-20,aubrey.martin786@example.edu,(691) 555-0117,bb612cf9065befa6e0720e30e061b104,Arizona State University,Tempe,AZ,33.4242,-111.9281,Off-Campus Apartment,Sophomore,Data Analytics,Mesa,AZ,33.4152,-111.8315,Single,TRUE,146
U0446,Maya,Becker,Female,20,2006-03-16,maya.becker220@example.edu,(511) 555-0146,7c6c52e8704892c7e4b8a5fb7ead1c29,Texas A&M University,College Station,TX,30.6188,-96.3365,Off-Campus Apartment,Junior,Kinesiology,Dallas,TX,32.7767,-96.797,It's complicated,TRUE,247
U0447,Alondra,Fernandez,Female,20,2006-02-05,alondra.fernandez379@example.edu,(972) 555-0171,086443eaf4ac9b2995e4984f664df52f,Arizona State University,Tempe,AZ,33.4242,-111.9281,Greek Housing,Junior,Education,New Orleans,LA,29.9511,-90.0715,In a relationship,FALSE,223
U0448,Kinsley,Oliveira,Female,26,2000-08-27,kinsley.oliveira879@example.edu,(899) 555-0151,11d77092656fbef000ea396df8a3f28d,UCLA,Los Angeles,CA,34.0689,-118.4452,Off-Campus Apartment,Graduate,Psychology,Chicago,IL,41.8781,-87.6298,In a relationship,TRUE,231
U0449,Daniela,Tran,Female,20,2006-08-25,daniela.tran197@example.edu,(892) 555-0122,4355144d28e5ee7713ba7a204d0e0d09,University of Wisconsin-Madison,Madison,WI,43.0766,-89.4125,Dorm / Residence Hall,Sophomore,Nursing,Milwaukee,WI,43.0389,-87.9065,It's complicated,TRUE,212
U0450,Ethan,Clark,Male,19,2007-10-13,ethan.clark335@example.edu,(228) 555-0175,0e821079acb281bbd96a30738bece345,Penn State University,State College,PA,40.7982,-77.8599,Off-Campus Apartment,Sophomore,Psychology,Richmond,VA,37.5407,-77.436,In a relationship,FALSE,416
U0451,Stella,Moore,Female,20,2006-08-02,stella.moore242@example.edu,(366) 555-0130,6ac6196d065f26d577f8716c53c18b7e,University of Alabama,Tuscaloosa,AL,33.214,-87.5391,Lives at Home,Junior,Education,Mobile,AL,30.6954,-88.0399,Single,FALSE,243
U0452,Aisha,Kowalski,Female,20,2006-02-02,aisha.kowalski516@example.edu,(875) 555-0122,be6762cc0e22f4b51dddf090ab95972c,University of Michigan,Ann Arbor,MI,42.278,-83.7382,Dorm / Residence Hall,Sophomore,Finance,Richmond,VA,37.5407,-77.436,Single,FALSE,116
U0453,Violet,Haddad,Female,20,2006-07-20,violet.haddad212@example.edu,(595) 555-0143,00f287d7bc75d638c479ff7535626892,University of Michigan,Ann Arbor,MI,42.278,-83.7382,Lives at Home,Sophomore,Biology,Detroit,MI,42.3314,-83.0458,Single,FALSE,141
U0454,Landon,Wood,Male,19,2007-08-17,landon.wood949@example.edu,(386) 555-0197,b31023101447b6d3da1a4e9c4351b9c9,University of Wisconsin-Madison,Madison,WI,43.0766,-89.4125,Dorm / Residence Hall,Freshman,Marketing,Newark,NJ,40.7357,-74.1724,In a relationship,FALSE,214
U0455,Sebastian,Okafor,Male,19,2007-05-14,sebastian.okafor993@example.edu,(610) 555-0181,e53e38066e8d6a746639e0171577264b,University of Alabama,Tuscaloosa,AL,33.214,-87.5391,Off-Campus Apartment,Sophomore,Education,Birmingham,AL,33.5186,-86.8104,Single,TRUE,195
U0456,Priya,Hassan,Female,20,2006-11-07,priya.hassan93@example.edu,(907) 555-0126,8bcded80101a3caf77b1b21447d0507e,University of Michigan,Ann Arbor,MI,42.278,-83.7382,Off-Campus Apartment,Junior,Education,Troy,MI,42.6064,-83.1498,In a relationship,FALSE,219
U0457,Charles,Phillips,Male,20,2006-04-05,charles.phillips741@example.edu,(451) 555-0127,254b1a16e60b52aa33fc5a5d37410b0c,New York University,New York,NY,40.7295,-73.9965,Off-Campus Apartment,Junior,Marketing,Rochester,NY,43.1566,-77.6088,Single,TRUE,363
U0458,Amelia,Silva,Female,20,2006-09-28,amelia.silva283@example.edu,(312) 555-0134,a6d9daa0a5ae0a0655a48e0e4f3db94e,University of Wisconsin-Madison,Madison,WI,43.0766,-89.4125,Lives at Home,Sophomore,History,Nashville,TN,36.1627,-86.7816,In a relationship,TRUE,114
U0459,Daniel,Hall,Male,21,2005-06-17,daniel.hall126@example.edu,(427) 555-0112,ecbb5e25b4a09553e7c71871f482822a,University of Washington,Seattle,WA,47.6553,-122.3035,Dorm / Residence Hall,Senior,Public Health,Spokane,WA,47.6588,-117.426,Single,FALSE,199
U0460,Mia,Singh,Female,22,2004-01-23,mia.singh174@example.edu,(437) 555-0187,2e2fdc08dc67dc4a53e80368fed8341f,Texas A&M University,College Station,TX,30.6188,-96.3365,Dorm / Residence Hall,Senior,Communications,Louisville,KY,38.2527,-85.7585,Single,TRUE,173
U0461,Aria,Johnson,Female,23,2003-07-21,aria.johnson607@example.edu,(421) 555-0190,3b951e6fe2a462ca1cd379ae0d7395a9,University of Texas at Austin,Austin,TX,30.2849,-97.7341,Off-Campus Apartment,Graduate,Economics,Charlotte,NC,35.2271,-80.8431,Single,TRUE,82
U0462,Alondra,Tran,Female,23,2003-08-11,alondra.tran439@example.edu,(917) 555-0140,8f97bce51aaf21d925628b882ca2f6a5,Florida State University,Tallahassee,FL,30.4419,-84.2985,Dorm / Residence Hall,Senior,Computer Science,Tampa,FL,27.9506,-82.4572,Single,FALSE,105
U0463,Hannah,Bennett,Female,21,2005-08-24,hannah.bennett203@example.edu,(904) 555-0193,d467a1b502c3998b35cd23e48f21bbca,Arizona State University,Tempe,AZ,33.4242,-111.9281,University Apartment,Senior,Music,Newark,NJ,40.7357,-74.1724,In a relationship,TRUE,346
U0464,Jonathan,Hassan,Male,19,2007-10-15,jonathan.hassan973@example.edu,(852) 555-0125,0bce038caabecf072101896b0a031efa,Florida State University,Tallahassee,FL,30.4419,-84.2985,Off-Campus Apartment,Sophomore,Marketing,Miami,FL,25.7617,-80.1918,Prefer not to say,TRUE,191
U0465,Isaiah,Baker,Male,20,2006-08-02,isaiah.baker798@example.edu,(720) 555-0155,73303c8b2cea0a2b1a1ec7e83d92533c,New York University,New York,NY,40.7295,-73.9965,Greek Housing,Junior,Nursing,Syracuse,NY,43.0481,-76.1474,Single,FALSE,379
U0466,Lily,Martin,Female,18,2008-05-25,lily.martin586@example.edu,(488) 555-0140,6827620ad5487be5abbd149b88c370c1,University of Texas at Austin,Austin,TX,30.2849,-97.7341,Greek Housing,Freshman,Communications,Chicago,IL,41.8781,-87.6298,Single,FALSE,251
U0467,Tariq,Hughes,Male,18,2008-03-24,tariq.hughes190@example.edu,(748) 555-0111,b9b19f9de74e4b0a7c2f1d3f08895de1,University of Michigan,Ann Arbor,MI,42.278,-83.7382,Off-Campus Apartment,Freshman,Environmental Science,Troy,MI,42.6064,-83.1498,In a relationship,TRUE,169
U0468,Wyatt,Ruiz,Male,21,2005-05-08,wyatt.ruiz241@example.edu,(591) 555-0137,daf7436237d84ea5d8c2b22326ffcc2e,University of Wisconsin-Madison,Madison,WI,43.0766,-89.4125,Off-Campus Apartment,Senior,Education,Portland,OR,45.5152,-122.6784,It's complicated,TRUE,313
U0469,John,Wilson,Male,19,2007-07-19,john.wilson14@example.edu,(558) 555-0194,dd00bc2397c64950d4f396c73f594a20,University of Florida,Gainesville,FL,29.6436,-82.3549,Greek Housing,Sophomore,Economics,Newark,NJ,40.7357,-74.1724,In a relationship,FALSE,289
U0470,Brooklyn,Myers,Female,21,2005-01-28,brooklyn.myers633@example.edu,(222) 555-0165,11492af3f6cfb92ed9ad65f8d978c96b,New York University,New York,NY,40.7295,-73.9965,Off-Campus Apartment,Senior,History,Rochester,NY,43.1566,-77.6088,Single,TRUE,291
U0471,Benjamin,White,Male,21,2005-11-18,benjamin.white465@example.edu,(754) 555-0113,bed2fa792b291f29a8ed9b889f4f62ba,New York University,New York,NY,40.7295,-73.9965,Dorm / Residence Hall,Senior,Kinesiology,Portland,OR,45.5152,-122.6784,In a relationship,TRUE,201
U0472,Thomas,Muller,Male,21,2005-09-27,thomas.muller650@example.edu,(923) 555-0196,fae22e29160464c6397d609a78b34565,Texas A&M University,College Station,TX,30.6188,-96.3365,Off-Campus Apartment,Junior,Marketing,Dallas,TX,32.7767,-96.797,Single,TRUE,210
U0473,Destiny,Diaz,Female,19,2007-08-06,destiny.diaz866@example.edu,(730) 555-0106,a71e206b61aba8ea944427c2004ec110,Penn State University,State College,PA,40.7982,-77.8599,Dorm / Residence Hall,Sophomore,Data Analytics,Philadelphia,PA,39.9526,-75.1652,Single,FALSE,249
U0474,Harper,Thompson,Female,21,2005-07-10,harper.thompson715@example.edu,(570) 555-0136,ad2bc6b07cb326cef286b564ea992a6a,University of Washington,Seattle,WA,47.6553,-122.3035,Dorm / Residence Hall,Senior,Mathematics,Kansas City,MO,39.0997,-94.5786,Single,FALSE,101
U0475,Harper,Price,Female,18,2008-05-26,harper.price963@example.edu,(643) 555-0168,fab936f49d94b7cf777666d1d6908cf6,University of Florida,Gainesville,FL,29.6436,-82.3549,Off-Campus Apartment,Freshman,Criminal Justice,Chicago,IL,41.8781,-87.6298,Single,FALSE,633
U0476,Nolan,Ali,Male,20,2006-07-01,nolan.ali440@example.edu,(492) 555-0102,306a22e31f2a90e840afbff519e20c16,University of Minnesota,Minneapolis,MN,44.974,-93.2277,Off-Campus Apartment,Junior,Electrical Engineering,Portland,OR,45.5152,-122.6784,In a relationship,FALSE,255
U0477,Isaac,Evans,Male,19,2007-02-09,isaac.evans760@example.edu,(304) 555-0121,074ec39db8f5ba2368b810f3ccece1a5,Penn State University,State College,PA,40.7982,-77.8599,University Apartment,Sophomore,Marketing,Kansas City,MO,39.0997,-94.5786,Single,FALSE,433
U0478,Scarlett,Williams,Female,21,2005-10-23,scarlett.williams367@example.edu,(304) 555-0187,9dedc10dae76a897ef6bec1d0c284211,Ohio State University,Columbus,OH,40.0067,-83.0305,Dorm / Residence Hall,Junior,Marketing,Cincinnati,OH,39.1031,-84.512,In a relationship,FALSE,194
U0479,Roman,Okafor,Male,21,2005-12-09,roman.okafor468@example.edu,(523) 555-0170,01289a89e5f0afde31d2d4596775fe60,Penn State University,State College,PA,40.7982,-77.8599,Off-Campus Apartment,Senior,Biology,Erie,PA,42.1292,-80.0851,It's complicated,TRUE,179
U0480,Jaxon,Baker,Male,20,2006-12-11,jaxon.baker933@example.edu,(761) 555-0164,5411680b3ca435b4069126aba5e6b3e8,University of Alabama,Tuscaloosa,AL,33.214,-87.5391,University Apartment,Junior,Marketing,Birmingham,AL,33.5186,-86.8104,Single,FALSE,196
U0481,Eleanor,Williams,Female,21,2005-04-21,eleanor.williams920@example.edu,(287) 555-0174,3cc599a9dae96ba697804c306d91d599,University of Texas at Austin,Austin,TX,30.2849,-97.7341,Dorm / Residence Hall,Senior,Graphic Design,San Antonio,TX,29.4241,-98.4936,Single,TRUE,286
U0482,Victoria,Patel,Female,19,2007-10-13,victoria.patel100@example.edu,(478) 555-0106,1d0238bc6c8964bcdb8793acce4e3172,University of Georgia,Athens,GA,33.948,-83.3773,University Apartment,Sophomore,Data Analytics,Atlanta,GA,33.749,-84.388,Single,FALSE,277
U0483,Paisley,Virtanen,Female,22,2004-05-26,paisley.virtanen816@example.edu,(857) 555-0103,08261494670977eb9de4acbbaa66c010,University of Washington,Seattle,WA,47.6553,-122.3035,Off-Campus Apartment,Senior,Journalism,Tacoma,WA,47.2529,-122.4443,Single,FALSE,126
U0484,Elias,Campbell,Male,20,2006-03-12,elias.campbell729@example.edu,(930) 555-0130,36e9967d9934dce9a49e4f1fed1aff0e,Florida State University,Tallahassee,FL,30.4419,-84.2985,University Apartment,Sophomore,Nursing,Miami,FL,25.7617,-80.1918,In a relationship,TRUE,277
U0485,Ella,Alvarez,Female,22,2004-11-20,ella.alvarez688@example.edu,(852) 555-0133,47bde6eb982cb4856ad42218150b4199,University of Georgia,Athens,GA,33.948,-83.3773,Dorm / Residence Hall,Senior,Psychology,Atlanta,GA,33.749,-84.388,In a relationship,TRUE,173
U0486,Victoria,Anderson,Female,21,2005-01-19,victoria.anderson626@example.edu,(857) 555-0181,e56d3cbdcea34a5fd3a5fc90518b87ad,Arizona State University,Tempe,AZ,33.4242,-111.9281,University Apartment,Senior,Economics,Richmond,VA,37.5407,-77.436,In a relationship,TRUE,212
U0487,William,Tanaka,Male,20,2006-11-10,william.tanaka693@example.edu,(968) 555-0156,c0190a044cdb99f0facd174a2972fee1,Florida State University,Tallahassee,FL,30.4419,-84.2985,Off-Campus Apartment,Junior,Data Analytics,Tampa,FL,27.9506,-82.4572,In a relationship,TRUE,171
U0488,Malik,Cook,Male,19,2007-01-26,malik.cook581@example.edu,(443) 555-0178,ef40343fa3ee37687080117f7dc6e219,UCLA,Los Angeles,CA,34.0689,-118.4452,Dorm / Residence Hall,Sophomore,Mechanical Engineering,San Jose,CA,37.3382,-121.8863,Single,TRUE,127
U0489,Skylar,Nguyen,Female,23,2003-07-24,skylar.nguyen182@example.edu,(475) 555-0134,14c51f0171fd1ed93955bfd595c3ca35,New York University,New York,NY,40.7295,-73.9965,Off-Campus Apartment,Graduate,Public Health,Syracuse,NY,43.0481,-76.1474,It's complicated,TRUE,373
U0490,Christopher,Sullivan,Male,20,2006-12-20,christopher.sullivan557@example.edu,(323) 555-0134,14f49813ac53117df309d93c5cc22800,University of Texas at Austin,Austin,TX,30.2849,-97.7341,Lives at Home,Junior,Psychology,Fort Worth,TX,32.7555,-97.3308,Single,FALSE,339
U0491,Theodore,Jackson,Male,24,2002-09-16,theodore.jackson42@example.edu,(751) 555-0117,0a04a592367866fe50311e109a47e843,Ohio State University,Columbus,OH,40.0067,-83.0305,Lives at Home,Graduate,Nursing,Cleveland,OH,41.4993,-81.6944,Single,TRUE,181
U0492,Layla,Carter,Female,23,2003-12-22,layla.carter493@example.edu,(638) 555-0199,73a3fddc98445f786795f08929301fa1,Arizona State University,Tempe,AZ,33.4242,-111.9281,Off-Campus Apartment,Graduate,Accounting,Louisville,KY,38.2527,-85.7585,Single,FALSE,147
U0493,Madelyn,Oliveira,Female,20,2006-12-20,madelyn.oliveira445@example.edu,(912) 555-0102,7aff2a857a51a89c1f04930f86913d9d,Arizona State University,Tempe,AZ,33.4242,-111.9281,Off-Campus Apartment,Sophomore,Computer Science,Phoenix,AZ,33.4484,-112.074,Single,TRUE,252
U0494,Imani,Carter,Female,20,2006-02-18,imani.carter921@example.edu,(703) 555-0157,b6d1fa5231fc373135dfd98def426c19,University of Michigan,Ann Arbor,MI,42.278,-83.7382,Dorm / Residence Hall,Freshman,Economics,Detroit,MI,42.3314,-83.0458,In a relationship,TRUE,393
U0495,Levi,Long,Male,20,2006-10-04,levi.long894@example.edu,(362) 555-0193,d35b4c5f47636a40e59bb7026fd5c8b9,University of Florida,Gainesville,FL,29.6436,-82.3549,Off-Campus Apartment,Sophomore,Criminal Justice,Richmond,VA,37.5407,-77.436,Single,TRUE,201
U0496,Easton,Sato,Male,20,2006-01-21,easton.sato761@example.edu,(607) 555-0162,3229f71c78787e6d793a6d188474a527,Penn State University,State College,PA,40.7982,-77.8599,Off-Campus Apartment,Sophomore,Psychology,Hartford,CT,41.7658,-72.6734,Single,FALSE,280
U0497,Everly,Jones,Female,20,2006-05-07,everly.jones868@example.edu,(868) 555-0100,6cceafd969a566c8fafe1cde86bb3142,University of Florida,Gainesville,FL,29.6436,-82.3549,Off-Campus Apartment,Freshman,Business Administration,Portland,OR,45.5152,-122.6784,Single,TRUE,189
U0498,Nia,Ali,Female,19,2007-02-04,nia.ali243@example.edu,(434) 555-0190,50ae620ca68631dadf1a7159310fe780,University of Georgia,Athens,GA,33.948,-83.3773,Dorm / Residence Hall,Freshman,Marketing,Savannah,GA,32.0809,-81.0912,Single,TRUE,297
U0499,Sofia,Morgan,Female,19,2007-09-25,sofia.morgan591@example.edu,(802) 555-0147,4c4929a2d38b436fd6747701cd41bc70,University of Texas at Austin,Austin,TX,30.2849,-97.7341,Dorm / Residence Hall,Sophomore,Marketing,Charlotte,NC,35.2271,-80.8431,Single,TRUE,246
U0500,Kai,Cook,Male,23,2003-01-08,kai.cook565@example.edu,(205) 555-0183,26a9beb14f6dcd0f57065fee259cabb9,University of Texas at Austin,Austin,TX,30.2849,-97.7341,Off-Campus Apartment,Graduate,Finance,Houston,TX,29.7604,-95.3698,Single,TRUE,87
U0501,Nora,Hughes,Female,20,2006-08-06,nora.hughes772@example.edu,(847) 555-0111,7c35adbc83e7daea04b7c21121807bee,University of Texas at Austin,Austin,TX,30.2849,-97.7341,Off-Campus Apartment,Junior,Communications,San Antonio,TX,29.4241,-98.4936,Prefer not to say,TRUE,333
U0502,Amelia,Long,Female,20,2006-02-15,amelia.long824@example.edu,(534) 555-0177,10f366ae42f9a104eac4eccf16804212,Arizona State University,Tempe,AZ,33.4242,-111.9281,University Apartment,Junior,Nursing,Phoenix,AZ,33.4484,-112.074,In a relationship,FALSE,223
U0503,Jordan,Ortiz,Non-binary,19,2007-01-11,jordan.ortiz877@example.edu,(786) 555-0154,a8a222bcc4f4e98f7b949bce1caa35e0,Texas A&M University,College Station,TX,30.6188,-96.3365,Greek Housing,Freshman,Nursing,San Antonio,TX,29.4241,-98.4936,Single,TRUE,105
U0504,Ezra,Li,Male,19,2007-06-28,ezra.li903@example.edu,(672) 555-0143,ef87fab70ae89f0a2e55779121260d7b,Florida State University,Tallahassee,FL,30.4419,-84.2985,Dorm / Residence Hall,Sophomore,Nursing,Hartford,CT,41.7658,-72.6734,Prefer not to say,TRUE,215
U0505,Ximena,Osei,Female,20,2006-02-03,ximena.osei453@example.edu,(971) 555-0101,0495e818540151aabcad01d4d429d099,Ohio State University,Columbus,OH,40.0067,-83.0305,Lives at Home,Junior,History,Cincinnati,OH,39.1031,-84.512,In a relationship,FALSE,553
U0506,Kai,Richardson,Male,19,2007-12-09,kai.richardson144@example.edu,(836) 555-0195,26c57f39d3cc35fb311a3d356fa52d2d,University of Texas at Austin,Austin,TX,30.2849,-97.7341,Dorm / Residence Hall,Sophomore,Kinesiology,Fort Worth,TX,32.7555,-97.3308,Single,FALSE,187
U0507,Lincoln,Morgan,Male,23,2003-06-03,lincoln.morgan617@example.edu,(664) 555-0143,7a4a72b867663f66d485889ca800f1c3,University of Washington,Seattle,WA,47.6553,-122.3035,Off-Campus Apartment,Graduate,Biology,Richmond,VA,37.5407,-77.436,In a relationship,FALSE,154
U0508,Ava,Turner,Female,20,2006-03-06,ava.turner932@example.edu,(539) 555-0196,21d380cb36779f9481f26ee8d27b70de,University of Michigan,Ann Arbor,MI,42.278,-83.7382,Dorm / Residence Hall,Junior,Graphic Design,Lansing,MI,42.7325,-84.5555,In a relationship,FALSE,370
U0509,Alexander,Chavez,Male,21,2005-10-27,alexander.chavez205@example.edu,(668) 555-0180,b4c61506e950344cb09233ca0b1c4dc2,University of Texas at Austin,Austin,TX,30.2849,-97.7341,Dorm / Residence Hall,Senior,Accounting,Plano,TX,33.0198,-96.6989,Single,TRUE,83
U0510,Alondra,Peterson,Female,23,2003-09-02,alondra.peterson330@example.edu,(911) 555-0168,cc9c0b5f801084dc79137db39571d0bc,University of Texas at Austin,Austin,TX,30.2849,-97.7341,University Apartment,Graduate,Nursing,San Antonio,TX,29.4241,-98.4936,It's complicated,FALSE,206
U0511,Asher,Schmidt,Male,20,2006-01-01,asher.schmidt550@example.edu,(209) 555-0153,0fe15bb4f200c42a35ce324892d49b41,Arizona State University,Tempe,AZ,33.4242,-111.9281,Greek Housing,Freshman,Political Science,Scottsdale,AZ,33.4942,-111.9261,Single,TRUE,240
U0512,Kinsley,Phillips,Female,18,2008-09-28,kinsley.phillips803@example.edu,(649) 555-0134,3caac884de03944c0e9c839659923f63,University of Wisconsin-Madison,Madison,WI,43.0766,-89.4125,Dorm / Residence Hall,Freshman,History,Green Bay,WI,44.5133,-88.0133,Single,FALSE,510
U0513,Ananya,Wilson,Female,20,2006-05-25,ananya.wilson942@example.edu,(210) 555-0171,822b3b1e897227ff27a19d0af581c618,Penn State University,State College,PA,40.7982,-77.8599,Dorm / Residence Hall,Sophomore,Biology,Philadelphia,PA,39.9526,-75.1652,Single,TRUE,434
U0514,Aiden,Tanaka,Male,22,2004-03-04,aiden.tanaka499@example.edu,(948) 555-0185,4fbe81616d0b1a76ab4c5bf1a50c2968,University of Washington,Seattle,WA,47.6553,-122.3035,Dorm / Residence Hall,Senior,Nursing,Kansas City,MO,39.0997,-94.5786,It's complicated,TRUE,129
U0515,Tariq,Reed,Male,23,2003-03-15,tariq.reed298@example.edu,(490) 555-0156,9a18baf79451abc72a0944270996ea21,University of Georgia,Athens,GA,33.948,-83.3773,Greek Housing,Senior,Undeclared,Savannah,GA,32.0809,-81.0912,In a relationship,TRUE,171
U0516,Elizabeth,Ross,Female,21,2005-02-18,elizabeth.ross158@example.edu,(203) 555-0165,48e7711db8525a3ebdb0fa4ac6ead56e,Texas A&M University,College Station,TX,30.6188,-96.3365,Dorm / Residence Hall,Junior,Criminal Justice,El Paso,TX,31.7619,-106.485,In a relationship,TRUE,257
U0517,Chloe,Lee,Female,24,2002-07-11,chloe.lee288@example.edu,(774) 555-0138,19552be369f0e124addddce9807ac0e2,Ohio State University,Columbus,OH,40.0067,-83.0305,Off-Campus Apartment,Graduate,Business Administration,Boston,MA,42.3601,-71.0589,Single,TRUE,298
U0518,Diego,Carter,Male,20,2006-07-10,diego.carter875@example.edu,(678) 555-0190,e039973f4006e9ad03a14c25d09c8479,UCLA,Los Angeles,CA,34.0689,-118.4452,Dorm / Residence Hall,Sophomore,Communications,Kansas City,MO,39.0997,-94.5786,Single,FALSE,162
U0519,Abigail,Flores,Female,19,2007-02-12,abigail.flores336@example.edu,(800) 555-0120,82d4e85d777a1acc4725f148d31565c6,University of Alabama,Tuscaloosa,AL,33.214,-87.5391,Dorm / Residence Hall,Freshman,Civil Engineering,Mobile,AL,30.6954,-88.0399,Single,FALSE,400
U0520,Sarah,Smith,Female,20,2006-12-21,sarah.smith69@example.edu,(345) 555-0112,0d08a4517a3bd9467c4db8083041e6e8,Florida State University,Tallahassee,FL,30.4419,-84.2985,Dorm / Residence Hall,Junior,Undeclared,St. Louis,MO,38.627,-90.1994,Single,TRUE,136
U0521,Isaac,Wagner,Male,18,2008-12-22,isaac.wagner878@example.edu,(203) 555-0109,091f3ea88fda2f9b8de85664a407da91,University of Washington,Seattle,WA,47.6553,-122.3035,Lives at Home,Freshman,Computer Science,Louisville,KY,38.2527,-85.7585,In a relationship,TRUE,135
U0522,Zoe,Kowalski,Female,19,2007-04-13,zoe.kowalski942@example.edu,(703) 555-0143,9f8546e33bd7d978ed0e2e0cfd8a0617,University of Michigan,Ann Arbor,MI,42.278,-83.7382,Dorm / Residence Hall,Sophomore,Political Science,Detroit,MI,42.3314,-83.0458,Single,FALSE,277
U0523,Ella,Li,Female,23,2003-07-20,ella.li783@example.edu,(356) 555-0151,9ef82a8e12f232fb8d331ecfcf67f064,Ohio State University,Columbus,OH,40.0067,-83.0305,Greek Housing,Junior,Mathematics,Dayton,OH,39.7589,-84.1916,In a relationship,TRUE,564
U0524,Stella,Wilson,Female,18,2008-12-16,stella.wilson99@example.edu,(768) 555-0106,952d5f0dd3761328a416a79b5c2f3f74,New York University,New York,NY,40.7295,-73.9965,Off-Campus Apartment,Freshman,Mechanical Engineering,St. Louis,MO,38.627,-90.1994,In a relationship,TRUE,206
U0525,Eleanor,Alvarez,Female,22,2004-03-04,eleanor.alvarez557@example.edu,(404) 555-0151,2ec9a5f629a942fc7f0d4e324aa1b224,Texas A&M University,College Station,TX,30.6188,-96.3365,Off-Campus Apartment,Senior,Communications,Louisville,KY,38.2527,-85.7585,In a relationship,FALSE,248
U0526,Phoenix,Wang,Non-binary,18,2008-08-14,phoenix.wang86@example.edu,(372) 555-0134,6f48b994d3589833fd51cf82d8c5440d,New York University,New York,NY,40.7295,-73.9965,Off-Campus Apartment,Freshman,Kinesiology,Oklahoma City,OK,35.4676,-97.5164,Single,FALSE,65
U0527,Zoe,Alvarez,Female,18,2008-03-17,zoe.alvarez580@example.edu,(859) 555-0199,5cdf7d5512665046550e451751023433,Arizona State University,Tempe,AZ,33.4242,-111.9281,Off-Campus Apartment,Freshman,Music,Boston,MA,42.3601,-71.0589,It's complicated,TRUE,299
U0528,Dakota,Wilson,Non-binary,20,2006-02-09,dakota.wilson825@example.edu,(725) 555-0180,5e352c8ab2dc6869a42f65f5e92d7973,University of Florida,Gainesville,FL,29.6436,-82.3549,Greek Housing,Junior,Marketing,Orlando,FL,28.5384,-81.3789,In a relationship,TRUE,212
U0529,Emily,Hall,Female,19,2007-08-27,emily.hall758@example.edu,(707) 555-0180,8248d316a0f13bbb70cee0b189887dd0,University of Washington,Seattle,WA,47.6553,-122.3035,Greek Housing,Sophomore,Finance,Indianapolis,IN,39.7684,-86.1581,Prefer not to say,TRUE,233
U0530,Arjun,Martin,Male,23,2003-04-05,arjun.martin308@example.edu,(959) 555-0156,9981a1e2b6da22618898f34372ddcd82,University of Washington,Seattle,WA,47.6553,-122.3035,University Apartment,Graduate,Data Analytics,Vancouver,WA,45.6387,-122.6615,Single,TRUE,171
U0531,Savannah,Virtanen,Female,19,2007-02-11,savannah.virtanen527@example.edu,(227) 555-0105,675593b4c30184e89e46132d66da4cd7,University of Minnesota,Minneapolis,MN,44.974,-93.2277,Lives at Home,Freshman,Computer Science,Boston,MA,42.3601,-71.0589,Single,FALSE,129
U0532,Wei,Gray,Male,20,2006-02-12,wei.gray352@example.edu,(204) 555-0155,02d95419da04cf332117dab7fcc5cfa3,Arizona State University,Tempe,AZ,33.4242,-111.9281,Dorm / Residence Hall,Junior,Psychology,Louisville,KY,38.2527,-85.7585,It's complicated,TRUE,526
U0533,Emilia,King,Female,23,2003-09-13,emilia.king262@example.edu,(224) 555-0182,cbc4b20e2cc426466fadeefb18f5b417,University of Michigan,Ann Arbor,MI,42.278,-83.7382,Dorm / Residence Hall,Senior,Economics,Grand Rapids,MI,42.9634,-85.6681,Prefer not to say,TRUE,169
U0534,Lily,Rossi,Female,24,2002-01-26,lily.rossi149@example.edu,(741) 555-0181,df619af14bed8b771f50df8c544ea165,University of Georgia,Athens,GA,33.948,-83.3773,Off-Campus Apartment,Graduate,Data Analytics,Hartford,CT,41.7658,-72.6734,Single,FALSE,185
U0535,Amelia,Baker,Female,23,2003-06-25,amelia.baker298@example.edu,(846) 555-0170,52415eb7f368bf2d8e57c09dfc8fd747,University of Wisconsin-Madison,Madison,WI,43.0766,-89.4125,Off-Campus Apartment,Graduate,Psychology,Indianapolis,IN,39.7684,-86.1581,Single,FALSE,543
U0536,Joseph,Sanders,Male,19,2007-06-28,joseph.sanders299@example.edu,(354) 555-0190,0f3aa5f3d59714626ae077d25b19a152,University of Florida,Gainesville,FL,29.6436,-82.3549,Dorm / Residence Hall,Freshman,Undeclared,Portland,OR,45.5152,-122.6784,In a relationship,FALSE,124
U0537,Riley,Wang,Female,23,2003-11-04,riley.wang930@example.edu,(949) 555-0189,46a376baa63c5f3cf2f65a4b0110d740,University of Florida,Gainesville,FL,29.6436,-82.3549,Lives at Home,Senior,Civil Engineering,Orlando,FL,28.5384,-81.3789,In a relationship,TRUE,232
U0538,Cooper,Virtanen,Male,19,2007-05-06,cooper.virtanen567@example.edu,(469) 555-0107,48d21bc380b8ddb8b8d80fbd9b199850,Florida State University,Tallahassee,FL,30.4419,-84.2985,Off-Campus Apartment,Sophomore,Graphic Design,Richmond,VA,37.5407,-77.436,Prefer not to say,TRUE,325
U0539,Finley,Roberts,Non-binary,21,2005-12-07,finley.roberts243@example.edu,(382) 555-0165,ee75c98320c9573d0c7f218bb9971156,University of Wisconsin-Madison,Madison,WI,43.0766,-89.4125,Off-Campus Apartment,Senior,Information Systems,Kenosha,WI,42.5847,-87.8212,Single,TRUE,226
U0540,Riley,Kim,Female,22,2004-02-10,riley.kim323@example.edu,(699) 555-0128,9b298d1af9cca11793915dcfe9da30ea,Florida State University,Tallahassee,FL,30.4419,-84.2985,Dorm / Residence Hall,Senior,Nursing,Jacksonville,FL,30.3322,-81.6557,Single,TRUE,274
U0541,Darius,Flores,Male,20,2006-12-23,darius.flores797@example.edu,(571) 555-0192,cade1224a7c6f8222238bf6e319bcc10,Texas A&M University,College Station,TX,30.6188,-96.3365,Lives at Home,Junior,Communications,Oklahoma City,OK,35.4676,-97.5164,In a relationship,TRUE,94
U0542,Cameron,Oliveira,Male,20,2006-09-03,cameron.oliveira212@example.edu,(408) 555-0149,7295fb928952bc18b24bc4a8dd765bcf,University of Florida,Gainesville,FL,29.6436,-82.3549,Off-Campus Apartment,Junior,Undeclared,Orlando,FL,28.5384,-81.3789,Single,TRUE,209
U0543,Ezekiel,Phillips,Male,19,2007-03-02,ezekiel.phillips417@example.edu,(720) 555-0145,6106cd11e8fd695cfdec636312b0bbb3,Penn State University,State College,PA,40.7982,-77.8599,University Apartment,Sophomore,Nursing,Philadelphia,PA,39.9526,-75.1652,Single,TRUE,636
U0544,Ellie,Ramirez,Female,20,2006-07-11,ellie.ramirez57@example.edu,(463) 555-0151,53c2c3fdd10e37b45a869a48db966b93,University of Florida,Gainesville,FL,29.6436,-82.3549,Dorm / Residence Hall,Sophomore,Computer Science,Jacksonville,FL,30.3322,-81.6557,In a relationship,TRUE,304
U0545,Ezekiel,Le,Male,23,2003-08-01,ezekiel.le142@example.edu,(217) 555-0195,7e16544bf0a73f28759989b5941c9579,University of Michigan,Ann Arbor,MI,42.278,-83.7382,Off-Campus Apartment,Graduate,Nursing,Salt Lake City,UT,40.7608,-111.891,Prefer not to say,FALSE,169
U0546,Finley,Lindberg,Prefer not to say,23,2003-02-24,finley.lindberg226@example.edu,(428) 555-0148,72dfb3b8d5f5b3f9eadc03d2e063cbcc,UCLA,Los Angeles,CA,34.0689,-118.4452,Off-Campus Apartment,Senior,Communications,Irvine,CA,33.6846,-117.8265,Single,FALSE,302
U0547,Nia,Price,Female,25,2001-12-26,nia.price351@example.edu,(849) 555-0154,1075c17d51fc60084736a0f3fdd167b0,UCLA,Los Angeles,CA,34.0689,-118.4452,Off-Campus Apartment,Graduate,Criminal Justice,San Diego,CA,32.7157,-117.1611,In a relationship,TRUE,250
U0548,Maverick,Peterson,Male,19,2007-02-12,maverick.peterson356@example.edu,(370) 555-0170,02b7106167c3d41d592d80759948f330,Ohio State University,Columbus,OH,40.0067,-83.0305,Dorm / Residence Hall,Sophomore,Marketing,Toledo,OH,41.6528,-83.5379,In a relationship,TRUE,109
U0549,Olivia,Oliveira,Female,21,2005-04-10,olivia.oliveira843@example.edu,(578) 555-0148,447639e37665cb06de5fd15f34ee1923,Texas A&M University,College Station,TX,30.6188,-96.3365,Off-Campus Apartment,Junior,Mechanical Engineering,Omaha,NE,41.2565,-95.9345,Single,TRUE,460
U0550,Camila,Yamamoto,Female,18,2008-12-02,camila.yamamoto57@example.edu,(740) 555-0181,6e4d6a44637de861d3ecc789cb7432b8,UCLA,Los Angeles,CA,34.0689,-118.4452,Off-Campus Apartment,Freshman,Business Administration,Sacramento,CA,38.5816,-121.4944,Single,TRUE,358
U0551,Riley,Lee,Female,19,2007-10-18,riley.lee462@example.edu,(673) 555-0109,2f45a8b06e6266b8ef3bbda529aeb72b,University of Georgia,Athens,GA,33.948,-83.3773,Lives at Home,Sophomore,Biology,Boston,MA,42.3601,-71.0589,In a relationship,FALSE,295
U0552,Naomi,Hill,Female,19,2007-10-28,naomi.hill432@example.edu,(795) 555-0198,12e04c33946b352256f14eb31f47d27b,UCLA,Los Angeles,CA,34.0689,-118.4452,Dorm / Residence Hall,Freshman,Electrical Engineering,San Jose,CA,37.3382,-121.8863,Single,TRUE,224
U0553,Camila,Long,Female,21,2005-07-10,camila.long809@example.edu,(814) 555-0120,f55f07f947f24be23ba1afca9ba69e61,University of Alabama,Tuscaloosa,AL,33.214,-87.5391,Dorm / Residence Hall,Senior,Data Analytics,Huntsville,AL,34.7304,-86.5861,Single,TRUE,144
U0554,Luca,Thompson,Male,22,2004-11-19,luca.thompson387@example.edu,(344) 555-0131,c38a850606c82218c7461af3bebc9c36,Florida State University,Tallahassee,FL,30.4419,-84.2985,Dorm / Residence Hall,Sophomore,Civil Engineering,Tampa,FL,27.9506,-82.4572,Single,TRUE,247
U0555,Lucy,Kim,Female,18,2008-09-20,lucy.kim566@example.edu,(457) 555-0149,ab3a9c079a7cd281b266872e00e099d2,UCLA,Los Angeles,CA,34.0689,-118.4452,Dorm / Residence Hall,Freshman,Kinesiology,San Diego,CA,32.7157,-117.1611,In a relationship,FALSE,60
U0556,Jeremiah,Roberts,Male,19,2007-12-16,jeremiah.roberts980@example.edu,(565) 555-0102,179b3d8a087422ca5b0b93a23d24b999,Penn State University,State College,PA,40.7982,-77.8599,Dorm / Residence Hall,Sophomore,Data Analytics,Allentown,PA,40.6084,-75.4902,Single,FALSE,180
U0557,Aisha,Sato,Female,22,2004-09-01,aisha.sato802@example.edu,(773) 555-0176,afc8df5e7b489309bb164b8a8b882e4d,University of Minnesota,Minneapolis,MN,44.974,-93.2277,Off-Campus Apartment,Junior,Accounting,Newark,NJ,40.7357,-74.1724,In a relationship,TRUE,631
U0558,Alondra,Rossi,Female,21,2005-09-19,alondra.rossi381@example.edu,(354) 555-0162,065eb3ef2ea80ac51501517fa53be4ef,University of Florida,Gainesville,FL,29.6436,-82.3549,Dorm / Residence Hall,Sophomore,Marketing,Orlando,FL,28.5384,-81.3789,In a relationship,TRUE,169
U0559,Amelia,Howard,Female,21,2005-04-09,amelia.howard901@example.edu,(415) 555-0184,448f1edff4efa8589ceed23e6c23bc87,Texas A&M University,College Station,TX,30.6188,-96.3365,Dorm / Residence Hall,Junior,Computer Science,Fort Worth,TX,32.7555,-97.3308,Single,FALSE,141
U0560,Madelyn,Green,Female,23,2003-11-05,madelyn.green339@example.edu,(406) 555-0112,88e2cdd05b22b598a2619df0e3afd28c,Arizona State University,Tempe,AZ,33.4242,-111.9281,University Apartment,Graduate,Kinesiology,Las Vegas,NV,36.1699,-115.1398,Single,FALSE,159
U0561,Destiny,Becker,Female,20,2006-01-18,destiny.becker630@example.edu,(614) 555-0152,dd0ea6f21e0c82fe20ea130823a0413f,UCLA,Los Angeles,CA,34.0689,-118.4452,Off-Campus Apartment,Junior,Finance,San Jose,CA,37.3382,-121.8863,In a relationship,FALSE,232
U0562,Nathan,Diaz,Male,21,2005-01-02,nathan.diaz2@example.edu,(371) 555-0188,1de5063a753c16086d9810e7cb4d0134,Texas A&M University,College Station,TX,30.6188,-96.3365,Lives at Home,Junior,Criminal Justice,St. Louis,MO,38.627,-90.1994,Single,TRUE,225
U0563,Ella,Green,Female,21,2005-02-27,ella.green55@example.edu,(668) 555-0150,a58998ce31ea9ef1b5e0a8c17c5ad7d6,Penn State University,State College,PA,40.7982,-77.8599,Dorm / Residence Hall,Senior,Nursing,Erie,PA,42.1292,-80.0851,In a relationship,TRUE,325
U0564,Stella,Sato,Female,19,2007-05-22,stella.sato323@example.edu,(912) 555-0156,6b41f33c76ea480e9e59a393d6dbe119,Arizona State University,Tempe,AZ,33.4242,-111.9281,Greek Housing,Freshman,Undeclared,Tucson,AZ,32.2226,-110.9747,Single,TRUE,111
U0565,Eleanor,Silva,Female,20,2006-06-15,eleanor.silva94@example.edu,(218) 555-0169,847cebed71ad3cac17af49fea75b21b5,New York University,New York,NY,40.7295,-73.9965,Off-Campus Apartment,Junior,Business Administration,Rochester,NY,43.1566,-77.6088,Single,TRUE,141
U0566,Luna,Phillips,Female,22,2004-02-24,luna.phillips262@example.edu,(926) 555-0185,9883d4963e498fc945e8e236b6a46827,University of Minnesota,Minneapolis,MN,44.974,-93.2277,Off-Campus Apartment,Senior,Communications,Rochester,MN,44.0121,-92.4802,In a relationship,TRUE,87
U0567,Luna,Lee,Female,18,2008-12-12,luna.lee918@example.edu,(833) 555-0129,ccb2b0cb4d1606d194b8fccc1a049f1b,Arizona State University,Tempe,AZ,33.4242,-111.9281,Dorm / Residence Hall,Freshman,Kinesiology,Indianapolis,IN,39.7684,-86.1581,Single,FALSE,198
U0568,Abigail,Young,Female,20,2006-02-27,abigail.young696@example.edu,(657) 555-0160,0ac035656075765d9f329dc56c70e28c,University of Washington,Seattle,WA,47.6553,-122.3035,Dorm / Residence Hall,Junior,Nursing,Bellevue,WA,47.6101,-122.2015,Single,TRUE,752
U0569,Gabriella,Hall,Female,20,2006-10-03,gabriella.hall526@example.edu,(730) 555-0140,853f644251c65e542a815c8d3cfe720f,UCLA,Los Angeles,CA,34.0689,-118.4452,Off-Campus Apartment,Sophomore,Accounting,Irvine,CA,33.6846,-117.8265,Single,TRUE,480
U0570,Skylar,Anderson,Female,19,2007-02-01,skylar.anderson177@example.edu,(741) 555-0157,8e249b711bf3cd9c15bca72ebc854a8b,UCLA,Los Angeles,CA,34.0689,-118.4452,Dorm / Residence Hall,Freshman,Business Administration,Hartford,CT,41.7658,-72.6734,Single,TRUE,271
U0571,Allison,Garcia,Female,21,2005-10-25,allison.garcia466@example.edu,(395) 555-0194,cbbcfaad36f081495fac5e2f6cfc496d,University of Wisconsin-Madison,Madison,WI,43.0766,-89.4125,Dorm / Residence Hall,Sophomore,Psychology,Milwaukee,WI,43.0389,-87.9065,Single,TRUE,180
U0572,Ellie,Peterson,Female,21,2005-06-28,ellie.peterson358@example.edu,(616) 555-0160,8c814a6027a3154e43c49c9d497da39d,University of Minnesota,Minneapolis,MN,44.974,-93.2277,Lives at Home,Senior,Psychology,St. Louis,MO,38.627,-90.1994,Single,TRUE,272
U0573,Raj,Rodriguez,Male,21,2005-10-12,raj.rodriguez789@example.edu,(247) 555-0132,08bf9113aa4c6d900ccc27aff90d2f87,University of Minnesota,Minneapolis,MN,44.974,-93.2277,Dorm / Residence Hall,Sophomore,Psychology,Bloomington,MN,44.8408,-93.2983,In a relationship,FALSE,189
U0574,Jayden,Harris,Male,20,2006-04-08,jayden.harris273@example.edu,(329) 555-0114,e9792a866d71cffbb436fa58b07dc0ec,Florida State University,Tallahassee,FL,30.4419,-84.2985,Lives at Home,Junior,Psychology,Jacksonville,FL,30.3322,-81.6557,Single,FALSE,121
U0575,Diego,Bennett,Male,20,2006-12-20,diego.bennett570@example.edu,(283) 555-0168,9353bc80e1a206abdea73d6b7bbcd1a9,University of Minnesota,Minneapolis,MN,44.974,-93.2277,Off-Campus Apartment,Sophomore,Information Systems,Duluth,MN,46.7867,-92.1005,In a relationship,TRUE,400
U0576,Jasmine,Foster,Female,19,2007-02-07,jasmine.foster525@example.edu,(461) 555-0193,452dc28b6991754644e7f457baecc3ce,New York University,New York,NY,40.7295,-73.9965,Dorm / Residence Hall,Sophomore,Marketing,Richmond,VA,37.5407,-77.436,Single,TRUE,246
U0577,Scarlett,Phillips,Female,23,2003-09-24,scarlett.phillips527@example.edu,(480) 555-0103,3549352eae0e0f9a1b85ab32846459bf,New York University,New York,NY,40.7295,-73.9965,Lives at Home,Senior,Graphic Design,New Orleans,LA,29.9511,-90.0715,In a relationship,FALSE,271
U0578,Ximena,Cox,Female,19,2007-12-09,ximena.cox547@example.edu,(874) 555-0189,fd2a51205d0a4f9e19f633094d9769e2,Penn State University,State College,PA,40.7982,-77.8599,Off-Campus Apartment,Sophomore,Criminal Justice,Las Vegas,NV,36.1699,-115.1398,In a relationship,FALSE,358
U0579,Daniel,Roberts,Male,21,2005-09-06,daniel.roberts479@example.edu,(625) 555-0189,a7f10019e573e3c9341af81229bee940,University of Washington,Seattle,WA,47.6553,-122.3035,Dorm / Residence Hall,Senior,Biology,Tacoma,WA,47.2529,-122.4443,Single,FALSE,247
U0580,Samuel,Jimenez,Male,20,2006-12-28,samuel.jimenez732@example.edu,(781) 555-0162,ccae737546ab3d7550a2951baffdac3b,University of Minnesota,Minneapolis,MN,44.974,-93.2277,Lives at Home,Junior,Public Health,St. Paul,MN,44.9537,-93.09,In a relationship,TRUE,380
U0581,Oliver,Thomas,Male,19,2007-10-22,oliver.thomas587@example.edu,(437) 555-0171,eb39e23ae0297886c2776115d1b31f22,Florida State University,Tallahassee,FL,30.4419,-84.2985,Off-Campus Apartment,Sophomore,Sociology,St. Louis,MO,38.627,-90.1994,In a relationship,FALSE,168
U0582,Logan,Janssen,Male,21,2005-09-28,logan.janssen681@example.edu,(309) 555-0176,f00458d0d3608449cf34b50a751de979,Ohio State University,Columbus,OH,40.0067,-83.0305,Greek Housing,Junior,Undeclared,Cleveland,OH,41.4993,-81.6944,In a relationship,FALSE,301
U0583,Hazel,Brooks,Female,21,2005-07-24,hazel.brooks531@example.edu,(318) 555-0179,00daccb5a4c189ae605ffe3362b2c9fc,Arizona State University,Tempe,AZ,33.4242,-111.9281,Off-Campus Apartment,Senior,Public Health,Mesa,AZ,33.4152,-111.8315,Single,FALSE,66
U0584,Diego,Sullivan,Male,26,2000-05-05,diego.sullivan846@example.edu,(621) 555-0194,f0eec3a6b15d07ee8108f7a2007466d1,Florida State University,Tallahassee,FL,30.4419,-84.2985,University Apartment,Graduate,Biology,Columbia,SC,34.0007,-81.0348,Single,TRUE,247
U0585,Hannah,Tran,Female,21,2005-01-16,hannah.tran393@example.edu,(900) 555-0105,729a9714960bea48899c3470a4c36335,University of Alabama,Tuscaloosa,AL,33.214,-87.5391,Dorm / Residence Hall,Senior,Communications,Newark,NJ,40.7357,-74.1724,In a relationship,TRUE,147
U0586,Yuna,Jackson,Female,18,2008-06-21,yuna.jackson251@example.edu,(409) 555-0166,08372a57fc3673e2ffca5e9907cd6484,University of Georgia,Athens,GA,33.948,-83.3773,Dorm / Residence Hall,Freshman,Political Science,Hartford,CT,41.7658,-72.6734,Single,FALSE,159
U0587,Carlos,Hassan,Male,20,2006-05-12,carlos.hassan445@example.edu,(420) 555-0106,39192ab2c37c5f0f7c648a26ba062525,University of Washington,Seattle,WA,47.6553,-122.3035,Dorm / Residence Hall,Junior,Communications,Tacoma,WA,47.2529,-122.4443,Prefer not to say,TRUE,411
U0588,Nathan,Evans,Male,19,2007-11-03,nathan.evans865@example.edu,(449) 555-0187,32a1a14f6e07ff3634fb3f32f9e3349e,Ohio State University,Columbus,OH,40.0067,-83.0305,Dorm / Residence Hall,Sophomore,Nursing,Nashville,TN,36.1627,-86.7816,In a relationship,FALSE,144
U0589,Matthew,Johnson,Male,23,2003-07-27,matthew.johnson377@example.edu,(932) 555-0128,08d4278b3dbac5eede478107a819bfa3,Ohio State University,Columbus,OH,40.0067,-83.0305,Off-Campus Apartment,Graduate,Electrical Engineering,Toledo,OH,41.6528,-83.5379,It's complicated,FALSE,336
U0590,Cameron,Larsen,Male,21,2005-04-11,cameron.larsen472@example.edu,(419) 555-0154,692b16f16b73ba592d12bf880e930012,University of Georgia,Athens,GA,33.948,-83.3773,Dorm / Residence Hall,Senior,History,Augusta,GA,33.4735,-82.0105,In a relationship,TRUE,68
U0591,Caleb,Lopez,Male,22,2004-04-11,caleb.lopez765@example.edu,(781) 555-0159,506a939e001412a37c4001a24c1e4627,Arizona State University,Tempe,AZ,33.4242,-111.9281,Off-Campus Apartment,Senior,Computer Science,Hartford,CT,41.7658,-72.6734,Single,FALSE,178
U0592,Harper,Wilson,Female,22,2004-06-23,harper.wilson240@example.edu,(720) 555-0167,6ff2184a4e0980b4b0c1f5f8c9d33b82,University of Minnesota,Minneapolis,MN,44.974,-93.2277,Dorm / Residence Hall,Junior,Sociology,Duluth,MN,46.7867,-92.1005,Prefer not to say,TRUE,128
U0593,Carter,Byrne,Male,21,2005-01-05,carter.byrne515@example.edu,(313) 555-0110,11994aee4ecdb4664b85db67fa692abb,University of Washington,Seattle,WA,47.6553,-122.3035,Dorm / Residence Hall,Senior,Kinesiology,Tacoma,WA,47.2529,-122.4443,Single,FALSE,275
U0594,Logan,Adams,Male,23,2003-10-11,logan.adams427@example.edu,(812) 555-0120,61fcb96433efebe09a165e1e6eca1a16,University of Alabama,Tuscaloosa,AL,33.214,-87.5391,Off-Campus Apartment,Graduate,Music,Huntsville,AL,34.7304,-86.5861,Single,FALSE,295
U0595,Joshua,Kim,Male,18,2008-11-19,joshua.kim396@example.edu,(673) 555-0100,39118192483fc802ff12791869745cdd,University of Georgia,Athens,GA,33.948,-83.3773,Off-Campus Apartment,Freshman,Business Administration,Savannah,GA,32.0809,-81.0912,It's complicated,TRUE,229
U0596,Axel,Thomas,Male,23,2003-03-06,axel.thomas765@example.edu,(976) 555-0187,78a477a5b2aa780d4e96e999e47b6aa5,Ohio State University,Columbus,OH,40.0067,-83.0305,Off-Campus Apartment,Graduate,Undeclared,Cincinnati,OH,39.1031,-84.512,It's complicated,TRUE,181
U0597,Skylar,Roberts,Female,23,2003-05-27,skylar.roberts541@example.edu,(539) 555-0164,6ba4666344a9a4ce8354b29db6ed7748,Ohio State University,Columbus,OH,40.0067,-83.0305,Off-Campus Apartment,Graduate,Kinesiology,Dayton,OH,39.7589,-84.1916,In a relationship,FALSE,169
U0598,Jeremiah,Nelson,Male,20,2006-10-02,jeremiah.nelson145@example.edu,(528) 555-0170,f3d0c0ffa7c31e74fab45a8d338d4484,University of Alabama,Tuscaloosa,AL,33.214,-87.5391,University Apartment,Junior,Computer Science,Mobile,AL,30.6954,-88.0399,It's complicated,FALSE,240
U0599,Cooper,Sanders,Male,21,2005-11-15,cooper.sanders907@example.edu,(815) 555-0157,667af6405e9502d6dc1fb07d11f68b5e,University of Michigan,Ann Arbor,MI,42.278,-83.7382,Dorm / Residence Hall,Senior,Psychology,Oklahoma City,OK,35.4676,-97.5164,In a relationship,TRUE,199
U0600,Elizabeth,Garcia,Female,21,2005-07-05,elizabeth.garcia936@example.edu,(522) 555-0196,6e8a0c8e49d008341c69bd75b80ca025,Texas A&M University,College Station,TX,30.6188,-96.3365,Off-Campus Apartment,Senior,Information Systems,Houston,TX,29.7604,-95.3698,Single,FALSE,120
U0601,Jonathan,Cook,Male,23,2003-11-13,jonathan.cook922@example.edu,(757) 555-0111,37df32814b050a95017218fec0bc4940,Ohio State University,Columbus,OH,40.0067,-83.0305,Dorm / Residence Hall,Junior,Information Systems,Cincinnati,OH,39.1031,-84.512,In a relationship,FALSE,361
U0602,Penelope,Richardson,Female,21,2005-02-15,penelope.richardson334@example.edu,(661) 555-0170,c23c138bb2427b4968857f2df007f122,University of Florida,Gainesville,FL,29.6436,-82.3549,Dorm / Residence Hall,Freshman,Psychology,Orlando,FL,28.5384,-81.3789,Single,TRUE,281
U0603,Nora,Kowalski,Female,20,2006-09-02,nora.kowalski181@example.edu,(826) 555-0129,a154aa2167275b5ebe5f3505892a99c9,University of Wisconsin-Madison,Madison,WI,43.0766,-89.4125,Off-Campus Apartment,Junior,Mechanical Engineering,Columbia,SC,34.0007,-81.0348,Prefer not to say,FALSE,184
U0604,James,Chen,Male,21,2005-09-23,james.chen1@example.edu,(969) 555-0161,ca15be84268d4a2f012d7d5d42103ee0,UCLA,Los Angeles,CA,34.0689,-118.4452,Off-Campus Apartment,Junior,Business Administration,Sacramento,CA,38.5816,-121.4944,Single,TRUE,188
U0605,Landon,Cruz,Male,18,2008-12-01,landon.cruz166@example.edu,(715) 555-0118,eb70d1b4f0c09fcfdaaf668245dcc803,Texas A&M University,College Station,TX,30.6188,-96.3365,Off-Campus Apartment,Freshman,Biology,New Orleans,LA,29.9511,-90.0715,Single,TRUE,160
U0606,Eleanor,Walker,Female,20,2006-04-26,eleanor.walker7@example.edu,(348) 555-0172,452f1df42b433cca7ec6f24e9f21a2ec,University of Georgia,Athens,GA,33.948,-83.3773,Off-Campus Apartment,Junior,Marketing,Atlanta,GA,33.749,-84.388,Single,FALSE,215
U0607,James,Campbell,Male,20,2006-08-23,james.campbell733@example.edu,(758) 555-0123,5d047f22f90393898bba98469fbbde3b,Texas A&M University,College Station,TX,30.6188,-96.3365,Dorm / Residence Hall,Junior,Marketing,San Antonio,TX,29.4241,-98.4936,In a relationship,TRUE,159
U0608,Addison,Torres,Female,19,2007-09-16,addison.torres582@example.edu,(743) 555-0143,513c47a215ef61429fd267f5b04ae059,UCLA,Los Angeles,CA,34.0689,-118.4452,Off-Campus Apartment,Sophomore,Computer Science,Chicago,IL,41.8781,-87.6298,It's complicated,TRUE,169
U0609,Zoe,Chavez,Female,21,2005-01-09,zoe.chavez264@example.edu,(485) 555-0134,ae640d4e9e27e065faf71734cca56fdf,Arizona State University,Tempe,AZ,33.4242,-111.9281,Greek Housing,Senior,Undeclared,Scottsdale,AZ,33.4942,-111.9261,Single,TRUE,122
U0610,Rowan,Murray,Non-binary,19,2007-09-12,rowan.murray622@example.edu,(481) 555-0199,bdfc86f236fbf19c2b2b1703e4bb534e,University of Minnesota,Minneapolis,MN,44.974,-93.2277,Off-Campus Apartment,Sophomore,Data Analytics,St. Paul,MN,44.9537,-93.09,Single,TRUE,148
U0611,Emma,Novak,Female,19,2007-02-18,emma.novak653@example.edu,(813) 555-0195,bfe891b44e4444da6371013a8419391c,Penn State University,State College,PA,40.7982,-77.8599,Dorm / Residence Hall,Freshman,Political Science,Erie,PA,42.1292,-80.0851,Single,FALSE,278
U0612,Harper,Collins,Female,21,2005-02-15,harper.collins665@example.edu,(689) 555-0119,8b7cead38e17ce04fb06b1e6b8b49b50,University of Florida,Gainesville,FL,29.6436,-82.3549,Dorm / Residence Hall,Junior,Undeclared,Orlando,FL,28.5384,-81.3789,Single,FALSE,130
U0613,Kennedy,Jackson,Female,19,2007-02-06,kennedy.jackson696@example.edu,(616) 555-0144,dc68d803a5898da9b8ead2900ee6050d,New York University,New York,NY,40.7295,-73.9965,Off-Campus Apartment,Sophomore,Biology,Brooklyn,NY,40.6782,-73.9442,Single,FALSE,209
U0614,Ananya,Cook,Female,23,2003-03-18,ananya.cook678@example.edu,(653) 555-0149,9384360b9b7d361e413a1045b74fde55,University of Georgia,Athens,GA,33.948,-83.3773,Lives at Home,Graduate,Nursing,Marietta,GA,33.9526,-84.5499,In a relationship,FALSE,220
U0615,Camila,Papadopoulos,Female,21,2005-07-26,camila.papadopoulos390@example.edu,(378) 555-0151,6dcf124acd65713275f62260a0e8acb3,New York University,New York,NY,40.7295,-73.9965,Dorm / Residence Hall,Sophomore,Communications,Brooklyn,NY,40.6782,-73.9442,Single,TRUE,144
U0616,Christian,Tanaka,Male,20,2006-06-07,christian.tanaka503@example.edu,(639) 555-0191,1ef2041c53e5541849cf90b2d365d9d1,Arizona State University,Tempe,AZ,33.4242,-111.9281,Off-Campus Apartment,Sophomore,Political Science,Indianapolis,IN,39.7684,-86.1581,In a relationship,TRUE,769
U0617,Benjamin,Torres,Male,18,2008-11-26,benjamin.torres314@example.edu,(243) 555-0194,b427c8d9707b67c6c76ac01722865a64,Ohio State University,Columbus,OH,40.0067,-83.0305,Off-Campus Apartment,Freshman,Business Administration,Salt Lake City,UT,40.7608,-111.891,In a relationship,TRUE,157
U0618,Hazel,Morgan,Female,19,2007-02-18,hazel.morgan233@example.edu,(818) 555-0106,6376c7e836c87ac3c69e13a75a1e1223,University of Florida,Gainesville,FL,29.6436,-82.3549,Off-Campus Apartment,Sophomore,Biology,Miami,FL,25.7617,-80.1918,Single,TRUE,213
U0619,Daniel,Ramirez,Male,18,2008-05-09,daniel.ramirez426@example.edu,(634) 555-0164,352fe0ec643348cc050906eba7f225eb,Penn State University,State College,PA,40.7982,-77.8599,Off-Campus Apartment,Freshman,Business Administration,Pittsburgh,PA,40.4406,-79.9959,Single,FALSE,60
U0620,Ezra,Harris,Male,18,2008-04-01,ezra.harris233@example.edu,(201) 555-0120,1c31c621fb02a66d5f3d4b4bace5f3a1,University of Georgia,Athens,GA,33.948,-83.3773,Off-Campus Apartment,Freshman,Computer Science,Louisville,KY,38.2527,-85.7585,Single,FALSE,199
U0621,Robert,Murphy,Male,18,2008-11-05,robert.murphy94@example.edu,(686) 555-0160,262919553b70eae5883ec1fdcce2f7fc,University of Minnesota,Minneapolis,MN,44.974,-93.2277,Off-Campus Apartment,Freshman,Psychology,St. Paul,MN,44.9537,-93.09,It's complicated,TRUE,92
U0622,Grayson,Brown,Male,24,2002-01-24,grayson.brown753@example.edu,(634) 555-0169,fd603090f0bff94418c5e140833497a6,Penn State University,State College,PA,40.7982,-77.8599,Off-Campus Apartment,Graduate,Public Health,Pittsburgh,PA,40.4406,-79.9959,Single,TRUE,204
U0623,Nathan,Sanchez,Male,25,2001-11-15,nathan.sanchez778@example.edu,(789) 555-0158,cc723085ced6e6e4b0334dadb66fef8c,Florida State University,Tallahassee,FL,30.4419,-84.2985,Off-Campus Apartment,Graduate,Biology,Miami,FL,25.7617,-80.1918,In a relationship,TRUE,246
U0624,Ananya,Bennett,Female,20,2006-11-16,ananya.bennett239@example.edu,(754) 555-0150,ddb3aec590d1f86f24f546453a7010d6,University of Texas at Austin,Austin,TX,30.2849,-97.7341,Lives at Home,Junior,Music,San Antonio,TX,29.4241,-98.4936,In a relationship,TRUE,178
U0625,John,Li,Male,18,2008-10-05,john.li477@example.edu,(478) 555-0128,a0eb17943443a1b9035e4c213f6f9bbd,University of Georgia,Athens,GA,33.948,-83.3773,Off-Campus Apartment,Freshman,Sociology,Augusta,GA,33.4735,-82.0105,In a relationship,FALSE,113
U0626,Jeremiah,Rogers,Male,19,2007-06-03,jeremiah.rogers376@example.edu,(351) 555-0176,98badd94523fd6ec2f329ae2199eb120,University of Texas at Austin,Austin,TX,30.2849,-97.7341,Dorm / Residence Hall,Freshman,Business Administration,San Antonio,TX,29.4241,-98.4936,Single,TRUE,72
U0627,Grace,Watson,Female,18,2008-05-06,grace.watson125@example.edu,(470) 555-0108,73d00f8bf415789ba11251c068c54c33,Ohio State University,Columbus,OH,40.0067,-83.0305,Greek Housing,Freshman,Civil Engineering,Cleveland,OH,41.4993,-81.6944,Single,FALSE,182
U0628,Maya,Reyes,Female,23,2003-12-27,maya.reyes453@example.edu,(520) 555-0173,45b7d38934fdaf6b0d4ab3f30a87b071,Texas A&M University,College Station,TX,30.6188,-96.3365,Off-Campus Apartment,Senior,Business Administration,San Antonio,TX,29.4241,-98.4936,Single,TRUE,104
U0629,Lucas,White,Male,24,2002-12-10,lucas.white969@example.edu,(878) 555-0180,9d12a6a4e0f7efd55a505abe67f36250,University of Alabama,Tuscaloosa,AL,33.214,-87.5391,Off-Campus Apartment,Graduate,Information Systems,St. Louis,MO,38.627,-90.1994,Single,FALSE,169
U0630,Olivia,Vargas,Female,21,2005-12-07,olivia.vargas293@example.edu,(372) 555-0124,f77c7e97f120d1ea66566beb59f460e6,University of Texas at Austin,Austin,TX,30.2849,-97.7341,Dorm / Residence Hall,Senior,Kinesiology,Dallas,TX,32.7767,-96.797,Single,TRUE,311
U0631,Aiden,Santos,Male,18,2008-04-13,aiden.santos491@example.edu,(262) 555-0137,d9bd94662a975a3dfd26e9d7edef814d,Texas A&M University,College Station,TX,30.6188,-96.3365,Off-Campus Apartment,Freshman,English,El Paso,TX,31.7619,-106.485,In a relationship,FALSE,506
U0632,Matthew,Cooper,Male,19,2007-04-19,matthew.cooper398@example.edu,(666) 555-0138,e4e8d4f620c443d7f819d78371a663e0,Arizona State University,Tempe,AZ,33.4242,-111.9281,University Apartment,Sophomore,History,Kansas City,MO,39.0997,-94.5786,Single,TRUE,711
U0633,Rowan,Sullivan,Non-binary,23,2003-02-07,rowan.sullivan21@example.edu,(775) 555-0178,9238fa299ee03406c629286fa5591b2e,Florida State University,Tallahassee,FL,30.4419,-84.2985,University Apartment,Graduate,Biology,Tampa,FL,27.9506,-82.4572,Single,TRUE,421
U0634,Luca,Kim,Male,20,2006-07-01,luca.kim58@example.edu,(764) 555-0163,31f5ef9b84057dd5215a3d72378245e5,University of Washington,Seattle,WA,47.6553,-122.3035,Off-Campus Apartment,Junior,Biology,Tacoma,WA,47.2529,-122.4443,Single,TRUE,153
U0635,Omar,Fernandez,Male,18,2008-12-22,omar.fernandez722@example.edu,(913) 555-0128,6719539626540ac6975caef84a776545,University of Alabama,Tuscaloosa,AL,33.214,-87.5391,Dorm / Residence Hall,Freshman,Communications,New Orleans,LA,29.9511,-90.0715,Single,TRUE,393
U0636,Aria,Gonzalez,Female,21,2005-07-14,aria.gonzalez902@example.edu,(746) 555-0191,cdda55f7d3918aede77c96a3a67c1875,University of Wisconsin-Madison,Madison,WI,43.0766,-89.4125,Off-Campus Apartment,Senior,Communications,Milwaukee,WI,43.0389,-87.9065,In a relationship,TRUE,191
U0637,Nathan,Walker,Male,20,2006-05-12,nathan.walker494@example.edu,(939) 555-0182,cd815f26f16c376ef2a2089917cc445f,New York University,New York,NY,40.7295,-73.9965,Dorm / Residence Hall,Freshman,Civil Engineering,Syracuse,NY,43.0481,-76.1474,Prefer not to say,TRUE,147
U0638,Mei,Phillips,Female,20,2006-01-26,mei.phillips449@example.edu,(610) 555-0103,8342ea977e721983a86277599be338f2,Florida State University,Tallahassee,FL,30.4419,-84.2985,Dorm / Residence Hall,Junior,Electrical Engineering,Tampa,FL,27.9506,-82.4572,In a relationship,TRUE,200
U0639,Thomas,Gomez,Male,20,2006-06-13,thomas.gomez85@example.edu,(678) 555-0197,7c020e84870c088bda5f6fc8ecd655ac,University of Michigan,Ann Arbor,MI,42.278,-83.7382,Dorm / Residence Hall,Junior,Kinesiology,Lansing,MI,42.7325,-84.5555,Single,TRUE,233
U0640,Andrew,Mendoza,Male,22,2004-01-03,andrew.mendoza220@example.edu,(323) 555-0108,0bc4b4c6081eab09694c6b733a265d80,UCLA,Los Angeles,CA,34.0689,-118.4452,Dorm / Residence Hall,Senior,Psychology,Newark,NJ,40.7357,-74.1724,Prefer not to say,FALSE,308
U0641,Evelyn,Edwards,Female,19,2007-04-15,evelyn.edwards594@example.edu,(217) 555-0130,9d06fa4f2cbe0dc0131d937bff6d0033,University of Wisconsin-Madison,Madison,WI,43.0766,-89.4125,Dorm / Residence Hall,Freshman,Psychology,Chicago,IL,41.8781,-87.6298,Single,TRUE,182
U0642,Casey,Alvarez,Non-binary,21,2005-08-11,casey.alvarez637@example.edu,(976) 555-0186,c3ea4a936fb3ac18a5d36e295d2e55f4,New York University,New York,NY,40.7295,-73.9965,Lives at Home,Senior,Graphic Design,Buffalo,NY,42.8864,-78.8784,In a relationship,FALSE,150
U0643,Sophia,Howard,Female,18,2008-12-18,sophia.howard907@example.edu,(524) 555-0130,4a047c8e47be45531d49f120f79a7a31,Ohio State University,Columbus,OH,40.0067,-83.0305,Off-Campus Apartment,Freshman,Computer Science,Cincinnati,OH,39.1031,-84.512,It's complicated,FALSE,180
U0644,Zoe,Ruiz,Female,19,2007-09-06,zoe.ruiz637@example.edu,(468) 555-0120,bddbb1b8fed750feeb31efeb80557b32,New York University,New York,NY,40.7295,-73.9965,Off-Campus Apartment,Freshman,Environmental Science,St. Louis,MO,38.627,-90.1994,In a relationship,FALSE,438
U0645,Caleb,Davis,Male,23,2003-05-16,caleb.davis588@example.edu,(904) 555-0158,d55b9cf5dd059b306543a64307807c29,University of Michigan,Ann Arbor,MI,42.278,-83.7382,University Apartment,Graduate,Information Systems,Richmond,VA,37.5407,-77.436,In a relationship,FALSE,558
U0646,Layla,Myers,Female,23,2003-08-16,layla.myers740@example.edu,(973) 555-0109,cb638d4ab1a35b09f6f4afdab6ac431e,UCLA,Los Angeles,CA,34.0689,-118.4452,University Apartment,Graduate,Sociology,Irvine,CA,33.6846,-117.8265,It's complicated,FALSE,179
U0647,Daniel,Sanchez,Male,21,2005-08-25,daniel.sanchez323@example.edu,(883) 555-0166,76afd2cd263286c1c6dc8452081b7e75,University of Washington,Seattle,WA,47.6553,-122.3035,Lives at Home,Junior,Public Health,Vancouver,WA,45.6387,-122.6615,It's complicated,FALSE,372
U0648,Ximena,Vargas,Female,21,2005-10-17,ximena.vargas495@example.edu,(394) 555-0166,9201c1308dc237a51abf8f20f9e9a479,Ohio State University,Columbus,OH,40.0067,-83.0305,Off-Campus Apartment,Senior,Business Administration,Cincinnati,OH,39.1031,-84.512,Single,TRUE,169
U0649,Darius,Muller,Male,18,2008-07-24,darius.muller323@example.edu,(257) 555-0158,45d820d2c6a0ab2ac0e1079f8836bf42,Ohio State University,Columbus,OH,40.0067,-83.0305,Off-Campus Apartment,Freshman,Graphic Design,Omaha,NE,41.2565,-95.9345,Single,TRUE,64
U0650,Maya,Myers,Female,19,2007-08-01,maya.myers944@example.edu,(378) 555-0161,25b2a73f77f3e8d31cd42d6fa88e4ed6,University of Texas at Austin,Austin,TX,30.2849,-97.7341,Lives at Home,Freshman,Computer Science,Plano,TX,33.0198,-96.6989,Single,TRUE,127
U0651,Joshua,Watson,Male,19,2007-02-15,joshua.watson405@example.edu,(270) 555-0127,b5defd95f1b85327ef8ae05f8d1f8034,Ohio State University,Columbus,OH,40.0067,-83.0305,Dorm / Residence Hall,Freshman,Marketing,Omaha,NE,41.2565,-95.9345,Single,TRUE,222
U0652,Emma,Lewis,Female,19,2007-09-02,emma.lewis105@example.edu,(535) 555-0125,03d459530381aba3d1a594650ad3c184,Ohio State University,Columbus,OH,40.0067,-83.0305,University Apartment,Sophomore,Marketing,Kansas City,MO,39.0997,-94.5786,In a relationship,TRUE,157
U0653,Madelyn,Virtanen,Female,22,2004-06-22,madelyn.virtanen423@example.edu,(373) 555-0144,0605d11b3aafd13b282ebff1e3bd8d9b,University of Alabama,Tuscaloosa,AL,33.214,-87.5391,Dorm / Residence Hall,Senior,Mathematics,Huntsville,AL,34.7304,-86.5861,Single,FALSE,103
U0654,Camila,Morgan,Female,19,2007-05-08,camila.morgan234@example.edu,(561) 555-0178,465aadb38ac70b393bab6da53915d4ae,University of Georgia,Athens,GA,33.948,-83.3773,Lives at Home,Sophomore,Mechanical Engineering,Marietta,GA,33.9526,-84.5499,Single,FALSE,194
U0655,Leo,Nelson,Male,22,2004-06-20,leo.nelson422@example.edu,(790) 555-0169,9c4a8e68119947fa8c68579d5ca65a05,Texas A&M University,College Station,TX,30.6188,-96.3365,Lives at Home,Senior,Graphic Design,Houston,TX,29.7604,-95.3698,Single,TRUE,224
U0656,Nathan,Perez,Male,19,2007-12-04,nathan.perez843@example.edu,(348) 555-0188,2a38738f72c76b1cde216fb516fd84d3,University of Georgia,Athens,GA,33.948,-83.3773,Off-Campus Apartment,Sophomore,Business Administration,Marietta,GA,33.9526,-84.5499,In a relationship,TRUE,147
U0657,Kai,Walker,Male,19,2007-09-05,kai.walker970@example.edu,(889) 555-0177,1d5acd0d8a25037bf89104754e14d7cd,University of Florida,Gainesville,FL,29.6436,-82.3549,Off-Campus Apartment,Sophomore,Environmental Science,Jacksonville,FL,30.3322,-81.6557,Single,TRUE,421
U0658,Aisha,Wang,Female,20,2006-11-22,aisha.wang385@example.edu,(789) 555-0149,ba36c1601dffe56e3a1b168433f8bce1,University of Florida,Gainesville,FL,29.6436,-82.3549,Greek Housing,Sophomore,Business Administration,Tampa,FL,27.9506,-82.4572,Single,TRUE,167
U0659,Eleanor,Morales,Female,20,2006-07-25,eleanor.morales290@example.edu,(979) 555-0126,06491a15f9f43b0b6a2a5288e3f29b7e,University of Michigan,Ann Arbor,MI,42.278,-83.7382,Dorm / Residence Hall,Junior,Data Analytics,Detroit,MI,42.3314,-83.0458,Single,TRUE,105
U0660,Naomi,Diaz,Female,18,2008-09-19,naomi.diaz318@example.edu,(714) 555-0198,5b948d8da52c28ceb9d035bd41ee0101,Penn State University,State College,PA,40.7982,-77.8599,Greek Housing,Freshman,Kinesiology,Erie,PA,42.1292,-80.0851,In a relationship,TRUE,134
U0661,Evelyn,Green,Female,23,2003-10-11,evelyn.green896@example.edu,(956) 555-0192,9007f42ed19ff16cbe7fc432159fab8d,University of Michigan,Ann Arbor,MI,42.278,-83.7382,Off-Campus Apartment,Graduate,Environmental Science,Louisville,KY,38.2527,-85.7585,In a relationship,TRUE,184
U0662,Sage,Chavez,Non-binary,23,2003-03-11,sage.chavez217@example.edu,(223) 555-0122,6ad97cbbfa1cce02bf0a342cc381b7d4,University of Minnesota,Minneapolis,MN,44.974,-93.2277,University Apartment,Graduate,Nursing,St. Paul,MN,44.9537,-93.09,In a relationship,TRUE,463
U0663,Ella,Green,Female,21,2005-09-28,ella.green528@example.edu,(924) 555-0176,a614570ee79758a03e5ca9e3d11b3fb9,University of Texas at Austin,Austin,TX,30.2849,-97.7341,Greek Housing,Senior,Data Analytics,Nashville,TN,36.1627,-86.7816,In a relationship,FALSE,365
U0664,Theodore,Kim,Male,19,2007-07-10,theodore.kim17@example.edu,(687) 555-0102,41ca028a037f475314f41bf8e14b9a70,Arizona State University,Tempe,AZ,33.4242,-111.9281,Dorm / Residence Hall,Freshman,Biology,Scottsdale,AZ,33.4942,-111.9261,Single,TRUE,131
U0665,Elizabeth,Kelly,Female,20,2006-05-25,elizabeth.kelly225@example.edu,(724) 555-0137,ce8553b1638789cb27d9a4b53f2af0fe,University of Michigan,Ann Arbor,MI,42.278,-83.7382,University Apartment,Freshman,Nursing,Lansing,MI,42.7325,-84.5555,Prefer not to say,TRUE,92
U0666,Audrey,Castillo,Female,20,2006-08-11,audrey.castillo189@example.edu,(501) 555-0168,ec67e637d9f5d00017593ef69d5ea1c2,New York University,New York,NY,40.7295,-73.9965,Dorm / Residence Hall,Junior,Business Administration,Boston,MA,42.3601,-71.0589,In a relationship,FALSE,426
U0667,Alondra,Rossi,Female,19,2007-09-09,alondra.rossi325@example.edu,(328) 555-0175,1333babdbf240c4c6e7ccd3a3d7bb16f,Arizona State University,Tempe,AZ,33.4242,-111.9281,Dorm / Residence Hall,Sophomore,Nursing,Hartford,CT,41.7658,-72.6734,Prefer not to say,FALSE,360
U0668,Layla,Tran,Female,19,2007-07-14,layla.tran972@example.edu,(312) 555-0143,895e93315d454cc1dbbfbe58308c9e68,University of Alabama,Tuscaloosa,AL,33.214,-87.5391,Dorm / Residence Hall,Sophomore,Communications,Huntsville,AL,34.7304,-86.5861,In a relationship,FALSE,103
U0669,Luke,Virtanen,Male,19,2007-09-10,luke.virtanen403@example.edu,(966) 555-0178,61cd5c4b578f93296da13adb8e6eda0b,University of Florida,Gainesville,FL,29.6436,-82.3549,Dorm / Residence Hall,Freshman,Data Analytics,Miami,FL,25.7617,-80.1918,In a relationship,TRUE,158
U0670,Victoria,Murphy,Female,21,2005-12-16,victoria.murphy152@example.edu,(649) 555-0153,4d064fea59df83cf7d30ff7d89b6da98,New York University,New York,NY,40.7295,-73.9965,Lives at Home,Junior,Environmental Science,Rochester,NY,43.1566,-77.6088,Single,FALSE,104
U0671,Sofia,Parker,Female,21,2005-02-27,sofia.parker842@example.edu,(444) 555-0181,151a5ba43bec188bfb8b2aa86d3c01a8,University of Michigan,Ann Arbor,MI,42.278,-83.7382,Dorm / Residence Hall,Sophomore,Chemistry,Las Vegas,NV,36.1699,-115.1398,Single,FALSE,201
U0672,Olivia,Johnson,Female,23,2003-05-08,olivia.johnson72@example.edu,(320) 555-0174,79d50fa8a526ee41307c936110c88ce2,Florida State University,Tallahassee,FL,30.4419,-84.2985,Off-Campus Apartment,Graduate,Communications,Tampa,FL,27.9506,-82.4572,In a relationship,FALSE,354
U0673,Angel,James,Male,21,2005-03-02,angel.james64@example.edu,(510) 555-0169,54804edc8d35ec43ecdc3e32b1e85475,University of Texas at Austin,Austin,TX,30.2849,-97.7341,Dorm / Residence Hall,Senior,Sociology,Houston,TX,29.7604,-95.3698,In a relationship,TRUE,321
U0674,Christian,Nelson,Male,21,2005-12-09,christian.nelson586@example.edu,(297) 555-0153,3f1dcfe072dd674e8575e71b2d4b01d6,University of Wisconsin-Madison,Madison,WI,43.0766,-89.4125,Lives at Home,Senior,Marketing,Green Bay,WI,44.5133,-88.0133,Single,TRUE,127
U0675,Christian,Vargas,Male,20,2006-12-14,christian.vargas386@example.edu,(512) 555-0138,0cb9f73aa9b222fb3167d5ae2a134b77,University of Wisconsin-Madison,Madison,WI,43.0766,-89.4125,Off-Campus Apartment,Junior,Psychology,Columbia,SC,34.0007,-81.0348,Single,FALSE,301
U0676,Marcus,Lee,Male,18,2008-05-18,marcus.lee737@example.edu,(629) 555-0110,d40fae0fdbb2c73e57a8f9bcdd1ae52f,University of Texas at Austin,Austin,TX,30.2849,-97.7341,Dorm / Residence Hall,Freshman,Graphic Design,Houston,TX,29.7604,-95.3698,Single,TRUE,125
U0677,Jin,Wood,Male,21,2005-11-14,jin.wood3@example.edu,(821) 555-0122,c3cf7cfced8f1516041d05a858894dee,University of Washington,Seattle,WA,47.6553,-122.3035,University Apartment,Senior,History,St. Louis,MO,38.627,-90.1994,Single,FALSE,294
U0678,Raj,Becker,Male,23,2003-07-09,raj.becker975@example.edu,(841) 555-0140,bddcc79ee295bfbeaec1d4d78e1bf0a1,University of Wisconsin-Madison,Madison,WI,43.0766,-89.4125,Off-Campus Apartment,Graduate,Finance,Charlotte,NC,35.2271,-80.8431,In a relationship,FALSE,234
U0679,Yuna,Le,Female,19,2007-11-09,yuna.le815@example.edu,(353) 555-0116,55b6ced2078fdcd8f4cbcf88b63a0a1c,Texas A&M University,College Station,TX,30.6188,-96.3365,Dorm / Residence Hall,Freshman,Communications,Nashville,TN,36.1627,-86.7816,Single,TRUE,130
U0680,Hazel,Lopez,Female,22,2004-06-21,hazel.lopez932@example.edu,(374) 555-0182,763de5db8506dfe4d1418eba6f6913d7,University of Minnesota,Minneapolis,MN,44.974,-93.2277,Off-Campus Apartment,Junior,Computer Science,Rochester,MN,44.0121,-92.4802,In a relationship,FALSE,345
U0681,Charles,Sanchez,Male,21,2005-07-07,charles.sanchez427@example.edu,(581) 555-0170,b4c77c586c73c933b61607dfb84aee44,Texas A&M University,College Station,TX,30.6188,-96.3365,Off-Campus Apartment,Junior,Nursing,San Antonio,TX,29.4241,-98.4936,Single,TRUE,251
U0682,Tariq,Johnson,Male,20,2006-05-15,tariq.johnson726@example.edu,(217) 555-0128,1ecb67ee9f3e61eacee8d347afd60c4e,Texas A&M University,College Station,TX,30.6188,-96.3365,Dorm / Residence Hall,Sophomore,Finance,Boise,ID,43.615,-116.2023,Prefer not to say,TRUE,290
U0683,Dakota,Tran,Non-binary,20,2006-07-21,dakota.tran701@example.edu,(971) 555-0165,caad79b6b7c1b9bbc767ec4973b26584,University of Minnesota,Minneapolis,MN,44.974,-93.2277,University Apartment,Freshman,Communications,Duluth,MN,46.7867,-92.1005,Single,TRUE,256
U0684,Noah,White,Male,18,2008-03-13,noah.white14@example.edu,(884) 555-0113,c465450c408419769846d74747001d60,Texas A&M University,College Station,TX,30.6188,-96.3365,Dorm / Residence Hall,Freshman,Education,Denver,CO,39.7392,-104.9903,Single,FALSE,340
U0685,Maya,Lindberg,Female,20,2006-08-15,maya.lindberg609@example.edu,(602) 555-0146,c8f765ee9f86016957d1383b6f5836b6,Ohio State University,Columbus,OH,40.0067,-83.0305,Off-Campus Apartment,Junior,Computer Science,Oklahoma City,OK,35.4676,-97.5164,Single,TRUE,131
U0686,Phoenix,Kim,Non-binary,22,2004-07-05,phoenix.kim658@example.edu,(659) 555-0133,46a9f26e673616170a6b6cb23aae0c39,University of Michigan,Ann Arbor,MI,42.278,-83.7382,Dorm / Residence Hall,Senior,Finance,Denver,CO,39.7392,-104.9903,In a relationship,TRUE,305
U0687,Aisha,Campbell,Female,21,2005-03-19,aisha.campbell45@example.edu,(861) 555-0184,041055e76ca275c14a1b194198a6a6d6,University of Michigan,Ann Arbor,MI,42.278,-83.7382,Lives at Home,Junior,Marketing,Troy,MI,42.6064,-83.1498,In a relationship,FALSE,345
U0688,Miles,Myers,Male,19,2007-01-25,miles.myers321@example.edu,(848) 555-0102,750c092ce3fcca98f8de5ea0603b7e66,University of Texas at Austin,Austin,TX,30.2849,-97.7341,Dorm / Residence Hall,Sophomore,Psychology,Plano,TX,33.0198,-96.6989,Single,TRUE,306
U0689,Aubrey,Papadopoulos,Female,22,2004-11-03,aubrey.papadopoulos250@example.edu,(340) 555-0181,8b52cd83e307f80e194f06d6bdc53de2,Penn State University,State College,PA,40.7982,-77.8599,Off-Campus Apartment,Junior,Computer Science,Erie,PA,42.1292,-80.0851,In a relationship,FALSE,410
U0690,Daniela,Khan,Female,18,2008-03-21,daniela.khan773@example.edu,(673) 555-0175,50927d76a751815c5d01ade5fb8889f9,University of Georgia,Athens,GA,33.948,-83.3773,Dorm / Residence Hall,Freshman,Mathematics,Augusta,GA,33.4735,-82.0105,Single,TRUE,281
U0691,Colton,Kaur,Male,21,2005-11-14,colton.kaur104@example.edu,(663) 555-0183,221c5a8be87def0ab0114670d53d2390,University of Florida,Gainesville,FL,29.6436,-82.3549,Greek Housing,Junior,Communications,Newark,NJ,40.7357,-74.1724,In a relationship,FALSE,76
U0692,Aria,Park,Female,22,2004-04-23,aria.park37@example.edu,(850) 555-0180,64b7eec58d8f27a1e0c1c4d1eba6b4de,Texas A&M University,College Station,TX,30.6188,-96.3365,Dorm / Residence Hall,Senior,Computer Science,San Antonio,TX,29.4241,-98.4936,Single,TRUE,198
U0693,Lucy,Janssen,Female,19,2007-12-08,lucy.janssen243@example.edu,(661) 555-0101,85082d028fb2d5651b7707f791214afc,University of Florida,Gainesville,FL,29.6436,-82.3549,Dorm / Residence Hall,Sophomore,Education,Tampa,FL,27.9506,-82.4572,Single,FALSE,352
U0694,Mateo,Weber,Male,20,2006-05-21,mateo.weber841@example.edu,(856) 555-0133,69534f09e4794f860f738b633bb9cda5,UCLA,Los Angeles,CA,34.0689,-118.4452,Off-Campus Apartment,Sophomore,History,San Diego,CA,32.7157,-117.1611,Single,FALSE,221
U0695,Jayden,Parker,Male,19,2007-06-13,jayden.parker515@example.edu,(701) 555-0195,c0e5261a6c02f7b5c124331675d3176a,Penn State University,State College,PA,40.7982,-77.8599,Dorm / Residence Hall,Sophomore,Music,St. Louis,MO,38.627,-90.1994,In a relationship,TRUE,282
U0696,Ximena,Bailey,Female,20,2006-05-13,ximena.bailey463@example.edu,(521) 555-0184,853bc09a879c06c65c6adb86bba7dae7,University of Washington,Seattle,WA,47.6553,-122.3035,Dorm / Residence Hall,Sophomore,Business Administration,Bellevue,WA,47.6101,-122.2015,Single,TRUE,149
U0697,Zoey,Gonzalez,Female,20,2006-01-09,zoey.gonzalez177@example.edu,(949) 555-0162,3468059525df2a9db519cfff8554d636,Penn State University,State College,PA,40.7982,-77.8599,Dorm / Residence Hall,Junior,Accounting,Philadelphia,PA,39.9526,-75.1652,Single,FALSE,209
U0698,Axel,Phillips,Male,22,2004-01-04,axel.phillips936@example.edu,(374) 555-0163,25f8a91ae13599f7c3cd80b3730352c0,Texas A&M University,College Station,TX,30.6188,-96.3365,Off-Campus Apartment,Senior,Business Administration,Denver,CO,39.7392,-104.9903,Single,TRUE,184
U0699,Marcus,Wilson,Male,18,2008-08-07,marcus.wilson915@example.edu,(816) 555-0122,e0adeaeeaaebec3b080652631a9b2db8,University of Texas at Austin,Austin,TX,30.2849,-97.7341,Off-Campus Apartment,Freshman,History,El Paso,TX,31.7619,-106.485,In a relationship,FALSE,615
U0700,Zoe,Muller,Female,21,2005-02-07,zoe.muller563@example.edu,(903) 555-0194,773204a974fedce5bc5f78c838629bbb,Texas A&M University,College Station,TX,30.6188,-96.3365,Off-Campus Apartment,Senior,English,Hartford,CT,41.7658,-72.6734,Prefer not to say,FALSE,244
U0701,Sofia,Jones,Female,23,2003-07-16,sofia.jones642@example.edu,(748) 555-0176,87b999e78ef219226ad809244986b329,University of Texas at Austin,Austin,TX,30.2849,-97.7341,University Apartment,Graduate,Computer Science,Louisville,KY,38.2527,-85.7585,Prefer not to say,TRUE,128
U0702,Everly,Mendoza,Female,20,2006-03-09,everly.mendoza135@example.edu,(236) 555-0181,a7ab7f2c4f579c7150520a3ca968a48e,University of Michigan,Ann Arbor,MI,42.278,-83.7382,University Apartment,Sophomore,Political Science,Lansing,MI,42.7325,-84.5555,In a relationship,TRUE,479
U0703,Camille,Mitchell,Female,19,2007-03-25,camille.mitchell469@example.edu,(765) 555-0121,19946ebf7de0dd00c32c8b3b412e71a2,New York University,New York,NY,40.7295,-73.9965,Off-Campus Apartment,Freshman,English,Buffalo,NY,42.8864,-78.8784,Prefer not to say,FALSE,63
U0704,Daniel,Green,Male,22,2004-01-28,daniel.green495@example.edu,(396) 555-0181,228296b44027904f5bef4d85bf86ee85,Texas A&M University,College Station,TX,30.6188,-96.3365,Off-Campus Apartment,Junior,Business Administration,Dallas,TX,32.7767,-96.797,Single,TRUE,355
U0705,Willow,Walker,Female,24,2002-02-25,willow.walker702@example.edu,(756) 555-0181,c8e63742de4795383d7be878da9cb973,University of Texas at Austin,Austin,TX,30.2849,-97.7341,Off-Campus Apartment,Graduate,Data Analytics,Kansas City,MO,39.0997,-94.5786,In a relationship,FALSE,275
U0706,Willow,Chavez,Female,23,2003-04-23,willow.chavez823@example.edu,(421) 555-0108,6a2ba8c7102b4fed10458a8cfa00924f,University of Michigan,Ann Arbor,MI,42.278,-83.7382,Off-Campus Apartment,Graduate,Civil Engineering,Lansing,MI,42.7325,-84.5555,Prefer not to say,TRUE,155
U0707,Ezra,Chavez,Male,21,2005-10-26,ezra.chavez185@example.edu,(686) 555-0188,b2bee124bb82226f13b7067847345ca8,University of Michigan,Ann Arbor,MI,42.278,-83.7382,Dorm / Residence Hall,Junior,Marketing,Lansing,MI,42.7325,-84.5555,In a relationship,FALSE,104
U0708,Everly,Ward,Female,18,2008-04-13,everly.ward587@example.edu,(309) 555-0135,81d87f0af3e5c31416939ebb0bbafdb8,University of Washington,Seattle,WA,47.6553,-122.3035,Dorm / Residence Hall,Freshman,Data Analytics,Vancouver,WA,45.6387,-122.6615,It's complicated,TRUE,177
U0709,Paisley,Laurent,Female,21,2005-10-02,paisley.laurent310@example.edu,(346) 555-0103,7ba269dbda9234f4ae223e7640b7a333,University of Wisconsin-Madison,Madison,WI,43.0766,-89.4125,University Apartment,Sophomore,Communications,Kenosha,WI,42.5847,-87.8212,Prefer not to say,TRUE,108
U0710,Luke,Novak,Male,20,2006-02-28,luke.novak886@example.edu,(603) 555-0148,3122c4452a511403e5664ac5db237629,Texas A&M University,College Station,TX,30.6188,-96.3365,Off-Campus Apartment,Junior,Sociology,Dallas,TX,32.7767,-96.797,In a relationship,FALSE,161
U0711,Savannah,Hughes,Female,19,2007-10-25,savannah.hughes203@example.edu,(608) 555-0184,a1ed718312fa2d18368fe86d07468cb4,University of Alabama,Tuscaloosa,AL,33.214,-87.5391,Lives at Home,Freshman,Mathematics,Birmingham,AL,33.5186,-86.8104,In a relationship,TRUE,162
U0712,Bella,Thomas,Female,21,2005-09-16,bella.thomas910@example.edu,(629) 555-0193,a2bcdb960ca04362d72399a5c9dfb6c0,University of Florida,Gainesville,FL,29.6436,-82.3549,Off-Campus Apartment,Junior,Kinesiology,Orlando,FL,28.5384,-81.3789,Single,TRUE,394
U0713,Nora,Moore,Female,18,2008-12-12,nora.moore183@example.edu,(717) 555-0178,e922a99123150e0753e8e68166cb40ca,Ohio State University,Columbus,OH,40.0067,-83.0305,Off-Campus Apartment,Freshman,Civil Engineering,Cincinnati,OH,39.1031,-84.512,Single,TRUE,286
U0714,Chloe,Schmidt,Female,23,2003-04-18,chloe.schmidt797@example.edu,(283) 555-0100,6887b78396f33579a1b1e74830650693,University of Minnesota,Minneapolis,MN,44.974,-93.2277,Off-Campus Apartment,Graduate,Civil Engineering,Bloomington,MN,44.8408,-93.2983,Single,TRUE,477
U0715,Kai,Hall,Male,23,2003-02-06,kai.hall238@example.edu,(314) 555-0180,8e0e9bd69f1d4777dd3b644800ed8bc8,Florida State University,Tallahassee,FL,30.4419,-84.2985,Off-Campus Apartment,Graduate,Communications,Tampa,FL,27.9506,-82.4572,Single,FALSE,400
U0716,Lucy,Mensah,Female,22,2004-12-23,lucy.mensah772@example.edu,(725) 555-0177,c5dc02d16dda6544413e26b93d567729,University of Florida,Gainesville,FL,29.6436,-82.3549,Off-Campus Apartment,Senior,Finance,Tampa,FL,27.9506,-82.4572,It's complicated,TRUE,167
U0717,Zoey,Choi,Female,22,2004-12-24,zoey.choi771@example.edu,(832) 555-0133,70d7c49b41afe12ceb8fe7d3f3d9fc26,Texas A&M University,College Station,TX,30.6188,-96.3365,Off-Campus Apartment,Senior,Computer Science,Salt Lake City,UT,40.7608,-111.891,In a relationship,FALSE,183
U0718,Skylar,Martin,Female,18,2008-08-13,skylar.martin190@example.edu,(533) 555-0190,2473f449ff08f4f1216b8cb2a6029f70,University of Minnesota,Minneapolis,MN,44.974,-93.2277,Dorm / Residence Hall,Freshman,Data Analytics,St. Paul,MN,44.9537,-93.09,Single,FALSE,203
U0719,Matthew,Hill,Male,20,2006-01-05,matthew.hill202@example.edu,(784) 555-0198,39ce4e280f396de616eb84fe57fea06a,UCLA,Los Angeles,CA,34.0689,-118.4452,Off-Campus Apartment,Freshman,Political Science,St. Louis,MO,38.627,-90.1994,It's complicated,FALSE,158
U0720,Charlotte,James,Female,18,2008-05-18,charlotte.james390@example.edu,(895) 555-0159,5b1c8fdc49b416fd4109513cb5670d2f,Penn State University,State College,PA,40.7982,-77.8599,Dorm / Residence Hall,Freshman,Graphic Design,St. Louis,MO,38.627,-90.1994,Single,TRUE,117
U0721,Nora,Ruiz,Female,20,2006-09-09,nora.ruiz485@example.edu,(354) 555-0165,55fd9ff4100254ae1d0d7f52398aa2bf,New York University,New York,NY,40.7295,-73.9965,University Apartment,Junior,Computer Science,Charlotte,NC,35.2271,-80.8431,Prefer not to say,FALSE,144
U0722,Ellie,Ramos,Female,19,2007-03-25,ellie.ramos316@example.edu,(546) 555-0193,605a917f3f4b3dc8a2eec79f53f41812,Ohio State University,Columbus,OH,40.0067,-83.0305,University Apartment,Sophomore,Information Systems,Kansas City,MO,39.0997,-94.5786,It's complicated,TRUE,200
U0723,Luke,Kelly,Male,23,2003-03-06,luke.kelly848@example.edu,(277) 555-0125,2dadf89cf643e2b0bf2cf1bb5b2a21e4,Penn State University,State College,PA,40.7982,-77.8599,Off-Campus Apartment,Graduate,Business Administration,Pittsburgh,PA,40.4406,-79.9959,Single,TRUE,154
U0724,Mila,Silva,Female,21,2005-09-27,mila.silva640@example.edu,(506) 555-0109,55cc68733fbf85feceac32d357a498da,University of Florida,Gainesville,FL,29.6436,-82.3549,Dorm / Residence Hall,Senior,Accounting,Tampa,FL,27.9506,-82.4572,Prefer not to say,FALSE,150
U0725,Levi,Rodriguez,Male,19,2007-07-02,levi.rodriguez767@example.edu,(707) 555-0147,6880d64e517d8b227de01301a8cbe673,Texas A&M University,College Station,TX,30.6188,-96.3365,Off-Campus Apartment,Sophomore,Political Science,Louisville,KY,38.2527,-85.7585,In a relationship,FALSE,434
U0726,Mila,Castillo,Female,22,2004-07-23,mila.castillo1@example.edu,(340) 555-0182,199d25be345e4d0fddc43bf470658a60,Ohio State University,Columbus,OH,40.0067,-83.0305,Dorm / Residence Hall,Junior,Nursing,Toledo,OH,41.6528,-83.5379,Single,TRUE,78
U0727,Michael,Singh,Male,19,2007-07-08,michael.singh709@example.edu,(723) 555-0197,5e6e10470537ad4710d767c500c7ee61,University of Florida,Gainesville,FL,29.6436,-82.3549,Dorm / Residence Hall,Sophomore,Computer Science,Las Vegas,NV,36.1699,-115.1398,Single,FALSE,107
U0728,Marcus,Anderson,Male,21,2005-04-09,marcus.anderson686@example.edu,(337) 555-0144,8ea2c5e3bf72a65d7399876c4ea712ae,Ohio State University,Columbus,OH,40.0067,-83.0305,Dorm / Residence Hall,Senior,Economics,Toledo,OH,41.6528,-83.5379,Single,FALSE,425
U0729,Tariq,Flores,Male,20,2006-03-25,tariq.flores81@example.edu,(961) 555-0121,386fce059dff55a9c3de411a57b15141,University of Florida,Gainesville,FL,29.6436,-82.3549,Off-Campus Apartment,Junior,Journalism,Orlando,FL,28.5384,-81.3789,Single,FALSE,451
U0730,Jack,Thomas,Male,19,2007-11-26,jack.thomas772@example.edu,(781) 555-0162,5a2d26e83cd17fd9fc1ee7f800297402,New York University,New York,NY,40.7295,-73.9965,Dorm / Residence Hall,Freshman,Data Analytics,Richmond,VA,37.5407,-77.436,It's complicated,TRUE,177
U0731,Taylor,Becker,Non-binary,19,2007-01-02,taylor.becker952@example.edu,(721) 555-0137,6cc63d88112a52860ac3d132eb127d4f,Arizona State University,Tempe,AZ,33.4242,-111.9281,Lives at Home,Sophomore,Psychology,Phoenix,AZ,33.4484,-112.074,In a relationship,FALSE,191
U0732,Hazel,Santos,Female,23,2003-07-01,hazel.santos339@example.edu,(680) 555-0193,39d8596bdf0f6e1d75e03162c5b20170,University of Wisconsin-Madison,Madison,WI,43.0766,-89.4125,Off-Campus Apartment,Graduate,Graphic Design,Milwaukee,WI,43.0389,-87.9065,Single,TRUE,106
U0733,Henry,James,Male,24,2002-05-18,henry.james334@example.edu,(488) 555-0154,7dd149d99b74ddbf630d785794c5b6ce,Arizona State University,Tempe,AZ,33.4242,-111.9281,Off-Campus Apartment,Graduate,Computer Science,Scottsdale,AZ,33.4942,-111.9261,Single,TRUE,570
U0734,Cameron,Ivanov,Male,20,2006-06-10,cameron.ivanov783@example.edu,(819) 555-0115,e6230445cb8c6e6f6b1894d0270ba237,University of Michigan,Ann Arbor,MI,42.278,-83.7382,Dorm / Residence Hall,Junior,Mechanical Engineering,Nashville,TN,36.1627,-86.7816,It's complicated,FALSE,293
U0735,Stella,Gonzalez,Female,21,2005-11-15,stella.gonzalez654@example.edu,(980) 555-0137,6c73ea38f7d95bc7718f783b2301bfd1,University of Washington,Seattle,WA,47.6553,-122.3035,Dorm / Residence Hall,Senior,Mathematics,Omaha,NE,41.2565,-95.9345,Single,FALSE,82
U0736,Andrew,Walker,Male,20,2006-11-22,andrew.walker493@example.edu,(910) 555-0106,54df5b9f96d538c01f96ab69081ee925,University of Wisconsin-Madison,Madison,WI,43.0766,-89.4125,Dorm / Residence Hall,Sophomore,Finance,Kenosha,WI,42.5847,-87.8212,In a relationship,TRUE,82
U0737,Alex,Gutierrez,Prefer not to say,21,2005-09-04,alex.gutierrez932@example.edu,(273) 555-0116,c2e5669a58792b02f71c0baccf6ab192,Penn State University,State College,PA,40.7982,-77.8599,Off-Campus Apartment,Junior,Civil Engineering,Allentown,PA,40.6084,-75.4902,Single,FALSE,334
U0738,Yuna,Ortiz,Female,21,2005-11-24,yuna.ortiz981@example.edu,(645) 555-0186,305cc1946588cb2068d0ff2bb271c017,University of Alabama,Tuscaloosa,AL,33.214,-87.5391,Greek Housing,Senior,Biology,Omaha,NE,41.2565,-95.9345,Single,TRUE,134
U0739,Omar,Fraser,Male,23,2003-06-15,omar.fraser525@example.edu,(800) 555-0124,86d9fe8b6e9aa3526a64fbdb2dab42ee,Florida State University,Tallahassee,FL,30.4419,-84.2985,Off-Campus Apartment,Graduate,Education,Tampa,FL,27.9506,-82.4572,Prefer not to say,TRUE,115
U0740,Caleb,Tran,Male,21,2005-08-07,caleb.tran619@example.edu,(703) 555-0112,5ac9e3eccfc81c24cafcc0eeb64a6577,Penn State University,State College,PA,40.7982,-77.8599,Lives at Home,Senior,Biology,Erie,PA,42.1292,-80.0851,In a relationship,TRUE,785
U0741,Leah,Kowalski,Female,21,2005-09-19,leah.kowalski926@example.edu,(982) 555-0174,ea1f12c31225089c05829c9fc5a52058,University of Washington,Seattle,WA,47.6553,-122.3035,Dorm / Residence Hall,Senior,Psychology,Vancouver,WA,45.6387,-122.6615,Single,TRUE,1057
U0742,Sofia,Jones,Female,21,2005-11-02,sofia.jones429@example.edu,(427) 555-0128,377847951b9d9139b9900458fd61337d,Ohio State University,Columbus,OH,40.0067,-83.0305,Off-Campus Apartment,Senior,Kinesiology,Boise,ID,43.615,-116.2023,In a relationship,FALSE,144
U0743,Liam,Ramos,Male,21,2005-08-05,liam.ramos629@example.edu,(706) 555-0145,3ba0f6899a1cc0814ab0397da8b335a0,University of Alabama,Tuscaloosa,AL,33.214,-87.5391,Off-Campus Apartment,Senior,Business Administration,Birmingham,AL,33.5186,-86.8104,Single,FALSE,412
U0744,Mateo,Visser,Male,20,2006-10-08,mateo.visser815@example.edu,(404) 555-0125,2434cae148a4aa0062cdf75110024f2a,Ohio State University,Columbus,OH,40.0067,-83.0305,Greek Housing,Junior,History,Cincinnati,OH,39.1031,-84.512,Single,TRUE,92
U0745,Elizabeth,Green,Female,21,2005-12-13,elizabeth.green388@example.edu,(386) 555-0141,bacf4ab15c45eae78a2d32d43b7e1ccc,UCLA,Los Angeles,CA,34.0689,-118.4452,Lives at Home,Junior,History,Denver,CO,39.7392,-104.9903,Single,TRUE,118
U0746,Layla,Rodriguez,Female,20,2006-08-22,layla.rodriguez525@example.edu,(989) 555-0110,f319f4e440679701d73941dfff987171,University of Texas at Austin,Austin,TX,30.2849,-97.7341,Off-Campus Apartment,Sophomore,Information Systems,Dallas,TX,32.7767,-96.797,Single,TRUE,345
U0747,Christian,Ward,Male,19,2007-08-12,christian.ward487@example.edu,(409) 555-0125,b67571dce028bac543b650299d0ad15c,Florida State University,Tallahassee,FL,30.4419,-84.2985,Off-Campus Apartment,Sophomore,Nursing,Orlando,FL,28.5384,-81.3789,In a relationship,FALSE,244
U0748,Aurora,Park,Female,18,2008-06-11,aurora.park827@example.edu,(952) 555-0162,8245ba7f2232b998133d1108cd0bd60e,Texas A&M University,College Station,TX,30.6188,-96.3365,Dorm / Residence Hall,Freshman,Accounting,Charlotte,NC,35.2271,-80.8431,Single,FALSE,247
U0749,Sophia,Rodriguez,Female,19,2007-03-10,sophia.rodriguez230@example.edu,(255) 555-0145,67f14537edd1352dadd17f9cd3693857,Florida State University,Tallahassee,FL,30.4419,-84.2985,Off-Campus Apartment,Sophomore,Communications,Tampa,FL,27.9506,-82.4572,Single,FALSE,169
U0750,Charlotte,Mendoza,Female,23,2003-02-24,charlotte.mendoza553@example.edu,(596) 555-0129,a439d3f0ad6d74ff0b465d6335c5d7eb,University of Georgia,Athens,GA,33.948,-83.3773,Off-Campus Apartment,Graduate,English,Atlanta,GA,33.749,-84.388,Single,TRUE,197
U0751,Paisley,Richardson,Female,19,2007-12-28,paisley.richardson418@example.edu,(803) 555-0119,03fd79d7c9d008ea7e104adb9928c09e,University of Wisconsin-Madison,Madison,WI,43.0766,-89.4125,Dorm / Residence Hall,Sophomore,Journalism,Portland,OR,45.5152,-122.6784,Single,FALSE,358
U0752,Christian,Hughes,Male,23,2003-05-16,christian.hughes373@example.edu,(837) 555-0175,8eef80319c045e27feaf56cf43214282,Arizona State University,Tempe,AZ,33.4242,-111.9281,Off-Campus Apartment,Graduate,Undeclared,Tucson,AZ,32.2226,-110.9747,Single,FALSE,185
U0753,Carter,Yamamoto,Male,18,2008-05-14,carter.yamamoto597@example.edu,(704) 555-0174,48273d1b1b986db1c06b77137ca89cee,University of Texas at Austin,Austin,TX,30.2849,-97.7341,Off-Campus Apartment,Freshman,Data Analytics,El Paso,TX,31.7619,-106.485,Single,FALSE,288
U0754,Stella,Foster,Female,18,2008-08-02,stella.foster782@example.edu,(485) 555-0117,1c9f8e8573afac8e094d933ec8b8384b,Arizona State University,Tempe,AZ,33.4242,-111.9281,Off-Campus Apartment,Freshman,Finance,Nashville,TN,36.1627,-86.7816,Single,TRUE,183
U0755,Santiago,Tran,Male,23,2003-10-21,santiago.tran915@example.edu,(648) 555-0186,a284ac1b23449c0f555bbf54960be40d,Arizona State University,Tempe,AZ,33.4242,-111.9281,Off-Campus Apartment,Graduate,History,Nashville,TN,36.1627,-86.7816,In a relationship,TRUE,231
U0756,Gabriella,Howard,Female,21,2005-03-24,gabriella.howard713@example.edu,(876) 555-0147,62b0cebc519691012801035f6ce7a850,Arizona State University,Tempe,AZ,33.4242,-111.9281,Off-Campus Apartment,Junior,Kinesiology,Indianapolis,IN,39.7684,-86.1581,Single,TRUE,219
U0757,Priya,Patel,Female,23,2003-05-26,priya.patel992@example.edu,(637) 555-0152,fbcdefe3aa7aac319be71450c092aab7,UCLA,Los Angeles,CA,34.0689,-118.4452,Off-Campus Apartment,Graduate,Marketing,San Diego,CA,32.7157,-117.1611,In a relationship,FALSE,141
U0758,Jonathan,Clark,Male,21,2005-06-22,jonathan.clark921@example.edu,(790) 555-0100,2f743601a62d48522a6cf101a14cdfc1,University of Texas at Austin,Austin,TX,30.2849,-97.7341,Dorm / Residence Hall,Senior,Political Science,Oklahoma City,OK,35.4676,-97.5164,Single,FALSE,106
U0759,Yuna,Li,Female,20,2006-09-14,yuna.li400@example.edu,(811) 555-0169,d1a23f180f7c8d066d4219b0f3d63655,UCLA,Los Angeles,CA,34.0689,-118.4452,Off-Campus Apartment,Junior,Finance,San Jose,CA,37.3382,-121.8863,It's complicated,TRUE,241
U0760,Leah,Tran,Female,24,2002-11-22,leah.tran510@example.edu,(279) 555-0173,110eec7db97f59033bb879815792dac1,Ohio State University,Columbus,OH,40.0067,-83.0305,Off-Campus Apartment,Graduate,Communications,Dayton,OH,39.7589,-84.1916,Single,TRUE,175
U0761,Mei,Vargas,Female,21,2005-09-24,mei.vargas746@example.edu,(834) 555-0155,2c10478dfc9d70f03b1bf97c51700fe5,UCLA,Los Angeles,CA,34.0689,-118.4452,Off-Campus Apartment,Senior,Information Systems,Kansas City,MO,39.0997,-94.5786,Single,TRUE,248
U0762,Ximena,Gomez,Female,18,2008-03-04,ximena.gomez357@example.edu,(568) 555-0123,a9a41818d554f07bdc10dd67fb2abea4,University of Texas at Austin,Austin,TX,30.2849,-97.7341,Dorm / Residence Hall,Freshman,Public Health,El Paso,TX,31.7619,-106.485,Single,FALSE,660
U0763,Andrew,Harris,Male,21,2005-03-28,andrew.harris795@example.edu,(431) 555-0182,0c90ecd9f29e084629046b9f119ea446,University of Georgia,Athens,GA,33.948,-83.3773,Off-Campus Apartment,Senior,Communications,Marietta,GA,33.9526,-84.5499,Single,TRUE,69
U0764,Angel,Myers,Male,25,2001-10-10,angel.myers713@example.edu,(585) 555-0138,e20a5c3ebed0687d4be7265905e558cc,University of Georgia,Athens,GA,33.948,-83.3773,Off-Campus Apartment,Graduate,Graphic Design,Boston,MA,42.3601,-71.0589,It's complicated,FALSE,118
U0765,Lily,Li,Female,21,2005-05-24,lily.li279@example.edu,(791) 555-0159,21aa9ac9c1cb3de73744bb14cb453aee,University of Minnesota,Minneapolis,MN,44.974,-93.2277,Greek Housing,Freshman,Computer Science,Bloomington,MN,44.8408,-93.2983,Single,FALSE,354
U0766,Camille,Cook,Female,19,2007-06-27,camille.cook467@example.edu,(784) 555-0112,f9a4635cc79fa8d8db2c4f9ecf5f403d,Florida State University,Tallahassee,FL,30.4419,-84.2985,Lives at Home,Sophomore,Computer Science,Miami,FL,25.7617,-80.1918,Single,TRUE,507
U0767,Elias,Carter,Male,20,2006-03-06,elias.carter951@example.edu,(433) 555-0128,194a79caab0b4a82f9e552103fa7eb18,University of Michigan,Ann Arbor,MI,42.278,-83.7382,Off-Campus Apartment,Sophomore,Information Systems,Richmond,VA,37.5407,-77.436,In a relationship,FALSE,520
U0768,Nathan,Ward,Male,19,2007-07-03,nathan.ward101@example.edu,(666) 555-0199,4520b57423b496066029a43b7dc59985,University of Alabama,Tuscaloosa,AL,33.214,-87.5391,Lives at Home,Sophomore,Finance,Charlotte,NC,35.2271,-80.8431,It's complicated,TRUE,247
U0769,Easton,Kowalski,Male,19,2007-11-15,easton.kowalski574@example.edu,(757) 555-0183,793e7c75ce1c834f385125049118a480,Arizona State University,Tempe,AZ,33.4242,-111.9281,Dorm / Residence Hall,Freshman,Graphic Design,Mesa,AZ,33.4152,-111.8315,It's complicated,FALSE,94
U0770,Olivia,Castillo,Female,21,2005-10-06,olivia.castillo906@example.edu,(323) 555-0129,e6fbb6f3268ccf5d5f535399a1933fd3,UCLA,Los Angeles,CA,34.0689,-118.4452,Off-Campus Apartment,Senior,Business Administration,San Jose,CA,37.3382,-121.8863,In a relationship,TRUE,131
U0771,Jacob,Baker,Male,22,2004-06-22,jacob.baker178@example.edu,(825) 555-0131,0d46aea03861ee700b0aa3f70dc2947e,University of Wisconsin-Madison,Madison,WI,43.0766,-89.4125,University Apartment,Junior,Political Science,Kenosha,WI,42.5847,-87.8212,Prefer not to say,FALSE,206
U0772,Eleanor,Laurent,Female,19,2007-05-24,eleanor.laurent635@example.edu,(281) 555-0117,2b969119f09fb1265e257f4f4a4e68f9,University of Georgia,Athens,GA,33.948,-83.3773,Dorm / Residence Hall,Freshman,Communications,Atlanta,GA,33.749,-84.388,In a relationship,TRUE,246
U0773,Aurora,Ward,Female,20,2006-04-06,aurora.ward723@example.edu,(223) 555-0128,0023bd894bfaf3b66c18cbe25470747a,University of Minnesota,Minneapolis,MN,44.974,-93.2277,University Apartment,Junior,Psychology,Duluth,MN,46.7867,-92.1005,Single,FALSE,462
U0774,Alexander,Andersen,Male,18,2008-01-06,alexander.andersen62@example.edu,(387) 555-0141,94f4063ea06b9c7b7abd6e0e8f2660be,University of Alabama,Tuscaloosa,AL,33.214,-87.5391,Off-Campus Apartment,Freshman,Environmental Science,Montgomery,AL,32.3668,-86.3,Single,FALSE,75
U0775,Jonathan,Anderson,Male,20,2006-03-23,jonathan.anderson450@example.edu,(367) 555-0148,be223c908df646f894e36c311e083129,University of Florida,Gainesville,FL,29.6436,-82.3549,Off-Campus Apartment,Sophomore,Nursing,Jacksonville,FL,30.3322,-81.6557,Single,FALSE,208
U0776,Wei,Wright,Male,22,2004-11-21,wei.wright542@example.edu,(536) 555-0176,950705915fd03e186dfca0371ab955d5,University of Georgia,Athens,GA,33.948,-83.3773,Dorm / Residence Hall,Senior,Marketing,Marietta,GA,33.9526,-84.5499,Single,TRUE,241
U0777,Madison,Muller,Female,20,2006-05-01,madison.muller709@example.edu,(733) 555-0193,c68d54f552b4edd3fb27bcad8990644b,Florida State University,Tallahassee,FL,30.4419,-84.2985,Dorm / Residence Hall,Sophomore,Psychology,Orlando,FL,28.5384,-81.3789,Single,TRUE,321
U0778,Lincoln,White,Male,20,2006-06-23,lincoln.white758@example.edu,(402) 555-0169,726205a1a53a7db522954ba2769bf61c,Texas A&M University,College Station,TX,30.6188,-96.3365,Greek Housing,Junior,Mechanical Engineering,Houston,TX,29.7604,-95.3698,In a relationship,FALSE,162
U0779,Landon,Clark,Male,19,2007-08-13,landon.clark565@example.edu,(607) 555-0139,94ebe361cecec5ddd3ec4d6dd9ef6863,University of Georgia,Athens,GA,33.948,-83.3773,Off-Campus Apartment,Sophomore,Civil Engineering,Savannah,GA,32.0809,-81.0912,Single,FALSE,377
U0780,Madelyn,Laurent,Female,20,2006-02-06,madelyn.laurent887@example.edu,(735) 555-0156,a64587b4f0650ea43ba7927018b0d4bb,UCLA,Los Angeles,CA,34.0689,-118.4452,Dorm / Residence Hall,Junior,Kinesiology,Irvine,CA,33.6846,-117.8265,Single,TRUE,283
U0781,Jackson,Cook,Male,21,2005-02-22,jackson.cook557@example.edu,(964) 555-0162,1410c94b22a996fe31a04b081adb03d0,University of Texas at Austin,Austin,TX,30.2849,-97.7341,Dorm / Residence Hall,Junior,Graphic Design,El Paso,TX,31.7619,-106.485,Single,FALSE,104
U0782,Henry,Thomas,Male,21,2005-01-05,henry.thomas489@example.edu,(843) 555-0100,408ad203002f2e466c96d6fb8e4f49c3,Texas A&M University,College Station,TX,30.6188,-96.3365,Off-Campus Apartment,Junior,Music,Oklahoma City,OK,35.4676,-97.5164,Single,TRUE,247
U0783,Emily,Torres,Female,20,2006-06-05,emily.torres684@example.edu,(832) 555-0183,21f89a6583a056838df13bf763e46143,Penn State University,State College,PA,40.7982,-77.8599,Off-Campus Apartment,Junior,Biology,Boston,MA,42.3601,-71.0589,Single,FALSE,529
U0784,Emerson,Muller,Non-binary,20,2006-10-14,emerson.muller130@example.edu,(321) 555-0128,d80b574e42e227da4a10a974f448113c,Arizona State University,Tempe,AZ,33.4242,-111.9281,Off-Campus Apartment,Junior,Data Analytics,Phoenix,AZ,33.4484,-112.074,Single,TRUE,231
U0785,Simone,Jimenez,Female,22,2004-07-07,simone.jimenez341@example.edu,(329) 555-0189,39310dc32c7fbef77d4e8fd5a356c089,University of Minnesota,Minneapolis,MN,44.974,-93.2277,University Apartment,Senior,English,Indianapolis,IN,39.7684,-86.1581,In a relationship,TRUE,195
U0786,Isaac,Kim,Male,19,2007-12-07,isaac.kim969@example.edu,(249) 555-0159,33fbca5952b9d6e551cfaf3a63f9c519,University of Washington,Seattle,WA,47.6553,-122.3035,Dorm / Residence Hall,Sophomore,Economics,Tacoma,WA,47.2529,-122.4443,In a relationship,TRUE,362
U0787,Andrew,Castillo,Male,20,2006-11-09,andrew.castillo653@example.edu,(835) 555-0119,c5a9ca3881e94764367de3abcd0184ea,University of Texas at Austin,Austin,TX,30.2849,-97.7341,Greek Housing,Freshman,Data Analytics,Dallas,TX,32.7767,-96.797,In a relationship,TRUE,458
U0788,Evelyn,Foster,Female,22,2004-04-10,evelyn.foster577@example.edu,(768) 555-0157,309c4df9f195c4fff303431f72a8e83e,University of Minnesota,Minneapolis,MN,44.974,-93.2277,Dorm / Residence Hall,Senior,Biology,Bloomington,MN,44.8408,-93.2983,In a relationship,FALSE,372
U0789,Dakota,Richardson,Prefer not to say,23,2003-09-24,dakota.richardson240@example.edu,(787) 555-0189,d7015d9ff4fe4ae4744c1cd18698d2a8,New York University,New York,NY,40.7295,-73.9965,University Apartment,Graduate,Music,Brooklyn,NY,40.6782,-73.9442,Single,FALSE,60
U0790,Cooper,Virtanen,Male,22,2004-01-20,cooper.virtanen213@example.edu,(584) 555-0140,407ad6a5a0c227cd711e4dc0cb42cbf1,University of Minnesota,Minneapolis,MN,44.974,-93.2277,University Apartment,Senior,Public Health,Bloomington,MN,44.8408,-93.2983,Single,FALSE,155
U0791,Hannah,Taylor,Female,19,2007-12-16,hannah.taylor750@example.edu,(399) 555-0156,76dc793dd7f7df24e68077444d877fd9,New York University,New York,NY,40.7295,-73.9965,Off-Campus Apartment,Freshman,Kinesiology,Newark,NJ,40.7357,-74.1724,Single,TRUE,125
U0792,Nolan,Choi,Male,23,2003-06-15,nolan.choi417@example.edu,(324) 555-0181,0a9d01218c9bc835851ccbf417dbc8f5,University of Georgia,Athens,GA,33.948,-83.3773,Off-Campus Apartment,Graduate,Communications,Newark,NJ,40.7357,-74.1724,Single,TRUE,244
U0793,Mei,Gutierrez,Female,21,2005-11-13,mei.gutierrez857@example.edu,(572) 555-0172,2fa0c22dcdca2b7d43c7bce7c5b2d140,Florida State University,Tallahassee,FL,30.4419,-84.2985,Dorm / Residence Hall,Senior,Mechanical Engineering,Newark,NJ,40.7357,-74.1724,Single,TRUE,564
U0794,Kinsley,Fraser,Female,20,2006-11-26,kinsley.fraser983@example.edu,(220) 555-0168,0d0fd5e28cb8a1c580099ecdb643fb6a,Texas A&M University,College Station,TX,30.6188,-96.3365,Dorm / Residence Hall,Junior,Graphic Design,Houston,TX,29.7604,-95.3698,Single,FALSE,180
U0795,Taylor,Larsen,Non-binary,19,2007-01-13,taylor.larsen501@example.edu,(680) 555-0155,0d3d3e2ecb437db8e6d470929ccf71fd,Texas A&M University,College Station,TX,30.6188,-96.3365,Off-Campus Apartment,Sophomore,Data Analytics,Columbia,SC,34.0007,-81.0348,In a relationship,TRUE,332
U0796,Diego,Sanchez,Male,18,2008-08-16,diego.sanchez444@example.edu,(726) 555-0145,6df2a9fb17a471862f18813eaf03aafa,Penn State University,State College,PA,40.7982,-77.8599,Lives at Home,Freshman,Mechanical Engineering,Pittsburgh,PA,40.4406,-79.9959,Prefer not to say,FALSE,130
U0797,Fatima,James,Female,21,2005-07-15,fatima.james163@example.edu,(907) 555-0169,5fddd1d3191d106d6fa97dddd2a4c41c,UCLA,Los Angeles,CA,34.0689,-118.4452,Off-Campus Apartment,Senior,Biology,Sacramento,CA,38.5816,-121.4944,Single,TRUE,103
U0798,Ellie,Nguyen,Female,19,2007-02-25,ellie.nguyen213@example.edu,(460) 555-0183,766297caafa8e9f733dd66f3c916e2b7,New York University,New York,NY,40.7295,-73.9965,Dorm / Residence Hall,Sophomore,Mechanical Engineering,Buffalo,NY,42.8864,-78.8784,In a relationship,TRUE,220
U0799,Mila,Roberts,Female,23,2003-05-12,mila.roberts497@example.edu,(480) 555-0198,588b4b2abefecb95fe8933a0178e8228,Arizona State University,Tempe,AZ,33.4242,-111.9281,Off-Campus Apartment,Senior,Undeclared,Tucson,AZ,32.2226,-110.9747,Single,TRUE,275
U0800,William,Howard,Male,19,2007-04-27,william.howard393@example.edu,(235) 555-0171,b8a3606cd7eddda372be817b9e74ce9c,Texas A&M University,College Station,TX,30.6188,-96.3365,Dorm / Residence Hall,Freshman,English,Dallas,TX,32.7767,-96.797,Single,TRUE,122
U0801,Violet,Le,Female,18,2008-04-06,violet.le699@example.edu,(418) 555-0141,d7341482caec84282a20056dc8a16ca8,University of Georgia,Athens,GA,33.948,-83.3773,Off-Campus Apartment,Freshman,Biology,Augusta,GA,33.4735,-82.0105,Prefer not to say,TRUE,111
U0802,Emily,Park,Female,18,2008-05-12,emily.park567@example.edu,(637) 555-0127,98be5de32817e709a5b9d496f8a6b749,University of Wisconsin-Madison,Madison,WI,43.0766,-89.4125,Lives at Home,Freshman,Data Analytics,Appleton,WI,44.2619,-88.4154,Single,FALSE,145
U0803,Christopher,Papadopoulos,Male,21,2005-05-13,christopher.papadopoulos857@example.edu,(552) 555-0180,b2ae17e4de4d2048d0d802c9c2b44a13,University of Michigan,Ann Arbor,MI,42.278,-83.7382,Dorm / Residence Hall,Sophomore,Public Health,Troy,MI,42.6064,-83.1498,Single,FALSE,344
U0804,David,Wood,Male,19,2007-05-08,david.wood120@example.edu,(226) 555-0139,534ca45ccfb9713175f61bc7e39508c5,Penn State University,State College,PA,40.7982,-77.8599,Off-Campus Apartment,Freshman,Music,Chicago,IL,41.8781,-87.6298,Single,FALSE,217
U0805,Mila,Jimenez,Female,20,2006-09-15,mila.jimenez971@example.edu,(505) 555-0109,0d06932a052a90974dc7550405dd3f74,University of Texas at Austin,Austin,TX,30.2849,-97.7341,Greek Housing,Sophomore,Undeclared,Indianapolis,IN,39.7684,-86.1581,In a relationship,TRUE,413
U0806,Gabriella,Brooks,Female,18,2008-10-15,gabriella.brooks797@example.edu,(264) 555-0109,cc69454943bbd0dc8880f559000b4529,University of Wisconsin-Madison,Madison,WI,43.0766,-89.4125,Off-Campus Apartment,Freshman,Psychology,Milwaukee,WI,43.0389,-87.9065,In a relationship,FALSE,326
U0807,Ximena,Papadopoulos,Female,19,2007-06-05,ximena.papadopoulos11@example.edu,(775) 555-0180,caed62cb3873cceda63a3572dcd2bf72,University of Wisconsin-Madison,Madison,WI,43.0766,-89.4125,University Apartment,Sophomore,Computer Science,Kenosha,WI,42.5847,-87.8212,Single,FALSE,166
U0808,Priya,Sullivan,Female,20,2006-02-11,priya.sullivan301@example.edu,(261) 555-0125,ccf59b877c688f35fdcf90cc68e28052,Texas A&M University,College Station,TX,30.6188,-96.3365,Greek Housing,Junior,Biology,Plano,TX,33.0198,-96.6989,Single,TRUE,169
U0809,Theodore,Okafor,Male,21,2005-09-24,theodore.okafor667@example.edu,(379) 555-0165,a90253a85348ea44a4f19c9511d9c471,Penn State University,State College,PA,40.7982,-77.8599,Dorm / Residence Hall,Senior,Finance,Pittsburgh,PA,40.4406,-79.9959,Single,TRUE,107
U0810,Jacob,Ramirez,Male,24,2002-02-14,jacob.ramirez523@example.edu,(359) 555-0173,a2b36b505bccf5fd6f60786d59eee739,University of Michigan,Ann Arbor,MI,42.278,-83.7382,University Apartment,Graduate,History,Lansing,MI,42.7325,-84.5555,Single,FALSE,262
U0811,Imani,Reyes,Female,20,2006-08-24,imani.reyes491@example.edu,(251) 555-0160,bec2d17f88a40ba05dde7f2c9994bdda,University of Texas at Austin,Austin,TX,30.2849,-97.7341,Off-Campus Apartment,Sophomore,Electrical Engineering,Plano,TX,33.0198,-96.6989,In a relationship,TRUE,342
U0812,Eleanor,Adams,Female,21,2005-11-18,eleanor.adams847@example.edu,(219) 555-0176,2c07b34431a93a218bb0d961ff44e169,University of Alabama,Tuscaloosa,AL,33.214,-87.5391,Off-Campus Apartment,Senior,Marketing,Montgomery,AL,32.3668,-86.3,Single,FALSE,159
U0813,Jasmine,Richardson,Female,20,2006-02-26,jasmine.richardson968@example.edu,(296) 555-0116,b5fe0436955dfe76b537a2b749880ba3,Arizona State University,Tempe,AZ,33.4242,-111.9281,Greek Housing,Junior,Information Systems,Charlotte,NC,35.2271,-80.8431,Prefer not to say,FALSE,866
U0814,Jasmine,Wright,Female,18,2008-05-25,jasmine.wright476@example.edu,(732) 555-0170,713bbf2ee7355e43a06b16df5396911f,University of Florida,Gainesville,FL,29.6436,-82.3549,Lives at Home,Freshman,History,Orlando,FL,28.5384,-81.3789,Single,TRUE,315
U0815,Alexander,Haddad,Male,18,2008-01-07,alexander.haddad741@example.edu,(498) 555-0153,2c1e4f126196834a6fddfa89e57bf2f8,University of Minnesota,Minneapolis,MN,44.974,-93.2277,Dorm / Residence Hall,Freshman,Business Administration,St. Paul,MN,44.9537,-93.09,Single,TRUE,263
U0816,Madison,Reed,Female,19,2007-12-14,madison.reed634@example.edu,(813) 555-0170,63c24c5946008f8536b18f53e1a3e088,University of Georgia,Athens,GA,33.948,-83.3773,Lives at Home,Sophomore,Data Analytics,Marietta,GA,33.9526,-84.5499,In a relationship,TRUE,119
U0817,Sofia,Thompson,Female,22,2004-12-04,sofia.thompson914@example.edu,(607) 555-0157,8587940337a6335acc0f5cb33a11f514,University of Alabama,Tuscaloosa,AL,33.214,-87.5391,Greek Housing,Senior,Chemistry,Mobile,AL,30.6954,-88.0399,Single,FALSE,181
U0818,Roman,Martinez,Male,19,2007-09-25,roman.martinez646@example.edu,(416) 555-0145,42604726ec9fc175375c135494d682ae,Penn State University,State College,PA,40.7982,-77.8599,Dorm / Residence Hall,Sophomore,Business Administration,Allentown,PA,40.6084,-75.4902,In a relationship,FALSE,101
U0819,Malik,Phillips,Male,22,2004-01-11,malik.phillips806@example.edu,(650) 555-0146,15a9e15609435cef62b88a3b2554e2b0,Arizona State University,Tempe,AZ,33.4242,-111.9281,Off-Campus Apartment,Senior,Information Systems,Phoenix,AZ,33.4484,-112.074,Single,TRUE,157
U0820,Paisley,Evans,Female,18,2008-01-10,paisley.evans931@example.edu,(809) 555-0149,299967ff16b422abf934ab0cbb9357f5,Arizona State University,Tempe,AZ,33.4242,-111.9281,Dorm / Residence Hall,Freshman,Graphic Design,Tucson,AZ,32.2226,-110.9747,Single,FALSE,152
U0821,Owen,Campbell,Male,20,2006-06-20,owen.campbell915@example.edu,(648) 555-0179,712b3bfb090763934a2e8e7f64aa3d34,Ohio State University,Columbus,OH,40.0067,-83.0305,Dorm / Residence Hall,Sophomore,History,Toledo,OH,41.6528,-83.5379,In a relationship,TRUE,133
U0822,Nora,Morgan,Female,19,2007-04-05,nora.morgan27@example.edu,(687) 555-0101,d87157b99e0461b8e3fa1c2188fd5849,Texas A&M University,College Station,TX,30.6188,-96.3365,Dorm / Residence Hall,Sophomore,Graphic Design,Dallas,TX,32.7767,-96.797,Single,FALSE,211
U0823,Kinsley,Hughes,Female,22,2004-09-21,kinsley.hughes403@example.edu,(897) 555-0151,61222621d6e6e4d7fd2136a966e06cbc,UCLA,Los Angeles,CA,34.0689,-118.4452,Dorm / Residence Hall,Sophomore,Mechanical Engineering,Denver,CO,39.7392,-104.9903,In a relationship,FALSE,94
U0824,Stella,Campbell,Female,20,2006-06-18,stella.campbell73@example.edu,(826) 555-0168,f9659bbcb0441dd06f940d45b067eb71,University of Washington,Seattle,WA,47.6553,-122.3035,Dorm / Residence Hall,Junior,Biology,Charlotte,NC,35.2271,-80.8431,Single,TRUE,115
U0825,Ananya,Jackson,Female,20,2006-09-17,ananya.jackson197@example.edu,(483) 555-0181,166eec5de213eb3ebcd2a55606e58e64,University of Texas at Austin,Austin,TX,30.2849,-97.7341,Off-Campus Apartment,Junior,Psychology,San Antonio,TX,29.4241,-98.4936,It's complicated,FALSE,274
U0826,Ezekiel,Choi,Male,20,2006-01-16,ezekiel.choi785@example.edu,(945) 555-0106,0a9d7524297606f609621ccf301affe7,Arizona State University,Tempe,AZ,33.4242,-111.9281,Off-Campus Apartment,Sophomore,Computer Science,Mesa,AZ,33.4152,-111.8315,Single,TRUE,351
U0827,Sebastian,Walsh,Male,20,2006-07-19,sebastian.walsh291@example.edu,(413) 555-0107,947c306fd84690ce58ed1eaf3b190b3b,Ohio State University,Columbus,OH,40.0067,-83.0305,Greek Housing,Junior,Computer Science,Toledo,OH,41.6528,-83.5379,In a relationship,FALSE,963
U0828,Madelyn,Cox,Female,20,2006-04-19,madelyn.cox649@example.edu,(238) 555-0146,9575ca6b98ca14c14882bfe65a6e2859,University of Wisconsin-Madison,Madison,WI,43.0766,-89.4125,Off-Campus Apartment,Sophomore,Marketing,New Orleans,LA,29.9511,-90.0715,Single,FALSE,212
U0829,Ezra,Okafor,Male,20,2006-05-15,ezra.okafor522@example.edu,(872) 555-0154,c85f91940a245b1ebafdb3c24ffc2688,University of Florida,Gainesville,FL,29.6436,-82.3549,Dorm / Residence Hall,Junior,Business Administration,Miami,FL,25.7617,-80.1918,Single,TRUE,200
U0830,Daniel,Thompson,Male,19,2007-06-26,daniel.thompson67@example.edu,(566) 555-0182,63356732896117e0ab9a258ae6948b65,University of Texas at Austin,Austin,TX,30.2849,-97.7341,Greek Housing,Sophomore,Finance,Plano,TX,33.0198,-96.6989,Single,FALSE,197
U0831,Jamal,Yamamoto,Male,21,2005-07-20,jamal.yamamoto622@example.edu,(260) 555-0119,ae51362fca3eb302479555e06e2c8c17,Penn State University,State College,PA,40.7982,-77.8599,Dorm / Residence Hall,Senior,Sociology,Pittsburgh,PA,40.4406,-79.9959,In a relationship,TRUE,103
U0832,Audrey,Gomez,Female,19,2007-11-25,audrey.gomez798@example.edu,(884) 555-0197,2032fa79d57ebbb0c21bae316a210c36,University of Florida,Gainesville,FL,29.6436,-82.3549,Off-Campus Apartment,Freshman,Finance,Miami,FL,25.7617,-80.1918,It's complicated,FALSE,230
U0833,Yuna,Torres,Female,20,2006-12-03,yuna.torres75@example.edu,(321) 555-0150,4d709e7304638007211c4b0455df3ae8,Texas A&M University,College Station,TX,30.6188,-96.3365,Dorm / Residence Hall,Sophomore,Public Health,Houston,TX,29.7604,-95.3698,In a relationship,FALSE,295
U0834,Axel,Larsen,Male,20,2006-10-25,axel.larsen42@example.edu,(331) 555-0132,29a9f59fa41d783a2bb0b4b837e3ba58,University of Washington,Seattle,WA,47.6553,-122.3035,Dorm / Residence Hall,Sophomore,Undeclared,Chicago,IL,41.8781,-87.6298,Single,TRUE,149
U0835,Joseph,Wagner,Male,20,2006-12-07,joseph.wagner987@example.edu,(967) 555-0117,74ecc1511d4af944be24e8ca27f971f1,University of Minnesota,Minneapolis,MN,44.974,-93.2277,Off-Campus Apartment,Sophomore,Education,Chicago,IL,41.8781,-87.6298,Single,TRUE,231
U0836,Eli,Turner,Male,19,2007-05-23,eli.turner150@example.edu,(679) 555-0117,2fdb8e08a3b9d7c00c833db2e118515e,University of Alabama,Tuscaloosa,AL,33.214,-87.5391,Greek Housing,Freshman,Kinesiology,Birmingham,AL,33.5186,-86.8104,Single,TRUE,165
U0837,Naomi,Li,Female,18,2008-03-25,naomi.li224@example.edu,(746) 555-0120,c94e220279f3d8161164a13cefa86283,University of Alabama,Tuscaloosa,AL,33.214,-87.5391,Dorm / Residence Hall,Freshman,Accounting,Huntsville,AL,34.7304,-86.5861,In a relationship,FALSE,108
U0838,Evelyn,Rossi,Female,20,2006-04-01,evelyn.rossi176@example.edu,(544) 555-0163,5f38782639962bec208124ceec3d9b28,Ohio State University,Columbus,OH,40.0067,-83.0305,Off-Campus Apartment,Junior,Communications,Boise,ID,43.615,-116.2023,In a relationship,FALSE,344
U0839,Ananya,Wang,Female,19,2007-01-01,ananya.wang169@example.edu,(872) 555-0118,0c30824dc5c996d86317783cf4686010,Penn State University,State College,PA,40.7982,-77.8599,Dorm / Residence Hall,Freshman,Data Analytics,Pittsburgh,PA,40.4406,-79.9959,Single,TRUE,419
U0840,Zoe,Mendoza,Female,19,2007-04-14,zoe.mendoza267@example.edu,(721) 555-0197,c16d119e15ce6b225436fdedcacea964,New York University,New York,NY,40.7295,-73.9965,Off-Campus Apartment,Sophomore,Music,Omaha,NE,41.2565,-95.9345,In a relationship,TRUE,479
U0841,Isabella,Morris,Female,20,2006-11-17,isabella.morris750@example.edu,(929) 555-0189,f37b18693436674d6746eb85ee8b3bd0,Texas A&M University,College Station,TX,30.6188,-96.3365,Greek Housing,Sophomore,Data Analytics,San Antonio,TX,29.4241,-98.4936,In a relationship,TRUE,378
U0842,Avery,Davis,Female,20,2006-10-17,avery.davis687@example.edu,(955) 555-0146,c86df2cdaf0648e79a344c9102940f30,University of Alabama,Tuscaloosa,AL,33.214,-87.5391,Dorm / Residence Hall,Sophomore,Marketing,Montgomery,AL,32.3668,-86.3,Prefer not to say,FALSE,205
U0843,Jayden,Choi,Male,24,2002-06-22,jayden.choi728@example.edu,(508) 555-0109,e911c1b036d04ee58cdc188ba5295307,Arizona State University,Tempe,AZ,33.4242,-111.9281,University Apartment,Graduate,Accounting,Nashville,TN,36.1627,-86.7816,Single,TRUE,183
U0844,Oliver,Ward,Male,23,2003-03-20,oliver.ward838@example.edu,(666) 555-0113,d464daf7adfc01cfc40633c621ef5133,University of Texas at Austin,Austin,TX,30.2849,-97.7341,Off-Campus Apartment,Graduate,Kinesiology,Louisville,KY,38.2527,-85.7585,Prefer not to say,FALSE,225
U0845,Audrey,Sharma,Female,22,2004-07-03,audrey.sharma875@example.edu,(679) 555-0198,36e988d17938094f8c1fbaccd7a16b89,Florida State University,Tallahassee,FL,30.4419,-84.2985,Greek Housing,Senior,Mathematics,Jacksonville,FL,30.3322,-81.6557,Single,TRUE,199
U0846,Aaron,Kowalski,Male,20,2006-05-13,aaron.kowalski355@example.edu,(817) 555-0140,a9cd29e62b5363fd0586fad06a3d213f,Ohio State University,Columbus,OH,40.0067,-83.0305,Lives at Home,Junior,Graphic Design,Portland,OR,45.5152,-122.6784,In a relationship,FALSE,184
U0847,Carter,Tran,Male,20,2006-07-03,carter.tran257@example.edu,(236) 555-0100,c99f71406e5c39e9b292486f03395292,University of Wisconsin-Madison,Madison,WI,43.0766,-89.4125,Dorm / Residence Hall,Sophomore,Psychology,Kansas City,MO,39.0997,-94.5786,Single,FALSE,109
U0848,Elias,Campbell,Male,21,2005-02-08,elias.campbell601@example.edu,(972) 555-0185,625f373151c31d287c07eb0e6e74cc43,University of Wisconsin-Madison,Madison,WI,43.0766,-89.4125,Dorm / Residence Hall,Senior,Computer Science,St. Louis,MO,38.627,-90.1994,In a relationship,FALSE,106
U0849,Sebastian,Oliveira,Male,19,2007-03-24,sebastian.oliveira456@example.edu,(977) 555-0137,2374b4de04d80affd3b93f5d944ed0a0,Florida State University,Tallahassee,FL,30.4419,-84.2985,Dorm / Residence Hall,Sophomore,Criminal Justice,Miami,FL,25.7617,-80.1918,Prefer not to say,TRUE,125
U0850,Jamal,Hall,Male,23,2003-08-19,jamal.hall592@example.edu,(490) 555-0171,ee9526b5a6dbf9742e61e22b5ef56d52,University of Michigan,Ann Arbor,MI,42.278,-83.7382,Off-Campus Apartment,Senior,Biology,Detroit,MI,42.3314,-83.0458,Prefer not to say,TRUE,179
U0851,Caleb,Gomez,Male,19,2007-01-17,caleb.gomez664@example.edu,(720) 555-0169,99766a2bba05fb4260889f12207019c0,Penn State University,State College,PA,40.7982,-77.8599,Dorm / Residence Hall,Sophomore,Biology,Charlotte,NC,35.2271,-80.8431,Single,FALSE,120
U0852,Hannah,Harris,Female,21,2005-12-22,hannah.harris359@example.edu,(972) 555-0153,06698f95b55c2af87b17575030ce45e9,Penn State University,State College,PA,40.7982,-77.8599,Dorm / Residence Hall,Senior,Public Health,Omaha,NE,41.2565,-95.9345,Single,FALSE,129
U0853,Darius,Edwards,Male,20,2006-05-27,darius.edwards977@example.edu,(303) 555-0129,8db81ac30bf248deab0978bb47c0ba44,Penn State University,State College,PA,40.7982,-77.8599,Off-Campus Apartment,Junior,Political Science,Pittsburgh,PA,40.4406,-79.9959,Single,TRUE,186
U0854,Connor,Sharma,Male,22,2004-03-07,connor.sharma792@example.edu,(281) 555-0126,49f81a732eb1111e958df8809f610eb6,Arizona State University,Tempe,AZ,33.4242,-111.9281,Lives at Home,Senior,Computer Science,Nashville,TN,36.1627,-86.7816,Single,TRUE,160
U0855,Julian,Nguyen,Male,19,2007-10-18,julian.nguyen832@example.edu,(786) 555-0162,c302441d1a4ff4f2d2c374e5b044c22d,Arizona State University,Tempe,AZ,33.4242,-111.9281,Off-Campus Apartment,Freshman,Information Systems,Phoenix,AZ,33.4484,-112.074,Single,FALSE,214
U0856,Colton,Virtanen,Male,19,2007-03-20,colton.virtanen176@example.edu,(822) 555-0119,e3e9c7b79a55b5b1548c1e7ee9fc4e80,Arizona State University,Tempe,AZ,33.4242,-111.9281,Off-Campus Apartment,Freshman,Nursing,Oklahoma City,OK,35.4676,-97.5164,Single,TRUE,247
U0857,Christopher,Sato,Male,19,2007-04-19,christopher.sato102@example.edu,(487) 555-0105,b5d93f4517b98122072c140bd9e8e5b5,UCLA,Los Angeles,CA,34.0689,-118.4452,Off-Campus Apartment,Sophomore,Education,Omaha,NE,41.2565,-95.9345,Single,TRUE,237
U0858,Mason,James,Male,19,2007-09-24,mason.james832@example.edu,(483) 555-0118,92dfedb0a9cda8c6806ce6aaf30b7d40,University of Texas at Austin,Austin,TX,30.2849,-97.7341,University Apartment,Sophomore,Education,Louisville,KY,38.2527,-85.7585,Single,FALSE,249
U0859,Violet,Morris,Female,21,2005-10-22,violet.morris942@example.edu,(698) 555-0108,530be9d0a10eb36f0e7541eea3ec9b5d,Texas A&M University,College Station,TX,30.6188,-96.3365,Dorm / Residence Hall,Senior,Mathematics,San Antonio,TX,29.4241,-98.4936,In a relationship,FALSE,236
U0860,Ella,Wilson,Female,24,2002-07-05,ella.wilson199@example.edu,(847) 555-0149,b58e13097b0c64cf874eaf3df59b48be,University of Florida,Gainesville,FL,29.6436,-82.3549,Off-Campus Apartment,Graduate,Music,Miami,FL,25.7617,-80.1918,Single,TRUE,60
U0861,Alex,Castillo,Non-binary,24,2002-06-07,alex.castillo867@example.edu,(689) 555-0153,75c2b8746f1d6d4cdbcc68c48851c48c,University of Alabama,Tuscaloosa,AL,33.214,-87.5391,Off-Campus Apartment,Graduate,Nursing,Montgomery,AL,32.3668,-86.3,Single,TRUE,108
U0862,Levi,Gutierrez,Male,19,2007-07-26,levi.gutierrez442@example.edu,(501) 555-0100,9346fa2fdb8cdec3e779c13872d274bd,Texas A&M University,College Station,TX,30.6188,-96.3365,Greek Housing,Freshman,Nursing,Dallas,TX,32.7767,-96.797,In a relationship,FALSE,179
U0863,Sophia,Fernandez,Female,21,2005-12-14,sophia.fernandez179@example.edu,(912) 555-0184,6e0d937397382694f6a25e874c4e20dc,Arizona State University,Tempe,AZ,33.4242,-111.9281,Off-Campus Apartment,Senior,Kinesiology,Phoenix,AZ,33.4484,-112.074,Prefer not to say,FALSE,428
U0864,Nia,Sanders,Female,20,2006-06-21,nia.sanders852@example.edu,(569) 555-0155,70a6eb68c56053f71b1e491194ccd7d7,Florida State University,Tallahassee,FL,30.4419,-84.2985,Lives at Home,Junior,History,Miami,FL,25.7617,-80.1918,In a relationship,TRUE,128
U0865,Isaac,Parker,Male,20,2006-08-05,isaac.parker144@example.edu,(415) 555-0153,bf2c3c03b7c28dc4a0f2fa98fa47a433,UCLA,Los Angeles,CA,34.0689,-118.4452,Lives at Home,Junior,Marketing,Irvine,CA,33.6846,-117.8265,Single,TRUE,363
U0866,Emily,Weber,Female,19,2007-03-02,emily.weber436@example.edu,(544) 555-0196,d065c5f1530d575078c4cb678170e3cd,Texas A&M University,College Station,TX,30.6188,-96.3365,Dorm / Residence Hall,Sophomore,Music,Dallas,TX,32.7767,-96.797,In a relationship,FALSE,168
U0867,Sebastian,Harris,Male,24,2002-03-04,sebastian.harris110@example.edu,(888) 555-0135,b088c93423d7be9a5fdc25bda84a90a4,University of Wisconsin-Madison,Madison,WI,43.0766,-89.4125,Off-Campus Apartment,Graduate,Economics,Green Bay,WI,44.5133,-88.0133,Single,TRUE,106
U0868,Ellie,Martinez,Female,23,2003-04-19,ellie.martinez794@example.edu,(879) 555-0121,ea9ad6c7d93cac12c4f7d1b76e99f437,UCLA,Los Angeles,CA,34.0689,-118.4452,Off-Campus Apartment,Graduate,Mechanical Engineering,Chicago,IL,41.8781,-87.6298,Single,TRUE,190
U0869,Zoe,Gray,Female,21,2005-04-03,zoe.gray169@example.edu,(774) 555-0159,3f52ede5b60451157d872bba73649e71,University of Texas at Austin,Austin,TX,30.2849,-97.7341,Dorm / Residence Hall,Senior,English,Las Vegas,NV,36.1699,-115.1398,Prefer not to say,TRUE,127
U0870,Christopher,Cooper,Male,24,2002-01-10,christopher.cooper573@example.edu,(659) 555-0109,1f125fa186039a044999e907c21fc3a7,Ohio State University,Columbus,OH,40.0067,-83.0305,Off-Campus Apartment,Senior,Business Administration,Dayton,OH,39.7589,-84.1916,Single,TRUE,303
U0871,Alexander,Morris,Male,19,2007-08-13,alexander.morris924@example.edu,(790) 555-0170,6404b56eeb3dff99b59aac30a2483e0b,Arizona State University,Tempe,AZ,33.4242,-111.9281,Greek Housing,Sophomore,English,Scottsdale,AZ,33.4942,-111.9261,In a relationship,FALSE,142
U0872,Everly,Taylor,Female,19,2007-09-14,everly.taylor305@example.edu,(823) 555-0145,fed30b9bc9b1644899a1cab203397846,New York University,New York,NY,40.7295,-73.9965,Off-Campus Apartment,Freshman,Nursing,Brooklyn,NY,40.6782,-73.9442,In a relationship,TRUE,256
U0873,Colton,Ward,Male,24,2002-03-05,colton.ward139@example.edu,(507) 555-0195,40a1b2c933a766100baf7a7d8fa2e664,University of Texas at Austin,Austin,TX,30.2849,-97.7341,University Apartment,Graduate,Communications,El Paso,TX,31.7619,-106.485,Single,TRUE,499
U0874,Carter,Davis,Male,21,2005-10-09,carter.davis964@example.edu,(859) 555-0118,65c6342bc9d4afb0bb927f10f4df8ba5,Arizona State University,Tempe,AZ,33.4242,-111.9281,Dorm / Residence Hall,Senior,Business Administration,Tucson,AZ,32.2226,-110.9747,In a relationship,TRUE,186
U0875,Victoria,Rivera,Female,21,2005-10-05,victoria.rivera677@example.edu,(681) 555-0176,301acc5d4d44b4842201298c56f10cc4,Penn State University,State College,PA,40.7982,-77.8599,Off-Campus Apartment,Sophomore,Finance,Portland,OR,45.5152,-122.6784,Single,TRUE,231
U0876,Joshua,Schmidt,Male,21,2005-01-02,joshua.schmidt902@example.edu,(747) 555-0180,aa0207665a2a1a7443d20d9aeaabd34b,University of Wisconsin-Madison,Madison,WI,43.0766,-89.4125,Dorm / Residence Hall,Senior,English,Boston,MA,42.3601,-71.0589,Single,FALSE,191
U0877,Tariq,Richardson,Male,25,2001-02-12,tariq.richardson743@example.edu,(714) 555-0100,9bb29a49770c639a02bb17e9c8c4a9f9,University of Michigan,Ann Arbor,MI,42.278,-83.7382,University Apartment,Graduate,Criminal Justice,Grand Rapids,MI,42.9634,-85.6681,Single,TRUE,301
U0878,Mateo,Mitchell,Male,18,2008-03-08,mateo.mitchell600@example.edu,(852) 555-0158,c97e5b613a01c27f482ec23a461cf962,University of Texas at Austin,Austin,TX,30.2849,-97.7341,Dorm / Residence Hall,Freshman,Music,Denver,CO,39.7392,-104.9903,In a relationship,TRUE,131
U0879,Lily,Sharma,Female,19,2007-10-15,lily.sharma979@example.edu,(523) 555-0129,7f884a1532e49719a0f4f8fe12793dd3,University of Georgia,Athens,GA,33.948,-83.3773,University Apartment,Sophomore,Marketing,Augusta,GA,33.4735,-82.0105,Single,TRUE,481
U0880,Benjamin,Kim,Male,23,2003-12-10,benjamin.kim989@example.edu,(908) 555-0173,60163c7f5bac8e589ae55d03e6069b24,University of Wisconsin-Madison,Madison,WI,43.0766,-89.4125,Off-Campus Apartment,Graduate,Computer Science,Boston,MA,42.3601,-71.0589,Single,TRUE,408
U0881,Kinsley,Tran,Female,24,2002-03-02,kinsley.tran702@example.edu,(268) 555-0199,05f5f7bf4bea0398e74bab00871fdb0d,Ohio State University,Columbus,OH,40.0067,-83.0305,Off-Campus Apartment,Graduate,Psychology,Dayton,OH,39.7589,-84.1916,In a relationship,FALSE,236
U0882,Zoe,Williams,Female,22,2004-02-13,zoe.williams988@example.edu,(863) 555-0157,a2e0d8d7b4f65061d5c12b02c768c5e5,Texas A&M University,College Station,TX,30.6188,-96.3365,Dorm / Residence Hall,Senior,Psychology,Fort Worth,TX,32.7555,-97.3308,In a relationship,TRUE,188
U0883,Hunter,Diaz,Male,23,2003-08-16,hunter.diaz908@example.edu,(647) 555-0109,0733908eaa745867a0ef760d2a147c59,University of Florida,Gainesville,FL,29.6436,-82.3549,Off-Campus Apartment,Graduate,Economics,Miami,FL,25.7617,-80.1918,It's complicated,FALSE,195
U0884,Henry,Nelson,Male,24,2002-12-06,henry.nelson819@example.edu,(959) 555-0188,18eea885374dbcceb9fff8f5db66db32,University of Michigan,Ann Arbor,MI,42.278,-83.7382,Off-Campus Apartment,Graduate,Journalism,Detroit,MI,42.3314,-83.0458,In a relationship,FALSE,60
U0885,Nia,Singh,Female,21,2005-10-16,nia.singh539@example.edu,(609) 555-0184,469d0cfd03fa5993c672c02e27bdda36,Florida State University,Tallahassee,FL,30.4419,-84.2985,Off-Campus Apartment,Junior,Business Administration,Boston,MA,42.3601,-71.0589,In a relationship,TRUE,733
U0886,Jordan,Phillips,Non-binary,20,2006-01-23,jordan.phillips933@example.edu,(564) 555-0183,aae7324ac222a10a9698e6c610f7c17f,Penn State University,State College,PA,40.7982,-77.8599,Dorm / Residence Hall,Sophomore,Finance,Erie,PA,42.1292,-80.0851,Single,FALSE,364
U0887,Darius,Ward,Male,25,2001-02-04,darius.ward212@example.edu,(612) 555-0150,e20a44a2eede19b38465481b79be4b40,Ohio State University,Columbus,OH,40.0067,-83.0305,Off-Campus Apartment,Graduate,Information Systems,Cleveland,OH,41.4993,-81.6944,In a relationship,TRUE,365
U0888,Stella,Bennett,Female,20,2006-01-26,stella.bennett486@example.edu,(669) 555-0130,af3f64bd1a1723d54af16dc15b2c93e7,Arizona State University,Tempe,AZ,33.4242,-111.9281,Off-Campus Apartment,Junior,Biology,Oklahoma City,OK,35.4676,-97.5164,Single,TRUE,174
U0889,Harper,Mitchell,Female,24,2002-02-13,harper.mitchell515@example.edu,(751) 555-0181,b5a996a336f5f2871115298d273a581b,University of Michigan,Ann Arbor,MI,42.278,-83.7382,University Apartment,Graduate,Kinesiology,Salt Lake City,UT,40.7608,-111.891,It's complicated,FALSE,193
U0890,Mateo,Edwards,Male,22,2004-02-10,mateo.edwards296@example.edu,(862) 555-0149,aaf086611038b2ede78fd6f6390f4b7a,University of Alabama,Tuscaloosa,AL,33.214,-87.5391,Dorm / Residence Hall,Senior,Data Analytics,Chicago,IL,41.8781,-87.6298,Single,TRUE,131
U0891,Audrey,Cook,Female,20,2006-10-17,audrey.cook591@example.edu,(461) 555-0127,ffb166b2e98dca93278bfc6a71f60cb4,University of Wisconsin-Madison,Madison,WI,43.0766,-89.4125,Dorm / Residence Hall,Junior,Nursing,Appleton,WI,44.2619,-88.4154,It's complicated,FALSE,265
U0892,Aisha,Brown,Female,20,2006-02-14,aisha.brown626@example.edu,(433) 555-0143,963b183348c0cc21157d76b62e90d1b6,University of Washington,Seattle,WA,47.6553,-122.3035,Dorm / Residence Hall,Junior,Biology,Bellevue,WA,47.6101,-122.2015,Single,FALSE,137
U0893,Skylar,Morris,Female,25,2001-03-25,skylar.morris219@example.edu,(689) 555-0111,a93e2dcad66f2fc0cd48c20871a65f0d,Florida State University,Tallahassee,FL,30.4419,-84.2985,Off-Campus Apartment,Graduate,Economics,Tampa,FL,27.9506,-82.4572,Single,FALSE,108
U0894,Jackson,Flores,Male,19,2007-09-21,jackson.flores293@example.edu,(760) 555-0113,2e63b9ddf9003c810a081dca294c3686,University of Wisconsin-Madison,Madison,WI,43.0766,-89.4125,Dorm / Residence Hall,Sophomore,Biology,Appleton,WI,44.2619,-88.4154,In a relationship,FALSE,322
U0895,Dylan,Roberts,Male,19,2007-06-15,dylan.roberts630@example.edu,(579) 555-0135,a59a04573ee58bca0325824323cb01f8,University of Florida,Gainesville,FL,29.6436,-82.3549,Off-Campus Apartment,Freshman,Communications,Jacksonville,FL,30.3322,-81.6557,Single,TRUE,286
U0896,Aria,Kaur,Female,21,2005-10-28,aria.kaur852@example.edu,(902) 555-0166,426b683fa94f3e49427b035dd77d4bea,University of Florida,Gainesville,FL,29.6436,-82.3549,Dorm / Residence Hall,Senior,Undeclared,Miami,FL,25.7617,-80.1918,Single,TRUE,237
U0897,Nathan,Walsh,Male,20,2006-08-21,nathan.walsh844@example.edu,(969) 555-0166,610bd3d183f1763bb896c2de14e24a19,New York University,New York,NY,40.7295,-73.9965,Dorm / Residence Hall,Junior,Data Analytics,Richmond,VA,37.5407,-77.436,In a relationship,FALSE,402
U0898,Hannah,Wright,Female,23,2003-03-28,hannah.wright326@example.edu,(559) 555-0188,65b37fbebdc972b6279b51e9390889b9,Ohio State University,Columbus,OH,40.0067,-83.0305,Off-Campus Apartment,Graduate,Business Administration,Charlotte,NC,35.2271,-80.8431,Prefer not to say,FALSE,250
U0899,Sarah,Mitchell,Female,19,2007-08-28,sarah.mitchell994@example.edu,(206) 555-0199,efed4c6cdb34b4f20ec455a2d9bb07e6,University of Georgia,Athens,GA,33.948,-83.3773,Off-Campus Apartment,Freshman,Nursing,New Orleans,LA,29.9511,-90.0715,Single,FALSE,138
U0900,Theodore,Rossi,Male,24,2002-10-26,theodore.rossi33@example.edu,(602) 555-0157,7e32f1f171c0951c99359589ddf91398,Texas A&M University,College Station,TX,30.6188,-96.3365,Off-Campus Apartment,Graduate,History,Plano,TX,33.0198,-96.6989,Single,TRUE,163
U0901,Lincoln,Kelly,Male,23,2003-08-13,lincoln.kelly740@example.edu,(408) 555-0109,f9ea6daa718d27c2569b26c90bc26002,Arizona State University,Tempe,AZ,33.4242,-111.9281,Off-Campus Apartment,Senior,Business Administration,Phoenix,AZ,33.4484,-112.074,Single,TRUE,182
U0902,Priya,Becker,Female,24,2002-04-07,priya.becker512@example.edu,(691) 555-0124,ea0a25b43f0d5ceb48f466475d7ee69b,Texas A&M University,College Station,TX,30.6188,-96.3365,Off-Campus Apartment,Graduate,Data Analytics,Houston,TX,29.7604,-95.3698,Single,TRUE,344
U0903,Lucy,Price,Female,18,2008-08-06,lucy.price334@example.edu,(726) 555-0129,6d883bf70ad3ace9d8b4af791b264dfa,Penn State University,State College,PA,40.7982,-77.8599,Off-Campus Apartment,Freshman,Business Administration,Erie,PA,42.1292,-80.0851,Single,TRUE,189
U0904,Hannah,James,Female,19,2007-11-26,hannah.james97@example.edu,(491) 555-0117,ea9e1f2872200eeb47b4dd4b25e79590,University of Florida,Gainesville,FL,29.6436,-82.3549,Lives at Home,Sophomore,Marketing,Richmond,VA,37.5407,-77.436,In a relationship,FALSE,161
U0905,Joseph,Okafor,Male,22,2004-06-13,joseph.okafor553@example.edu,(559) 555-0130,a7ec14f6de4c448cac78206e158cd8e9,University of Texas at Austin,Austin,TX,30.2849,-97.7341,University Apartment,Senior,Graphic Design,Fort Worth,TX,32.7555,-97.3308,Single,TRUE,1022
U0906,Jameson,Wilson,Male,19,2007-06-11,jameson.wilson867@example.edu,(739) 555-0171,7e0730f70ad5043a3eaf55782c5917ea,Arizona State University,Tempe,AZ,33.4242,-111.9281,Lives at Home,Freshman,Graphic Design,Nashville,TN,36.1627,-86.7816,In a relationship,TRUE,309
U0907,Easton,Cox,Male,20,2006-12-17,easton.cox575@example.edu,(646) 555-0196,dd8f71091375c8382bb1dae2ad42e42d,UCLA,Los Angeles,CA,34.0689,-118.4452,Off-Campus Apartment,Sophomore,Finance,Fresno,CA,36.7378,-119.7871,Single,FALSE,274
U0908,Yuna,Campbell,Female,20,2006-09-20,yuna.campbell654@example.edu,(435) 555-0125,9b74aef8ca1fef30dd43251565b82471,University of Texas at Austin,Austin,TX,30.2849,-97.7341,Dorm / Residence Hall,Junior,Mathematics,New Orleans,LA,29.9511,-90.0715,In a relationship,FALSE,133
U0909,Carlos,Alvarez,Male,23,2003-08-18,carlos.alvarez696@example.edu,(250) 555-0167,bcb2934e629bc3ae90b57e1e0ae8b4c8,University of Alabama,Tuscaloosa,AL,33.214,-87.5391,University Apartment,Graduate,Marketing,Huntsville,AL,34.7304,-86.5861,Single,FALSE,101
U0910,Emily,Nguyen,Female,22,2004-06-12,emily.nguyen648@example.edu,(785) 555-0120,5c60d1f939eff1f1f6d023f365fda4fc,University of Alabama,Tuscaloosa,AL,33.214,-87.5391,University Apartment,Senior,Psychology,Mobile,AL,30.6954,-88.0399,In a relationship,FALSE,380
U0911,Roman,Hansen,Male,20,2006-11-06,roman.hansen741@example.edu,(687) 555-0137,69c14887b9303305d85fd5893c768800,University of Michigan,Ann Arbor,MI,42.278,-83.7382,Dorm / Residence Hall,Junior,Psychology,Boise,ID,43.615,-116.2023,In a relationship,TRUE,235
U0912,Lucy,Patel,Female,21,2005-02-24,lucy.patel896@example.edu,(262) 555-0158,ee3d184e0fb4c8592f56c16a4c4977cd,New York University,New York,NY,40.7295,-73.9965,Off-Campus Apartment,Senior,Communications,Buffalo,NY,42.8864,-78.8784,In a relationship,FALSE,219
U0913,Grace,Papadopoulos,Female,19,2007-02-10,grace.papadopoulos977@example.edu,(290) 555-0105,500b341cfd67b894e4d725eb19125e9f,Penn State University,State College,PA,40.7982,-77.8599,Dorm / Residence Hall,Freshman,Communications,Pittsburgh,PA,40.4406,-79.9959,Single,TRUE,322
U0914,Carlos,Hall,Male,18,2008-03-14,carlos.hall889@example.edu,(813) 555-0114,bc5ee366af374cf40349d09d0d9310e8,University of Alabama,Tuscaloosa,AL,33.214,-87.5391,Dorm / Residence Hall,Freshman,Communications,Birmingham,AL,33.5186,-86.8104,Single,TRUE,392
U0915,Wyatt,Adams,Male,21,2005-01-15,wyatt.adams137@example.edu,(305) 555-0166,ad752174ee3389e07ca94e49805ae0fc,University of Texas at Austin,Austin,TX,30.2849,-97.7341,Off-Campus Apartment,Senior,Music,Charlotte,NC,35.2271,-80.8431,Single,TRUE,475
U0916,Paisley,Virtanen,Female,18,2008-05-07,paisley.virtanen814@example.edu,(633) 555-0111,010b6fc09608fc2a3218b10ea243bc67,University of Texas at Austin,Austin,TX,30.2849,-97.7341,Dorm / Residence Hall,Freshman,Music,Plano,TX,33.0198,-96.6989,Single,TRUE,133
U0917,Zoey,Sanders,Female,21,2005-04-02,zoey.sanders970@example.edu,(470) 555-0115,fd699080610687f7197294e21b563a09,Ohio State University,Columbus,OH,40.0067,-83.0305,Lives at Home,Junior,Information Systems,Omaha,NE,41.2565,-95.9345,Single,TRUE,79
U0918,Zoe,Moore,Female,21,2005-01-26,zoe.moore109@example.edu,(727) 555-0169,58b74aa06850de00ff097d3857b18754,Arizona State University,Tempe,AZ,33.4242,-111.9281,Lives at Home,Senior,Biology,Scottsdale,AZ,33.4942,-111.9261,In a relationship,TRUE,94
U0919,Penelope,Hernandez,Female,21,2005-11-21,penelope.hernandez135@example.edu,(903) 555-0183,ac44ec26a59b25c31cbdea13d3d6aea4,University of Florida,Gainesville,FL,29.6436,-82.3549,Off-Campus Apartment,Junior,Civil Engineering,Denver,CO,39.7392,-104.9903,Prefer not to say,TRUE,327
U0920,David,Garcia,Male,20,2006-10-22,david.garcia780@example.edu,(333) 555-0185,2be690a56c81a7b4525537034bfb07b8,Texas A&M University,College Station,TX,30.6188,-96.3365,University Apartment,Sophomore,Business Administration,Fort Worth,TX,32.7555,-97.3308,In a relationship,TRUE,162
U0921,Casey,Tran,Non-binary,20,2006-05-01,casey.tran422@example.edu,(538) 555-0187,14eb267ce688dbf9a0a2eb8646feaef6,University of Texas at Austin,Austin,TX,30.2849,-97.7341,Off-Campus Apartment,Sophomore,Sociology,El Paso,TX,31.7619,-106.485,It's complicated,TRUE,209
U0922,Camila,Scott,Female,23,2003-11-20,camila.scott536@example.edu,(820) 555-0199,47cacf212f18dd8ee7ce73da2f180ba2,Ohio State University,Columbus,OH,40.0067,-83.0305,Off-Campus Apartment,Graduate,Accounting,Cleveland,OH,41.4993,-81.6944,In a relationship,TRUE,317
U0923,Darius,Clark,Male,20,2006-04-19,darius.clark647@example.edu,(702) 555-0115,1154a5fea315a55f623443eabc5587bb,UCLA,Los Angeles,CA,34.0689,-118.4452,Off-Campus Apartment,Junior,Finance,Sacramento,CA,38.5816,-121.4944,Single,TRUE,163
U0924,Easton,Moore,Male,21,2005-02-24,easton.moore349@example.edu,(767) 555-0105,ae01e7686f4485c9352e2ffd897d3e48,University of Washington,Seattle,WA,47.6553,-122.3035,Off-Campus Apartment,Senior,Education,Las Vegas,NV,36.1699,-115.1398,Single,TRUE,352
U0925,Audrey,Peterson,Female,22,2004-03-07,audrey.peterson983@example.edu,(908) 555-0128,5ad59f9b19c12b7a14a273deb68b0e67,Arizona State University,Tempe,AZ,33.4242,-111.9281,Off-Campus Apartment,Senior,Communications,Phoenix,AZ,33.4484,-112.074,Single,FALSE,60
U0926,Elizabeth,Silva,Female,20,2006-06-21,elizabeth.silva873@example.edu,(989) 555-0109,a10d0a7c3651f511ea3f7343d2158663,Texas A&M University,College Station,TX,30.6188,-96.3365,Off-Campus Apartment,Junior,English,El Paso,TX,31.7619,-106.485,In a relationship,FALSE,198
U0927,Wei,Moreau,Male,20,2006-11-03,wei.moreau255@example.edu,(951) 555-0198,b49efcf822a6c19b0d97affefd3fa187,Texas A&M University,College Station,TX,30.6188,-96.3365,Dorm / Residence Hall,Junior,Communications,Fort Worth,TX,32.7555,-97.3308,Single,TRUE,150
U0928,Violet,Weber,Female,19,2007-09-23,violet.weber323@example.edu,(586) 555-0142,b3ed947524eccf8ff62cc3b44380fad7,University of Washington,Seattle,WA,47.6553,-122.3035,Greek Housing,Sophomore,Psychology,Spokane,WA,47.6588,-117.426,In a relationship,FALSE,232
U0929,Priya,Papadopoulos,Female,20,2006-12-12,priya.papadopoulos42@example.edu,(569) 555-0197,7fc367535697c690804ac2d4afd98527,New York University,New York,NY,40.7295,-73.9965,Off-Campus Apartment,Junior,Kinesiology,Portland,OR,45.5152,-122.6784,Single,FALSE,122
U0930,Charles,Choi,Male,19,2007-09-11,charles.choi677@example.edu,(538) 555-0150,82cba564f270d34c999e7cbc9231b433,Penn State University,State College,PA,40.7982,-77.8599,Off-Campus Apartment,Freshman,Economics,Pittsburgh,PA,40.4406,-79.9959,In a relationship,FALSE,412
U0931,Brooklyn,Nelson,Female,20,2006-11-07,brooklyn.nelson926@example.edu,(207) 555-0144,919cf859b9e33a78337d21b6221c6e61,UCLA,Los Angeles,CA,34.0689,-118.4452,University Apartment,Junior,Psychology,Louisville,KY,38.2527,-85.7585,It's complicated,TRUE,208
U0932,Hudson,Bennett,Male,18,2008-04-12,hudson.bennett705@example.edu,(622) 555-0156,11c9ce20828f4c1434cca6a42930730b,University of Wisconsin-Madison,Madison,WI,43.0766,-89.4125,Dorm / Residence Hall,Freshman,Data Analytics,Chicago,IL,41.8781,-87.6298,Single,TRUE,171
U0933,Gabriel,Jackson,Male,24,2002-11-12,gabriel.jackson260@example.edu,(695) 555-0151,f68c0192b99ac0f44dcf676c4e9d1c2f,University of Wisconsin-Madison,Madison,WI,43.0766,-89.4125,Off-Campus Apartment,Graduate,History,Appleton,WI,44.2619,-88.4154,Single,FALSE,118
U0934,Phoenix,Okafor,Non-binary,18,2008-01-03,phoenix.okafor565@example.edu,(702) 555-0180,9a25857c4d34295762058e47cd33cc30,University of Minnesota,Minneapolis,MN,44.974,-93.2277,Off-Campus Apartment,Freshman,Political Science,Rochester,MN,44.0121,-92.4802,Single,FALSE,161
U0935,Cameron,Lee,Male,18,2008-03-15,cameron.lee778@example.edu,(927) 555-0117,07da9287404999ef608f08342a4bbc33,University of Florida,Gainesville,FL,29.6436,-82.3549,Dorm / Residence Hall,Freshman,Mathematics,Richmond,VA,37.5407,-77.436,Single,TRUE,143
U0936,Hunter,Morgan,Male,20,2006-03-24,hunter.morgan215@example.edu,(457) 555-0136,a57cbc96986ab057334947d103315d42,Arizona State University,Tempe,AZ,33.4242,-111.9281,Off-Campus Apartment,Junior,Chemistry,Tucson,AZ,32.2226,-110.9747,Single,FALSE,113
U0937,Amelia,Silva,Female,21,2005-03-12,amelia.silva655@example.edu,(783) 555-0105,34c2fe6079d77389fb3b2490f715362f,University of Florida,Gainesville,FL,29.6436,-82.3549,Off-Campus Apartment,Senior,Criminal Justice,Jacksonville,FL,30.3322,-81.6557,In a relationship,FALSE,355
U0938,Nathan,Gutierrez,Male,23,2003-07-28,nathan.gutierrez629@example.edu,(889) 555-0182,13314537a38a8902fc07c318db4e702b,University of Florida,Gainesville,FL,29.6436,-82.3549,Off-Campus Apartment,Graduate,Economics,Louisville,KY,38.2527,-85.7585,It's complicated,FALSE,186
U0939,Easton,Ruiz,Male,22,2004-11-27,easton.ruiz343@example.edu,(828) 555-0103,c6d22c20f83956becb9872180f96db8d,University of Michigan,Ann Arbor,MI,42.278,-83.7382,Off-Campus Apartment,Senior,Nursing,Lansing,MI,42.7325,-84.5555,Single,TRUE,720
U0940,Maya,Lewis,Female,19,2007-12-15,maya.lewis289@example.edu,(444) 555-0135,8592d05caa9ed992c08170c6e1780e7c,Arizona State University,Tempe,AZ,33.4242,-111.9281,Dorm / Residence Hall,Sophomore,Communications,Scottsdale,AZ,33.4942,-111.9261,In a relationship,FALSE,197
U0941,Riley,Jackson,Female,23,2003-03-16,riley.jackson897@example.edu,(259) 555-0109,6a83dcffe5ae058451ddcc69a08b5a26,University of Florida,Gainesville,FL,29.6436,-82.3549,Off-Campus Apartment,Graduate,Computer Science,Charlotte,NC,35.2271,-80.8431,Single,FALSE,261
U0942,Easton,Tran,Male,19,2007-10-01,easton.tran718@example.edu,(206) 555-0115,bdba1b01768cbf9ba6c43fbcfa817f8e,Florida State University,Tallahassee,FL,30.4419,-84.2985,Greek Housing,Sophomore,Economics,Jacksonville,FL,30.3322,-81.6557,Single,TRUE,138
U0943,John,Bailey,Male,22,2004-04-01,john.bailey807@example.edu,(907) 555-0171,1966f35152340891a054e173e440b182,University of Texas at Austin,Austin,TX,30.2849,-97.7341,Dorm / Residence Hall,Senior,Public Health,San Antonio,TX,29.4241,-98.4936,Single,TRUE,124
U0944,Easton,Fernandez,Male,24,2002-05-03,easton.fernandez236@example.edu,(279) 555-0180,1ab9194c1f4327481b8108e01e514192,Texas A&M University,College Station,TX,30.6188,-96.3365,Off-Campus Apartment,Graduate,History,Fort Worth,TX,32.7555,-97.3308,Prefer not to say,TRUE,209
U0945,Mila,Kaur,Female,18,2008-07-21,mila.kaur600@example.edu,(449) 555-0131,315bef1bd6a4975776525d8987a42d43,Arizona State University,Tempe,AZ,33.4242,-111.9281,Dorm / Residence Hall,Freshman,Psychology,Phoenix,AZ,33.4484,-112.074,It's complicated,TRUE,198
U0946,Lucas,Torres,Male,19,2007-09-03,lucas.torres161@example.edu,(507) 555-0103,12ac840955a9070ae2705d11827271e2,University of Alabama,Tuscaloosa,AL,33.214,-87.5391,Off-Campus Apartment,Sophomore,Economics,Richmond,VA,37.5407,-77.436,Single,FALSE,189
U0947,Rowan,Smith,Prefer not to say,19,2007-07-12,rowan.smith83@example.edu,(979) 555-0116,8ccf4609156cecddcb8994a95fda698e,Arizona State University,Tempe,AZ,33.4242,-111.9281,Dorm / Residence Hall,Freshman,Electrical Engineering,Scottsdale,AZ,33.4942,-111.9261,Single,FALSE,293
U0948,Nia,Rivera,Female,20,2006-08-23,nia.rivera266@example.edu,(399) 555-0156,902b962d9f42e2a172293cebc9c1e96e,University of Michigan,Ann Arbor,MI,42.278,-83.7382,Off-Campus Apartment,Junior,Environmental Science,Lansing,MI,42.7325,-84.5555,In a relationship,TRUE,113
U0949,Diego,Johnson,Male,18,2008-03-06,diego.johnson460@example.edu,(908) 555-0119,5017c086be5154451b3c24ae5666f74c,Arizona State University,Tempe,AZ,33.4242,-111.9281,Greek Housing,Freshman,Data Analytics,Mesa,AZ,33.4152,-111.8315,In a relationship,FALSE,134
U0950,Leo,Schmidt,Male,21,2005-02-17,leo.schmidt910@example.edu,(707) 555-0184,f70610749639e20a1a78455029ad1172,Texas A&M University,College Station,TX,30.6188,-96.3365,Dorm / Residence Hall,Senior,Psychology,Houston,TX,29.7604,-95.3698,Single,TRUE,301
U0951,Eli,Yamamoto,Male,22,2004-06-16,eli.yamamoto114@example.edu,(539) 555-0155,d59265b9ed1492474483dc0fe9c62051,University of Florida,Gainesville,FL,29.6436,-82.3549,Off-Campus Apartment,Senior,Communications,Boise,ID,43.615,-116.2023,Single,TRUE,217
U0952,Liam,Cox,Male,19,2007-07-24,liam.cox920@example.edu,(268) 555-0163,c237e0062ec596b0635d73b83b123fd8,Florida State University,Tallahassee,FL,30.4419,-84.2985,Dorm / Residence Hall,Freshman,Finance,Boston,MA,42.3601,-71.0589,Single,FALSE,147
U0953,Addison,Young,Female,23,2003-01-02,addison.young611@example.edu,(849) 555-0163,fb4362bcd5d0fb13a516beddb26d898b,University of Washington,Seattle,WA,47.6553,-122.3035,Lives at Home,Graduate,Nursing,Denver,CO,39.7392,-104.9903,Single,TRUE,126
U0954,Anthony,Reyes,Male,18,2008-10-07,anthony.reyes554@example.edu,(970) 555-0130,2be795a56ee25bf6f29cbd11effb15bd,Florida State University,Tallahassee,FL,30.4419,-84.2985,Off-Campus Apartment,Freshman,Mechanical Engineering,Jacksonville,FL,30.3322,-81.6557,Single,FALSE,513
U0955,Emilia,Allen,Female,23,2003-10-11,emilia.allen49@example.edu,(901) 555-0173,f44213a1a52491d426edaccc06e0d150,Ohio State University,Columbus,OH,40.0067,-83.0305,Off-Campus Apartment,Junior,Information Systems,Toledo,OH,41.6528,-83.5379,In a relationship,TRUE,125
U0956,Jacob,Sharma,Male,21,2005-03-03,jacob.sharma537@example.edu,(679) 555-0165,09df5991de0d83d4f7a583180721deeb,University of Alabama,Tuscaloosa,AL,33.214,-87.5391,Dorm / Residence Hall,Junior,Mechanical Engineering,Montgomery,AL,32.3668,-86.3,Prefer not to say,FALSE,68
U0957,Sarah,Taylor,Female,20,2006-04-22,sarah.taylor575@example.edu,(653) 555-0101,71363217b930b504422b13854fd1d5dc,University of Michigan,Ann Arbor,MI,42.278,-83.7382,Off-Campus Apartment,Freshman,Biology,Grand Rapids,MI,42.9634,-85.6681,In a relationship,TRUE,266
U0958,Ryan,Singh,Male,22,2004-06-17,ryan.singh782@example.edu,(279) 555-0152,53464f465f009b6ecf90722228e870c3,Penn State University,State College,PA,40.7982,-77.8599,Dorm / Residence Hall,Senior,Business Administration,Allentown,PA,40.6084,-75.4902,Prefer not to say,TRUE,187
U0959,Hudson,Robinson,Male,20,2006-04-13,hudson.robinson80@example.edu,(419) 555-0162,b4157ab7d03f019f731bfbabd9e2fbf2,University of Texas at Austin,Austin,TX,30.2849,-97.7341,Lives at Home,Junior,Education,Kansas City,MO,39.0997,-94.5786,Single,FALSE,154
U0960,Leo,Foster,Male,18,2008-07-24,leo.foster908@example.edu,(384) 555-0144,c27131907302938c9cfa0e30a1e5f70c,UCLA,Los Angeles,CA,34.0689,-118.4452,Dorm / Residence Hall,Freshman,Criminal Justice,Irvine,CA,33.6846,-117.8265,Single,TRUE,178
U0961,Isabella,Haddad,Female,19,2007-05-14,isabella.haddad517@example.edu,(616) 555-0193,75bb6c95f412f1e1bf174de41374d295,Texas A&M University,College Station,TX,30.6188,-96.3365,Dorm / Residence Hall,Sophomore,Data Analytics,Charlotte,NC,35.2271,-80.8431,Single,FALSE,350
U0962,Ezekiel,Flores,Male,24,2002-08-11,ezekiel.flores321@example.edu,(817) 555-0128,6ffdbba4361a51b6bc37494833d1304f,University of Alabama,Tuscaloosa,AL,33.214,-87.5391,Off-Campus Apartment,Graduate,Political Science,Birmingham,AL,33.5186,-86.8104,Single,FALSE,145
U0963,Kennedy,Torres,Female,19,2007-04-05,kennedy.torres904@example.edu,(406) 555-0145,1f62381e982e4aa6a3517c001f6f790b,University of Georgia,Athens,GA,33.948,-83.3773,Off-Campus Apartment,Sophomore,Kinesiology,Richmond,VA,37.5407,-77.436,Single,TRUE,185
U0964,Mei,Thomas,Female,21,2005-01-10,mei.thomas315@example.edu,(670) 555-0144,e2b6bd1f6e405e646517020e82139394,University of Minnesota,Minneapolis,MN,44.974,-93.2277,Off-Campus Apartment,Junior,Nursing,Newark,NJ,40.7357,-74.1724,Single,TRUE,184
U0965,Imani,Torres,Female,19,2007-04-06,imani.torres185@example.edu,(716) 555-0148,d6264eedcd64b15650066225c778c221,Penn State University,State College,PA,40.7982,-77.8599,Off-Campus Apartment,Sophomore,Biology,Kansas City,MO,39.0997,-94.5786,It's complicated,TRUE,305
U0966,Emilia,Collins,Female,18,2008-03-08,emilia.collins188@example.edu,(675) 555-0192,20757c345ff7f91d6359c2d735988893,University of Washington,Seattle,WA,47.6553,-122.3035,Lives at Home,Freshman,Marketing,Spokane,WA,47.6588,-117.426,In a relationship,TRUE,263
U0967,Penelope,Nguyen,Female,21,2005-10-05,penelope.nguyen90@example.edu,(517) 555-0164,c36e83e8eea3e61bcb9a04fb635bf6b5,University of Alabama,Tuscaloosa,AL,33.214,-87.5391,Lives at Home,Senior,Electrical Engineering,Mobile,AL,30.6954,-88.0399,In a relationship,FALSE,169
U0968,William,Kelly,Male,20,2006-08-23,william.kelly793@example.edu,(256) 555-0129,6e99f4a863ef6f099d7bcfc71d322e86,University of Minnesota,Minneapolis,MN,44.974,-93.2277,Off-Campus Apartment,Sophomore,Accounting,Las Vegas,NV,36.1699,-115.1398,Single,TRUE,74
U0969,Eli,Davis,Male,19,2007-10-23,eli.davis345@example.edu,(643) 555-0199,1870dd969cd01728a7a155bb304bd9fc,Ohio State University,Columbus,OH,40.0067,-83.0305,Off-Campus Apartment,Freshman,Journalism,Dayton,OH,39.7589,-84.1916,In a relationship,TRUE,266
U0970,Maya,Bennett,Female,20,2006-11-18,maya.bennett235@example.edu,(387) 555-0160,882875e1684349da471d8cfaa4ca5594,University of Texas at Austin,Austin,TX,30.2849,-97.7341,Dorm / Residence Hall,Junior,Nursing,Plano,TX,33.0198,-96.6989,In a relationship,TRUE,98
U0971,Carter,Tanaka,Male,18,2008-05-26,carter.tanaka187@example.edu,(236) 555-0131,9df5c5a0daae9da7ad34f1449277ffca,University of Texas at Austin,Austin,TX,30.2849,-97.7341,Greek Housing,Freshman,History,Houston,TX,29.7604,-95.3698,Single,TRUE,158
U0972,Priya,Adams,Female,19,2007-05-01,priya.adams45@example.edu,(962) 555-0115,e78e3b0d7f62827cc5a84311bdac7d20,Penn State University,State College,PA,40.7982,-77.8599,Off-Campus Apartment,Sophomore,Computer Science,Pittsburgh,PA,40.4406,-79.9959,In a relationship,TRUE,127
U0973,Sage,Gomez,Non-binary,20,2006-07-25,sage.gomez955@example.edu,(613) 555-0119,0711f4365080a7495b9d7188c457466f,Ohio State University,Columbus,OH,40.0067,-83.0305,Off-Campus Apartment,Junior,Nursing,Dayton,OH,39.7589,-84.1916,Single,FALSE,189
U0974,Kinsley,Hill,Female,20,2006-07-09,kinsley.hill386@example.edu,(396) 555-0118,3ff0161bd326f1723cefbed0d2e28590,University of Georgia,Athens,GA,33.948,-83.3773,Greek Housing,Junior,Mathematics,Augusta,GA,33.4735,-82.0105,In a relationship,TRUE,208
U0975,Isabella,Lindberg,Female,19,2007-11-08,isabella.lindberg375@example.edu,(380) 555-0197,31b5dfee7e9bf132f64b7b2e784e0b1f,University of Wisconsin-Madison,Madison,WI,43.0766,-89.4125,Off-Campus Apartment,Freshman,Computer Science,Milwaukee,WI,43.0389,-87.9065,Single,FALSE,470
U0976,Grayson,Brooks,Male,20,2006-02-08,grayson.brooks789@example.edu,(755) 555-0164,2ea2deac67eedbb1c903cee8ca4b1864,Ohio State University,Columbus,OH,40.0067,-83.0305,Lives at Home,Freshman,Environmental Science,Toledo,OH,41.6528,-83.5379,Single,FALSE,358
U0977,Sofia,Nelson,Female,20,2006-02-10,sofia.nelson622@example.edu,(961) 555-0119,2acf672914d38e313a0667cd5ecf7e5d,University of Minnesota,Minneapolis,MN,44.974,-93.2277,Lives at Home,Junior,Finance,Kansas City,MO,39.0997,-94.5786,Prefer not to say,TRUE,172
U0978,Andre,Ivanov,Male,19,2007-09-15,andre.ivanov755@example.edu,(220) 555-0187,e8acaeab9d1737eca01fdcc5187d96e2,University of Florida,Gainesville,FL,29.6436,-82.3549,Off-Campus Apartment,Sophomore,Undeclared,Orlando,FL,28.5384,-81.3789,In a relationship,TRUE,276
U0979,Sarah,Foster,Female,18,2008-05-06,sarah.foster848@example.edu,(667) 555-0130,3da5ba192a48d1cd9b33fc46cc6c591e,University of Florida,Gainesville,FL,29.6436,-82.3549,Lives at Home,Freshman,Finance,Boise,ID,43.615,-116.2023,Single,TRUE,151
U0980,Sofia,Ivanov,Female,20,2006-02-08,sofia.ivanov40@example.edu,(543) 555-0129,3daa4c2f3f12f800742b4b552046b155,University of Washington,Seattle,WA,47.6553,-122.3035,Lives at Home,Junior,Marketing,New Orleans,LA,29.9511,-90.0715,In a relationship,FALSE,135
U0981,Kinsley,Sanders,Female,21,2005-02-10,kinsley.sanders554@example.edu,(292) 555-0184,9fe38b369e076c3b137241c5581d06d5,University of Wisconsin-Madison,Madison,WI,43.0766,-89.4125,Off-Campus Apartment,Senior,Computer Science,Omaha,NE,41.2565,-95.9345,Single,FALSE,397
U0982,Landon,Morales,Male,21,2005-05-02,landon.morales873@example.edu,(507) 555-0139,27371159a7c6710915f9209a652db848,University of Georgia,Athens,GA,33.948,-83.3773,Dorm / Residence Hall,Senior,Information Systems,Indianapolis,IN,39.7684,-86.1581,Single,TRUE,181
U0983,Grace,Carter,Female,18,2008-06-27,grace.carter186@example.edu,(394) 555-0167,700c3af11e0f0d41ddbdbb607266a7d3,Arizona State University,Tempe,AZ,33.4242,-111.9281,University Apartment,Freshman,Accounting,Phoenix,AZ,33.4484,-112.074,In a relationship,TRUE,432
U0984,Elizabeth,Singh,Female,21,2005-07-12,elizabeth.singh269@example.edu,(246) 555-0174,556d45090b6a0bce18a2009d492fde22,University of Texas at Austin,Austin,TX,30.2849,-97.7341,Dorm / Residence Hall,Senior,Nursing,New Orleans,LA,29.9511,-90.0715,In a relationship,TRUE,211
U0985,Camila,Walsh,Female,20,2006-05-02,camila.walsh985@example.edu,(564) 555-0108,2686b0fa486683e1b5f57a6fd58c428a,Arizona State University,Tempe,AZ,33.4242,-111.9281,Off-Campus Apartment,Freshman,Computer Science,Kansas City,MO,39.0997,-94.5786,In a relationship,FALSE,105
U0986,Zoe,Watson,Female,22,2004-05-15,zoe.watson761@example.edu,(694) 555-0120,88ef3a857dacaa0e9066a8b692108adb,Penn State University,State College,PA,40.7982,-77.8599,Off-Campus Apartment,Senior,Finance,Philadelphia,PA,39.9526,-75.1652,Single,TRUE,267
U0987,Josiah,Robinson,Male,23,2003-10-13,josiah.robinson353@example.edu,(784) 555-0172,1a1988e52dc46145c1b06727a0b91a99,University of Georgia,Athens,GA,33.948,-83.3773,Off-Campus Apartment,Graduate,Chemistry,Savannah,GA,32.0809,-81.0912,Prefer not to say,FALSE,221
U0988,Samuel,Myers,Male,18,2008-07-25,samuel.myers336@example.edu,(550) 555-0184,a983b696f1751471b1b4711cb3b9e0bd,Ohio State University,Columbus,OH,40.0067,-83.0305,Dorm / Residence Hall,Freshman,Education,Portland,OR,45.5152,-122.6784,In a relationship,FALSE,118
U0989,Joshua,Martin,Male,22,2004-09-26,joshua.martin983@example.edu,(646) 555-0103,a7194f3c33b15cbe316136186214a09c,University of Alabama,Tuscaloosa,AL,33.214,-87.5391,Lives at Home,Junior,Education,New Orleans,LA,29.9511,-90.0715,Single,TRUE,159
U0990,Taylor,Tanaka,Non-binary,23,2003-09-21,taylor.tanaka608@example.edu,(554) 555-0106,e992c1437b2508b2294bef53346f084b,University of Washington,Seattle,WA,47.6553,-122.3035,Off-Campus Apartment,Graduate,Education,Spokane,WA,47.6588,-117.426,It's complicated,TRUE,135
U0991,Hazel,Chen,Female,21,2005-10-15,hazel.chen470@example.edu,(221) 555-0100,d314b36b0ee4c3a1c93e1b00562f479d,UCLA,Los Angeles,CA,34.0689,-118.4452,Off-Campus Apartment,Sophomore,Information Systems,San Diego,CA,32.7157,-117.1611,Single,FALSE,220
U0992,Angel,Taylor,Male,19,2007-07-16,angel.taylor334@example.edu,(665) 555-0166,235cf92b5f3ff2099e020d3a6574138e,University of Georgia,Athens,GA,33.948,-83.3773,Off-Campus Apartment,Freshman,Public Health,Atlanta,GA,33.749,-84.388,In a relationship,TRUE,232
U0993,Jameson,Ramos,Male,24,2002-11-22,jameson.ramos187@example.edu,(540) 555-0167,5e5391549f0069024495649b12fde419,Arizona State University,Tempe,AZ,33.4242,-111.9281,Off-Campus Apartment,Graduate,Marketing,Mesa,AZ,33.4152,-111.8315,Single,FALSE,98
U0994,Everly,Hoffman,Female,21,2005-08-01,everly.hoffman659@example.edu,(921) 555-0104,ae75e5a6c2a514b69652989a49e035f6,Arizona State University,Tempe,AZ,33.4242,-111.9281,Greek Housing,Senior,Mathematics,Kansas City,MO,39.0997,-94.5786,Prefer not to say,TRUE,238
U0995,Victoria,Rodriguez,Female,23,2003-08-15,victoria.rodriguez562@example.edu,(401) 555-0171,1b8a89f91377ea44e36e875c4d0654e9,Florida State University,Tallahassee,FL,30.4419,-84.2985,Off-Campus Apartment,Graduate,Data Analytics,Orlando,FL,28.5384,-81.3789,Single,TRUE,221
U0996,Evelyn,Sharma,Female,19,2007-05-27,evelyn.sharma119@example.edu,(452) 555-0183,181396642e045add57c2a1a80de3de4c,Arizona State University,Tempe,AZ,33.4242,-111.9281,Dorm / Residence Hall,Sophomore,Business Administration,Mesa,AZ,33.4152,-111.8315,In a relationship,FALSE,202
U0997,Naomi,Larsen,Female,23,2003-06-14,naomi.larsen317@example.edu,(917) 555-0124,1bcc15b416dc4dbb9d39c8adb3b73d05,University of Wisconsin-Madison,Madison,WI,43.0766,-89.4125,Off-Campus Apartment,Graduate,Criminal Justice,Milwaukee,WI,43.0389,-87.9065,In a relationship,TRUE,116
U0998,Allison,Laurent,Female,18,2008-05-05,allison.laurent671@example.edu,(559) 555-0111,57984641efff580e483c2e64272cffa5,University of Florida,Gainesville,FL,29.6436,-82.3549,University Apartment,Freshman,Biology,Newark,NJ,40.7357,-74.1724,Single,TRUE,247
U0999,Logan,Walker,Male,19,2007-02-12,logan.walker418@example.edu,(841) 555-0140,36774ccc9e02070cd3b5772ea2aafa09,Texas A&M University,College Station,TX,30.6188,-96.3365,Greek Housing,Sophomore,Psychology,Fort Worth,TX,32.7555,-97.3308,It's complicated,FALSE,220
U1000,Luke,Scott,Male,22,2004-09-06,luke.scott536@example.edu,(604) 555-0169,9bdf0ec6c8199adafcaa7937ef09655d,University of Georgia,Athens,GA,33.948,-83.3773,Off-Campus Apartment,Senior,Nursing,Marietta,GA,33.9526,-84.5499,Single,FALSE,190
U1001,Audrey,Walsh,Female,21,2005-11-10,audrey.walsh996@example.edu,(937) 555-0184,9a7659557bdb33b537c574974218e51c,UCLA,Los Angeles,CA,34.0689,-118.4452,Dorm / Residence Hall,Senior,Psychology,Fresno,CA,36.7378,-119.7871,Single,FALSE,393
U1002,Grace,Novak,Female,18,2008-04-14,grace.novak474@example.edu,(476) 555-0155,488e7ed581fef1dc0cb3ecca0eefe3fb,University of Wisconsin-Madison,Madison,WI,43.0766,-89.4125,Dorm / Residence Hall,Freshman,Information Systems,New Orleans,LA,29.9511,-90.0715,It's complicated,FALSE,427
U1003,Ananya,Gray,Female,19,2007-06-05,ananya.gray439@example.edu,(305) 555-0175,2983f46e27c5d46856f4328049765b58,Arizona State University,Tempe,AZ,33.4242,-111.9281,Dorm / Residence Hall,Freshman,Psychology,Scottsdale,AZ,33.4942,-111.9261,In a relationship,FALSE,190
U1004,Wyatt,Harris,Male,19,2007-09-28,wyatt.harris338@example.edu,(555) 555-0176,4d675b8a9398e8dad2b80904b3149f70,University of Minnesota,Minneapolis,MN,44.974,-93.2277,Off-Campus Apartment,Sophomore,Education,Bloomington,MN,44.8408,-93.2983,Single,TRUE,78
U1005,Angel,Moore,Male,18,2008-08-20,angel.moore873@example.edu,(467) 555-0195,184ea55c2af56881b7b51915760c1f16,Florida State University,Tallahassee,FL,30.4419,-84.2985,Dorm / Residence Hall,Freshman,Computer Science,Orlando,FL,28.5384,-81.3789,In a relationship,TRUE,90
U1006,Nolan,Ortiz,Male,24,2002-05-18,nolan.ortiz830@example.edu,(912) 555-0196,485b4a87b4f343b5786d15d96686e230,University of Washington,Seattle,WA,47.6553,-122.3035,University Apartment,Graduate,Business Administration,Portland,OR,45.5152,-122.6784,Single,FALSE,175
U1007,Everly,Sullivan,Female,20,2006-03-27,everly.sullivan191@example.edu,(643) 555-0136,3a3e1ed2c48c8a1ad848286c77265598,University of Minnesota,Minneapolis,MN,44.974,-93.2277,Off-Campus Apartment,Junior,Public Health,St. Paul,MN,44.9537,-93.09,Single,FALSE,588
U1008,Leah,Reyes,Female,21,2005-12-05,leah.reyes632@example.edu,(268) 555-0114,c41c72f57003680af55d045f00f0857e,University of Minnesota,Minneapolis,MN,44.974,-93.2277,Lives at Home,Senior,Criminal Justice,Newark,NJ,40.7357,-74.1724,In a relationship,TRUE,379
U1009,Jayden,Miller,Male,20,2006-06-14,jayden.miller635@example.edu,(854) 555-0133,8b23217dcab3082b05ca18ab0ddb59f1,Penn State University,State College,PA,40.7982,-77.8599,Greek Housing,Sophomore,Business Administration,Allentown,PA,40.6084,-75.4902,Single,TRUE,288
U1010,Elizabeth,Pham,Female,18,2008-06-15,elizabeth.pham721@example.edu,(916) 555-0160,18b008802286a23dbb608018060dacdd,University of Florida,Gainesville,FL,29.6436,-82.3549,Off-Campus Apartment,Freshman,Graphic Design,Orlando,FL,28.5384,-81.3789,Single,TRUE,221
U1011,Everly,Phillips,Female,24,2002-11-01,everly.phillips641@example.edu,(819) 555-0190,3e819e291b61fc42816c009366e0f284,Arizona State University,Tempe,AZ,33.4242,-111.9281,Off-Campus Apartment,Graduate,Information Systems,Scottsdale,AZ,33.4942,-111.9261,It's complicated,FALSE,210
U1012,Owen,Larsen,Male,18,2008-04-25,owen.larsen847@example.edu,(742) 555-0110,5567e8f0c38626217e7c5de04d743fc0,University of Florida,Gainesville,FL,29.6436,-82.3549,Off-Campus Apartment,Freshman,Business Administration,Boise,ID,43.615,-116.2023,In a relationship,TRUE,241
U1013,Christian,Novak,Male,23,2003-11-09,christian.novak68@example.edu,(863) 555-0162,5c1b16283f6836fab354c808eb99a53f,University of Wisconsin-Madison,Madison,WI,43.0766,-89.4125,University Apartment,Graduate,Finance,Boise,ID,43.615,-116.2023,In a relationship,FALSE,370
U1014,Jin,Peterson,Male,23,2003-01-17,jin.peterson361@example.edu,(227) 555-0122,b443208b90dc9f2a17384e40901f37bf,University of Michigan,Ann Arbor,MI,42.278,-83.7382,University Apartment,Graduate,Criminal Justice,New Orleans,LA,29.9511,-90.0715,Single,TRUE,288
U1015,Daniela,King,Female,21,2005-11-08,daniela.king223@example.edu,(708) 555-0140,1a90da2926a49c3fa81fa4d869da6979,University of Georgia,Athens,GA,33.948,-83.3773,Off-Campus Apartment,Junior,Business Administration,Chicago,IL,41.8781,-87.6298,In a relationship,TRUE,186
U1016,Nolan,Perez,Male,20,2006-07-26,nolan.perez893@example.edu,(313) 555-0185,5fa564506f0bc38e64124a0b61cdff2c,Arizona State University,Tempe,AZ,33.4242,-111.9281,Dorm / Residence Hall,Junior,Nursing,Mesa,AZ,33.4152,-111.8315,Prefer not to say,FALSE,408
U1017,Lucas,Collins,Male,23,2003-06-07,lucas.collins579@example.edu,(233) 555-0164,d34b6cdec0664a2e57aefb6f566abea7,University of Washington,Seattle,WA,47.6553,-122.3035,Off-Campus Apartment,Senior,Marketing,Bellevue,WA,47.6101,-122.2015,Single,FALSE,200
U1018,Thomas,Morgan,Male,23,2003-01-18,thomas.morgan325@example.edu,(715) 555-0165,056d4b55456a0494ea3c8f4af47df405,Arizona State University,Tempe,AZ,33.4242,-111.9281,Off-Campus Apartment,Senior,Computer Science,Phoenix,AZ,33.4484,-112.074,Single,FALSE,338
U1019,Willow,Taylor,Female,19,2007-10-01,willow.taylor981@example.edu,(536) 555-0162,a93432d4b11180cd1b4411368283412e,University of Alabama,Tuscaloosa,AL,33.214,-87.5391,University Apartment,Freshman,Finance,Omaha,NE,41.2565,-95.9345,It's complicated,TRUE,208
U1020,Willow,Visser,Female,21,2005-11-16,willow.visser461@example.edu,(988) 555-0175,94f0180b448ded693c8e370958ba9b65,University of Alabama,Tuscaloosa,AL,33.214,-87.5391,Dorm / Residence Hall,Senior,Nursing,Las Vegas,NV,36.1699,-115.1398,In a relationship,TRUE,268
U1021,Willow,Walsh,Female,20,2006-06-07,willow.walsh903@example.edu,(211) 555-0185,b179e97a584019a58de10c72ca55bc29,University of Michigan,Ann Arbor,MI,42.278,-83.7382,Lives at Home,Sophomore,Marketing,Troy,MI,42.6064,-83.1498,In a relationship,TRUE,747
U1022,Naomi,Diaz,Female,24,2002-09-11,naomi.diaz155@example.edu,(619) 555-0106,73406b34ce6927f61e14cd2bf3c6be34,University of Georgia,Athens,GA,33.948,-83.3773,Off-Campus Apartment,Graduate,Communications,Oklahoma City,OK,35.4676,-97.5164,Prefer not to say,FALSE,82
U1023,Natalie,Wright,Female,21,2005-09-02,natalie.wright73@example.edu,(697) 555-0145,000991ba4ef3ba0d73683b0014dd2376,University of Texas at Austin,Austin,TX,30.2849,-97.7341,Off-Campus Apartment,Senior,Public Health,Plano,TX,33.0198,-96.6989,Single,FALSE,165
U1024,Willow,Ruiz,Female,24,2002-04-20,willow.ruiz171@example.edu,(859) 555-0101,379b5a66a4b4f207859488ccbdfcfdb1,New York University,New York,NY,40.7295,-73.9965,Off-Campus Apartment,Graduate,Environmental Science,Syracuse,NY,43.0481,-76.1474,Single,TRUE,329
U1025,Asher,Virtanen,Male,21,2005-01-02,asher.virtanen845@example.edu,(805) 555-0196,c4ad3e4151026ee6411d288edd6e3fc6,University of Wisconsin-Madison,Madison,WI,43.0766,-89.4125,Greek Housing,Senior,Business Administration,Appleton,WI,44.2619,-88.4154,Single,FALSE,155
U1026,Imani,Nelson,Female,20,2006-04-05,imani.nelson964@example.edu,(543) 555-0108,956c32a0e379dc387c39755fffef7dcd,Ohio State University,Columbus,OH,40.0067,-83.0305,Off-Campus Apartment,Junior,Accounting,Boston,MA,42.3601,-71.0589,In a relationship,FALSE,310
U1027,Maya,Cook,Female,20,2006-01-23,maya.cook416@example.edu,(310) 555-0167,16e3c69cd79c29339f0050c08c60068a,UCLA,Los Angeles,CA,34.0689,-118.4452,Dorm / Residence Hall,Junior,Computer Science,San Diego,CA,32.7157,-117.1611,Single,TRUE,216
U1028,Madison,Ross,Female,21,2005-05-12,madison.ross461@example.edu,(334) 555-0137,89ad957355612a26a6842fbee350d4b8,University of Minnesota,Minneapolis,MN,44.974,-93.2277,Dorm / Residence Hall,Junior,Information Systems,Bloomington,MN,44.8408,-93.2983,In a relationship,TRUE,362
U1029,Elizabeth,Papadopoulos,Female,20,2006-06-13,elizabeth.papadopoulos389@example.edu,(901) 555-0171,c1259feef8074765cec01814b4f71646,University of Georgia,Athens,GA,33.948,-83.3773,Off-Campus Apartment,Junior,Psychology,Atlanta,GA,33.749,-84.388,Prefer not to say,TRUE,218
U1030,Caleb,Edwards,Male,21,2005-03-05,caleb.edwards165@example.edu,(205) 555-0135,4400a2a9d3379716ba4abd8063792ee7,UCLA,Los Angeles,CA,34.0689,-118.4452,Off-Campus Apartment,Junior,Political Science,Irvine,CA,33.6846,-117.8265,In a relationship,FALSE,173
U1031,Josiah,Ross,Male,20,2006-05-25,josiah.ross569@example.edu,(304) 555-0113,a3589383f41f71d6d09badb7421bd7fa,UCLA,Los Angeles,CA,34.0689,-118.4452,Off-Campus Apartment,Junior,Communications,Louisville,KY,38.2527,-85.7585,In a relationship,TRUE,193
U1032,Chloe,Young,Female,23,2003-07-11,chloe.young265@example.edu,(965) 555-0177,13f41becafc0d0450d10a886e4c0f072,University of Michigan,Ann Arbor,MI,42.278,-83.7382,Dorm / Residence Hall,Senior,Music,Detroit,MI,42.3314,-83.0458,In a relationship,TRUE,188
U1033,Logan,Hernandez,Male,23,2003-07-08,logan.hernandez952@example.edu,(376) 555-0106,9ef9bd2ce74330c8cf0e8fdf81769d80,Penn State University,State College,PA,40.7982,-77.8599,Lives at Home,Graduate,Psychology,Columbia,SC,34.0007,-81.0348,Single,TRUE,185
U1034,Luna,Gray,Female,21,2005-07-11,luna.gray340@example.edu,(786) 555-0120,171531327df8eec5911f75f1514267aa,University of Wisconsin-Madison,Madison,WI,43.0766,-89.4125,University Apartment,Junior,Chemistry,Green Bay,WI,44.5133,-88.0133,In a relationship,TRUE,148
U1035,Alex,Sanders,Prefer not to say,23,2003-06-08,alex.sanders988@example.edu,(699) 555-0157,220ef432a1ad674a0d75746c12dd25f0,University of Florida,Gainesville,FL,29.6436,-82.3549,Off-Campus Apartment,Graduate,Communications,Boise,ID,43.615,-116.2023,In a relationship,FALSE,375
U1036,Wei,Howard,Male,19,2007-10-21,wei.howard754@example.edu,(988) 555-0198,2ceedccbbd15d0bb8ea5c8e7d6bb14f8,UCLA,Los Angeles,CA,34.0689,-118.4452,Off-Campus Apartment,Sophomore,Education,Las Vegas,NV,36.1699,-115.1398,In a relationship,TRUE,405
U1037,Lincoln,Hall,Male,19,2007-05-09,lincoln.hall389@example.edu,(372) 555-0126,8e8cea77ee95d65a68e767b4b1d59e27,University of Minnesota,Minneapolis,MN,44.974,-93.2277,Off-Campus Apartment,Freshman,Electrical Engineering,Rochester,MN,44.0121,-92.4802,Prefer not to say,TRUE,333
U1038,Carlos,Baker,Male,19,2007-03-11,carlos.baker401@example.edu,(353) 555-0197,c49fa410a8d9908a25954416dcb0cf82,Texas A&M University,College Station,TX,30.6188,-96.3365,Off-Campus Apartment,Sophomore,Political Science,Oklahoma City,OK,35.4676,-97.5164,In a relationship,FALSE,203
U1039,Violet,Sanchez,Female,22,2004-02-15,violet.sanchez916@example.edu,(521) 555-0175,596bf8c47e0c46e4ee167fcd1c695c16,Florida State University,Tallahassee,FL,30.4419,-84.2985,Dorm / Residence Hall,Senior,Business Administration,Miami,FL,25.7617,-80.1918,Single,FALSE,270
U1040,Jasmine,Fernandez,Female,23,2003-05-19,jasmine.fernandez312@example.edu,(392) 555-0111,75aadb089910d18e75ca72f35bb18c37,University of Michigan,Ann Arbor,MI,42.278,-83.7382,University Apartment,Graduate,Biology,Louisville,KY,38.2527,-85.7585,Single,TRUE,340
U1041,Sophia,Martin,Female,19,2007-04-11,sophia.martin989@example.edu,(293) 555-0127,910a44cfc4d8059f98f4538be9250692,University of Wisconsin-Madison,Madison,WI,43.0766,-89.4125,Dorm / Residence Hall,Freshman,Marketing,Green Bay,WI,44.5133,-88.0133,Single,TRUE,1500
U1042,Zoey,Kelly,Female,24,2002-02-17,zoey.kelly24@example.edu,(876) 555-0174,e86dd60e2859be62e9ecb0b8bd2e7b21,Ohio State University,Columbus,OH,40.0067,-83.0305,Off-Campus Apartment,Senior,Nursing,Cincinnati,OH,39.1031,-84.512,Single,FALSE,183
U1043,Miles,Mendoza,Male,23,2003-03-02,miles.mendoza394@example.edu,(629) 555-0110,583d4ce6c874ecd5466e024330bc625c,New York University,New York,NY,40.7295,-73.9965,Dorm / Residence Hall,Senior,Civil Engineering,Buffalo,NY,42.8864,-78.8784,In a relationship,FALSE,190
U1044,Camille,Turner,Female,22,2004-08-12,camille.turner112@example.edu,(739) 555-0122,f9ac97fe5c5d8f2d258c88f4df58c2cb,Florida State University,Tallahassee,FL,30.4419,-84.2985,Off-Campus Apartment,Senior,Political Science,Miami,FL,25.7617,-80.1918,Single,TRUE,262
U1045,Ananya,Ortiz,Female,21,2005-03-02,ananya.ortiz149@example.edu,(541) 555-0172,e554c409a800ff2402eedcb81624f48e,University of Alabama,Tuscaloosa,AL,33.214,-87.5391,Dorm / Residence Hall,Senior,Data Analytics,Columbia,SC,34.0007,-81.0348,It's complicated,TRUE,461
U1046,Hudson,Harris,Male,21,2005-04-08,hudson.harris493@example.edu,(520) 555-0114,b4815e361f153d4df91e106e7a6f62a3,University of Washington,Seattle,WA,47.6553,-122.3035,Greek Housing,Senior,Biology,Bellevue,WA,47.6101,-122.2015,In a relationship,FALSE,248
U1047,Sophia,Rossi,Female,19,2007-08-24,sophia.rossi809@example.edu,(717) 555-0113,e9d01480dffb29d65178844e14ab319b,University of Alabama,Tuscaloosa,AL,33.214,-87.5391,Dorm / Residence Hall,Freshman,Economics,Huntsville,AL,34.7304,-86.5861,Single,TRUE,182
U1048,Everly,Miller,Female,21,2005-11-24,everly.miller419@example.edu,(868) 555-0124,18ad76a86103e0d2c75359003dc6d026,Penn State University,State College,PA,40.7982,-77.8599,Dorm / Residence Hall,Senior,Chemistry,Kansas City,MO,39.0997,-94.5786,Single,TRUE,263
U1049,Aria,Silva,Female,21,2005-03-14,aria.silva917@example.edu,(732) 555-0127,8065e8039081bc84104045528bf7417a,Arizona State University,Tempe,AZ,33.4242,-111.9281,Lives at Home,Senior,Business Administration,Scottsdale,AZ,33.4942,-111.9261,Prefer not to say,FALSE,436
U1050,Skylar,Fernandez,Female,20,2006-09-18,skylar.fernandez484@example.edu,(843) 555-0110,169c61b572f5354dce5bf764a3f5a60c,University of Michigan,Ann Arbor,MI,42.278,-83.7382,Lives at Home,Sophomore,Electrical Engineering,Columbia,SC,34.0007,-81.0348,Single,TRUE,339
U1051,Colton,Bennett,Male,22,2004-03-16,colton.bennett589@example.edu,(987) 555-0148,00a808a1f2f0a2a69c3e57a76883ffff,Arizona State University,Tempe,AZ,33.4242,-111.9281,Dorm / Residence Hall,Junior,Psychology,Tucson,AZ,32.2226,-110.9747,Single,FALSE,202
U1052,Willow,Reyes,Female,19,2007-12-08,willow.reyes658@example.edu,(529) 555-0115,7b14f1d56229ea550452745564a21c43,University of Georgia,Athens,GA,33.948,-83.3773,Dorm / Residence Hall,Sophomore,Economics,Nashville,TN,36.1627,-86.7816,Single,FALSE,183
U1053,Fatima,Walsh,Female,22,2004-06-09,fatima.walsh106@example.edu,(551) 555-0121,192b3ce6c9f0c9c5e789e3f0e49980f7,Ohio State University,Columbus,OH,40.0067,-83.0305,Dorm / Residence Hall,Senior,Computer Science,Toledo,OH,41.6528,-83.5379,Single,FALSE,180
U1054,Amelia,Bailey,Female,24,2002-09-23,amelia.bailey450@example.edu,(609) 555-0105,ec8438a55c1c08656c5be9fd18330446,Penn State University,State College,PA,40.7982,-77.8599,Off-Campus Apartment,Graduate,Computer Science,Philadelphia,PA,39.9526,-75.1652,Single,TRUE,276
U1055,Addison,Murphy,Female,21,2005-08-16,addison.murphy559@example.edu,(748) 555-0131,8b63caf0f262ef3231169d748a23130a,Arizona State University,Tempe,AZ,33.4242,-111.9281,Lives at Home,Junior,Biology,Mesa,AZ,33.4152,-111.8315,Single,TRUE,102
U1056,Madison,Yamamoto,Female,23,2003-07-17,madison.yamamoto381@example.edu,(515) 555-0140,9fd11197f92d836430ef84ab84000c54,University of Michigan,Ann Arbor,MI,42.278,-83.7382,University Apartment,Graduate,Mechanical Engineering,Lansing,MI,42.7325,-84.5555,Single,TRUE,105
U1057,Ezekiel,Fraser,Male,19,2007-04-04,ezekiel.fraser812@example.edu,(622) 555-0157,8ce4919b835658fbc6ea4492b0cf1252,University of Michigan,Ann Arbor,MI,42.278,-83.7382,Off-Campus Apartment,Sophomore,Marketing,Grand Rapids,MI,42.9634,-85.6681,Single,FALSE,199
U1058,Oliver,Okafor,Male,20,2006-10-13,oliver.okafor257@example.edu,(539) 555-0195,4822535521752f6a64cd1c6d2804b54d,Texas A&M University,College Station,TX,30.6188,-96.3365,Off-Campus Apartment,Sophomore,Education,Kansas City,MO,39.0997,-94.5786,Prefer not to say,FALSE,494
U1059,Priya,Fernandez,Female,21,2005-11-27,priya.fernandez114@example.edu,(903) 555-0132,532ce8be042e9691e3a1b65e9fa2449b,New York University,New York,NY,40.7295,-73.9965,Off-Campus Apartment,Senior,Chemistry,Brooklyn,NY,40.6782,-73.9442,Prefer not to say,FALSE,102
U1060,Aubrey,Li,Female,21,2005-08-13,aubrey.li955@example.edu,(331) 555-0175,42bed72a2a3153b8e37671c842c2bad9,University of Minnesota,Minneapolis,MN,44.974,-93.2277,Dorm / Residence Hall,Senior,Education,Rochester,MN,44.0121,-92.4802,In a relationship,FALSE,223
U1061,Harper,Jones,Female,22,2004-12-18,harper.jones495@example.edu,(896) 555-0155,792985fa9f32f5d7824e62aa1935d0dd,University of Texas at Austin,Austin,TX,30.2849,-97.7341,Lives at Home,Senior,Education,Fort Worth,TX,32.7555,-97.3308,Single,FALSE,134
U1062,Aurora,Williams,Female,19,2007-05-18,aurora.williams55@example.edu,(538) 555-0150,e408100e646011055a3df5bb6101368f,Arizona State University,Tempe,AZ,33.4242,-111.9281,Off-Campus Apartment,Sophomore,Public Health,Phoenix,AZ,33.4484,-112.074,Single,TRUE,271
U1063,Jacob,Pham,Male,20,2006-07-09,jacob.pham212@example.edu,(627) 555-0160,17e317cec65cd0055a2306b98607e5f9,Ohio State University,Columbus,OH,40.0067,-83.0305,Off-Campus Apartment,Junior,Education,Indianapolis,IN,39.7684,-86.1581,Single,FALSE,118
U1064,Caleb,Lindberg,Male,21,2005-06-23,caleb.lindberg330@example.edu,(569) 555-0125,22ea18e7c1c55b8bf3f1d044fed79321,New York University,New York,NY,40.7295,-73.9965,Dorm / Residence Hall,Junior,Music,Brooklyn,NY,40.6782,-73.9442,Single,TRUE,757
U1065,Logan,Singh,Male,20,2006-11-05,logan.singh346@example.edu,(357) 555-0155,5d658e59905f650a31d143c81fb22b89,University of Texas at Austin,Austin,TX,30.2849,-97.7341,Off-Campus Apartment,Junior,Marketing,Fort Worth,TX,32.7555,-97.3308,Single,TRUE,393
U1066,Santiago,Haddad,Male,21,2005-07-27,santiago.haddad798@example.edu,(789) 555-0101,1d6bfc3d78f5845cdb5122f7d289b31c,Texas A&M University,College Station,TX,30.6188,-96.3365,Dorm / Residence Hall,Senior,Marketing,Dallas,TX,32.7767,-96.797,Single,FALSE,253
U1067,Madison,Gonzalez,Female,19,2007-08-11,madison.gonzalez351@example.edu,(950) 555-0169,a5e69cbaeaa16b797bf06e818921a79e,New York University,New York,NY,40.7295,-73.9965,Off-Campus Apartment,Sophomore,Data Analytics,Syracuse,NY,43.0481,-76.1474,In a relationship,FALSE,458
U1068,Sebastian,Smith,Male,21,2005-03-11,sebastian.smith341@example.edu,(367) 555-0132,78916104a0f8eb06e4a8835f442c0a50,University of Georgia,Athens,GA,33.948,-83.3773,Dorm / Residence Hall,Junior,Chemistry,Louisville,KY,38.2527,-85.7585,Single,TRUE,242
U1069,Sofia,Ward,Female,20,2006-10-22,sofia.ward942@example.edu,(625) 555-0115,ae5cc0f6a8455fdb9f6e94740ac77b08,University of Washington,Seattle,WA,47.6553,-122.3035,Off-Campus Apartment,Junior,Kinesiology,Bellevue,WA,47.6101,-122.2015,Prefer not to say,TRUE,195
U1070,Sophia,Kowalski,Female,22,2004-01-18,sophia.kowalski718@example.edu,(692) 555-0140,efed80a2496141cfdd59cb36d232fa79,Texas A&M University,College Station,TX,30.6188,-96.3365,University Apartment,Senior,Nursing,Louisville,KY,38.2527,-85.7585,Single,TRUE,338
U1071,Stella,Sullivan,Female,24,2002-09-25,stella.sullivan71@example.edu,(309) 555-0187,a01f2bc86a1c12d1bfc1a2eea571ab94,Texas A&M University,College Station,TX,30.6188,-96.3365,Off-Campus Apartment,Graduate,Public Health,Chicago,IL,41.8781,-87.6298,Single,TRUE,155
U1072,Harper,Harris,Female,19,2007-03-09,harper.harris78@example.edu,(405) 555-0107,52e9edc473a447342960dea3496f0620,University of Florida,Gainesville,FL,29.6436,-82.3549,Dorm / Residence Hall,Sophomore,Biology,Denver,CO,39.7392,-104.9903,Prefer not to say,TRUE,154
U1073,Lucy,Baker,Female,21,2005-02-18,lucy.baker738@example.edu,(504) 555-0139,d77ee43ab1182118b2f6e2752a8c9f34,University of Wisconsin-Madison,Madison,WI,43.0766,-89.4125,Off-Campus Apartment,Senior,Kinesiology,Appleton,WI,44.2619,-88.4154,It's complicated,FALSE,317
U1074,Hunter,Brown,Male,18,2008-01-11,hunter.brown633@example.edu,(457) 555-0126,d08ef6641864e22804030029ef531660,Ohio State University,Columbus,OH,40.0067,-83.0305,Dorm / Residence Hall,Freshman,Biology,Toledo,OH,41.6528,-83.5379,In a relationship,FALSE,413
U1075,Raj,Hall,Male,19,2007-05-09,raj.hall431@example.edu,(786) 555-0186,269efc249ed808ec7e0fb1641d535040,University of Texas at Austin,Austin,TX,30.2849,-97.7341,Lives at Home,Sophomore,Computer Science,San Antonio,TX,29.4241,-98.4936,Single,TRUE,216
U1076,Julian,Rogers,Male,18,2008-05-01,julian.rogers262@example.edu,(445) 555-0193,22d837bb59c0b0911afe10537cd03014,UCLA,Los Angeles,CA,34.0689,-118.4452,Off-Campus Apartment,Freshman,Accounting,Denver,CO,39.7392,-104.9903,In a relationship,FALSE,264
U1077,Owen,Schmidt,Male,19,2007-09-10,owen.schmidt321@example.edu,(543) 555-0108,acab3ec8648eea9d69617b4dc67c42dc,University of Wisconsin-Madison,Madison,WI,43.0766,-89.4125,Greek Housing,Sophomore,Sociology,Richmond,VA,37.5407,-77.436,Single,FALSE,183
U1078,Emilia,Roberts,Female,21,2005-07-18,emilia.roberts815@example.edu,(579) 555-0183,e84e85474965cd1fd24b61054d2a8598,Arizona State University,Tempe,AZ,33.4242,-111.9281,Off-Campus Apartment,Junior,Kinesiology,Columbia,SC,34.0007,-81.0348,Single,FALSE,514
U1079,Lily,Silva,Female,21,2005-11-07,lily.silva16@example.edu,(316) 555-0146,4e844c9b5f8a474fb33f01189434a0b6,University of Michigan,Ann Arbor,MI,42.278,-83.7382,Off-Campus Apartment,Senior,Education,Troy,MI,42.6064,-83.1498,Single,TRUE,478
U1080,Cooper,Wood,Male,19,2007-07-11,cooper.wood579@example.edu,(498) 555-0190,c9de392ca9e219c4ba46b4dd88ff613a,Arizona State University,Tempe,AZ,33.4242,-111.9281,Greek Housing,Sophomore,Journalism,Las Vegas,NV,36.1699,-115.1398,Single,TRUE,185
U1081,Darius,Larsen,Male,21,2005-10-26,darius.larsen907@example.edu,(532) 555-0183,1f5d17e4e39adb16e8ceb2e155d8bf97,University of Florida,Gainesville,FL,29.6436,-82.3549,Lives at Home,Junior,Criminal Justice,Miami,FL,25.7617,-80.1918,Single,TRUE,119
U1082,Caleb,Jones,Male,21,2005-06-13,caleb.jones443@example.edu,(268) 555-0165,e2dfcc6b609e46e5324d5a69d333f92b,University of Florida,Gainesville,FL,29.6436,-82.3549,Dorm / Residence Hall,Senior,Business Administration,Tampa,FL,27.9506,-82.4572,Prefer not to say,FALSE,245
U1083,Zoe,Ivanov,Female,21,2005-06-01,zoe.ivanov826@example.edu,(738) 555-0130,2eadf2833884b197f2d632031c6d7646,Florida State University,Tallahassee,FL,30.4419,-84.2985,University Apartment,Senior,Kinesiology,Jacksonville,FL,30.3322,-81.6557,Single,TRUE,172
U1084,Gabriel,Perez,Male,21,2005-01-24,gabriel.perez569@example.edu,(594) 555-0110,fd4abc613e2e513c1d286e34d54cb976,UCLA,Los Angeles,CA,34.0689,-118.4452,University Apartment,Junior,Biology,San Diego,CA,32.7157,-117.1611,Single,TRUE,152
U1085,Nia,Hall,Female,18,2008-06-26,nia.hall991@example.edu,(718) 555-0182,98fc8cefc3d75c38ef19cdb32d08296b,University of Texas at Austin,Austin,TX,30.2849,-97.7341,Lives at Home,Freshman,Nursing,Plano,TX,33.0198,-96.6989,Single,FALSE,371
U1086,Lillian,Visser,Female,19,2007-04-19,lillian.visser560@example.edu,(541) 555-0184,366c0a3f6385600a99a42c01dd48be84,University of Washington,Seattle,WA,47.6553,-122.3035,Dorm / Residence Hall,Sophomore,Economics,Vancouver,WA,45.6387,-122.6615,Single,TRUE,164
U1087,Hudson,Diaz,Male,21,2005-06-07,hudson.diaz93@example.edu,(369) 555-0178,6bb339e2fdc274094b3ba1726449d006,University of Wisconsin-Madison,Madison,WI,43.0766,-89.4125,Off-Campus Apartment,Junior,Criminal Justice,Kansas City,MO,39.0997,-94.5786,In a relationship,FALSE,220
U1088,Sage,Davis,Non-binary,21,2005-01-24,sage.davis382@example.edu,(333) 555-0124,405d512460b5937769da71e75a00b25d,Penn State University,State College,PA,40.7982,-77.8599,Off-Campus Apartment,Junior,Music,Erie,PA,42.1292,-80.0851,In a relationship,TRUE,187
U1089,Riley,Morales,Female,19,2007-04-26,riley.morales192@example.edu,(862) 555-0154,b17c4aa20e5694561ebdd511fa4fd187,Penn State University,State College,PA,40.7982,-77.8599,Off-Campus Apartment,Sophomore,Political Science,New Orleans,LA,29.9511,-90.0715,Single,TRUE,269
U1090,Daniel,Virtanen,Male,19,2007-05-24,daniel.virtanen572@example.edu,(944) 555-0165,d55159d8ae74f60169ea6b9808c31184,Penn State University,State College,PA,40.7982,-77.8599,Lives at Home,Sophomore,Biology,Erie,PA,42.1292,-80.0851,In a relationship,TRUE,143
U1091,Jackson,Perez,Male,21,2005-10-02,jackson.perez127@example.edu,(423) 555-0168,2d57a2121ee49dd301be63d27d508b50,University of Texas at Austin,Austin,TX,30.2849,-97.7341,University Apartment,Senior,Undeclared,Houston,TX,29.7604,-95.3698,In a relationship,TRUE,219
U1092,William,Vargas,Male,18,2008-07-26,william.vargas350@example.edu,(453) 555-0185,01c1d51affdd442f561e0f030d8cb6a4,Penn State University,State College,PA,40.7982,-77.8599,Lives at Home,Freshman,Nursing,Columbia,SC,34.0007,-81.0348,In a relationship,FALSE,223
U1093,Adrian,Sullivan,Male,23,2003-10-27,adrian.sullivan593@example.edu,(643) 555-0140,327111559fb896b31cd74d396fc23ac6,University of Washington,Seattle,WA,47.6553,-122.3035,Off-Campus Apartment,Graduate,Electrical Engineering,Vancouver,WA,45.6387,-122.6615,Prefer not to say,FALSE,144
U1094,Aurora,Khan,Female,23,2003-12-25,aurora.khan920@example.edu,(951) 555-0191,09616523627eb389ae69ec4843940521,New York University,New York,NY,40.7295,-73.9965,Off-Campus Apartment,Graduate,Nursing,Syracuse,NY,43.0481,-76.1474,In a relationship,TRUE,157
U1095,Madelyn,King,Female,22,2004-11-19,madelyn.king668@example.edu,(284) 555-0151,cc72b218723e875b7a633dc0bc250a1a,University of Wisconsin-Madison,Madison,WI,43.0766,-89.4125,Greek Housing,Junior,Communications,Milwaukee,WI,43.0389,-87.9065,Single,TRUE,405
U1096,Daniel,Hernandez,Male,19,2007-02-24,daniel.hernandez885@example.edu,(806) 555-0146,dcf5fef7b063419a32440cd93bfad057,New York University,New York,NY,40.7295,-73.9965,Off-Campus Apartment,Freshman,Communications,Richmond,VA,37.5407,-77.436,Single,TRUE,349
U1097,Savannah,Cooper,Female,19,2007-08-13,savannah.cooper131@example.edu,(354) 555-0169,a641521d59a66f9628594c0eb0c0193d,Penn State University,State College,PA,40.7982,-77.8599,Dorm / Residence Hall,Sophomore,Business Administration,Pittsburgh,PA,40.4406,-79.9959,Single,TRUE,523
U1098,Christian,Taylor,Male,19,2007-10-20,christian.taylor813@example.edu,(248) 555-0165,5499715cd7fde031465319cc7e9f185c,University of Washington,Seattle,WA,47.6553,-122.3035,University Apartment,Sophomore,Journalism,Vancouver,WA,45.6387,-122.6615,In a relationship,FALSE,520
U1099,Ezra,Silva,Male,22,2004-03-20,ezra.silva71@example.edu,(437) 555-0108,6a6259e2bf7011bca59963967628f3be,University of Michigan,Ann Arbor,MI,42.278,-83.7382,University Apartment,Senior,Computer Science,Detroit,MI,42.3314,-83.0458,Single,TRUE,274
U1100,Miles,Alvarez,Male,19,2007-11-27,miles.alvarez125@example.edu,(452) 555-0115,9b6444fa23f5c6125bf706694adc18f4,University of Washington,Seattle,WA,47.6553,-122.3035,Off-Campus Apartment,Freshman,Kinesiology,Bellevue,WA,47.6101,-122.2015,In a relationship,FALSE,237
U1101,Jack,Martin,Male,19,2007-02-11,jack.martin189@example.edu,(868) 555-0136,4a867cc211698dd38c28655d4c08a94b,Ohio State University,Columbus,OH,40.0067,-83.0305,Dorm / Residence Hall,Sophomore,Computer Science,Toledo,OH,41.6528,-83.5379,Single,TRUE,310
U1102,Alondra,Mensah,Female,21,2005-04-16,alondra.mensah649@example.edu,(911) 555-0153,13da309ebf337a12c89e5e4f4bb06309,University of Florida,Gainesville,FL,29.6436,-82.3549,Lives at Home,Sophomore,Business Administration,Jacksonville,FL,30.3322,-81.6557,Single,TRUE,97
U1103,Naomi,Khan,Female,20,2006-07-01,naomi.khan929@example.edu,(570) 555-0178,7237271e75cb7895cf144265f39ca73d,University of Alabama,Tuscaloosa,AL,33.214,-87.5391,Off-Campus Apartment,Sophomore,Computer Science,Denver,CO,39.7392,-104.9903,Single,TRUE,283
U1104,Jonathan,Jackson,Male,22,2004-05-03,jonathan.jackson827@example.edu,(338) 555-0169,353553053dd2a6c1ae39b9587ee8c941,University of Wisconsin-Madison,Madison,WI,43.0766,-89.4125,Off-Campus Apartment,Senior,English,Kenosha,WI,42.5847,-87.8212,In a relationship,FALSE,93
U1105,Hunter,Bennett,Male,21,2005-08-02,hunter.bennett170@example.edu,(839) 555-0163,bacfebf033b208e677c3ca4fbd62c9bb,University of Texas at Austin,Austin,TX,30.2849,-97.7341,Off-Campus Apartment,Senior,Undeclared,Houston,TX,29.7604,-95.3698,In a relationship,FALSE,324
U1106,Emily,Bailey,Female,18,2008-11-25,emily.bailey554@example.edu,(559) 555-0124,fdceaa6ba065c98770a70d30a7d953c4,University of Texas at Austin,Austin,TX,30.2849,-97.7341,Dorm / Residence Hall,Freshman,Chemistry,Omaha,NE,41.2565,-95.9345,Single,FALSE,148
U1107,Mia,Brooks,Female,20,2006-05-07,mia.brooks953@example.edu,(942) 555-0117,ca9d4cf508974010b949bb5e8eafcd04,University of Wisconsin-Madison,Madison,WI,43.0766,-89.4125,Off-Campus Apartment,Sophomore,History,Kenosha,WI,42.5847,-87.8212,Single,FALSE,72
U1108,Marcus,Janssen,Male,21,2005-01-08,marcus.janssen946@example.edu,(786) 555-0100,d6e20ee12d5791dfcec154a091a10a58,University of Texas at Austin,Austin,TX,30.2849,-97.7341,University Apartment,Senior,Information Systems,Fort Worth,TX,32.7555,-97.3308,In a relationship,TRUE,651
U1109,Taylor,Hoffman,Non-binary,20,2006-04-10,taylor.hoffman335@example.edu,(387) 555-0116,1ab0272a9d12a2a38d45ffc3a7fc3e20,University of Texas at Austin,Austin,TX,30.2849,-97.7341,Dorm / Residence Hall,Freshman,Data Analytics,Fort Worth,TX,32.7555,-97.3308,Single,TRUE,330
U1110,Carter,Davis,Male,21,2005-07-07,carter.davis261@example.edu,(582) 555-0191,aa8b9630ac6b14a9681a723439e8a638,UCLA,Los Angeles,CA,34.0689,-118.4452,Off-Campus Apartment,Junior,Music,Sacramento,CA,38.5816,-121.4944,Single,FALSE,212
U1111,Abigail,Murray,Female,18,2008-12-26,abigail.murray351@example.edu,(921) 555-0129,de6de688948730d96062af2fccb01682,UCLA,Los Angeles,CA,34.0689,-118.4452,Dorm / Residence Hall,Freshman,Data Analytics,Fresno,CA,36.7378,-119.7871,In a relationship,FALSE,238
U1112,Henry,Cox,Male,20,2006-12-18,henry.cox785@example.edu,(573) 555-0191,0d2c5698cf1cc2c6ed68ef581969d503,University of Florida,Gainesville,FL,29.6436,-82.3549,Dorm / Residence Hall,Junior,Undeclared,Orlando,FL,28.5384,-81.3789,Single,FALSE,303
U1113,Phoenix,Walsh,Non-binary,23,2003-08-04,phoenix.walsh368@example.edu,(390) 555-0136,0de4e3e10dee1c97e91526c81202c741,University of Minnesota,Minneapolis,MN,44.974,-93.2277,Off-Campus Apartment,Graduate,Political Science,Rochester,MN,44.0121,-92.4802,Single,FALSE,171
U1114,Mila,Ivanov,Female,20,2006-08-02,mila.ivanov120@example.edu,(932) 555-0189,afa79a38c1d3c2ed1abc756fae13e7cc,University of Michigan,Ann Arbor,MI,42.278,-83.7382,Lives at Home,Sophomore,Public Health,Grand Rapids,MI,42.9634,-85.6681,Single,TRUE,468
U1115,Bella,Wagner,Female,21,2005-09-22,bella.wagner130@example.edu,(487) 555-0195,86f5a5f172c783d752c8770cdab674ae,Texas A&M University,College Station,TX,30.6188,-96.3365,Dorm / Residence Hall,Senior,Economics,Plano,TX,33.0198,-96.6989,In a relationship,FALSE,201
U1116,Bella,Hoffman,Female,20,2006-03-19,bella.hoffman226@example.edu,(494) 555-0111,56906c696a1646b8fefd965ed2bbd96b,University of Michigan,Ann Arbor,MI,42.278,-83.7382,Dorm / Residence Hall,Junior,Business Administration,Troy,MI,42.6064,-83.1498,In a relationship,FALSE,79
U1117,Nora,Bailey,Female,20,2006-08-25,nora.bailey679@example.edu,(301) 555-0170,456abff8631b8f4c0b79093145ce4639,Texas A&M University,College Station,TX,30.6188,-96.3365,Dorm / Residence Hall,Sophomore,Political Science,El Paso,TX,31.7619,-106.485,Single,FALSE,246
U1118,Lucas,Ramos,Male,20,2006-06-07,lucas.ramos990@example.edu,(755) 555-0101,6d8aab01cddf1209bb8882659a0c05b1,Arizona State University,Tempe,AZ,33.4242,-111.9281,Dorm / Residence Hall,Sophomore,Electrical Engineering,Columbia,SC,34.0007,-81.0348,Single,TRUE,290
U1119,Isaiah,Yamamoto,Male,20,2006-05-16,isaiah.yamamoto227@example.edu,(625) 555-0150,fbd298a0ceaf9a170c7578235b0a51c0,University of Alabama,Tuscaloosa,AL,33.214,-87.5391,Off-Campus Apartment,Junior,Biology,Huntsville,AL,34.7304,-86.5861,In a relationship,TRUE,259
U1120,Amelia,Lindberg,Female,22,2004-07-28,amelia.lindberg819@example.edu,(810) 555-0192,6f3e86f6f920549e5bd7cdd8972ebf32,University of Georgia,Athens,GA,33.948,-83.3773,University Apartment,Senior,Kinesiology,Savannah,GA,32.0809,-81.0912,In a relationship,TRUE,127
U1121,Lincoln,Anderson,Male,20,2006-12-18,lincoln.anderson472@example.edu,(756) 555-0132,b498ad6feb4c1aa1cd70b2ea16f23068,Arizona State University,Tempe,AZ,33.4242,-111.9281,Off-Campus Apartment,Freshman,Computer Science,Scottsdale,AZ,33.4942,-111.9261,Single,FALSE,501
U1122,Violet,Watson,Female,18,2008-09-17,violet.watson449@example.edu,(457) 555-0135,63ed30589f1e602251c3ae0f6b9aaebf,University of Minnesota,Minneapolis,MN,44.974,-93.2277,Dorm / Residence Hall,Freshman,Computer Science,Duluth,MN,46.7867,-92.1005,In a relationship,FALSE,116
U1123,Sarah,Brooks,Female,18,2008-12-15,sarah.brooks851@example.edu,(747) 555-0149,f6047c1b2d2de03a41e68f10313ecebc,University of Texas at Austin,Austin,TX,30.2849,-97.7341,Greek Housing,Freshman,Biology,Houston,TX,29.7604,-95.3698,It's complicated,TRUE,271
U1124,Maverick,Muller,Male,21,2005-08-25,maverick.muller167@example.edu,(584) 555-0190,d177fffdddd70867927926fe1097f27e,University of Wisconsin-Madison,Madison,WI,43.0766,-89.4125,Off-Campus Apartment,Sophomore,Data Analytics,Green Bay,WI,44.5133,-88.0133,In a relationship,TRUE,131
U1125,Jackson,Taylor,Male,20,2006-04-22,jackson.taylor262@example.edu,(555) 555-0120,f3358ef91351db2ce307fe3b5c2ea0c0,Texas A&M University,College Station,TX,30.6188,-96.3365,University Apartment,Sophomore,Computer Science,Louisville,KY,38.2527,-85.7585,In a relationship,FALSE,280
U1126,Kai,Davis,Male,19,2007-07-21,kai.davis736@example.edu,(799) 555-0110,05fdb45350c4e60704f389811455b455,University of Florida,Gainesville,FL,29.6436,-82.3549,Dorm / Residence Hall,Sophomore,Nursing,Miami,FL,25.7617,-80.1918,Prefer not to say,TRUE,180
U1127,Alondra,Edwards,Female,19,2007-02-27,alondra.edwards342@example.edu,(521) 555-0191,3382499ff6c299119ad5c06902cae97a,University of Wisconsin-Madison,Madison,WI,43.0766,-89.4125,Greek Housing,Sophomore,Economics,Green Bay,WI,44.5133,-88.0133,In a relationship,FALSE,201
U1128,Luna,Parker,Female,18,2008-04-02,luna.parker479@example.edu,(974) 555-0157,8b274dcaad099033fa7c8dc3802c8589,Penn State University,State College,PA,40.7982,-77.8599,Dorm / Residence Hall,Freshman,History,St. Louis,MO,38.627,-90.1994,In a relationship,TRUE,280
U1129,Joshua,King,Male,21,2005-11-01,joshua.king558@example.edu,(484) 555-0146,9b106d7cc7ae4a8f9bae44d23b043358,Texas A&M University,College Station,TX,30.6188,-96.3365,Lives at Home,Junior,Nursing,Boise,ID,43.615,-116.2023,Single,TRUE,146
U1130,Isaiah,Castillo,Male,20,2006-02-07,isaiah.castillo855@example.edu,(465) 555-0185,6b7943930db261977e7d72031d5a18c0,Arizona State University,Tempe,AZ,33.4242,-111.9281,Greek Housing,Junior,Economics,Tucson,AZ,32.2226,-110.9747,Single,TRUE,233
U1131,Emerson,Flores,Non-binary,20,2006-07-01,emerson.flores158@example.edu,(518) 555-0188,299881a93fa84f3175a022a0021b93fd,Texas A&M University,College Station,TX,30.6188,-96.3365,Lives at Home,Freshman,Marketing,Indianapolis,IN,39.7684,-86.1581,Single,FALSE,184
U1132,Aisha,Chavez,Female,19,2007-03-14,aisha.chavez536@example.edu,(369) 555-0116,d15f8c376a47c7553b237e882d151e11,University of Florida,Gainesville,FL,29.6436,-82.3549,Lives at Home,Sophomore,Data Analytics,Tampa,FL,27.9506,-82.4572,Single,FALSE,210
U1133,Kinsley,Santos,Female,20,2006-04-26,kinsley.santos270@example.edu,(210) 555-0132,987107fd26d59b9cfca8c7a46d651778,Texas A&M University,College Station,TX,30.6188,-96.3365,Dorm / Residence Hall,Junior,Electrical Engineering,Salt Lake City,UT,40.7608,-111.891,Single,TRUE,124
U1134,Kennedy,Haddad,Female,18,2008-03-02,kennedy.haddad97@example.edu,(767) 555-0196,02017363f41c3ba474ac6cd655e366f5,University of Washington,Seattle,WA,47.6553,-122.3035,Dorm / Residence Hall,Freshman,Psychology,Vancouver,WA,45.6387,-122.6615,Single,FALSE,148
U1135,Nora,Fraser,Female,20,2006-05-16,nora.fraser460@example.edu,(258) 555-0152,fe080cc045065a07d7683ed3cc618215,Texas A&M University,College Station,TX,30.6188,-96.3365,Dorm / Residence Hall,Junior,Information Systems,Houston,TX,29.7604,-95.3698,Single,TRUE,120
U1136,Maya,Flores,Female,20,2006-10-14,maya.flores324@example.edu,(222) 555-0186,4db6a1184a69ba649cc23a8dc25acded,Florida State University,Tallahassee,FL,30.4419,-84.2985,Off-Campus Apartment,Sophomore,Computer Science,Jacksonville,FL,30.3322,-81.6557,In a relationship,TRUE,226
U1137,Alexander,Laurent,Male,22,2004-06-14,alexander.laurent681@example.edu,(269) 555-0197,65a320cde7fd5d69a05c8cfa7dedda45,University of Wisconsin-Madison,Madison,WI,43.0766,-89.4125,Dorm / Residence Hall,Senior,Computer Science,Milwaukee,WI,43.0389,-87.9065,Single,FALSE,134
U1138,Jackson,Miller,Male,21,2005-11-23,jackson.miller68@example.edu,(619) 555-0121,715944402682fe95bd7ebcd20faa48b7,University of Michigan,Ann Arbor,MI,42.278,-83.7382,Off-Campus Apartment,Junior,Business Administration,Lansing,MI,42.7325,-84.5555,Prefer not to say,FALSE,115
U1139,Leo,Foster,Male,24,2002-01-27,leo.foster902@example.edu,(876) 555-0163,6cb743acb79d8ec94fc84e446aaa245c,New York University,New York,NY,40.7295,-73.9965,Off-Campus Apartment,Graduate,Computer Science,Rochester,NY,43.1566,-77.6088,Prefer not to say,FALSE,136
U1140,James,Stewart,Male,19,2007-12-02,james.stewart456@example.edu,(748) 555-0115,c804b31d5a0f0ac19b4f3a49b36d0327,University of Texas at Austin,Austin,TX,30.2849,-97.7341,Off-Campus Apartment,Freshman,Education,El Paso,TX,31.7619,-106.485,Single,FALSE,337
U1141,Harper,Thompson,Female,18,2008-12-16,harper.thompson36@example.edu,(205) 555-0107,8381c0d88523d46bac90e76ca6e8734b,University of Michigan,Ann Arbor,MI,42.278,-83.7382,Dorm / Residence Hall,Freshman,Psychology,Denver,CO,39.7392,-104.9903,In a relationship,FALSE,205
U1142,Ananya,Fernandez,Female,20,2006-10-04,ananya.fernandez411@example.edu,(675) 555-0199,d0ef8fe5b77be2e82b8686f23bb73571,University of Georgia,Athens,GA,33.948,-83.3773,Dorm / Residence Hall,Sophomore,Psychology,Atlanta,GA,33.749,-84.388,Single,TRUE,86
U1143,Lily,Sullivan,Female,21,2005-01-24,lily.sullivan976@example.edu,(597) 555-0151,b9a06303fc4c97ac93c538476225f517,Florida State University,Tallahassee,FL,30.4419,-84.2985,Dorm / Residence Hall,Senior,Finance,Las Vegas,NV,36.1699,-115.1398,Single,TRUE,217
U1144,Avery,Sanchez,Female,19,2007-07-14,avery.sanchez584@example.edu,(328) 555-0167,50cbbb7dd89b025f04e3b2003a9561fa,University of Texas at Austin,Austin,TX,30.2849,-97.7341,Dorm / Residence Hall,Freshman,Business Administration,Omaha,NE,41.2565,-95.9345,Single,FALSE,272
U1145,Sarah,Robinson,Female,19,2007-04-04,sarah.robinson219@example.edu,(237) 555-0134,bb219825aa23eccdac0ed22757c17439,University of Minnesota,Minneapolis,MN,44.974,-93.2277,Dorm / Residence Hall,Sophomore,Accounting,Omaha,NE,41.2565,-95.9345,In a relationship,TRUE,131
U1146,Carter,Rodriguez,Male,22,2004-02-17,carter.rodriguez931@example.edu,(896) 555-0102,81bf5e5f1194538ea17bc1ed45e07f79,Ohio State University,Columbus,OH,40.0067,-83.0305,Dorm / Residence Hall,Junior,Psychology,Chicago,IL,41.8781,-87.6298,In a relationship,FALSE,142
U1147,Grace,Castillo,Female,20,2006-10-21,grace.castillo859@example.edu,(497) 555-0116,87c1ea040b29e41c632363b6ff060e6d,UCLA,Los Angeles,CA,34.0689,-118.4452,Off-Campus Apartment,Sophomore,Nursing,Sacramento,CA,38.5816,-121.4944,Single,TRUE,199
U1148,Simone,Wright,Female,24,2002-03-26,simone.wright761@example.edu,(919) 555-0176,0778a404419392ddf9a97fe5fe95a650,University of Georgia,Athens,GA,33.948,-83.3773,Off-Campus Apartment,Graduate,Music,Indianapolis,IN,39.7684,-86.1581,In a relationship,FALSE,703
U1149,Sage,Gonzalez,Non-binary,18,2008-10-27,sage.gonzalez627@example.edu,(338) 555-0116,ca194ef8289021744e0f05e80a45c7f1,Ohio State University,Columbus,OH,40.0067,-83.0305,Dorm / Residence Hall,Freshman,Music,Louisville,KY,38.2527,-85.7585,It's complicated,FALSE,249
U1150,Maya,Hoffman,Female,19,2007-03-09,maya.hoffman445@example.edu,(796) 555-0195,082f1f1fda386de3104798eb9db828fe,University of Washington,Seattle,WA,47.6553,-122.3035,Lives at Home,Sophomore,Psychology,Hartford,CT,41.7658,-72.6734,In a relationship,TRUE,358
U1151,Brooklyn,Wright,Female,19,2007-08-27,brooklyn.wright863@example.edu,(809) 555-0115,32a73390eaa0a4a4e94d6ca4864d79c8,University of Florida,Gainesville,FL,29.6436,-82.3549,Dorm / Residence Hall,Freshman,Economics,Tampa,FL,27.9506,-82.4572,Prefer not to say,TRUE,465
U1152,Daniel,Schmidt,Male,21,2005-01-19,daniel.schmidt316@example.edu,(721) 555-0148,c77dd57ef26f91f3dae7ef1eabc2c2bd,Arizona State University,Tempe,AZ,33.4242,-111.9281,Off-Campus Apartment,Senior,Public Health,Newark,NJ,40.7357,-74.1724,Single,TRUE,269
U1153,Zoey,Turner,Female,19,2007-12-15,zoey.turner301@example.edu,(266) 555-0181,222e50cae7d074c558d6b6a02d24bddb,Florida State University,Tallahassee,FL,30.4419,-84.2985,Dorm / Residence Hall,Sophomore,Civil Engineering,Jacksonville,FL,30.3322,-81.6557,In a relationship,FALSE,362
U1154,Penelope,Morris,Female,23,2003-08-28,penelope.morris766@example.edu,(875) 555-0167,3167570e0defece91f2521d4cc6b3aea,University of Texas at Austin,Austin,TX,30.2849,-97.7341,Off-Campus Apartment,Senior,Biology,Dallas,TX,32.7767,-96.797,Single,FALSE,310
U1155,Sofia,Ivanov,Female,23,2003-03-09,sofia.ivanov655@example.edu,(312) 555-0102,74e953f4a477647bc8972ab9c1985a00,Texas A&M University,College Station,TX,30.6188,-96.3365,University Apartment,Graduate,Psychology,Denver,CO,39.7392,-104.9903,Single,TRUE,515
U1156,Wei,Thompson,Male,21,2005-05-13,wei.thompson917@example.edu,(918) 555-0198,0d6547bd38564a09e3f1b1c5b34326a3,Penn State University,State College,PA,40.7982,-77.8599,Dorm / Residence Hall,Senior,Information Systems,Indianapolis,IN,39.7684,-86.1581,Single,TRUE,150
U1157,Andrew,Torres,Male,21,2005-11-05,andrew.torres882@example.edu,(866) 555-0162,780a33fd69ff95e5b157e0d735cb29a9,New York University,New York,NY,40.7295,-73.9965,University Apartment,Senior,Business Administration,Columbia,SC,34.0007,-81.0348,Single,TRUE,257
U1158,Mia,Smith,Female,18,2008-08-28,mia.smith10@example.edu,(314) 555-0198,eb634bea5686568131b3121e9bd9101a,Penn State University,State College,PA,40.7982,-77.8599,Greek Housing,Freshman,Environmental Science,Pittsburgh,PA,40.4406,-79.9959,Single,FALSE,87
U1159,Victoria,Silva,Female,23,2003-04-06,victoria.silva119@example.edu,(205) 555-0147,c3fcf912f6105e772ab63c0bafeb3c18,Penn State University,State College,PA,40.7982,-77.8599,Off-Campus Apartment,Graduate,Nursing,Erie,PA,42.1292,-80.0851,Single,TRUE,64
U1160,Alondra,Williams,Female,20,2006-09-15,alondra.williams197@example.edu,(634) 555-0137,c7b2db2a71057f35244a4c4eca5c49b6,University of Alabama,Tuscaloosa,AL,33.214,-87.5391,Off-Campus Apartment,Sophomore,Business Administration,Newark,NJ,40.7357,-74.1724,Single,FALSE,185
U1161,Ananya,Ward,Female,19,2007-11-04,ananya.ward706@example.edu,(728) 555-0130,054b73e5394cb5f486fcf0602cdbc52a,Ohio State University,Columbus,OH,40.0067,-83.0305,Off-Campus Apartment,Sophomore,Data Analytics,Toledo,OH,41.6528,-83.5379,In a relationship,FALSE,236
U1162,Kai,Martinez,Male,21,2005-05-06,kai.martinez374@example.edu,(825) 555-0131,189e1e9dacfb42ef2b52cf0a00d1e399,Florida State University,Tallahassee,FL,30.4419,-84.2985,Greek Housing,Senior,Data Analytics,Orlando,FL,28.5384,-81.3789,It's complicated,TRUE,133
U1163,Emma,Stewart,Female,21,2005-09-28,emma.stewart741@example.edu,(439) 555-0171,18bfd427b4f7cb34fe29457f2fe854ad,Texas A&M University,College Station,TX,30.6188,-96.3365,Dorm / Residence Hall,Senior,Accounting,New Orleans,LA,29.9511,-90.0715,In a relationship,TRUE,181
U1164,Eleanor,Muller,Female,19,2007-06-02,eleanor.muller654@example.edu,(736) 555-0121,e344241f1212a6e084f2a5870f85c4db,Texas A&M University,College Station,TX,30.6188,-96.3365,Lives at Home,Sophomore,Civil Engineering,Houston,TX,29.7604,-95.3698,Single,FALSE,356
U1165,Jayden,Smith,Male,23,2003-01-03,jayden.smith364@example.edu,(213) 555-0117,fc59e84727bc8258ce5a3d8ea189fbc2,University of Michigan,Ann Arbor,MI,42.278,-83.7382,Off-Campus Apartment,Graduate,Marketing,Troy,MI,42.6064,-83.1498,Prefer not to say,TRUE,301
U1166,Samuel,Pham,Male,18,2008-12-02,samuel.pham469@example.edu,(435) 555-0189,30e9ce0408cf53ba3708e5aa3d09f833,University of Florida,Gainesville,FL,29.6436,-82.3549,Off-Campus Apartment,Freshman,Mechanical Engineering,Portland,OR,45.5152,-122.6784,Single,FALSE,288
U1167,Hannah,Sato,Female,19,2007-12-06,hannah.sato647@example.edu,(779) 555-0154,d3de7331efdf122c8b9db2c367b8de7b,Ohio State University,Columbus,OH,40.0067,-83.0305,Off-Campus Apartment,Sophomore,Chemistry,Dayton,OH,39.7589,-84.1916,Single,FALSE,308
U1168,Ryan,James,Male,22,2004-10-23,ryan.james281@example.edu,(774) 555-0156,aabb1d37ec155d5eb0c601095332a217,University of Florida,Gainesville,FL,29.6436,-82.3549,Off-Campus Apartment,Senior,Communications,Omaha,NE,41.2565,-95.9345,Single,TRUE,173
U1169,Evelyn,Singh,Female,23,2003-03-15,evelyn.singh390@example.edu,(753) 555-0169,282f197e139ee5bda12501043fdbb334,University of Texas at Austin,Austin,TX,30.2849,-97.7341,University Apartment,Graduate,History,New Orleans,LA,29.9511,-90.0715,In a relationship,TRUE,135
U1170,Aisha,Collins,Female,21,2005-03-01,aisha.collins566@example.edu,(389) 555-0120,83a55c32a53810197db743e4dc304b29,University of Minnesota,Minneapolis,MN,44.974,-93.2277,Off-Campus Apartment,Sophomore,Computer Science,Rochester,MN,44.0121,-92.4802,Single,TRUE,434
U1171,Eleanor,Rodriguez,Female,24,2002-10-04,eleanor.rodriguez357@example.edu,(838) 555-0142,024a6f5854ed05578427eee5e8130335,University of Georgia,Athens,GA,33.948,-83.3773,Greek Housing,Senior,Public Health,Charlotte,NC,35.2271,-80.8431,Prefer not to say,FALSE,116
U1172,Violet,Choi,Female,21,2005-09-21,violet.choi509@example.edu,(846) 555-0153,15550c2fa62c05dbb2105113e8d7b1a3,Ohio State University,Columbus,OH,40.0067,-83.0305,Greek Housing,Senior,Nursing,Toledo,OH,41.6528,-83.5379,Single,TRUE,258
U1173,Imani,Robinson,Female,19,2007-04-02,imani.robinson821@example.edu,(778) 555-0151,4723606b0e92c2939479e77ac7a896b7,Penn State University,State College,PA,40.7982,-77.8599,Off-Campus Apartment,Freshman,Education,Philadelphia,PA,39.9526,-75.1652,Prefer not to say,TRUE,273
U1174,Victoria,Harris,Female,21,2005-11-26,victoria.harris57@example.edu,(812) 555-0126,b65b024f98af2a813161143f62544c22,University of Alabama,Tuscaloosa,AL,33.214,-87.5391,Dorm / Residence Hall,Senior,Political Science,Mobile,AL,30.6954,-88.0399,Single,FALSE,309
U1175,Joseph,Mensah,Male,21,2005-05-26,joseph.mensah114@example.edu,(447) 555-0106,d38a8cc1fa47f8d0faeee3ed08150a51,Ohio State University,Columbus,OH,40.0067,-83.0305,Dorm / Residence Hall,Senior,Mechanical Engineering,Cleveland,OH,41.4993,-81.6944,In a relationship,TRUE,93
U1176,Zoey,Kowalski,Female,19,2007-12-04,zoey.kowalski869@example.edu,(660) 555-0142,0ab1fe57066582f8459081b7b4055100,Ohio State University,Columbus,OH,40.0067,-83.0305,Off-Campus Apartment,Freshman,Data Analytics,Cleveland,OH,41.4993,-81.6944,Single,FALSE,173
U1177,Mila,Murray,Female,23,2003-04-25,mila.murray870@example.edu,(784) 555-0163,ef0783b399344e4130b4fdc5dd65d5a9,University of Texas at Austin,Austin,TX,30.2849,-97.7341,University Apartment,Graduate,Nursing,El Paso,TX,31.7619,-106.485,Single,FALSE,324
U1178,Natalie,Jones,Female,21,2005-06-13,natalie.jones709@example.edu,(500) 555-0194,47b73253e5864c331fce9786856da132,Penn State University,State College,PA,40.7982,-77.8599,Off-Campus Apartment,Senior,Marketing,Pittsburgh,PA,40.4406,-79.9959,Single,TRUE,188
U1179,Grace,Hughes,Female,21,2005-09-18,grace.hughes161@example.edu,(229) 555-0140,0f80e52dad7972a069322a5553511aaf,University of Minnesota,Minneapolis,MN,44.974,-93.2277,Dorm / Residence Hall,Senior,Criminal Justice,Rochester,MN,44.0121,-92.4802,In a relationship,TRUE,212
U1180,Isabella,Haddad,Female,21,2005-09-03,isabella.haddad673@example.edu,(826) 555-0192,388ba28c7efb3f49512cb383b7462dc3,New York University,New York,NY,40.7295,-73.9965,Off-Campus Apartment,Senior,Education,Newark,NJ,40.7357,-74.1724,Single,FALSE,169
U1181,Sophia,Anderson,Female,21,2005-08-11,sophia.anderson961@example.edu,(697) 555-0123,6c4ff66f34af8ba8c0fa9b3fcf8e1afd,University of Florida,Gainesville,FL,29.6436,-82.3549,Lives at Home,Senior,History,Salt Lake City,UT,40.7608,-111.891,Single,TRUE,349
U1182,Alondra,Sanchez,Female,21,2005-07-17,alondra.sanchez549@example.edu,(566) 555-0153,1b2ea62b951d609ec46c6481a8b25714,Arizona State University,Tempe,AZ,33.4242,-111.9281,Dorm / Residence Hall,Junior,Mathematics,Tucson,AZ,32.2226,-110.9747,Single,TRUE,259
U1183,Marcus,Bailey,Male,24,2002-04-11,marcus.bailey435@example.edu,(429) 555-0181,53d1d19cf19305bd9140d5074318522e,Texas A&M University,College Station,TX,30.6188,-96.3365,Off-Campus Apartment,Graduate,Communications,Dallas,TX,32.7767,-96.797,In a relationship,FALSE,184
U1184,Skylar,Ortiz,Female,19,2007-11-23,skylar.ortiz744@example.edu,(687) 555-0160,3b55177234c6015c1053186f0200e3b0,University of Michigan,Ann Arbor,MI,42.278,-83.7382,Off-Campus Apartment,Sophomore,Finance,Omaha,NE,41.2565,-95.9345,Single,TRUE,92
U1185,Elizabeth,Harris,Female,20,2006-02-01,elizabeth.harris527@example.edu,(880) 555-0189,3c5a3fc9ef6d1e5f463427d747c846a7,University of Wisconsin-Madison,Madison,WI,43.0766,-89.4125,Off-Campus Apartment,Sophomore,Information Systems,Milwaukee,WI,43.0389,-87.9065,Single,TRUE,255
U1186,Natalie,Okafor,Female,19,2007-05-24,natalie.okafor355@example.edu,(948) 555-0195,9bfa4885ed3e97d3db610d8c8b509e36,University of Wisconsin-Madison,Madison,WI,43.0766,-89.4125,Off-Campus Apartment,Freshman,Mechanical Engineering,Columbia,SC,34.0007,-81.0348,Single,FALSE,227
U1187,Harper,Nelson,Female,22,2004-12-17,harper.nelson316@example.edu,(850) 555-0171,56f597801b9ffb26959a1533bf4e3203,UCLA,Los Angeles,CA,34.0689,-118.4452,Off-Campus Apartment,Junior,Graphic Design,San Jose,CA,37.3382,-121.8863,Single,TRUE,286
U1188,Santiago,Castillo,Male,21,2005-06-18,santiago.castillo598@example.edu,(723) 555-0132,43e41c2e09e7039578dcdd611ff75a83,Florida State University,Tallahassee,FL,30.4419,-84.2985,University Apartment,Junior,Civil Engineering,Tampa,FL,27.9506,-82.4572,Single,FALSE,142
U1189,Ella,Thomas,Female,20,2006-10-20,ella.thomas931@example.edu,(800) 555-0155,adb9f25360b4f08abd014826a6c9a351,University of Minnesota,Minneapolis,MN,44.974,-93.2277,Dorm / Residence Hall,Junior,Kinesiology,Duluth,MN,46.7867,-92.1005,Prefer not to say,TRUE,239
U1190,Ethan,Gonzalez,Male,24,2002-10-03,ethan.gonzalez660@example.edu,(685) 555-0179,aae2b6454577cb9cd81358dc5b8cde3a,University of Michigan,Ann Arbor,MI,42.278,-83.7382,Off-Campus Apartment,Graduate,Communications,Indianapolis,IN,39.7684,-86.1581,Single,FALSE,143
U1191,Kinsley,Tran,Female,19,2007-09-12,kinsley.tran801@example.edu,(767) 555-0189,f0fc35224e6f5f4038b61ecd8135c95d,Arizona State University,Tempe,AZ,33.4242,-111.9281,Off-Campus Apartment,Freshman,Education,Mesa,AZ,33.4152,-111.8315,Single,FALSE,115
U1192,Marcus,Edwards,Male,20,2006-08-03,marcus.edwards264@example.edu,(671) 555-0186,74c8b188b0720c17fab724cd3c312398,University of Washington,Seattle,WA,47.6553,-122.3035,Dorm / Residence Hall,Junior,Computer Science,Omaha,NE,41.2565,-95.9345,Single,TRUE,238
U1193,Diego,Nelson,Male,21,2005-02-01,diego.nelson249@example.edu,(989) 555-0141,aa486a67004c3306934125f97a68104d,New York University,New York,NY,40.7295,-73.9965,University Apartment,Senior,History,Salt Lake City,UT,40.7608,-111.891,Single,TRUE,142
U1194,Raj,Watson,Male,18,2008-08-24,raj.watson965@example.edu,(912) 555-0101,e2f2ee48cb893e338bc1916bfe23715c,University of Georgia,Athens,GA,33.948,-83.3773,Off-Campus Apartment,Freshman,Nursing,Denver,CO,39.7392,-104.9903,Single,TRUE,92
U1195,Jasmine,Alvarez,Female,20,2006-12-25,jasmine.alvarez10@example.edu,(855) 555-0158,f9b14f7bf53da7744ddc988f51897ea7,University of Michigan,Ann Arbor,MI,42.278,-83.7382,University Apartment,Junior,Mechanical Engineering,Detroit,MI,42.3314,-83.0458,Single,TRUE,264
U1196,Natalie,Jackson,Female,24,2002-07-25,natalie.jackson583@example.edu,(438) 555-0187,2b35edd642e4bb752ef55a317a767867,Arizona State University,Tempe,AZ,33.4242,-111.9281,Off-Campus Apartment,Graduate,Kinesiology,Phoenix,AZ,33.4484,-112.074,In a relationship,TRUE,229
U1197,Gabriella,James,Female,19,2007-05-02,gabriella.james970@example.edu,(569) 555-0182,8877f44eebbf78f3bde4b33edcee4499,University of Washington,Seattle,WA,47.6553,-122.3035,Lives at Home,Sophomore,Information Systems,Bellevue,WA,47.6101,-122.2015,Single,TRUE,108
U1198,Owen,Taylor,Male,21,2005-06-20,owen.taylor213@example.edu,(684) 555-0122,796c85c9207cb428e002e98fb6b3d373,University of Georgia,Athens,GA,33.948,-83.3773,Off-Campus Apartment,Senior,English,Savannah,GA,32.0809,-81.0912,In a relationship,TRUE,172
U1199,Layla,Chavez,Female,21,2005-02-05,layla.chavez718@example.edu,(445) 555-0154,ec939eb7f057dd797f85c8bc60a50be1,University of Texas at Austin,Austin,TX,30.2849,-97.7341,Dorm / Residence Hall,Senior,Mechanical Engineering,Fort Worth,TX,32.7555,-97.3308,Single,TRUE,105
U1200,Ellie,Vargas,Female,19,2007-05-21,ellie.vargas895@example.edu,(400) 555-0120,2446699c1c42361882ddeb760c071955,UCLA,Los Angeles,CA,34.0689,-118.4452,University Apartment,Sophomore,Chemistry,Boston,MA,42.3601,-71.0589,Single,TRUE,204
U1201,Ximena,Adams,Female,22,2004-03-25,ximena.adams421@example.edu,(586) 555-0193,dd3cfb226a9d072b601b5cd46e785fd8,Arizona State University,Tempe,AZ,33.4242,-111.9281,Greek Housing,Senior,Psychology,Scottsdale,AZ,33.4942,-111.9261,Single,TRUE,538
U1202,Thomas,Wood,Male,18,2008-11-04,thomas.wood777@example.edu,(902) 555-0161,437a0f1ac76541bb6d2cecad87670b3d,Penn State University,State College,PA,40.7982,-77.8599,Off-Campus Apartment,Freshman,Criminal Justice,Portland,OR,45.5152,-122.6784,In a relationship,TRUE,227
U1203,Arjun,Yamamoto,Male,19,2007-02-06,arjun.yamamoto622@example.edu,(646) 555-0155,26535ae05507c2e9ffefe0192079b545,University of Florida,Gainesville,FL,29.6436,-82.3549,Dorm / Residence Hall,Sophomore,Business Administration,New Orleans,LA,29.9511,-90.0715,Single,TRUE,480
U1204,Madison,Walker,Female,22,2004-01-26,madison.walker653@example.edu,(722) 555-0149,f79f1430e2c1ed469d6620c7bbd9f342,Florida State University,Tallahassee,FL,30.4419,-84.2985,Dorm / Residence Hall,Junior,Nursing,Salt Lake City,UT,40.7608,-111.891,It's complicated,FALSE,331
U1205,William,Johnson,Male,25,2001-01-24,william.johnson352@example.edu,(249) 555-0125,cff6ef561e2181815cbc2c92b2a8447b,University of Michigan,Ann Arbor,MI,42.278,-83.7382,University Apartment,Graduate,Communications,Detroit,MI,42.3314,-83.0458,Single,TRUE,197
U1206,Nathan,Murray,Male,19,2007-11-01,nathan.murray498@example.edu,(625) 555-0173,21c21f61477783cfed60e4fb68bfe137,University of Florida,Gainesville,FL,29.6436,-82.3549,Greek Housing,Sophomore,Nursing,Tampa,FL,27.9506,-82.4572,Single,FALSE,183
U1207,Hunter,Martin,Male,21,2005-03-02,hunter.martin791@example.edu,(253) 555-0121,a5df52cae6c45db0c0d4d00ba8b3d577,University of Georgia,Athens,GA,33.948,-83.3773,Off-Campus Apartment,Junior,Accounting,Savannah,GA,32.0809,-81.0912,Single,TRUE,100
U1208,Ella,Peterson,Female,23,2003-01-16,ella.peterson988@example.edu,(588) 555-0167,d54cdc6eebbba85469bd2340328e2523,UCLA,Los Angeles,CA,34.0689,-118.4452,Off-Campus Apartment,Junior,Economics,Fresno,CA,36.7378,-119.7871,Single,FALSE,151
U1209,Madison,Alvarez,Female,18,2008-08-27,madison.alvarez58@example.edu,(435) 555-0163,0966cd288814d81d1e41466b3b1fb040,UCLA,Los Angeles,CA,34.0689,-118.4452,Off-Campus Apartment,Freshman,Information Systems,Irvine,CA,33.6846,-117.8265,In a relationship,TRUE,196
U1210,Simone,Clark,Female,19,2007-01-11,simone.clark687@example.edu,(941) 555-0108,2a02bd1b8e83254852fb40aa0f91491f,Arizona State University,Tempe,AZ,33.4242,-111.9281,Off-Campus Apartment,Sophomore,Environmental Science,Chicago,IL,41.8781,-87.6298,Single,TRUE,235
U1211,Axel,Cox,Male,19,2007-04-25,axel.cox239@example.edu,(963) 555-0119,57460aae7098313efa74ab249f6823d7,Texas A&M University,College Station,TX,30.6188,-96.3365,Off-Campus Apartment,Freshman,Biology,Plano,TX,33.0198,-96.6989,In a relationship,FALSE,304
U1212,Jeremiah,Taylor,Male,18,2008-09-11,jeremiah.taylor458@example.edu,(479) 555-0162,2f924b08d5e64ce11c91fdf5d18ec85f,University of Georgia,Athens,GA,33.948,-83.3773,University Apartment,Freshman,Sociology,Augusta,GA,33.4735,-82.0105,In a relationship,FALSE,106
U1213,Hazel,Moreau,Female,20,2006-06-08,hazel.moreau574@example.edu,(520) 555-0148,65bdc2e2aafe9322b754dac7069083f7,Penn State University,State College,PA,40.7982,-77.8599,University Apartment,Sophomore,Business Administration,Indianapolis,IN,39.7684,-86.1581,In a relationship,TRUE,146
U1214,Grace,Khan,Female,20,2006-01-24,grace.khan936@example.edu,(835) 555-0155,97d6ea1f3ea2116d14365b4eb24c3e49,University of Alabama,Tuscaloosa,AL,33.214,-87.5391,Dorm / Residence Hall,Sophomore,Psychology,Birmingham,AL,33.5186,-86.8104,Single,FALSE,523
U1215,Lincoln,Price,Male,23,2003-07-23,lincoln.price669@example.edu,(945) 555-0137,d70fff0ed57b69d022cc5456768c697c,University of Wisconsin-Madison,Madison,WI,43.0766,-89.4125,Off-Campus Apartment,Graduate,Education,Appleton,WI,44.2619,-88.4154,It's complicated,TRUE,237
U1216,Daniel,Campbell,Male,25,2001-11-04,daniel.campbell403@example.edu,(971) 555-0112,9d693fa2218bb12f8b16421b554c56a5,Florida State University,Tallahassee,FL,30.4419,-84.2985,University Apartment,Graduate,Finance,Jacksonville,FL,30.3322,-81.6557,Single,TRUE,538
U1217,Eleanor,Hernandez,Female,21,2005-02-07,eleanor.hernandez510@example.edu,(291) 555-0197,e3eeb8d620443ad277a78ba7eda51cb5,University of Florida,Gainesville,FL,29.6436,-82.3549,Off-Campus Apartment,Junior,Communications,Boston,MA,42.3601,-71.0589,Prefer not to say,TRUE,504
U1218,Addison,Khan,Female,19,2007-02-05,addison.khan376@example.edu,(546) 555-0182,a5ac0895642ab8600b3c0c6380f04b96,Arizona State University,Tempe,AZ,33.4242,-111.9281,Lives at Home,Sophomore,Kinesiology,Columbia,SC,34.0007,-81.0348,Single,TRUE,237
U1219,Omar,Kim,Male,22,2004-06-16,omar.kim710@example.edu,(533) 555-0156,fb6ddac77f5dba8e46ac87cd6f71d344,University of Texas at Austin,Austin,TX,30.2849,-97.7341,Off-Campus Apartment,Junior,Sociology,Newark,NJ,40.7357,-74.1724,Single,FALSE,284
U1220,Luke,Walker,Male,19,2007-04-14,luke.walker910@example.edu,(486) 555-0161,3cf26fce8bc216a9ccc7aa0433ac3199,Arizona State University,Tempe,AZ,33.4242,-111.9281,Lives at Home,Sophomore,Education,Indianapolis,IN,39.7684,-86.1581,In a relationship,TRUE,235
U1221,Simone,Evans,Female,20,2006-07-18,simone.evans939@example.edu,(656) 555-0168,2b639dbbcbc51352b4c475e5df2434eb,University of Washington,Seattle,WA,47.6553,-122.3035,Lives at Home,Junior,Music,Tacoma,WA,47.2529,-122.4443,It's complicated,TRUE,180
U1222,Luke,Johnson,Male,21,2005-05-19,luke.johnson146@example.edu,(536) 555-0167,93888b1802568a878579e68ca23a1d81,Arizona State University,Tempe,AZ,33.4242,-111.9281,Off-Campus Apartment,Junior,Accounting,Scottsdale,AZ,33.4942,-111.9261,In a relationship,TRUE,174
U1223,Imani,Martin,Female,18,2008-07-09,imani.martin16@example.edu,(471) 555-0117,512d8f1eeef7305a12f73df7db9df994,University of Texas at Austin,Austin,TX,30.2849,-97.7341,Greek Housing,Freshman,Biology,Oklahoma City,OK,35.4676,-97.5164,Single,TRUE,466
U1224,Sophia,Hernandez,Female,20,2006-07-20,sophia.hernandez455@example.edu,(865) 555-0164,0336616090fba389c486e8d51aef0f3b,Penn State University,State College,PA,40.7982,-77.8599,Off-Campus Apartment,Junior,Nursing,Allentown,PA,40.6084,-75.4902,Single,TRUE,131
U1225,Eli,Andersen,Male,18,2008-10-16,eli.andersen298@example.edu,(440) 555-0182,c5939a3276eaac8eb70278b2a929f308,University of Texas at Austin,Austin,TX,30.2849,-97.7341,Off-Campus Apartment,Freshman,Accounting,Fort Worth,TX,32.7555,-97.3308,In a relationship,FALSE,67
U1226,Lincoln,Watson,Male,21,2005-04-21,lincoln.watson699@example.edu,(769) 555-0163,34748719a0f1a46a4239ba39c488b8fa,University of Washington,Seattle,WA,47.6553,-122.3035,Off-Campus Apartment,Senior,Mathematics,Bellevue,WA,47.6101,-122.2015,Single,FALSE,360
U1227,Scarlett,Morgan,Female,22,2004-12-12,scarlett.morgan265@example.edu,(486) 555-0174,73940efec5fabc1ad85d6d51265fa3d4,Ohio State University,Columbus,OH,40.0067,-83.0305,Off-Campus Apartment,Senior,Marketing,Dayton,OH,39.7589,-84.1916,In a relationship,TRUE,111
U1228,Jamal,Virtanen,Male,21,2005-07-25,jamal.virtanen135@example.edu,(856) 555-0182,781cbe64322f818a90409aa1f8f39567,University of Michigan,Ann Arbor,MI,42.278,-83.7382,Dorm / Residence Hall,Junior,Economics,Nashville,TN,36.1627,-86.7816,Single,TRUE,179
U1229,Nathan,Lopez,Male,20,2006-12-13,nathan.lopez354@example.edu,(240) 555-0124,79c745fa114a33744a91610700a005c6,University of Alabama,Tuscaloosa,AL,33.214,-87.5391,Lives at Home,Junior,Marketing,Kansas City,MO,39.0997,-94.5786,It's complicated,TRUE,231
U1230,Omar,Evans,Male,22,2004-05-25,omar.evans394@example.edu,(719) 555-0131,c648be23d6821faafec608d41e269fda,University of Wisconsin-Madison,Madison,WI,43.0766,-89.4125,Dorm / Residence Hall,Junior,Biology,Kenosha,WI,42.5847,-87.8212,Single,FALSE,166
U1231,Leo,Ali,Male,21,2005-01-07,leo.ali421@example.edu,(676) 555-0167,b196d14e345773fe0427b6971577da10,University of Texas at Austin,Austin,TX,30.2849,-97.7341,Dorm / Residence Hall,Senior,Education,San Antonio,TX,29.4241,-98.4936,In a relationship,TRUE,112
U1232,Matthew,Parker,Male,21,2005-02-28,matthew.parker340@example.edu,(277) 555-0128,9bde79636422b02069d243cf113b1bbc,Florida State University,Tallahassee,FL,30.4419,-84.2985,Dorm / Residence Hall,Senior,English,Jacksonville,FL,30.3322,-81.6557,Single,TRUE,348
U1233,Nora,Fernandez,Female,20,2006-09-03,nora.fernandez148@example.edu,(582) 555-0174,fbe94aa1c401a7a148b3637e39d4f807,University of Washington,Seattle,WA,47.6553,-122.3035,Dorm / Residence Hall,Junior,Mathematics,Spokane,WA,47.6588,-117.426,Single,TRUE,471
U1234,Theodore,Foster,Male,19,2007-05-03,theodore.foster879@example.edu,(848) 555-0173,294a3d4416e7ea6f32da64267a8a498d,Florida State University,Tallahassee,FL,30.4419,-84.2985,Lives at Home,Sophomore,Economics,Miami,FL,25.7617,-80.1918,Single,TRUE,270
U1235,Elizabeth,Ivanov,Female,20,2006-04-11,elizabeth.ivanov628@example.edu,(425) 555-0128,169136e19edc7ba6725ad87fdbdf2628,Penn State University,State College,PA,40.7982,-77.8599,Dorm / Residence Hall,Junior,Information Systems,Erie,PA,42.1292,-80.0851,Single,TRUE,338
U1236,Gabriella,Williams,Female,18,2008-02-24,gabriella.williams318@example.edu,(811) 555-0190,bc854aeceac1a36451078a8922798fe2,Texas A&M University,College Station,TX,30.6188,-96.3365,Lives at Home,Freshman,Nursing,San Antonio,TX,29.4241,-98.4936,Single,TRUE,131
U1237,Tariq,Tran,Male,20,2006-12-14,tariq.tran684@example.edu,(291) 555-0100,406d6f441e4cd0bb797fdcd45f1e781d,Arizona State University,Tempe,AZ,33.4242,-111.9281,Dorm / Residence Hall,Junior,Communications,Phoenix,AZ,33.4484,-112.074,Single,FALSE,268
U1238,Destiny,Gray,Female,21,2005-11-13,destiny.gray60@example.edu,(884) 555-0162,36babb9b138d9607c63793a7ead15440,University of Washington,Seattle,WA,47.6553,-122.3035,Off-Campus Apartment,Sophomore,Finance,Spokane,WA,47.6588,-117.426,In a relationship,FALSE,216
U1239,Priya,Ramos,Female,19,2007-09-15,priya.ramos586@example.edu,(263) 555-0101,af47960d5a92e7ebd6edfe06c73f62c9,University of Georgia,Athens,GA,33.948,-83.3773,Dorm / Residence Hall,Freshman,Business Administration,Marietta,GA,33.9526,-84.5499,Single,TRUE,203
U1240,Nora,Wood,Female,18,2008-01-12,nora.wood707@example.edu,(951) 555-0157,126c3bf04b76bc00810074760df56cd8,Ohio State University,Columbus,OH,40.0067,-83.0305,Dorm / Residence Hall,Freshman,Business Administration,Portland,OR,45.5152,-122.6784,Single,FALSE,195
U1241,Maya,Perez,Female,20,2006-11-26,maya.perez738@example.edu,(972) 555-0170,e540961bc2551132ec969c2010857e11,UCLA,Los Angeles,CA,34.0689,-118.4452,University Apartment,Junior,Mechanical Engineering,Richmond,VA,37.5407,-77.436,Single,TRUE,60
U1242,Santiago,Cooper,Male,21,2005-01-06,santiago.cooper28@example.edu,(659) 555-0179,d6ed9af56657d28386c7a3e577254a0a,Florida State University,Tallahassee,FL,30.4419,-84.2985,Dorm / Residence Hall,Senior,Data Analytics,Las Vegas,NV,36.1699,-115.1398,Single,FALSE,238
U1243,Raj,Howard,Male,20,2006-12-07,raj.howard685@example.edu,(658) 555-0168,a73ca2bf332a01f935558ef737d7b571,Arizona State University,Tempe,AZ,33.4242,-111.9281,Lives at Home,Freshman,Economics,Chicago,IL,41.8781,-87.6298,Prefer not to say,FALSE,219
U1244,Alexander,Harris,Male,23,2003-05-05,alexander.harris701@example.edu,(660) 555-0179,2287b7144abe1148929dd7b70ff06105,University of Alabama,Tuscaloosa,AL,33.214,-87.5391,Off-Campus Apartment,Graduate,Nursing,Montgomery,AL,32.3668,-86.3,In a relationship,TRUE,350
U1245,Arjun,Hall,Male,23,2003-12-06,arjun.hall792@example.edu,(255) 555-0152,153133a258f2bc6419c3881bfc989bf3,University of Georgia,Athens,GA,33.948,-83.3773,Off-Campus Apartment,Graduate,Undeclared,Marietta,GA,33.9526,-84.5499,In a relationship,FALSE,184
U1246,Nolan,Flores,Male,22,2004-07-22,nolan.flores597@example.edu,(667) 555-0135,ea3adc594c8012e5cc51b4a8645651d3,University of Wisconsin-Madison,Madison,WI,43.0766,-89.4125,University Apartment,Senior,Undeclared,Chicago,IL,41.8781,-87.6298,In a relationship,FALSE,81
U1247,Aubrey,Alvarez,Female,19,2007-10-12,aubrey.alvarez597@example.edu,(466) 555-0133,c0eba62f057bf8a0cb313a819b712022,University of Michigan,Ann Arbor,MI,42.278,-83.7382,Dorm / Residence Hall,Freshman,Nursing,Grand Rapids,MI,42.9634,-85.6681,Prefer not to say,FALSE,233
U1248,Evelyn,Becker,Female,23,2003-02-17,evelyn.becker668@example.edu,(797) 555-0181,cf615bacf4cfd2d332bde5f9203817e1,University of Georgia,Athens,GA,33.948,-83.3773,Greek Housing,Senior,Criminal Justice,Atlanta,GA,33.749,-84.388,Single,FALSE,563
U1249,Bella,Foster,Female,20,2006-04-20,bella.foster161@example.edu,(831) 555-0163,4d297576658cef96829043218eb236ad,Arizona State University,Tempe,AZ,33.4242,-111.9281,Off-Campus Apartment,Sophomore,Political Science,Richmond,VA,37.5407,-77.436,Single,FALSE,281
U1250,Madelyn,Murray,Female,21,2005-10-17,madelyn.murray188@example.edu,(417) 555-0132,4e05ef2fa836779c1657d6486d71469e,Arizona State University,Tempe,AZ,33.4242,-111.9281,Dorm / Residence Hall,Junior,Biology,Scottsdale,AZ,33.4942,-111.9261,Single,TRUE,351
U1251,Nolan,Edwards,Male,19,2007-06-23,nolan.edwards108@example.edu,(891) 555-0159,b416d92877a6746d7627870f04e229dd,University of Florida,Gainesville,FL,29.6436,-82.3549,Dorm / Residence Hall,Freshman,Psychology,Tampa,FL,27.9506,-82.4572,In a relationship,FALSE,207
U1252,Lillian,Wilson,Female,20,2006-02-13,lillian.wilson997@example.edu,(793) 555-0176,61b2d0473bc1a98999c29dcf6bca6e6a,University of Wisconsin-Madison,Madison,WI,43.0766,-89.4125,Off-Campus Apartment,Junior,Marketing,Green Bay,WI,44.5133,-88.0133,Single,FALSE,138
U1253,Daniel,Myers,Male,24,2002-09-08,daniel.myers837@example.edu,(629) 555-0182,8765931d3d5fe72f9aef9ebbfd1edeca,UCLA,Los Angeles,CA,34.0689,-118.4452,Off-Campus Apartment,Graduate,Finance,Fresno,CA,36.7378,-119.7871,In a relationship,TRUE,110
U1254,Daniel,Santos,Male,23,2003-12-04,daniel.santos886@example.edu,(382) 555-0127,0d5e8ab0c48e08747c5ec96ab2907f73,University of Texas at Austin,Austin,TX,30.2849,-97.7341,Off-Campus Apartment,Graduate,Biology,San Antonio,TX,29.4241,-98.4936,In a relationship,TRUE,160
U1255,Ethan,Miller,Male,19,2007-07-03,ethan.miller638@example.edu,(469) 555-0142,911e7e5fe80029209aebe4e0c703a60d,Texas A&M University,College Station,TX,30.6188,-96.3365,Dorm / Residence Hall,Sophomore,Business Administration,El Paso,TX,31.7619,-106.485,In a relationship,TRUE,474
U1256,Savannah,Castillo,Female,19,2007-03-18,savannah.castillo999@example.edu,(224) 555-0124,274699966b5314ed78cd3f882b517634,University of Alabama,Tuscaloosa,AL,33.214,-87.5391,Off-Campus Apartment,Sophomore,Political Science,Mobile,AL,30.6954,-88.0399,Prefer not to say,FALSE,120
U1257,Stella,Cook,Female,19,2007-10-05,stella.cook437@example.edu,(829) 555-0128,44f39e210f76b8766d306992b4e40aff,New York University,New York,NY,40.7295,-73.9965,Lives at Home,Sophomore,Marketing,Brooklyn,NY,40.6782,-73.9442,Single,TRUE,431
U1258,Willow,Kowalski,Female,18,2008-02-07,willow.kowalski285@example.edu,(791) 555-0123,08a22220a7a760b48beb92decaa92832,Arizona State University,Tempe,AZ,33.4242,-111.9281,Lives at Home,Freshman,Communications,Scottsdale,AZ,33.4942,-111.9261,In a relationship,TRUE,162
U1259,Nia,Davis,Female,18,2008-12-13,nia.davis574@example.edu,(209) 555-0101,7c99410b4e13cfb47def3d26045dd403,University of Washington,Seattle,WA,47.6553,-122.3035,Off-Campus Apartment,Freshman,Education,Tacoma,WA,47.2529,-122.4443,Single,FALSE,227
U1260,Jonathan,Harris,Male,20,2006-10-02,jonathan.harris475@example.edu,(744) 555-0177,ee4112f43e7b71d017a5729f9bc2ec28,University of Minnesota,Minneapolis,MN,44.974,-93.2277,University Apartment,Sophomore,Biology,Indianapolis,IN,39.7684,-86.1581,Single,TRUE,324
U1261,Ximena,Hernandez,Female,18,2008-05-23,ximena.hernandez301@example.edu,(312) 555-0124,8c04c7d679ca3adf640bb325036880cc,University of Michigan,Ann Arbor,MI,42.278,-83.7382,Off-Campus Apartment,Freshman,Graphic Design,St. Louis,MO,38.627,-90.1994,In a relationship,FALSE,152
U1262,Easton,Myers,Male,18,2008-11-07,easton.myers297@example.edu,(656) 555-0182,0c1dc6df2be921350250b3c3c7593df0,University of Wisconsin-Madison,Madison,WI,43.0766,-89.4125,Off-Campus Apartment,Freshman,Undeclared,Milwaukee,WI,43.0389,-87.9065,In a relationship,TRUE,531
U1263,Luca,Davis,Male,19,2007-09-27,luca.davis15@example.edu,(912) 555-0127,f1c85b744d0e4a8accbc7e4120b5ac45,Texas A&M University,College Station,TX,30.6188,-96.3365,Lives at Home,Sophomore,Mathematics,Dallas,TX,32.7767,-96.797,Single,TRUE,349
U1264,Priya,Moore,Female,20,2006-08-23,priya.moore458@example.edu,(296) 555-0167,c417c11b72a58407f57ca2acbd822cf6,Florida State University,Tallahassee,FL,30.4419,-84.2985,Dorm / Residence Hall,Sophomore,Computer Science,Boise,ID,43.615,-116.2023,Prefer not to say,FALSE,129
U1265,Amelia,Allen,Female,21,2005-03-17,amelia.allen828@example.edu,(462) 555-0176,ca56d22c3184379ec1a2cf2cba4db363,University of Wisconsin-Madison,Madison,WI,43.0766,-89.4125,University Apartment,Senior,Criminal Justice,Milwaukee,WI,43.0389,-87.9065,In a relationship,TRUE,184
U1266,Lucas,Cox,Male,20,2006-09-28,lucas.cox425@example.edu,(873) 555-0121,344bd7e7265e501f6e79ebffe99f5172,University of Washington,Seattle,WA,47.6553,-122.3035,Off-Campus Apartment,Junior,Chemistry,Vancouver,WA,45.6387,-122.6615,It's complicated,FALSE,99
U1267,Stella,Wang,Female,19,2007-06-24,stella.wang35@example.edu,(212) 555-0177,b6d30e1b95f94f5a440f1fe010902269,Arizona State University,Tempe,AZ,33.4242,-111.9281,Greek Housing,Sophomore,Information Systems,Portland,OR,45.5152,-122.6784,Single,FALSE,341
U1268,Kai,Sanchez,Male,21,2005-11-01,kai.sanchez898@example.edu,(810) 555-0195,261d2a673fc453497b82b66fb651ffd4,University of Minnesota,Minneapolis,MN,44.974,-93.2277,Off-Campus Apartment,Senior,Journalism,Rochester,MN,44.0121,-92.4802,Single,TRUE,134
U1269,Sofia,Long,Female,20,2006-04-09,sofia.long703@example.edu,(249) 555-0117,4c1fe2907e132c13aa455bde88797e9e,Florida State University,Tallahassee,FL,30.4419,-84.2985,Greek Housing,Junior,Sociology,Orlando,FL,28.5384,-81.3789,In a relationship,TRUE,148
U1270,Nia,Fernandez,Female,18,2008-09-03,nia.fernandez804@example.edu,(429) 555-0137,a906f9fcb292f50a866c175a07671531,University of Washington,Seattle,WA,47.6553,-122.3035,Off-Campus Apartment,Freshman,Biology,Tacoma,WA,47.2529,-122.4443,In a relationship,TRUE,912
U1271,Brooklyn,Taylor,Female,20,2006-08-22,brooklyn.taylor422@example.edu,(372) 555-0179,0772834233075831d831318f7d624584,University of Michigan,Ann Arbor,MI,42.278,-83.7382,Dorm / Residence Hall,Sophomore,Business Administration,Chicago,IL,41.8781,-87.6298,Prefer not to say,TRUE,364
U1272,Malik,Morgan,Male,22,2004-04-03,malik.morgan82@example.edu,(872) 555-0112,9a97f12adefc7255217d1ab2f6b5afc9,Arizona State University,Tempe,AZ,33.4242,-111.9281,Dorm / Residence Hall,Senior,Kinesiology,St. Louis,MO,38.627,-90.1994,It's complicated,FALSE,176
U1273,Charlotte,Hill,Female,22,2004-03-18,charlotte.hill606@example.edu,(921) 555-0140,1a17f2b4c960f1e825e0ec436dca2990,Arizona State University,Tempe,AZ,33.4242,-111.9281,Dorm / Residence Hall,Junior,Music,Tucson,AZ,32.2226,-110.9747,Single,TRUE,98
U1274,Sofia,Jimenez,Female,25,2001-01-20,sofia.jimenez18@example.edu,(313) 555-0118,bbb6daaded6d7f49d5ad4191f3b0a511,Ohio State University,Columbus,OH,40.0067,-83.0305,University Apartment,Graduate,Graphic Design,Dayton,OH,39.7589,-84.1916,Single,TRUE,204
U1275,Wyatt,Pham,Male,21,2005-05-16,wyatt.pham357@example.edu,(841) 555-0180,cb4f9f5dea408433d73f652a1c5abaf2,University of Florida,Gainesville,FL,29.6436,-82.3549,Off-Campus Apartment,Junior,Nursing,Oklahoma City,OK,35.4676,-97.5164,In a relationship,FALSE,324
U1276,Eleanor,Fraser,Female,18,2008-03-23,eleanor.fraser459@example.edu,(669) 555-0129,1c55e354d18ef3bc81fc21734d3199fa,University of Michigan,Ann Arbor,MI,42.278,-83.7382,Dorm / Residence Hall,Freshman,Information Systems,Lansing,MI,42.7325,-84.5555,In a relationship,TRUE,102
U1277,Natalie,Watson,Female,20,2006-10-01,natalie.watson286@example.edu,(585) 555-0181,527ac41dd4187f9564718f45c426f0ff,University of Texas at Austin,Austin,TX,30.2849,-97.7341,Dorm / Residence Hall,Freshman,Education,El Paso,TX,31.7619,-106.485,In a relationship,FALSE,198
U1278,Jacob,Alvarez,Male,20,2006-12-13,jacob.alvarez1@example.edu,(825) 555-0113,9ec11411ab938a01dbcee6b086248e5e,University of Minnesota,Minneapolis,MN,44.974,-93.2277,Dorm / Residence Hall,Junior,Kinesiology,Duluth,MN,46.7867,-92.1005,Single,TRUE,194
U1279,Casey,Brown,Prefer not to say,18,2008-12-21,casey.brown510@example.edu,(324) 555-0166,e76e6d44f8f95746c57887cb606fa38f,Penn State University,State College,PA,40.7982,-77.8599,Dorm / Residence Hall,Freshman,Environmental Science,Allentown,PA,40.6084,-75.4902,Single,FALSE,95
U1280,Rowan,Flores,Non-binary,21,2005-03-05,rowan.flores186@example.edu,(453) 555-0144,38e87e36522d9902ff991c8902425416,University of Michigan,Ann Arbor,MI,42.278,-83.7382,Off-Campus Apartment,Junior,Education,Grand Rapids,MI,42.9634,-85.6681,It's complicated,TRUE,265
U1281,Ananya,Rivera,Female,19,2007-03-08,ananya.rivera939@example.edu,(815) 555-0199,ce8f3c63e2be255a9b5b022fed163dd1,University of Georgia,Athens,GA,33.948,-83.3773,Lives at Home,Sophomore,Undeclared,Atlanta,GA,33.749,-84.388,Prefer not to say,FALSE,684
U1282,Raj,Murray,Male,22,2004-12-19,raj.murray511@example.edu,(722) 555-0135,737e40925ef259dbe55d5f717c08a3f7,University of Texas at Austin,Austin,TX,30.2849,-97.7341,Off-Campus Apartment,Sophomore,Mathematics,Nashville,TN,36.1627,-86.7816,In a relationship,FALSE,130
U1283,Henry,Morales,Male,20,2006-11-19,henry.morales485@example.edu,(257) 555-0134,349bbc7b1d638f5a4a8374c9b5e62bc7,New York University,New York,NY,40.7295,-73.9965,Dorm / Residence Hall,Junior,Business Administration,Syracuse,NY,43.0481,-76.1474,Single,FALSE,303
U1284,Abigail,Moore,Female,21,2005-01-27,abigail.moore298@example.edu,(385) 555-0107,53d57e0fcc6b35d0534bf7dbb3db10e0,Arizona State University,Tempe,AZ,33.4242,-111.9281,Dorm / Residence Hall,Junior,Music,Hartford,CT,41.7658,-72.6734,It's complicated,TRUE,692
U1285,Skyler,Garcia,Non-binary,19,2007-03-16,skyler.garcia175@example.edu,(414) 555-0170,dd25faab79ae554b9e0479204fa17e1a,University of Minnesota,Minneapolis,MN,44.974,-93.2277,Dorm / Residence Hall,Sophomore,Business Administration,Duluth,MN,46.7867,-92.1005,It's complicated,TRUE,156
U1286,Mei,Howard,Female,19,2007-11-20,mei.howard464@example.edu,(826) 555-0113,69d71f27da2ae06242c472ceac1e5eee,Penn State University,State College,PA,40.7982,-77.8599,Off-Campus Apartment,Sophomore,Nursing,Erie,PA,42.1292,-80.0851,Single,TRUE,173
U1287,Isabella,Miller,Female,19,2007-07-22,isabella.miller865@example.edu,(655) 555-0114,4b6bbb3eced1d6cdd5697db4dc4cc1cf,University of Michigan,Ann Arbor,MI,42.278,-83.7382,Off-Campus Apartment,Sophomore,Mechanical Engineering,Detroit,MI,42.3314,-83.0458,In a relationship,TRUE,352
U1288,Aria,Santos,Female,18,2008-08-21,aria.santos679@example.edu,(266) 555-0182,e9622499ed762e4e6e31f1ee5530d675,UCLA,Los Angeles,CA,34.0689,-118.4452,Off-Campus Apartment,Freshman,Business Administration,Irvine,CA,33.6846,-117.8265,Single,TRUE,322
U1289,Penelope,Weber,Female,21,2005-03-02,penelope.weber699@example.edu,(450) 555-0199,4def0e075045dc864f71713a88a2508b,Texas A&M University,College Station,TX,30.6188,-96.3365,Dorm / Residence Hall,Senior,Accounting,Fort Worth,TX,32.7555,-97.3308,Single,TRUE,165
U1290,Marcus,Martinez,Male,20,2006-04-10,marcus.martinez593@example.edu,(283) 555-0163,b3344f56cb7a70275829de0cedd25037,University of Florida,Gainesville,FL,29.6436,-82.3549,Off-Campus Apartment,Junior,Biology,Miami,FL,25.7617,-80.1918,Single,TRUE,448
U1291,Sarah,Baker,Female,20,2006-02-25,sarah.baker699@example.edu,(513) 555-0198,1b4bc7da58ea76197b8a25b40ac2756b,New York University,New York,NY,40.7295,-73.9965,Off-Campus Apartment,Sophomore,Political Science,Columbia,SC,34.0007,-81.0348,Single,TRUE,556
U1292,Sarah,Kim,Female,20,2006-03-15,sarah.kim843@example.edu,(345) 555-0155,1e4d34172f75741c21fdd126cabc2d10,University of Georgia,Athens,GA,33.948,-83.3773,Off-Campus Apartment,Junior,Education,Louisville,KY,38.2527,-85.7585,Single,TRUE,316
U1293,Andrew,Weber,Male,21,2005-05-02,andrew.weber58@example.edu,(296) 555-0120,dd48ce25317979c1463214b3efa5bb32,Ohio State University,Columbus,OH,40.0067,-83.0305,Dorm / Residence Hall,Senior,Finance,Toledo,OH,41.6528,-83.5379,Single,FALSE,194
U1294,David,Bailey,Male,24,2002-02-03,david.bailey597@example.edu,(553) 555-0124,06fdd97889828dea947174272050b954,Arizona State University,Tempe,AZ,33.4242,-111.9281,Off-Campus Apartment,Graduate,Economics,Salt Lake City,UT,40.7608,-111.891,Single,TRUE,217
U1295,Miles,Ramos,Male,20,2006-11-09,miles.ramos617@example.edu,(595) 555-0135,7eae0b19a5190f81d3e8243ac9f66cc6,UCLA,Los Angeles,CA,34.0689,-118.4452,Greek Housing,Junior,Public Health,Louisville,KY,38.2527,-85.7585,Single,TRUE,273
U1296,Zoey,Larsen,Female,24,2002-05-21,zoey.larsen747@example.edu,(289) 555-0107,87ab2174b68cc720862f9718c5980cd1,University of Alabama,Tuscaloosa,AL,33.214,-87.5391,University Apartment,Graduate,Business Administration,Kansas City,MO,39.0997,-94.5786,Single,FALSE,97
U1297,Elias,Jones,Male,20,2006-06-26,elias.jones751@example.edu,(275) 555-0196,292a7da5d37228f51e304b78c3dfd440,Texas A&M University,College Station,TX,30.6188,-96.3365,Lives at Home,Sophomore,Accounting,Dallas,TX,32.7767,-96.797,Single,TRUE,476
U1298,Emilia,Gonzalez,Female,22,2004-01-22,emilia.gonzalez298@example.edu,(244) 555-0111,5fa399d13ac15c2cc0eff2e1edf5fc3a,University of Washington,Seattle,WA,47.6553,-122.3035,Off-Campus Apartment,Senior,Information Systems,Bellevue,WA,47.6101,-122.2015,In a relationship,FALSE,188
U1299,Aaron,Richardson,Male,19,2007-02-15,aaron.richardson588@example.edu,(297) 555-0176,47b70888b1e6dab895d2deddee860e8e,Arizona State University,Tempe,AZ,33.4242,-111.9281,University Apartment,Sophomore,English,Mesa,AZ,33.4152,-111.8315,It's complicated,FALSE,249
U1300,Nolan,Mitchell,Male,24,2002-05-13,nolan.mitchell649@example.edu,(876) 555-0175,d0ab0b518fdada459ff826a93006104f,New York University,New York,NY,40.7295,-73.9965,Lives at Home,Senior,Business Administration,Indianapolis,IN,39.7684,-86.1581,Single,TRUE,260
U1301,Emma,Green,Female,21,2005-05-11,emma.green606@example.edu,(345) 555-0193,f8aaf7563f73c3f672a0982e85ef2728,Ohio State University,Columbus,OH,40.0067,-83.0305,Dorm / Residence Hall,Senior,Graphic Design,Hartford,CT,41.7658,-72.6734,It's complicated,FALSE,159
U1302,Bella,Wilson,Female,19,2007-04-11,bella.wilson780@example.edu,(620) 555-0120,ee36b318313728cf65babb0fbb619810,University of Georgia,Athens,GA,33.948,-83.3773,Off-Campus Apartment,Sophomore,Mechanical Engineering,Atlanta,GA,33.749,-84.388,Single,TRUE,259
U1303,Audrey,Davis,Female,21,2005-11-06,audrey.davis568@example.edu,(308) 555-0127,3737b7107b250ecdd4964940b48d8a92,New York University,New York,NY,40.7295,-73.9965,Off-Campus Apartment,Senior,Kinesiology,Buffalo,NY,42.8864,-78.8784,Single,FALSE,361
U1304,Lillian,Hall,Female,23,2003-03-02,lillian.hall796@example.edu,(546) 555-0126,e52c80d2d7da68ca4d98f1b2cd743388,Texas A&M University,College Station,TX,30.6188,-96.3365,Off-Campus Apartment,Graduate,Education,Plano,TX,33.0198,-96.6989,In a relationship,FALSE,185
U1305,Diego,Alvarez,Male,21,2005-08-22,diego.alvarez790@example.edu,(688) 555-0144,147f3d5c6f271f45593b0cbce3f26847,Penn State University,State College,PA,40.7982,-77.8599,Off-Campus Apartment,Senior,Music,Erie,PA,42.1292,-80.0851,Prefer not to say,TRUE,176
U1306,Alexander,Davis,Male,23,2003-11-04,alexander.davis156@example.edu,(388) 555-0140,b5dbe2ff3d40c042aed64bf8551ca82d,University of Washington,Seattle,WA,47.6553,-122.3035,Off-Campus Apartment,Senior,Psychology,Spokane,WA,47.6588,-117.426,Single,FALSE,90
U1307,Brooklyn,Byrne,Female,22,2004-05-19,brooklyn.byrne987@example.edu,(806) 555-0176,1adc8997271fe735eb632d2b1bfcb947,University of Alabama,Tuscaloosa,AL,33.214,-87.5391,Off-Campus Apartment,Sophomore,Biology,Louisville,KY,38.2527,-85.7585,In a relationship,TRUE,705
U1308,Miles,Visser,Male,18,2008-01-20,miles.visser854@example.edu,(552) 555-0126,6c96770ad2fdd32a96cd5f018c2b063d,University of Washington,Seattle,WA,47.6553,-122.3035,Off-Campus Apartment,Freshman,Data Analytics,Hartford,CT,41.7658,-72.6734,Single,TRUE,645
U1309,Ananya,Miller,Female,23,2003-12-18,ananya.miller475@example.edu,(589) 555-0104,8d2b48a57a3145ee4a4e7435bb71b09a,University of Texas at Austin,Austin,TX,30.2849,-97.7341,Off-Campus Apartment,Graduate,Business Administration,San Antonio,TX,29.4241,-98.4936,In a relationship,FALSE,222
U1310,Zoey,Alvarez,Female,19,2007-05-12,zoey.alvarez518@example.edu,(940) 555-0183,9a4155cc94e68c73f617927a0df93261,University of Wisconsin-Madison,Madison,WI,43.0766,-89.4125,Dorm / Residence Hall,Sophomore,Undeclared,Newark,NJ,40.7357,-74.1724,It's complicated,FALSE,201
U1311,Elias,Long,Male,23,2003-07-19,elias.long275@example.edu,(561) 555-0190,8216bfa072256a50ae409b6cebf4c86d,University of Texas at Austin,Austin,TX,30.2849,-97.7341,Dorm / Residence Hall,Senior,Education,Dallas,TX,32.7767,-96.797,In a relationship,TRUE,259
U1312,Andre,Cooper,Male,22,2004-10-15,andre.cooper756@example.edu,(958) 555-0109,b01589650bc8bceb5545f8561113df70,Ohio State University,Columbus,OH,40.0067,-83.0305,Dorm / Residence Hall,Senior,Business Administration,Toledo,OH,41.6528,-83.5379,Single,FALSE,134
U1313,Henry,Kowalski,Male,21,2005-08-27,henry.kowalski618@example.edu,(968) 555-0115,594dfdae3435223147014731e5739750,University of Wisconsin-Madison,Madison,WI,43.0766,-89.4125,Dorm / Residence Hall,Senior,Undeclared,Denver,CO,39.7392,-104.9903,Single,TRUE,176
U1314,Oliver,Rivera,Male,20,2006-05-01,oliver.rivera498@example.edu,(305) 555-0124,c01c54577063942179d4d796625c6f2f,Texas A&M University,College Station,TX,30.6188,-96.3365,Off-Campus Apartment,Junior,Music,San Antonio,TX,29.4241,-98.4936,In a relationship,TRUE,114
U1315,Natalie,Martin,Female,19,2007-08-20,natalie.martin458@example.edu,(363) 555-0148,bf4fe56d5431e24dc00f0adcfc0e7e0c,Arizona State University,Tempe,AZ,33.4242,-111.9281,Greek Housing,Sophomore,Electrical Engineering,Phoenix,AZ,33.4484,-112.074,In a relationship,TRUE,107
U1316,Savannah,Ali,Female,21,2005-10-28,savannah.ali84@example.edu,(380) 555-0107,cb71f7f55d3d5ade1f4ce90de2cb64bf,University of Minnesota,Minneapolis,MN,44.974,-93.2277,Off-Campus Apartment,Junior,Business Administration,Rochester,MN,44.0121,-92.4802,In a relationship,TRUE,141
U1317,Savannah,Park,Female,24,2002-04-19,savannah.park367@example.edu,(643) 555-0124,d6f751a9e75c9a0bb2f908a20a84f430,University of Washington,Seattle,WA,47.6553,-122.3035,University Apartment,Graduate,Graphic Design,Tacoma,WA,47.2529,-122.4443,Single,TRUE,97
U1318,Emily,Roberts,Female,19,2007-06-20,emily.roberts689@example.edu,(987) 555-0188,d01627c6c843c7dc68db0bed070d97ab,New York University,New York,NY,40.7295,-73.9965,Lives at Home,Freshman,Music,Buffalo,NY,42.8864,-78.8784,In a relationship,FALSE,421
U1319,Ava,Smith,Female,18,2008-05-05,ava.smith178@example.edu,(863) 555-0196,dd28f7e77a5e7deb06786f11fa729707,University of Texas at Austin,Austin,TX,30.2849,-97.7341,Greek Housing,Freshman,Nursing,Houston,TX,29.7604,-95.3698,Single,FALSE,410
U1320,Caleb,Reed,Male,21,2005-06-03,caleb.reed756@example.edu,(755) 555-0107,d4ae43ad39f3ce9a5bd2f6d69cda2274,New York University,New York,NY,40.7295,-73.9965,Off-Campus Apartment,Senior,English,Louisville,KY,38.2527,-85.7585,Single,TRUE,125
U1321,Daniela,Bennett,Female,23,2003-11-05,daniela.bennett38@example.edu,(722) 555-0144,dea11b8de30dda39d1bad0fc00c46c8d,University of Georgia,Athens,GA,33.948,-83.3773,Off-Campus Apartment,Graduate,Graphic Design,Atlanta,GA,33.749,-84.388,Single,FALSE,558
U1322,Ella,Williams,Female,18,2008-08-17,ella.williams38@example.edu,(477) 555-0175,30599dacc65ea3b96498936d9a85c0bf,University of Florida,Gainesville,FL,29.6436,-82.3549,Off-Campus Apartment,Freshman,Business Administration,Orlando,FL,28.5384,-81.3789,In a relationship,TRUE,368
U1323,Easton,Clark,Male,18,2008-10-05,easton.clark578@example.edu,(724) 555-0163,f16f251b42b990757abe382b5d9e4df0,University of Michigan,Ann Arbor,MI,42.278,-83.7382,Dorm / Residence Hall,Freshman,Economics,Troy,MI,42.6064,-83.1498,In a relationship,TRUE,973
U1324,Jacob,Kim,Male,22,2004-07-12,jacob.kim804@example.edu,(233) 555-0109,ea9f1fb8ca7f14a2508bc79fe2d0b878,Ohio State University,Columbus,OH,40.0067,-83.0305,Greek Housing,Senior,Music,Cincinnati,OH,39.1031,-84.512,It's complicated,FALSE,204
U1325,Riley,Roberts,Female,21,2005-05-21,riley.roberts535@example.edu,(720) 555-0137,8f6b85a74df77a828931a331d9df4d17,Ohio State University,Columbus,OH,40.0067,-83.0305,Dorm / Residence Hall,Senior,Computer Science,Cleveland,OH,41.4993,-81.6944,In a relationship,TRUE,281
U1326,Emily,Ruiz,Female,21,2005-07-01,emily.ruiz571@example.edu,(494) 555-0101,926bc36ed07ded7cdda6ddbeac34b598,University of Michigan,Ann Arbor,MI,42.278,-83.7382,Off-Campus Apartment,Senior,Communications,Detroit,MI,42.3314,-83.0458,In a relationship,TRUE,155
U1327,Santiago,Moreau,Male,23,2003-10-15,santiago.moreau400@example.edu,(888) 555-0101,a8a399ca426315d0f26cc11e282a2a39,New York University,New York,NY,40.7295,-73.9965,Greek Housing,Junior,Accounting,Nashville,TN,36.1627,-86.7816,Single,FALSE,121
U1328,Mei,Pham,Female,22,2004-09-05,mei.pham424@example.edu,(959) 555-0181,9c335da9f7fb9981729425cbd4ab01e2,University of Alabama,Tuscaloosa,AL,33.214,-87.5391,Off-Campus Apartment,Senior,Graphic Design,Mobile,AL,30.6954,-88.0399,Single,FALSE,122
U1329,Jaxon,Roberts,Male,24,2002-09-14,jaxon.roberts322@example.edu,(727) 555-0121,68e458d9056b7babf8ddc5f1f6e72d6b,University of Washington,Seattle,WA,47.6553,-122.3035,Off-Campus Apartment,Graduate,Nursing,Tacoma,WA,47.2529,-122.4443,Prefer not to say,TRUE,107
U1330,Mason,Okafor,Male,18,2008-12-24,mason.okafor88@example.edu,(369) 555-0115,f5dfeff6aa6821dad50cb9f7c56c7b44,Texas A&M University,College Station,TX,30.6188,-96.3365,University Apartment,Freshman,Mathematics,Louisville,KY,38.2527,-85.7585,In a relationship,FALSE,67
U1331,Kai,Reed,Male,20,2006-10-12,kai.reed200@example.edu,(706) 555-0151,7bcfd7317e4082041cf44135f1971917,University of Minnesota,Minneapolis,MN,44.974,-93.2277,Lives at Home,Junior,History,Bloomington,MN,44.8408,-93.2983,Single,FALSE,229
U1332,Daniela,Hill,Female,18,2008-11-23,daniela.hill392@example.edu,(426) 555-0165,51b00ec5a5bbb32ca9fa1a271181f804,University of Washington,Seattle,WA,47.6553,-122.3035,Lives at Home,Freshman,Graphic Design,Tacoma,WA,47.2529,-122.4443,Single,TRUE,256
U1333,Evelyn,Ruiz,Female,20,2006-01-12,evelyn.ruiz205@example.edu,(659) 555-0111,3deb12f404437291d13b1c78323f17db,University of Florida,Gainesville,FL,29.6436,-82.3549,Greek Housing,Freshman,Education,Tampa,FL,27.9506,-82.4572,Single,FALSE,486
U1334,Avery,Jones,Female,19,2007-01-24,avery.jones42@example.edu,(859) 555-0102,8d09800995ab69a32ed252e788854afd,Ohio State University,Columbus,OH,40.0067,-83.0305,Off-Campus Apartment,Sophomore,Computer Science,Cincinnati,OH,39.1031,-84.512,Single,FALSE,246
U1335,Emilia,Lewis,Female,21,2005-09-10,emilia.lewis434@example.edu,(613) 555-0141,3f574b12beeb2c8a892635df4f09987a,University of Georgia,Athens,GA,33.948,-83.3773,University Apartment,Junior,Marketing,Oklahoma City,OK,35.4676,-97.5164,In a relationship,FALSE,394
U1336,Imani,Sanchez,Female,21,2005-11-24,imani.sanchez4@example.edu,(645) 555-0117,822554194429c4675ce6675edbb1b88b,University of Alabama,Tuscaloosa,AL,33.214,-87.5391,University Apartment,Senior,Marketing,Mobile,AL,30.6954,-88.0399,Single,FALSE,274
U1337,Jeremiah,Ivanov,Male,24,2002-07-19,jeremiah.ivanov681@example.edu,(984) 555-0139,97cb268e96749b104f8fada2934281b2,University of Michigan,Ann Arbor,MI,42.278,-83.7382,Off-Campus Apartment,Graduate,Data Analytics,Newark,NJ,40.7357,-74.1724,Single,FALSE,212
U1338,Imani,Davis,Female,22,2004-03-27,imani.davis806@example.edu,(804) 555-0155,29bdce04d5141768e9ad8812561e03ac,Arizona State University,Tempe,AZ,33.4242,-111.9281,University Apartment,Senior,Finance,Mesa,AZ,33.4152,-111.8315,Single,FALSE,142
U1339,Wei,Wright,Male,20,2006-10-10,wei.wright378@example.edu,(796) 555-0110,a5b06c9d82e0705c7596b60fe41ba022,University of Georgia,Athens,GA,33.948,-83.3773,Off-Campus Apartment,Junior,Mathematics,St. Louis,MO,38.627,-90.1994,Single,FALSE,234
U1340,Grayson,Perez,Male,20,2006-09-03,grayson.perez112@example.edu,(239) 555-0130,200b05b25a83458dda97defcc4f47d83,University of Georgia,Athens,GA,33.948,-83.3773,University Apartment,Junior,Data Analytics,Boise,ID,43.615,-116.2023,Single,FALSE,639
U1341,Sebastian,Castillo,Male,22,2004-04-08,sebastian.castillo64@example.edu,(285) 555-0137,536b82e1d6499e3bddeb3c0d52c53bc2,Penn State University,State College,PA,40.7982,-77.8599,Off-Campus Apartment,Senior,Education,Oklahoma City,OK,35.4676,-97.5164,In a relationship,FALSE,201
U1342,David,Hoffman,Male,21,2005-09-01,david.hoffman684@example.edu,(642) 555-0117,09a8a26a31dbb25f26d59dde67fc916e,University of Texas at Austin,Austin,TX,30.2849,-97.7341,Off-Campus Apartment,Senior,Psychology,Houston,TX,29.7604,-95.3698,Single,TRUE,533
U1343,Gabriella,Scott,Female,21,2005-03-24,gabriella.scott819@example.edu,(559) 555-0182,48d0fc9fbcc17fcc2ce33e111dd0c2a8,University of Alabama,Tuscaloosa,AL,33.214,-87.5391,Lives at Home,Senior,Communications,Las Vegas,NV,36.1699,-115.1398,Single,TRUE,242
U1344,Scarlett,Alvarez,Female,22,2004-02-27,scarlett.alvarez946@example.edu,(627) 555-0151,b30b9be54894aedc164023aa4ac5aac5,University of Texas at Austin,Austin,TX,30.2849,-97.7341,Lives at Home,Senior,Communications,Dallas,TX,32.7767,-96.797,Single,TRUE,376
U1345,Liam,Hughes,Male,21,2005-02-02,liam.hughes194@example.edu,(566) 555-0180,ec4c5fb39ba69e2e58f597a30c770c07,University of Alabama,Tuscaloosa,AL,33.214,-87.5391,Dorm / Residence Hall,Sophomore,Computer Science,Birmingham,AL,33.5186,-86.8104,Single,TRUE,202
U1346,Asher,Yamamoto,Male,21,2005-06-12,asher.yamamoto929@example.edu,(940) 555-0190,a5cf01527e6e3d1cac95cac39eaf9633,Ohio State University,Columbus,OH,40.0067,-83.0305,Dorm / Residence Hall,Junior,Electrical Engineering,Dayton,OH,39.7589,-84.1916,Single,TRUE,358
U1347,Michael,White,Male,19,2007-04-03,michael.white160@example.edu,(261) 555-0164,c5ef47a3ad66be2070ba90071f9db0a3,University of Minnesota,Minneapolis,MN,44.974,-93.2277,Greek Housing,Sophomore,Nursing,Oklahoma City,OK,35.4676,-97.5164,In a relationship,TRUE,426
U1348,Easton,Rodriguez,Male,21,2005-07-22,easton.rodriguez871@example.edu,(346) 555-0150,8093e08d501ab6c2680b5de0f4a7f140,University of Washington,Seattle,WA,47.6553,-122.3035,Dorm / Residence Hall,Sophomore,Political Science,Denver,CO,39.7392,-104.9903,It's complicated,TRUE,655
U1349,Charles,Watson,Male,19,2007-05-27,charles.watson962@example.edu,(948) 555-0163,ca3b4078e7157890d810e33afb763144,University of Michigan,Ann Arbor,MI,42.278,-83.7382,Dorm / Residence Hall,Sophomore,History,Lansing,MI,42.7325,-84.5555,Single,TRUE,212
U1350,William,Phillips,Male,20,2006-09-18,william.phillips977@example.edu,(617) 555-0109,6ee84445363c6aa692b30a785fb13ea4,Texas A&M University,College Station,TX,30.6188,-96.3365,Dorm / Residence Hall,Sophomore,Electrical Engineering,Plano,TX,33.0198,-96.6989,In a relationship,FALSE,394
U1351,Valentina,Rossi,Female,22,2004-01-18,valentina.rossi112@example.edu,(435) 555-0192,b9f4daaaf61cc0787ebe7c34e52cf336,New York University,New York,NY,40.7295,-73.9965,University Apartment,Senior,Information Systems,Rochester,NY,43.1566,-77.6088,In a relationship,TRUE,114
U1352,Christian,Torres,Male,21,2005-03-14,christian.torres142@example.edu,(465) 555-0168,e01d05167c35c1bfcb9a25df184f1bcf,Ohio State University,Columbus,OH,40.0067,-83.0305,Off-Campus Apartment,Senior,Undeclared,Toledo,OH,41.6528,-83.5379,In a relationship,FALSE,260
U1353,Hannah,Papadopoulos,Female,23,2003-03-11,hannah.papadopoulos650@example.edu,(237) 555-0123,707cf7d1d6d0f09d8fb200f3e56093fc,University of Michigan,Ann Arbor,MI,42.278,-83.7382,Off-Campus Apartment,Graduate,Computer Science,Detroit,MI,42.3314,-83.0458,Single,TRUE,102
U1354,Scarlett,Cook,Female,22,2004-03-03,scarlett.cook398@example.edu,(790) 555-0106,42339862e1e6f48b4bf47dd79b19f724,University of Texas at Austin,Austin,TX,30.2849,-97.7341,Dorm / Residence Hall,Senior,Finance,Indianapolis,IN,39.7684,-86.1581,In a relationship,TRUE,188
U1355,Emilia,Li,Female,18,2008-10-19,emilia.li419@example.edu,(790) 555-0194,abdb5f7c98a9b186928752ff5c87bbf1,University of Minnesota,Minneapolis,MN,44.974,-93.2277,Dorm / Residence Hall,Freshman,Nursing,Bloomington,MN,44.8408,-93.2983,In a relationship,FALSE,332
U1356,Sarah,Haddad,Female,21,2005-08-13,sarah.haddad486@example.edu,(237) 555-0155,ccd91e4fa98c84b60d6057d2e576586b,University of Texas at Austin,Austin,TX,30.2849,-97.7341,Dorm / Residence Hall,Junior,Business Administration,Denver,CO,39.7392,-104.9903,In a relationship,TRUE,295
U1357,Omar,Schmidt,Male,22,2004-03-23,omar.schmidt95@example.edu,(401) 555-0196,9feada3a823020c9f6cd24875401cb33,University of Wisconsin-Madison,Madison,WI,43.0766,-89.4125,Off-Campus Apartment,Junior,Political Science,Green Bay,WI,44.5133,-88.0133,It's complicated,FALSE,191
U1358,Sarah,Alvarez,Female,20,2006-11-28,sarah.alvarez858@example.edu,(987) 555-0124,4672a9cd3576709da2fa118db13b8a29,Ohio State University,Columbus,OH,40.0067,-83.0305,Off-Campus Apartment,Junior,Data Analytics,Toledo,OH,41.6528,-83.5379,Single,FALSE,434
U1359,Christian,Phillips,Male,18,2008-05-06,christian.phillips667@example.edu,(983) 555-0115,9cde795f8e69d8516324669c73330b83,Penn State University,State College,PA,40.7982,-77.8599,University Apartment,Freshman,English,Hartford,CT,41.7658,-72.6734,In a relationship,FALSE,184
U1360,Landon,Gutierrez,Male,19,2007-06-09,landon.gutierrez627@example.edu,(899) 555-0147,aa903c1f953bd06b424e574c6cccdaa4,University of Minnesota,Minneapolis,MN,44.974,-93.2277,Greek Housing,Sophomore,Accounting,Hartford,CT,41.7658,-72.6734,It's complicated,TRUE,320
U1361,Luna,Stewart,Female,22,2004-04-18,luna.stewart16@example.edu,(754) 555-0134,994ae4da1b1abd2fb41412df7aa8d54d,University of Texas at Austin,Austin,TX,30.2849,-97.7341,Dorm / Residence Hall,Senior,Information Systems,Plano,TX,33.0198,-96.6989,Single,TRUE,136
U1362,Fatima,Silva,Female,19,2007-04-13,fatima.silva839@example.edu,(470) 555-0166,8bc8b44122a2f761c7e03d1721e07eab,University of Wisconsin-Madison,Madison,WI,43.0766,-89.4125,Off-Campus Apartment,Sophomore,Electrical Engineering,Omaha,NE,41.2565,-95.9345,Prefer not to say,TRUE,223
U1363,Sarah,Lopez,Female,21,2005-05-01,sarah.lopez89@example.edu,(351) 555-0194,76be979e809cac9f4c5c0809e6c188f4,Florida State University,Tallahassee,FL,30.4419,-84.2985,University Apartment,Junior,Business Administration,Tampa,FL,27.9506,-82.4572,In a relationship,FALSE,189
U1364,Alexander,Thompson,Male,21,2005-07-12,alexander.thompson332@example.edu,(477) 555-0103,43f5762567aeeae7a2fc33c0d287791e,University of Washington,Seattle,WA,47.6553,-122.3035,Off-Campus Apartment,Senior,Education,Spokane,WA,47.6588,-117.426,In a relationship,TRUE,129
U1365,Harper,Diaz,Female,19,2007-08-27,harper.diaz240@example.edu,(916) 555-0136,7b2b49256f0cec328ff6cb893502c6c1,Ohio State University,Columbus,OH,40.0067,-83.0305,Dorm / Residence Hall,Freshman,Sociology,Cincinnati,OH,39.1031,-84.512,Single,TRUE,304
U1366,Victoria,Mensah,Female,21,2005-04-02,victoria.mensah98@example.edu,(458) 555-0103,8b1371f03c049b63bc1d9ede5034d7cf,Ohio State University,Columbus,OH,40.0067,-83.0305,Off-Campus Apartment,Senior,Information Systems,Dayton,OH,39.7589,-84.1916,In a relationship,TRUE,430
U1367,Phoenix,Turner,Non-binary,20,2006-07-11,phoenix.turner932@example.edu,(346) 555-0132,6a7639d6533b73957bdedee14e4b4152,New York University,New York,NY,40.7295,-73.9965,Dorm / Residence Hall,Junior,Nursing,Buffalo,NY,42.8864,-78.8784,Single,FALSE,292
U1368,Gabriella,Gutierrez,Female,19,2007-08-07,gabriella.gutierrez575@example.edu,(727) 555-0184,5947e21d743b3b74afdaf4390e568f5e,University of Texas at Austin,Austin,TX,30.2849,-97.7341,Off-Campus Apartment,Freshman,Data Analytics,Dallas,TX,32.7767,-96.797,Single,TRUE,306
U1369,Charlotte,Thomas,Female,18,2008-06-12,charlotte.thomas246@example.edu,(683) 555-0199,758a27f49a61b262a70b44bb414f9cca,University of Georgia,Athens,GA,33.948,-83.3773,Greek Housing,Freshman,Communications,Hartford,CT,41.7658,-72.6734,Single,FALSE,394
U1370,Ethan,Chen,Male,21,2005-03-17,ethan.chen37@example.edu,(671) 555-0156,8b13d1caa5cca42018a1408bf1adbdc7,Arizona State University,Tempe,AZ,33.4242,-111.9281,University Apartment,Junior,Business Administration,St. Louis,MO,38.627,-90.1994,Single,FALSE,446
U1371,Hazel,Flores,Female,20,2006-01-02,hazel.flores912@example.edu,(728) 555-0102,5be7f1620dbd3b5f04d223c3efe207a2,UCLA,Los Angeles,CA,34.0689,-118.4452,Off-Campus Apartment,Junior,Economics,Fresno,CA,36.7378,-119.7871,Prefer not to say,TRUE,613
U1372,Everly,Vargas,Female,21,2005-08-23,everly.vargas952@example.edu,(868) 555-0146,90a8ea79bb85d1f0e75b9bc937abe9c2,University of Florida,Gainesville,FL,29.6436,-82.3549,Off-Campus Apartment,Junior,Political Science,Orlando,FL,28.5384,-81.3789,Single,TRUE,136
U1373,Nora,Bailey,Female,20,2006-01-03,nora.bailey252@example.edu,(248) 555-0116,45119157f33fffc6209d3a065d15c7b4,Penn State University,State College,PA,40.7982,-77.8599,University Apartment,Sophomore,Data Analytics,Erie,PA,42.1292,-80.0851,In a relationship,FALSE,363
U1374,Allison,Byrne,Female,19,2007-04-09,allison.byrne319@example.edu,(440) 555-0152,e6202b643489343fb60bcf064c5b8e5d,University of Florida,Gainesville,FL,29.6436,-82.3549,Off-Campus Apartment,Freshman,Civil Engineering,Miami,FL,25.7617,-80.1918,Single,TRUE,152
U1375,Andre,Allen,Male,18,2008-09-10,andre.allen313@example.edu,(306) 555-0127,5831c266739fd879e78443d26a2bd0df,Arizona State University,Tempe,AZ,33.4242,-111.9281,Dorm / Residence Hall,Freshman,Kinesiology,Tucson,AZ,32.2226,-110.9747,It's complicated,TRUE,520
U1376,Zoey,Fraser,Female,19,2007-05-01,zoey.fraser390@example.edu,(777) 555-0176,91ec268767bdb8766ae0a365c2c3a461,UCLA,Los Angeles,CA,34.0689,-118.4452,University Apartment,Sophomore,Marketing,Irvine,CA,33.6846,-117.8265,Single,TRUE,487
U1377,Nathan,Chen,Male,19,2007-03-04,nathan.chen122@example.edu,(753) 555-0137,4c0d2b88230a2d20206d570f28c21a9d,University of Minnesota,Minneapolis,MN,44.974,-93.2277,Lives at Home,Freshman,Journalism,Chicago,IL,41.8781,-87.6298,In a relationship,TRUE,812
U1378,Leo,Brown,Male,22,2004-12-20,leo.brown45@example.edu,(355) 555-0193,4eade98fec701a2b55044e543e484a9c,Florida State University,Tallahassee,FL,30.4419,-84.2985,Off-Campus Apartment,Senior,Communications,Miami,FL,25.7617,-80.1918,Prefer not to say,TRUE,119
U1379,Natalie,Morgan,Female,22,2004-01-23,natalie.morgan725@example.edu,(757) 555-0143,b2ee615a055874ac400b57c9c7f1033a,University of Wisconsin-Madison,Madison,WI,43.0766,-89.4125,Dorm / Residence Hall,Senior,Business Administration,Richmond,VA,37.5407,-77.436,Single,TRUE,545
U1380,Savannah,Rivera,Female,21,2005-10-18,savannah.rivera107@example.edu,(808) 555-0176,0afe0a40c8ccb254fdaed553d0dcd5f5,University of Texas at Austin,Austin,TX,30.2849,-97.7341,Dorm / Residence Hall,Freshman,Environmental Science,Fort Worth,TX,32.7555,-97.3308,Single,TRUE,247
U1381,Amelia,Morris,Female,22,2004-02-06,amelia.morris90@example.edu,(601) 555-0139,ed326cb852afc487355a66436aa61fac,University of Minnesota,Minneapolis,MN,44.974,-93.2277,Lives at Home,Senior,Business Administration,St. Paul,MN,44.9537,-93.09,Single,TRUE,231
U1382,Ximena,Smith,Female,20,2006-07-26,ximena.smith512@example.edu,(296) 555-0181,a438a7f9d5da5832687b7c1d17e66e18,University of Florida,Gainesville,FL,29.6436,-82.3549,Off-Campus Apartment,Junior,Graphic Design,Jacksonville,FL,30.3322,-81.6557,In a relationship,TRUE,108
U1383,Destiny,Fernandez,Female,19,2007-10-25,destiny.fernandez201@example.edu,(826) 555-0137,a0ce411fe4de5daa6f463d498597958a,Penn State University,State College,PA,40.7982,-77.8599,Off-Campus Apartment,Sophomore,Chemistry,Louisville,KY,38.2527,-85.7585,In a relationship,TRUE,132
U1384,Luke,Kelly,Male,21,2005-08-02,luke.kelly58@example.edu,(688) 555-0172,c66b5be3b63cbd302d4e89864beb89da,University of Michigan,Ann Arbor,MI,42.278,-83.7382,Dorm / Residence Hall,Senior,Computer Science,Lansing,MI,42.7325,-84.5555,It's complicated,FALSE,244
U1385,Imani,Wagner,Female,18,2008-08-13,imani.wagner23@example.edu,(577) 555-0184,c27849929a51f8a958df56b0657e2cea,University of Michigan,Ann Arbor,MI,42.278,-83.7382,Dorm / Residence Hall,Freshman,Economics,Grand Rapids,MI,42.9634,-85.6681,Single,FALSE,260
U1386,Mateo,Kim,Male,26,2000-09-16,mateo.kim215@example.edu,(824) 555-0107,6e2b28b89c9475983a0683b43e71b950,Ohio State University,Columbus,OH,40.0067,-83.0305,Off-Campus Apartment,Graduate,Nursing,Charlotte,NC,35.2271,-80.8431,Single,FALSE,259
U1387,Naomi,Wilson,Female,21,2005-02-09,naomi.wilson117@example.edu,(521) 555-0171,8f79edeec96490502f85ca2f0c15a4b8,University of Washington,Seattle,WA,47.6553,-122.3035,Off-Campus Apartment,Senior,Mathematics,Vancouver,WA,45.6387,-122.6615,In a relationship,TRUE,164
U1388,Cameron,Smith,Male,23,2003-05-15,cameron.smith705@example.edu,(206) 555-0145,4e965f8d645a98bb12f5ab20a6fad7f7,University of Wisconsin-Madison,Madison,WI,43.0766,-89.4125,Off-Campus Apartment,Graduate,English,Hartford,CT,41.7658,-72.6734,In a relationship,TRUE,214
U1389,Christopher,Castillo,Male,21,2005-04-11,christopher.castillo189@example.edu,(860) 555-0182,10a82f7273568b9c0f8dba900c24a751,Texas A&M University,College Station,TX,30.6188,-96.3365,Off-Campus Apartment,Senior,Political Science,Dallas,TX,32.7767,-96.797,Single,FALSE,61
U1390,Ananya,Collins,Female,21,2005-04-02,ananya.collins890@example.edu,(491) 555-0196,639db4ffa4e98edc33f2fa960dc02e51,University of Florida,Gainesville,FL,29.6436,-82.3549,Off-Campus Apartment,Senior,Sociology,Richmond,VA,37.5407,-77.436,Single,FALSE,254
U1391,Levi,Gomez,Male,20,2006-11-07,levi.gomez829@example.edu,(399) 555-0129,611940d21031def14357bf7d2d9482f2,University of Texas at Austin,Austin,TX,30.2849,-97.7341,Dorm / Residence Hall,Junior,Finance,Denver,CO,39.7392,-104.9903,Single,TRUE,379
U1392,Leah,Wilson,Female,19,2007-11-15,leah.wilson55@example.edu,(803) 555-0121,62ee60d60531fb79ea4c377d8cc657b0,New York University,New York,NY,40.7295,-73.9965,Greek Housing,Sophomore,Biology,Salt Lake City,UT,40.7608,-111.891,Single,FALSE,189
U1393,Owen,Andersen,Male,19,2007-01-18,owen.andersen190@example.edu,(263) 555-0110,8d517b5902294e4f2f7811735e0b72e9,Ohio State University,Columbus,OH,40.0067,-83.0305,University Apartment,Sophomore,Electrical Engineering,Cleveland,OH,41.4993,-81.6944,In a relationship,TRUE,656
U1394,Jin,Roberts,Male,21,2005-02-06,jin.roberts578@example.edu,(697) 555-0186,77636b4fb91ae69185007f5baec1b0a0,University of Georgia,Athens,GA,33.948,-83.3773,Lives at Home,Sophomore,Information Systems,Oklahoma City,OK,35.4676,-97.5164,In a relationship,TRUE,222
U1395,Levi,Chavez,Male,19,2007-02-24,levi.chavez260@example.edu,(919) 555-0113,d3a986dec3b7b91d4caa8392caa11d9c,University of Washington,Seattle,WA,47.6553,-122.3035,Off-Campus Apartment,Sophomore,Environmental Science,Vancouver,WA,45.6387,-122.6615,Single,TRUE,120
U1396,Hazel,Nguyen,Female,22,2004-09-22,hazel.nguyen696@example.edu,(291) 555-0185,d1a6abe3dc4ee9ba3748ba974d4906cd,University of Alabama,Tuscaloosa,AL,33.214,-87.5391,Off-Campus Apartment,Junior,Economics,Boise,ID,43.615,-116.2023,In a relationship,FALSE,206
U1397,Camila,Mitchell,Female,20,2006-11-17,camila.mitchell80@example.edu,(229) 555-0109,400704b35bcbbbe5382c77bf48590e59,University of Texas at Austin,Austin,TX,30.2849,-97.7341,Greek Housing,Junior,Political Science,San Antonio,TX,29.4241,-98.4936,In a relationship,TRUE,60
U1398,Aaron,Wood,Male,22,2004-01-06,aaron.wood826@example.edu,(399) 555-0176,bffcf6abd5b9755c8ddfff43c882ce1f,University of Texas at Austin,Austin,TX,30.2849,-97.7341,University Apartment,Senior,Criminal Justice,Houston,TX,29.7604,-95.3698,Single,TRUE,168
U1399,Priya,Walker,Female,21,2005-03-20,priya.walker480@example.edu,(491) 555-0182,a7337efd4a9abf148d204c2cbf3012f8,University of Georgia,Athens,GA,33.948,-83.3773,Greek Housing,Junior,History,Marietta,GA,33.9526,-84.5499,Single,TRUE,152
U1400,Tariq,Taylor,Male,19,2007-05-13,tariq.taylor228@example.edu,(679) 555-0157,220a2b6a0ac0ff912558fa031b752178,University of Georgia,Athens,GA,33.948,-83.3773,Greek Housing,Freshman,Communications,Savannah,GA,32.0809,-81.0912,In a relationship,FALSE,408
U1401,Ethan,Ramos,Male,24,2002-08-04,ethan.ramos886@example.edu,(259) 555-0123,3818c49f20ebe6e348f584c29d644ac2,University of Michigan,Ann Arbor,MI,42.278,-83.7382,Off-Campus Apartment,Graduate,History,Grand Rapids,MI,42.9634,-85.6681,Single,TRUE,174
U1402,Kennedy,Rossi,Female,19,2007-08-04,kennedy.rossi950@example.edu,(557) 555-0116,f86debb0e1ca14ca014a43f54d79415a,UCLA,Los Angeles,CA,34.0689,-118.4452,Lives at Home,Sophomore,Kinesiology,Denver,CO,39.7392,-104.9903,In a relationship,FALSE,512
U1403,Sarah,Richardson,Female,21,2005-05-08,sarah.richardson27@example.edu,(811) 555-0164,fe7dfe42f5c0e354d29ae3a67458102a,University of Texas at Austin,Austin,TX,30.2849,-97.7341,Lives at Home,Senior,Business Administration,Fort Worth,TX,32.7555,-97.3308,In a relationship,FALSE,264
U1404,Alex,Bailey,Prefer not to say,20,2006-10-05,alex.bailey79@example.edu,(336) 555-0164,292652baf51cb930018d3ad833eaee37,Texas A&M University,College Station,TX,30.6188,-96.3365,Lives at Home,Junior,Graphic Design,Charlotte,NC,35.2271,-80.8431,In a relationship,FALSE,152
U1405,Chloe,Virtanen,Female,19,2007-08-20,chloe.virtanen581@example.edu,(447) 555-0189,ce1931648cae688f45416d399d5513fc,Ohio State University,Columbus,OH,40.0067,-83.0305,Lives at Home,Sophomore,Criminal Justice,Dayton,OH,39.7589,-84.1916,Single,FALSE,424
U1406,Allison,Chen,Female,19,2007-04-22,allison.chen732@example.edu,(810) 555-0102,d0eda1c5172364a05051b624e786ede2,University of Florida,Gainesville,FL,29.6436,-82.3549,Greek Housing,Freshman,Economics,Miami,FL,25.7617,-80.1918,Single,TRUE,590
U1407,Sebastian,Oliveira,Male,21,2005-12-09,sebastian.oliveira65@example.edu,(919) 555-0136,d87d253e2cba5309e5423460cdd25249,University of Texas at Austin,Austin,TX,30.2849,-97.7341,Dorm / Residence Hall,Junior,Public Health,San Antonio,TX,29.4241,-98.4936,Single,TRUE,155
U1408,Willow,Visser,Female,19,2007-01-15,willow.visser84@example.edu,(282) 555-0129,f51398badd123c45cda4e655480d1249,University of Michigan,Ann Arbor,MI,42.278,-83.7382,Off-Campus Apartment,Sophomore,Civil Engineering,Troy,MI,42.6064,-83.1498,Single,TRUE,255
U1409,Gabriella,Ortiz,Female,23,2003-08-08,gabriella.ortiz741@example.edu,(335) 555-0159,e970ec451026ae72ab557b18489c1776,Penn State University,State College,PA,40.7982,-77.8599,Off-Campus Apartment,Graduate,Accounting,Nashville,TN,36.1627,-86.7816,Single,FALSE,254
U1410,Elizabeth,Morales,Female,21,2005-02-14,elizabeth.morales930@example.edu,(957) 555-0140,f31a246e742cd126f5eebf6695e0af18,Ohio State University,Columbus,OH,40.0067,-83.0305,Lives at Home,Junior,Kinesiology,Cleveland,OH,41.4993,-81.6944,Single,FALSE,352
U1411,Thomas,Thomas,Male,19,2007-08-26,thomas.thomas355@example.edu,(455) 555-0143,26c056745dba557157481fa473fe64bf,University of Wisconsin-Madison,Madison,WI,43.0766,-89.4125,Dorm / Residence Hall,Sophomore,Psychology,Appleton,WI,44.2619,-88.4154,Single,TRUE,171
U1412,Kai,Choi,Male,21,2005-03-07,kai.choi6@example.edu,(733) 555-0163,9abfdb5ca8f9a3a4a04f42d93f4678a6,University of Florida,Gainesville,FL,29.6436,-82.3549,Dorm / Residence Hall,Senior,Finance,Columbia,SC,34.0007,-81.0348,Single,TRUE,175
U1413,Mohammed,Ross,Male,22,2004-12-27,mohammed.ross929@example.edu,(520) 555-0142,b5fccb133ded07edb1aa02ff43f963ae,Texas A&M University,College Station,TX,30.6188,-96.3365,Off-Campus Apartment,Senior,Kinesiology,Fort Worth,TX,32.7555,-97.3308,Single,TRUE,280
U1414,Theodore,Ruiz,Male,20,2006-06-27,theodore.ruiz985@example.edu,(964) 555-0182,bdbac6bba6fdd1a052b20580795c2f1c,Texas A&M University,College Station,TX,30.6188,-96.3365,Off-Campus Apartment,Sophomore,Mathematics,Plano,TX,33.0198,-96.6989,In a relationship,TRUE,285
U1415,Riley,Ramirez,Female,18,2008-12-24,riley.ramirez785@example.edu,(745) 555-0152,e9126fce170392ca02dd290d61a5f511,Texas A&M University,College Station,TX,30.6188,-96.3365,Off-Campus Apartment,Freshman,Mathematics,Fort Worth,TX,32.7555,-97.3308,In a relationship,FALSE,259
U1416,Madelyn,Hernandez,Female,20,2006-06-18,madelyn.hernandez904@example.edu,(509) 555-0121,36058c73e59a922b62c39331f7b94049,University of Minnesota,Minneapolis,MN,44.974,-93.2277,Dorm / Residence Hall,Sophomore,Graphic Design,Rochester,MN,44.0121,-92.4802,Single,FALSE,137
U1417,Aurora,Baker,Female,22,2004-03-01,aurora.baker361@example.edu,(443) 555-0126,0e8a421384bf2743268ae2bf73ac83c6,Arizona State University,Tempe,AZ,33.4242,-111.9281,Off-Campus Apartment,Senior,Economics,Omaha,NE,41.2565,-95.9345,Single,TRUE,109
U1418,Landon,Morales,Male,19,2007-08-01,landon.morales417@example.edu,(633) 555-0188,31b2eebf34fe8570390959b9c09d84cf,Ohio State University,Columbus,OH,40.0067,-83.0305,Dorm / Residence Hall,Sophomore,Mathematics,Toledo,OH,41.6528,-83.5379,Single,TRUE,276
U1419,Wei,Perez,Male,21,2005-11-13,wei.perez189@example.edu,(770) 555-0172,e8e92036faeb0804dec1239261e68a44,University of Florida,Gainesville,FL,29.6436,-82.3549,University Apartment,Senior,History,Miami,FL,25.7617,-80.1918,Single,TRUE,353
U1420,Skylar,Le,Female,20,2006-08-25,skylar.le33@example.edu,(957) 555-0162,b003e86c91b04ec41d5ba96581efc4a1,Ohio State University,Columbus,OH,40.0067,-83.0305,Off-Campus Apartment,Sophomore,Chemistry,Dayton,OH,39.7589,-84.1916,In a relationship,TRUE,79
U1421,Eli,Gutierrez,Male,20,2006-05-13,eli.gutierrez619@example.edu,(469) 555-0167,763d358f88f5ded51fd08f1431df63a3,University of Texas at Austin,Austin,TX,30.2849,-97.7341,Dorm / Residence Hall,Junior,Data Analytics,San Antonio,TX,29.4241,-98.4936,In a relationship,TRUE,121
U1422,Harper,Le,Female,23,2003-07-11,harper.le418@example.edu,(611) 555-0168,a8a369985ce182450869e702e4864345,University of Georgia,Athens,GA,33.948,-83.3773,Off-Campus Apartment,Graduate,Data Analytics,Savannah,GA,32.0809,-81.0912,In a relationship,FALSE,105
U1423,Liam,Hansen,Male,20,2006-10-06,liam.hansen665@example.edu,(240) 555-0148,8a730c7956c3419795834e6f67917bb8,University of Texas at Austin,Austin,TX,30.2849,-97.7341,Off-Campus Apartment,Junior,Chemistry,Boston,MA,42.3601,-71.0589,Single,TRUE,167
U1424,Asher,Hernandez,Male,20,2006-09-03,asher.hernandez605@example.edu,(562) 555-0167,097188814c58b931101249ce974c8ac6,Penn State University,State College,PA,40.7982,-77.8599,University Apartment,Junior,Mechanical Engineering,Erie,PA,42.1292,-80.0851,Prefer not to say,TRUE,326
U1425,Charlotte,Carter,Female,20,2006-11-23,charlotte.carter35@example.edu,(682) 555-0139,3bba5c492fe8946d4be0d33f74fe8833,University of Michigan,Ann Arbor,MI,42.278,-83.7382,University Apartment,Sophomore,Nursing,Denver,CO,39.7392,-104.9903,Single,TRUE,337
U1426,Ximena,Perez,Female,20,2006-08-12,ximena.perez981@example.edu,(644) 555-0178,259f95ffcc10fe15a678cdf688a826f8,University of Florida,Gainesville,FL,29.6436,-82.3549,Off-Campus Apartment,Sophomore,Economics,Orlando,FL,28.5384,-81.3789,Single,TRUE,245
U1427,James,Miller,Male,23,2003-07-05,james.miller665@example.edu,(311) 555-0173,2e14d03f1eea1371c370b6431da763f2,Texas A&M University,College Station,TX,30.6188,-96.3365,Off-Campus Apartment,Junior,Education,Houston,TX,29.7604,-95.3698,Single,TRUE,102
U1428,Priya,Watson,Female,19,2007-12-25,priya.watson919@example.edu,(600) 555-0159,99631b313b75108e239052d61667bc46,Ohio State University,Columbus,OH,40.0067,-83.0305,Dorm / Residence Hall,Sophomore,Chemistry,Dayton,OH,39.7589,-84.1916,In a relationship,TRUE,84
U1429,Raj,Morgan,Male,20,2006-09-18,raj.morgan202@example.edu,(821) 555-0119,4bffd33d44e5105ddd74c806497c3dd1,University of Alabama,Tuscaloosa,AL,33.214,-87.5391,Dorm / Residence Hall,Junior,Psychology,Birmingham,AL,33.5186,-86.8104,Single,FALSE,272
U1430,Raj,Diaz,Male,20,2006-07-16,raj.diaz992@example.edu,(812) 555-0162,d3241d71993fd36f7c131c76efad8b8e,UCLA,Los Angeles,CA,34.0689,-118.4452,Off-Campus Apartment,Freshman,Environmental Science,San Diego,CA,32.7157,-117.1611,Single,TRUE,84
U1431,Tariq,Roberts,Male,24,2002-11-27,tariq.roberts266@example.edu,(773) 555-0105,c35502c1c8a17ff74fbcb07df41e032a,Texas A&M University,College Station,TX,30.6188,-96.3365,University Apartment,Graduate,Undeclared,Las Vegas,NV,36.1699,-115.1398,Prefer not to say,TRUE,318
U1432,David,Becker,Male,20,2006-08-28,david.becker911@example.edu,(402) 555-0129,a23503186fdfda0af5b3d429fcfc709c,University of Georgia,Athens,GA,33.948,-83.3773,Off-Campus Apartment,Junior,Criminal Justice,Marietta,GA,33.9526,-84.5499,Single,TRUE,119
U1433,Mason,Walsh,Male,23,2003-03-17,mason.walsh774@example.edu,(301) 555-0137,67a17e26734852a245aa2c7a2ae42c47,Ohio State University,Columbus,OH,40.0067,-83.0305,Greek Housing,Senior,Communications,Cleveland,OH,41.4993,-81.6944,Single,TRUE,119
U1434,Kennedy,Ali,Female,18,2008-09-03,kennedy.ali380@example.edu,(843) 555-0155,f60f059f81a12cecaf6a27aeaba665f5,University of Florida,Gainesville,FL,29.6436,-82.3549,Off-Campus Apartment,Freshman,Civil Engineering,Jacksonville,FL,30.3322,-81.6557,In a relationship,FALSE,91
U1435,Madison,Rodriguez,Female,18,2008-10-05,madison.rodriguez336@example.edu,(758) 555-0141,0f347b0c1abce6c412bb84ec040a948f,University of Florida,Gainesville,FL,29.6436,-82.3549,Dorm / Residence Hall,Freshman,Psychology,Jacksonville,FL,30.3322,-81.6557,Single,TRUE,154
U1436,Mei,Wagner,Female,19,2007-05-15,mei.wagner692@example.edu,(287) 555-0158,9900c75456ed4ccc7ff6776a275d6845,Texas A&M University,College Station,TX,30.6188,-96.3365,Dorm / Residence Hall,Freshman,Psychology,Dallas,TX,32.7767,-96.797,Single,TRUE,225
U1437,Violet,Rodriguez,Female,21,2005-03-02,violet.rodriguez834@example.edu,(856) 555-0137,75d6ba8f6fc3aeeb5890dece3751efc3,University of Michigan,Ann Arbor,MI,42.278,-83.7382,Dorm / Residence Hall,Sophomore,English,Troy,MI,42.6064,-83.1498,It's complicated,FALSE,161
U1438,Adrian,Hoffman,Male,23,2003-07-08,adrian.hoffman232@example.edu,(806) 555-0187,026f81c6335d82d9c1884709bd6f0d64,University of Georgia,Athens,GA,33.948,-83.3773,Off-Campus Apartment,Graduate,Nursing,Savannah,GA,32.0809,-81.0912,In a relationship,TRUE,186
U1439,Robert,Thompson,Male,19,2007-11-15,robert.thompson87@example.edu,(562) 555-0113,f29b528a0f86a92fd37534c8ab35184a,Ohio State University,Columbus,OH,40.0067,-83.0305,Dorm / Residence Hall,Sophomore,Biology,Indianapolis,IN,39.7684,-86.1581,Single,TRUE,311
U1440,Jacob,Ivanov,Male,21,2005-10-07,jacob.ivanov892@example.edu,(471) 555-0162,42c859170d915bc129a3b6a1a4b4a3ad,University of Alabama,Tuscaloosa,AL,33.214,-87.5391,Off-Campus Apartment,Senior,Nursing,Mobile,AL,30.6954,-88.0399,In a relationship,FALSE,97
U1441,Gabriel,Sharma,Male,21,2005-10-15,gabriel.sharma94@example.edu,(909) 555-0112,8ae161569db010ea71468d8c8bcd2890,Penn State University,State College,PA,40.7982,-77.8599,Dorm / Residence Hall,Junior,Computer Science,Allentown,PA,40.6084,-75.4902,Single,TRUE,293
U1442,Henry,Osei,Male,23,2003-11-02,henry.osei109@example.edu,(970) 555-0122,5a0810edf1926ee4eec750774523f582,University of Wisconsin-Madison,Madison,WI,43.0766,-89.4125,Lives at Home,Graduate,Criminal Justice,Appleton,WI,44.2619,-88.4154,Single,TRUE,280
U1443,Elijah,Singh,Male,21,2005-12-19,elijah.singh81@example.edu,(273) 555-0199,1033d6aa33c79a9d8a7d8fb213d2d7a1,Texas A&M University,College Station,TX,30.6188,-96.3365,Lives at Home,Senior,Biology,Dallas,TX,32.7767,-96.797,Single,TRUE,372
U1444,Benjamin,Patel,Male,21,2005-03-13,benjamin.patel747@example.edu,(805) 555-0187,4c29e64bf4916851884cdb9a3cda686e,University of Michigan,Ann Arbor,MI,42.278,-83.7382,Off-Campus Apartment,Junior,Biology,Lansing,MI,42.7325,-84.5555,Prefer not to say,FALSE,97
U1445,Olivia,Stewart,Female,20,2006-04-19,olivia.stewart256@example.edu,(864) 555-0144,071fff8ab6a5d0b51d632bb755864267,University of Georgia,Athens,GA,33.948,-83.3773,University Apartment,Sophomore,Business Administration,Savannah,GA,32.0809,-81.0912,Single,TRUE,150
U1446,Emily,Young,Female,19,2007-06-25,emily.young723@example.edu,(232) 555-0122,2548b8e3854769e4e97e09e7495b9424,University of Texas at Austin,Austin,TX,30.2849,-97.7341,Off-Campus Apartment,Freshman,Business Administration,Louisville,KY,38.2527,-85.7585,Single,FALSE,404
U1447,Jayden,Baker,Male,23,2003-01-09,jayden.baker634@example.edu,(890) 555-0169,19c3c338b071cd8ec97de9f45c455562,University of Alabama,Tuscaloosa,AL,33.214,-87.5391,Off-Campus Apartment,Graduate,Data Analytics,Montgomery,AL,32.3668,-86.3,Single,FALSE,546
U1448,Kai,Watson,Male,20,2006-09-08,kai.watson302@example.edu,(967) 555-0165,1afa551e52288c00a3fac1398c882eef,University of Michigan,Ann Arbor,MI,42.278,-83.7382,University Apartment,Sophomore,Kinesiology,Lansing,MI,42.7325,-84.5555,In a relationship,FALSE,260
U1449,Theodore,Watson,Male,22,2004-04-24,theodore.watson154@example.edu,(556) 555-0131,5b41699baba4f396d444c6794f574801,Ohio State University,Columbus,OH,40.0067,-83.0305,Dorm / Residence Hall,Senior,Communications,Dayton,OH,39.7589,-84.1916,Single,FALSE,169
U1450,Andrew,Wright,Male,23,2003-10-13,andrew.wright624@example.edu,(443) 555-0131,e3ab0c8ddd86b79885a99be3651f1f7a,Texas A&M University,College Station,TX,30.6188,-96.3365,Off-Campus Apartment,Graduate,Communications,Richmond,VA,37.5407,-77.436,Single,FALSE,426
U1451,Aurora,Sharma,Female,21,2005-10-17,aurora.sharma524@example.edu,(506) 555-0138,6bd40c3f69280cc42918fb396c66f2fa,Arizona State University,Tempe,AZ,33.4242,-111.9281,University Apartment,Senior,Communications,Tucson,AZ,32.2226,-110.9747,Single,TRUE,395
U1452,Jack,Smith,Male,22,2004-11-04,jack.smith31@example.edu,(253) 555-0174,ef5fccc70082bc0dd2ea5d3e9b4e9c73,University of Michigan,Ann Arbor,MI,42.278,-83.7382,University Apartment,Senior,Public Health,Detroit,MI,42.3314,-83.0458,Single,TRUE,204
U1453,Kinsley,Mensah,Female,24,2002-02-20,kinsley.mensah15@example.edu,(751) 555-0110,1ed4499d6441c80d4269b221f4a16363,University of Georgia,Athens,GA,33.948,-83.3773,Off-Campus Apartment,Graduate,Mechanical Engineering,Atlanta,GA,33.749,-84.388,It's complicated,FALSE,278
U1454,Natalie,Stewart,Female,18,2008-11-28,natalie.stewart632@example.edu,(820) 555-0195,b848f3add4ef622fb1d33319b0c7dfa8,Arizona State University,Tempe,AZ,33.4242,-111.9281,Dorm / Residence Hall,Freshman,Graphic Design,Tucson,AZ,32.2226,-110.9747,In a relationship,TRUE,324
U1455,Dakota,Jimenez,Non-binary,21,2005-06-01,dakota.jimenez862@example.edu,(978) 555-0196,00a2a410fccc12cac8926f9f9da8cc21,University of Florida,Gainesville,FL,29.6436,-82.3549,Dorm / Residence Hall,Senior,History,Newark,NJ,40.7357,-74.1724,It's complicated,TRUE,336
U1456,Ella,Morales,Female,22,2004-11-22,ella.morales591@example.edu,(226) 555-0140,4a2ea666f72c8683831cff49452c3082,University of Michigan,Ann Arbor,MI,42.278,-83.7382,Off-Campus Apartment,Sophomore,Data Analytics,Grand Rapids,MI,42.9634,-85.6681,Single,TRUE,84
U1457,River,Morgan,Non-binary,21,2005-04-13,river.morgan311@example.edu,(553) 555-0189,4086b6c9de9f19ac167a43aaedf0d0cd,Ohio State University,Columbus,OH,40.0067,-83.0305,Greek Housing,Senior,History,Dayton,OH,39.7589,-84.1916,Single,FALSE,314
U1458,Leah,Singh,Female,18,2008-12-25,leah.singh259@example.edu,(364) 555-0141,4932a6736858ee7a613f410a19c41801,University of Florida,Gainesville,FL,29.6436,-82.3549,Off-Campus Apartment,Freshman,Undeclared,Jacksonville,FL,30.3322,-81.6557,Single,TRUE,99
U1459,Tariq,Chen,Male,18,2008-07-27,tariq.chen463@example.edu,(582) 555-0103,495c7c81cf95b4b5b703de68488cf43b,University of Minnesota,Minneapolis,MN,44.974,-93.2277,Dorm / Residence Hall,Freshman,Electrical Engineering,St. Paul,MN,44.9537,-93.09,In a relationship,TRUE,235
U1460,Naomi,Collins,Female,20,2006-01-18,naomi.collins980@example.edu,(553) 555-0141,6b2e7fc9954ab26425eb16022402b657,University of Michigan,Ann Arbor,MI,42.278,-83.7382,University Apartment,Sophomore,Computer Science,Troy,MI,42.6064,-83.1498,Single,TRUE,297
U1461,Natalie,Green,Female,21,2005-09-08,natalie.green522@example.edu,(287) 555-0125,ec292fb26db50b51de09f75f2e5da5b0,Arizona State University,Tempe,AZ,33.4242,-111.9281,Dorm / Residence Hall,Senior,Education,Boston,MA,42.3601,-71.0589,Single,TRUE,190
U1462,Miles,Smith,Male,19,2007-10-26,miles.smith798@example.edu,(348) 555-0172,0dd21baf21d880ed66ce85d52a0035b3,Florida State University,Tallahassee,FL,30.4419,-84.2985,Dorm / Residence Hall,Freshman,Economics,Tampa,FL,27.9506,-82.4572,In a relationship,FALSE,346
U1463,Roman,Lopez,Male,19,2007-12-27,roman.lopez739@example.edu,(239) 555-0127,38725466230f8d863eb10600b44a86b6,University of Texas at Austin,Austin,TX,30.2849,-97.7341,Dorm / Residence Hall,Freshman,Business Administration,El Paso,TX,31.7619,-106.485,In a relationship,FALSE,297
U1464,Malik,Santos,Male,22,2004-05-23,malik.santos683@example.edu,(734) 555-0180,f4745a8c7215149570db9633a223bcac,UCLA,Los Angeles,CA,34.0689,-118.4452,Lives at Home,Senior,Political Science,Fresno,CA,36.7378,-119.7871,It's complicated,TRUE,162
U1465,Camille,Nguyen,Female,23,2003-02-14,camille.nguyen757@example.edu,(340) 555-0175,e97b661a47cf3cc5a89243bb07f8dcf2,University of Florida,Gainesville,FL,29.6436,-82.3549,Off-Campus Apartment,Graduate,Biology,Miami,FL,25.7617,-80.1918,Single,TRUE,415
U1466,Paisley,Carter,Female,22,2004-04-18,paisley.carter81@example.edu,(800) 555-0191,fad8cd3b1e8cb1a67ef22f4842a3b9d5,University of Wisconsin-Madison,Madison,WI,43.0766,-89.4125,Dorm / Residence Hall,Senior,Psychology,Green Bay,WI,44.5133,-88.0133,Single,FALSE,155
U1467,Priya,Wood,Female,24,2002-07-01,priya.wood961@example.edu,(980) 555-0193,e312d5b19e91aac7e7f240bab58cc4dd,University of Texas at Austin,Austin,TX,30.2849,-97.7341,Off-Campus Apartment,Graduate,Communications,Fort Worth,TX,32.7555,-97.3308,In a relationship,TRUE,457
U1468,Aurora,Sullivan,Female,20,2006-12-17,aurora.sullivan394@example.edu,(840) 555-0114,00e9455c148e17972253e1a96a1246d3,Ohio State University,Columbus,OH,40.0067,-83.0305,Off-Campus Apartment,Junior,Public Health,Dayton,OH,39.7589,-84.1916,Single,TRUE,307
U1469,Owen,Wang,Male,20,2006-01-16,owen.wang468@example.edu,(480) 555-0117,ba212df23311e2a2a5654beec3edfef5,New York University,New York,NY,40.7295,-73.9965,University Apartment,Sophomore,Finance,Buffalo,NY,42.8864,-78.8784,In a relationship,FALSE,132
U1470,Emilia,Wang,Female,19,2007-02-17,emilia.wang321@example.edu,(559) 555-0152,5e05319dd25aaf8ad2657d25405eca47,University of Wisconsin-Madison,Madison,WI,43.0766,-89.4125,Greek Housing,Freshman,Economics,Milwaukee,WI,43.0389,-87.9065,Single,TRUE,246
U1471,Jin,Torres,Male,19,2007-02-17,jin.torres850@example.edu,(889) 555-0141,5d3cae03d2900d0cc0dd6a5a7b2e5aa5,University of Alabama,Tuscaloosa,AL,33.214,-87.5391,Off-Campus Apartment,Sophomore,Mechanical Engineering,Huntsville,AL,34.7304,-86.5861,In a relationship,TRUE,263
U1472,Hudson,Hernandez,Male,24,2002-08-28,hudson.hernandez255@example.edu,(416) 555-0143,da81bf00b80cf3267a9842d5e4b6623c,University of Wisconsin-Madison,Madison,WI,43.0766,-89.4125,Off-Campus Apartment,Graduate,Marketing,Indianapolis,IN,39.7684,-86.1581,It's complicated,TRUE,124
U1473,Caleb,Phillips,Male,21,2005-12-21,caleb.phillips722@example.edu,(437) 555-0190,9eaef426ef5c3c5a3973b2306985a70e,Penn State University,State College,PA,40.7982,-77.8599,University Apartment,Junior,Political Science,Portland,OR,45.5152,-122.6784,Single,TRUE,269
U1474,Aurora,Murray,Female,21,2005-01-06,aurora.murray405@example.edu,(664) 555-0164,8f92ceaa0ab93f82e83670978f6ce75b,University of Alabama,Tuscaloosa,AL,33.214,-87.5391,Dorm / Residence Hall,Senior,Mathematics,Huntsville,AL,34.7304,-86.5861,It's complicated,TRUE,218
U1475,Landon,Mitchell,Male,21,2005-05-09,landon.mitchell870@example.edu,(664) 555-0161,6318c86c3a0f963cc82abe27864d60b1,University of Texas at Austin,Austin,TX,30.2849,-97.7341,Off-Campus Apartment,Senior,Undeclared,San Antonio,TX,29.4241,-98.4936,Single,TRUE,446
U1476,Aubrey,Harris,Female,24,2002-03-26,aubrey.harris962@example.edu,(645) 555-0134,01eeed4ca73e8ac96878cedeb0dbaea7,University of Wisconsin-Madison,Madison,WI,43.0766,-89.4125,Off-Campus Apartment,Graduate,Undeclared,Green Bay,WI,44.5133,-88.0133,In a relationship,FALSE,236
U1477,Lucy,Hall,Female,19,2007-02-01,lucy.hall23@example.edu,(333) 555-0199,df9c78a7ffd36da28af2a3eaf31ba6d6,University of Minnesota,Minneapolis,MN,44.974,-93.2277,Dorm / Residence Hall,Freshman,Communications,Rochester,MN,44.0121,-92.4802,Prefer not to say,FALSE,239
U1478,Camille,Cooper,Female,20,2006-01-23,camille.cooper239@example.edu,(494) 555-0119,8aa719bfa8047daa62ebe95f9cdc94e5,Arizona State University,Tempe,AZ,33.4242,-111.9281,Dorm / Residence Hall,Sophomore,Political Science,Tucson,AZ,32.2226,-110.9747,Single,TRUE,170
U1479,Simone,Gomez,Female,19,2007-03-14,simone.gomez169@example.edu,(245) 555-0114,b870007f8932cb0c4f9780897c8b4676,New York University,New York,NY,40.7295,-73.9965,University Apartment,Freshman,Business Administration,Rochester,NY,43.1566,-77.6088,In a relationship,FALSE,243
U1480,Brooklyn,Bennett,Female,20,2006-03-27,brooklyn.bennett971@example.edu,(957) 555-0167,edbbb4887e551a89053128d147dc6f9d,University of Wisconsin-Madison,Madison,WI,43.0766,-89.4125,Dorm / Residence Hall,Sophomore,Business Administration,Boise,ID,43.615,-116.2023,In a relationship,TRUE,109
U1481,Joseph,Jackson,Male,24,2002-08-01,joseph.jackson169@example.edu,(722) 555-0155,64455f85aa58458d9b7bf6a86b14be33,University of Florida,Gainesville,FL,29.6436,-82.3549,Dorm / Residence Hall,Senior,Kinesiology,Chicago,IL,41.8781,-87.6298,Single,FALSE,441
U1482,Jeremiah,Choi,Male,20,2006-04-27,jeremiah.choi684@example.edu,(342) 555-0124,8e35338159545f3ddb0054458ac1aa60,Arizona State University,Tempe,AZ,33.4242,-111.9281,Off-Campus Apartment,Junior,Environmental Science,Tucson,AZ,32.2226,-110.9747,In a relationship,TRUE,281
U1483,Isaiah,Stewart,Male,19,2007-10-28,isaiah.stewart570@example.edu,(383) 555-0165,087276868a62cbaf36dcfe94676c1859,Florida State University,Tallahassee,FL,30.4419,-84.2985,Off-Campus Apartment,Sophomore,Information Systems,Boise,ID,43.615,-116.2023,In a relationship,TRUE,139
U1484,Nora,Walsh,Female,19,2007-11-24,nora.walsh856@example.edu,(785) 555-0122,4a35fd2aab3aa6c50c792ee3568ef072,Penn State University,State College,PA,40.7982,-77.8599,Off-Campus Apartment,Sophomore,Computer Science,Allentown,PA,40.6084,-75.4902,In a relationship,FALSE,189
U1485,Leo,Martin,Male,20,2006-03-04,leo.martin811@example.edu,(487) 555-0141,22576167fcd71429c7bde3ff6be65cc6,University of Alabama,Tuscaloosa,AL,33.214,-87.5391,Greek Housing,Junior,Kinesiology,Mobile,AL,30.6954,-88.0399,Single,FALSE,132
U1486,John,Parker,Male,21,2005-09-08,john.parker857@example.edu,(579) 555-0175,f72a0ed6a8476f4d432376a639a0d254,Ohio State University,Columbus,OH,40.0067,-83.0305,Off-Campus Apartment,Junior,Electrical Engineering,Nashville,TN,36.1627,-86.7816,Prefer not to say,FALSE,150
U1487,Adrian,Mendoza,Male,22,2004-03-07,adrian.mendoza802@example.edu,(353) 555-0149,1e6af74014d1999433e75f541088bc74,Arizona State University,Tempe,AZ,33.4242,-111.9281,Dorm / Residence Hall,Senior,Business Administration,Hartford,CT,41.7658,-72.6734,Single,TRUE,118
U1488,Chloe,Ramirez,Female,18,2008-07-28,chloe.ramirez160@example.edu,(498) 555-0154,b46424503f46fa41302a1fe9c7b214b1,University of Texas at Austin,Austin,TX,30.2849,-97.7341,Off-Campus Apartment,Freshman,Data Analytics,Plano,TX,33.0198,-96.6989,Single,TRUE,96
U1489,Eleanor,Brown,Female,21,2005-02-10,eleanor.brown459@example.edu,(294) 555-0171,af2bd9c186fad458c644766d144e1c03,University of Alabama,Tuscaloosa,AL,33.214,-87.5391,Off-Campus Apartment,Senior,Information Systems,Boston,MA,42.3601,-71.0589,Single,FALSE,114
U1490,Isabella,Kaur,Female,18,2008-03-12,isabella.kaur374@example.edu,(322) 555-0175,1b7f935fc27584d851f62d54943cb585,Texas A&M University,College Station,TX,30.6188,-96.3365,Greek Housing,Freshman,Journalism,San Antonio,TX,29.4241,-98.4936,In a relationship,TRUE,68
U1491,Landon,Gutierrez,Male,21,2005-05-12,landon.gutierrez484@example.edu,(804) 555-0182,d44309acbe9fdb183a21b6afd665c57a,University of Michigan,Ann Arbor,MI,42.278,-83.7382,Off-Campus Apartment,Senior,Business Administration,Lansing,MI,42.7325,-84.5555,Single,TRUE,133
U1492,Audrey,Scott,Female,22,2004-07-15,audrey.scott436@example.edu,(984) 555-0148,5f7e304b83c480688c34511c0ab9fc57,Penn State University,State College,PA,40.7982,-77.8599,University Apartment,Senior,Marketing,Pittsburgh,PA,40.4406,-79.9959,Prefer not to say,TRUE,122
U1493,Emilia,Kowalski,Female,19,2007-12-21,emilia.kowalski609@example.edu,(979) 555-0137,1c1f711a1a9ed0428997c126b1bb80b2,University of Florida,Gainesville,FL,29.6436,-82.3549,Lives at Home,Freshman,Biology,Tampa,FL,27.9506,-82.4572,Single,TRUE,485
U1494,Avery,Green,Female,18,2008-01-22,avery.green863@example.edu,(752) 555-0183,29b1e342c0df2f92ebcedbc3ca1608a0,University of Florida,Gainesville,FL,29.6436,-82.3549,Dorm / Residence Hall,Freshman,Data Analytics,Tampa,FL,27.9506,-82.4572,In a relationship,FALSE,111
U1495,Landon,King,Male,21,2005-11-26,landon.king795@example.edu,(647) 555-0112,18df3954082cb7976a82ca4a7797e42e,Ohio State University,Columbus,OH,40.0067,-83.0305,Dorm / Residence Hall,Senior,English,Cleveland,OH,41.4993,-81.6944,Single,TRUE,411
U1496,Levi,White,Male,21,2005-10-09,levi.white829@example.edu,(934) 555-0185,91f162dfd1006c4df3edcdbd036370b9,Florida State University,Tallahassee,FL,30.4419,-84.2985,Dorm / Residence Hall,Junior,Business Administration,Miami,FL,25.7617,-80.1918,Prefer not to say,TRUE,219
U1497,Marcus,Ali,Male,19,2007-02-04,marcus.ali624@example.edu,(855) 555-0118,644d5a8b826b0953a16d2d5ccf810bd7,Penn State University,State College,PA,40.7982,-77.8599,University Apartment,Freshman,Computer Science,Allentown,PA,40.6084,-75.4902,In a relationship,FALSE,255
U1498,Aria,Castillo,Female,22,2004-06-06,aria.castillo889@example.edu,(891) 555-0108,5d336f1724a605b1cb6df269c5bf9307,University of Washington,Seattle,WA,47.6553,-122.3035,Dorm / Residence Hall,Senior,Undeclared,Spokane,WA,47.6588,-117.426,In a relationship,TRUE,413
U1499,Ellie,Moore,Female,21,2005-01-19,ellie.moore158@example.edu,(510) 555-0156,09d8b7cb5b94f00988b7d16cb4adc01f,University of Michigan,Ann Arbor,MI,42.278,-83.7382,Lives at Home,Senior,Psychology,Detroit,MI,42.3314,-83.0458,In a relationship,FALSE,247
U1500,Jack,Gray,Male,20,2006-10-06,jack.gray739@example.edu,(778) 555-0117,97e26126a9c52f3d18646aa45ce429c5,UCLA,Los Angeles,CA,34.0689,-118.4452,Dorm / Residence Hall,Sophomore,Chemistry,Nashville,TN,36.1627,-86.7816,Single,FALSE,114
U1501,Aiden,Anderson,Male,18,2008-07-23,aiden.anderson960@example.edu,(749) 555-0118,9b7b08af74d71e040546f493c65fe3b9,Ohio State University,Columbus,OH,40.0067,-83.0305,Dorm / Residence Hall,Freshman,Nursing,Cleveland,OH,41.4993,-81.6944,Prefer not to say,TRUE,158
U1502,Ximena,Walsh,Female,21,2005-12-11,ximena.walsh426@example.edu,(748) 555-0149,e7685f70e0bd170a380b61ef53e8f323,New York University,New York,NY,40.7295,-73.9965,Dorm / Residence Hall,Junior,Business Administration,Columbia,SC,34.0007,-81.0348,Single,FALSE,584
U1503,Ezekiel,Kelly,Male,19,2007-03-26,ezekiel.kelly754@example.edu,(409) 555-0156,0049380442f8da27a260f1d4d9ca78ca,University of Georgia,Athens,GA,33.948,-83.3773,Lives at Home,Sophomore,Finance,Atlanta,GA,33.749,-84.388,In a relationship,FALSE,106
U1504,Isaiah,Perez,Male,19,2007-07-16,isaiah.perez903@example.edu,(940) 555-0173,b1d6479dd272081c5bac17164f7a9762,Ohio State University,Columbus,OH,40.0067,-83.0305,Off-Campus Apartment,Freshman,Kinesiology,Boise,ID,43.615,-116.2023,Prefer not to say,TRUE,135
U1505,Zoey,Adams,Female,23,2003-08-16,zoey.adams231@example.edu,(268) 555-0119,930a5310aa098940fe4a6825d4729b13,University of Texas at Austin,Austin,TX,30.2849,-97.7341,Off-Campus Apartment,Graduate,Communications,Denver,CO,39.7392,-104.9903,In a relationship,TRUE,371
U1506,Allison,Novak,Female,19,2007-01-13,allison.novak782@example.edu,(778) 555-0147,be248067f2328ef20bee6d452c2a9d90,Penn State University,State College,PA,40.7982,-77.8599,Off-Campus Apartment,Freshman,Chemistry,Philadelphia,PA,39.9526,-75.1652,In a relationship,TRUE,386
U1507,Arjun,Choi,Male,19,2007-09-04,arjun.choi706@example.edu,(948) 555-0193,e65d38d432dd3027b8253e6f0797735a,UCLA,Los Angeles,CA,34.0689,-118.4452,Greek Housing,Sophomore,Business Administration,Fresno,CA,36.7378,-119.7871,Single,TRUE,307
U1508,Ananya,Okafor,Female,18,2008-06-13,ananya.okafor662@example.edu,(270) 555-0116,71b154bdd277fc94370270bbeb66994d,Arizona State University,Tempe,AZ,33.4242,-111.9281,Dorm / Residence Hall,Freshman,Business Administration,Mesa,AZ,33.4152,-111.8315,Single,FALSE,208
U1509,Luca,Baker,Male,20,2006-02-17,luca.baker607@example.edu,(306) 555-0114,f380c68aa19543ff3766ca31f4885cec,New York University,New York,NY,40.7295,-73.9965,Greek Housing,Sophomore,Electrical Engineering,Buffalo,NY,42.8864,-78.8784,Single,FALSE,133
U1510,Maverick,Singh,Male,19,2007-03-07,maverick.singh86@example.edu,(828) 555-0116,6491d4fd549fbfff953cf49c3996655a,New York University,New York,NY,40.7295,-73.9965,Greek Housing,Sophomore,Journalism,Brooklyn,NY,40.6782,-73.9442,Single,FALSE,260
U1511,Scarlett,Patel,Female,23,2003-11-03,scarlett.patel940@example.edu,(347) 555-0149,2d1c0adcd9890d9d63d1dd6fb1b43cfd,University of Wisconsin-Madison,Madison,WI,43.0766,-89.4125,Lives at Home,Senior,Undeclared,Appleton,WI,44.2619,-88.4154,Single,FALSE,207
U1512,Sage,Wagner,Non-binary,18,2008-05-13,sage.wagner211@example.edu,(806) 555-0165,34210db15e85e5819b46937119356de5,Penn State University,State College,PA,40.7982,-77.8599,Off-Campus Apartment,Freshman,Computer Science,Allentown,PA,40.6084,-75.4902,Single,FALSE,177
U1513,Chloe,Wagner,Female,18,2008-02-20,chloe.wagner348@example.edu,(532) 555-0148,97276e402c356f14e38ffe21ea604594,University of Washington,Seattle,WA,47.6553,-122.3035,Lives at Home,Freshman,Economics,Bellevue,WA,47.6101,-122.2015,Single,FALSE,130
U1514,Benjamin,Ali,Male,20,2006-11-18,benjamin.ali79@example.edu,(904) 555-0137,264e62798582ded6e1b682f4f7d01177,Arizona State University,Tempe,AZ,33.4242,-111.9281,Dorm / Residence Hall,Junior,Journalism,Salt Lake City,UT,40.7608,-111.891,In a relationship,FALSE,426
U1515,Daniela,Martinez,Female,21,2005-07-01,daniela.martinez734@example.edu,(690) 555-0133,98b907fb9b8d0b5cfc81582b60fe42d3,University of Texas at Austin,Austin,TX,30.2849,-97.7341,Dorm / Residence Hall,Senior,Business Administration,Fort Worth,TX,32.7555,-97.3308,Single,FALSE,166
U1516,Lillian,Hansen,Female,19,2007-07-18,lillian.hansen115@example.edu,(244) 555-0168,9159d623f155903e8c72e908d5e31e20,Texas A&M University,College Station,TX,30.6188,-96.3365,University Apartment,Sophomore,Undeclared,Dallas,TX,32.7767,-96.797,Single,TRUE,134
U1517,Elijah,Phillips,Male,20,2006-06-16,elijah.phillips644@example.edu,(523) 555-0101,5a341ff21b1dbf1b10fa97cb7bfd20ef,University of Texas at Austin,Austin,TX,30.2849,-97.7341,Dorm / Residence Hall,Junior,Graphic Design,Dallas,TX,32.7767,-96.797,Single,TRUE,148
U1518,Jordan,Byrne,Prefer not to say,24,2002-09-19,jordan.byrne501@example.edu,(362) 555-0128,e98327b4d72c7020b7b55b3b71eabd42,University of Florida,Gainesville,FL,29.6436,-82.3549,Off-Campus Apartment,Graduate,Biology,Miami,FL,25.7617,-80.1918,Single,FALSE,126
U1519,Evelyn,Sato,Female,21,2005-12-17,evelyn.sato288@example.edu,(235) 555-0134,dc71943c0fe32aa887767dbbd2d9ca19,University of Wisconsin-Madison,Madison,WI,43.0766,-89.4125,University Apartment,Freshman,Education,Columbia,SC,34.0007,-81.0348,Single,TRUE,92
U1520,Lily,Nelson,Female,20,2006-10-23,lily.nelson146@example.edu,(608) 555-0146,cdad483c8f81d8b2ad57691381159cca,University of Florida,Gainesville,FL,29.6436,-82.3549,Lives at Home,Sophomore,Public Health,Jacksonville,FL,30.3322,-81.6557,Single,FALSE,92
U1521,Taylor,Parker,Non-binary,18,2008-09-27,taylor.parker238@example.edu,(489) 555-0135,86c86479292e8eb06b24958969fa2202,Penn State University,State College,PA,40.7982,-77.8599,Dorm / Residence Hall,Freshman,Business Administration,Philadelphia,PA,39.9526,-75.1652,Single,TRUE,104
U1522,Hudson,Virtanen,Male,22,2004-06-28,hudson.virtanen395@example.edu,(582) 555-0108,31a9b29ced99e7f829cadc6cdbe202ef,Florida State University,Tallahassee,FL,30.4419,-84.2985,Dorm / Residence Hall,Junior,Mechanical Engineering,Columbia,SC,34.0007,-81.0348,Prefer not to say,TRUE,191
U1523,Lillian,Howard,Female,20,2006-07-19,lillian.howard469@example.edu,(252) 555-0121,b2c517af6ecb3a881f0de71d0d40cb85,Florida State University,Tallahassee,FL,30.4419,-84.2985,Off-Campus Apartment,Junior,Political Science,Tampa,FL,27.9506,-82.4572,Single,FALSE,233
U1524,Everly,Wood,Female,21,2005-02-11,everly.wood141@example.edu,(706) 555-0133,334eef4ca2f00689285b4e992f7abf3d,University of Wisconsin-Madison,Madison,WI,43.0766,-89.4125,Dorm / Residence Hall,Senior,Sociology,Milwaukee,WI,43.0389,-87.9065,Prefer not to say,FALSE,176
U1525,Alondra,Morris,Female,21,2005-09-04,alondra.morris144@example.edu,(966) 555-0178,b7063a5821abeab7416819dad3a70c5e,University of Wisconsin-Madison,Madison,WI,43.0766,-89.4125,Dorm / Residence Hall,Senior,Environmental Science,Kenosha,WI,42.5847,-87.8212,Single,FALSE,294
U1526,Liam,Sanchez,Male,21,2005-02-13,liam.sanchez85@example.edu,(527) 555-0185,4a090e7d9fa6a4e046847c5992613fd1,University of Washington,Seattle,WA,47.6553,-122.3035,Lives at Home,Senior,Undeclared,St. Louis,MO,38.627,-90.1994,Single,TRUE,77
U1527,Elizabeth,Li,Female,22,2004-06-07,elizabeth.li368@example.edu,(388) 555-0119,9224bdc9d57ee285a1bb9ec0a237415d,Texas A&M University,College Station,TX,30.6188,-96.3365,Dorm / Residence Hall,Senior,Communications,Fort Worth,TX,32.7555,-97.3308,Single,FALSE,218
U1528,Michael,King,Male,23,2003-11-26,michael.king412@example.edu,(247) 555-0146,a9244a68877508e261d97c64b2723861,UCLA,Los Angeles,CA,34.0689,-118.4452,Off-Campus Apartment,Graduate,Accounting,Fresno,CA,36.7378,-119.7871,Single,TRUE,218
U1529,Colton,Yamamoto,Male,18,2008-02-20,colton.yamamoto251@example.edu,(297) 555-0165,52fe0c2a1885dfee9510b9b3c73f2fc9,University of Texas at Austin,Austin,TX,30.2849,-97.7341,Greek Housing,Freshman,Finance,St. Louis,MO,38.627,-90.1994,It's complicated,TRUE,233
U1530,Theodore,Hughes,Male,23,2003-06-05,theodore.hughes785@example.edu,(855) 555-0148,fb114ab3ba63d83c3ba5624bc1e3d301,Texas A&M University,College Station,TX,30.6188,-96.3365,University Apartment,Senior,Business Administration,El Paso,TX,31.7619,-106.485,Single,FALSE,113
U1531,Joshua,Sanders,Male,21,2005-01-26,joshua.sanders244@example.edu,(538) 555-0116,a2783d3172eba133055b8d604bd25de4,University of Washington,Seattle,WA,47.6553,-122.3035,Off-Campus Apartment,Junior,Economics,Tacoma,WA,47.2529,-122.4443,Single,FALSE,160
U1532,Kennedy,Kim,Female,18,2008-02-28,kennedy.kim605@example.edu,(294) 555-0188,ec03305ef4d7b41a531bd60ac2888719,Ohio State University,Columbus,OH,40.0067,-83.0305,Dorm / Residence Hall,Freshman,Nursing,Cleveland,OH,41.4993,-81.6944,Single,FALSE,140
U1533,Savannah,Novak,Female,21,2005-07-04,savannah.novak374@example.edu,(349) 555-0133,036f1ed0c37e800f34776bd104bbafd4,Ohio State University,Columbus,OH,40.0067,-83.0305,Off-Campus Apartment,Senior,Business Administration,Dayton,OH,39.7589,-84.1916,In a relationship,FALSE,177
U1534,Priya,Ali,Female,24,2002-07-25,priya.ali915@example.edu,(456) 555-0125,5b635e8f10a3a9421e75cd155615eefc,University of Georgia,Athens,GA,33.948,-83.3773,Off-Campus Apartment,Graduate,Public Health,Marietta,GA,33.9526,-84.5499,In a relationship,TRUE,257
U1535,Angel,Foster,Male,21,2005-12-07,angel.foster918@example.edu,(690) 555-0170,a7da2e5888bfea37d9e53f26345d16f2,Florida State University,Tallahassee,FL,30.4419,-84.2985,Dorm / Residence Hall,Freshman,Undeclared,Tampa,FL,27.9506,-82.4572,In a relationship,TRUE,117
U1536,Emily,Johnson,Female,20,2006-02-11,emily.johnson309@example.edu,(932) 555-0119,576ddf4bd6344c17f4221d0a9cc5902b,University of Florida,Gainesville,FL,29.6436,-82.3549,Off-Campus Apartment,Sophomore,Communications,Kansas City,MO,39.0997,-94.5786,Single,TRUE,295
U1537,Paisley,Garcia,Female,18,2008-03-21,paisley.garcia520@example.edu,(394) 555-0111,1de51c3c26389c35680d7de7913edeed,University of Minnesota,Minneapolis,MN,44.974,-93.2277,Dorm / Residence Hall,Freshman,Education,Bloomington,MN,44.8408,-93.2983,Single,FALSE,380
U1538,Harper,Tran,Female,22,2004-05-27,harper.tran416@example.edu,(862) 555-0170,07908046a4893991cfc0270de209cc97,Florida State University,Tallahassee,FL,30.4419,-84.2985,Off-Campus Apartment,Senior,Music,Tampa,FL,27.9506,-82.4572,Single,TRUE,166
U1539,River,Stewart,Non-binary,19,2007-04-17,river.stewart684@example.edu,(544) 555-0120,ef176746e7af597f307d9fd38250905d,University of Texas at Austin,Austin,TX,30.2849,-97.7341,Greek Housing,Freshman,Biology,San Antonio,TX,29.4241,-98.4936,Single,TRUE,183
U1540,Noah,Anderson,Male,21,2005-09-23,noah.anderson509@example.edu,(277) 555-0133,a1319dec0b322ad00d31dda201ec2516,Texas A&M University,College Station,TX,30.6188,-96.3365,Off-Campus Apartment,Senior,Electrical Engineering,El Paso,TX,31.7619,-106.485,In a relationship,FALSE,396
U1541,Lucy,Andersen,Female,19,2007-02-07,lucy.andersen357@example.edu,(925) 555-0190,c8c95043e72a2f855ed12ae0c648d48d,University of Minnesota,Minneapolis,MN,44.974,-93.2277,Dorm / Residence Hall,Sophomore,Business Administration,St. Paul,MN,44.9537,-93.09,It's complicated,TRUE,254
U1542,Naomi,Choi,Female,22,2004-05-28,naomi.choi66@example.edu,(673) 555-0191,fac4730da04b39f8388106567a60c713,University of Minnesota,Minneapolis,MN,44.974,-93.2277,Greek Housing,Senior,Information Systems,St. Paul,MN,44.9537,-93.09,In a relationship,TRUE,140
U1543,Jack,Allen,Male,18,2008-03-16,jack.allen861@example.edu,(600) 555-0120,c1aa800feba03901fd835bfa9173b0f3,University of Texas at Austin,Austin,TX,30.2849,-97.7341,Greek Housing,Freshman,Mathematics,Nashville,TN,36.1627,-86.7816,In a relationship,FALSE,318
U1544,Savannah,Wang,Female,20,2006-11-17,savannah.wang978@example.edu,(736) 555-0192,928b7bd09a04b4dd0568802e22a97298,University of Wisconsin-Madison,Madison,WI,43.0766,-89.4125,Lives at Home,Junior,Environmental Science,Salt Lake City,UT,40.7608,-111.891,Single,FALSE,211
U1545,Bella,Kowalski,Female,21,2005-07-09,bella.kowalski384@example.edu,(707) 555-0167,68e9846e3992665e9c5ced0317ae60a6,University of Minnesota,Minneapolis,MN,44.974,-93.2277,Dorm / Residence Hall,Freshman,Data Analytics,Oklahoma City,OK,35.4676,-97.5164,Single,TRUE,250
U1546,Lucas,Osei,Male,21,2005-09-27,lucas.osei197@example.edu,(516) 555-0150,382510fa9348dff3ebac0b0cab23244a,UCLA,Los Angeles,CA,34.0689,-118.4452,Off-Campus Apartment,Senior,Electrical Engineering,San Diego,CA,32.7157,-117.1611,In a relationship,FALSE,331
U1547,Jin,Hernandez,Male,19,2007-02-01,jin.hernandez316@example.edu,(906) 555-0197,ca1c1b13c7db4f22598c5fdd6a3b60a3,University of Alabama,Tuscaloosa,AL,33.214,-87.5391,University Apartment,Sophomore,Finance,Mobile,AL,30.6954,-88.0399,Single,TRUE,122
U1548,Victoria,Carter,Female,18,2008-05-21,victoria.carter313@example.edu,(791) 555-0173,f01bef748972be2862c7798d2342356d,Penn State University,State College,PA,40.7982,-77.8599,Lives at Home,Freshman,Mechanical Engineering,Boston,MA,42.3601,-71.0589,In a relationship,FALSE,181
U1549,Andrew,Diaz,Male,19,2007-08-18,andrew.diaz335@example.edu,(265) 555-0191,04f9a3f552a0b7c116604997ea045709,University of Alabama,Tuscaloosa,AL,33.214,-87.5391,Lives at Home,Sophomore,Psychology,Birmingham,AL,33.5186,-86.8104,Prefer not to say,TRUE,395
U1550,Eli,Cox,Male,19,2007-02-02,eli.cox10@example.edu,(434) 555-0197,42fda7a475b8d623ac501d228ee83300,Florida State University,Tallahassee,FL,30.4419,-84.2985,Off-Campus Apartment,Sophomore,Business Administration,Tampa,FL,27.9506,-82.4572,In a relationship,TRUE,252
U1551,Savannah,Williams,Female,20,2006-06-14,savannah.williams294@example.edu,(979) 555-0170,bd1ae5e1147eeaf336cedb6af23b094e,Ohio State University,Columbus,OH,40.0067,-83.0305,University Apartment,Sophomore,Data Analytics,Columbia,SC,34.0007,-81.0348,Single,FALSE,210
U1552,Josiah,Hoffman,Male,18,2008-09-11,josiah.hoffman531@example.edu,(537) 555-0112,7c5a1d9c4dc062f63bb45aaea39ab6bc,Ohio State University,Columbus,OH,40.0067,-83.0305,Dorm / Residence Hall,Freshman,Nursing,Las Vegas,NV,36.1699,-115.1398,In a relationship,FALSE,121
U1553,Ryan,Richardson,Male,18,2008-04-12,ryan.richardson651@example.edu,(764) 555-0192,af510b55d48f8d3ebeba6ac3d0270043,University of Washington,Seattle,WA,47.6553,-122.3035,Off-Campus Apartment,Freshman,Public Health,Spokane,WA,47.6588,-117.426,Single,FALSE,89
U1554,Layla,Ivanov,Female,20,2006-04-20,layla.ivanov140@example.edu,(391) 555-0175,96c52e455c28717b48245a40ab968a21,Penn State University,State College,PA,40.7982,-77.8599,University Apartment,Sophomore,Mechanical Engineering,Portland,OR,45.5152,-122.6784,Single,FALSE,115
U1555,Camila,Tanaka,Female,21,2005-08-27,camila.tanaka353@example.edu,(749) 555-0178,2a86b99b632868ccf196d45902b05498,University of Florida,Gainesville,FL,29.6436,-82.3549,Dorm / Residence Hall,Senior,Communications,Tampa,FL,27.9506,-82.4572,In a relationship,TRUE,229
U1556,Alex,Okafor,Prefer not to say,23,2003-10-28,alex.okafor505@example.edu,(888) 555-0127,74aa5ff1dd3bde7cd6f2b42ec61cc194,Texas A&M University,College Station,TX,30.6188,-96.3365,University Apartment,Graduate,Kinesiology,Salt Lake City,UT,40.7608,-111.891,In a relationship,FALSE,595
U1557,Isabella,Kowalski,Female,23,2003-09-21,isabella.kowalski567@example.edu,(821) 555-0191,6e1fae0ad4d9019de2840587979f48eb,University of Alabama,Tuscaloosa,AL,33.214,-87.5391,Lives at Home,Graduate,Finance,Birmingham,AL,33.5186,-86.8104,Single,FALSE,625
U1558,Amelia,Mendoza,Female,19,2007-02-06,amelia.mendoza612@example.edu,(398) 555-0152,9cc9585fd579785d73f612551d4f15c9,University of Michigan,Ann Arbor,MI,42.278,-83.7382,Dorm / Residence Hall,Sophomore,Electrical Engineering,Troy,MI,42.6064,-83.1498,Prefer not to say,TRUE,284
U1559,Mei,Sharma,Female,21,2005-05-22,mei.sharma786@example.edu,(886) 555-0155,8fe27d916bc8cc41383b3521d5ad6299,University of Georgia,Athens,GA,33.948,-83.3773,Off-Campus Apartment,Senior,English,Marietta,GA,33.9526,-84.5499,In a relationship,TRUE,373
U1560,Charles,Tanaka,Male,19,2007-01-10,charles.tanaka425@example.edu,(771) 555-0105,9c5fdc887fc5d31c449f8b2fa7a3f9fb,University of Texas at Austin,Austin,TX,30.2849,-97.7341,Off-Campus Apartment,Sophomore,Biology,Fort Worth,TX,32.7555,-97.3308,It's complicated,TRUE,119
U1561,Ellie,Hall,Female,21,2005-06-13,ellie.hall357@example.edu,(772) 555-0183,ff433d0f24cfa6ff0d918f628baaa904,University of Michigan,Ann Arbor,MI,42.278,-83.7382,Dorm / Residence Hall,Junior,Accounting,Oklahoma City,OK,35.4676,-97.5164,Prefer not to say,FALSE,212
U1562,Elizabeth,Richardson,Female,21,2005-06-13,elizabeth.richardson216@example.edu,(633) 555-0100,d19d5f05dbe1ec917d3d7ed502ae7e5c,Ohio State University,Columbus,OH,40.0067,-83.0305,Off-Campus Apartment,Junior,Kinesiology,Dayton,OH,39.7589,-84.1916,Single,TRUE,90
U1563,Jaxon,Morales,Male,22,2004-05-27,jaxon.morales503@example.edu,(875) 555-0146,a4980aad02cb32e9b21ecaf780cfd6de,Texas A&M University,College Station,TX,30.6188,-96.3365,Off-Campus Apartment,Senior,Business Administration,Boston,MA,42.3601,-71.0589,It's complicated,TRUE,149
U1564,Mila,Wright,Female,20,2006-05-24,mila.wright597@example.edu,(302) 555-0126,22d8da37d69a0e270efb073c8f355673,University of Washington,Seattle,WA,47.6553,-122.3035,Dorm / Residence Hall,Junior,Psychology,Tacoma,WA,47.2529,-122.4443,Single,FALSE,88
U1565,Olivia,Brooks,Female,21,2005-06-11,olivia.brooks135@example.edu,(832) 555-0164,1103c7b501f3462d0a6fba213dd60177,Texas A&M University,College Station,TX,30.6188,-96.3365,Off-Campus Apartment,Sophomore,Computer Science,Hartford,CT,41.7658,-72.6734,Single,FALSE,276
U1566,Naomi,Hoffman,Female,19,2007-10-17,naomi.hoffman684@example.edu,(388) 555-0129,18cab75a6289890995f28161790e575a,Penn State University,State College,PA,40.7982,-77.8599,Dorm / Residence Hall,Sophomore,Kinesiology,Allentown,PA,40.6084,-75.4902,Single,FALSE,241
U1567,Naomi,Watson,Female,18,2008-03-19,naomi.watson95@example.edu,(887) 555-0151,a0bcf681824537591f3ad4e24dc2507a,University of Georgia,Athens,GA,33.948,-83.3773,Greek Housing,Freshman,Political Science,Boston,MA,42.3601,-71.0589,Single,FALSE,274
U1568,Mila,Kaur,Female,18,2008-07-13,mila.kaur374@example.edu,(730) 555-0160,e6736cf661668fb9492f5c070990ed50,Texas A&M University,College Station,TX,30.6188,-96.3365,Off-Campus Apartment,Freshman,Finance,Plano,TX,33.0198,-96.6989,Single,TRUE,146
U1569,Ellie,Morales,Female,19,2007-03-03,ellie.morales920@example.edu,(878) 555-0153,cfae64a7bcd8527c99737b21f34d8da1,University of Florida,Gainesville,FL,29.6436,-82.3549,Dorm / Residence Hall,Freshman,Nursing,Jacksonville,FL,30.3322,-81.6557,Single,FALSE,209
U1570,Maverick,Stewart,Male,19,2007-05-19,maverick.stewart282@example.edu,(511) 555-0119,fb9a3731b48fec5a2fd751dcbada49f1,University of Michigan,Ann Arbor,MI,42.278,-83.7382,Greek Housing,Freshman,Nursing,Grand Rapids,MI,42.9634,-85.6681,Single,TRUE,267
U1571,Gabriella,Price,Female,18,2008-11-05,gabriella.price582@example.edu,(432) 555-0146,d69479e423ff29536bfeeb18018bed11,University of Wisconsin-Madison,Madison,WI,43.0766,-89.4125,Greek Housing,Freshman,Psychology,Kenosha,WI,42.5847,-87.8212,In a relationship,FALSE,208
U1572,Liam,Davis,Male,21,2005-04-06,liam.davis829@example.edu,(591) 555-0162,1c10745b5c7bc22245d60d29eac4e71e,Florida State University,Tallahassee,FL,30.4419,-84.2985,Greek Housing,Junior,Nursing,Boise,ID,43.615,-116.2023,Single,FALSE,151
U1573,Nora,Rossi,Female,19,2007-05-16,nora.rossi509@example.edu,(712) 555-0158,7f0a81ddaea88b6dff2457dd7d521aaf,University of Texas at Austin,Austin,TX,30.2849,-97.7341,Dorm / Residence Hall,Freshman,Chemistry,San Antonio,TX,29.4241,-98.4936,In a relationship,TRUE,86
U1574,Taylor,Dubois,Non-binary,19,2007-06-11,taylor.dubois614@example.edu,(379) 555-0181,c36a1bb269cb123d484f7a0c712842eb,University of Texas at Austin,Austin,TX,30.2849,-97.7341,Off-Campus Apartment,Sophomore,Communications,Plano,TX,33.0198,-96.6989,In a relationship,TRUE,376
U1575,Mia,Parker,Female,18,2008-02-12,mia.parker373@example.edu,(440) 555-0182,0631a52574ac0a00b005ca0ff4b911df,Arizona State University,Tempe,AZ,33.4242,-111.9281,Dorm / Residence Hall,Freshman,Business Administration,Tucson,AZ,32.2226,-110.9747,Single,TRUE,224
U1576,Lucas,Lindberg,Male,23,2003-06-07,lucas.lindberg150@example.edu,(798) 555-0168,f9aa686553c36d6bd3b8bc1221db6d53,Penn State University,State College,PA,40.7982,-77.8599,Off-Campus Apartment,Graduate,Education,St. Louis,MO,38.627,-90.1994,In a relationship,TRUE,81
U1577,Mia,Brooks,Female,20,2006-02-19,mia.brooks512@example.edu,(536) 555-0190,c6f0da1af0b8b613d50b338f0d3ccd98,University of Texas at Austin,Austin,TX,30.2849,-97.7341,Off-Campus Apartment,Freshman,Graphic Design,Denver,CO,39.7392,-104.9903,Single,TRUE,82
U1578,Valentina,Howard,Female,23,2003-06-26,valentina.howard689@example.edu,(873) 555-0163,b6856a42b51833325737793bd3f9e81b,University of Florida,Gainesville,FL,29.6436,-82.3549,University Apartment,Graduate,Biology,Orlando,FL,28.5384,-81.3789,In a relationship,TRUE,178
U1579,Ananya,Silva,Female,20,2006-05-11,ananya.silva543@example.edu,(801) 555-0142,8d635093c232e7ce83577c8bf24442ac,Penn State University,State College,PA,40.7982,-77.8599,Off-Campus Apartment,Sophomore,Mechanical Engineering,Allentown,PA,40.6084,-75.4902,Prefer not to say,FALSE,161
U1580,Bella,Sharma,Female,23,2003-05-20,bella.sharma46@example.edu,(769) 555-0182,9871e160336ea870c6135d32b6f1f30d,Texas A&M University,College Station,TX,30.6188,-96.3365,Off-Campus Apartment,Graduate,Information Systems,El Paso,TX,31.7619,-106.485,In a relationship,TRUE,262
U1581,Mateo,Moreau,Male,23,2003-09-28,mateo.moreau146@example.edu,(715) 555-0165,f6523ef7d35576e254c8c037e77a5d5a,University of Georgia,Athens,GA,33.948,-83.3773,Off-Campus Apartment,Graduate,Information Systems,Marietta,GA,33.9526,-84.5499,In a relationship,TRUE,208
U1582,Scarlett,Mendoza,Female,20,2006-09-09,scarlett.mendoza820@example.edu,(908) 555-0174,dd79540ccbc50a98dcd1b2bc5b8f6d57,Ohio State University,Columbus,OH,40.0067,-83.0305,University Apartment,Sophomore,Psychology,Dayton,OH,39.7589,-84.1916,Single,TRUE,255
U1583,Hudson,Byrne,Male,21,2005-12-04,hudson.byrne685@example.edu,(954) 555-0104,0f12db04ac916676b19be54a68948d0a,UCLA,Los Angeles,CA,34.0689,-118.4452,Dorm / Residence Hall,Senior,Criminal Justice,Las Vegas,NV,36.1699,-115.1398,In a relationship,TRUE,259
U1584,Emerson,Green,Prefer not to say,20,2006-06-25,emerson.green370@example.edu,(583) 555-0189,b52841600d54616807a0eb97fba09545,Texas A&M University,College Station,TX,30.6188,-96.3365,Lives at Home,Junior,Mechanical Engineering,San Antonio,TX,29.4241,-98.4936,Single,FALSE,151
U1585,Lucas,Santos,Male,19,2007-02-16,lucas.santos303@example.edu,(698) 555-0130,973a3156a90e0e06ab6d8bf6f44c2aaa,Arizona State University,Tempe,AZ,33.4242,-111.9281,Lives at Home,Sophomore,Communications,Nashville,TN,36.1627,-86.7816,In a relationship,FALSE,930
U1586,Lillian,Taylor,Female,20,2006-12-15,lillian.taylor869@example.edu,(546) 555-0164,4e832b8981ebb76852a275b8eb959eb3,Texas A&M University,College Station,TX,30.6188,-96.3365,Dorm / Residence Hall,Freshman,Psychology,Portland,OR,45.5152,-122.6784,Single,FALSE,261
U1587,Sage,Rivera,Non-binary,24,2002-05-22,sage.rivera864@example.edu,(614) 555-0174,e2070de20c5482534718b256bcb4eef8,University of Wisconsin-Madison,Madison,WI,43.0766,-89.4125,Off-Campus Apartment,Graduate,Information Systems,Chicago,IL,41.8781,-87.6298,Single,FALSE,359
U1588,Bella,Dubois,Female,19,2007-01-15,bella.dubois127@example.edu,(229) 555-0137,5b9998358017dae3f022aea9518cb556,Arizona State University,Tempe,AZ,33.4242,-111.9281,Dorm / Residence Hall,Sophomore,Marketing,Scottsdale,AZ,33.4942,-111.9261,Prefer not to say,TRUE,117
U1589,Alondra,Morgan,Female,21,2005-01-21,alondra.morgan849@example.edu,(613) 555-0186,8d9e58598876f22926a3ba89fc273ea7,University of Alabama,Tuscaloosa,AL,33.214,-87.5391,Greek Housing,Junior,Journalism,Richmond,VA,37.5407,-77.436,Single,TRUE,157
U1590,Grayson,Rivera,Male,21,2005-02-19,grayson.rivera241@example.edu,(862) 555-0184,aed711e0022e2eb7e3db9bbbec5a08d5,University of Georgia,Athens,GA,33.948,-83.3773,Off-Campus Apartment,Senior,Criminal Justice,Marietta,GA,33.9526,-84.5499,Prefer not to say,TRUE,98
U1591,Abigail,Wagner,Female,19,2007-02-21,abigail.wagner259@example.edu,(439) 555-0156,5edfaba5305b4d696ec9f79eb234ff1d,Penn State University,State College,PA,40.7982,-77.8599,Dorm / Residence Hall,Freshman,Nursing,Philadelphia,PA,39.9526,-75.1652,In a relationship,FALSE,210
U1592,Mei,Parker,Female,20,2006-03-06,mei.parker489@example.edu,(382) 555-0176,3dbdae0bb1b1b2a9a77fbe87c71172f6,University of Minnesota,Minneapolis,MN,44.974,-93.2277,Lives at Home,Sophomore,Chemistry,Omaha,NE,41.2565,-95.9345,Single,FALSE,96
U1593,Samuel,Hoffman,Male,20,2006-07-09,samuel.hoffman422@example.edu,(377) 555-0179,58eae9ede65dbedc34fc0ee46455d42c,University of Texas at Austin,Austin,TX,30.2849,-97.7341,Dorm / Residence Hall,Junior,Business Administration,Houston,TX,29.7604,-95.3698,Single,FALSE,272
U1594,Ethan,Kowalski,Male,18,2008-04-06,ethan.kowalski551@example.edu,(852) 555-0184,b41cb0d2f3fbb13aa5c86c267ae43ba2,Texas A&M University,College Station,TX,30.6188,-96.3365,Off-Campus Apartment,Freshman,Business Administration,San Antonio,TX,29.4241,-98.4936,Single,TRUE,385
U1595,Everly,Lindberg,Female,21,2005-04-16,everly.lindberg193@example.edu,(413) 555-0139,e6bdb4497a3d3e59230d6b2b3799f4af,University of Texas at Austin,Austin,TX,30.2849,-97.7341,Dorm / Residence Hall,Freshman,Environmental Science,Fort Worth,TX,32.7555,-97.3308,In a relationship,TRUE,190
U1596,Diego,Papadopoulos,Male,19,2007-11-09,diego.papadopoulos926@example.edu,(232) 555-0141,c134dc14599d9aa708f644d323311646,Arizona State University,Tempe,AZ,33.4242,-111.9281,Off-Campus Apartment,Sophomore,Nursing,Tucson,AZ,32.2226,-110.9747,Single,FALSE,174
U1597,Imani,Lindberg,Female,19,2007-02-14,imani.lindberg9@example.edu,(937) 555-0101,ca3e2837c8f95857a8a83383b0cc381c,Texas A&M University,College Station,TX,30.6188,-96.3365,Off-Campus Apartment,Sophomore,Information Systems,Houston,TX,29.7604,-95.3698,Single,FALSE,94
U1598,Willow,Torres,Female,21,2005-02-07,willow.torres297@example.edu,(464) 555-0148,45407e1c08d395fe78e8c27b213836f4,University of Washington,Seattle,WA,47.6553,-122.3035,Off-Campus Apartment,Senior,Finance,Tacoma,WA,47.2529,-122.4443,In a relationship,FALSE,483
U1599,Jacob,Alvarez,Male,20,2006-07-05,jacob.alvarez550@example.edu,(764) 555-0113,e882a6385fac067a6cc8ee00dceaa9f4,UCLA,Los Angeles,CA,34.0689,-118.4452,Dorm / Residence Hall,Junior,Finance,Irvine,CA,33.6846,-117.8265,Single,FALSE,100
U1600,Charlotte,Lindberg,Female,21,2005-10-03,charlotte.lindberg372@example.edu,(415) 555-0153,4213e1885f3cfa7c8ceb304762f698f5,Florida State University,Tallahassee,FL,30.4419,-84.2985,Off-Campus Apartment,Senior,Kinesiology,Jacksonville,FL,30.3322,-81.6557,Single,FALSE,161
U1601,Zoe,Okafor,Female,18,2008-12-05,zoe.okafor759@example.edu,(317) 555-0112,a341730ab7cf1ff97f0ad02092d9946c,University of Florida,Gainesville,FL,29.6436,-82.3549,Greek Housing,Freshman,Environmental Science,Charlotte,NC,35.2271,-80.8431,Single,TRUE,62
U1602,Hazel,Sharma,Female,21,2005-12-21,hazel.sharma923@example.edu,(842) 555-0174,ae60c56e89cb1b5b2f09a6cd55f6fa57,University of Florida,Gainesville,FL,29.6436,-82.3549,Dorm / Residence Hall,Senior,Biology,Tampa,FL,27.9506,-82.4572,Single,FALSE,423
U1603,Riley,James,Female,18,2008-09-21,riley.james369@example.edu,(705) 555-0176,eda5f21d186f953e254df9617f7a2a12,University of Texas at Austin,Austin,TX,30.2849,-97.7341,Off-Campus Apartment,Freshman,Finance,El Paso,TX,31.7619,-106.485,Single,FALSE,205
U1604,Simone,Patel,Female,20,2006-06-21,simone.patel430@example.edu,(785) 555-0122,554cdaa8c86d0ff15de8ee2f58ec8871,University of Alabama,Tuscaloosa,AL,33.214,-87.5391,Dorm / Residence Hall,Sophomore,Accounting,Huntsville,AL,34.7304,-86.5861,Single,FALSE,100
U1605,Nolan,Ramirez,Male,22,2004-08-11,nolan.ramirez706@example.edu,(519) 555-0145,70815de8ad4067044b2015319c07156f,Florida State University,Tallahassee,FL,30.4419,-84.2985,Off-Campus Apartment,Junior,Education,Orlando,FL,28.5384,-81.3789,Single,TRUE,184
U1606,Caleb,Hansen,Male,20,2006-09-23,caleb.hansen385@example.edu,(365) 555-0124,e535d91cec7ff7751c86c6b4fb506953,Ohio State University,Columbus,OH,40.0067,-83.0305,Off-Campus Apartment,Sophomore,Data Analytics,Dayton,OH,39.7589,-84.1916,It's complicated,TRUE,182
U1607,Jin,Davis,Male,21,2005-11-05,jin.davis200@example.edu,(608) 555-0113,074a17e8c2b4b5608619cc027efcafbf,Ohio State University,Columbus,OH,40.0067,-83.0305,Dorm / Residence Hall,Sophomore,Marketing,Cincinnati,OH,39.1031,-84.512,In a relationship,TRUE,174
U1608,Maverick,Osei,Male,21,2005-09-05,maverick.osei572@example.edu,(401) 555-0120,dcb497ba19173739e18377be4b86edb5,Texas A&M University,College Station,TX,30.6188,-96.3365,Dorm / Residence Hall,Freshman,Business Administration,San Antonio,TX,29.4241,-98.4936,In a relationship,TRUE,298
U1609,Eleanor,Yamamoto,Female,18,2008-08-01,eleanor.yamamoto247@example.edu,(890) 555-0100,5a348452a8de05c38cb2ef1347d26f47,University of Georgia,Athens,GA,33.948,-83.3773,Off-Campus Apartment,Freshman,Finance,Marietta,GA,33.9526,-84.5499,In a relationship,TRUE,571
U1610,Hudson,Lindberg,Male,24,2002-06-23,hudson.lindberg775@example.edu,(242) 555-0175,a40224bdd091d00b16d6878239e1ad39,University of Florida,Gainesville,FL,29.6436,-82.3549,University Apartment,Graduate,Graphic Design,Tampa,FL,27.9506,-82.4572,Single,TRUE,250
U1611,Jeremiah,Brooks,Male,19,2007-04-12,jeremiah.brooks45@example.edu,(959) 555-0174,c0fb779675bbf52d8ec9a23421fe9adf,University of Wisconsin-Madison,Madison,WI,43.0766,-89.4125,Off-Campus Apartment,Sophomore,Electrical Engineering,Oklahoma City,OK,35.4676,-97.5164,In a relationship,FALSE,92
U1612,Asher,Ward,Male,19,2007-08-13,asher.ward389@example.edu,(340) 555-0162,89e7aeda3430c67215535693dc1bd2b2,University of Alabama,Tuscaloosa,AL,33.214,-87.5391,University Apartment,Freshman,Kinesiology,New Orleans,LA,29.9511,-90.0715,Single,TRUE,139
U1613,Dakota,Thompson,Non-binary,18,2008-09-20,dakota.thompson322@example.edu,(535) 555-0177,1e4389721a9a61d7843550958a02faef,University of Texas at Austin,Austin,TX,30.2849,-97.7341,Off-Campus Apartment,Freshman,Education,Dallas,TX,32.7767,-96.797,In a relationship,FALSE,217
U1614,David,Chen,Male,20,2006-11-24,david.chen160@example.edu,(496) 555-0146,4603ee43ed7d1beea1909a80fe01a410,University of Florida,Gainesville,FL,29.6436,-82.3549,Dorm / Residence Hall,Junior,Political Science,Tampa,FL,27.9506,-82.4572,Prefer not to say,FALSE,253
U1615,Aiden,Brooks,Male,22,2004-12-20,aiden.brooks291@example.edu,(269) 555-0110,7d1c26d3a2ee206ef5768e5be52d522e,Arizona State University,Tempe,AZ,33.4242,-111.9281,Dorm / Residence Hall,Senior,Civil Engineering,Mesa,AZ,33.4152,-111.8315,Single,FALSE,143
U1616,Yuna,Gonzalez,Female,18,2008-03-22,yuna.gonzalez867@example.edu,(374) 555-0163,5d075e80663e7fa8f16f6999e4bdaf36,Arizona State University,Tempe,AZ,33.4242,-111.9281,Dorm / Residence Hall,Freshman,Mathematics,Salt Lake City,UT,40.7608,-111.891,Single,TRUE,320
U1617,Mia,Hansen,Female,22,2004-03-19,mia.hansen683@example.edu,(301) 555-0139,da3b673f34749d7a3bbfcb76dd9756fe,University of Wisconsin-Madison,Madison,WI,43.0766,-89.4125,Off-Campus Apartment,Senior,Computer Science,Milwaukee,WI,43.0389,-87.9065,In a relationship,FALSE,204
U1618,Jack,Harris,Male,19,2007-06-02,jack.harris233@example.edu,(882) 555-0178,794b94796ad14e934b99ec782a0ba7e7,University of Alabama,Tuscaloosa,AL,33.214,-87.5391,Lives at Home,Sophomore,Graphic Design,Chicago,IL,41.8781,-87.6298,Single,FALSE,161
U1619,Michael,Khan,Male,20,2006-02-15,michael.khan823@example.edu,(950) 555-0139,2d995fd9681d87dc5e8a06ea3258f1a2,Ohio State University,Columbus,OH,40.0067,-83.0305,University Apartment,Junior,Computer Science,Cincinnati,OH,39.1031,-84.512,Single,TRUE,189
U1620,Allison,Young,Female,21,2005-12-20,allison.young796@example.edu,(812) 555-0166,7bebe0650d9f4130eeb1a913e32553fb,Penn State University,State College,PA,40.7982,-77.8599,Greek Housing,Senior,Accounting,Nashville,TN,36.1627,-86.7816,Single,TRUE,174
U1621,Mei,Green,Female,20,2006-08-07,mei.green93@example.edu,(350) 555-0132,3876283ba31bca944ee75b99b22b79b1,University of Washington,Seattle,WA,47.6553,-122.3035,Dorm / Residence Hall,Junior,Economics,Bellevue,WA,47.6101,-122.2015,Single,FALSE,410
U1622,Nolan,Gray,Male,22,2004-04-23,nolan.gray867@example.edu,(342) 555-0164,e0876364e07f974b3812f62a0e481a98,University of Florida,Gainesville,FL,29.6436,-82.3549,Dorm / Residence Hall,Senior,Biology,Orlando,FL,28.5384,-81.3789,Single,FALSE,116
U1623,Sofia,Moreau,Female,20,2006-08-25,sofia.moreau877@example.edu,(811) 555-0198,f791ed348acc53f08bb47d7cea04172d,Florida State University,Tallahassee,FL,30.4419,-84.2985,Off-Campus Apartment,Junior,Marketing,Omaha,NE,41.2565,-95.9345,In a relationship,TRUE,61
U1624,Angel,Lopez,Male,24,2002-10-05,angel.lopez603@example.edu,(885) 555-0178,a87c84a6234e5f40eb3c764ead5d4d84,Arizona State University,Tempe,AZ,33.4242,-111.9281,Off-Campus Apartment,Graduate,Psychology,Scottsdale,AZ,33.4942,-111.9261,It's complicated,FALSE,121
U1625,Stella,Visser,Female,20,2006-03-23,stella.visser647@example.edu,(935) 555-0104,0b84e046c2023ddae36bc070dec7158a,Texas A&M University,College Station,TX,30.6188,-96.3365,Off-Campus Apartment,Junior,Marketing,Chicago,IL,41.8781,-87.6298,Single,FALSE,140
U1626,Sarah,Robinson,Female,23,2003-03-19,sarah.robinson812@example.edu,(266) 555-0159,c1d8c29fcb9a3c0bb9c271d88df36c85,University of Wisconsin-Madison,Madison,WI,43.0766,-89.4125,Dorm / Residence Hall,Junior,Economics,Milwaukee,WI,43.0389,-87.9065,In a relationship,FALSE,198
U1627,Fatima,Lindberg,Female,20,2006-05-01,fatima.lindberg223@example.edu,(697) 555-0174,f952a5d82b0058cef82d19df094f7600,UCLA,Los Angeles,CA,34.0689,-118.4452,Dorm / Residence Hall,Sophomore,Civil Engineering,Sacramento,CA,38.5816,-121.4944,In a relationship,TRUE,394
U1628,Hannah,Sullivan,Female,19,2007-12-27,hannah.sullivan961@example.edu,(865) 555-0153,9b1e12d7f8ee9584b92b3268367e1645,University of Wisconsin-Madison,Madison,WI,43.0766,-89.4125,Dorm / Residence Hall,Freshman,Mathematics,Chicago,IL,41.8781,-87.6298,Single,TRUE,179
U1629,Madison,Sanchez,Female,23,2003-04-27,madison.sanchez590@example.edu,(829) 555-0166,8061b1952d4d68061c290c7eac0ce4ca,University of Minnesota,Minneapolis,MN,44.974,-93.2277,Dorm / Residence Hall,Senior,Mathematics,Duluth,MN,46.7867,-92.1005,In a relationship,TRUE,170
U1630,Sebastian,Choi,Male,23,2003-01-22,sebastian.choi476@example.edu,(300) 555-0101,3797d346d8c92bded11ee6b45419aad9,University of Texas at Austin,Austin,TX,30.2849,-97.7341,Lives at Home,Senior,Business Administration,Omaha,NE,41.2565,-95.9345,Single,FALSE,104
U1631,Lucas,Novak,Male,18,2008-03-04,lucas.novak895@example.edu,(957) 555-0199,7f48223bf8a86a1ee74df312e5c8fa24,Arizona State University,Tempe,AZ,33.4242,-111.9281,Off-Campus Apartment,Freshman,Finance,Tucson,AZ,32.2226,-110.9747,Single,TRUE,146
U1632,Luna,Moreau,Female,20,2006-09-20,luna.moreau310@example.edu,(609) 555-0191,a8897171142729b0ff5d6786d5241a3f,University of Florida,Gainesville,FL,29.6436,-82.3549,Off-Campus Apartment,Freshman,Information Systems,Jacksonville,FL,30.3322,-81.6557,Single,TRUE,267
U1633,Diego,Le,Male,21,2005-04-16,diego.le397@example.edu,(419) 555-0110,bbaeb45108fb27588e969ada1de37d18,UCLA,Los Angeles,CA,34.0689,-118.4452,University Apartment,Senior,Nursing,Fresno,CA,36.7378,-119.7871,Single,TRUE,397
U1634,Camila,Fraser,Female,23,2003-04-02,camila.fraser345@example.edu,(912) 555-0142,b8813989e7b2f42bdea0b7fc8929c78b,Arizona State University,Tempe,AZ,33.4242,-111.9281,University Apartment,Graduate,Business Administration,Scottsdale,AZ,33.4942,-111.9261,Single,FALSE,403
U1635,Abigail,Collins,Female,19,2007-09-10,abigail.collins343@example.edu,(733) 555-0195,fa3f60e924479d5445d481ee03f02b7b,University of Alabama,Tuscaloosa,AL,33.214,-87.5391,Dorm / Residence Hall,Sophomore,Mathematics,Mobile,AL,30.6954,-88.0399,Single,FALSE,222
U1636,Mia,Myers,Female,18,2008-07-02,mia.myers409@example.edu,(695) 555-0120,e6d10b8ffac1651d527ae1c79fcbb6ee,Ohio State University,Columbus,OH,40.0067,-83.0305,Dorm / Residence Hall,Freshman,Criminal Justice,Dayton,OH,39.7589,-84.1916,In a relationship,TRUE,697
U1637,Arjun,Parker,Male,20,2006-05-04,arjun.parker620@example.edu,(604) 555-0110,9356bae8481bb03217ed2cd7177d6493,University of Washington,Seattle,WA,47.6553,-122.3035,Off-Campus Apartment,Junior,Nursing,Vancouver,WA,45.6387,-122.6615,In a relationship,TRUE,214
U1638,Darius,Richardson,Male,21,2005-07-23,darius.richardson932@example.edu,(370) 555-0194,2006aca302a4626a8db779e1c30ad1c4,Arizona State University,Tempe,AZ,33.4242,-111.9281,Lives at Home,Senior,Electrical Engineering,Mesa,AZ,33.4152,-111.8315,Single,FALSE,229
U1639,Mei,James,Female,23,2003-04-11,mei.james499@example.edu,(942) 555-0155,fbbaae561e9e93a306de5f4cd7a2dbcb,University of Minnesota,Minneapolis,MN,44.974,-93.2277,Off-Campus Apartment,Graduate,Public Health,St. Paul,MN,44.9537,-93.09,In a relationship,TRUE,292
U1640,Sarah,Hill,Female,21,2005-08-19,sarah.hill27@example.edu,(301) 555-0140,808f978c7f24e981ff6850ff10c3db3d,University of Michigan,Ann Arbor,MI,42.278,-83.7382,Dorm / Residence Hall,Senior,Finance,Salt Lake City,UT,40.7608,-111.891,Single,FALSE,320
U1641,Leo,Osei,Male,19,2007-10-14,leo.osei300@example.edu,(696) 555-0149,086e019c9b3dbca493d9b0aec20983b6,Texas A&M University,College Station,TX,30.6188,-96.3365,Off-Campus Apartment,Freshman,Environmental Science,Dallas,TX,32.7767,-96.797,Single,FALSE,123
U1642,Hazel,Nelson,Female,22,2004-04-19,hazel.nelson154@example.edu,(532) 555-0137,a1c1232504d704b266d2108a314392a0,UCLA,Los Angeles,CA,34.0689,-118.4452,Dorm / Residence Hall,Senior,English,San Jose,CA,37.3382,-121.8863,Single,TRUE,170
U1643,Hannah,Myers,Female,18,2008-07-28,hannah.myers921@example.edu,(707) 555-0109,807bdd15bf7b4eaf57177d1726f84c36,University of Michigan,Ann Arbor,MI,42.278,-83.7382,Greek Housing,Freshman,Computer Science,Omaha,NE,41.2565,-95.9345,Single,TRUE,267
U1644,Camila,Muller,Female,22,2004-01-07,camila.muller17@example.edu,(859) 555-0115,104be4d20ed1201d5464a3427a3dade2,University of Texas at Austin,Austin,TX,30.2849,-97.7341,Dorm / Residence Hall,Senior,Accounting,Houston,TX,29.7604,-95.3698,Single,TRUE,388
U1645,Chloe,Watson,Female,21,2005-12-05,chloe.watson441@example.edu,(987) 555-0175,24f61d250f942cdda15efe15d3e77213,Ohio State University,Columbus,OH,40.0067,-83.0305,Off-Campus Apartment,Junior,Kinesiology,Cincinnati,OH,39.1031,-84.512,It's complicated,FALSE,458
U1646,Stella,Ruiz,Female,18,2008-10-27,stella.ruiz469@example.edu,(607) 555-0184,8236492df548c1771984ed04ca873489,University of Texas at Austin,Austin,TX,30.2849,-97.7341,Dorm / Residence Hall,Freshman,Electrical Engineering,Denver,CO,39.7392,-104.9903,Single,TRUE,129
U1647,Lincoln,Byrne,Male,19,2007-02-18,lincoln.byrne693@example.edu,(772) 555-0198,48735971f5e9e35a3debc34773add14a,Texas A&M University,College Station,TX,30.6188,-96.3365,Off-Campus Apartment,Sophomore,Criminal Justice,Plano,TX,33.0198,-96.6989,In a relationship,TRUE,372
U1648,Daniel,Laurent,Male,22,2004-03-11,daniel.laurent810@example.edu,(236) 555-0191,9cce1e59b85a6e2187d1f5ae5adf8a95,Texas A&M University,College Station,TX,30.6188,-96.3365,Dorm / Residence Hall,Senior,Marketing,San Antonio,TX,29.4241,-98.4936,In a relationship,TRUE,465
U1649,Alexander,Kaur,Male,21,2005-12-28,alexander.kaur311@example.edu,(660) 555-0107,56ee8a9faf5c2edc45b844a0e409d587,New York University,New York,NY,40.7295,-73.9965,Lives at Home,Junior,Mechanical Engineering,Brooklyn,NY,40.6782,-73.9442,Single,TRUE,112
U1650,Ananya,Myers,Female,23,2003-07-14,ananya.myers769@example.edu,(799) 555-0111,395cac17f6ad59d81c7f17dfad0d7940,Penn State University,State College,PA,40.7982,-77.8599,Dorm / Residence Hall,Senior,Journalism,Boise,ID,43.615,-116.2023,Single,FALSE,406
U1651,Joseph,Rossi,Male,20,2006-01-23,joseph.rossi224@example.edu,(926) 555-0123,8dbe3f6c73a468f3a030d3ed4bcfbe84,University of Florida,Gainesville,FL,29.6436,-82.3549,Dorm / Residence Hall,Junior,Marketing,Orlando,FL,28.5384,-81.3789,In a relationship,FALSE,488
U1652,Phoenix,Ortiz,Non-binary,19,2007-10-26,phoenix.ortiz198@example.edu,(805) 555-0161,e0423a40eb59ba863a2d7cfe0a4ded87,University of Florida,Gainesville,FL,29.6436,-82.3549,Greek Housing,Sophomore,Sociology,Miami,FL,25.7617,-80.1918,Single,TRUE,357
U1653,Aria,Larsen,Female,18,2008-07-19,aria.larsen969@example.edu,(548) 555-0132,ecc4a99012e2b4189aec9820fd3ca8e4,University of Florida,Gainesville,FL,29.6436,-82.3549,Off-Campus Apartment,Freshman,Communications,Tampa,FL,27.9506,-82.4572,In a relationship,TRUE,184
U1654,Alondra,Dubois,Female,22,2004-03-28,alondra.dubois19@example.edu,(417) 555-0119,978ef6ef2bdc3a44f9eb39cc825b3b32,Ohio State University,Columbus,OH,40.0067,-83.0305,Off-Campus Apartment,Senior,Information Systems,Charlotte,NC,35.2271,-80.8431,In a relationship,FALSE,328
U1655,Casey,Cook,Non-binary,18,2008-12-19,casey.cook370@example.edu,(444) 555-0147,126095b616c92cb6d19dc5f0f1b044b2,University of Georgia,Athens,GA,33.948,-83.3773,Off-Campus Apartment,Freshman,Computer Science,Savannah,GA,32.0809,-81.0912,In a relationship,FALSE,187
U1656,Jayden,Williams,Male,18,2008-02-22,jayden.williams960@example.edu,(240) 555-0104,366bba70767fd7f5304d6bde4077e045,University of Georgia,Athens,GA,33.948,-83.3773,Off-Campus Apartment,Freshman,Civil Engineering,Marietta,GA,33.9526,-84.5499,Single,FALSE,133
U1657,Savannah,Lindberg,Female,18,2008-04-13,savannah.lindberg685@example.edu,(474) 555-0116,24527ffa8f4cbe32a70cdf819a4c5db0,University of Alabama,Tuscaloosa,AL,33.214,-87.5391,Dorm / Residence Hall,Freshman,Electrical Engineering,Richmond,VA,37.5407,-77.436,It's complicated,TRUE,162
U1658,Victoria,Rivera,Female,20,2006-03-03,victoria.rivera18@example.edu,(360) 555-0121,c431b0987b4ec93daa536264ff24a35e,Texas A&M University,College Station,TX,30.6188,-96.3365,Dorm / Residence Hall,Freshman,Computer Science,Fort Worth,TX,32.7555,-97.3308,Single,FALSE,132
U1659,Madison,Edwards,Female,18,2008-01-10,madison.edwards933@example.edu,(637) 555-0122,305b07462e394f9676e1c6c57e037e86,UCLA,Los Angeles,CA,34.0689,-118.4452,Off-Campus Apartment,Freshman,Mechanical Engineering,San Jose,CA,37.3382,-121.8863,Single,TRUE,234
U1660,Alondra,Ali,Female,20,2006-06-13,alondra.ali375@example.edu,(344) 555-0144,ae06d77d186181e3e28ab7e9d45dfb0e,University of Minnesota,Minneapolis,MN,44.974,-93.2277,Dorm / Residence Hall,Sophomore,Information Systems,Duluth,MN,46.7867,-92.1005,Prefer not to say,FALSE,214
U1661,Charles,Cox,Male,19,2007-06-13,charles.cox60@example.edu,(812) 555-0118,5d4485e3a1c25bbdc0a9fba4f9469375,University of Michigan,Ann Arbor,MI,42.278,-83.7382,Off-Campus Apartment,Sophomore,English,Grand Rapids,MI,42.9634,-85.6681,Single,TRUE,91
U1662,Eleanor,Myers,Female,21,2005-05-20,eleanor.myers82@example.edu,(600) 555-0193,7552fe56002a5ecf44dca515ab6886ef,University of Florida,Gainesville,FL,29.6436,-82.3549,Dorm / Residence Hall,Senior,Environmental Science,Boise,ID,43.615,-116.2023,Single,FALSE,383
U1663,Carlos,Fernandez,Male,23,2003-08-03,carlos.fernandez910@example.edu,(678) 555-0142,233ab9cf1c6e2d2b2b9d15615f3af20f,University of Georgia,Athens,GA,33.948,-83.3773,Off-Campus Apartment,Graduate,Psychology,Marietta,GA,33.9526,-84.5499,Single,TRUE,156
U1664,Aaron,Thompson,Male,25,2001-01-21,aaron.thompson550@example.edu,(974) 555-0130,8f88c1e03bda6aa6fe750048ad18fa34,Texas A&M University,College Station,TX,30.6188,-96.3365,University Apartment,Graduate,Political Science,Plano,TX,33.0198,-96.6989,In a relationship,FALSE,210
U1665,Everly,Rivera,Female,18,2008-04-09,everly.rivera885@example.edu,(256) 555-0117,2f0d54948bea11dbe032dbac2d6c3410,University of Alabama,Tuscaloosa,AL,33.214,-87.5391,Dorm / Residence Hall,Freshman,Nursing,Newark,NJ,40.7357,-74.1724,In a relationship,TRUE,135
U1666,Daniela,Lopez,Female,20,2006-08-01,daniela.lopez834@example.edu,(494) 555-0190,4fd274d9c540423f896d075dc0336452,University of Michigan,Ann Arbor,MI,42.278,-83.7382,Off-Campus Apartment,Junior,Mechanical Engineering,Detroit,MI,42.3314,-83.0458,In a relationship,FALSE,297
U1667,Luca,Tanaka,Male,19,2007-12-21,luca.tanaka896@example.edu,(565) 555-0101,bf7228fba5858adf766d556c252e8c91,University of Minnesota,Minneapolis,MN,44.974,-93.2277,Dorm / Residence Hall,Freshman,Business Administration,St. Paul,MN,44.9537,-93.09,Single,FALSE,122
U1668,Kinsley,Martinez,Female,22,2004-02-03,kinsley.martinez22@example.edu,(261) 555-0183,5c4e22feaf75948c3ec8fc434c6d005b,UCLA,Los Angeles,CA,34.0689,-118.4452,Off-Campus Apartment,Senior,Criminal Justice,Nashville,TN,36.1627,-86.7816,Single,TRUE,139
U1669,Nora,Harris,Female,20,2006-07-16,nora.harris238@example.edu,(440) 555-0119,3e20ecd8d8789c259634beaeee0bc32d,Texas A&M University,College Station,TX,30.6188,-96.3365,Off-Campus Apartment,Junior,English,Richmond,VA,37.5407,-77.436,Single,FALSE,162
U1670,Allison,Young,Female,19,2007-11-05,allison.young667@example.edu,(557) 555-0169,024b340ae4f3d1592c6ff66fe91a1883,New York University,New York,NY,40.7295,-73.9965,Dorm / Residence Hall,Sophomore,Chemistry,Syracuse,NY,43.0481,-76.1474,Single,FALSE,201
U1671,Charlotte,Carter,Female,22,2004-09-03,charlotte.carter236@example.edu,(923) 555-0119,fca630c448b7ff68d3eda37d9a939581,Penn State University,State College,PA,40.7982,-77.8599,Off-Campus Apartment,Senior,Chemistry,Pittsburgh,PA,40.4406,-79.9959,In a relationship,TRUE,157
U1672,Josiah,Sanders,Male,18,2008-11-22,josiah.sanders252@example.edu,(550) 555-0144,05579f9b3c4b48cd0914efa73c8425ac,University of Georgia,Athens,GA,33.948,-83.3773,Off-Campus Apartment,Freshman,Journalism,Charlotte,NC,35.2271,-80.8431,Single,FALSE,257
U1673,Thomas,Lindberg,Male,21,2005-01-18,thomas.lindberg831@example.edu,(418) 555-0192,7fe1502565ae2a568fe1546fc45e6c7a,Texas A&M University,College Station,TX,30.6188,-96.3365,Dorm / Residence Hall,Junior,Graphic Design,San Antonio,TX,29.4241,-98.4936,Single,FALSE,252
U1674,Willow,Fernandez,Female,18,2008-07-15,willow.fernandez297@example.edu,(439) 555-0104,ef540e482158f8f7b2dc3d5ad5352cc3,UCLA,Los Angeles,CA,34.0689,-118.4452,Off-Campus Apartment,Freshman,Nursing,Sacramento,CA,38.5816,-121.4944,Single,TRUE,346
U1675,Abigail,Long,Female,21,2005-01-22,abigail.long360@example.edu,(572) 555-0140,5620d9ce77386b603ad0c84db5c29c9a,University of Texas at Austin,Austin,TX,30.2849,-97.7341,Off-Campus Apartment,Sophomore,Graphic Design,El Paso,TX,31.7619,-106.485,Single,FALSE,111
U1676,Owen,Tanaka,Male,21,2005-09-10,owen.tanaka157@example.edu,(690) 555-0125,55742d357929cf3b702c315d0dd75dab,Penn State University,State College,PA,40.7982,-77.8599,Off-Campus Apartment,Junior,Data Analytics,Portland,OR,45.5152,-122.6784,Single,TRUE,560
U1677,Simone,Baker,Female,20,2006-02-10,simone.baker452@example.edu,(486) 555-0143,d5cc0cea9affb205d9060cf594142361,University of Florida,Gainesville,FL,29.6436,-82.3549,Dorm / Residence Hall,Junior,Biology,Orlando,FL,28.5384,-81.3789,In a relationship,TRUE,119
U1678,Omar,Ali,Male,20,2006-12-17,omar.ali506@example.edu,(812) 555-0102,5ca792c60a4cb9e25ea1a5762b5feab7,University of Minnesota,Minneapolis,MN,44.974,-93.2277,Off-Campus Apartment,Junior,Environmental Science,Duluth,MN,46.7867,-92.1005,In a relationship,FALSE,222
U1679,Lily,Garcia,Female,19,2007-01-28,lily.garcia466@example.edu,(691) 555-0142,84c869d4d57f15fb14454604bbdf0797,University of Alabama,Tuscaloosa,AL,33.214,-87.5391,Dorm / Residence Hall,Freshman,Public Health,Hartford,CT,41.7658,-72.6734,In a relationship,TRUE,177
U1680,Emerson,Papadopoulos,Prefer not to say,20,2006-07-15,emerson.papadopoulos196@example.edu,(396) 555-0114,6226dd27f0ad9980503c6c2ec318a154,University of Florida,Gainesville,FL,29.6436,-82.3549,University Apartment,Junior,Business Administration,Salt Lake City,UT,40.7608,-111.891,Prefer not to say,FALSE,107
U1681,Jasmine,Bailey,Female,19,2007-01-06,jasmine.bailey972@example.edu,(959) 555-0116,75e03a58da4b1caf3fa5e604b29fc5f5,Arizona State University,Tempe,AZ,33.4242,-111.9281,University Apartment,Sophomore,Education,Phoenix,AZ,33.4484,-112.074,Single,TRUE,272
U1682,Rowan,White,Prefer not to say,20,2006-03-21,rowan.white548@example.edu,(715) 555-0131,6f779e8929b664da21cb6ad484d1427c,Penn State University,State College,PA,40.7982,-77.8599,Dorm / Residence Hall,Freshman,Marketing,Pittsburgh,PA,40.4406,-79.9959,Prefer not to say,FALSE,201
U1683,Angel,Anderson,Male,21,2005-03-21,angel.anderson28@example.edu,(841) 555-0173,bc217044251203f998ec2937d06d44ab,New York University,New York,NY,40.7295,-73.9965,Dorm / Residence Hall,Senior,Education,Buffalo,NY,42.8864,-78.8784,In a relationship,TRUE,309
U1684,Lucas,Morgan,Male,21,2005-01-24,lucas.morgan566@example.edu,(609) 555-0165,9f5011ed2bba5083a43fed66f6852556,University of Wisconsin-Madison,Madison,WI,43.0766,-89.4125,Off-Campus Apartment,Senior,Sociology,Charlotte,NC,35.2271,-80.8431,In a relationship,FALSE,392
U1685,Jack,Mensah,Male,20,2006-06-23,jack.mensah676@example.edu,(776) 555-0124,18747f841a82839469b7b363575d5ba4,UCLA,Los Angeles,CA,34.0689,-118.4452,Dorm / Residence Hall,Junior,Chemistry,San Jose,CA,37.3382,-121.8863,Prefer not to say,TRUE,395
U1686,Ava,Yamamoto,Female,21,2005-06-18,ava.yamamoto425@example.edu,(913) 555-0186,eb34b822b6b27036cde1c2f08d776132,University of Florida,Gainesville,FL,29.6436,-82.3549,Dorm / Residence Hall,Senior,Data Analytics,Omaha,NE,41.2565,-95.9345,Single,TRUE,201
U1687,Hunter,Le,Male,20,2006-04-05,hunter.le140@example.edu,(390) 555-0133,1572e38d642e5b8eabf7f5f92a35909b,University of Texas at Austin,Austin,TX,30.2849,-97.7341,Dorm / Residence Hall,Sophomore,Sociology,Fort Worth,TX,32.7555,-97.3308,In a relationship,TRUE,192
U1688,Priya,Ortiz,Female,24,2002-05-16,priya.ortiz74@example.edu,(787) 555-0172,e6b02ca0063f12fbfaa5f847bc833b51,University of Wisconsin-Madison,Madison,WI,43.0766,-89.4125,Off-Campus Apartment,Senior,Education,Appleton,WI,44.2619,-88.4154,In a relationship,TRUE,355
U1689,Victoria,Reed,Female,23,2003-01-10,victoria.reed12@example.edu,(987) 555-0133,6409856a590d6f73b0223b9d7fa481d1,University of Florida,Gainesville,FL,29.6436,-82.3549,Lives at Home,Graduate,Undeclared,Columbia,SC,34.0007,-81.0348,Single,FALSE,277
U1690,Ellie,Wagner,Female,18,2008-11-20,ellie.wagner274@example.edu,(684) 555-0124,d074566a02f33f50edee988f402bb9cf,University of Michigan,Ann Arbor,MI,42.278,-83.7382,University Apartment,Freshman,Communications,Lansing,MI,42.7325,-84.5555,Single,FALSE,288
U1691,Benjamin,Kaur,Male,21,2005-01-04,benjamin.kaur455@example.edu,(623) 555-0127,67f980319651690df93035a039486c5e,University of Georgia,Athens,GA,33.948,-83.3773,Off-Campus Apartment,Sophomore,Criminal Justice,Kansas City,MO,39.0997,-94.5786,Single,TRUE,141
U1692,Santiago,Mendoza,Male,21,2005-04-11,santiago.mendoza326@example.edu,(214) 555-0186,9a3c98f4e37d4323801dd7d8aef821d1,University of Washington,Seattle,WA,47.6553,-122.3035,Dorm / Residence Hall,Senior,Political Science,Spokane,WA,47.6588,-117.426,Single,FALSE,609
U1693,Aurora,Fraser,Female,20,2006-04-16,aurora.fraser972@example.edu,(724) 555-0129,4824978b4b6e93904e7ee3b61e9e1193,University of Texas at Austin,Austin,TX,30.2849,-97.7341,Dorm / Residence Hall,Sophomore,Sociology,El Paso,TX,31.7619,-106.485,In a relationship,TRUE,175
U1694,Aisha,Murray,Female,22,2004-08-19,aisha.murray626@example.edu,(644) 555-0142,3bf38cafb482f97a5bdfa486312e07bc,Penn State University,State College,PA,40.7982,-77.8599,Dorm / Residence Hall,Sophomore,Biology,Erie,PA,42.1292,-80.0851,Single,FALSE,204
U1695,Sebastian,Mensah,Male,24,2002-05-18,sebastian.mensah243@example.edu,(829) 555-0182,1078ac145429027b7202d64332db252b,Penn State University,State College,PA,40.7982,-77.8599,Off-Campus Apartment,Graduate,Finance,Charlotte,NC,35.2271,-80.8431,Single,TRUE,281
U1696,Bella,Parker,Female,20,2006-06-21,bella.parker29@example.edu,(604) 555-0126,c87fd4bfc23209e05c5441fe9fc79827,University of Washington,Seattle,WA,47.6553,-122.3035,Dorm / Residence Hall,Sophomore,Education,Spokane,WA,47.6588,-117.426,Single,FALSE,206
U1697,Jeremiah,Walker,Male,20,2006-10-04,jeremiah.walker802@example.edu,(879) 555-0138,36bdf302a09b6110fd0aa5f1e06b5eb6,University of Minnesota,Minneapolis,MN,44.974,-93.2277,Dorm / Residence Hall,Sophomore,Business Administration,St. Paul,MN,44.9537,-93.09,Single,FALSE,214
U1698,Cameron,Park,Male,18,2008-08-27,cameron.park521@example.edu,(244) 555-0193,cec6dd18876071b470ecc818986b8c31,University of Minnesota,Minneapolis,MN,44.974,-93.2277,Off-Campus Apartment,Freshman,Computer Science,Newark,NJ,40.7357,-74.1724,In a relationship,FALSE,122
U1699,Ellie,Wood,Female,18,2008-11-17,ellie.wood942@example.edu,(864) 555-0179,c65adfe955ed77e52a768887dd440b55,Texas A&M University,College Station,TX,30.6188,-96.3365,University Apartment,Freshman,Business Administration,Houston,TX,29.7604,-95.3698,Single,TRUE,109
U1700,Jackson,Myers,Male,21,2005-02-12,jackson.myers237@example.edu,(938) 555-0177,60d5a5ca052ed0b084a26627816439cf,Arizona State University,Tempe,AZ,33.4242,-111.9281,University Apartment,Senior,Information Systems,Phoenix,AZ,33.4484,-112.074,In a relationship,FALSE,246
U1701,Willow,Campbell,Female,24,2002-04-07,willow.campbell699@example.edu,(951) 555-0156,dea78013bc823278dc02266f21ca4704,University of Texas at Austin,Austin,TX,30.2849,-97.7341,Off-Campus Apartment,Graduate,Kinesiology,Portland,OR,45.5152,-122.6784,Single,FALSE,182
U1702,Yuna,King,Female,18,2008-04-15,yuna.king192@example.edu,(707) 555-0132,f70a5434123b34974dd77031f00d8aa7,UCLA,Los Angeles,CA,34.0689,-118.4452,Lives at Home,Freshman,Environmental Science,Indianapolis,IN,39.7684,-86.1581,Single,TRUE,70
U1703,Axel,Turner,Male,20,2006-01-01,axel.turner673@example.edu,(875) 555-0145,6caad62a82a62eebbfeea51fcde5968b,University of Florida,Gainesville,FL,29.6436,-82.3549,Off-Campus Apartment,Sophomore,Business Administration,Miami,FL,25.7617,-80.1918,Prefer not to say,FALSE,200
U1704,Charlotte,Mensah,Female,20,2006-05-17,charlotte.mensah629@example.edu,(399) 555-0174,1c4e1ad1ce278735054fc756fcf2786c,University of Alabama,Tuscaloosa,AL,33.214,-87.5391,Dorm / Residence Hall,Sophomore,Kinesiology,Montgomery,AL,32.3668,-86.3,Single,FALSE,295
U1705,Fatima,Clark,Female,18,2008-12-03,fatima.clark430@example.edu,(264) 555-0134,38a3a2e338f8ef45567f5fd662c0b241,University of Minnesota,Minneapolis,MN,44.974,-93.2277,Off-Campus Apartment,Freshman,Accounting,Rochester,MN,44.0121,-92.4802,Single,TRUE,493
U1706,Joshua,Haddad,Male,21,2005-06-14,joshua.haddad195@example.edu,(820) 555-0107,5a02c2524a098717186e9b22f39fba64,University of Texas at Austin,Austin,TX,30.2849,-97.7341,Lives at Home,Senior,Psychology,Dallas,TX,32.7767,-96.797,In a relationship,TRUE,253
U1707,Tariq,Pham,Male,21,2005-12-20,tariq.pham374@example.edu,(500) 555-0103,b7f1da26162744a85918b2bcf42994e4,University of Florida,Gainesville,FL,29.6436,-82.3549,Off-Campus Apartment,Senior,Communications,Jacksonville,FL,30.3322,-81.6557,Single,FALSE,94
U1708,Angel,Walker,Male,18,2008-08-14,angel.walker443@example.edu,(293) 555-0100,06ca3614b349083773f545e52320065a,University of Texas at Austin,Austin,TX,30.2849,-97.7341,Off-Campus Apartment,Freshman,Chemistry,El Paso,TX,31.7619,-106.485,Single,TRUE,200
U1709,Natalie,Wilson,Female,21,2005-07-13,natalie.wilson416@example.edu,(932) 555-0134,93496d6a99747fbc72f751fad1676841,University of Wisconsin-Madison,Madison,WI,43.0766,-89.4125,Dorm / Residence Hall,Senior,Environmental Science,Boise,ID,43.615,-116.2023,In a relationship,FALSE,293
U1710,Imani,Ramos,Female,20,2006-09-21,imani.ramos826@example.edu,(632) 555-0178,3b7235d56871b97bf306ad81b04e7dc9,University of Georgia,Athens,GA,33.948,-83.3773,Dorm / Residence Hall,Junior,Psychology,Savannah,GA,32.0809,-81.0912,In a relationship,TRUE,400
U1711,Diego,Evans,Male,21,2005-12-14,diego.evans329@example.edu,(253) 555-0167,1f4e8715f15931e30b31d146583cdc73,UCLA,Los Angeles,CA,34.0689,-118.4452,Off-Campus Apartment,Senior,Business Administration,Louisville,KY,38.2527,-85.7585,In a relationship,FALSE,349
U1712,David,Singh,Male,19,2007-07-23,david.singh723@example.edu,(715) 555-0146,1182daf17bd115b24069fd778b76cc59,Arizona State University,Tempe,AZ,33.4242,-111.9281,University Apartment,Sophomore,Computer Science,Phoenix,AZ,33.4484,-112.074,Single,FALSE,89
U1713,Emilia,Long,Female,20,2006-04-15,emilia.long843@example.edu,(269) 555-0159,46691d8a8f61890ccb05a854611d2684,University of Texas at Austin,Austin,TX,30.2849,-97.7341,Dorm / Residence Hall,Sophomore,Computer Science,Salt Lake City,UT,40.7608,-111.891,Single,TRUE,106
U1714,Amelia,Lopez,Female,22,2004-05-14,amelia.lopez5@example.edu,(594) 555-0156,3fbd9b70cb315c26a505dbc75d988d45,Florida State University,Tallahassee,FL,30.4419,-84.2985,Dorm / Residence Hall,Senior,Civil Engineering,Tampa,FL,27.9506,-82.4572,In a relationship,TRUE,249
U1715,Isabella,Turner,Female,21,2005-12-10,isabella.turner510@example.edu,(728) 555-0140,fb5fc4d15d53b176b32416e4e2866ce9,University of Minnesota,Minneapolis,MN,44.974,-93.2277,Dorm / Residence Hall,Senior,Political Science,Portland,OR,45.5152,-122.6784,In a relationship,TRUE,323
U1716,Paisley,Foster,Female,19,2007-06-07,paisley.foster344@example.edu,(460) 555-0142,1fb79475e63f2a8e0476412e951efd81,University of Washington,Seattle,WA,47.6553,-122.3035,Greek Housing,Sophomore,Communications,Bellevue,WA,47.6101,-122.2015,Single,FALSE,166
U1717,Sophia,Kim,Female,18,2008-05-25,sophia.kim217@example.edu,(669) 555-0118,4334a0ba779733d0c1a86f773fa984b8,University of Georgia,Athens,GA,33.948,-83.3773,Dorm / Residence Hall,Freshman,History,Atlanta,GA,33.749,-84.388,Prefer not to say,FALSE,224
U1718,Zoe,Morgan,Female,19,2007-01-09,zoe.morgan341@example.edu,(893) 555-0149,fb1fd99aa7662aacbd1a5e7b487b087f,University of Florida,Gainesville,FL,29.6436,-82.3549,Dorm / Residence Hall,Sophomore,History,Orlando,FL,28.5384,-81.3789,In a relationship,TRUE,276
U1719,Christian,Walsh,Male,23,2003-08-20,christian.walsh910@example.edu,(699) 555-0186,8f09b814ddf777dc44200e4e305bb1e9,Florida State University,Tallahassee,FL,30.4419,-84.2985,Dorm / Residence Hall,Senior,Mechanical Engineering,New Orleans,LA,29.9511,-90.0715,Single,TRUE,100
U1720,Ryan,Garcia,Male,21,2005-04-05,ryan.garcia965@example.edu,(557) 555-0185,1fb7ed9248cc0678d503c6efdf1caf15,Texas A&M University,College Station,TX,30.6188,-96.3365,Dorm / Residence Hall,Senior,Graphic Design,Richmond,VA,37.5407,-77.436,In a relationship,FALSE,104
U1721,Elizabeth,Hansen,Female,24,2002-09-19,elizabeth.hansen101@example.edu,(843) 555-0148,501488533f0803c00cf0622124234cbf,University of Texas at Austin,Austin,TX,30.2849,-97.7341,Off-Campus Apartment,Graduate,Sociology,New Orleans,LA,29.9511,-90.0715,Single,TRUE,347
U1722,John,Ward,Male,19,2007-10-09,john.ward246@example.edu,(914) 555-0178,89d3d2382892ae63ea35bccefa702708,Texas A&M University,College Station,TX,30.6188,-96.3365,Off-Campus Apartment,Freshman,Business Administration,San Antonio,TX,29.4241,-98.4936,In a relationship,TRUE,185
U1723,Isabella,Rodriguez,Female,21,2005-04-27,isabella.rodriguez607@example.edu,(917) 555-0199,17c2c1a3b19f50f0d0ce7d8123453ae9,University of Georgia,Athens,GA,33.948,-83.3773,Greek Housing,Junior,Psychology,Atlanta,GA,33.749,-84.388,It's complicated,FALSE,142
U1724,Grace,Williams,Female,20,2006-02-14,grace.williams655@example.edu,(625) 555-0157,1c49d08390e856918378d10b8f8ce3d3,Florida State University,Tallahassee,FL,30.4419,-84.2985,Dorm / Residence Hall,Junior,Criminal Justice,Jacksonville,FL,30.3322,-81.6557,Single,TRUE,208
U1725,Jaxon,Chen,Male,18,2008-09-08,jaxon.chen785@example.edu,(512) 555-0162,7a7ac901ea64e6b6710c28d255bb1554,University of Minnesota,Minneapolis,MN,44.974,-93.2277,University Apartment,Freshman,Kinesiology,Bloomington,MN,44.8408,-93.2983,Single,TRUE,347
U1726,Daniela,Osei,Female,23,2003-06-19,daniela.osei885@example.edu,(960) 555-0119,376137e99e09c02db47660d7b9040626,University of Minnesota,Minneapolis,MN,44.974,-93.2277,Off-Campus Apartment,Graduate,Business Administration,Newark,NJ,40.7357,-74.1724,Single,FALSE,230
U1727,Darius,Collins,Male,21,2005-10-26,darius.collins879@example.edu,(401) 555-0144,8941493c4635e27fb7a05abdee2f214c,University of Florida,Gainesville,FL,29.6436,-82.3549,Off-Campus Apartment,Senior,Economics,Kansas City,MO,39.0997,-94.5786,In a relationship,TRUE,178
U1728,Ezekiel,James,Male,23,2003-07-17,ezekiel.james806@example.edu,(593) 555-0136,668c6bcb3c6801c4001eee06fc35c8e6,Texas A&M University,College Station,TX,30.6188,-96.3365,University Apartment,Senior,English,San Antonio,TX,29.4241,-98.4936,In a relationship,FALSE,84
U1729,Mohammed,Wright,Male,21,2005-10-08,mohammed.wright265@example.edu,(786) 555-0171,6d68b47ace35a120b0ef26bd96022917,Arizona State University,Tempe,AZ,33.4242,-111.9281,Dorm / Residence Hall,Senior,Biology,Phoenix,AZ,33.4484,-112.074,Single,FALSE,111
U1730,Lillian,Hughes,Female,19,2007-11-04,lillian.hughes384@example.edu,(722) 555-0171,483f0ea17bcb1b72491ba8ab94bd9ff4,University of Wisconsin-Madison,Madison,WI,43.0766,-89.4125,Lives at Home,Freshman,Computer Science,Kenosha,WI,42.5847,-87.8212,Single,FALSE,279
U1731,Aubrey,Park,Female,20,2006-05-22,aubrey.park876@example.edu,(764) 555-0108,6adab831f53da83e395825c3699057e3,Arizona State University,Tempe,AZ,33.4242,-111.9281,Dorm / Residence Hall,Junior,Mathematics,Tucson,AZ,32.2226,-110.9747,Prefer not to say,FALSE,243
U1732,Eleanor,Li,Female,19,2007-10-27,eleanor.li220@example.edu,(533) 555-0159,de5d7e195a3be34de6ef5ced6f6f70cb,Arizona State University,Tempe,AZ,33.4242,-111.9281,University Apartment,Sophomore,Kinesiology,Las Vegas,NV,36.1699,-115.1398,In a relationship,TRUE,206
U1733,Julian,Lopez,Male,20,2006-01-19,julian.lopez379@example.edu,(520) 555-0197,9041ac70a5c0b1804822f9bda352426b,University of Washington,Seattle,WA,47.6553,-122.3035,Dorm / Residence Hall,Sophomore,Electrical Engineering,Bellevue,WA,47.6101,-122.2015,Single,TRUE,163
U1734,Lucy,Diaz,Female,19,2007-06-10,lucy.diaz953@example.edu,(656) 555-0192,fb0656f3b40c87016dbdc2ac906ca838,Penn State University,State College,PA,40.7982,-77.8599,Off-Campus Apartment,Sophomore,Communications,Erie,PA,42.1292,-80.0851,In a relationship,FALSE,229
U1735,Simone,Rossi,Female,23,2003-02-24,simone.rossi966@example.edu,(313) 555-0136,46fac7d250f9291a12b698d767e0aeb2,Penn State University,State College,PA,40.7982,-77.8599,Off-Campus Apartment,Graduate,Public Health,Erie,PA,42.1292,-80.0851,Single,TRUE,367
U1736,Carlos,Cruz,Male,18,2008-12-11,carlos.cruz401@example.edu,(503) 555-0147,c23dc0837aeb580c53801a089677f13e,Ohio State University,Columbus,OH,40.0067,-83.0305,Lives at Home,Freshman,Mechanical Engineering,Boston,MA,42.3601,-71.0589,Single,TRUE,343
U1737,Sofia,Silva,Female,21,2005-03-09,sofia.silva814@example.edu,(299) 555-0161,906a73f52dbff972b06afe037792ee27,University of Wisconsin-Madison,Madison,WI,43.0766,-89.4125,Off-Campus Apartment,Junior,Graphic Design,Appleton,WI,44.2619,-88.4154,In a relationship,TRUE,182
U1738,Fatima,Evans,Female,19,2007-08-01,fatima.evans679@example.edu,(369) 555-0103,e20f9265cb7b34faf29c5a40e69a19e9,University of Georgia,Athens,GA,33.948,-83.3773,Off-Campus Apartment,Sophomore,Music,Marietta,GA,33.9526,-84.5499,Prefer not to say,TRUE,213
U1739,Jin,Ali,Male,19,2007-08-17,jin.ali781@example.edu,(677) 555-0152,aa39361ac4602fde23ca94591c0f1c29,Arizona State University,Tempe,AZ,33.4242,-111.9281,Dorm / Residence Hall,Sophomore,Mechanical Engineering,Phoenix,AZ,33.4484,-112.074,Single,TRUE,175
U1740,Owen,Roberts,Male,21,2005-04-25,owen.roberts258@example.edu,(825) 555-0120,6e9d33273620eb979f88e9df0593c7f2,University of Wisconsin-Madison,Madison,WI,43.0766,-89.4125,Lives at Home,Senior,Communications,Appleton,WI,44.2619,-88.4154,Single,TRUE,174
U1741,Quinn,Papadopoulos,Non-binary,23,2003-07-23,quinn.papadopoulos258@example.edu,(290) 555-0159,f52f00e6f33ebf40d958a70f5108c6a5,UCLA,Los Angeles,CA,34.0689,-118.4452,Off-Campus Apartment,Graduate,Economics,San Diego,CA,32.7157,-117.1611,Single,FALSE,280
U1742,Diego,Wood,Male,19,2007-10-28,diego.wood453@example.edu,(872) 555-0149,226d885e0ffd3b7ccbc1819d59a52976,University of Wisconsin-Madison,Madison,WI,43.0766,-89.4125,Lives at Home,Sophomore,Undeclared,Kenosha,WI,42.5847,-87.8212,Single,FALSE,292
U1743,Emily,Lee,Female,22,2004-06-17,emily.lee797@example.edu,(388) 555-0128,f41a7cd7bc87c399f418d7b161845eee,Texas A&M University,College Station,TX,30.6188,-96.3365,Dorm / Residence Hall,Senior,Business Administration,Columbia,SC,34.0007,-81.0348,In a relationship,FALSE,64
U1744,Priya,White,Female,21,2005-11-04,priya.white850@example.edu,(610) 555-0121,4048b967e4cf3ffe67588704428f3b44,University of Florida,Gainesville,FL,29.6436,-82.3549,Dorm / Residence Hall,Senior,Data Analytics,Tampa,FL,27.9506,-82.4572,Single,TRUE,60
U1745,Maverick,Taylor,Male,25,2001-09-16,maverick.taylor734@example.edu,(398) 555-0152,36cbe2c206af42a6ce74adff0ecc9a8e,University of Georgia,Athens,GA,33.948,-83.3773,Lives at Home,Graduate,History,Omaha,NE,41.2565,-95.9345,Prefer not to say,TRUE,153
U1746,Maverick,Watson,Male,21,2005-02-26,maverick.watson911@example.edu,(634) 555-0198,d2a540368a71acfa52341736a6cdb1c4,Ohio State University,Columbus,OH,40.0067,-83.0305,University Apartment,Senior,Public Health,Chicago,IL,41.8781,-87.6298,Single,FALSE,484
U1747,Miles,Phillips,Male,21,2005-06-01,miles.phillips286@example.edu,(602) 555-0104,9c19afb9ced4fa64aef06f087ee6d2a9,Arizona State University,Tempe,AZ,33.4242,-111.9281,Off-Campus Apartment,Junior,Information Systems,Scottsdale,AZ,33.4942,-111.9261,In a relationship,TRUE,204
U1748,Omar,Li,Male,20,2006-10-13,omar.li485@example.edu,(532) 555-0160,a7631c56e89c01eed281679a5b6cda91,University of Texas at Austin,Austin,TX,30.2849,-97.7341,Dorm / Residence Hall,Sophomore,Biology,Fort Worth,TX,32.7555,-97.3308,In a relationship,FALSE,337
U1749,Penelope,Lindberg,Female,19,2007-04-23,penelope.lindberg521@example.edu,(678) 555-0185,177a0251fd24f2e219cd3b692f03f56d,University of Washington,Seattle,WA,47.6553,-122.3035,Dorm / Residence Hall,Freshman,Sociology,Tacoma,WA,47.2529,-122.4443,Single,TRUE,166
U1750,Diego,Park,Male,20,2006-10-17,diego.park808@example.edu,(234) 555-0131,a64b6bd99827f0ca8ffa3ff498a18065,Ohio State University,Columbus,OH,40.0067,-83.0305,Off-Campus Apartment,Junior,Political Science,Boston,MA,42.3601,-71.0589,Single,FALSE,181
U1751,Stella,Brown,Female,21,2005-07-05,stella.brown46@example.edu,(988) 555-0164,9686d9970ea99fc683ca4aea21d29913,UCLA,Los Angeles,CA,34.0689,-118.4452,Dorm / Residence Hall,Sophomore,Education,Chicago,IL,41.8781,-87.6298,Single,FALSE,517
U1752,Logan,Lee,Male,23,2003-09-20,logan.lee472@example.edu,(859) 555-0132,60c0fbeca3fa5b4189f06f25d51afed1,UCLA,Los Angeles,CA,34.0689,-118.4452,Off-Campus Apartment,Graduate,Mechanical Engineering,Sacramento,CA,38.5816,-121.4944,It's complicated,TRUE,211
U1753,Bella,Vargas,Female,23,2003-11-08,bella.vargas808@example.edu,(356) 555-0131,c133fe6160456a0b44000aaf741b125b,University of Florida,Gainesville,FL,29.6436,-82.3549,Off-Campus Apartment,Graduate,Communications,Richmond,VA,37.5407,-77.436,Single,FALSE,305
U1754,Benjamin,Howard,Male,23,2003-07-28,benjamin.howard306@example.edu,(876) 555-0121,bed550b6a7cbe0d380d17ed418624bc5,University of Michigan,Ann Arbor,MI,42.278,-83.7382,Off-Campus Apartment,Graduate,Education,Detroit,MI,42.3314,-83.0458,Single,FALSE,373
U1755,Nora,Hoffman,Female,21,2005-11-28,nora.hoffman720@example.edu,(366) 555-0101,f139caafe51c5e4f8236ffade5416655,University of Wisconsin-Madison,Madison,WI,43.0766,-89.4125,Off-Campus Apartment,Junior,Psychology,Indianapolis,IN,39.7684,-86.1581,Single,FALSE,114
U1756,Daniel,Wagner,Male,21,2005-03-08,daniel.wagner367@example.edu,(284) 555-0197,609bb32c7b9b552a30b4da3061fb19f2,University of Washington,Seattle,WA,47.6553,-122.3035,Dorm / Residence Hall,Senior,Psychology,Spokane,WA,47.6588,-117.426,In a relationship,TRUE,242
U1757,Emma,Lindberg,Female,19,2007-04-13,emma.lindberg541@example.edu,(425) 555-0153,f5bf3015897be36c3a5a58ea53aa2141,Arizona State University,Tempe,AZ,33.4242,-111.9281,Greek Housing,Sophomore,Kinesiology,Phoenix,AZ,33.4484,-112.074,It's complicated,TRUE,288
U1758,Robert,Williams,Male,18,2008-05-15,robert.williams450@example.edu,(592) 555-0130,60aaf9719e126322a372613cbeca5c8a,Texas A&M University,College Station,TX,30.6188,-96.3365,Lives at Home,Freshman,Psychology,Plano,TX,33.0198,-96.6989,Single,FALSE,341
U1759,Ethan,Le,Male,20,2006-08-07,ethan.le552@example.edu,(847) 555-0172,c12a435735c27eea16ac2ab9a7434c07,Florida State University,Tallahassee,FL,30.4419,-84.2985,University Apartment,Junior,Computer Science,Miami,FL,25.7617,-80.1918,Single,FALSE,84
U1760,Avery,Visser,Female,20,2006-04-08,avery.visser582@example.edu,(822) 555-0103,713a5c62a8373019ca62e66cdda524d2,Penn State University,State College,PA,40.7982,-77.8599,Dorm / Residence Hall,Junior,Business Administration,Indianapolis,IN,39.7684,-86.1581,It's complicated,FALSE,95
U1761,William,Haddad,Male,25,2001-01-18,william.haddad600@example.edu,(659) 555-0158,15111991656b9fb32f766c2b2f5da6d4,Ohio State University,Columbus,OH,40.0067,-83.0305,Lives at Home,Graduate,Civil Engineering,Dayton,OH,39.7589,-84.1916,Single,FALSE,211
U1762,Abigail,Wagner,Female,20,2006-09-11,abigail.wagner554@example.edu,(316) 555-0150,2be7a184484fd89b8559b925a7c274d7,University of Minnesota,Minneapolis,MN,44.974,-93.2277,Off-Campus Apartment,Freshman,Chemistry,Portland,OR,45.5152,-122.6784,Single,FALSE,175
U1763,Destiny,Lindberg,Female,20,2006-09-13,destiny.lindberg949@example.edu,(497) 555-0125,74801f856347e513460c5ce4f4a97f17,University of Minnesota,Minneapolis,MN,44.974,-93.2277,University Apartment,Sophomore,Nursing,St. Paul,MN,44.9537,-93.09,Single,FALSE,185
U1764,Bella,Ross,Female,21,2005-05-13,bella.ross626@example.edu,(782) 555-0171,0505752f05ba642058b03c484a4d88e1,University of Washington,Seattle,WA,47.6553,-122.3035,University Apartment,Senior,Public Health,Tacoma,WA,47.2529,-122.4443,Prefer not to say,TRUE,191
U1765,Ximena,Mitchell,Female,20,2006-07-10,ximena.mitchell298@example.edu,(935) 555-0159,d3d1fd8a11c8c1c7521f1ca0ab7a8745,Texas A&M University,College Station,TX,30.6188,-96.3365,Off-Campus Apartment,Junior,Journalism,El Paso,TX,31.7619,-106.485,Single,FALSE,211
U1766,Jackson,Brooks,Male,23,2003-10-11,jackson.brooks162@example.edu,(799) 555-0171,680bace6db687bd6f40bf82dc9e07dd2,University of Georgia,Athens,GA,33.948,-83.3773,Off-Campus Apartment,Graduate,Information Systems,Savannah,GA,32.0809,-81.0912,Single,TRUE,316
U1767,Scarlett,Ruiz,Female,20,2006-08-06,scarlett.ruiz953@example.edu,(590) 555-0166,d83695a4691ef49a20a2b0d54011f97a,Florida State University,Tallahassee,FL,30.4419,-84.2985,University Apartment,Junior,Environmental Science,Omaha,NE,41.2565,-95.9345,In a relationship,TRUE,132
U1768,Zoe,White,Female,19,2007-02-05,zoe.white682@example.edu,(368) 555-0193,fff4b220755c4ed177aad8e475c2b1bc,Ohio State University,Columbus,OH,40.0067,-83.0305,Dorm / Residence Hall,Sophomore,Data Analytics,Richmond,VA,37.5407,-77.436,Single,TRUE,187
U1769,Ava,Johnson,Female,23,2003-09-11,ava.johnson450@example.edu,(836) 555-0105,d9727530d20843ae64a799f07d005ed0,University of Florida,Gainesville,FL,29.6436,-82.3549,Off-Campus Apartment,Graduate,Sociology,Newark,NJ,40.7357,-74.1724,Single,TRUE,273
U1770,Wyatt,Schmidt,Male,19,2007-12-26,wyatt.schmidt385@example.edu,(581) 555-0113,f65ad3af5b0d4bd94d24f137cf300c1f,New York University,New York,NY,40.7295,-73.9965,Off-Campus Apartment,Sophomore,Information Systems,Indianapolis,IN,39.7684,-86.1581,Single,TRUE,435
U1771,Alex,Gonzalez,Prefer not to say,21,2005-06-17,alex.gonzalez628@example.edu,(883) 555-0140,1e46112538803f3e08724417184c3c8a,Arizona State University,Tempe,AZ,33.4242,-111.9281,Off-Campus Apartment,Senior,Biology,Phoenix,AZ,33.4484,-112.074,In a relationship,TRUE,137
U1772,Maya,Santos,Female,19,2007-02-26,maya.santos173@example.edu,(829) 555-0140,618c7b7021945f031e41905e0dfe211e,University of Texas at Austin,Austin,TX,30.2849,-97.7341,Off-Campus Apartment,Sophomore,Sociology,Nashville,TN,36.1627,-86.7816,Single,FALSE,128
U1773,Destiny,Hall,Female,20,2006-04-08,destiny.hall824@example.edu,(797) 555-0114,263354d23e359599e9c172c149b72cf5,UCLA,Los Angeles,CA,34.0689,-118.4452,Off-Campus Apartment,Junior,Computer Science,Fresno,CA,36.7378,-119.7871,Single,TRUE,175
U1774,Allison,Alvarez,Female,18,2008-01-09,allison.alvarez542@example.edu,(891) 555-0185,98af281bae9eae880071c1733a82f81c,Arizona State University,Tempe,AZ,33.4242,-111.9281,Dorm / Residence Hall,Freshman,Education,Scottsdale,AZ,33.4942,-111.9261,In a relationship,FALSE,357
U1775,Ximena,Wright,Female,24,2002-02-26,ximena.wright772@example.edu,(745) 555-0149,497c236bd62f1db91264b4b1719bade0,Penn State University,State College,PA,40.7982,-77.8599,University Apartment,Graduate,Mechanical Engineering,Indianapolis,IN,39.7684,-86.1581,Single,FALSE,292
U1776,Brooklyn,Le,Female,22,2004-06-20,brooklyn.le459@example.edu,(511) 555-0115,51931f2a6b7860a3dba2af3cab522a03,Texas A&M University,College Station,TX,30.6188,-96.3365,Dorm / Residence Hall,Junior,English,Chicago,IL,41.8781,-87.6298,Single,TRUE,290
U1777,Ethan,Mendoza,Male,20,2006-05-21,ethan.mendoza121@example.edu,(701) 555-0148,95c3af2ff411de545f07d06bc93ddf8e,Florida State University,Tallahassee,FL,30.4419,-84.2985,Dorm / Residence Hall,Junior,Nursing,Las Vegas,NV,36.1699,-115.1398,Single,TRUE,175
U1778,Camila,Thomas,Female,19,2007-12-19,camila.thomas726@example.edu,(489) 555-0181,ac4032ddd10d26d827cc53aca0e4c51b,University of Wisconsin-Madison,Madison,WI,43.0766,-89.4125,Greek Housing,Sophomore,Finance,Milwaukee,WI,43.0389,-87.9065,In a relationship,FALSE,217
U1779,Henry,Murphy,Male,19,2007-05-21,henry.murphy819@example.edu,(217) 555-0184,e1245ef75bd3fe5a8d0a38a5927efcb1,UCLA,Los Angeles,CA,34.0689,-118.4452,Lives at Home,Sophomore,Communications,San Jose,CA,37.3382,-121.8863,Single,TRUE,341
U1780,Eli,Walsh,Male,20,2006-07-16,eli.walsh365@example.edu,(353) 555-0136,608ae07172c5d97859f9f6fdbe578322,University of Washington,Seattle,WA,47.6553,-122.3035,Dorm / Residence Hall,Sophomore,Biology,Vancouver,WA,45.6387,-122.6615,In a relationship,TRUE,101
U1781,Sebastian,Robinson,Male,18,2008-04-02,sebastian.robinson897@example.edu,(325) 555-0183,066f1a2da0eaf0e173c0f4466385a770,University of Georgia,Athens,GA,33.948,-83.3773,Off-Campus Apartment,Freshman,Computer Science,Atlanta,GA,33.749,-84.388,Single,TRUE,101
U1782,Jack,Cooper,Male,24,2002-11-13,jack.cooper171@example.edu,(557) 555-0180,b51def59899e66057cf07f83b4b2bd4b,Ohio State University,Columbus,OH,40.0067,-83.0305,Off-Campus Apartment,Graduate,History,Cleveland,OH,41.4993,-81.6944,Single,TRUE,194
U1783,Casey,Hill,Non-binary,21,2005-11-05,casey.hill276@example.edu,(556) 555-0171,7dc393a49c1d0958a25c287da043b3c7,Arizona State University,Tempe,AZ,33.4242,-111.9281,Greek Housing,Senior,Computer Science,Mesa,AZ,33.4152,-111.8315,Single,FALSE,252
U1784,Henry,Anderson,Male,23,2003-03-24,henry.anderson822@example.edu,(247) 555-0122,01f085dabc198a122fb0f41e49e48c6a,New York University,New York,NY,40.7295,-73.9965,Off-Campus Apartment,Senior,Education,Nashville,TN,36.1627,-86.7816,In a relationship,TRUE,439
U1785,Yuna,Thompson,Female,19,2007-05-14,yuna.thompson628@example.edu,(239) 555-0167,4f241d568a11d517146c36e58d33a476,University of Georgia,Athens,GA,33.948,-83.3773,Dorm / Residence Hall,Sophomore,Business Administration,Atlanta,GA,33.749,-84.388,Single,TRUE,250
U1786,Mila,Lewis,Female,20,2006-05-19,mila.lewis787@example.edu,(984) 555-0172,08bb3d6067423a07e00fe491926a9300,University of Washington,Seattle,WA,47.6553,-122.3035,University Apartment,Junior,Chemistry,Bellevue,WA,47.6101,-122.2015,It's complicated,TRUE,213
U1787,Evelyn,Morgan,Female,20,2006-04-09,evelyn.morgan568@example.edu,(230) 555-0199,8475cf55490b574bb384ae86a2b6f46c,Texas A&M University,College Station,TX,30.6188,-96.3365,Greek Housing,Junior,Education,Plano,TX,33.0198,-96.6989,Single,FALSE,141
U1788,Zoey,Laurent,Female,19,2007-07-19,zoey.laurent710@example.edu,(243) 555-0196,a611ab0df01fe32a1c02b1cc94f85d69,University of Wisconsin-Madison,Madison,WI,43.0766,-89.4125,Dorm / Residence Hall,Freshman,Accounting,Appleton,WI,44.2619,-88.4154,In a relationship,TRUE,240
U1789,Riley,Jones,Female,18,2008-09-15,riley.jones723@example.edu,(843) 555-0104,ab488963903d4768bdba9f87c92a89ae,University of Michigan,Ann Arbor,MI,42.278,-83.7382,Off-Campus Apartment,Freshman,Marketing,Lansing,MI,42.7325,-84.5555,Single,FALSE,429
U1790,Camila,Vargas,Female,21,2005-07-26,camila.vargas123@example.edu,(361) 555-0195,cc15cfa7ea62d5363bb449466ce07a53,University of Texas at Austin,Austin,TX,30.2849,-97.7341,Off-Campus Apartment,Junior,Marketing,Boise,ID,43.615,-116.2023,Prefer not to say,TRUE,193
U1791,Connor,Sanders,Male,20,2006-01-01,connor.sanders671@example.edu,(484) 555-0111,a5797f3dd4805f622696e3178a1dd2ba,Florida State University,Tallahassee,FL,30.4419,-84.2985,Off-Campus Apartment,Junior,English,Jacksonville,FL,30.3322,-81.6557,It's complicated,FALSE,176
U1792,Lillian,Diaz,Female,25,2001-04-26,lillian.diaz650@example.edu,(704) 555-0135,e40b82e9a5a6a269a5e2897de3eeff54,UCLA,Los Angeles,CA,34.0689,-118.4452,University Apartment,Graduate,Data Analytics,Irvine,CA,33.6846,-117.8265,Single,TRUE,119
U1793,Sophia,Thomas,Female,20,2006-04-28,sophia.thomas492@example.edu,(360) 555-0111,6aec88c1bbf1e6d75760021025f6af91,University of Alabama,Tuscaloosa,AL,33.214,-87.5391,Off-Campus Apartment,Sophomore,Business Administration,Birmingham,AL,33.5186,-86.8104,In a relationship,TRUE,283
U1794,Maya,Foster,Female,21,2005-01-23,maya.foster228@example.edu,(411) 555-0122,fd40df56884a84c404a874e267db3889,University of Florida,Gainesville,FL,29.6436,-82.3549,University Apartment,Junior,Communications,Tampa,FL,27.9506,-82.4572,In a relationship,FALSE,290
U1795,Sofia,Wilson,Female,20,2006-04-18,sofia.wilson947@example.edu,(793) 555-0156,dd5b028ab36fe393162d84eaef4e1a68,Ohio State University,Columbus,OH,40.0067,-83.0305,Dorm / Residence Hall,Junior,Biology,Chicago,IL,41.8781,-87.6298,Single,FALSE,170
U1796,Emily,Wagner,Female,19,2007-06-28,emily.wagner836@example.edu,(464) 555-0152,0b9338212ed7d9f4d112ab2ba3f05ccd,Florida State University,Tallahassee,FL,30.4419,-84.2985,Off-Campus Apartment,Sophomore,Marketing,Tampa,FL,27.9506,-82.4572,Single,FALSE,88
U1797,Lillian,Wang,Female,19,2007-09-27,lillian.wang437@example.edu,(603) 555-0167,6b59b935cf226ca0c03c5828c473bb85,Penn State University,State College,PA,40.7982,-77.8599,Off-Campus Apartment,Sophomore,Communications,Allentown,PA,40.6084,-75.4902,Single,FALSE,88
U1798,Matthew,Thompson,Male,25,2001-06-04,matthew.thompson315@example.edu,(339) 555-0190,4e2a1a33ca2e6d58928e2e13deb7e37d,University of Minnesota,Minneapolis,MN,44.974,-93.2277,Off-Campus Apartment,Graduate,Business Administration,St. Paul,MN,44.9537,-93.09,Single,FALSE,317
U1799,Christian,Choi,Male,19,2007-04-03,christian.choi999@example.edu,(609) 555-0141,711ae29e351fa5a211e2d91fa64d9bc4,Ohio State University,Columbus,OH,40.0067,-83.0305,Lives at Home,Sophomore,Finance,Cincinnati,OH,39.1031,-84.512,In a relationship,TRUE,153
U1800,Evelyn,Richardson,Female,19,2007-04-25,evelyn.richardson949@example.edu,(212) 555-0185,d0d39c5fa13d1704d75200047c835488,University of Wisconsin-Madison,Madison,WI,43.0766,-89.4125,Dorm / Residence Hall,Sophomore,Economics,Appleton,WI,44.2619,-88.4154,Single,TRUE,130
U1801,Cameron,Davis,Male,18,2008-08-22,cameron.davis8@example.edu,(660) 555-0192,6d8b15f7d9ac1e36765b89752adc23b9,University of Minnesota,Minneapolis,MN,44.974,-93.2277,Lives at Home,Freshman,Business Administration,St. Paul,MN,44.9537,-93.09,Single,TRUE,313
U1802,Amelia,Hill,Female,22,2004-03-09,amelia.hill972@example.edu,(284) 555-0125,f9054216ac9dfb1a6560157d8f54d7ea,UCLA,Los Angeles,CA,34.0689,-118.4452,University Apartment,Senior,Nursing,Sacramento,CA,38.5816,-121.4944,Single,TRUE,103
U1803,Ryan,Allen,Male,18,2008-08-27,ryan.allen397@example.edu,(713) 555-0112,77f350b35caf1bb9f33fc4aea160e871,University of Alabama,Tuscaloosa,AL,33.214,-87.5391,Dorm / Residence Hall,Freshman,Psychology,Charlotte,NC,35.2271,-80.8431,It's complicated,TRUE,274
U1804,Olivia,Andersen,Female,20,2006-05-02,olivia.andersen411@example.edu,(248) 555-0126,adc50447ad2775ee59c10cc4fbd680da,Florida State University,Tallahassee,FL,30.4419,-84.2985,Dorm / Residence Hall,Junior,Psychology,Tampa,FL,27.9506,-82.4572,Single,FALSE,351
U1805,Emma,Pham,Female,23,2003-01-14,emma.pham343@example.edu,(694) 555-0132,58c5456675c636d288f7e240c10c36b9,New York University,New York,NY,40.7295,-73.9965,Off-Campus Apartment,Graduate,Finance,Boston,MA,42.3601,-71.0589,Single,TRUE,209
U1806,Alexander,Murphy,Male,21,2005-04-28,alexander.murphy382@example.edu,(610) 555-0197,6724d98f00beb5eecb490131be96f9f1,University of Florida,Gainesville,FL,29.6436,-82.3549,Dorm / Residence Hall,Senior,Computer Science,Hartford,CT,41.7658,-72.6734,Single,FALSE,129
U1807,Elijah,Johnson,Male,24,2002-02-17,elijah.johnson963@example.edu,(475) 555-0195,db5fe651038fa9ca2b9f534b19280761,University of Georgia,Athens,GA,33.948,-83.3773,Off-Campus Apartment,Graduate,Political Science,Portland,OR,45.5152,-122.6784,Single,FALSE,292
U1808,Andrew,Hall,Male,23,2003-04-16,andrew.hall304@example.edu,(664) 555-0197,01c2ebb1fa069560011b2a8e50ba2710,University of Michigan,Ann Arbor,MI,42.278,-83.7382,Off-Campus Apartment,Graduate,Civil Engineering,Hartford,CT,41.7658,-72.6734,Single,TRUE,186
U1809,Willow,Patel,Female,25,2001-01-07,willow.patel991@example.edu,(917) 555-0181,21df3d85c3b5c379a607738f989cf56a,New York University,New York,NY,40.7295,-73.9965,University Apartment,Graduate,Sociology,Kansas City,MO,39.0997,-94.5786,Single,TRUE,134
U1810,Angel,Hassan,Male,24,2002-10-04,angel.hassan874@example.edu,(371) 555-0134,09f2ddbb487c87ea6585ace33b4d3301,Florida State University,Tallahassee,FL,30.4419,-84.2985,University Apartment,Graduate,Information Systems,Tampa,FL,27.9506,-82.4572,Prefer not to say,FALSE,162
U1811,Roman,Lee,Male,21,2005-09-28,roman.lee528@example.edu,(639) 555-0148,fc7119628a6f4afdffed8b5660abdf99,UCLA,Los Angeles,CA,34.0689,-118.4452,Dorm / Residence Hall,Senior,Finance,Hartford,CT,41.7658,-72.6734,In a relationship,TRUE,144
U1812,Lincoln,Roberts,Male,19,2007-12-13,lincoln.roberts947@example.edu,(458) 555-0146,0a87b6279b371b484585d4bc4c2f2043,Penn State University,State College,PA,40.7982,-77.8599,Dorm / Residence Hall,Freshman,Public Health,Allentown,PA,40.6084,-75.4902,Single,FALSE,499
U1813,Olivia,Nelson,Female,21,2005-08-02,olivia.nelson6@example.edu,(605) 555-0160,c6ff2b6ae0d08c204ed0ece3c65ac593,UCLA,Los Angeles,CA,34.0689,-118.4452,Off-Campus Apartment,Junior,Nursing,Boston,MA,42.3601,-71.0589,Prefer not to say,FALSE,296
U1814,Jasmine,Hall,Female,18,2008-04-23,jasmine.hall744@example.edu,(728) 555-0144,33745c3019cef690aadeda25a8129a1c,Ohio State University,Columbus,OH,40.0067,-83.0305,University Apartment,Freshman,Marketing,Las Vegas,NV,36.1699,-115.1398,Single,TRUE,196
U1815,Natalie,Bennett,Female,23,2003-01-17,natalie.bennett254@example.edu,(300) 555-0118,8d3242b41fcd27f9ce2900d10212c44d,University of Florida,Gainesville,FL,29.6436,-82.3549,Off-Campus Apartment,Graduate,Information Systems,Orlando,FL,28.5384,-81.3789,In a relationship,FALSE,475
U1816,Luna,Gonzalez,Female,20,2006-02-11,luna.gonzalez474@example.edu,(427) 555-0109,d17c2aa5f6d1ce3444da282e8c6bd2d2,University of Michigan,Ann Arbor,MI,42.278,-83.7382,Dorm / Residence Hall,Sophomore,History,Lansing,MI,42.7325,-84.5555,Prefer not to say,FALSE,225
U1817,Chloe,Taylor,Female,22,2004-04-15,chloe.taylor700@example.edu,(601) 555-0139,e290a92e91a947b682a69b6cfd378a28,University of Minnesota,Minneapolis,MN,44.974,-93.2277,Lives at Home,Senior,Communications,Charlotte,NC,35.2271,-80.8431,In a relationship,FALSE,156
U1818,Aiden,Diaz,Male,23,2003-05-23,aiden.diaz759@example.edu,(427) 555-0157,36c47cf445781ad69321c619ba0b1ec7,University of Florida,Gainesville,FL,29.6436,-82.3549,Off-Campus Apartment,Graduate,Psychology,Tampa,FL,27.9506,-82.4572,In a relationship,FALSE,124
U1819,Daniela,Moreau,Female,19,2007-09-18,daniela.moreau69@example.edu,(815) 555-0108,3ff33c8b0326c9c7249bfe427967bb86,Penn State University,State College,PA,40.7982,-77.8599,Off-Campus Apartment,Sophomore,Information Systems,Philadelphia,PA,39.9526,-75.1652,In a relationship,FALSE,104
U1820,Everly,Clark,Female,20,2006-09-09,everly.clark728@example.edu,(212) 555-0151,8e1214848b3bb0607ccec3adca91bc07,Penn State University,State College,PA,40.7982,-77.8599,Dorm / Residence Hall,Junior,Business Administration,Allentown,PA,40.6084,-75.4902,Single,FALSE,388
U1821,Avery,Ramirez,Female,23,2003-06-03,avery.ramirez178@example.edu,(670) 555-0116,21c595747d08d8b567c0ce97353e3849,University of Michigan,Ann Arbor,MI,42.278,-83.7382,Lives at Home,Senior,Marketing,Denver,CO,39.7392,-104.9903,In a relationship,FALSE,686
U1822,Aubrey,Hernandez,Female,23,2003-10-02,aubrey.hernandez729@example.edu,(268) 555-0172,4698bac89842cc9a7d21de9260699b53,Penn State University,State College,PA,40.7982,-77.8599,Off-Campus Apartment,Graduate,Economics,Philadelphia,PA,39.9526,-75.1652,It's complicated,FALSE,83
U1823,Wyatt,Young,Male,23,2003-11-03,wyatt.young705@example.edu,(309) 555-0115,ef4135f00a5af7b95c90f9f4301c7e93,University of Washington,Seattle,WA,47.6553,-122.3035,Off-Campus Apartment,Graduate,Education,Bellevue,WA,47.6101,-122.2015,Single,FALSE,158
U1824,Robert,Campbell,Male,20,2006-02-18,robert.campbell318@example.edu,(494) 555-0152,6bbfcae85a135370e1595decc5eff635,Texas A&M University,College Station,TX,30.6188,-96.3365,Greek Housing,Junior,Environmental Science,San Antonio,TX,29.4241,-98.4936,It's complicated,TRUE,204
U1825,Willow,Howard,Female,20,2006-10-03,willow.howard77@example.edu,(418) 555-0180,e64cc66257b09591c1abca81c64a2060,Ohio State University,Columbus,OH,40.0067,-83.0305,Lives at Home,Sophomore,Psychology,Salt Lake City,UT,40.7608,-111.891,Single,FALSE,280
U1826,Gabriella,Tanaka,Female,23,2003-06-13,gabriella.tanaka748@example.edu,(290) 555-0137,2701b2c6946cf64efb7a2b358e0d747b,University of Minnesota,Minneapolis,MN,44.974,-93.2277,Off-Campus Apartment,Graduate,History,Portland,OR,45.5152,-122.6784,Prefer not to say,FALSE,85
U1827,Valentina,Morgan,Female,19,2007-09-03,valentina.morgan163@example.edu,(627) 555-0173,f4a4cc7be98ba7250bbb0245dd37072c,University of Florida,Gainesville,FL,29.6436,-82.3549,University Apartment,Sophomore,Sociology,Tampa,FL,27.9506,-82.4572,Single,FALSE,172
U1828,Evelyn,Edwards,Female,19,2007-05-25,evelyn.edwards202@example.edu,(561) 555-0164,a80b8521bbafeaef2ea6c8da8b6d9c54,UCLA,Los Angeles,CA,34.0689,-118.4452,University Apartment,Sophomore,Marketing,Irvine,CA,33.6846,-117.8265,Single,TRUE,228
U1829,Elias,Robinson,Male,18,2008-06-15,elias.robinson478@example.edu,(439) 555-0184,5f69504f518882895f253fedbbd9e846,University of Michigan,Ann Arbor,MI,42.278,-83.7382,Off-Campus Apartment,Freshman,Psychology,Kansas City,MO,39.0997,-94.5786,It's complicated,TRUE,684
U1830,Raj,Tran,Male,18,2008-12-19,raj.tran738@example.edu,(504) 555-0169,16a4460a503975909b594ab190948963,University of Michigan,Ann Arbor,MI,42.278,-83.7382,Dorm / Residence Hall,Freshman,Accounting,Grand Rapids,MI,42.9634,-85.6681,Single,FALSE,275
U1831,Alex,Okafor,Non-binary,20,2006-08-21,alex.okafor511@example.edu,(401) 555-0134,fdd41ca4f02881f8192dd76ea33f5565,University of Florida,Gainesville,FL,29.6436,-82.3549,Dorm / Residence Hall,Sophomore,Business Administration,Orlando,FL,28.5384,-81.3789,In a relationship,FALSE,77
U1832,Alondra,Gutierrez,Female,21,2005-08-28,alondra.gutierrez499@example.edu,(941) 555-0147,242836ecf567e7aefe2935b045a99d23,Texas A&M University,College Station,TX,30.6188,-96.3365,Dorm / Residence Hall,Junior,Mechanical Engineering,Fort Worth,TX,32.7555,-97.3308,Single,TRUE,411
U1833,James,Miller,Male,22,2004-05-18,james.miller37@example.edu,(660) 555-0194,253aa753d097b0711e43030bdf4a35e6,Arizona State University,Tempe,AZ,33.4242,-111.9281,Dorm / Residence Hall,Senior,Information Systems,Phoenix,AZ,33.4484,-112.074,Prefer not to say,FALSE,127
U1834,Hazel,Rossi,Female,18,2008-07-02,hazel.rossi109@example.edu,(677) 555-0113,7ea48ed5834de8f6eb0d3b068abb3c32,Penn State University,State College,PA,40.7982,-77.8599,Off-Campus Apartment,Freshman,Mechanical Engineering,Erie,PA,42.1292,-80.0851,Single,TRUE,290
U1835,Olivia,Byrne,Female,23,2003-11-16,olivia.byrne546@example.edu,(371) 555-0162,98fe795f135ca09e8585674cf0a6e7ff,University of Michigan,Ann Arbor,MI,42.278,-83.7382,Off-Campus Apartment,Graduate,Music,Charlotte,NC,35.2271,-80.8431,Single,TRUE,228
U1836,Luca,Nelson,Male,21,2005-03-23,luca.nelson663@example.edu,(919) 555-0169,1ed57b37700c5d1e8f4ec686ab52a8f0,University of Wisconsin-Madison,Madison,WI,43.0766,-89.4125,Dorm / Residence Hall,Senior,Public Health,Oklahoma City,OK,35.4676,-97.5164,In a relationship,TRUE,136
U1837,Sophia,Muller,Female,23,2003-08-13,sophia.muller901@example.edu,(664) 555-0106,d76c85be05c2189459e214267238ba47,University of Alabama,Tuscaloosa,AL,33.214,-87.5391,University Apartment,Graduate,Information Systems,Las Vegas,NV,36.1699,-115.1398,In a relationship,TRUE,92
U1838,Theodore,Carter,Male,19,2007-05-09,theodore.carter937@example.edu,(957) 555-0146,829bdf31e9175be83e52944a04cbd80f,University of Michigan,Ann Arbor,MI,42.278,-83.7382,University Apartment,Freshman,Data Analytics,Detroit,MI,42.3314,-83.0458,Single,TRUE,235
U1839,Ethan,Collins,Male,19,2007-04-11,ethan.collins823@example.edu,(764) 555-0154,1133f9f86a2d020b4232b21afaf8d55d,Texas A&M University,College Station,TX,30.6188,-96.3365,Off-Campus Apartment,Sophomore,Information Systems,Dallas,TX,32.7767,-96.797,Single,FALSE,356
U1840,Angel,Sanders,Male,23,2003-03-10,angel.sanders853@example.edu,(400) 555-0105,e9b76340a7c0004cb434a97b351ec941,University of Alabama,Tuscaloosa,AL,33.214,-87.5391,Off-Campus Apartment,Graduate,Criminal Justice,Huntsville,AL,34.7304,-86.5861,In a relationship,TRUE,150
U1841,Ellie,Nguyen,Female,19,2007-05-27,ellie.nguyen856@example.edu,(983) 555-0170,fca4abb23a4acc4c94e0f0dda6c322ab,Ohio State University,Columbus,OH,40.0067,-83.0305,Off-Campus Apartment,Sophomore,Business Administration,Toledo,OH,41.6528,-83.5379,Single,FALSE,154
U1842,Emily,Harris,Female,21,2005-01-21,emily.harris369@example.edu,(409) 555-0132,d66329ffc491205c02c232acc2529a5c,Arizona State University,Tempe,AZ,33.4242,-111.9281,Dorm / Residence Hall,Senior,Business Administration,Tucson,AZ,32.2226,-110.9747,Single,FALSE,209
U1843,Emilia,Thompson,Female,23,2003-11-05,emilia.thompson128@example.edu,(226) 555-0116,62517e8209056d2220bbc8d7538c88ed,University of Georgia,Athens,GA,33.948,-83.3773,Off-Campus Apartment,Senior,Undeclared,Augusta,GA,33.4735,-82.0105,In a relationship,FALSE,73
U1844,Cooper,James,Male,25,2001-05-04,cooper.james190@example.edu,(226) 555-0153,2432ad757bd81eecb653d84de6719946,Texas A&M University,College Station,TX,30.6188,-96.3365,Off-Campus Apartment,Graduate,Education,Dallas,TX,32.7767,-96.797,In a relationship,TRUE,269
U1845,Isaac,Roberts,Male,22,2004-06-04,isaac.roberts135@example.edu,(249) 555-0107,1d2e0aeb1ca2683c9d51dad8e07f1ad0,University of Alabama,Tuscaloosa,AL,33.214,-87.5391,Dorm / Residence Hall,Senior,Nursing,Portland,OR,45.5152,-122.6784,In a relationship,FALSE,462
U1846,Zoe,Adams,Female,23,2003-01-09,zoe.adams69@example.edu,(718) 555-0154,8f1e8b3e635ce7af6647f808593dc553,Penn State University,State College,PA,40.7982,-77.8599,Off-Campus Apartment,Graduate,Kinesiology,Pittsburgh,PA,40.4406,-79.9959,Single,TRUE,197
U1847,Jin,Carter,Male,19,2007-10-09,jin.carter684@example.edu,(782) 555-0189,68ef5fe2b55a7f09b0a47f7b9fbb4c56,Penn State University,State College,PA,40.7982,-77.8599,Dorm / Residence Hall,Sophomore,Criminal Justice,Allentown,PA,40.6084,-75.4902,Prefer not to say,TRUE,365
U1848,Jamal,Bailey,Male,18,2008-03-10,jamal.bailey626@example.edu,(466) 555-0194,c1b594dbf3707fc5b8481410e93f8538,University of Minnesota,Minneapolis,MN,44.974,-93.2277,Dorm / Residence Hall,Freshman,Nursing,Boise,ID,43.615,-116.2023,Single,TRUE,218
U1849,Ximena,Scott,Female,20,2006-12-19,ximena.scott668@example.edu,(787) 555-0199,addcb7e4a900bffb0faf874914e4d2fe,Texas A&M University,College Station,TX,30.6188,-96.3365,Dorm / Residence Hall,Junior,Business Administration,Fort Worth,TX,32.7555,-97.3308,Single,TRUE,356
U1850,Skylar,Larsen,Female,18,2008-01-07,skylar.larsen258@example.edu,(654) 555-0125,753e7b563472617abeb604c7112439a7,University of Minnesota,Minneapolis,MN,44.974,-93.2277,Off-Campus Apartment,Freshman,Communications,Salt Lake City,UT,40.7608,-111.891,In a relationship,FALSE,198
U1851,Penelope,Osei,Female,20,2006-02-06,penelope.osei733@example.edu,(651) 555-0136,b61161eaabcd046bfd786a12255d50e8,Penn State University,State College,PA,40.7982,-77.8599,Lives at Home,Junior,Kinesiology,Philadelphia,PA,39.9526,-75.1652,Single,FALSE,128
U1852,Hunter,Ivanov,Male,21,2005-03-25,hunter.ivanov591@example.edu,(559) 555-0116,0d9d80c585d573aaa9806124f6ec7288,University of Florida,Gainesville,FL,29.6436,-82.3549,Dorm / Residence Hall,Senior,Chemistry,Jacksonville,FL,30.3322,-81.6557,Single,FALSE,272
U1853,Henry,Chen,Male,21,2005-10-06,henry.chen307@example.edu,(674) 555-0163,19b8ea94b6ef392640ec1b413568ecb3,Arizona State University,Tempe,AZ,33.4242,-111.9281,Off-Campus Apartment,Senior,Psychology,Charlotte,NC,35.2271,-80.8431,Single,FALSE,170
U1854,Nathan,Kim,Male,24,2002-02-06,nathan.kim615@example.edu,(634) 555-0171,63208b6ce4951c2736c3913ac505b874,University of Texas at Austin,Austin,TX,30.2849,-97.7341,University Apartment,Graduate,Undeclared,Plano,TX,33.0198,-96.6989,In a relationship,TRUE,119
U1855,Cameron,Novak,Male,20,2006-12-03,cameron.novak200@example.edu,(228) 555-0193,dd8038e0213fb50bfbf45b2b7e937532,University of Minnesota,Minneapolis,MN,44.974,-93.2277,Lives at Home,Freshman,Kinesiology,Rochester,MN,44.0121,-92.4802,Single,TRUE,60
U1856,Kinsley,Allen,Female,20,2006-05-24,kinsley.allen185@example.edu,(650) 555-0142,640504ef39418812fe457f9787616da0,University of Texas at Austin,Austin,TX,30.2849,-97.7341,Off-Campus Apartment,Sophomore,Chemistry,Chicago,IL,41.8781,-87.6298,In a relationship,FALSE,230
U1857,Robert,Chavez,Male,21,2005-09-17,robert.chavez224@example.edu,(480) 555-0111,05840ee250dfd9f577b98359f99996a4,University of Florida,Gainesville,FL,29.6436,-82.3549,Dorm / Residence Hall,Senior,Nursing,Jacksonville,FL,30.3322,-81.6557,In a relationship,TRUE,135
U1858,Kennedy,Watson,Female,21,2005-02-08,kennedy.watson436@example.edu,(389) 555-0190,84f31760ad3f5fa7b585cc80caeb1832,Arizona State University,Tempe,AZ,33.4242,-111.9281,Off-Campus Apartment,Senior,Nursing,Oklahoma City,OK,35.4676,-97.5164,It's complicated,FALSE,203
U1859,Alondra,Kelly,Female,24,2002-12-21,alondra.kelly313@example.edu,(554) 555-0133,3c8b86d81f0a35500cd315ba91733273,University of Florida,Gainesville,FL,29.6436,-82.3549,University Apartment,Graduate,Biology,Miami,FL,25.7617,-80.1918,In a relationship,FALSE,377
U1860,Josiah,Williams,Male,22,2004-01-03,josiah.williams94@example.edu,(269) 555-0104,aedbc7e87196a559ddd431c120d93689,Penn State University,State College,PA,40.7982,-77.8599,Off-Campus Apartment,Senior,Kinesiology,Philadelphia,PA,39.9526,-75.1652,Single,FALSE,193
U1861,Aurora,Ruiz,Female,21,2005-03-26,aurora.ruiz762@example.edu,(540) 555-0195,88c82465fc1f5105ebd980d0a97a1c02,University of Wisconsin-Madison,Madison,WI,43.0766,-89.4125,Greek Housing,Senior,Mechanical Engineering,Green Bay,WI,44.5133,-88.0133,Single,FALSE,127
U1862,Benjamin,Lewis,Male,22,2004-12-17,benjamin.lewis657@example.edu,(361) 555-0186,02aaf81aec077bb1ce6901d3c00f0190,Penn State University,State College,PA,40.7982,-77.8599,Greek Housing,Senior,Education,Erie,PA,42.1292,-80.0851,Single,FALSE,508
U1863,Ananya,Scott,Female,24,2002-06-14,ananya.scott352@example.edu,(214) 555-0137,8667dc14c605dbd7280f8e3f9188bd7c,UCLA,Los Angeles,CA,34.0689,-118.4452,Off-Campus Apartment,Graduate,Economics,San Jose,CA,37.3382,-121.8863,Single,TRUE,166
U1864,Malik,Jackson,Male,20,2006-10-03,malik.jackson472@example.edu,(771) 555-0141,43d2f000324e74acb09f9e6aee2fe879,University of Minnesota,Minneapolis,MN,44.974,-93.2277,Off-Campus Apartment,Sophomore,Marketing,Bloomington,MN,44.8408,-93.2983,In a relationship,FALSE,323
U1865,Andrew,Hassan,Male,22,2004-02-01,andrew.hassan770@example.edu,(268) 555-0123,da69b26644e8d32feb3bd711c41aca1b,University of Texas at Austin,Austin,TX,30.2849,-97.7341,Off-Campus Apartment,Senior,Computer Science,Dallas,TX,32.7767,-96.797,Single,TRUE,82
U1866,Jordan,Sato,Non-binary,18,2008-01-23,jordan.sato953@example.edu,(309) 555-0132,7e97c73b1bfd56948bc645b1d551b0f8,University of Texas at Austin,Austin,TX,30.2849,-97.7341,Dorm / Residence Hall,Freshman,Mechanical Engineering,Indianapolis,IN,39.7684,-86.1581,Single,TRUE,93
U1867,Mason,Evans,Male,20,2006-08-02,mason.evans203@example.edu,(623) 555-0112,b7ced37f719095781eb3657f17ee28d4,University of Texas at Austin,Austin,TX,30.2849,-97.7341,Off-Campus Apartment,Freshman,Graphic Design,Columbia,SC,34.0007,-81.0348,Single,FALSE,325
U1868,Elizabeth,Diaz,Female,21,2005-05-07,elizabeth.diaz895@example.edu,(518) 555-0119,ea3bfa93cdfe440332b9b12c050b0dce,University of Texas at Austin,Austin,TX,30.2849,-97.7341,Off-Campus Apartment,Junior,Data Analytics,Plano,TX,33.0198,-96.6989,Single,FALSE,167
U1869,Maya,Rogers,Female,22,2004-08-18,maya.rogers605@example.edu,(486) 555-0184,ca5cd9ffb042db1f56e58864e32239fd,University of Alabama,Tuscaloosa,AL,33.214,-87.5391,Off-Campus Apartment,Senior,Criminal Justice,Montgomery,AL,32.3668,-86.3,In a relationship,FALSE,177
U1870,Emilia,Allen,Female,18,2008-01-07,emilia.allen452@example.edu,(670) 555-0166,c9663bfd4968dbf4893923dd7bdb1904,Penn State University,State College,PA,40.7982,-77.8599,Off-Campus Apartment,Freshman,Economics,Pittsburgh,PA,40.4406,-79.9959,Single,FALSE,197
U1871,David,Anderson,Male,19,2007-02-12,david.anderson588@example.edu,(224) 555-0154,12461ad113b72f5444c67f31a990b1d6,University of Georgia,Athens,GA,33.948,-83.3773,Dorm / Residence Hall,Sophomore,Criminal Justice,Marietta,GA,33.9526,-84.5499,Single,FALSE,324
U1872,River,Wood,Non-binary,20,2006-06-03,river.wood873@example.edu,(311) 555-0111,a57c39841cceb8b7aee12a8c0cb99a6d,University of Florida,Gainesville,FL,29.6436,-82.3549,Dorm / Residence Hall,Junior,Computer Science,Orlando,FL,28.5384,-81.3789,Single,FALSE,93
U1873,Zoe,Perez,Female,21,2005-11-12,zoe.perez319@example.edu,(483) 555-0126,154253f54ba9fc179d90ed8f05a272a8,University of Texas at Austin,Austin,TX,30.2849,-97.7341,Dorm / Residence Hall,Senior,Psychology,Fort Worth,TX,32.7555,-97.3308,Single,FALSE,349
U1874,Bella,Ivanov,Female,18,2008-02-05,bella.ivanov608@example.edu,(827) 555-0160,7236d10710a50bc95c587f4c351edbe4,Arizona State University,Tempe,AZ,33.4242,-111.9281,Off-Campus Apartment,Freshman,Sociology,Tucson,AZ,32.2226,-110.9747,Single,TRUE,347
U1875,Aurora,Green,Female,22,2004-08-05,aurora.green868@example.edu,(812) 555-0188,115b965648968841c45e7243c8f15ffd,UCLA,Los Angeles,CA,34.0689,-118.4452,Dorm / Residence Hall,Senior,Computer Science,San Diego,CA,32.7157,-117.1611,In a relationship,TRUE,616
U1876,Hunter,Khan,Male,20,2006-02-08,hunter.khan998@example.edu,(257) 555-0124,6f373112309c318a916469e25e4cb208,Arizona State University,Tempe,AZ,33.4242,-111.9281,Off-Campus Apartment,Junior,Economics,Tucson,AZ,32.2226,-110.9747,In a relationship,FALSE,113
U1877,Hudson,Tran,Male,25,2001-09-06,hudson.tran487@example.edu,(643) 555-0136,ed8243c25f95dafd91946347de4691fa,New York University,New York,NY,40.7295,-73.9965,University Apartment,Graduate,Computer Science,Kansas City,MO,39.0997,-94.5786,In a relationship,FALSE,60
U1878,Addison,Sharma,Female,21,2005-02-19,addison.sharma298@example.edu,(399) 555-0188,a51327ab46532a8f8e8e1474625d3deb,University of Georgia,Athens,GA,33.948,-83.3773,Off-Campus Apartment,Junior,Nursing,Louisville,KY,38.2527,-85.7585,In a relationship,FALSE,538
U1879,Cooper,Walsh,Male,24,2002-08-26,cooper.walsh264@example.edu,(421) 555-0143,a282f0507ce6fe4ba57f29a5afa1cac4,Florida State University,Tallahassee,FL,30.4419,-84.2985,Off-Campus Apartment,Graduate,Nursing,Jacksonville,FL,30.3322,-81.6557,In a relationship,FALSE,117
U1880,Alondra,Turner,Female,20,2006-11-24,alondra.turner864@example.edu,(416) 555-0195,8345a887ff01e9909b9ea28df179643b,Texas A&M University,College Station,TX,30.6188,-96.3365,Off-Campus Apartment,Junior,Biology,Dallas,TX,32.7767,-96.797,Single,TRUE,254
U1881,Olivia,Alvarez,Female,21,2005-07-05,olivia.alvarez832@example.edu,(430) 555-0125,22193d4d8d3015bd064b8462c2fc3950,University of Texas at Austin,Austin,TX,30.2849,-97.7341,Dorm / Residence Hall,Senior,Communications,Fort Worth,TX,32.7555,-97.3308,In a relationship,FALSE,228
U1882,Nolan,Sharma,Male,18,2008-11-28,nolan.sharma320@example.edu,(707) 555-0133,572eb04dabe865f528ab72956f2aa686,University of Minnesota,Minneapolis,MN,44.974,-93.2277,Off-Campus Apartment,Freshman,Graphic Design,Boise,ID,43.615,-116.2023,Single,FALSE,345
U1883,Eleanor,Okafor,Female,24,2002-06-26,eleanor.okafor884@example.edu,(973) 555-0141,02e7c868fb2cb97a79ecab86cd669054,University of Florida,Gainesville,FL,29.6436,-82.3549,Off-Campus Apartment,Graduate,Education,Kansas City,MO,39.0997,-94.5786,Single,FALSE,246
U1884,Sebastian,Martin,Male,22,2004-07-08,sebastian.martin540@example.edu,(715) 555-0197,2719cc2505dd87dd5e2677774116282e,University of Texas at Austin,Austin,TX,30.2849,-97.7341,Dorm / Residence Hall,Senior,Computer Science,Oklahoma City,OK,35.4676,-97.5164,Prefer not to say,FALSE,327
U1885,Aisha,Hoffman,Female,18,2008-04-04,aisha.hoffman112@example.edu,(815) 555-0182,846d6fa40b489cb28986a17be16da8fa,University of Texas at Austin,Austin,TX,30.2849,-97.7341,Off-Campus Apartment,Freshman,Mathematics,Dallas,TX,32.7767,-96.797,Prefer not to say,FALSE,420
U1886,Skylar,Torres,Female,23,2003-01-15,skylar.torres297@example.edu,(662) 555-0190,c47de6bb4004f599bcbc1f48ecc8e044,Arizona State University,Tempe,AZ,33.4242,-111.9281,University Apartment,Graduate,Kinesiology,Mesa,AZ,33.4152,-111.8315,In a relationship,TRUE,244
U1887,Christopher,Jackson,Male,20,2006-01-24,christopher.jackson937@example.edu,(957) 555-0174,9df6b1a0e9bcee59eb61ad36a6ef011f,Ohio State University,Columbus,OH,40.0067,-83.0305,Dorm / Residence Hall,Junior,Nursing,Toledo,OH,41.6528,-83.5379,Single,TRUE,179
U1888,Bella,Chavez,Female,22,2004-05-23,bella.chavez604@example.edu,(899) 555-0181,8c38cf9e178d9f509109d2768ddc0e53,University of Michigan,Ann Arbor,MI,42.278,-83.7382,Off-Campus Apartment,Junior,Data Analytics,Lansing,MI,42.7325,-84.5555,In a relationship,TRUE,284
U1889,Avery,Hughes,Female,22,2004-11-21,avery.hughes988@example.edu,(221) 555-0191,a45b3fafb2472b701db604c685f885e2,University of Texas at Austin,Austin,TX,30.2849,-97.7341,Lives at Home,Junior,Business Administration,San Antonio,TX,29.4241,-98.4936,In a relationship,FALSE,128
U1890,Skylar,Roberts,Female,20,2006-11-09,skylar.roberts217@example.edu,(382) 555-0123,21cb6499689c5b376608854ba88e976a,University of Texas at Austin,Austin,TX,30.2849,-97.7341,Dorm / Residence Hall,Junior,Communications,Plano,TX,33.0198,-96.6989,Single,FALSE,552
U1891,Luca,Harris,Male,24,2002-01-19,luca.harris594@example.edu,(399) 555-0180,8ab01b2b4e59f622a7e41e1eb548627d,University of Michigan,Ann Arbor,MI,42.278,-83.7382,Off-Campus Apartment,Graduate,Electrical Engineering,Grand Rapids,MI,42.9634,-85.6681,Single,TRUE,437
U1892,Ananya,Torres,Female,23,2003-04-12,ananya.torres818@example.edu,(978) 555-0162,0ddd024c996765b8d29b009366753336,Arizona State University,Tempe,AZ,33.4242,-111.9281,Lives at Home,Junior,History,Phoenix,AZ,33.4484,-112.074,Single,TRUE,123
U1893,Jeremiah,Carter,Male,22,2004-05-08,jeremiah.carter377@example.edu,(450) 555-0115,d1e37967dac018a4075d04d4a51ccbc3,New York University,New York,NY,40.7295,-73.9965,Dorm / Residence Hall,Senior,Communications,Rochester,NY,43.1566,-77.6088,In a relationship,TRUE,185
U1894,Anthony,Vargas,Male,18,2008-06-08,anthony.vargas518@example.edu,(730) 555-0134,979fe3a0a2a4c78f9e2c9f3be8ad6b58,Penn State University,State College,PA,40.7982,-77.8599,Lives at Home,Freshman,Psychology,Philadelphia,PA,39.9526,-75.1652,In a relationship,FALSE,112
U1895,Alexander,Lopez,Male,23,2003-05-09,alexander.lopez618@example.edu,(293) 555-0135,c61c532e48bd35cfe67db67386762bf6,Ohio State University,Columbus,OH,40.0067,-83.0305,Off-Campus Apartment,Graduate,Mechanical Engineering,Dayton,OH,39.7589,-84.1916,Single,TRUE,94
U1896,Ethan,Jackson,Male,21,2005-07-02,ethan.jackson672@example.edu,(641) 555-0165,35420fa153bf7022cd74a5bdd991de61,Penn State University,State College,PA,40.7982,-77.8599,Off-Campus Apartment,Junior,Chemistry,Chicago,IL,41.8781,-87.6298,Prefer not to say,FALSE,279
U1897,Julian,Brooks,Male,19,2007-08-01,julian.brooks685@example.edu,(972) 555-0124,7880681277e901f785e65ccdc6206a42,Ohio State University,Columbus,OH,40.0067,-83.0305,Dorm / Residence Hall,Sophomore,Biology,Kansas City,MO,39.0997,-94.5786,Prefer not to say,FALSE,127
U1898,Kennedy,Le,Female,23,2003-01-20,kennedy.le406@example.edu,(674) 555-0128,90037ae34fe1498986da6ff233e4b9b9,Penn State University,State College,PA,40.7982,-77.8599,Lives at Home,Graduate,Music,Pittsburgh,PA,40.4406,-79.9959,Single,TRUE,169
U1899,Ananya,Osei,Female,23,2003-01-10,ananya.osei73@example.edu,(696) 555-0129,4550c50f803014f5a23ea44101fb4e48,Penn State University,State College,PA,40.7982,-77.8599,Off-Campus Apartment,Graduate,Biology,Allentown,PA,40.6084,-75.4902,Single,TRUE,225
U1900,Destiny,Reyes,Female,20,2006-04-04,destiny.reyes532@example.edu,(373) 555-0182,0192552fca0437c4a4f6afe319c4f2c1,University of Minnesota,Minneapolis,MN,44.974,-93.2277,Off-Campus Apartment,Sophomore,Business Administration,Duluth,MN,46.7867,-92.1005,Single,TRUE,291
U1901,Valentina,Osei,Female,18,2008-01-02,valentina.osei280@example.edu,(233) 555-0183,f534601431c882e72740ae25396f46a9,University of Michigan,Ann Arbor,MI,42.278,-83.7382,Dorm / Residence Hall,Freshman,Graphic Design,Detroit,MI,42.3314,-83.0458,Single,TRUE,110
U1902,Nia,Turner,Female,21,2005-06-17,nia.turner495@example.edu,(515) 555-0127,03482d9664c05ec680ade8aded941a45,Texas A&M University,College Station,TX,30.6188,-96.3365,University Apartment,Senior,Finance,Boston,MA,42.3601,-71.0589,Single,FALSE,272
U1903,Marcus,Fraser,Male,20,2006-11-16,marcus.fraser735@example.edu,(832) 555-0113,af17ff2fe0b3f753e07631cc758584c4,University of Alabama,Tuscaloosa,AL,33.214,-87.5391,University Apartment,Junior,Kinesiology,Huntsville,AL,34.7304,-86.5861,Single,TRUE,103
U1904,Malik,Edwards,Male,19,2007-05-01,malik.edwards925@example.edu,(859) 555-0184,14ee00dc518a3601b093ee811fd32e63,Texas A&M University,College Station,TX,30.6188,-96.3365,University Apartment,Sophomore,Kinesiology,San Antonio,TX,29.4241,-98.4936,Single,FALSE,191
U1905,Phoenix,Patel,Non-binary,22,2004-11-20,phoenix.patel758@example.edu,(561) 555-0155,2d7e834b0a586855255323e1ade5c2e0,UCLA,Los Angeles,CA,34.0689,-118.4452,Off-Campus Apartment,Senior,Information Systems,San Diego,CA,32.7157,-117.1611,Single,TRUE,307
U1906,Lily,Cooper,Female,20,2006-07-26,lily.cooper146@example.edu,(922) 555-0123,9de45d0c9f09348c83018f19b33d6867,University of Texas at Austin,Austin,TX,30.2849,-97.7341,Off-Campus Apartment,Junior,Public Health,El Paso,TX,31.7619,-106.485,Single,TRUE,114
U1907,Addison,Reyes,Female,21,2005-03-06,addison.reyes308@example.edu,(774) 555-0184,d1751468200cc83f8b098ca65cccae59,University of Michigan,Ann Arbor,MI,42.278,-83.7382,Off-Campus Apartment,Senior,Environmental Science,Grand Rapids,MI,42.9634,-85.6681,In a relationship,TRUE,168
U1908,Malik,Foster,Male,25,2001-12-19,malik.foster634@example.edu,(356) 555-0137,3155f37ff44320b240f69f9d0f51ac5d,Penn State University,State College,PA,40.7982,-77.8599,Off-Campus Apartment,Graduate,Electrical Engineering,Indianapolis,IN,39.7684,-86.1581,Single,FALSE,447
U1909,Hannah,Laurent,Female,21,2005-11-19,hannah.laurent59@example.edu,(388) 555-0106,190d17f69d48b8306bfbfbf7ea59b383,Arizona State University,Tempe,AZ,33.4242,-111.9281,Off-Campus Apartment,Senior,Business Administration,Scottsdale,AZ,33.4942,-111.9261,Single,FALSE,411
U1910,Lincoln,Murray,Male,22,2004-08-28,lincoln.murray450@example.edu,(338) 555-0177,063d5814d3d5ddb3c823e4270f3ab79d,University of Florida,Gainesville,FL,29.6436,-82.3549,Off-Campus Apartment,Senior,History,Miami,FL,25.7617,-80.1918,In a relationship,TRUE,237
U1911,Isaac,Le,Male,23,2003-02-06,isaac.le512@example.edu,(221) 555-0179,48eb0aaff4cf68f77944070466f4b8ab,University of Alabama,Tuscaloosa,AL,33.214,-87.5391,Off-Campus Apartment,Graduate,Business Administration,Montgomery,AL,32.3668,-86.3,Single,FALSE,92
U1912,Aiden,Edwards,Male,23,2003-08-24,aiden.edwards280@example.edu,(880) 555-0137,a4a97832c1bcb64637fab5efac06c45c,Arizona State University,Tempe,AZ,33.4242,-111.9281,Off-Campus Apartment,Graduate,Journalism,Tucson,AZ,32.2226,-110.9747,In a relationship,TRUE,284
U1913,Madelyn,Turner,Female,19,2007-09-13,madelyn.turner498@example.edu,(237) 555-0169,daed5d8b5beb2498f5d70fc13285b420,University of Minnesota,Minneapolis,MN,44.974,-93.2277,Lives at Home,Sophomore,Marketing,Duluth,MN,46.7867,-92.1005,In a relationship,TRUE,372
U1914,Leo,Ortiz,Male,21,2005-10-25,leo.ortiz802@example.edu,(587) 555-0122,2dd2ff8a40af79056a5e11a18a340d12,University of Alabama,Tuscaloosa,AL,33.214,-87.5391,University Apartment,Junior,Mechanical Engineering,Huntsville,AL,34.7304,-86.5861,In a relationship,TRUE,240
U1915,Adrian,Jones,Male,19,2007-02-23,adrian.jones357@example.edu,(733) 555-0173,a668c910f060671be3052503561be27c,University of Florida,Gainesville,FL,29.6436,-82.3549,Off-Campus Apartment,Sophomore,Education,Jacksonville,FL,30.3322,-81.6557,In a relationship,TRUE,510
U1916,Nora,Hansen,Female,18,2008-08-19,nora.hansen468@example.edu,(676) 555-0188,6f22af5890c576c67993c37b64de65e2,University of Georgia,Athens,GA,33.948,-83.3773,Off-Campus Apartment,Freshman,Psychology,Kansas City,MO,39.0997,-94.5786,In a relationship,FALSE,69
U1917,Mila,Papadopoulos,Female,21,2005-02-02,mila.papadopoulos358@example.edu,(541) 555-0119,3d14d140b466e4e65e5cf11d1b1f61ce,University of Florida,Gainesville,FL,29.6436,-82.3549,Dorm / Residence Hall,Junior,Business Administration,Jacksonville,FL,30.3322,-81.6557,In a relationship,FALSE,159
U1918,Ellie,Becker,Female,18,2008-04-05,ellie.becker327@example.edu,(372) 555-0196,007cf6bfed2749a5440ca7bf7ad487ee,Ohio State University,Columbus,OH,40.0067,-83.0305,Lives at Home,Freshman,Chemistry,Dayton,OH,39.7589,-84.1916,In a relationship,TRUE,354
U1919,Harper,White,Female,24,2002-10-07,harper.white253@example.edu,(208) 555-0183,4e96bc3f15e8655b588b6b57725b07db,Florida State University,Tallahassee,FL,30.4419,-84.2985,University Apartment,Graduate,Education,Jacksonville,FL,30.3322,-81.6557,Single,TRUE,162
U1920,Christian,Tanaka,Male,19,2007-08-03,christian.tanaka715@example.edu,(496) 555-0157,20d90978fbe189f507d31f4bada43a72,University of Michigan,Ann Arbor,MI,42.278,-83.7382,Dorm / Residence Hall,Sophomore,Graphic Design,Omaha,NE,41.2565,-95.9345,Single,TRUE,226
U1921,Chloe,Ross,Female,21,2005-03-11,chloe.ross8@example.edu,(616) 555-0103,518925b8bad1c0cddd8dc4e559ad594b,Texas A&M University,College Station,TX,30.6188,-96.3365,Lives at Home,Sophomore,Data Analytics,Houston,TX,29.7604,-95.3698,Single,TRUE,277
U1922,Emilia,Haddad,Female,24,2002-06-24,emilia.haddad411@example.edu,(325) 555-0147,c93615a5ecc05c06589b4db492b2c058,University of Minnesota,Minneapolis,MN,44.974,-93.2277,Off-Campus Apartment,Graduate,Computer Science,Chicago,IL,41.8781,-87.6298,Single,FALSE,226
U1923,Willow,Nelson,Female,20,2006-04-06,willow.nelson619@example.edu,(967) 555-0135,ccdabcb46c585b71ae3b7425fa2de17f,University of Michigan,Ann Arbor,MI,42.278,-83.7382,University Apartment,Junior,Mechanical Engineering,Troy,MI,42.6064,-83.1498,In a relationship,FALSE,162
U1924,Darius,Le,Male,19,2007-05-10,darius.le566@example.edu,(426) 555-0128,6de3f0c42dc6a7f517dca15e82d60af8,University of Texas at Austin,Austin,TX,30.2849,-97.7341,Greek Housing,Freshman,Criminal Justice,Houston,TX,29.7604,-95.3698,In a relationship,TRUE,221
U1925,Lily,Ruiz,Female,18,2008-11-14,lily.ruiz543@example.edu,(629) 555-0148,c59d3f1013b9c7022e73518e1869a615,Florida State University,Tallahassee,FL,30.4419,-84.2985,Off-Campus Apartment,Freshman,History,Jacksonville,FL,30.3322,-81.6557,In a relationship,TRUE,455
U1926,Logan,Dubois,Male,22,2004-05-23,logan.dubois290@example.edu,(359) 555-0104,75fdc384d2e7e29a7e8ff036a1640c32,Penn State University,State College,PA,40.7982,-77.8599,Off-Campus Apartment,Senior,Environmental Science,Richmond,VA,37.5407,-77.436,Single,FALSE,161
U1927,Avery,Lindberg,Female,19,2007-08-22,avery.lindberg880@example.edu,(315) 555-0145,e9866a9b1cf97c0a66c2c8a566e80d17,Arizona State University,Tempe,AZ,33.4242,-111.9281,Off-Campus Apartment,Sophomore,Chemistry,Mesa,AZ,33.4152,-111.8315,In a relationship,FALSE,229
U1928,Rowan,Anderson,Non-binary,21,2005-05-02,rowan.anderson163@example.edu,(722) 555-0192,28ba7e7f7d1c230c9cd892ef60047951,University of Florida,Gainesville,FL,29.6436,-82.3549,Dorm / Residence Hall,Senior,Computer Science,Portland,OR,45.5152,-122.6784,In a relationship,FALSE,78
U1929,Lily,Moreau,Female,21,2005-01-25,lily.moreau55@example.edu,(537) 555-0146,ad1ddf3332d122ccb803f3ec9e4dbe8b,Texas A&M University,College Station,TX,30.6188,-96.3365,Off-Campus Apartment,Senior,Electrical Engineering,Dallas,TX,32.7767,-96.797,Single,FALSE,154
U1930,Mason,Hansen,Male,18,2008-01-09,mason.hansen183@example.edu,(354) 555-0109,3d2d41d26dbd715debf39547d14a38f9,University of Washington,Seattle,WA,47.6553,-122.3035,Off-Campus Apartment,Freshman,Nursing,Tacoma,WA,47.2529,-122.4443,Single,FALSE,250
U1931,Fatima,Lee,Female,23,2003-09-28,fatima.lee636@example.edu,(730) 555-0131,9b659213a7cc89dc6a5a9d0d6e6573a0,Texas A&M University,College Station,TX,30.6188,-96.3365,Off-Campus Apartment,Graduate,Accounting,Plano,TX,33.0198,-96.6989,Single,FALSE,363
U1932,Jack,Williams,Male,21,2005-11-28,jack.williams338@example.edu,(623) 555-0115,468bcd90f269376508784f07624fe94b,University of Minnesota,Minneapolis,MN,44.974,-93.2277,Lives at Home,Senior,Environmental Science,Louisville,KY,38.2527,-85.7585,Single,TRUE,113
U1933,Zoe,Thompson,Female,22,2004-02-21,zoe.thompson43@example.edu,(795) 555-0150,8d3e10b1f7f90bca6ad49c247a73328b,Ohio State University,Columbus,OH,40.0067,-83.0305,Dorm / Residence Hall,Senior,Electrical Engineering,Cincinnati,OH,39.1031,-84.512,In a relationship,FALSE,369
U1934,Andrew,Ramirez,Male,22,2004-02-22,andrew.ramirez413@example.edu,(315) 555-0195,8d73cb3a4f021d49c8ecf430d9b47c3b,Arizona State University,Tempe,AZ,33.4242,-111.9281,Off-Campus Apartment,Junior,Mathematics,Scottsdale,AZ,33.4942,-111.9261,In a relationship,FALSE,256
U1935,Mia,Wood,Female,23,2003-02-19,mia.wood697@example.edu,(442) 555-0198,885e84943be5ff758ce5d987fbad8ef5,UCLA,Los Angeles,CA,34.0689,-118.4452,Lives at Home,Graduate,Chemistry,Portland,OR,45.5152,-122.6784,Single,TRUE,228
U1936,Jaxon,Virtanen,Male,21,2005-06-08,jaxon.virtanen626@example.edu,(480) 555-0115,8b541a2c86502b119c63c7b483d3a462,University of Alabama,Tuscaloosa,AL,33.214,-87.5391,Off-Campus Apartment,Sophomore,Information Systems,Kansas City,MO,39.0997,-94.5786,Prefer not to say,FALSE,284
U1937,Connor,Miller,Male,18,2008-10-18,connor.miller170@example.edu,(286) 555-0109,4be4ad56bb00292448446c96c3e9b72d,Florida State University,Tallahassee,FL,30.4419,-84.2985,Lives at Home,Freshman,Data Analytics,Newark,NJ,40.7357,-74.1724,Single,TRUE,185
U1938,Darius,Weber,Male,22,2004-05-05,darius.weber244@example.edu,(567) 555-0130,2fcb4b20ed4307e8c122c3d9160f1934,UCLA,Los Angeles,CA,34.0689,-118.4452,Off-Campus Apartment,Senior,Public Health,San Diego,CA,32.7157,-117.1611,Single,TRUE,315
U1939,Emily,Hall,Female,20,2006-11-16,emily.hall397@example.edu,(211) 555-0181,5d9939dded6a0f854809501a6225f78d,University of Georgia,Athens,GA,33.948,-83.3773,Dorm / Residence Hall,Junior,Communications,Atlanta,GA,33.749,-84.388,In a relationship,FALSE,193
U1940,Abigail,Murphy,Female,20,2006-02-20,abigail.murphy606@example.edu,(748) 555-0191,fbbb4c2b1fa637bb2d531aa4816d5a6b,University of Michigan,Ann Arbor,MI,42.278,-83.7382,Off-Campus Apartment,Junior,Computer Science,Las Vegas,NV,36.1699,-115.1398,Single,FALSE,301
U1941,Luca,Reyes,Male,19,2007-05-03,luca.reyes983@example.edu,(272) 555-0162,af150c462be24ec575d9cc9acad46112,Texas A&M University,College Station,TX,30.6188,-96.3365,Off-Campus Apartment,Freshman,Sociology,Richmond,VA,37.5407,-77.436,In a relationship,TRUE,214
U1942,Yuna,Visser,Female,21,2005-02-11,yuna.visser547@example.edu,(753) 555-0158,16f7ae80120b5224ec19b7924c58fcc9,UCLA,Los Angeles,CA,34.0689,-118.4452,Dorm / Residence Hall,Junior,Business Administration,Sacramento,CA,38.5816,-121.4944,In a relationship,TRUE,74
U1943,Miles,Gutierrez,Male,19,2007-01-25,miles.gutierrez768@example.edu,(773) 555-0186,5ed186c59252c24a307d1abc6c1eb9c1,University of Wisconsin-Madison,Madison,WI,43.0766,-89.4125,University Apartment,Freshman,Marketing,Green Bay,WI,44.5133,-88.0133,Single,FALSE,181
U1944,Jameson,Li,Male,21,2005-01-15,jameson.li178@example.edu,(890) 555-0130,eeab3543c55798b07aa42572869f901e,University of Florida,Gainesville,FL,29.6436,-82.3549,Off-Campus Apartment,Senior,Business Administration,Tampa,FL,27.9506,-82.4572,Single,FALSE,129
U1945,Grace,Rogers,Female,19,2007-01-27,grace.rogers40@example.edu,(414) 555-0107,17097f1e24b4a90e93b29a47a9c4e0c7,Florida State University,Tallahassee,FL,30.4419,-84.2985,Lives at Home,Freshman,Computer Science,Tampa,FL,27.9506,-82.4572,Single,TRUE,186
U1946,Jonathan,Murphy,Male,19,2007-06-20,jonathan.murphy788@example.edu,(928) 555-0180,f6a8f16a98488fa24b1cbf01c23afc59,UCLA,Los Angeles,CA,34.0689,-118.4452,Off-Campus Apartment,Sophomore,Accounting,Irvine,CA,33.6846,-117.8265,In a relationship,TRUE,85
U1947,Madison,Hernandez,Female,23,2003-10-03,madison.hernandez131@example.edu,(768) 555-0164,df9831fe9bc3072d9fbf0a33e7dd29ca,University of Alabama,Tuscaloosa,AL,33.214,-87.5391,Lives at Home,Graduate,Graphic Design,Montgomery,AL,32.3668,-86.3,Prefer not to say,FALSE,144
U1948,Mila,Thomas,Female,19,2007-10-03,mila.thomas210@example.edu,(494) 555-0187,4eabab3481d47dd6795f65017589a2f6,University of Wisconsin-Madison,Madison,WI,43.0766,-89.4125,Dorm / Residence Hall,Sophomore,Music,Green Bay,WI,44.5133,-88.0133,In a relationship,FALSE,552
U1949,Zoe,James,Female,25,2001-06-05,zoe.james829@example.edu,(675) 555-0143,aec8b7e47e0b4d17b45da21be94b6f31,University of Wisconsin-Madison,Madison,WI,43.0766,-89.4125,University Apartment,Graduate,Public Health,Appleton,WI,44.2619,-88.4154,In a relationship,TRUE,268
U1950,Jin,Byrne,Male,21,2005-06-13,jin.byrne196@example.edu,(424) 555-0129,9e3eaadc6703e941cbbcdfcf6b47607f,New York University,New York,NY,40.7295,-73.9965,Dorm / Residence Hall,Junior,Journalism,Syracuse,NY,43.0481,-76.1474,In a relationship,FALSE,149
U1951,Sage,Phillips,Prefer not to say,21,2005-09-03,sage.phillips495@example.edu,(933) 555-0101,83a9a5ffeafcaddd68ed1287f7ec1429,UCLA,Los Angeles,CA,34.0689,-118.4452,University Apartment,Senior,Journalism,Sacramento,CA,38.5816,-121.4944,Single,FALSE,314
U1952,Ava,Ortiz,Female,21,2005-08-10,ava.ortiz822@example.edu,(377) 555-0124,3ebd3753bf4d89dfdd470904b1a658e8,University of Wisconsin-Madison,Madison,WI,43.0766,-89.4125,Dorm / Residence Hall,Senior,Journalism,Kenosha,WI,42.5847,-87.8212,Single,FALSE,378
U1953,Victoria,Young,Female,19,2007-12-28,victoria.young826@example.edu,(944) 555-0135,70ab7174531c4c72a50e4558e53651eb,University of Wisconsin-Madison,Madison,WI,43.0766,-89.4125,Dorm / Residence Hall,Freshman,Public Health,Kenosha,WI,42.5847,-87.8212,Single,FALSE,71
U1954,Ezekiel,Smith,Male,22,2004-06-02,ezekiel.smith8@example.edu,(515) 555-0120,e1d49c7639942939faeed17d7c5fc713,Penn State University,State College,PA,40.7982,-77.8599,Off-Campus Apartment,Senior,Finance,Allentown,PA,40.6084,-75.4902,Single,TRUE,252
U1955,Levi,Davis,Male,23,2003-08-25,levi.davis174@example.edu,(886) 555-0181,f250170014b5fc3ab03218ddb97008e3,University of Michigan,Ann Arbor,MI,42.278,-83.7382,Off-Campus Apartment,Graduate,Biology,Boise,ID,43.615,-116.2023,In a relationship,TRUE,67
U1956,Easton,Tran,Male,20,2006-08-19,easton.tran787@example.edu,(643) 555-0151,29584be3be7d445434995737810397e1,Arizona State University,Tempe,AZ,33.4242,-111.9281,Dorm / Residence Hall,Junior,Psychology,Scottsdale,AZ,33.4942,-111.9261,In a relationship,FALSE,199
U1957,Allison,Fraser,Female,21,2005-07-27,allison.fraser720@example.edu,(617) 555-0175,f2f93ca7a2854984e1d33d27270172be,New York University,New York,NY,40.7295,-73.9965,Lives at Home,Senior,Nursing,Brooklyn,NY,40.6782,-73.9442,It's complicated,TRUE,256
U1958,Olivia,Hill,Female,21,2005-05-03,olivia.hill75@example.edu,(420) 555-0199,e212842ffe4c25a9845ec132d5e99219,University of Texas at Austin,Austin,TX,30.2849,-97.7341,Off-Campus Apartment,Senior,Graphic Design,St. Louis,MO,38.627,-90.1994,In a relationship,TRUE,261
U1959,Lucy,Laurent,Female,20,2006-01-11,lucy.laurent554@example.edu,(766) 555-0181,b1e1c368bff7662ed19bcda772c6a551,Arizona State University,Tempe,AZ,33.4242,-111.9281,Greek Housing,Sophomore,Biology,Tucson,AZ,32.2226,-110.9747,In a relationship,TRUE,582
U1960,Andre,Chen,Male,21,2005-09-08,andre.chen426@example.edu,(697) 555-0144,c24158e79b004b25c618959ad7d0d678,Ohio State University,Columbus,OH,40.0067,-83.0305,Off-Campus Apartment,Senior,Data Analytics,Cleveland,OH,41.4993,-81.6944,In a relationship,TRUE,546
U1961,Madison,Turner,Female,21,2005-08-28,madison.turner73@example.edu,(259) 555-0147,e7593bd0bb0e096988e1a961f9c224ce,Ohio State University,Columbus,OH,40.0067,-83.0305,Lives at Home,Junior,Mechanical Engineering,Boise,ID,43.615,-116.2023,Single,FALSE,88
U1962,Matthew,Murphy,Male,20,2006-01-28,matthew.murphy774@example.edu,(968) 555-0118,6f16af81ef3e1a0ca7631a8f872fbeab,University of Texas at Austin,Austin,TX,30.2849,-97.7341,Lives at Home,Junior,Criminal Justice,Columbia,SC,34.0007,-81.0348,In a relationship,TRUE,105
U1963,Mila,Sharma,Female,22,2004-11-14,mila.sharma949@example.edu,(638) 555-0181,cee5b9f475253e947273f136c8338671,Arizona State University,Tempe,AZ,33.4242,-111.9281,Off-Campus Apartment,Senior,Biology,Scottsdale,AZ,33.4942,-111.9261,In a relationship,FALSE,175
U1964,Riley,Fernandez,Female,21,2005-10-15,riley.fernandez357@example.edu,(515) 555-0185,380aec7c58cdf61e6b58bed5a40bcf7c,University of Alabama,Tuscaloosa,AL,33.214,-87.5391,Dorm / Residence Hall,Senior,Business Administration,Las Vegas,NV,36.1699,-115.1398,Single,TRUE,146
U1965,Grayson,Rogers,Male,20,2006-12-28,grayson.rogers774@example.edu,(322) 555-0144,f2bf9b5e4eb76755d9f86b4edc03c14d,Florida State University,Tallahassee,FL,30.4419,-84.2985,Dorm / Residence Hall,Junior,Education,Jacksonville,FL,30.3322,-81.6557,Single,TRUE,100
U1966,Destiny,Becker,Female,20,2006-01-12,destiny.becker357@example.edu,(551) 555-0121,9ffc9cb27da07b89b7df7518a2856616,University of Florida,Gainesville,FL,29.6436,-82.3549,Lives at Home,Junior,Undeclared,Omaha,NE,41.2565,-95.9345,Single,FALSE,142
U1967,Ella,James,Female,21,2005-01-21,ella.james765@example.edu,(719) 555-0127,caa756336a7f800768439ef5c29701b6,UCLA,Los Angeles,CA,34.0689,-118.4452,Off-Campus Apartment,Senior,Business Administration,Salt Lake City,UT,40.7608,-111.891,Single,FALSE,409
U1968,Ximena,Wang,Female,24,2002-04-14,ximena.wang72@example.edu,(412) 555-0198,31ad350af3eeed180f7e9c962c775ae3,Arizona State University,Tempe,AZ,33.4242,-111.9281,Off-Campus Apartment,Graduate,Information Systems,Mesa,AZ,33.4152,-111.8315,It's complicated,TRUE,387
U1969,Jameson,Adams,Male,19,2007-04-20,jameson.adams220@example.edu,(831) 555-0127,e2e57938155601c29744363f5812f963,University of Alabama,Tuscaloosa,AL,33.214,-87.5391,Off-Campus Apartment,Sophomore,Mechanical Engineering,Portland,OR,45.5152,-122.6784,In a relationship,TRUE,180
U1970,Bella,Thomas,Female,22,2004-05-03,bella.thomas775@example.edu,(271) 555-0172,34dd2ccaea2617d7ffff5c98f5a7e3c0,Arizona State University,Tempe,AZ,33.4242,-111.9281,Off-Campus Apartment,Senior,Education,Phoenix,AZ,33.4484,-112.074,Prefer not to say,FALSE,122
U1971,Grace,Harris,Female,22,2004-03-22,grace.harris523@example.edu,(368) 555-0107,b96cfca71f24385dc9fa42b9ab9fcd3c,Texas A&M University,College Station,TX,30.6188,-96.3365,Dorm / Residence Hall,Senior,Kinesiology,Fort Worth,TX,32.7555,-97.3308,Prefer not to say,TRUE,204
U1972,Santiago,Papadopoulos,Male,23,2003-12-26,santiago.papadopoulos5@example.edu,(271) 555-0114,a9491c4a68d71fcc4bf9acdfb185a511,University of Wisconsin-Madison,Madison,WI,43.0766,-89.4125,Dorm / Residence Hall,Senior,Economics,Milwaukee,WI,43.0389,-87.9065,In a relationship,TRUE,158
U1973,Mohammed,Moore,Male,19,2007-07-15,mohammed.moore96@example.edu,(599) 555-0106,b2236d8b21e61500cf77b38afea53108,University of Florida,Gainesville,FL,29.6436,-82.3549,University Apartment,Freshman,Communications,Tampa,FL,27.9506,-82.4572,In a relationship,TRUE,193
U1974,Isabella,Hoffman,Female,22,2004-07-26,isabella.hoffman939@example.edu,(541) 555-0158,56b238843328f0b6a891db24984b65a1,Texas A&M University,College Station,TX,30.6188,-96.3365,Off-Campus Apartment,Senior,Computer Science,El Paso,TX,31.7619,-106.485,Single,FALSE,79
U1975,Madelyn,Cooper,Female,19,2007-06-01,madelyn.cooper498@example.edu,(570) 555-0107,9ba3396342e9b279d789f721033ee1ab,Florida State University,Tallahassee,FL,30.4419,-84.2985,Off-Campus Apartment,Sophomore,Biology,Jacksonville,FL,30.3322,-81.6557,Single,FALSE,250
U1976,Levi,Cruz,Male,19,2007-05-09,levi.cruz291@example.edu,(827) 555-0176,936684388aaf48ec7f08418cb928de12,Florida State University,Tallahassee,FL,30.4419,-84.2985,Off-Campus Apartment,Freshman,Business Administration,Oklahoma City,OK,35.4676,-97.5164,In a relationship,FALSE,135
U1977,Stella,Okafor,Female,18,2008-04-06,stella.okafor400@example.edu,(539) 555-0180,be83e5d569fdafc41d407ddb359ebc66,University of Alabama,Tuscaloosa,AL,33.214,-87.5391,Off-Campus Apartment,Freshman,Education,New Orleans,LA,29.9511,-90.0715,Single,TRUE,237
U1978,Jaxon,Moore,Male,23,2003-12-20,jaxon.moore344@example.edu,(716) 555-0177,cff38f68c11e0b7bdc4956bcc444ad6b,University of Alabama,Tuscaloosa,AL,33.214,-87.5391,Lives at Home,Graduate,Criminal Justice,Huntsville,AL,34.7304,-86.5861,Single,FALSE,88
U1979,Thomas,Jackson,Male,19,2007-10-23,thomas.jackson483@example.edu,(799) 555-0159,b273ffe31714553f37853a135276ccca,New York University,New York,NY,40.7295,-73.9965,Lives at Home,Sophomore,Nursing,Syracuse,NY,43.0481,-76.1474,Single,TRUE,305
U1980,Fatima,Green,Female,21,2005-11-22,fatima.green486@example.edu,(790) 555-0114,7ea1e1877055451a86e48179c89e7d04,Arizona State University,Tempe,AZ,33.4242,-111.9281,Lives at Home,Senior,Computer Science,Scottsdale,AZ,33.4942,-111.9261,Single,FALSE,219
U1981,Sage,Hernandez,Prefer not to say,22,2004-05-26,sage.hernandez179@example.edu,(414) 555-0164,d16f2ee6fda1728f34c1353b52d9f5f1,Ohio State University,Columbus,OH,40.0067,-83.0305,Lives at Home,Junior,Data Analytics,St. Louis,MO,38.627,-90.1994,Single,FALSE,78
U1982,Oliver,Nelson,Male,20,2006-06-24,oliver.nelson999@example.edu,(880) 555-0175,b73e5a1312df11f206c89a0ef5606f32,University of Wisconsin-Madison,Madison,WI,43.0766,-89.4125,Off-Campus Apartment,Junior,Undeclared,St. Louis,MO,38.627,-90.1994,Single,FALSE,330
U1983,Aurora,Rodriguez,Female,18,2008-04-22,aurora.rodriguez508@example.edu,(269) 555-0152,62a9834c32614f518c66788cbf12ea35,Arizona State University,Tempe,AZ,33.4242,-111.9281,University Apartment,Freshman,Education,Scottsdale,AZ,33.4942,-111.9261,In a relationship,TRUE,252
U1984,Gabriella,Cooper,Female,20,2006-06-09,gabriella.cooper905@example.edu,(712) 555-0116,5e04235db7770a6fa99fc0a9f17a24fa,University of Alabama,Tuscaloosa,AL,33.214,-87.5391,Off-Campus Apartment,Sophomore,Psychology,Mobile,AL,30.6954,-88.0399,Single,TRUE,299
U1985,Willow,Martin,Female,23,2003-07-26,willow.martin957@example.edu,(468) 555-0171,431d481ba9a0fe6e27b9a3097ec4f16a,University of Florida,Gainesville,FL,29.6436,-82.3549,Off-Campus Apartment,Graduate,Education,Miami,FL,25.7617,-80.1918,In a relationship,TRUE,421
U1986,William,Yamamoto,Male,19,2007-05-11,william.yamamoto554@example.edu,(903) 555-0182,ea806c310d17e3a2d97a4a2186dfc794,New York University,New York,NY,40.7295,-73.9965,Off-Campus Apartment,Sophomore,Information Systems,Rochester,NY,43.1566,-77.6088,In a relationship,TRUE,101
U1987,Maverick,Thompson,Male,23,2003-03-16,maverick.thompson126@example.edu,(824) 555-0111,ff7f3933cb9bcd730c9b16243b11a426,University of Texas at Austin,Austin,TX,30.2849,-97.7341,University Apartment,Graduate,Journalism,Salt Lake City,UT,40.7608,-111.891,In a relationship,FALSE,258
U1988,Isabella,Cox,Female,24,2002-10-13,isabella.cox512@example.edu,(505) 555-0118,a172205ec45dd0dc544b31686c7d99da,University of Georgia,Athens,GA,33.948,-83.3773,University Apartment,Graduate,Psychology,Savannah,GA,32.0809,-81.0912,Single,TRUE,79
U1989,Camille,Ramos,Female,22,2004-05-12,camille.ramos501@example.edu,(983) 555-0141,3b0c6bfc800fc49b72a1144aecf96664,University of Michigan,Ann Arbor,MI,42.278,-83.7382,Off-Campus Apartment,Senior,Education,Troy,MI,42.6064,-83.1498,It's complicated,TRUE,230
U1990,Evelyn,Howard,Female,24,2002-09-22,evelyn.howard685@example.edu,(794) 555-0196,073b781337067aca6a724cb230418dc9,Florida State University,Tallahassee,FL,30.4419,-84.2985,Off-Campus Apartment,Senior,Undeclared,Denver,CO,39.7392,-104.9903,Single,FALSE,66
U1991,Jack,Brooks,Male,19,2007-11-06,jack.brooks374@example.edu,(518) 555-0134,4ab4c12af9aa417a431e5dc635e2928e,University of Florida,Gainesville,FL,29.6436,-82.3549,Off-Campus Apartment,Sophomore,Criminal Justice,St. Louis,MO,38.627,-90.1994,In a relationship,TRUE,140
U1992,Elias,Hernandez,Male,21,2005-02-08,elias.hernandez653@example.edu,(617) 555-0162,2d57f26dc00d7e9fc346a3a7b75d4bfa,University of Georgia,Athens,GA,33.948,-83.3773,Lives at Home,Sophomore,Economics,Augusta,GA,33.4735,-82.0105,Single,TRUE,237
U1993,Hazel,Hall,Female,20,2006-10-01,hazel.hall768@example.edu,(291) 555-0112,2293606e39929d1d6aca8068f16fc44e,UCLA,Los Angeles,CA,34.0689,-118.4452,University Apartment,Sophomore,Accounting,Portland,OR,45.5152,-122.6784,Single,TRUE,184
U1994,Mila,Hernandez,Female,19,2007-05-03,mila.hernandez432@example.edu,(367) 555-0108,bfb6eca872890007a9cc38cf10f0f351,University of Florida,Gainesville,FL,29.6436,-82.3549,Greek Housing,Sophomore,Education,Orlando,FL,28.5384,-81.3789,Single,FALSE,330
U1995,Nora,Taylor,Female,18,2008-07-10,nora.taylor916@example.edu,(247) 555-0139,7ba0f019e17849f77295df41c5ec6f63,Arizona State University,Tempe,AZ,33.4242,-111.9281,Off-Campus Apartment,Freshman,Computer Science,Tucson,AZ,32.2226,-110.9747,In a relationship,TRUE,241
U1996,Chloe,Sanders,Female,22,2004-09-18,chloe.sanders794@example.edu,(469) 555-0185,8281129acd1d2eacd886c67a9c0b6898,Ohio State University,Columbus,OH,40.0067,-83.0305,Dorm / Residence Hall,Senior,Journalism,Boston,MA,42.3601,-71.0589,Prefer not to say,FALSE,127
U1997,Luca,Phillips,Male,19,2007-11-16,luca.phillips716@example.edu,(341) 555-0114,69cea3e724dd5220ab8224b7e4a1cde5,University of Florida,Gainesville,FL,29.6436,-82.3549,Off-Campus Apartment,Sophomore,Information Systems,Boston,MA,42.3601,-71.0589,Single,FALSE,159
U1998,Chloe,Hoffman,Female,19,2007-11-14,chloe.hoffman657@example.edu,(617) 555-0107,19045ff7ddb6a96c273cb52714e6df88,New York University,New York,NY,40.7295,-73.9965,Off-Campus Apartment,Sophomore,Public Health,Buffalo,NY,42.8864,-78.8784,Single,FALSE,168
U1999,Jin,Campbell,Male,24,2002-05-18,jin.campbell990@example.edu,(970) 555-0141,9050478d9a37223d37642227432bdb64,University of Minnesota,Minneapolis,MN,44.974,-93.2277,Off-Campus Apartment,Graduate,Business Administration,Bloomington,MN,44.8408,-93.2983,In a relationship,TRUE,188
U2000,Daniel,Morales,Male,24,2002-10-11,daniel.morales116@example.edu,(910) 555-0188,7ecfd14943008b4eb15aad63f0e396f7,University of Michigan,Ann Arbor,MI,42.278,-83.7382,Lives at Home,Graduate,Criminal Justice,Troy,MI,42.6064,-83.1498,Single,TRUE,805
