user_id,campaign_id,platform,impressions,clicks,video_completions,conversions,first_exposure_date,last_exposure_date
U0001,CMP01,TikTok,64,1,19,0,2026-07-04,2026-07-05
U0002,CMP01,TikTok,79,1,36,0,2026-06-17,2026-06-24
U0006,CMP01,TikTok,82,1,42,0,2026-06-15,2026-06-28
U0006,CMP01,Instagram,127,1,45,0,2026-06-13,2026-06-27
U0008,CMP01,TikTok,96,2,42,0,2026-07-04,2026-07-05
U0013,CMP01,Instagram,69,1,32,0,2026-06-23,2026-06-30
U0015,CMP01,Instagram,45,1,18,0,2026-06-08,2026-06-18
U0020,CMP01,TikTok,51,1,27,0,2026-07-05,2026-07-05
U0041,CMP01,Instagram,123,3,48,0,2026-06-24,2026-07-01
U0043,CMP01,TikTok,69,1,37,0,2026-06-14,2026-06-22
U0048,CMP01,Instagram,34,0,18,0,2026-06-17,2026-06-23
U0052,CMP01,TikTok,58,1,22,0,2026-06-12,2026-06-18
U0052,CMP01,Instagram,40,0,18,0,2026-06-28,2026-06-28
U0064,CMP01,Instagram,29,0,10,0,2026-07-03,2026-07-05
U0066,CMP01,Instagram,31,1,9,0,2026-07-01,2026-07-01
U0070,CMP01,TikTok,81,1,31,0,2026-06-14,2026-07-01
U0070,CMP01,Instagram,65,1,29,0,2026-07-05,2026-07-05
U0076,CMP01,TikTok,43,1,22,0,2026-06-28,2026-06-30
U0076,CMP01,Instagram,149,2,47,0,2026-06-17,2026-06-22
U0085,CMP01,TikTok,143,2,50,0,2026-07-05,2026-07-05
U0089,CMP01,TikTok,79,2,41,0,2026-06-30,2026-07-02
U0089,CMP01,Instagram,106,2,49,0,2026-06-21,2026-06-27
U0093,CMP01,TikTok,72,2,32,0,2026-07-03,2026-07-05
U0100,CMP01,Instagram,86,1,33,0,2026-06-11,2026-06-24
U0103,CMP01,Instagram,106,2,57,0,2026-06-27,2026-06-27
U0108,CMP01,TikTok,74,1,36,0,2026-06-08,2026-06-21
U0108,CMP01,Instagram,38,1,20,0,2026-06-18,2026-06-27
U0118,CMP01,Instagram,69,1,25,0,2026-06-24,2026-07-01
U0120,CMP01,TikTok,66,0,20,0,2026-06-20,2026-07-03
U0120,CMP01,Instagram,78,1,36,0,2026-06-13,2026-06-13
U0121,CMP01,Instagram,143,2,66,0,2026-06-12,2026-06-29
U0122,CMP01,TikTok,58,1,22,0,2026-06-17,2026-06-28
U0122,CMP01,Instagram,113,2,60,0,2026-06-16,2026-06-27
U0123,CMP01,TikTok,134,2,53,0,2026-06-22,2026-07-04
U0124,CMP01,TikTok,134,2,59,0,2026-06-13,2026-06-30
U0136,CMP01,TikTok,66,1,31,0,2026-06-27,2026-07-05
U0136,CMP01,Instagram,82,1,26,0,2026-06-18,2026-06-19
U0141,CMP01,TikTok,25,0,9,0,2026-06-11,2026-06-22
U0142,CMP01,TikTok,74,1,29,0,2026-06-21,2026-07-03
U0142,CMP01,Instagram,91,2,27,0,2026-07-02,2026-07-05
U0149,CMP01,Instagram,86,2,33,0,2026-06-14,2026-06-20
U0160,CMP01,Instagram,55,1,23,0,2026-06-13,2026-06-15
U0176,CMP01,Instagram,121,2,52,0,2026-07-03,2026-07-03
U0180,CMP01,TikTok,49,0,14,0,2026-06-12,2026-06-15
U0196,CMP01,Instagram,77,2,37,0,2026-07-04,2026-07-05
U0200,CMP01,TikTok,27,0,11,0,2026-06-10,2026-06-26
U0201,CMP01,Instagram,93,2,34,0,2026-06-23,2026-07-05
U0207,CMP01,TikTok,53,1,27,0,2026-06-30,2026-07-02
U0207,CMP01,Instagram,121,1,43,0,2026-06-17,2026-07-03
U0208,CMP01,TikTok,15,0,5,0,2026-06-17,2026-06-20
U0209,CMP01,Instagram,198,2,103,0,2026-06-30,2026-07-01
U0210,CMP01,TikTok,121,2,62,0,2026-06-12,2026-07-02
U0210,CMP01,Instagram,28,1,13,0,2026-06-16,2026-06-18
U0211,CMP01,TikTok,103,1,37,0,2026-06-26,2026-07-02
U0214,CMP01,TikTok,95,2,41,0,2026-07-05,2026-07-05
U0214,CMP01,Instagram,39,1,17,0,2026-06-25,2026-07-01
U0223,CMP01,Instagram,54,1,28,0,2026-06-30,2026-07-04
U0225,CMP01,TikTok,40,0,12,0,2026-06-09,2026-06-28
U0225,CMP01,Instagram,21,0,6,0,2026-06-21,2026-06-27
U0227,CMP01,TikTok,97,1,36,0,2026-07-01,2026-07-02
U0236,CMP01,Instagram,64,1,34,0,2026-06-30,2026-07-03
U0254,CMP01,TikTok,53,1,16,0,2026-06-27,2026-07-04
U0265,CMP01,Instagram,73,1,31,0,2026-06-13,2026-07-05
U0267,CMP01,TikTok,58,1,26,0,2026-06-29,2026-07-05
U0267,CMP01,Instagram,157,3,66,0,2026-07-01,2026-07-04
U0269,CMP01,TikTok,105,2,32,0,2026-06-20,2026-06-28
U0269,CMP01,Instagram,45,0,21,0,2026-06-22,2026-06-26
U0285,CMP01,Instagram,55,1,27,1,2026-06-10,2026-06-30
U0301,CMP01,Instagram,70,1,33,0,2026-06-16,2026-06-17
U0305,CMP01,TikTok,60,1,18,0,2026-07-05,2026-07-05
U0329,CMP01,Instagram,93,1,46,0,2026-06-25,2026-06-30
U0339,CMP01,TikTok,73,1,39,0,2026-06-21,2026-06-27
U0339,CMP01,Instagram,89,1,30,0,2026-06-11,2026-07-05
U0340,CMP01,Instagram,48,1,21,0,2026-06-16,2026-06-29
U0345,CMP01,TikTok,26,0,11,0,2026-06-29,2026-07-04
U0345,CMP01,Instagram,120,1,42,0,2026-06-08,2026-07-04
U0349,CMP01,TikTok,55,1,20,0,2026-06-27,2026-07-04
U0353,CMP01,TikTok,48,1,24,0,2026-06-19,2026-07-02
U0355,CMP01,Instagram,101,1,50,0,2026-07-02,2026-07-05
U0357,CMP01,TikTok,57,1,30,0,2026-06-28,2026-06-29
U0357,CMP01,Instagram,79,2,37,0,2026-06-22,2026-06-28
U0359,CMP01,TikTok,42,1,22,0,2026-06-30,2026-07-01
U0359,CMP01,Instagram,85,1,41,0,2026-06-26,2026-06-26
U0366,CMP01,TikTok,44,0,17,0,2026-06-29,2026-07-03
U0367,CMP01,TikTok,50,0,21,0,2026-06-24,2026-07-01
U0373,CMP01,Instagram,89,1,39,0,2026-06-15,2026-06-17
U0379,CMP01,TikTok,52,1,27,0,2026-06-18,2026-06-22
U0384,CMP01,Instagram,109,2,38,0,2026-06-29,2026-07-03
U0385,CMP01,Instagram,54,1,22,0,2026-06-18,2026-07-01
U0386,CMP01,TikTok,39,0,20,0,2026-06-30,2026-07-05
U0390,CMP01,Instagram,167,3,52,0,2026-06-23,2026-06-27
U0394,CMP01,TikTok,105,2,43,0,2026-06-14,2026-07-01
U0396,CMP01,TikTok,31,0,10,0,2026-06-08,2026-07-02
U0397,CMP01,TikTok,28,1,13,0,2026-06-16,2026-06-24
U0397,CMP01,Instagram,94,1,45,0,2026-06-28,2026-06-28
U0405,CMP01,TikTok,108,1,44,0,2026-07-04,2026-07-04
U0407,CMP01,TikTok,57,1,25,0,2026-06-18,2026-07-01
U0408,CMP01,TikTok,39,1,19,0,2026-06-25,2026-06-26
U0417,CMP01,TikTok,108,1,59,0,2026-06-22,2026-06-22
U0426,CMP01,TikTok,32,1,15,0,2026-06-30,2026-06-30
U0434,CMP01,Instagram,53,0,27,0,2026-06-28,2026-07-02
U0436,CMP01,Instagram,70,1,37,0,2026-07-05,2026-07-05
U0438,CMP01,TikTok,149,3,63,0,2026-06-26,2026-06-29
U0438,CMP01,Instagram,95,2,35,0,2026-06-28,2026-06-29
U0442,CMP01,Instagram,60,1,26,0,2026-06-29,2026-06-30
U0443,CMP01,Instagram,70,1,27,0,2026-06-21,2026-06-26
U0450,CMP01,TikTok,114,2,59,0,2026-06-23,2026-07-04
U0452,CMP01,Instagram,93,2,49,0,2026-07-05,2026-07-05
U0475,CMP01,Instagram,29,0,15,0,2026-06-19,2026-06-30
U0483,CMP01,TikTok,40,1,14,0,2026-06-10,2026-06-25
U0487,CMP01,TikTok,41,1,18,0,2026-06-20,2026-06-22
U0497,CMP01,Instagram,176,2,60,0,2026-06-11,2026-06-16
U0502,CMP01,Instagram,61,1,22,0,2026-06-21,2026-06-23
U0504,CMP01,Instagram,77,1,36,0,2026-06-16,2026-06-26
U0508,CMP01,TikTok,27,0,12,0,2026-06-17,2026-06-25
U0508,CMP01,Instagram,53,1,21,0,2026-06-30,2026-07-03
U0512,CMP01,TikTok,32,1,17,0,2026-06-27,2026-06-30
U0513,CMP01,TikTok,43,1,15,0,2026-06-17,2026-06-17
U0513,CMP01,Instagram,64,1,27,0,2026-06-14,2026-06-27
U0517,CMP01,TikTok,32,1,12,0,2026-06-30,2026-06-30
U0517,CMP01,Instagram,33,0,16,0,2026-06-18,2026-06-27
U0518,CMP01,TikTok,85,1,41,0,2026-06-21,2026-07-02
U0521,CMP01,Instagram,59,0,21,0,2026-07-03,2026-07-05
U0527,CMP01,TikTok,96,2,42,0,2026-06-23,2026-07-03
U0558,CMP01,TikTok,136,2,43,0,2026-06-27,2026-06-29
U0573,CMP01,TikTok,63,1,20,0,2026-06-08,2026-06-13
U0573,CMP01,Instagram,45,0,16,0,2026-06-25,2026-07-05
U0583,CMP01,TikTok,39,1,18,0,2026-06-26,2026-06-29
U0583,CMP01,Instagram,78,1,36,0,2026-06-24,2026-07-05
U0585,CMP01,Instagram,59,1,22,0,2026-06-26,2026-06-29
U0588,CMP01,TikTok,57,1,24,0,2026-06-11,2026-06-15
U0594,CMP01,Instagram,29,0,14,0,2026-06-28,2026-06-28
U0601,CMP01,Instagram,147,2,71,0,2026-06-21,2026-06-29
U0606,CMP01,TikTok,53,1,16,0,2026-06-22,2026-07-05
U0606,CMP01,Instagram,39,1,12,0,2026-06-18,2026-06-30
U0610,CMP01,Instagram,68,1,36,0,2026-06-17,2026-07-03
U0611,CMP01,TikTok,73,1,36,0,2026-06-16,2026-07-05
U0611,CMP01,Instagram,65,0,21,0,2026-07-01,2026-07-03
U0620,CMP01,TikTok,22,0,8,0,2026-06-30,2026-07-02
U0620,CMP01,Instagram,72,1,36,0,2026-07-01,2026-07-05
U0622,CMP01,TikTok,60,1,26,0,2026-06-13,2026-06-17
U0624,CMP01,TikTok,95,1,39,0,2026-06-25,2026-07-02
U0625,CMP01,Instagram,185,3,69,0,2026-07-02,2026-07-04
U0636,CMP01,Instagram,57,1,18,0,2026-06-20,2026-06-27
U0652,CMP01,TikTok,18,0,6,0,2026-06-14,2026-07-02
U0652,CMP01,Instagram,57,1,30,0,2026-06-09,2026-06-14
U0659,CMP01,Instagram,58,1,30,0,2026-06-18,2026-06-27
U0661,CMP01,TikTok,47,1,18,0,2026-06-10,2026-06-24
U0661,CMP01,Instagram,43,0,13,0,2026-06-13,2026-06-23
U0666,CMP01,TikTok,55,0,21,0,2026-06-30,2026-07-05
U0673,CMP01,TikTok,78,1,33,0,2026-07-05,2026-07-05
U0673,CMP01,Instagram,87,1,30,0,2026-06-23,2026-07-03
U0674,CMP01,Instagram,76,1,32,0,2026-06-11,2026-06-18
U0677,CMP01,TikTok,101,2,35,0,2026-06-23,2026-06-28
U0677,CMP01,Instagram,116,1,56,0,2026-06-11,2026-06-24
U0689,CMP01,TikTok,123,2,54,0,2026-06-18,2026-07-02
U0690,CMP01,TikTok,31,1,9,0,2026-06-22,2026-06-24
U0690,CMP01,Instagram,50,1,23,0,2026-06-13,2026-06-14
U0695,CMP01,Instagram,94,2,37,0,2026-06-16,2026-07-03
U0698,CMP01,TikTok,39,0,21,0,2026-06-24,2026-07-05
U0704,CMP01,Instagram,58,1,25,0,2026-06-21,2026-06-29
U0707,CMP01,TikTok,83,1,39,0,2026-06-29,2026-07-03
U0716,CMP01,TikTok,43,0,17,0,2026-06-15,2026-06-18
U0716,CMP01,Instagram,122,2,39,0,2026-07-03,2026-07-04
U0718,CMP01,TikTok,40,0,19,0,2026-07-05,2026-07-05
U0718,CMP01,Instagram,81,1,38,0,2026-06-08,2026-07-02
U0721,CMP01,Instagram,62,1,21,0,2026-06-22,2026-07-04
U0729,CMP01,TikTok,78,1,34,0,2026-06-30,2026-07-05
U0729,CMP01,Instagram,34,0,11,0,2026-06-12,2026-06-15
U0731,CMP01,Instagram,58,0,20,0,2026-06-09,2026-06-22
U0733,CMP01,TikTok,34,1,10,0,2026-07-02,2026-07-05
U0734,CMP01,Instagram,64,1,24,0,2026-06-08,2026-06-10
U0741,CMP01,Instagram,78,1,40,0,2026-06-22,2026-06-22
U0742,CMP01,Instagram,112,1,45,0,2026-07-05,2026-07-05
U0745,CMP01,Instagram,45,1,15,0,2026-06-13,2026-06-29
U0746,CMP01,TikTok,76,1,26,0,2026-06-25,2026-07-03
U0746,CMP01,Instagram,58,1,22,0,2026-06-08,2026-06-24
U0755,CMP01,TikTok,21,1,6,0,2026-06-23,2026-07-05
U0755,CMP01,Instagram,48,1,25,0,2026-06-08,2026-06-10
U0759,CMP01,Instagram,104,1,31,0,2026-06-26,2026-07-04
U0760,CMP01,TikTok,71,2,28,0,2026-06-18,2026-07-02
U0766,CMP01,TikTok,96,2,52,1,2026-06-11,2026-06-19
U0766,CMP01,Instagram,40,0,21,0,2026-06-16,2026-07-03
U0773,CMP01,Instagram,50,1,26,0,2026-06-28,2026-07-02
U0785,CMP01,Instagram,65,1,23,0,2026-06-22,2026-06-24
U0800,CMP01,TikTok,111,2,47,0,2026-06-28,2026-07-05
U0804,CMP01,TikTok,150,3,76,0,2026-06-15,2026-07-03
U0814,CMP01,TikTok,120,2,51,0,2026-06-08,2026-06-27
U0814,CMP01,Instagram,52,1,22,0,2026-06-10,2026-06-11
U0815,CMP01,TikTok,45,1,14,0,2026-07-04,2026-07-05
U0815,CMP01,Instagram,39,0,13,0,2026-06-24,2026-06-30
U0816,CMP01,Instagram,39,0,17,0,2026-07-02,2026-07-04
U0830,CMP01,TikTok,64,1,24,0,2026-06-23,2026-07-01
U0830,CMP01,Instagram,110,2,58,0,2026-06-28,2026-07-03
U0833,CMP01,TikTok,27,0,13,0,2026-06-28,2026-06-29
U0833,CMP01,Instagram,69,1,26,0,2026-06-15,2026-06-15
U0834,CMP01,TikTok,52,0,22,0,2026-06-19,2026-06-19
U0834,CMP01,Instagram,88,1,36,0,2026-06-21,2026-07-01
U0838,CMP01,TikTok,72,1,38,0,2026-06-10,2026-06-21
U0838,CMP01,Instagram,153,2,60,0,2026-06-27,2026-07-04
U0839,CMP01,TikTok,66,1,29,0,2026-06-16,2026-06-17
U0839,CMP01,Instagram,62,1,26,0,2026-06-24,2026-06-27
U0848,CMP01,TikTok,110,1,58,0,2026-06-18,2026-06-30
U0848,CMP01,Instagram,66,1,34,0,2026-06-12,2026-07-05
U0858,CMP01,Instagram,90,2,47,0,2026-06-13,2026-06-20
U0863,CMP01,TikTok,44,1,22,0,2026-06-15,2026-06-18
U0863,CMP01,Instagram,145,3,58,0,2026-06-20,2026-06-23
U0874,CMP01,Instagram,240,4,82,0,2026-06-30,2026-07-04
U0893,CMP01,TikTok,86,1,40,0,2026-06-26,2026-06-30
U0895,CMP01,Instagram,41,1,13,0,2026-06-09,2026-06-18
U0896,CMP01,TikTok,28,1,14,0,2026-06-23,2026-06-27
U0899,CMP01,Instagram,41,1,12,0,2026-06-20,2026-06-29
U0905,CMP01,TikTok,64,1,23,0,2026-07-04,2026-07-05
U0909,CMP01,Instagram,134,2,52,0,2026-06-24,2026-06-24
U0911,CMP01,TikTok,30,0,14,0,2026-06-12,2026-06-15
U0913,CMP01,TikTok,55,1,19,0,2026-06-09,2026-06-09
U0930,CMP01,TikTok,50,1,18,0,2026-06-22,2026-06-27
U0930,CMP01,Instagram,76,2,32,0,2026-06-21,2026-07-04
U0941,CMP01,TikTok,45,1,16,0,2026-06-08,2026-06-09
U0941,CMP01,Instagram,56,1,20,0,2026-06-22,2026-06-22
U0953,CMP01,TikTok,84,1,45,0,2026-06-08,2026-07-02
U0969,CMP01,TikTok,64,1,31,0,2026-06-24,2026-07-04
U0969,CMP01,Instagram,26,0,9,0,2026-06-08,2026-07-03
U0974,CMP01,Instagram,38,1,20,0,2026-06-16,2026-06-21
U0985,CMP01,TikTok,27,0,11,0,2026-06-08,2026-06-21
U0985,CMP01,Instagram,106,1,37,0,2026-07-04,2026-07-05
U0988,CMP01,Instagram,68,0,23,0,2026-07-01,2026-07-04
U0992,CMP01,Instagram,106,2,41,0,2026-06-20,2026-06-20
U0995,CMP01,TikTok,70,1,33,0,2026-06-29,2026-07-02
U0995,CMP01,Instagram,29,0,14,0,2026-07-01,2026-07-02
U1001,CMP01,TikTok,110,2,43,0,2026-06-26,2026-06-27
U1001,CMP01,Instagram,58,1,18,1,2026-06-09,2026-06-14
U1004,CMP01,TikTok,68,2,31,0,2026-06-24,2026-06-25
U1005,CMP01,Instagram,50,1,24,0,2026-07-03,2026-07-03
U1006,CMP01,TikTok,72,1,25,0,2026-06-18,2026-06-20
U1011,CMP01,Instagram,114,1,47,0,2026-06-15,2026-06-25
U1016,CMP01,TikTok,179,3,84,1,2026-06-12,2026-07-05
U1019,CMP01,TikTok,68,1,28,0,2026-07-05,2026-07-05
U1019,CMP01,Instagram,83,1,45,0,2026-06-10,2026-06-14
U1032,CMP01,TikTok,91,2,44,0,2026-06-09,2026-06-15
U1046,CMP01,TikTok,75,2,30,0,2026-06-25,2026-06-25
U1046,CMP01,Instagram,23,1,7,0,2026-06-13,2026-06-20
U1047,CMP01,TikTok,146,2,69,0,2026-06-29,2026-07-04
U1051,CMP01,Instagram,61,1,27,0,2026-06-11,2026-06-15
U1056,CMP01,Instagram,57,1,23,0,2026-06-22,2026-07-05
U1058,CMP01,Instagram,115,2,52,0,2026-06-13,2026-06-28
U1068,CMP01,TikTok,97,1,44,0,2026-06-09,2026-06-30
U1068,CMP01,Instagram,90,1,27,0,2026-06-19,2026-06-20
U1075,CMP01,TikTok,166,2,75,0,2026-06-20,2026-06-25
U1075,CMP01,Instagram,36,1,11,0,2026-06-12,2026-06-18
U1077,CMP01,Instagram,55,1,27,0,2026-06-18,2026-06-30
U1082,CMP01,TikTok,109,1,34,0,2026-06-14,2026-06-15
U1100,CMP01,Instagram,47,1,21,0,2026-06-15,2026-06-15
U1101,CMP01,TikTok,57,1,29,0,2026-06-11,2026-06-15
U1101,CMP01,Instagram,78,1,38,0,2026-06-08,2026-06-15
U1105,CMP01,Instagram,48,0,19,0,2026-07-02,2026-07-04
U1112,CMP01,TikTok,80,1,24,0,2026-06-18,2026-06-24
U1123,CMP01,Instagram,55,1,20,0,2026-06-26,2026-06-30
U1126,CMP01,TikTok,71,2,32,0,2026-07-02,2026-07-05
U1128,CMP01,TikTok,44,1,17,0,2026-06-19,2026-07-04
U1128,CMP01,Instagram,51,1,21,0,2026-06-08,2026-07-03
U1129,CMP01,Instagram,59,1,29,0,2026-07-01,2026-07-05
U1130,CMP01,TikTok,51,1,19,0,2026-06-11,2026-06-15
U1130,CMP01,Instagram,68,1,26,0,2026-06-15,2026-06-23
U1138,CMP01,TikTok,50,1,24,0,2026-06-18,2026-06-30
U1139,CMP01,Instagram,119,3,60,0,2026-07-04,2026-07-05
U1149,CMP01,TikTok,40,0,17,0,2026-06-30,2026-07-03
U1152,CMP01,TikTok,66,1,26,0,2026-07-02,2026-07-03
U1153,CMP01,Instagram,90,1,28,0,2026-06-22,2026-06-29
U1163,CMP01,Instagram,42,1,21,0,2026-06-22,2026-06-24
U1166,CMP01,Instagram,159,2,77,1,2026-06-08,2026-07-03
U1168,CMP01,TikTok,36,0,17,0,2026-06-13,2026-07-02
U1168,CMP01,Instagram,65,1,34,0,2026-06-25,2026-06-29
U1177,CMP01,TikTok,43,1,19,0,2026-06-26,2026-07-04
U1178,CMP01,Instagram,99,1,42,0,2026-06-13,2026-06-21
U1181,CMP01,TikTok,73,1,26,0,2026-06-22,2026-06-22
U1184,CMP01,TikTok,66,1,33,0,2026-06-19,2026-07-01
U1186,CMP01,Instagram,43,1,18,0,2026-06-10,2026-06-21
U1188,CMP01,Instagram,174,3,60,1,2026-06-30,2026-07-03
U1203,CMP01,TikTok,36,1,10,0,2026-06-30,2026-07-01
U1211,CMP01,TikTok,68,1,31,0,2026-06-29,2026-07-02
U1211,CMP01,Instagram,91,1,38,0,2026-06-18,2026-06-27
U1215,CMP01,Instagram,71,2,24,1,2026-07-01,2026-07-05
U1232,CMP01,TikTok,41,0,14,0,2026-07-05,2026-07-05
U1232,CMP01,Instagram,27,0,11,0,2026-06-17,2026-06-21
U1234,CMP01,TikTok,32,1,16,0,2026-06-24,2026-07-04
U1239,CMP01,TikTok,96,1,34,0,2026-06-12,2026-06-20
U1239,CMP01,Instagram,39,0,12,0,2026-06-11,2026-06-30
U1240,CMP01,TikTok,88,1,42,0,2026-06-29,2026-06-29
U1240,CMP01,Instagram,87,1,26,0,2026-06-09,2026-06-28
U1244,CMP01,TikTok,137,1,49,0,2026-06-08,2026-06-17
U1244,CMP01,Instagram,28,1,14,0,2026-06-29,2026-07-01
U1257,CMP01,TikTok,117,1,53,0,2026-06-29,2026-07-05
U1262,CMP01,TikTok,36,1,13,0,2026-06-11,2026-06-16
U1263,CMP01,Instagram,177,2,77,0,2026-06-21,2026-07-05
U1272,CMP01,TikTok,165,2,83,0,2026-06-18,2026-06-22
U1272,CMP01,Instagram,77,1,40,0,2026-06-21,2026-07-05
U1277,CMP01,Instagram,46,1,19,0,2026-06-23,2026-06-27
U1283,CMP01,TikTok,101,1,45,0,2026-06-27,2026-06-27
U1284,CMP01,Instagram,45,1,16,0,2026-06-25,2026-06-25
U1285,CMP01,TikTok,62,1,22,0,2026-06-28,2026-06-29
U1299,CMP01,TikTok,111,2,37,0,2026-06-27,2026-06-29
U1299,CMP01,Instagram,78,1,33,0,2026-07-03,2026-07-05
U1303,CMP01,TikTok,30,0,14,0,2026-06-12,2026-06-30
U1306,CMP01,Instagram,38,1,15,0,2026-06-28,2026-07-02
U1308,CMP01,Instagram,35,0,15,0,2026-06-16,2026-07-05
U1310,CMP01,TikTok,28,0,11,0,2026-07-02,2026-07-02
U1318,CMP01,TikTok,84,0,40,0,2026-06-19,2026-06-27
U1326,CMP01,TikTok,54,0,20,0,2026-06-27,2026-07-01
U1333,CMP01,Instagram,73,1,32,0,2026-06-09,2026-06-27
U1336,CMP01,TikTok,50,1,15,0,2026-06-22,2026-06-27
U1338,CMP01,Instagram,37,1,16,0,2026-06-18,2026-06-29
U1343,CMP01,Instagram,61,1,18,0,2026-06-14,2026-06-29
U1345,CMP01,TikTok,111,2,56,0,2026-06-21,2026-06-22
U1347,CMP01,Instagram,88,1,31,0,2026-06-08,2026-06-29
U1350,CMP01,TikTok,30,0,13,0,2026-06-11,2026-06-19
U1364,CMP01,TikTok,45,0,22,0,2026-06-11,2026-07-05
U1368,CMP01,TikTok,97,1,40,0,2026-06-13,2026-06-21
U1368,CMP01,Instagram,68,1,22,0,2026-06-17,2026-06-27
U1377,CMP01,Instagram,49,0,24,0,2026-06-27,2026-06-29
U1378,CMP01,TikTok,167,2,77,0,2026-06-14,2026-06-27
U1381,CMP01,TikTok,73,1,37,0,2026-06-19,2026-06-21
U1386,CMP01,TikTok,71,1,28,0,2026-06-14,2026-06-17
U1389,CMP01,TikTok,72,1,25,0,2026-06-18,2026-06-29
U1389,CMP01,Instagram,80,1,29,0,2026-06-08,2026-06-15
U1395,CMP01,TikTok,32,0,17,0,2026-06-10,2026-06-28
U1395,CMP01,Instagram,55,1,24,0,2026-06-15,2026-07-01
U1397,CMP01,TikTok,92,2,38,0,2026-06-24,2026-06-25
U1404,CMP01,Instagram,168,2,61,0,2026-06-23,2026-07-01
U1405,CMP01,TikTok,55,0,18,0,2026-06-13,2026-06-20
U1407,CMP01,TikTok,130,2,64,0,2026-06-27,2026-07-01
U1407,CMP01,Instagram,47,1,22,0,2026-06-13,2026-06-22
U1412,CMP01,TikTok,106,1,40,0,2026-07-02,2026-07-03
U1416,CMP01,Instagram,50,1,19,0,2026-06-27,2026-07-03
U1417,CMP01,TikTok,42,1,15,0,2026-07-03,2026-07-03
U1417,CMP01,Instagram,43,1,15,0,2026-07-02,2026-07-03
U1421,CMP01,Instagram,168,3,72,0,2026-06-22,2026-06-26
U1428,CMP01,Instagram,43,1,14,0,2026-06-09,2026-06-16
U1433,CMP01,TikTok,62,1,30,0,2026-06-21,2026-06-27
U1433,CMP01,Instagram,69,1,20,0,2026-07-03,2026-07-03
U1437,CMP01,Instagram,24,1,8,0,2026-06-19,2026-06-20
U1438,CMP01,Instagram,68,1,20,0,2026-06-30,2026-07-03
U1440,CMP01,TikTok,80,1,40,0,2026-06-19,2026-06-26
U1459,CMP01,Instagram,122,2,41,0,2026-06-17,2026-07-02
U1469,CMP01,TikTok,48,0,15,0,2026-06-13,2026-06-22
U1469,CMP01,Instagram,67,1,30,0,2026-06-08,2026-06-21
U1475,CMP01,TikTok,65,1,33,0,2026-06-18,2026-06-23
U1475,CMP01,Instagram,122,2,38,0,2026-07-05,2026-07-05
U1477,CMP01,TikTok,37,1,15,0,2026-06-13,2026-06-24
U1480,CMP01,TikTok,28,1,9,0,2026-06-27,2026-07-03
U1484,CMP01,Instagram,84,1,36,0,2026-06-15,2026-07-02
U1491,CMP01,TikTok,45,0,19,0,2026-07-04,2026-07-05
U1491,CMP01,Instagram,124,2,41,0,2026-06-18,2026-06-24
U1503,CMP01,Instagram,71,2,23,0,2026-07-03,2026-07-04
U1509,CMP01,TikTok,32,0,13,0,2026-07-02,2026-07-03
U1513,CMP01,TikTok,92,2,35,0,2026-06-21,2026-07-03
U1514,CMP01,TikTok,60,1,32,0,2026-06-19,2026-06-22
U1514,CMP01,Instagram,32,1,16,0,2026-06-14,2026-06-20
U1522,CMP01,Instagram,48,1,18,0,2026-06-30,2026-07-02
U1527,CMP01,TikTok,23,0,11,0,2026-06-25,2026-06-29
U1530,CMP01,TikTok,78,2,38,0,2026-06-19,2026-07-03
U1538,CMP01,TikTok,88,1,34,0,2026-06-11,2026-06-20
U1538,CMP01,Instagram,115,2,54,0,2026-06-27,2026-07-02
U1541,CMP01,Instagram,73,1,39,0,2026-06-15,2026-06-18
U1546,CMP01,TikTok,144,2,55,1,2026-06-18,2026-06-26
U1547,CMP01,TikTok,19,0,10,0,2026-06-09,2026-07-04
U1549,CMP01,Instagram,110,2,55,0,2026-06-10,2026-07-03
U1550,CMP01,Instagram,45,1,13,0,2026-06-09,2026-06-30
U1555,CMP01,TikTok,134,2,56,0,2026-06-24,2026-06-28
U1568,CMP01,TikTok,128,2,65,0,2026-07-05,2026-07-05
U1568,CMP01,Instagram,31,1,14,0,2026-06-16,2026-07-05
U1570,CMP01,TikTok,35,0,15,0,2026-06-29,2026-07-01
U1570,CMP01,Instagram,207,3,102,0,2026-06-26,2026-07-05
U1576,CMP01,Instagram,108,1,43,0,2026-06-11,2026-07-01
U1595,CMP01,TikTok,90,1,32,0,2026-07-03,2026-07-03
U1595,CMP01,Instagram,123,1,44,0,2026-07-03,2026-07-03
U1597,CMP01,TikTok,56,1,27,0,2026-06-08,2026-06-21
U1597,CMP01,Instagram,44,1,20,0,2026-06-08,2026-06-11
U1602,CMP01,TikTok,60,1,28,0,2026-06-14,2026-06-30
U1603,CMP01,Instagram,115,2,61,0,2026-06-19,2026-06-28
U1619,CMP01,TikTok,47,1,25,0,2026-06-19,2026-06-26
U1619,CMP01,Instagram,85,1,34,0,2026-06-13,2026-07-05
U1623,CMP01,Instagram,90,1,49,0,2026-06-15,2026-07-01
U1637,CMP01,TikTok,88,1,32,0,2026-07-05,2026-07-05
U1638,CMP01,TikTok,89,2,48,0,2026-07-01,2026-07-03
U1641,CMP01,Instagram,35,1,15,0,2026-06-21,2026-07-05
U1645,CMP01,TikTok,123,2,63,0,2026-06-18,2026-06-27
U1645,CMP01,Instagram,82,2,34,0,2026-06-16,2026-06-22
U1647,CMP01,TikTok,53,1,22,0,2026-06-22,2026-07-01
U1648,CMP01,TikTok,57,1,30,0,2026-06-08,2026-06-26
U1654,CMP01,Instagram,38,1,13,0,2026-06-13,2026-06-28
U1662,CMP01,TikTok,61,1,25,1,2026-06-30,2026-07-03
U1663,CMP01,Instagram,29,1,13,0,2026-06-16,2026-06-21
U1670,CMP01,Instagram,29,0,15,0,2026-06-09,2026-06-11
U1677,CMP01,TikTok,74,1,33,0,2026-06-09,2026-06-29
U1691,CMP01,Instagram,77,1,38,0,2026-06-17,2026-06-22
U1694,CMP01,Instagram,56,0,27,0,2026-07-05,2026-07-05
U1697,CMP01,TikTok,43,0,21,0,2026-06-21,2026-06-25
U1697,CMP01,Instagram,127,2,49,0,2026-06-24,2026-07-03
U1701,CMP01,TikTok,47,0,17,0,2026-06-11,2026-06-30
U1702,CMP01,TikTok,32,1,11,0,2026-06-15,2026-06-27
U1709,CMP01,TikTok,109,2,57,0,2026-06-16,2026-06-29
U1709,CMP01,Instagram,98,1,49,0,2026-06-25,2026-07-04
U1721,CMP01,TikTok,55,1,28,0,2026-06-27,2026-06-28
U1725,CMP01,Instagram,38,0,20,0,2026-06-11,2026-07-01
U1727,CMP01,Instagram,93,1,39,0,2026-06-30,2026-07-02
U1731,CMP01,Instagram,60,1,26,0,2026-06-12,2026-06-26
U1735,CMP01,TikTok,33,1,13,0,2026-07-05,2026-07-05
U1735,CMP01,Instagram,96,2,40,0,2026-06-13,2026-06-27
U1736,CMP01,TikTok,75,2,38,0,2026-07-05,2026-07-05
U1736,CMP01,Instagram,51,1,23,0,2026-06-20,2026-06-20
U1742,CMP01,TikTok,60,1,30,0,2026-07-05,2026-07-05
U1746,CMP01,Instagram,51,1,27,0,2026-06-17,2026-06-23
U1757,CMP01,TikTok,56,0,22,0,2026-06-09,2026-06-23
U1762,CMP01,Instagram,30,0,11,0,2026-06-21,2026-06-30
U1763,CMP01,Instagram,194,3,103,0,2026-06-25,2026-06-30
U1770,CMP01,TikTok,49,0,15,0,2026-06-14,2026-06-15
U1776,CMP01,TikTok,51,1,16,0,2026-06-08,2026-06-18
U1776,CMP01,Instagram,120,2,64,0,2026-06-27,2026-06-29
U1786,CMP01,Instagram,50,1,16,0,2026-07-03,2026-07-05
U1789,CMP01,Instagram,20,0,6,0,2026-06-15,2026-07-01
U1804,CMP01,TikTok,159,2,85,1,2026-06-22,2026-06-28
U1806,CMP01,Instagram,34,0,13,0,2026-06-22,2026-06-30
U1809,CMP01,TikTok,65,1,30,0,2026-06-19,2026-06-20
U1809,CMP01,Instagram,37,1,17,0,2026-06-21,2026-07-05
U1824,CMP01,TikTok,27,0,13,0,2026-06-29,2026-07-04
U1824,CMP01,Instagram,60,1,25,0,2026-06-24,2026-06-25
U1841,CMP01,Instagram,22,0,10,0,2026-06-11,2026-06-20
U1845,CMP01,TikTok,54,1,25,0,2026-06-12,2026-06-29
U1853,CMP01,TikTok,26,1,9,0,2026-06-16,2026-06-26
U1869,CMP01,Instagram,79,1,28,0,2026-06-27,2026-07-02
U1884,CMP01,TikTok,37,0,18,0,2026-06-11,2026-06-24
U1891,CMP01,Instagram,143,3,68,0,2026-06-20,2026-06-25
U1909,CMP01,Instagram,46,1,17,0,2026-06-16,2026-06-22
U1915,CMP01,Instagram,46,1,14,0,2026-06-21,2026-07-04
U1926,CMP01,TikTok,47,1,15,0,2026-06-27,2026-07-03
U1929,CMP01,Instagram,142,1,76,0,2026-07-05,2026-07-05
U1932,CMP01,Instagram,100,2,51,0,2026-06-17,2026-06-29
U1933,CMP01,TikTok,34,1,14,0,2026-07-04,2026-07-04
U1954,CMP01,Instagram,49,1,24,0,2026-06-26,2026-06-27
U1963,CMP01,Instagram,84,2,29,0,2026-06-09,2026-06-25
U1980,CMP01,Instagram,84,1,30,0,2026-06-25,2026-06-25
U1981,CMP01,Instagram,20,0,6,0,2026-07-05,2026-07-05
U1993,CMP01,Instagram,157,2,85,0,2026-06-08,2026-07-04
U1995,CMP01,Instagram,86,1,40,0,2026-07-02,2026-07-02
U0038,CMP02,Instagram,102,2,33,0,2026-07-13,2026-07-13
U0041,CMP02,Instagram,52,1,25,0,2026-06-18,2026-07-04
U0041,CMP02,TikTok,216,3,86,1,2026-07-13,2026-07-14
U0071,CMP02,TikTok,89,1,39,0,2026-06-02,2026-06-19
U0091,CMP02,TikTok,80,1,39,1,2026-07-14,2026-07-14
U0100,CMP02,Instagram,122,1,62,0,2026-06-24,2026-07-14
U0118,CMP02,Instagram,112,1,59,0,2026-06-14,2026-07-15
U0120,CMP02,TikTok,114,1,52,0,2026-06-09,2026-06-27
U0122,CMP02,Instagram,96,1,38,0,2026-06-02,2026-06-07
U0131,CMP02,TikTok,100,1,45,0,2026-06-18,2026-07-08
U0155,CMP02,Instagram,184,2,60,0,2026-07-07,2026-07-08
U0160,CMP02,Instagram,150,2,46,0,2026-06-17,2026-07-10
U0163,CMP02,TikTok,109,1,34,0,2026-06-26,2026-07-07
U0167,CMP02,Instagram,129,1,63,1,2026-06-23,2026-07-09
U0175,CMP02,Instagram,240,2,104,0,2026-06-07,2026-07-08
U0175,CMP02,TikTok,55,1,24,1,2026-06-08,2026-07-04
U0181,CMP02,Instagram,68,1,36,0,2026-07-02,2026-07-15
U0181,CMP02,TikTok,240,3,88,0,2026-07-03,2026-07-08
U0182,CMP02,Instagram,118,1,43,0,2026-07-15,2026-07-15
U0186,CMP02,Instagram,38,0,11,0,2026-06-05,2026-07-01
U0196,CMP02,Instagram,240,3,110,1,2026-06-24,2026-06-25
U0199,CMP02,Instagram,128,2,61,0,2026-06-07,2026-06-30
U0201,CMP02,Instagram,51,0,24,0,2026-06-11,2026-06-29
U0210,CMP02,Instagram,111,2,54,1,2026-06-25,2026-07-10
U0211,CMP02,Instagram,104,1,43,0,2026-06-25,2026-06-30
U0239,CMP02,TikTok,77,1,33,1,2026-06-23,2026-07-03
U0240,CMP02,Instagram,68,1,23,1,2026-07-01,2026-07-05
U0242,CMP02,TikTok,62,0,23,0,2026-07-06,2026-07-08
U0256,CMP02,TikTok,149,1,48,0,2026-06-08,2026-06-29
U0267,CMP02,TikTok,69,1,28,0,2026-06-19,2026-06-25
U0269,CMP02,TikTok,199,2,84,0,2026-06-16,2026-07-09
U0273,CMP02,TikTok,85,0,43,0,2026-07-06,2026-07-11
U0282,CMP02,Instagram,208,2,75,0,2026-06-27,2026-07-09
U0282,CMP02,TikTok,97,1,49,0,2026-06-24,2026-07-09
U0285,CMP02,Instagram,72,0,30,0,2026-06-25,2026-06-28
U0291,CMP02,TikTok,24,0,11,0,2026-06-08,2026-06-16
U0297,CMP02,Instagram,112,1,48,0,2026-07-11,2026-07-11
U0297,CMP02,TikTok,38,0,20,0,2026-06-10,2026-06-29
U0309,CMP02,Instagram,57,1,19,0,2026-07-15,2026-07-15
U0319,CMP02,TikTok,136,2,51,1,2026-06-02,2026-06-22
U0336,CMP02,TikTok,115,2,61,0,2026-06-08,2026-06-28
U0340,CMP02,Instagram,133,1,54,0,2026-06-07,2026-06-25
U0367,CMP02,TikTok,65,1,35,0,2026-06-13,2026-06-14
U0379,CMP02,TikTok,127,1,64,0,2026-06-23,2026-06-29
U0381,CMP02,TikTok,27,0,13,0,2026-06-19,2026-06-28
U0386,CMP02,TikTok,83,1,38,0,2026-06-22,2026-07-13
U0396,CMP02,TikTok,101,1,30,0,2026-07-04,2026-07-07
U0399,CMP02,Instagram,108,2,40,0,2026-07-10,2026-07-13
U0401,CMP02,Instagram,151,3,80,0,2026-07-06,2026-07-09
U0413,CMP02,Instagram,151,1,73,1,2026-06-30,2026-07-11
U0424,CMP02,TikTok,203,2,106,0,2026-06-18,2026-07-14
U0426,CMP02,TikTok,64,1,23,0,2026-07-09,2026-07-11
U0429,CMP02,Instagram,240,3,80,0,2026-06-25,2026-07-04
U0429,CMP02,TikTok,112,2,39,0,2026-06-18,2026-06-20
U0448,CMP02,Instagram,175,2,60,0,2026-07-15,2026-07-15
U0452,CMP02,Instagram,114,1,59,0,2026-06-10,2026-06-26
U0457,CMP02,Instagram,145,2,69,0,2026-07-01,2026-07-04
U0465,CMP02,TikTok,69,1,35,0,2026-06-17,2026-07-06
U0472,CMP02,TikTok,129,1,38,0,2026-06-03,2026-06-16
U0478,CMP02,Instagram,102,1,39,0,2026-06-26,2026-07-15
U0478,CMP02,TikTok,98,2,49,0,2026-07-05,2026-07-11
U0486,CMP02,TikTok,77,0,31,0,2026-06-26,2026-07-06
U0510,CMP02,TikTok,72,1,29,0,2026-06-07,2026-06-20
U0511,CMP02,Instagram,130,2,46,0,2026-07-12,2026-07-14
U0515,CMP02,Instagram,73,1,23,0,2026-06-13,2026-06-24
U0521,CMP02,Instagram,61,1,25,0,2026-07-04,2026-07-04
U0525,CMP02,Instagram,104,1,41,0,2026-06-23,2026-06-25
U0525,CMP02,TikTok,206,3,74,1,2026-06-14,2026-06-21
U0529,CMP02,Instagram,49,1,16,0,2026-06-20,2026-06-20
U0529,CMP02,TikTok,149,2,70,0,2026-07-02,2026-07-13
U0537,CMP02,TikTok,94,1,44,0,2026-06-03,2026-06-30
U0543,CMP02,TikTok,85,1,38,0,2026-07-14,2026-07-14
U0544,CMP02,TikTok,69,1,33,0,2026-07-11,2026-07-12
U0546,CMP02,Instagram,83,0,42,0,2026-06-29,2026-07-05
U0548,CMP02,Instagram,130,2,42,0,2026-06-07,2026-07-01
U0550,CMP02,Instagram,100,1,39,0,2026-06-13,2026-06-26
U0558,CMP02,TikTok,111,1,40,0,2026-07-08,2026-07-14
U0564,CMP02,TikTok,46,0,13,0,2026-06-03,2026-06-24
U0576,CMP02,Instagram,123,2,56,0,2026-06-22,2026-06-25
U0582,CMP02,Instagram,162,2,53,0,2026-07-05,2026-07-05
U0587,CMP02,Instagram,105,1,45,0,2026-07-07,2026-07-14
U0590,CMP02,TikTok,89,1,26,0,2026-06-02,2026-07-12
U0593,CMP02,Instagram,176,2,62,0,2026-07-02,2026-07-14
U0593,CMP02,TikTok,119,2,61,0,2026-06-04,2026-07-09
U0598,CMP02,Instagram,131,2,71,0,2026-06-02,2026-07-02
U0611,CMP02,TikTok,69,1,27,0,2026-06-09,2026-06-16
U0620,CMP02,TikTok,63,1,19,0,2026-06-24,2026-06-29
U0621,CMP02,TikTok,80,1,29,0,2026-07-05,2026-07-12
U0625,CMP02,Instagram,213,3,95,1,2026-06-08,2026-06-14
U0633,CMP02,Instagram,155,3,65,0,2026-07-04,2026-07-14
U0633,CMP02,TikTok,54,1,25,0,2026-06-08,2026-07-05
U0636,CMP02,Instagram,87,1,27,0,2026-07-12,2026-07-15
U0637,CMP02,Instagram,123,1,43,0,2026-06-18,2026-07-01
U0637,CMP02,TikTok,107,1,51,0,2026-06-13,2026-06-25
U0646,CMP02,TikTok,87,1,33,0,2026-06-08,2026-07-03
U0652,CMP02,TikTok,174,2,82,1,2026-07-08,2026-07-08
U0658,CMP02,TikTok,126,2,50,0,2026-06-04,2026-06-28
U0676,CMP02,TikTok,81,1,35,0,2026-07-01,2026-07-03
U0677,CMP02,Instagram,189,2,64,0,2026-06-12,2026-06-14
U0677,CMP02,TikTok,38,0,16,0,2026-06-19,2026-07-07
U0679,CMP02,Instagram,94,1,32,0,2026-06-08,2026-07-05
U0686,CMP02,TikTok,163,2,54,0,2026-06-28,2026-07-10
U0694,CMP02,Instagram,136,1,51,0,2026-06-15,2026-07-01
U0699,CMP02,TikTok,233,2,90,0,2026-06-24,2026-06-28
U0705,CMP02,Instagram,159,2,74,0,2026-06-26,2026-07-07
U0719,CMP02,TikTok,207,3,91,0,2026-07-11,2026-07-15
U0745,CMP02,Instagram,76,1,27,0,2026-07-11,2026-07-12
U0745,CMP02,TikTok,65,1,24,0,2026-06-12,2026-06-21
U0751,CMP02,Instagram,100,1,31,0,2026-06-28,2026-07-05
U0756,CMP02,Instagram,231,2,77,0,2026-07-03,2026-07-07
U0756,CMP02,TikTok,100,1,46,0,2026-06-10,2026-07-07
U0757,CMP02,TikTok,118,2,60,0,2026-06-30,2026-07-15
U0759,CMP02,Instagram,119,1,60,0,2026-06-18,2026-07-06
U0761,CMP02,TikTok,240,4,123,0,2026-07-10,2026-07-10
U0762,CMP02,TikTok,102,1,38,0,2026-07-12,2026-07-12
U0777,CMP02,Instagram,126,1,42,0,2026-06-22,2026-07-13
U0781,CMP02,Instagram,88,1,40,1,2026-07-11,2026-07-11
U0781,CMP02,TikTok,48,1,17,0,2026-06-11,2026-06-14
U0801,CMP02,TikTok,172,2,61,0,2026-06-10,2026-06-15
U0870,CMP02,TikTok,104,1,35,0,2026-06-08,2026-07-05
U0876,CMP02,Instagram,78,1,28,0,2026-06-14,2026-07-12
U0876,CMP02,TikTok,49,1,18,0,2026-07-06,2026-07-08
U0885,CMP02,TikTok,191,2,90,0,2026-06-24,2026-06-30
U0900,CMP02,Instagram,79,0,30,0,2026-06-08,2026-07-09
U0919,CMP02,TikTok,112,2,40,1,2026-06-04,2026-06-06
U0928,CMP02,Instagram,46,1,19,0,2026-06-11,2026-06-29
U0928,CMP02,TikTok,74,1,28,0,2026-07-07,2026-07-09
U0952,CMP02,Instagram,92,2,41,1,2026-06-10,2026-07-01
U0962,CMP02,Instagram,112,2,42,0,2026-06-23,2026-07-15
U0962,CMP02,TikTok,44,0,22,0,2026-06-18,2026-06-28
U0985,CMP02,Instagram,57,0,23,0,2026-07-01,2026-07-05
U0985,CMP02,TikTok,145,1,54,0,2026-07-01,2026-07-06
U0991,CMP02,Instagram,107,1,38,0,2026-06-21,2026-06-27
U0991,CMP02,TikTok,56,1,29,0,2026-06-25,2026-07-02
U0997,CMP02,Instagram,56,1,23,0,2026-06-28,2026-07-05
U0997,CMP02,TikTok,116,1,49,1,2026-07-04,2026-07-09
U0998,CMP02,TikTok,178,2,89,0,2026-07-01,2026-07-14
U1000,CMP02,Instagram,69,1,27,0,2026-07-05,2026-07-11
U1000,CMP02,TikTok,127,2,68,0,2026-06-12,2026-06-12
U1005,CMP02,Instagram,207,2,65,0,2026-07-05,2026-07-09
U1016,CMP02,TikTok,179,2,93,1,2026-07-06,2026-07-15
U1021,CMP02,Instagram,111,1,35,0,2026-07-11,2026-07-15
U1037,CMP02,Instagram,194,2,105,0,2026-06-20,2026-06-24
U1041,CMP02,Instagram,102,1,46,0,2026-06-25,2026-07-05
U1041,CMP02,TikTok,118,1,46,1,2026-06-29,2026-07-04
U1058,CMP02,TikTok,69,1,34,0,2026-07-01,2026-07-10
U1062,CMP02,TikTok,36,0,14,0,2026-06-17,2026-06-19
U1068,CMP02,Instagram,116,1,41,0,2026-07-06,2026-07-10
U1068,CMP02,TikTok,110,1,42,0,2026-06-26,2026-07-11
U1075,CMP02,Instagram,59,0,29,0,2026-06-28,2026-07-09
U1076,CMP02,TikTok,132,2,58,0,2026-06-15,2026-06-30
U1104,CMP02,Instagram,130,2,51,1,2026-07-08,2026-07-11
U1104,CMP02,TikTok,89,1,46,0,2026-07-13,2026-07-14
U1105,CMP02,Instagram,62,1,30,0,2026-07-05,2026-07-06
U1106,CMP02,TikTok,75,1,25,0,2026-06-08,2026-06-27
U1118,CMP02,TikTok,154,2,81,0,2026-07-11,2026-07-13
U1127,CMP02,Instagram,46,0,19,0,2026-06-26,2026-07-15
U1127,CMP02,TikTok,52,0,16,0,2026-06-09,2026-06-24
U1162,CMP02,TikTok,66,1,27,0,2026-06-05,2026-07-06
U1163,CMP02,Instagram,76,1,35,0,2026-06-05,2026-06-30
U1163,CMP02,TikTok,169,3,62,0,2026-07-01,2026-07-06
U1164,CMP02,Instagram,220,3,77,0,2026-06-09,2026-07-13
U1164,CMP02,TikTok,113,2,37,0,2026-06-18,2026-07-02
U1166,CMP02,Instagram,69,1,35,0,2026-06-23,2026-07-11
U1170,CMP02,Instagram,122,1,57,0,2026-07-04,2026-07-07
U1170,CMP02,TikTok,143,1,45,0,2026-06-28,2026-07-06
U1188,CMP02,Instagram,71,1,24,0,2026-06-23,2026-07-08
U1189,CMP02,TikTok,197,2,101,0,2026-06-01,2026-06-11
U1210,CMP02,Instagram,77,1,38,0,2026-07-06,2026-07-13
U1210,CMP02,TikTok,40,1,18,0,2026-06-20,2026-06-24
U1217,CMP02,TikTok,140,2,52,0,2026-06-13,2026-06-29
U1226,CMP02,TikTok,104,1,54,0,2026-06-16,2026-06-21
U1235,CMP02,Instagram,180,2,68,0,2026-06-26,2026-07-12
U1235,CMP02,TikTok,116,1,39,0,2026-06-09,2026-06-29
U1236,CMP02,TikTok,230,4,71,0,2026-06-03,2026-06-06
U1242,CMP02,TikTok,65,1,28,0,2026-06-13,2026-07-14
U1244,CMP02,Instagram,118,1,58,0,2026-06-21,2026-06-23
U1261,CMP02,Instagram,73,1,27,1,2026-06-30,2026-07-07
U1261,CMP02,TikTok,49,0,26,0,2026-06-05,2026-06-13
U1262,CMP02,TikTok,101,2,45,0,2026-06-14,2026-06-22
U1271,CMP02,Instagram,39,1,21,0,2026-07-13,2026-07-15
U1272,CMP02,Instagram,114,1,47,0,2026-06-25,2026-06-26
U1272,CMP02,TikTok,133,1,59,0,2026-06-30,2026-07-08
U1284,CMP02,Instagram,127,2,68,0,2026-06-15,2026-06-22
U1286,CMP02,Instagram,101,1,41,0,2026-06-20,2026-07-12
U1301,CMP02,Instagram,31,1,12,0,2026-07-01,2026-07-10
U1301,CMP02,TikTok,148,2,50,0,2026-07-11,2026-07-12
U1311,CMP02,TikTok,85,1,45,0,2026-06-19,2026-07-01
U1320,CMP02,Instagram,65,1,23,0,2026-07-04,2026-07-10
U1326,CMP02,TikTok,81,1,25,0,2026-06-13,2026-06-22
U1348,CMP02,TikTok,187,3,76,0,2026-06-09,2026-07-15
U1349,CMP02,TikTok,48,1,23,0,2026-06-05,2026-07-05
U1354,CMP02,TikTok,178,2,75,0,2026-06-28,2026-06-29
U1371,CMP02,Instagram,108,1,45,0,2026-06-28,2026-07-04
U1382,CMP02,TikTok,35,0,15,0,2026-07-12,2026-07-15
U1386,CMP02,Instagram,86,1,36,0,2026-06-30,2026-07-12
U1389,CMP02,Instagram,25,1,10,0,2026-06-06,2026-06-11
U1389,CMP02,TikTok,140,2,46,1,2026-06-18,2026-06-27
U1393,CMP02,TikTok,40,1,12,1,2026-06-17,2026-07-11
U1399,CMP02,Instagram,64,1,22,0,2026-06-26,2026-06-26
U1400,CMP02,Instagram,55,0,28,1,2026-07-15,2026-07-15
U1400,CMP02,TikTok,66,2,33,0,2026-06-03,2026-07-01
U1404,CMP02,Instagram,106,1,46,0,2026-06-11,2026-06-15
U1406,CMP02,Instagram,95,1,49,0,2026-06-01,2026-06-28
U1407,CMP02,Instagram,68,1,22,0,2026-06-05,2026-07-09
U1408,CMP02,Instagram,75,0,35,0,2026-06-22,2026-07-10
U1408,CMP02,TikTok,79,1,28,0,2026-06-26,2026-07-14
U1417,CMP02,Instagram,152,2,52,0,2026-06-23,2026-06-29
U1417,CMP02,TikTok,46,1,22,0,2026-07-09,2026-07-13
U1429,CMP02,TikTok,67,1,36,0,2026-06-09,2026-07-13
U1431,CMP02,Instagram,112,2,45,0,2026-06-27,2026-06-29
U1433,CMP02,TikTok,85,1,42,0,2026-07-07,2026-07-08
U1441,CMP02,TikTok,47,0,20,1,2026-06-12,2026-06-26
U1466,CMP02,Instagram,30,0,13,0,2026-06-06,2026-07-05
U1471,CMP02,Instagram,91,1,30,0,2026-06-01,2026-06-06
U1472,CMP02,Instagram,163,2,63,0,2026-06-21,2026-07-06
U1481,CMP02,Instagram,133,2,56,0,2026-06-14,2026-06-26
U1484,CMP02,Instagram,97,1,45,0,2026-06-10,2026-06-12
U1484,CMP02,TikTok,90,1,40,0,2026-07-11,2026-07-14
U1491,CMP02,Instagram,66,1,34,0,2026-07-10,2026-07-11
U1516,CMP02,TikTok,129,1,50,0,2026-06-29,2026-07-14
U1527,CMP02,TikTok,114,2,61,0,2026-06-04,2026-07-06
U1533,CMP02,Instagram,164,2,63,0,2026-07-08,2026-07-08
U1537,CMP02,TikTok,96,1,51,0,2026-06-12,2026-06-12
U1542,CMP02,TikTok,144,1,59,0,2026-06-07,2026-06-28
U1569,CMP02,Instagram,58,1,22,0,2026-07-08,2026-07-09
U1574,CMP02,Instagram,50,0,25,0,2026-06-03,2026-07-10
U1574,CMP02,TikTok,137,2,47,0,2026-07-14,2026-07-14
U1575,CMP02,Instagram,97,1,31,0,2026-07-15,2026-07-15
U1575,CMP02,TikTok,93,2,49,0,2026-06-15,2026-06-27
U1581,CMP02,TikTok,147,1,49,0,2026-06-10,2026-06-18
U1585,CMP02,Instagram,101,0,42,0,2026-07-10,2026-07-13
U1585,CMP02,TikTok,43,0,15,0,2026-07-07,2026-07-15
U1591,CMP02,TikTok,112,2,46,0,2026-06-14,2026-07-04
U1616,CMP02,TikTok,102,1,40,0,2026-07-04,2026-07-14
U1619,CMP02,TikTok,113,1,35,0,2026-07-06,2026-07-06
U1628,CMP02,TikTok,139,1,50,0,2026-07-05,2026-07-11
U1629,CMP02,Instagram,136,2,53,0,2026-07-05,2026-07-13
U1629,CMP02,TikTok,149,2,73,0,2026-06-30,2026-07-13
U1636,CMP02,TikTok,57,1,23,1,2026-07-01,2026-07-14
U1647,CMP02,Instagram,46,1,23,0,2026-06-30,2026-07-01
U1647,CMP02,TikTok,209,3,77,1,2026-06-11,2026-06-13
U1650,CMP02,TikTok,50,1,21,0,2026-06-15,2026-07-13
U1657,CMP02,TikTok,89,1,29,0,2026-06-09,2026-06-15
U1669,CMP02,TikTok,135,1,64,0,2026-07-07,2026-07-08
U1674,CMP02,Instagram,107,2,42,0,2026-07-13,2026-07-15
U1685,CMP02,TikTok,112,1,45,0,2026-06-06,2026-06-08
U1688,CMP02,TikTok,79,1,26,0,2026-06-10,2026-06-14
U1698,CMP02,Instagram,113,2,43,0,2026-06-21,2026-07-06
U1698,CMP02,TikTok,135,1,53,0,2026-06-06,2026-06-13
U1707,CMP02,Instagram,48,0,23,0,2026-06-21,2026-06-29
U1730,CMP02,Instagram,84,1,44,0,2026-07-08,2026-07-08
U1735,CMP02,Instagram,240,3,94,0,2026-07-14,2026-07-14
U1735,CMP02,TikTok,99,1,41,1,2026-07-14,2026-07-14
U1736,CMP02,TikTok,147,2,55,1,2026-06-18,2026-06-29
U1743,CMP02,Instagram,102,1,52,0,2026-06-24,2026-07-04
U1743,CMP02,TikTok,160,2,57,0,2026-06-12,2026-06-12
U1749,CMP02,Instagram,82,1,40,0,2026-07-15,2026-07-15
U1753,CMP02,TikTok,64,1,29,1,2026-06-19,2026-07-08
U1756,CMP02,TikTok,138,1,52,0,2026-06-08,2026-06-10
U1778,CMP02,TikTok,79,1,40,0,2026-07-08,2026-07-15
U1804,CMP02,TikTok,133,2,71,0,2026-06-09,2026-07-09
U1821,CMP02,Instagram,213,2,74,0,2026-07-08,2026-07-08
U1824,CMP02,TikTok,162,1,86,0,2026-07-04,2026-07-11
U1828,CMP02,Instagram,158,2,76,1,2026-07-02,2026-07-15
U1830,CMP02,TikTok,229,2,76,0,2026-06-23,2026-07-11
U1859,CMP02,TikTok,151,2,76,0,2026-06-21,2026-07-11
U1865,CMP02,TikTok,117,2,48,0,2026-06-30,2026-07-01
U1892,CMP02,TikTok,79,1,42,0,2026-07-04,2026-07-09
U1899,CMP02,Instagram,122,2,57,0,2026-06-13,2026-06-30
U1899,CMP02,TikTok,145,2,66,1,2026-06-04,2026-06-28
U1929,CMP02,Instagram,70,0,33,0,2026-07-03,2026-07-03
U1940,CMP02,TikTok,174,3,69,0,2026-06-28,2026-07-10
U1945,CMP02,Instagram,234,2,88,0,2026-06-29,2026-07-14
U1966,CMP02,TikTok,56,1,22,0,2026-06-11,2026-06-25
U1982,CMP02,TikTok,91,1,49,0,2026-06-15,2026-06-18
U1986,CMP02,Instagram,82,1,31,0,2026-06-20,2026-07-03
U1996,CMP02,TikTok,104,2,50,0,2026-06-26,2026-07-01
U0015,CMP03,Snapchat,79,2,37,0,2026-07-30,2026-08-02
U0015,CMP03,TikTok,79,2,26,0,2026-08-13,2026-08-15
U0016,CMP03,Snapchat,90,1,43,0,2026-06-18,2026-08-13
U0019,CMP03,TikTok,240,4,121,1,2026-06-25,2026-07-21
U0023,CMP03,Snapchat,129,2,55,0,2026-07-18,2026-07-19
U0029,CMP03,Snapchat,125,2,60,1,2026-06-16,2026-06-26
U0029,CMP03,TikTok,240,3,94,0,2026-07-12,2026-08-11
U0050,CMP03,TikTok,224,3,84,0,2026-07-29,2026-08-14
U0053,CMP03,Snapchat,78,1,33,0,2026-07-27,2026-08-06
U0053,CMP03,TikTok,113,2,37,0,2026-07-20,2026-07-24
U0056,CMP03,Snapchat,178,3,66,0,2026-07-07,2026-07-16
U0059,CMP03,Snapchat,116,2,49,0,2026-07-03,2026-07-15
U0062,CMP03,TikTok,157,2,61,0,2026-07-11,2026-08-07
U0070,CMP03,TikTok,240,3,115,0,2026-08-01,2026-08-06
U0123,CMP03,Snapchat,137,2,67,0,2026-06-29,2026-08-09
U0123,CMP03,TikTok,192,2,69,0,2026-08-07,2026-08-10
U0126,CMP03,TikTok,101,2,35,1,2026-08-06,2026-08-07
U0134,CMP03,Snapchat,134,3,64,0,2026-08-15,2026-08-15
U0141,CMP03,TikTok,75,1,27,0,2026-07-25,2026-08-05
U0145,CMP03,Snapchat,88,1,26,0,2026-06-15,2026-06-18
U0146,CMP03,TikTok,85,2,29,0,2026-08-03,2026-08-06
U0157,CMP03,TikTok,199,4,106,1,2026-07-14,2026-07-24
U0160,CMP03,Snapchat,140,2,76,0,2026-07-14,2026-07-27
U0162,CMP03,TikTok,78,2,34,0,2026-06-28,2026-08-15
U0167,CMP03,TikTok,209,2,62,0,2026-07-19,2026-08-06
U0175,CMP03,TikTok,240,4,103,0,2026-07-15,2026-07-19
U0181,CMP03,Snapchat,240,3,84,0,2026-08-11,2026-08-14
U0205,CMP03,Snapchat,52,0,20,0,2026-08-04,2026-08-07
U0206,CMP03,TikTok,214,4,85,0,2026-07-27,2026-08-03
U0213,CMP03,TikTok,162,2,59,0,2026-07-21,2026-07-28
U0217,CMP03,Snapchat,96,1,47,0,2026-07-04,2026-08-01
U0219,CMP03,Snapchat,237,3,95,0,2026-07-14,2026-07-26
U0219,CMP03,TikTok,106,2,55,0,2026-07-13,2026-08-03
U0226,CMP03,Snapchat,177,2,66,0,2026-06-30,2026-08-15
U0227,CMP03,TikTok,144,2,78,0,2026-06-20,2026-07-03
U0231,CMP03,TikTok,198,3,77,0,2026-07-07,2026-07-13
U0236,CMP03,TikTok,138,2,64,1,2026-07-07,2026-08-03
U0243,CMP03,TikTok,201,3,68,1,2026-07-12,2026-07-27
U0247,CMP03,Snapchat,65,1,20,0,2026-07-29,2026-08-08
U0259,CMP03,TikTok,141,2,68,1,2026-08-04,2026-08-10
U0276,CMP03,TikTok,101,1,41,0,2026-07-08,2026-07-28
U0278,CMP03,TikTok,240,5,114,0,2026-08-03,2026-08-03
U0292,CMP03,TikTok,130,1,60,0,2026-07-27,2026-08-14
U0297,CMP03,Snapchat,172,3,58,0,2026-07-27,2026-08-15
U0297,CMP03,TikTok,179,3,66,1,2026-07-29,2026-08-08
U0298,CMP03,Snapchat,98,1,34,0,2026-06-27,2026-07-27
U0306,CMP03,TikTok,124,2,57,0,2026-06-24,2026-08-03
U0313,CMP03,Snapchat,103,1,48,0,2026-07-01,2026-07-25
U0322,CMP03,TikTok,240,4,88,0,2026-08-12,2026-08-13
U0323,CMP03,Snapchat,125,2,50,1,2026-07-10,2026-08-11
U0323,CMP03,TikTok,170,2,71,1,2026-07-28,2026-07-31
U0332,CMP03,Snapchat,109,2,47,0,2026-07-05,2026-07-29
U0339,CMP03,Snapchat,240,3,96,1,2026-06-18,2026-06-30
U0347,CMP03,Snapchat,101,1,50,0,2026-06-18,2026-07-19
U0351,CMP03,TikTok,240,4,108,0,2026-07-17,2026-08-04
U0359,CMP03,TikTok,142,2,50,0,2026-07-05,2026-08-12
U0394,CMP03,TikTok,59,1,20,0,2026-06-19,2026-07-06
U0395,CMP03,TikTok,240,4,102,0,2026-08-04,2026-08-12
U0408,CMP03,TikTok,49,0,14,0,2026-08-12,2026-08-14
U0410,CMP03,TikTok,240,5,92,1,2026-08-12,2026-08-15
U0412,CMP03,Snapchat,151,3,68,0,2026-06-30,2026-07-14
U0414,CMP03,TikTok,117,1,56,0,2026-06-17,2026-07-03
U0439,CMP03,Snapchat,157,2,48,0,2026-06-20,2026-08-10
U0439,CMP03,TikTok,136,2,50,0,2026-06-24,2026-08-07
U0454,CMP03,TikTok,115,1,42,1,2026-06-15,2026-08-06
U0460,CMP03,Snapchat,118,2,64,0,2026-07-16,2026-08-07
U0464,CMP03,Snapchat,179,3,87,0,2026-07-09,2026-07-15
U0464,CMP03,TikTok,126,2,62,1,2026-06-24,2026-07-28
U0468,CMP03,TikTok,53,1,17,0,2026-07-08,2026-07-16
U0477,CMP03,TikTok,117,1,38,0,2026-08-08,2026-08-10
U0484,CMP03,Snapchat,162,2,86,1,2026-07-24,2026-08-13
U0487,CMP03,Snapchat,194,3,70,0,2026-07-23,2026-08-06
U0487,CMP03,TikTok,35,1,15,0,2026-07-05,2026-07-20
U0494,CMP03,Snapchat,157,3,86,0,2026-08-11,2026-08-13
U0494,CMP03,TikTok,158,3,64,0,2026-08-05,2026-08-11
U0495,CMP03,TikTok,148,2,47,1,2026-07-23,2026-08-08
U0513,CMP03,TikTok,240,3,102,1,2026-07-26,2026-08-08
U0525,CMP03,Snapchat,95,1,29,0,2026-08-05,2026-08-08
U0525,CMP03,TikTok,240,4,111,0,2026-08-03,2026-08-12
U0528,CMP03,Snapchat,47,1,24,0,2026-06-24,2026-06-26
U0531,CMP03,Snapchat,214,2,99,0,2026-07-04,2026-07-18
U0540,CMP03,TikTok,164,3,49,1,2026-06-23,2026-08-12
U0553,CMP03,Snapchat,128,1,69,0,2026-06-15,2026-07-17
U0553,CMP03,TikTok,240,3,76,0,2026-07-07,2026-07-24
U0554,CMP03,Snapchat,100,2,37,0,2026-08-03,2026-08-12
U0554,CMP03,TikTok,74,1,26,0,2026-07-14,2026-08-06
U0558,CMP03,TikTok,89,1,37,0,2026-07-09,2026-08-12
U0559,CMP03,Snapchat,124,2,65,0,2026-06-20,2026-07-02
U0580,CMP03,Snapchat,110,2,38,0,2026-08-10,2026-08-10
U0580,CMP03,TikTok,94,2,47,0,2026-08-01,2026-08-05
U0583,CMP03,Snapchat,52,1,20,0,2026-07-04,2026-08-07
U0583,CMP03,TikTok,88,1,30,0,2026-06-19,2026-06-25
U0587,CMP03,TikTok,98,1,34,0,2026-07-24,2026-07-31
U0590,CMP03,TikTok,78,1,36,0,2026-07-08,2026-08-01
U0606,CMP03,TikTok,223,4,113,1,2026-06-30,2026-07-26
U0609,CMP03,Snapchat,155,3,78,0,2026-06-22,2026-08-09
U0611,CMP03,Snapchat,240,4,73,0,2026-07-18,2026-08-12
U0621,CMP03,TikTok,111,1,47,0,2026-06-28,2026-07-20
U0622,CMP03,TikTok,139,2,61,0,2026-07-23,2026-07-26
U0629,CMP03,TikTok,215,3,98,1,2026-07-25,2026-07-28
U0637,CMP03,Snapchat,72,1,23,0,2026-08-09,2026-08-12
U0659,CMP03,Snapchat,240,4,122,0,2026-06-16,2026-08-09
U0663,CMP03,Snapchat,102,2,46,0,2026-07-12,2026-07-17
U0668,CMP03,TikTok,149,3,52,0,2026-07-20,2026-08-06
U0671,CMP03,TikTok,240,4,98,0,2026-06-27,2026-07-27
U0684,CMP03,TikTok,240,4,91,0,2026-06-27,2026-06-29
U0689,CMP03,Snapchat,153,3,76,0,2026-07-21,2026-07-27
U0689,CMP03,TikTok,107,1,43,0,2026-08-15,2026-08-15
U0696,CMP03,Snapchat,174,4,68,1,2026-07-13,2026-07-14
U0698,CMP03,Snapchat,223,3,67,0,2026-07-18,2026-08-13
U0698,CMP03,TikTok,104,2,34,0,2026-07-21,2026-08-12
U0705,CMP03,TikTok,71,1,32,1,2026-08-12,2026-08-12
U0707,CMP03,TikTok,167,2,70,0,2026-08-11,2026-08-12
U0710,CMP03,TikTok,183,4,66,0,2026-08-08,2026-08-15
U0719,CMP03,TikTok,97,2,34,0,2026-07-01,2026-07-02
U0731,CMP03,Snapchat,103,1,44,0,2026-08-01,2026-08-08
U0731,CMP03,TikTok,240,3,105,0,2026-07-17,2026-07-18
U0734,CMP03,Snapchat,142,2,69,0,2026-07-23,2026-08-12
U0736,CMP03,TikTok,183,3,82,0,2026-08-10,2026-08-15
U0743,CMP03,TikTok,120,1,38,0,2026-06-17,2026-08-11
U0754,CMP03,TikTok,202,4,101,0,2026-07-08,2026-07-18
U0755,CMP03,Snapchat,93,1,32,1,2026-07-08,2026-07-27
U0755,CMP03,TikTok,233,4,116,0,2026-07-13,2026-07-14
U0757,CMP03,TikTok,182,2,75,0,2026-07-19,2026-08-10
U0771,CMP03,Snapchat,70,0,30,0,2026-07-15,2026-07-15
U0771,CMP03,TikTok,79,1,34,1,2026-07-12,2026-08-06
U0774,CMP03,TikTok,240,4,90,1,2026-08-11,2026-08-14
U0780,CMP03,Snapchat,115,2,59,0,2026-07-13,2026-07-26
U0785,CMP03,Snapchat,195,4,96,1,2026-07-10,2026-07-12
U0789,CMP03,Snapchat,240,4,87,1,2026-06-23,2026-08-01
U0790,CMP03,Snapchat,240,3,84,1,2026-07-29,2026-08-14
U0794,CMP03,TikTok,122,1,52,0,2026-07-10,2026-08-07
U0797,CMP03,Snapchat,149,3,48,0,2026-07-21,2026-08-05
U0797,CMP03,TikTok,155,3,75,1,2026-06-22,2026-06-25
U0798,CMP03,Snapchat,195,2,92,0,2026-06-18,2026-08-06
U0804,CMP03,TikTok,240,4,123,0,2026-08-03,2026-08-15
U0814,CMP03,TikTok,240,4,110,0,2026-06-16,2026-07-22
U0818,CMP03,Snapchat,216,3,113,0,2026-07-20,2026-07-30
U0818,CMP03,TikTok,216,4,71,1,2026-08-09,2026-08-15
U0834,CMP03,Snapchat,69,1,22,0,2026-07-21,2026-08-12
U0836,CMP03,TikTok,211,3,65,0,2026-08-03,2026-08-06
U0837,CMP03,TikTok,78,2,40,1,2026-07-17,2026-08-13
U0843,CMP03,TikTok,110,1,37,0,2026-06-20,2026-08-03
U0848,CMP03,Snapchat,96,2,45,0,2026-06-30,2026-08-14
U0848,CMP03,TikTok,190,3,93,0,2026-08-02,2026-08-12
U0854,CMP03,Snapchat,240,5,124,0,2026-07-04,2026-07-24
U0868,CMP03,TikTok,108,2,34,0,2026-08-02,2026-08-07
U0887,CMP03,TikTok,205,3,104,0,2026-08-06,2026-08-13
U0889,CMP03,TikTok,234,3,107,0,2026-07-18,2026-07-23
U0891,CMP03,TikTok,54,1,29,0,2026-06-17,2026-07-31
U0894,CMP03,Snapchat,229,4,118,0,2026-06-27,2026-08-10
U0901,CMP03,TikTok,71,1,28,0,2026-07-18,2026-08-12
U0903,CMP03,Snapchat,152,2,80,0,2026-06-18,2026-07-18
U0906,CMP03,TikTok,215,2,114,0,2026-07-03,2026-08-04
U0909,CMP03,TikTok,240,3,79,0,2026-08-10,2026-08-13
U0919,CMP03,TikTok,184,3,56,1,2026-08-02,2026-08-07
U0920,CMP03,Snapchat,164,2,73,0,2026-07-22,2026-07-25
U0927,CMP03,TikTok,39,0,18,0,2026-07-20,2026-07-24
U0930,CMP03,Snapchat,89,2,34,0,2026-06-15,2026-08-07
U0930,CMP03,TikTok,194,4,63,0,2026-08-02,2026-08-04
U0931,CMP03,Snapchat,240,5,123,0,2026-07-25,2026-07-28
U0938,CMP03,Snapchat,183,2,80,0,2026-07-27,2026-08-04
U0938,CMP03,TikTok,148,2,57,0,2026-08-14,2026-08-15
U0942,CMP03,Snapchat,63,2,27,0,2026-07-05,2026-08-03
U0949,CMP03,TikTok,240,4,118,0,2026-07-21,2026-08-08
U0955,CMP03,TikTok,240,3,108,0,2026-07-31,2026-08-04
U0961,CMP03,TikTok,214,4,112,0,2026-08-14,2026-08-15
U0966,CMP03,Snapchat,101,1,52,0,2026-07-17,2026-08-15
U0969,CMP03,TikTok,240,4,92,1,2026-07-27,2026-08-01
U0971,CMP03,Snapchat,175,2,89,0,2026-07-18,2026-07-20
U0971,CMP03,TikTok,208,3,77,0,2026-06-28,2026-07-28
U0977,CMP03,TikTok,213,3,70,0,2026-06-19,2026-07-08
U0979,CMP03,TikTok,133,3,69,1,2026-07-12,2026-07-29
U0980,CMP03,TikTok,86,2,32,0,2026-08-01,2026-08-08
U0985,CMP03,TikTok,93,1,47,0,2026-07-19,2026-07-25
U0991,CMP03,TikTok,125,2,54,0,2026-07-06,2026-08-05
U1006,CMP03,Snapchat,187,2,65,0,2026-06-26,2026-08-02
U1006,CMP03,TikTok,200,3,74,0,2026-08-13,2026-08-15
U1010,CMP03,Snapchat,240,3,107,0,2026-06-21,2026-07-09
U1010,CMP03,TikTok,173,3,89,0,2026-06-26,2026-07-03
U1012,CMP03,Snapchat,64,1,34,0,2026-06-16,2026-07-09
U1013,CMP03,TikTok,142,2,77,0,2026-06-24,2026-06-27
U1014,CMP03,TikTok,71,1,27,0,2026-07-29,2026-07-30
U1020,CMP03,TikTok,145,3,62,0,2026-07-10,2026-08-08
U1023,CMP03,TikTok,168,2,51,0,2026-07-30,2026-08-12
U1025,CMP03,TikTok,217,4,112,0,2026-07-20,2026-08-12
U1034,CMP03,TikTok,172,2,89,0,2026-07-11,2026-07-15
U1037,CMP03,TikTok,240,5,113,0,2026-06-17,2026-07-09
U1048,CMP03,Snapchat,240,4,87,0,2026-07-15,2026-08-01
U1054,CMP03,TikTok,151,2,75,0,2026-07-24,2026-08-14
U1062,CMP03,Snapchat,125,2,59,1,2026-07-21,2026-07-31
U1066,CMP03,Snapchat,64,1,20,0,2026-06-17,2026-06-30
U1066,CMP03,TikTok,197,3,75,0,2026-07-03,2026-07-05
U1081,CMP03,Snapchat,111,2,48,0,2026-06-18,2026-07-01
U1081,CMP03,TikTok,155,3,58,0,2026-06-19,2026-07-07
U1090,CMP03,TikTok,146,2,49,0,2026-07-17,2026-07-23
U1099,CMP03,TikTok,147,2,49,0,2026-06-23,2026-06-25
U1103,CMP03,TikTok,240,5,81,1,2026-08-11,2026-08-12
U1106,CMP03,TikTok,150,3,76,1,2026-07-20,2026-08-07
U1107,CMP03,Snapchat,189,4,84,0,2026-06-21,2026-07-07
U1123,CMP03,Snapchat,240,4,110,1,2026-07-09,2026-08-09
U1127,CMP03,Snapchat,91,2,31,0,2026-06-15,2026-07-17
U1128,CMP03,TikTok,194,4,83,0,2026-07-14,2026-07-23
U1136,CMP03,TikTok,234,4,108,1,2026-08-07,2026-08-15
U1146,CMP03,Snapchat,240,3,88,1,2026-06-23,2026-07-31
U1158,CMP03,TikTok,118,1,56,0,2026-06-15,2026-07-01
U1159,CMP03,Snapchat,92,1,37,0,2026-08-05,2026-08-08
U1159,CMP03,TikTok,124,2,63,0,2026-07-05,2026-08-09
U1169,CMP03,Snapchat,95,2,46,0,2026-07-18,2026-07-30
U1175,CMP03,Snapchat,130,1,48,0,2026-07-16,2026-07-16
U1181,CMP03,TikTok,114,2,58,0,2026-07-04,2026-07-04
U1183,CMP03,Snapchat,85,1,31,0,2026-07-08,2026-08-10
U1185,CMP03,TikTok,240,4,106,0,2026-07-26,2026-07-27
U1187,CMP03,Snapchat,236,4,125,1,2026-08-11,2026-08-15
U1191,CMP03,Snapchat,115,2,56,1,2026-07-30,2026-08-07
U1192,CMP03,Snapchat,153,3,63,0,2026-06-29,2026-08-08
U1193,CMP03,TikTok,240,4,103,0,2026-08-14,2026-08-14
U1199,CMP03,Snapchat,161,3,71,1,2026-08-15,2026-08-15
U1206,CMP03,TikTok,83,2,44,0,2026-07-09,2026-08-05
U1209,CMP03,Snapchat,168,2,60,0,2026-08-11,2026-08-11
U1209,CMP03,TikTok,240,3,77,1,2026-07-08,2026-08-12
U1215,CMP03,TikTok,80,1,35,0,2026-06-28,2026-07-24
U1220,CMP03,Snapchat,76,1,28,0,2026-06-24,2026-08-14
U1220,CMP03,TikTok,158,2,73,1,2026-07-04,2026-07-26
U1226,CMP03,TikTok,129,2,40,0,2026-06-25,2026-07-02
U1227,CMP03,TikTok,225,5,67,1,2026-06-30,2026-07-17
U1228,CMP03,Snapchat,97,1,41,0,2026-06-27,2026-07-07
U1235,CMP03,Snapchat,170,2,52,0,2026-08-10,2026-08-10
U1236,CMP03,Snapchat,240,5,78,0,2026-07-09,2026-07-31
U1236,CMP03,TikTok,128,2,66,0,2026-07-08,2026-07-16
U1237,CMP03,TikTok,177,2,60,0,2026-06-20,2026-07-18
U1243,CMP03,TikTok,118,2,48,0,2026-07-06,2026-07-07
U1247,CMP03,Snapchat,106,2,37,0,2026-06-15,2026-07-11
U1249,CMP03,TikTok,56,1,23,0,2026-07-07,2026-08-14
U1253,CMP03,Snapchat,154,2,75,0,2026-08-04,2026-08-13
U1253,CMP03,TikTok,97,2,53,0,2026-07-01,2026-08-15
U1265,CMP03,Snapchat,138,2,71,0,2026-08-11,2026-08-13
U1273,CMP03,Snapchat,103,1,46,0,2026-07-08,2026-08-01
U1278,CMP03,Snapchat,240,4,112,1,2026-07-26,2026-08-15
U1278,CMP03,TikTok,194,4,95,0,2026-07-17,2026-08-05
U1283,CMP03,TikTok,51,1,25,0,2026-08-04,2026-08-11
U1298,CMP03,TikTok,77,2,37,0,2026-07-12,2026-07-29
U1301,CMP03,TikTok,212,4,78,1,2026-08-08,2026-08-14
U1331,CMP03,Snapchat,100,2,31,0,2026-08-06,2026-08-06
U1331,CMP03,TikTok,125,2,47,0,2026-07-29,2026-08-01
U1334,CMP03,Snapchat,215,3,69,0,2026-06-15,2026-07-16
U1334,CMP03,TikTok,240,3,104,1,2026-06-28,2026-08-10
U1353,CMP03,Snapchat,97,1,34,0,2026-06-17,2026-07-11
U1363,CMP03,TikTok,209,3,69,0,2026-08-03,2026-08-06
U1365,CMP03,Snapchat,125,2,56,0,2026-07-07,2026-07-26
U1369,CMP03,Snapchat,69,0,26,0,2026-07-31,2026-08-04
U1369,CMP03,TikTok,71,1,25,0,2026-08-07,2026-08-11
U1374,CMP03,Snapchat,215,3,107,0,2026-07-26,2026-08-06
U1378,CMP03,TikTok,148,2,54,0,2026-07-14,2026-07-23
U1381,CMP03,Snapchat,124,2,43,1,2026-08-02,2026-08-04
U1399,CMP03,Snapchat,240,4,117,1,2026-08-11,2026-08-13
U1408,CMP03,Snapchat,101,1,47,0,2026-06-27,2026-08-10
U1408,CMP03,TikTok,128,2,40,0,2026-07-11,2026-08-12
U1411,CMP03,Snapchat,97,2,51,0,2026-07-01,2026-07-30
U1415,CMP03,TikTok,68,1,31,0,2026-07-15,2026-07-29
U1423,CMP03,Snapchat,133,2,61,0,2026-06-23,2026-08-09
U1423,CMP03,TikTok,137,1,54,0,2026-06-19,2026-07-23
U1434,CMP03,TikTok,94,1,28,0,2026-07-19,2026-07-27
U1448,CMP03,Snapchat,79,1,28,0,2026-07-21,2026-08-10
U1448,CMP03,TikTok,130,2,64,0,2026-08-15,2026-08-15
U1454,CMP03,TikTok,97,2,33,0,2026-07-20,2026-08-06
U1457,CMP03,Snapchat,111,2,49,0,2026-08-15,2026-08-15
U1465,CMP03,Snapchat,61,1,32,0,2026-07-16,2026-08-13
U1465,CMP03,TikTok,110,2,35,0,2026-08-14,2026-08-14
U1470,CMP03,Snapchat,114,1,51,0,2026-06-30,2026-07-07
U1473,CMP03,TikTok,120,1,54,0,2026-07-30,2026-08-05
U1475,CMP03,TikTok,240,3,122,1,2026-06-30,2026-07-11
U1478,CMP03,TikTok,73,1,37,0,2026-07-02,2026-07-03
U1485,CMP03,Snapchat,133,3,66,0,2026-08-04,2026-08-14
U1487,CMP03,TikTok,127,1,49,0,2026-07-28,2026-08-12
U1492,CMP03,TikTok,146,3,67,0,2026-07-29,2026-08-15
U1499,CMP03,Snapchat,107,2,47,1,2026-07-30,2026-07-31
U1507,CMP03,Snapchat,188,3,88,0,2026-06-22,2026-07-04
U1514,CMP03,Snapchat,114,2,49,0,2026-07-16,2026-07-23
U1514,CMP03,TikTok,150,3,67,1,2026-06-28,2026-08-01
U1516,CMP03,Snapchat,149,2,64,0,2026-07-29,2026-08-14
U1520,CMP03,TikTok,61,1,19,0,2026-07-08,2026-07-20
U1521,CMP03,Snapchat,193,4,76,1,2026-06-23,2026-07-12
U1527,CMP03,TikTok,225,4,85,1,2026-08-01,2026-08-13
U1534,CMP03,TikTok,195,3,95,1,2026-06-24,2026-08-09
U1550,CMP03,Snapchat,100,2,33,0,2026-07-02,2026-07-11
U1555,CMP03,TikTok,145,2,56,0,2026-07-12,2026-08-03
U1578,CMP03,TikTok,133,2,71,0,2026-07-05,2026-07-23
U1581,CMP03,TikTok,66,1,30,0,2026-08-14,2026-08-15
U1595,CMP03,TikTok,99,2,46,0,2026-06-24,2026-08-14
U1602,CMP03,Snapchat,90,1,39,0,2026-08-04,2026-08-10
U1607,CMP03,Snapchat,91,2,40,0,2026-08-12,2026-08-13
U1607,CMP03,TikTok,117,1,53,0,2026-07-25,2026-08-09
U1614,CMP03,Snapchat,95,2,40,0,2026-07-21,2026-08-04
U1621,CMP03,Snapchat,210,2,102,1,2026-07-08,2026-08-09
U1630,CMP03,Snapchat,155,2,71,1,2026-06-24,2026-08-02
U1643,CMP03,Snapchat,75,1,23,0,2026-07-09,2026-07-12
U1643,CMP03,TikTok,178,3,67,1,2026-06-22,2026-07-06
U1644,CMP03,Snapchat,129,2,61,0,2026-07-19,2026-07-24
U1649,CMP03,Snapchat,158,2,84,1,2026-07-22,2026-08-10
U1658,CMP03,TikTok,156,2,74,0,2026-07-27,2026-08-08
U1661,CMP03,Snapchat,131,2,53,0,2026-08-14,2026-08-14
U1664,CMP03,TikTok,73,1,29,0,2026-07-01,2026-07-08
U1672,CMP03,TikTok,64,1,30,0,2026-08-10,2026-08-14
U1677,CMP03,TikTok,105,2,43,0,2026-07-09,2026-08-06
U1683,CMP03,TikTok,99,2,36,0,2026-07-21,2026-07-30
U1688,CMP03,Snapchat,128,1,62,0,2026-07-03,2026-07-13
U1696,CMP03,Snapchat,113,2,46,0,2026-08-14,2026-08-14
U1698,CMP03,Snapchat,240,3,117,0,2026-08-02,2026-08-11
U1698,CMP03,TikTok,204,3,66,1,2026-08-09,2026-08-11
U1699,CMP03,Snapchat,104,2,32,0,2026-06-19,2026-07-14
U1703,CMP03,Snapchat,238,2,123,1,2026-06-29,2026-07-27
U1704,CMP03,TikTok,240,4,74,1,2026-07-06,2026-08-02
U1709,CMP03,Snapchat,240,4,88,0,2026-08-07,2026-08-15
U1709,CMP03,TikTok,129,2,57,1,2026-06-29,2026-07-08
U1710,CMP03,TikTok,152,2,82,1,2026-08-15,2026-08-15
U1721,CMP03,TikTok,87,1,46,0,2026-08-12,2026-08-15
U1754,CMP03,TikTok,211,5,69,0,2026-06-16,2026-07-21
U1769,CMP03,TikTok,91,2,43,0,2026-07-18,2026-07-30
U1771,CMP03,TikTok,240,4,80,0,2026-08-15,2026-08-15
U1774,CMP03,TikTok,129,2,57,0,2026-07-13,2026-08-15
U1783,CMP03,Snapchat,76,1,24,0,2026-06-15,2026-08-04
U1783,CMP03,TikTok,166,2,75,0,2026-08-08,2026-08-10
U1786,CMP03,TikTok,171,3,84,0,2026-07-16,2026-07-28
U1790,CMP03,TikTok,138,3,57,0,2026-06-21,2026-08-02
U1805,CMP03,Snapchat,159,3,76,0,2026-07-13,2026-08-14
U1810,CMP03,Snapchat,193,3,64,0,2026-07-07,2026-08-10
U1817,CMP03,Snapchat,160,3,52,0,2026-08-02,2026-08-06
U1818,CMP03,Snapchat,147,2,49,0,2026-07-15,2026-07-27
U1830,CMP03,TikTok,86,1,30,0,2026-07-12,2026-07-28
U1833,CMP03,TikTok,195,4,106,0,2026-07-04,2026-07-17
U1858,CMP03,TikTok,98,1,44,0,2026-06-25,2026-07-11
U1864,CMP03,Snapchat,215,3,95,0,2026-07-18,2026-08-10
U1880,CMP03,Snapchat,240,4,131,1,2026-08-12,2026-08-15
U1880,CMP03,TikTok,207,3,89,0,2026-06-20,2026-06-26
U1882,CMP03,TikTok,125,2,49,0,2026-08-13,2026-08-14
U1883,CMP03,TikTok,128,2,47,0,2026-07-02,2026-07-15
U1894,CMP03,TikTok,100,1,51,0,2026-07-17,2026-07-18
U1905,CMP03,Snapchat,143,2,66,0,2026-06-18,2026-08-03
U1917,CMP03,Snapchat,240,4,92,0,2026-06-17,2026-07-07
U1926,CMP03,Snapchat,240,4,121,0,2026-07-22,2026-08-07
U1946,CMP03,Snapchat,215,4,117,1,2026-07-09,2026-08-11
U1950,CMP03,Snapchat,240,3,84,1,2026-07-12,2026-07-14
U1955,CMP03,Snapchat,160,2,69,1,2026-08-02,2026-08-06
U1961,CMP03,Snapchat,196,2,76,0,2026-08-13,2026-08-13
U1964,CMP03,TikTok,183,2,67,0,2026-07-09,2026-07-23
U1968,CMP03,Snapchat,240,3,95,0,2026-07-13,2026-08-03
U1978,CMP03,Snapchat,173,3,85,1,2026-07-04,2026-07-06
U1995,CMP03,Snapchat,104,1,33,0,2026-06-21,2026-07-16
U1995,CMP03,TikTok,67,1,29,1,2026-07-11,2026-08-03
U1997,CMP03,Snapchat,116,2,41,0,2026-07-04,2026-07-22
U0004,CMP04,X (Twitter),192,2,15,0,2026-07-15,2026-07-16
U0009,CMP04,TikTok,27,0,11,0,2026-07-21,2026-07-25
U0015,CMP04,X (Twitter),63,1,9,0,2026-07-12,2026-07-21
U0015,CMP04,TikTok,87,1,46,0,2026-07-01,2026-07-23
U0021,CMP04,X (Twitter),31,0,3,0,2026-07-22,2026-07-28
U0040,CMP04,TikTok,36,0,10,0,2026-07-12,2026-07-17
U0041,CMP04,TikTok,45,1,19,0,2026-07-18,2026-07-23
U0049,CMP04,TikTok,25,0,9,0,2026-07-17,2026-07-21
U0073,CMP04,TikTok,76,0,34,0,2026-07-03,2026-07-28
U0077,CMP04,X (Twitter),109,1,19,0,2026-07-11,2026-07-15
U0077,CMP04,TikTok,92,1,32,0,2026-07-01,2026-07-04
U0086,CMP04,TikTok,97,1,53,0,2026-07-04,2026-07-25
U0098,CMP04,X (Twitter),36,1,5,0,2026-07-24,2026-07-25
U0106,CMP04,TikTok,66,1,31,0,2026-07-22,2026-07-23
U0114,CMP04,X (Twitter),79,1,12,0,2026-07-07,2026-07-11
U0114,CMP04,TikTok,32,0,14,0,2026-07-08,2026-07-24
U0133,CMP04,TikTok,77,1,34,0,2026-07-26,2026-07-26
U0159,CMP04,TikTok,140,1,70,0,2026-07-03,2026-07-06
U0175,CMP04,TikTok,116,1,48,0,2026-07-02,2026-07-06
U0213,CMP04,TikTok,69,0,34,0,2026-07-09,2026-07-26
U0214,CMP04,TikTok,45,0,20,0,2026-07-28,2026-07-28
U0225,CMP04,TikTok,80,1,39,0,2026-07-03,2026-07-28
U0268,CMP04,TikTok,57,0,24,0,2026-07-12,2026-07-17
U0277,CMP04,X (Twitter),78,1,9,0,2026-07-14,2026-07-26
U0283,CMP04,X (Twitter),44,0,3,0,2026-07-21,2026-07-23
U0290,CMP04,TikTok,136,2,70,0,2026-07-18,2026-07-22
U0292,CMP04,TikTok,169,2,90,0,2026-07-25,2026-07-28
U0306,CMP04,TikTok,80,1,26,0,2026-07-02,2026-07-24
U0308,CMP04,TikTok,60,0,18,0,2026-07-20,2026-07-21
U0319,CMP04,TikTok,84,0,31,0,2026-07-03,2026-07-25
U0322,CMP04,X (Twitter),36,0,3,0,2026-07-19,2026-07-19
U0322,CMP04,TikTok,30,0,14,0,2026-07-14,2026-07-28
U0336,CMP04,TikTok,67,1,34,0,2026-07-04,2026-07-24
U0339,CMP04,X (Twitter),32,0,6,0,2026-07-21,2026-07-28
U0365,CMP04,X (Twitter),24,0,4,0,2026-07-08,2026-07-25
U0380,CMP04,TikTok,89,1,43,0,2026-07-25,2026-07-26
U0385,CMP04,X (Twitter),76,1,10,0,2026-07-20,2026-07-27
U0386,CMP04,TikTok,38,1,15,0,2026-07-17,2026-07-22
U0406,CMP04,X (Twitter),58,1,10,0,2026-07-28,2026-07-28
U0406,CMP04,TikTok,61,1,23,0,2026-07-25,2026-07-26
U0417,CMP04,TikTok,119,1,65,0,2026-07-19,2026-07-19
U0432,CMP04,X (Twitter),76,1,9,0,2026-07-13,2026-07-24
U0465,CMP04,TikTok,33,0,10,0,2026-07-14,2026-07-22
U0483,CMP04,TikTok,56,0,27,0,2026-07-16,2026-07-23
U0486,CMP04,TikTok,146,1,71,0,2026-07-14,2026-07-23
U0494,CMP04,TikTok,99,1,37,0,2026-07-26,2026-07-27
U0500,CMP04,X (Twitter),44,1,4,0,2026-07-16,2026-07-18
U0501,CMP04,TikTok,34,0,14,0,2026-07-06,2026-07-11
U0505,CMP04,X (Twitter),33,0,4,0,2026-07-20,2026-07-23
U0525,CMP04,TikTok,50,0,20,0,2026-07-02,2026-07-17
U0530,CMP04,TikTok,52,1,27,0,2026-07-13,2026-07-21
U0579,CMP04,TikTok,105,2,37,1,2026-07-27,2026-07-28
U0602,CMP04,TikTok,107,1,40,0,2026-07-21,2026-07-25
U0616,CMP04,X (Twitter),71,1,10,0,2026-07-19,2026-07-19
U0622,CMP04,TikTok,38,1,16,0,2026-07-10,2026-07-14
U0663,CMP04,TikTok,50,0,22,0,2026-07-08,2026-07-21
U0680,CMP04,TikTok,38,0,19,0,2026-07-23,2026-07-28
U0699,CMP04,TikTok,56,1,29,0,2026-07-03,2026-07-03
U0704,CMP04,TikTok,49,1,15,0,2026-07-27,2026-07-28
U0709,CMP04,X (Twitter),35,0,2,0,2026-07-28,2026-07-28
U0709,CMP04,TikTok,31,0,15,0,2026-07-15,2026-07-21
U0718,CMP04,TikTok,31,0,11,0,2026-07-13,2026-07-16
U0735,CMP04,X (Twitter),61,0,11,0,2026-07-03,2026-07-21
U0735,CMP04,TikTok,43,1,22,0,2026-07-03,2026-07-11
U0749,CMP04,TikTok,34,1,16,0,2026-07-24,2026-07-24
U0754,CMP04,TikTok,45,1,19,0,2026-07-19,2026-07-23
U0760,CMP04,TikTok,60,0,27,0,2026-07-14,2026-07-21
U0796,CMP04,TikTok,65,0,20,0,2026-07-03,2026-07-10
U0799,CMP04,TikTok,43,0,15,0,2026-07-14,2026-07-22
U0808,CMP04,X (Twitter),104,1,19,0,2026-07-14,2026-07-22
U0808,CMP04,TikTok,136,1,46,0,2026-07-15,2026-07-16
U0826,CMP04,TikTok,37,0,19,0,2026-07-14,2026-07-28
U0836,CMP04,X (Twitter),75,1,12,0,2026-07-12,2026-07-15
U0836,CMP04,TikTok,69,1,30,0,2026-07-10,2026-07-20
U0859,CMP04,TikTok,86,0,41,0,2026-07-12,2026-07-17
U0865,CMP04,X (Twitter),66,1,12,1,2026-07-06,2026-07-19
U0869,CMP04,TikTok,240,2,79,1,2026-07-22,2026-07-28
U0881,CMP04,X (Twitter),61,1,8,0,2026-07-05,2026-07-26
U0887,CMP04,X (Twitter),119,1,12,0,2026-07-09,2026-07-21
U0887,CMP04,TikTok,50,1,16,0,2026-07-07,2026-07-28
U0888,CMP04,X (Twitter),30,1,5,0,2026-07-16,2026-07-23
U0899,CMP04,X (Twitter),69,0,13,0,2026-07-22,2026-07-24
U0899,CMP04,TikTok,195,1,101,0,2026-07-21,2026-07-28
U0901,CMP04,TikTok,37,1,15,0,2026-07-26,2026-07-28
U0904,CMP04,X (Twitter),92,1,12,0,2026-07-24,2026-07-28
U0923,CMP04,TikTok,32,0,17,0,2026-07-02,2026-07-03
U0928,CMP04,TikTok,51,1,26,0,2026-07-18,2026-07-23
U0932,CMP04,X (Twitter),19,1,3,0,2026-07-19,2026-07-24
U0939,CMP04,TikTok,82,0,28,0,2026-07-16,2026-07-20
U0949,CMP04,TikTok,103,1,46,0,2026-07-13,2026-07-17
U0954,CMP04,TikTok,46,1,14,0,2026-07-21,2026-07-25
U0973,CMP04,TikTok,47,1,14,0,2026-07-25,2026-07-28
U1016,CMP04,TikTok,67,1,36,0,2026-07-05,2026-07-18
U1030,CMP04,X (Twitter),48,1,4,0,2026-07-02,2026-07-04
U1030,CMP04,TikTok,63,0,29,0,2026-07-20,2026-07-25
U1058,CMP04,TikTok,45,0,24,0,2026-07-09,2026-07-16
U1113,CMP04,TikTok,85,1,41,0,2026-07-05,2026-07-18
U1116,CMP04,TikTok,39,1,13,0,2026-07-20,2026-07-22
U1117,CMP04,TikTok,133,1,70,0,2026-07-01,2026-07-15
U1120,CMP04,TikTok,101,1,38,0,2026-07-01,2026-07-20
U1137,CMP04,TikTok,90,0,28,0,2026-07-12,2026-07-23
U1166,CMP04,TikTok,67,0,23,0,2026-07-13,2026-07-22
U1181,CMP04,TikTok,43,0,18,0,2026-07-18,2026-07-22
U1199,CMP04,TikTok,37,0,12,0,2026-07-16,2026-07-25
U1213,CMP04,TikTok,168,2,53,0,2026-07-26,2026-07-28
U1215,CMP04,TikTok,40,0,14,0,2026-07-08,2026-07-09
U1220,CMP04,TikTok,84,0,33,0,2026-07-20,2026-07-23
U1222,CMP04,TikTok,38,0,13,0,2026-07-21,2026-07-21
U1224,CMP04,X (Twitter),87,0,11,0,2026-07-01,2026-07-06
U1225,CMP04,X (Twitter),75,1,6,0,2026-07-02,2026-07-22
U1299,CMP04,TikTok,42,0,19,0,2026-07-28,2026-07-28
U1301,CMP04,TikTok,90,1,47,0,2026-07-14,2026-07-16
U1311,CMP04,X (Twitter),45,1,7,0,2026-07-13,2026-07-25
U1311,CMP04,TikTok,65,1,26,0,2026-07-03,2026-07-06
U1318,CMP04,TikTok,32,0,14,0,2026-07-06,2026-07-26
U1338,CMP04,X (Twitter),29,0,4,0,2026-07-11,2026-07-14
U1355,CMP04,TikTok,107,1,46,0,2026-07-08,2026-07-12
U1360,CMP04,X (Twitter),178,2,32,0,2026-07-23,2026-07-28
U1402,CMP04,TikTok,31,0,14,0,2026-07-09,2026-07-27
U1422,CMP04,X (Twitter),33,0,6,0,2026-07-02,2026-07-15
U1448,CMP04,TikTok,93,0,36,0,2026-07-28,2026-07-28
U1450,CMP04,TikTok,168,2,59,0,2026-07-27,2026-07-28
U1467,CMP04,TikTok,23,0,11,0,2026-07-25,2026-07-27
U1492,CMP04,TikTok,196,2,97,0,2026-07-20,2026-07-26
U1493,CMP04,TikTok,36,1,11,0,2026-07-03,2026-07-15
U1504,CMP04,TikTok,55,1,23,0,2026-07-06,2026-07-18
U1508,CMP04,TikTok,76,1,36,0,2026-07-18,2026-07-19
U1511,CMP04,X (Twitter),76,1,6,0,2026-07-23,2026-07-23
U1511,CMP04,TikTok,48,1,21,0,2026-07-19,2026-07-27
U1519,CMP04,TikTok,51,0,19,0,2026-07-27,2026-07-28
U1527,CMP04,TikTok,36,0,14,0,2026-07-19,2026-07-28
U1544,CMP04,TikTok,66,1,28,0,2026-07-24,2026-07-27
U1555,CMP04,TikTok,39,0,16,0,2026-07-06,2026-07-14
U1580,CMP04,TikTok,31,1,11,0,2026-07-16,2026-07-18
U1616,CMP04,X (Twitter),39,0,3,0,2026-07-17,2026-07-26
U1619,CMP04,TikTok,66,0,28,0,2026-07-08,2026-07-28
U1625,CMP04,X (Twitter),72,1,9,0,2026-07-25,2026-07-27
U1637,CMP04,TikTok,137,1,67,0,2026-07-17,2026-07-17
U1646,CMP04,TikTok,83,1,42,0,2026-07-04,2026-07-10
U1672,CMP04,X (Twitter),42,1,6,0,2026-07-12,2026-07-20
U1672,CMP04,TikTok,130,1,55,0,2026-07-12,2026-07-25
U1686,CMP04,TikTok,81,1,30,0,2026-07-14,2026-07-18
U1688,CMP04,TikTok,57,0,18,0,2026-07-04,2026-07-26
U1715,CMP04,TikTok,84,1,27,0,2026-07-06,2026-07-20
U1718,CMP04,TikTok,29,0,12,0,2026-07-07,2026-07-14
U1721,CMP04,X (Twitter),59,1,9,0,2026-07-28,2026-07-28
U1761,CMP04,X (Twitter),182,2,22,1,2026-07-27,2026-07-28
U1768,CMP04,X (Twitter),33,0,4,0,2026-07-05,2026-07-08
U1772,CMP04,TikTok,74,1,37,1,2026-07-20,2026-07-22
U1790,CMP04,TikTok,79,1,39,0,2026-07-26,2026-07-26
U1809,CMP04,TikTok,122,1,36,0,2026-07-11,2026-07-19
U1815,CMP04,TikTok,80,1,39,0,2026-07-05,2026-07-15
U1822,CMP04,TikTok,48,0,14,0,2026-07-26,2026-07-28
U1842,CMP04,TikTok,59,0,26,0,2026-07-05,2026-07-10
U1849,CMP04,TikTok,74,0,35,0,2026-07-03,2026-07-09
U1858,CMP04,TikTok,75,0,35,0,2026-07-07,2026-07-20
U1868,CMP04,X (Twitter),82,0,9,0,2026-07-23,2026-07-25
U1868,CMP04,TikTok,54,1,25,0,2026-07-13,2026-07-27
U1883,CMP04,X (Twitter),31,0,6,0,2026-07-12,2026-07-22
U1883,CMP04,TikTok,103,1,47,0,2026-07-15,2026-07-21
U1897,CMP04,X (Twitter),29,1,4,0,2026-07-16,2026-07-27
U1933,CMP04,TikTok,91,1,44,0,2026-07-14,2026-07-27
U1942,CMP04,X (Twitter),19,0,2,0,2026-07-09,2026-07-18
U1942,CMP04,TikTok,47,1,15,0,2026-07-22,2026-07-23
U1995,CMP04,TikTok,50,0,21,0,2026-07-17,2026-07-19
U1996,CMP04,X (Twitter),40,0,3,0,2026-07-21,2026-07-27
U1996,CMP04,TikTok,43,1,13,1,2026-07-22,2026-07-26
U0007,CMP05,TikTok,206,1,94,1,2026-08-24,2026-08-26
U0015,CMP05,TikTok,62,1,24,0,2026-08-28,2026-08-30
U0017,CMP05,Instagram,86,1,42,0,2026-08-21,2026-08-23
U0041,CMP05,Instagram,131,1,60,0,2026-08-31,2026-08-31
U0041,CMP05,TikTok,42,1,16,0,2026-08-07,2026-08-12
U0043,CMP05,TikTok,47,1,15,0,2026-08-14,2026-08-24
U0048,CMP05,Instagram,114,1,54,0,2026-08-31,2026-08-31
U0053,CMP05,Instagram,149,1,75,0,2026-08-20,2026-08-24
U0053,CMP05,TikTok,57,0,19,0,2026-08-01,2026-08-19
U0061,CMP05,Instagram,49,0,16,0,2026-08-21,2026-08-30
U0063,CMP05,Instagram,91,0,49,0,2026-08-06,2026-08-07
U0070,CMP05,Instagram,35,0,14,0,2026-08-19,2026-08-29
U0070,CMP05,TikTok,75,0,23,0,2026-08-26,2026-08-27
U0072,CMP05,Instagram,94,1,44,0,2026-08-31,2026-08-31
U0072,CMP05,TikTok,131,2,67,0,2026-08-07,2026-08-20
U0088,CMP05,Instagram,126,1,51,0,2026-08-07,2026-08-29
U0088,CMP05,TikTok,42,1,22,0,2026-08-22,2026-08-29
U0095,CMP05,TikTok,194,2,61,0,2026-08-12,2026-08-13
U0111,CMP05,Instagram,52,1,21,0,2026-08-19,2026-08-19
U0115,CMP05,Instagram,64,0,25,0,2026-08-27,2026-08-30
U0124,CMP05,TikTok,109,0,54,0,2026-08-19,2026-08-24
U0128,CMP05,TikTok,63,1,26,0,2026-08-12,2026-08-17
U0142,CMP05,Instagram,47,1,18,0,2026-08-04,2026-08-04
U0142,CMP05,TikTok,58,0,31,0,2026-08-06,2026-08-07
U0146,CMP05,TikTok,54,0,24,0,2026-08-14,2026-08-20
U0150,CMP05,TikTok,109,1,44,0,2026-08-24,2026-08-30
U0161,CMP05,Instagram,62,0,27,0,2026-08-28,2026-08-30
U0163,CMP05,TikTok,61,0,30,0,2026-08-14,2026-08-27
U0167,CMP05,TikTok,94,1,33,0,2026-08-30,2026-08-31
U0169,CMP05,Instagram,64,1,24,0,2026-08-10,2026-08-29
U0169,CMP05,TikTok,29,0,10,0,2026-08-04,2026-08-21
U0181,CMP05,Instagram,102,1,39,0,2026-08-21,2026-08-24
U0181,CMP05,TikTok,94,0,28,0,2026-08-28,2026-08-29
U0200,CMP05,TikTok,222,2,92,0,2026-08-04,2026-08-19
U0214,CMP05,Instagram,102,1,42,0,2026-08-30,2026-08-31
U0214,CMP05,TikTok,63,0,22,0,2026-08-13,2026-08-25
U0216,CMP05,TikTok,48,0,21,0,2026-08-27,2026-08-30
U0217,CMP05,Instagram,42,0,21,0,2026-08-23,2026-08-31
U0217,CMP05,TikTok,86,1,29,0,2026-08-19,2026-08-20
U0223,CMP05,Instagram,72,1,29,1,2026-08-30,2026-08-30
U0235,CMP05,TikTok,81,1,36,0,2026-08-06,2026-08-08
U0251,CMP05,Instagram,76,1,27,0,2026-08-06,2026-08-17
U0251,CMP05,TikTok,75,1,33,0,2026-08-17,2026-08-23
U0256,CMP05,TikTok,38,0,15,0,2026-08-16,2026-08-24
U0264,CMP05,TikTok,49,0,24,0,2026-08-17,2026-08-28
U0265,CMP05,Instagram,82,0,36,0,2026-08-09,2026-08-31
U0273,CMP05,TikTok,62,1,26,0,2026-08-22,2026-08-31
U0277,CMP05,Instagram,137,1,42,0,2026-08-20,2026-08-21
U0277,CMP05,TikTok,159,1,66,0,2026-08-16,2026-08-27
U0278,CMP05,TikTok,90,1,48,0,2026-08-07,2026-08-17
U0282,CMP05,Instagram,72,0,31,0,2026-08-12,2026-08-28
U0286,CMP05,TikTok,66,1,36,0,2026-08-29,2026-08-31
U0309,CMP05,Instagram,68,1,32,0,2026-08-20,2026-08-30
U0316,CMP05,Instagram,87,1,31,0,2026-08-02,2026-08-29
U0319,CMP05,TikTok,30,1,9,0,2026-08-06,2026-08-14
U0321,CMP05,TikTok,39,1,18,0,2026-08-15,2026-08-25
U0329,CMP05,Instagram,30,1,12,0,2026-08-24,2026-08-24
U0329,CMP05,TikTok,75,1,38,0,2026-08-23,2026-08-26
U0333,CMP05,Instagram,36,0,14,0,2026-08-12,2026-08-23
U0339,CMP05,TikTok,63,1,33,0,2026-08-10,2026-08-15
U0343,CMP05,Instagram,89,1,41,0,2026-08-25,2026-08-29
U0343,CMP05,TikTok,88,0,45,0,2026-08-21,2026-08-26
U0352,CMP05,Instagram,84,1,45,0,2026-08-09,2026-08-10
U0360,CMP05,Instagram,65,1,25,0,2026-08-27,2026-08-30
U0360,CMP05,TikTok,36,1,11,0,2026-08-03,2026-08-09
U0371,CMP05,Instagram,143,1,58,0,2026-08-31,2026-08-31
U0393,CMP05,Instagram,56,0,21,0,2026-08-25,2026-08-25
U0394,CMP05,TikTok,26,1,11,0,2026-08-19,2026-08-31
U0427,CMP05,Instagram,27,0,13,0,2026-08-02,2026-08-31
U0427,CMP05,TikTok,136,1,70,1,2026-08-29,2026-08-30
U0436,CMP05,Instagram,54,0,24,0,2026-08-12,2026-08-23
U0438,CMP05,Instagram,103,1,41,0,2026-08-25,2026-08-29
U0438,CMP05,TikTok,84,1,36,0,2026-08-20,2026-08-20
U0441,CMP05,Instagram,37,0,12,0,2026-08-07,2026-08-16
U0442,CMP05,TikTok,83,1,27,1,2026-08-30,2026-08-31
U0443,CMP05,TikTok,113,0,55,0,2026-08-06,2026-08-28
U0454,CMP05,TikTok,65,1,33,0,2026-08-12,2026-08-30
U0463,CMP05,Instagram,66,0,35,0,2026-08-11,2026-08-20
U0488,CMP05,TikTok,45,0,19,0,2026-08-13,2026-08-24
U0493,CMP05,Instagram,76,0,36,0,2026-08-30,2026-08-30
U0494,CMP05,Instagram,56,1,30,0,2026-08-07,2026-08-09
U0494,CMP05,TikTok,62,1,28,0,2026-08-31,2026-08-31
U0504,CMP05,Instagram,33,0,15,0,2026-08-07,2026-08-20
U0512,CMP05,TikTok,60,0,19,0,2026-08-05,2026-08-24
U0518,CMP05,TikTok,74,0,35,0,2026-08-10,2026-08-29
U0534,CMP05,TikTok,60,1,23,0,2026-08-23,2026-08-31
U0542,CMP05,TikTok,105,0,56,0,2026-08-01,2026-08-04
U0554,CMP05,TikTok,31,0,9,0,2026-08-30,2026-08-30
U0556,CMP05,Instagram,95,1,49,0,2026-08-04,2026-08-18
U0558,CMP05,TikTok,62,0,27,0,2026-08-14,2026-08-24
U0569,CMP05,TikTok,71,1,24,0,2026-08-10,2026-08-29
U0581,CMP05,TikTok,128,1,50,0,2026-08-20,2026-08-25
U0589,CMP05,Instagram,52,0,18,0,2026-08-20,2026-08-30
U0599,CMP05,TikTok,159,1,70,0,2026-08-12,2026-08-13
U0604,CMP05,Instagram,98,1,35,0,2026-08-07,2026-08-20
U0617,CMP05,Instagram,135,1,50,0,2026-08-16,2026-08-27
U0625,CMP05,Instagram,135,1,56,0,2026-08-10,2026-08-23
U0625,CMP05,TikTok,91,1,39,0,2026-08-12,2026-08-13
U0628,CMP05,TikTok,66,0,21,0,2026-08-01,2026-08-17
U0629,CMP05,TikTok,73,0,29,0,2026-08-03,2026-08-19
U0631,CMP05,Instagram,79,1,24,0,2026-08-02,2026-08-13
U0631,CMP05,TikTok,55,1,26,1,2026-08-02,2026-08-16
U0636,CMP05,Instagram,44,0,15,0,2026-08-01,2026-08-16
U0638,CMP05,Instagram,59,1,19,0,2026-08-11,2026-08-12
U0659,CMP05,Instagram,44,0,21,0,2026-08-12,2026-08-12
U0660,CMP05,Instagram,42,1,17,0,2026-08-15,2026-08-21
U0663,CMP05,Instagram,140,1,59,1,2026-08-23,2026-08-31
U0663,CMP05,TikTok,86,0,43,0,2026-08-28,2026-08-29
U0682,CMP05,TikTok,57,1,23,0,2026-08-17,2026-08-27
U0686,CMP05,TikTok,66,1,33,0,2026-08-26,2026-08-31
U0708,CMP05,TikTok,99,1,36,0,2026-08-22,2026-08-25
U0709,CMP05,TikTok,116,1,54,0,2026-08-27,2026-08-29
U0729,CMP05,TikTok,224,2,78,0,2026-08-27,2026-08-31
U0737,CMP05,Instagram,64,1,24,0,2026-08-02,2026-08-21
U0737,CMP05,TikTok,33,0,13,0,2026-08-08,2026-08-28
U0753,CMP05,Instagram,30,0,10,0,2026-08-07,2026-08-23
U0757,CMP05,TikTok,62,0,32,0,2026-08-30,2026-08-30
U0761,CMP05,Instagram,64,1,30,0,2026-08-27,2026-08-27
U0761,CMP05,TikTok,173,2,66,0,2026-08-17,2026-08-20
U0768,CMP05,Instagram,45,0,14,0,2026-08-31,2026-08-31
U0773,CMP05,Instagram,115,1,50,0,2026-08-28,2026-08-29
U0781,CMP05,Instagram,40,0,17,0,2026-08-01,2026-08-20
U0781,CMP05,TikTok,101,0,45,0,2026-08-16,2026-08-30
U0788,CMP05,Instagram,177,1,86,1,2026-08-31,2026-08-31
U0794,CMP05,Instagram,61,1,30,0,2026-08-26,2026-08-30
U0797,CMP05,Instagram,136,1,67,0,2026-08-24,2026-08-31
U0802,CMP05,Instagram,109,1,46,0,2026-08-30,2026-08-30
U0802,CMP05,TikTok,76,0,25,0,2026-08-01,2026-08-02
U0823,CMP05,Instagram,64,0,25,0,2026-08-26,2026-08-29
U0823,CMP05,TikTok,63,0,34,0,2026-08-05,2026-08-22
U0825,CMP05,Instagram,32,0,17,0,2026-08-19,2026-08-29
U0836,CMP05,Instagram,97,0,34,0,2026-08-08,2026-08-24
U0836,CMP05,TikTok,31,1,9,0,2026-08-29,2026-08-29
U0845,CMP05,TikTok,117,1,36,0,2026-08-14,2026-08-25
U0869,CMP05,Instagram,53,0,23,0,2026-08-05,2026-08-17
U0869,CMP05,TikTok,27,0,13,0,2026-08-27,2026-08-29
U0878,CMP05,Instagram,57,1,22,0,2026-08-17,2026-08-30
U0878,CMP05,TikTok,45,0,19,0,2026-08-19,2026-08-29
U0896,CMP05,Instagram,53,0,23,0,2026-08-26,2026-08-28
U0896,CMP05,TikTok,88,1,35,1,2026-08-24,2026-08-26
U0902,CMP05,TikTok,45,0,22,0,2026-08-07,2026-08-07
U0908,CMP05,TikTok,63,0,34,0,2026-08-18,2026-08-23
U0924,CMP05,Instagram,109,1,59,0,2026-08-26,2026-08-26
U0926,CMP05,Instagram,69,0,25,0,2026-08-10,2026-08-24
U0926,CMP05,TikTok,122,1,42,0,2026-08-22,2026-08-29
U0928,CMP05,Instagram,39,0,19,0,2026-08-07,2026-08-17
U0928,CMP05,TikTok,27,0,12,0,2026-08-20,2026-08-20
U0933,CMP05,Instagram,81,1,33,0,2026-08-29,2026-08-30
U0934,CMP05,TikTok,89,0,40,0,2026-08-17,2026-08-22
U0941,CMP05,Instagram,121,1,43,0,2026-08-25,2026-08-28
U0945,CMP05,Instagram,115,1,54,0,2026-08-16,2026-08-29
U0945,CMP05,TikTok,94,1,44,0,2026-08-02,2026-08-15
U0952,CMP05,Instagram,71,1,29,0,2026-08-26,2026-08-28
U0961,CMP05,TikTok,140,1,56,1,2026-08-22,2026-08-30
U0999,CMP05,Instagram,105,0,37,0,2026-08-14,2026-08-14
U1008,CMP05,TikTok,129,1,62,0,2026-08-13,2026-08-22
U1014,CMP05,Instagram,100,1,42,0,2026-08-09,2026-08-27
U1016,CMP05,TikTok,44,1,16,0,2026-08-23,2026-08-23
U1020,CMP05,TikTok,55,0,22,0,2026-08-14,2026-08-24
U1022,CMP05,Instagram,171,1,75,0,2026-08-16,2026-08-20
U1026,CMP05,Instagram,130,1,45,0,2026-08-11,2026-08-19
U1030,CMP05,TikTok,138,1,65,0,2026-08-29,2026-08-29
U1032,CMP05,Instagram,118,1,38,0,2026-08-26,2026-08-31
U1035,CMP05,Instagram,18,0,8,0,2026-08-01,2026-08-15
U1035,CMP05,TikTok,47,0,14,0,2026-08-01,2026-08-20
U1069,CMP05,TikTok,65,0,23,0,2026-08-10,2026-08-31
U1081,CMP05,Instagram,71,0,33,0,2026-08-16,2026-08-28
U1092,CMP05,TikTok,38,1,13,0,2026-08-29,2026-08-31
U1094,CMP05,Instagram,71,0,33,0,2026-08-23,2026-08-25
U1105,CMP05,Instagram,43,0,18,0,2026-08-08,2026-08-31
U1107,CMP05,Instagram,51,0,16,0,2026-08-20,2026-08-31
U1111,CMP05,Instagram,129,1,43,0,2026-08-03,2026-08-07
U1112,CMP05,TikTok,92,0,44,0,2026-08-28,2026-08-31
U1115,CMP05,TikTok,55,1,18,0,2026-08-26,2026-08-30
U1122,CMP05,Instagram,30,0,13,0,2026-08-17,2026-08-19
U1127,CMP05,Instagram,18,0,5,0,2026-08-04,2026-08-11
U1127,CMP05,TikTok,88,0,46,0,2026-08-10,2026-08-12
U1136,CMP05,Instagram,113,1,55,0,2026-08-04,2026-08-26
U1136,CMP05,TikTok,50,0,22,0,2026-08-08,2026-08-16
U1146,CMP05,Instagram,79,0,35,0,2026-08-08,2026-08-10
U1170,CMP05,Instagram,59,0,22,0,2026-08-20,2026-08-23
U1170,CMP05,TikTok,73,0,33,0,2026-08-22,2026-08-26
U1178,CMP05,Instagram,46,1,16,0,2026-08-10,2026-08-23
U1178,CMP05,TikTok,65,0,33,0,2026-08-07,2026-08-29
U1179,CMP05,Instagram,95,0,30,0,2026-08-19,2026-08-26
U1179,CMP05,TikTok,112,1,47,0,2026-08-14,2026-08-30
U1181,CMP05,TikTok,40,0,20,0,2026-08-02,2026-08-05
U1210,CMP05,Instagram,26,0,8,0,2026-08-02,2026-08-26
U1223,CMP05,Instagram,82,0,27,0,2026-08-17,2026-08-27
U1223,CMP05,TikTok,34,0,11,0,2026-08-19,2026-08-30
U1232,CMP05,Instagram,88,0,26,0,2026-08-25,2026-08-28
U1239,CMP05,Instagram,98,0,38,0,2026-08-26,2026-08-27
U1243,CMP05,TikTok,57,1,31,0,2026-08-31,2026-08-31
U1249,CMP05,Instagram,103,1,41,0,2026-08-19,2026-08-25
U1258,CMP05,TikTok,99,1,31,0,2026-08-03,2026-08-12
U1292,CMP05,Instagram,76,1,25,0,2026-08-02,2026-08-26
U1308,CMP05,Instagram,129,1,40,0,2026-08-27,2026-08-28
U1318,CMP05,TikTok,63,0,25,0,2026-08-24,2026-08-31
U1331,CMP05,Instagram,69,0,21,0,2026-08-24,2026-08-30
U1340,CMP05,Instagram,131,1,60,0,2026-08-09,2026-08-19
U1347,CMP05,Instagram,44,0,19,0,2026-08-30,2026-08-31
U1349,CMP05,TikTok,25,0,11,0,2026-08-21,2026-08-23
U1371,CMP05,Instagram,89,0,47,0,2026-08-22,2026-08-25
U1373,CMP05,Instagram,74,1,28,0,2026-08-05,2026-08-23
U1390,CMP05,Instagram,54,0,23,0,2026-08-16,2026-08-20
U1400,CMP05,TikTok,128,1,67,0,2026-08-19,2026-08-19
U1409,CMP05,Instagram,44,1,21,0,2026-08-22,2026-08-31
U1419,CMP05,Instagram,104,1,43,0,2026-08-04,2026-08-24
U1419,CMP05,TikTok,51,1,22,0,2026-08-08,2026-08-30
U1420,CMP05,Instagram,80,0,43,0,2026-08-17,2026-08-24
U1420,CMP05,TikTok,113,0,57,0,2026-08-11,2026-08-21
U1434,CMP05,Instagram,58,0,29,0,2026-08-01,2026-08-03
U1440,CMP05,TikTok,65,1,34,0,2026-08-02,2026-08-14
U1449,CMP05,Instagram,160,2,59,0,2026-08-29,2026-08-31
U1450,CMP05,TikTok,54,0,20,0,2026-08-17,2026-08-27
U1454,CMP05,TikTok,81,1,31,0,2026-08-03,2026-08-14
U1457,CMP05,Instagram,86,1,35,0,2026-08-15,2026-08-17
U1467,CMP05,TikTok,64,1,20,0,2026-08-05,2026-08-27
U1477,CMP05,TikTok,36,0,11,0,2026-08-21,2026-08-29
U1480,CMP05,Instagram,29,0,11,0,2026-08-24,2026-08-27
U1480,CMP05,TikTok,80,1,41,1,2026-08-24,2026-08-24
U1501,CMP05,TikTok,70,0,37,0,2026-08-25,2026-08-31
U1506,CMP05,Instagram,72,0,21,0,2026-08-18,2026-08-27
U1506,CMP05,TikTok,19,0,5,0,2026-08-03,2026-08-14
U1511,CMP05,Instagram,132,1,57,1,2026-08-16,2026-08-29
U1511,CMP05,TikTok,40,1,18,0,2026-08-17,2026-08-19
U1515,CMP05,TikTok,54,0,24,0,2026-08-01,2026-08-06
U1518,CMP05,Instagram,27,0,12,0,2026-08-23,2026-08-28
U1518,CMP05,TikTok,17,0,5,0,2026-08-15,2026-08-29
U1523,CMP05,Instagram,111,1,50,1,2026-08-05,2026-08-27
U1544,CMP05,Instagram,36,0,19,0,2026-08-04,2026-08-17
U1544,CMP05,TikTok,110,0,38,0,2026-08-29,2026-08-29
U1548,CMP05,Instagram,54,0,27,0,2026-08-18,2026-08-25
U1548,CMP05,TikTok,57,0,29,0,2026-08-08,2026-08-17
U1551,CMP05,Instagram,83,1,36,0,2026-08-16,2026-08-24
U1557,CMP05,TikTok,45,0,19,0,2026-08-16,2026-08-31
U1577,CMP05,TikTok,104,1,35,0,2026-08-20,2026-08-24
U1586,CMP05,Instagram,74,0,37,0,2026-08-22,2026-08-27
U1601,CMP05,Instagram,61,0,29,0,2026-08-14,2026-08-15
U1610,CMP05,Instagram,49,0,20,0,2026-08-18,2026-08-25
U1619,CMP05,Instagram,117,0,59,0,2026-08-03,2026-08-04
U1619,CMP05,TikTok,102,0,43,0,2026-08-12,2026-08-27
U1623,CMP05,Instagram,55,1,27,0,2026-08-24,2026-08-24
U1670,CMP05,Instagram,53,1,19,0,2026-08-23,2026-08-26
U1727,CMP05,Instagram,134,1,40,0,2026-08-29,2026-08-30
U1732,CMP05,TikTok,35,0,16,0,2026-08-23,2026-08-25
U1735,CMP05,TikTok,72,0,37,0,2026-08-17,2026-08-22
U1746,CMP05,Instagram,132,1,67,0,2026-08-02,2026-08-16
U1746,CMP05,TikTok,70,1,37,0,2026-08-20,2026-08-29
U1777,CMP05,Instagram,25,0,11,0,2026-08-09,2026-08-21
U1793,CMP05,Instagram,84,1,38,0,2026-08-22,2026-08-23
U1796,CMP05,Instagram,31,1,11,0,2026-08-26,2026-08-31
U1801,CMP05,Instagram,63,1,34,0,2026-08-12,2026-08-12
U1814,CMP05,Instagram,231,2,124,0,2026-08-24,2026-08-28
U1814,CMP05,TikTok,84,0,36,0,2026-08-03,2026-08-20
U1816,CMP05,TikTok,89,0,37,0,2026-08-04,2026-08-22
U1822,CMP05,TikTok,134,1,55,0,2026-08-09,2026-08-10
U1832,CMP05,Instagram,57,1,30,0,2026-08-18,2026-08-19
U1832,CMP05,TikTok,42,0,17,0,2026-08-17,2026-08-24
U1836,CMP05,Instagram,69,1,30,0,2026-08-09,2026-08-27
U1854,CMP05,Instagram,87,0,35,0,2026-08-04,2026-08-25
U1857,CMP05,TikTok,152,1,54,0,2026-08-18,2026-08-30
U1863,CMP05,Instagram,31,1,16,0,2026-08-21,2026-08-21
U1863,CMP05,TikTok,92,1,36,0,2026-08-25,2026-08-27
U1865,CMP05,Instagram,82,1,36,0,2026-08-24,2026-08-30
U1865,CMP05,TikTok,44,1,21,0,2026-08-16,2026-08-21
U1889,CMP05,TikTok,48,0,22,0,2026-08-27,2026-08-31
U1910,CMP05,TikTok,178,2,96,0,2026-08-02,2026-08-10
U1920,CMP05,Instagram,153,1,67,0,2026-08-04,2026-08-16
U1920,CMP05,TikTok,54,1,22,0,2026-08-15,2026-08-24
U1939,CMP05,TikTok,100,1,45,0,2026-08-18,2026-08-21
U1957,CMP05,TikTok,32,0,10,0,2026-08-09,2026-08-11
U1962,CMP05,Instagram,24,0,8,0,2026-08-27,2026-08-30
U1962,CMP05,TikTok,44,0,16,0,2026-08-04,2026-08-31
U1964,CMP05,Instagram,61,1,20,0,2026-08-31,2026-08-31
U1982,CMP05,TikTok,110,0,46,0,2026-08-22,2026-08-24
U1998,CMP05,TikTok,89,1,47,0,2026-08-25,2026-08-30
U0001,CMP06,Instagram,85,1,28,0,2026-07-07,2026-07-13
U0026,CMP06,Instagram,71,1,35,0,2026-07-07,2026-07-08
U0030,CMP06,Instagram,72,1,22,0,2026-06-20,2026-07-14
U0049,CMP06,Instagram,98,1,43,0,2026-07-01,2026-07-23
U0081,CMP06,Instagram,81,1,31,0,2026-07-12,2026-07-13
U0089,CMP06,Instagram,63,1,33,0,2026-06-28,2026-07-10
U0090,CMP06,Instagram,77,1,24,0,2026-07-03,2026-07-05
U0107,CMP06,Instagram,55,0,25,0,2026-07-02,2026-07-11
U0109,CMP06,Instagram,93,0,31,0,2026-07-18,2026-07-22
U0115,CMP06,Instagram,62,0,24,0,2026-06-22,2026-07-23
U0136,CMP06,Instagram,228,2,68,0,2026-07-08,2026-07-17
U0137,CMP06,Instagram,108,1,36,0,2026-07-19,2026-07-25
U0143,CMP06,Instagram,111,0,34,0,2026-07-18,2026-07-20
U0145,CMP06,Instagram,89,1,41,0,2026-07-12,2026-07-24
U0158,CMP06,Instagram,192,1,100,0,2026-07-24,2026-07-24
U0175,CMP06,Instagram,49,0,22,0,2026-07-20,2026-07-24
U0204,CMP06,Instagram,150,1,50,0,2026-07-20,2026-07-25
U0205,CMP06,Instagram,49,0,25,0,2026-06-23,2026-06-23
U0213,CMP06,Instagram,40,0,14,0,2026-07-07,2026-07-16
U0217,CMP06,Instagram,67,1,31,0,2026-06-25,2026-07-23
U0255,CMP06,Instagram,99,1,45,0,2026-06-21,2026-07-09
U0285,CMP06,Instagram,46,1,20,0,2026-07-09,2026-07-22
U0310,CMP06,Instagram,97,1,36,0,2026-06-29,2026-07-25
U0345,CMP06,Instagram,84,1,31,0,2026-06-20,2026-07-15
U0348,CMP06,Instagram,103,0,35,0,2026-06-29,2026-07-19
U0350,CMP06,Instagram,44,0,21,0,2026-07-04,2026-07-16
U0359,CMP06,Instagram,67,1,22,0,2026-06-26,2026-07-10
U0361,CMP06,Instagram,59,1,18,0,2026-07-09,2026-07-15
U0364,CMP06,Instagram,75,1,23,0,2026-07-07,2026-07-19
U0369,CMP06,Instagram,89,1,39,0,2026-07-01,2026-07-15
U0381,CMP06,Instagram,137,1,71,0,2026-06-30,2026-07-10
U0439,CMP06,Instagram,62,1,18,0,2026-07-12,2026-07-19
U0443,CMP06,Instagram,25,0,7,0,2026-07-14,2026-07-19
U0448,CMP06,Instagram,67,1,29,0,2026-07-08,2026-07-16
U0466,CMP06,Instagram,43,0,15,0,2026-07-02,2026-07-16
U0474,CMP06,Instagram,143,1,46,0,2026-07-01,2026-07-19
U0478,CMP06,Instagram,69,1,22,0,2026-07-07,2026-07-15
U0482,CMP06,Instagram,54,1,18,0,2026-07-10,2026-07-15
U0484,CMP06,Instagram,61,1,32,0,2026-07-14,2026-07-25
U0508,CMP06,Instagram,54,0,17,0,2026-07-13,2026-07-19
U0511,CMP06,Instagram,54,0,19,0,2026-07-11,2026-07-16
U0538,CMP06,Instagram,81,0,40,0,2026-07-08,2026-07-10
U0556,CMP06,Instagram,109,1,44,0,2026-07-07,2026-07-12
U0582,CMP06,Instagram,120,1,49,0,2026-06-30,2026-07-16
U0594,CMP06,Instagram,159,1,48,1,2026-07-25,2026-07-25
U0614,CMP06,Instagram,87,1,30,1,2026-06-30,2026-07-02
U0638,CMP06,Instagram,88,1,29,0,2026-06-22,2026-07-17
U0656,CMP06,Instagram,129,1,47,0,2026-06-30,2026-07-09
U0685,CMP06,Instagram,110,1,52,0,2026-07-23,2026-07-24
U0695,CMP06,Instagram,153,2,67,0,2026-07-17,2026-07-23
U0716,CMP06,Instagram,142,2,53,1,2026-07-10,2026-07-22
U0719,CMP06,Instagram,67,0,25,0,2026-07-05,2026-07-14
U0761,CMP06,Instagram,90,1,46,0,2026-07-01,2026-07-15
U0762,CMP06,Instagram,60,0,26,0,2026-07-22,2026-07-24
U0767,CMP06,Instagram,40,1,21,0,2026-07-17,2026-07-25
U0810,CMP06,Instagram,38,0,20,0,2026-07-10,2026-07-21
U0815,CMP06,Instagram,139,1,47,0,2026-07-05,2026-07-18
U0848,CMP06,Instagram,163,1,66,0,2026-07-14,2026-07-17
U0871,CMP06,Instagram,128,2,59,0,2026-06-28,2026-07-25
U0907,CMP06,Instagram,72,0,37,0,2026-07-23,2026-07-23
U0915,CMP06,Instagram,163,2,72,0,2026-07-15,2026-07-15
U0939,CMP06,Instagram,111,1,41,1,2026-07-07,2026-07-12
U0946,CMP06,Instagram,77,0,28,0,2026-07-05,2026-07-08
U0983,CMP06,Instagram,101,0,46,0,2026-07-23,2026-07-25
U0985,CMP06,Instagram,53,0,27,0,2026-07-11,2026-07-22
U0989,CMP06,Instagram,108,1,32,0,2026-07-25,2026-07-25
U1079,CMP06,Instagram,101,1,32,0,2026-07-14,2026-07-20
U1108,CMP06,Instagram,78,1,39,0,2026-07-10,2026-07-13
U1111,CMP06,Instagram,67,0,30,0,2026-07-01,2026-07-02
U1125,CMP06,Instagram,180,1,92,0,2026-07-09,2026-07-13
U1136,CMP06,Instagram,77,1,35,0,2026-07-09,2026-07-16
U1161,CMP06,Instagram,59,1,25,0,2026-07-11,2026-07-18
U1180,CMP06,Instagram,50,1,21,0,2026-07-08,2026-07-17
U1188,CMP06,Instagram,95,1,46,0,2026-06-22,2026-07-13
U1198,CMP06,Instagram,37,1,13,0,2026-06-22,2026-07-11
U1213,CMP06,Instagram,112,1,52,0,2026-07-19,2026-07-22
U1217,CMP06,Instagram,116,2,63,0,2026-07-01,2026-07-09
U1225,CMP06,Instagram,218,1,82,0,2026-07-07,2026-07-22
U1232,CMP06,Instagram,30,1,16,0,2026-06-23,2026-06-29
U1233,CMP06,Instagram,23,0,7,0,2026-07-05,2026-07-25
U1244,CMP06,Instagram,133,1,69,1,2026-07-17,2026-07-24
U1267,CMP06,Instagram,57,1,22,0,2026-06-22,2026-07-11
U1271,CMP06,Instagram,73,1,36,0,2026-07-23,2026-07-25
U1299,CMP06,Instagram,100,1,47,1,2026-06-27,2026-07-03
U1304,CMP06,Instagram,51,0,20,0,2026-07-20,2026-07-24
U1327,CMP06,Instagram,240,2,105,1,2026-06-20,2026-06-22
U1339,CMP06,Instagram,69,1,23,1,2026-07-04,2026-07-14
U1360,CMP06,Instagram,114,1,47,0,2026-07-06,2026-07-11
U1377,CMP06,Instagram,145,2,53,0,2026-06-27,2026-07-17
U1443,CMP06,Instagram,100,1,31,1,2026-07-22,2026-07-23
U1452,CMP06,Instagram,48,0,25,0,2026-06-28,2026-07-14
U1461,CMP06,Instagram,87,1,26,0,2026-06-26,2026-07-24
U1466,CMP06,Instagram,111,1,56,1,2026-07-17,2026-07-24
U1475,CMP06,Instagram,62,0,22,0,2026-07-08,2026-07-25
U1479,CMP06,Instagram,127,1,60,0,2026-06-21,2026-06-25
U1487,CMP06,Instagram,137,1,59,0,2026-07-02,2026-07-11
U1493,CMP06,Instagram,86,1,30,0,2026-06-26,2026-07-24
U1507,CMP06,Instagram,36,0,13,0,2026-06-26,2026-07-17
U1536,CMP06,Instagram,143,1,48,0,2026-07-24,2026-07-24
U1539,CMP06,Instagram,70,0,36,0,2026-06-24,2026-07-03
U1552,CMP06,Instagram,62,1,20,0,2026-07-02,2026-07-17
U1584,CMP06,Instagram,62,0,33,0,2026-06-30,2026-07-15
U1670,CMP06,Instagram,116,1,38,0,2026-06-26,2026-07-11
U1675,CMP06,Instagram,42,1,22,0,2026-07-11,2026-07-14
U1688,CMP06,Instagram,49,0,16,0,2026-06-24,2026-07-10
U1707,CMP06,Instagram,126,1,42,1,2026-06-27,2026-07-22
U1723,CMP06,Instagram,38,0,16,0,2026-07-13,2026-07-22
U1734,CMP06,Instagram,122,1,55,0,2026-07-11,2026-07-19
U1751,CMP06,Instagram,45,0,13,0,2026-07-23,2026-07-24
U1759,CMP06,Instagram,67,1,36,0,2026-07-19,2026-07-21
U1767,CMP06,Instagram,82,0,35,0,2026-07-09,2026-07-16
U1801,CMP06,Instagram,56,0,25,0,2026-07-08,2026-07-09
U1808,CMP06,Instagram,97,1,36,0,2026-07-10,2026-07-18
U1809,CMP06,Instagram,115,1,37,1,2026-07-10,2026-07-14
U1849,CMP06,Instagram,60,1,26,0,2026-07-19,2026-07-19
U1851,CMP06,Instagram,129,1,40,0,2026-07-10,2026-07-13
U1873,CMP06,Instagram,31,0,16,0,2026-06-30,2026-07-09
U1880,CMP06,Instagram,56,1,25,0,2026-07-05,2026-07-14
U1885,CMP06,Instagram,93,1,36,0,2026-07-01,2026-07-25
U1894,CMP06,Instagram,82,0,35,0,2026-07-13,2026-07-20
U1908,CMP06,Instagram,101,1,32,1,2026-07-12,2026-07-12
U1942,CMP06,Instagram,101,0,50,0,2026-06-26,2026-07-01
U1956,CMP06,Instagram,101,0,33,0,2026-07-19,2026-07-25
U1977,CMP06,Instagram,126,1,66,0,2026-07-12,2026-07-24
U2000,CMP06,Instagram,74,0,27,0,2026-07-05,2026-07-06
U0016,CMP07,Instagram,240,2,131,0,2026-07-30,2026-08-14
U0017,CMP07,Instagram,69,1,23,0,2026-07-24,2026-08-06
U0018,CMP07,Instagram,42,0,15,0,2026-08-05,2026-08-27
U0023,CMP07,Instagram,240,2,83,0,2026-08-22,2026-08-24
U0025,CMP07,X (Twitter),73,0,7,0,2026-08-29,2026-08-31
U0048,CMP07,Instagram,141,1,67,0,2026-08-10,2026-08-12
U0080,CMP07,X (Twitter),105,1,20,0,2026-07-25,2026-07-31
U0081,CMP07,Instagram,117,1,61,1,2026-08-28,2026-08-30
U0082,CMP07,Instagram,46,0,19,0,2026-08-02,2026-08-11
U0101,CMP07,X (Twitter),108,1,12,0,2026-07-27,2026-08-16
U0106,CMP07,Instagram,149,2,49,0,2026-08-21,2026-08-29
U0109,CMP07,Instagram,93,1,42,0,2026-07-27,2026-08-09
U0109,CMP07,X (Twitter),235,2,36,0,2026-08-27,2026-08-30
U0119,CMP07,X (Twitter),125,1,14,0,2026-08-13,2026-08-27
U0132,CMP07,Instagram,213,2,73,0,2026-07-30,2026-08-11
U0134,CMP07,Instagram,155,1,65,1,2026-07-18,2026-08-31
U0147,CMP07,Instagram,78,1,32,0,2026-08-11,2026-08-29
U0164,CMP07,X (Twitter),189,2,27,0,2026-07-24,2026-08-23
U0178,CMP07,Instagram,172,2,75,0,2026-07-25,2026-08-05
U0183,CMP07,X (Twitter),109,1,17,0,2026-07-28,2026-08-31
U0199,CMP07,Instagram,189,2,88,0,2026-07-20,2026-08-14
U0212,CMP07,Instagram,240,2,86,0,2026-08-16,2026-08-17
U0226,CMP07,Instagram,39,0,20,0,2026-07-30,2026-08-06
U0252,CMP07,X (Twitter),199,2,22,0,2026-08-17,2026-08-31
U0267,CMP07,Instagram,240,2,82,0,2026-08-12,2026-08-17
U0279,CMP07,X (Twitter),109,0,10,0,2026-08-09,2026-08-20
U0316,CMP07,Instagram,240,3,90,0,2026-07-13,2026-08-10
U0319,CMP07,Instagram,70,1,30,0,2026-07-29,2026-08-26
U0329,CMP07,Instagram,120,1,47,0,2026-08-11,2026-08-22
U0378,CMP07,Instagram,166,2,84,0,2026-08-07,2026-08-29
U0381,CMP07,Instagram,133,1,73,0,2026-08-27,2026-08-27
U0389,CMP07,Instagram,89,0,48,0,2026-07-15,2026-08-03
U0389,CMP07,X (Twitter),53,0,6,0,2026-08-30,2026-08-30
U0404,CMP07,Instagram,51,1,17,1,2026-08-01,2026-08-15
U0404,CMP07,X (Twitter),143,2,14,0,2026-08-08,2026-08-14
U0410,CMP07,Instagram,101,1,53,0,2026-07-11,2026-07-16
U0413,CMP07,Instagram,240,2,129,0,2026-08-13,2026-08-28
U0420,CMP07,X (Twitter),140,1,27,0,2026-08-28,2026-08-31
U0423,CMP07,Instagram,65,0,26,0,2026-07-19,2026-07-21
U0425,CMP07,Instagram,206,1,103,0,2026-07-24,2026-08-05
U0427,CMP07,Instagram,131,1,48,0,2026-07-20,2026-07-20
U0432,CMP07,Instagram,74,1,34,0,2026-07-16,2026-08-23
U0434,CMP07,Instagram,108,1,49,0,2026-07-29,2026-08-06
U0445,CMP07,Instagram,161,1,70,0,2026-08-10,2026-08-29
U0452,CMP07,Instagram,139,1,42,0,2026-08-24,2026-08-27
U0453,CMP07,Instagram,240,1,93,1,2026-08-11,2026-08-20
U0457,CMP07,Instagram,97,1,50,0,2026-08-05,2026-08-26
U0467,CMP07,Instagram,240,3,95,0,2026-08-11,2026-08-21
U0467,CMP07,X (Twitter),88,1,14,0,2026-08-19,2026-08-27
U0475,CMP07,Instagram,29,0,11,0,2026-08-16,2026-08-27
U0488,CMP07,Instagram,240,2,100,0,2026-08-26,2026-08-27
U0488,CMP07,X (Twitter),97,0,15,0,2026-08-06,2026-08-09
U0500,CMP07,X (Twitter),108,1,12,0,2026-08-07,2026-08-11
U0502,CMP07,Instagram,240,2,86,0,2026-08-24,2026-08-25
U0525,CMP07,Instagram,58,1,19,0,2026-07-22,2026-08-10
U0532,CMP07,Instagram,99,1,53,0,2026-08-08,2026-08-13
U0548,CMP07,Instagram,46,0,17,0,2026-08-15,2026-08-29
U0573,CMP07,Instagram,102,1,36,0,2026-07-13,2026-07-27
U0583,CMP07,Instagram,108,1,35,0,2026-08-26,2026-08-30
U0583,CMP07,X (Twitter),173,2,25,0,2026-07-14,2026-08-08
U0606,CMP07,Instagram,94,1,42,0,2026-08-24,2026-08-29
U0606,CMP07,X (Twitter),128,1,20,1,2026-08-02,2026-08-30
U0611,CMP07,Instagram,62,0,21,0,2026-08-12,2026-08-16
U0625,CMP07,Instagram,167,2,84,0,2026-08-07,2026-08-17
U0625,CMP07,X (Twitter),70,1,13,0,2026-08-19,2026-08-23
U0638,CMP07,Instagram,240,2,89,0,2026-08-19,2026-08-22
U0677,CMP07,Instagram,185,1,57,0,2026-07-11,2026-07-23
U0683,CMP07,Instagram,25,0,9,0,2026-08-28,2026-08-31
U0697,CMP07,X (Twitter),129,1,22,0,2026-07-22,2026-08-23
U0709,CMP07,X (Twitter),131,1,23,0,2026-07-25,2026-08-16
U0726,CMP07,Instagram,79,1,39,0,2026-08-20,2026-08-31
U0756,CMP07,Instagram,107,1,35,0,2026-08-01,2026-08-10
U0761,CMP07,Instagram,174,1,75,0,2026-08-09,2026-08-29
U0797,CMP07,Instagram,32,1,15,0,2026-07-17,2026-08-15
U0819,CMP07,Instagram,117,1,52,0,2026-07-18,2026-08-18
U0838,CMP07,Instagram,37,0,19,0,2026-08-07,2026-08-31
U0846,CMP07,Instagram,145,1,53,1,2026-07-14,2026-08-01
U0901,CMP07,Instagram,137,1,46,0,2026-08-31,2026-08-31
U0904,CMP07,X (Twitter),141,1,20,0,2026-08-09,2026-08-13
U0930,CMP07,X (Twitter),149,2,19,0,2026-08-12,2026-08-30
U0931,CMP07,Instagram,88,1,38,0,2026-07-22,2026-08-08
U0946,CMP07,Instagram,111,1,51,0,2026-07-26,2026-08-11
U0952,CMP07,Instagram,68,1,29,0,2026-07-18,2026-08-28
U0957,CMP07,X (Twitter),78,1,10,0,2026-08-02,2026-08-08
U0972,CMP07,Instagram,240,2,94,0,2026-08-05,2026-08-22
U0974,CMP07,Instagram,118,1,48,0,2026-08-04,2026-08-11
U0977,CMP07,Instagram,110,1,44,0,2026-08-26,2026-08-30
U0979,CMP07,Instagram,124,1,59,0,2026-07-11,2026-08-18
U0993,CMP07,Instagram,240,2,82,0,2026-07-22,2026-07-29
U1012,CMP07,Instagram,86,1,33,0,2026-08-22,2026-08-24
U1026,CMP07,Instagram,136,1,67,1,2026-08-25,2026-08-26
U1026,CMP07,X (Twitter),46,1,3,0,2026-08-03,2026-08-30
U1037,CMP07,Instagram,221,2,107,0,2026-07-14,2026-08-28
U1041,CMP07,Instagram,229,1,101,0,2026-07-14,2026-07-21
U1079,CMP07,Instagram,128,1,66,0,2026-07-31,2026-08-26
U1079,CMP07,X (Twitter),112,1,11,0,2026-08-15,2026-08-21
U1085,CMP07,Instagram,85,1,28,0,2026-07-30,2026-08-26
U1086,CMP07,Instagram,118,1,62,0,2026-08-10,2026-08-16
U1095,CMP07,Instagram,105,1,36,0,2026-08-18,2026-08-28
U1101,CMP07,Instagram,160,1,84,0,2026-08-29,2026-08-31
U1107,CMP07,Instagram,84,1,29,0,2026-08-03,2026-08-06
U1113,CMP07,Instagram,237,1,107,1,2026-07-11,2026-07-31
U1127,CMP07,Instagram,215,2,77,0,2026-08-04,2026-08-21
U1156,CMP07,Instagram,149,1,52,0,2026-07-26,2026-08-10
U1162,CMP07,X (Twitter),97,1,16,0,2026-07-20,2026-08-14
U1170,CMP07,X (Twitter),88,0,11,0,2026-08-27,2026-08-27
U1209,CMP07,X (Twitter),85,0,15,0,2026-07-22,2026-08-19
U1215,CMP07,Instagram,91,1,31,0,2026-08-15,2026-08-30
U1236,CMP07,X (Twitter),148,1,24,0,2026-08-13,2026-08-23
U1239,CMP07,Instagram,143,1,54,0,2026-08-09,2026-08-13
U1264,CMP07,Instagram,158,1,73,0,2026-07-22,2026-07-25
U1297,CMP07,Instagram,72,0,24,0,2026-08-02,2026-08-10
U1312,CMP07,Instagram,240,2,120,0,2026-07-18,2026-08-29
U1327,CMP07,Instagram,87,0,44,0,2026-07-20,2026-07-29
U1331,CMP07,Instagram,221,2,99,0,2026-08-19,2026-08-31
U1331,CMP07,X (Twitter),62,0,11,0,2026-08-10,2026-08-22
U1333,CMP07,Instagram,152,2,67,0,2026-07-20,2026-08-10
U1335,CMP07,Instagram,182,1,84,0,2026-07-17,2026-08-09
U1356,CMP07,Instagram,74,1,38,0,2026-07-20,2026-08-10
U1360,CMP07,X (Twitter),97,1,10,0,2026-07-14,2026-08-12
U1395,CMP07,Instagram,89,1,41,0,2026-08-27,2026-08-31
U1406,CMP07,Instagram,111,1,33,0,2026-08-15,2026-08-23
U1438,CMP07,Instagram,59,1,30,0,2026-07-20,2026-07-27
U1445,CMP07,Instagram,97,0,45,0,2026-07-18,2026-08-29
U1445,CMP07,X (Twitter),85,0,15,0,2026-08-29,2026-08-30
U1446,CMP07,Instagram,150,1,61,1,2026-07-17,2026-08-09
U1451,CMP07,Instagram,240,2,122,0,2026-08-07,2026-08-08
U1463,CMP07,X (Twitter),72,0,13,0,2026-08-27,2026-08-27
U1472,CMP07,Instagram,46,0,16,0,2026-08-15,2026-08-22
U1499,CMP07,X (Twitter),58,1,8,0,2026-08-29,2026-08-31
U1502,CMP07,Instagram,129,0,42,0,2026-08-21,2026-08-27
U1503,CMP07,Instagram,106,1,54,0,2026-08-08,2026-08-24
U1512,CMP07,Instagram,84,1,38,0,2026-08-11,2026-08-12
U1512,CMP07,X (Twitter),208,3,30,0,2026-07-11,2026-08-18
U1538,CMP07,Instagram,110,1,35,0,2026-08-14,2026-08-27
U1541,CMP07,Instagram,119,1,57,0,2026-08-18,2026-08-24
U1544,CMP07,Instagram,59,1,24,0,2026-08-24,2026-08-31
U1547,CMP07,Instagram,101,0,42,0,2026-08-09,2026-08-23
U1548,CMP07,Instagram,102,1,38,0,2026-08-22,2026-08-22
U1548,CMP07,X (Twitter),133,1,14,0,2026-08-01,2026-08-28
U1551,CMP07,Instagram,115,1,35,0,2026-07-30,2026-08-27
U1558,CMP07,Instagram,63,1,22,0,2026-07-14,2026-08-11
U1581,CMP07,Instagram,170,1,61,0,2026-08-28,2026-08-28
U1584,CMP07,Instagram,141,1,50,0,2026-08-03,2026-08-22
U1603,CMP07,Instagram,89,0,32,0,2026-07-30,2026-08-27
U1603,CMP07,X (Twitter),129,2,20,0,2026-08-01,2026-08-11
U1620,CMP07,X (Twitter),136,1,22,0,2026-08-01,2026-08-23
U1631,CMP07,Instagram,49,1,16,0,2026-07-12,2026-07-14
U1640,CMP07,X (Twitter),80,0,14,0,2026-07-24,2026-07-25
U1667,CMP07,Instagram,161,1,73,0,2026-07-22,2026-08-17
U1681,CMP07,Instagram,71,1,28,0,2026-08-02,2026-08-23
U1697,CMP07,Instagram,109,1,37,0,2026-08-08,2026-08-08
U1783,CMP07,X (Twitter),66,1,12,0,2026-08-30,2026-08-30
U1837,CMP07,Instagram,170,1,86,1,2026-08-12,2026-08-12
U1843,CMP07,Instagram,56,0,30,0,2026-08-18,2026-08-27
U1845,CMP07,Instagram,55,0,22,0,2026-07-17,2026-08-14
U1851,CMP07,Instagram,94,1,39,0,2026-08-23,2026-08-24
U1860,CMP07,Instagram,145,1,79,0,2026-08-20,2026-08-27
U1863,CMP07,Instagram,222,2,79,1,2026-08-07,2026-08-21
U1879,CMP07,X (Twitter),186,2,33,0,2026-08-30,2026-08-31
U1890,CMP07,Instagram,186,3,64,0,2026-08-30,2026-08-30
U1893,CMP07,Instagram,116,1,45,1,2026-07-23,2026-08-24
U1896,CMP07,X (Twitter),70,1,8,0,2026-07-25,2026-08-25
U1911,CMP07,X (Twitter),240,2,42,0,2026-08-05,2026-08-13
U1925,CMP07,Instagram,240,2,114,0,2026-08-01,2026-08-12
U1928,CMP07,Instagram,72,1,31,0,2026-07-15,2026-07-29
U1931,CMP07,Instagram,124,1,49,0,2026-08-22,2026-08-30
U1932,CMP07,Instagram,133,1,64,0,2026-07-25,2026-07-26
U1999,CMP07,X (Twitter),142,1,21,1,2026-08-13,2026-08-24
U0015,CMP08,Snapchat,96,1,52,0,2026-08-27,2026-08-28
U0015,CMP08,X (Twitter),70,1,5,0,2026-08-17,2026-08-29
U0025,CMP08,X (Twitter),54,1,9,0,2026-08-24,2026-08-25
U0047,CMP08,Snapchat,49,0,20,0,2026-08-18,2026-08-20
U0069,CMP08,Snapchat,64,0,35,0,2026-08-14,2026-08-24
U0073,CMP08,X (Twitter),29,0,4,0,2026-08-29,2026-08-29
U0083,CMP08,Snapchat,44,0,19,0,2026-08-28,2026-08-28
U0087,CMP08,X (Twitter),55,1,8,0,2026-08-30,2026-08-30
U0114,CMP08,X (Twitter),91,1,8,0,2026-08-19,2026-08-23
U0117,CMP08,Snapchat,48,0,17,0,2026-08-24,2026-08-31
U0117,CMP08,X (Twitter),59,1,7,0,2026-08-23,2026-08-31
U0131,CMP08,Snapchat,41,1,18,0,2026-08-16,2026-08-21
U0132,CMP08,X (Twitter),31,0,4,0,2026-08-21,2026-08-30
U0139,CMP08,Snapchat,49,1,18,0,2026-08-15,2026-08-25
U0176,CMP08,Snapchat,42,1,22,1,2026-08-18,2026-08-24
U0176,CMP08,X (Twitter),40,0,6,0,2026-08-25,2026-08-28
U0210,CMP08,X (Twitter),68,1,6,0,2026-08-27,2026-08-27
U0242,CMP08,Snapchat,13,0,5,0,2026-08-24,2026-08-30
U0254,CMP08,Snapchat,83,1,42,0,2026-08-14,2026-08-26
U0283,CMP08,X (Twitter),60,1,11,1,2026-08-17,2026-08-18
U0304,CMP08,Snapchat,26,0,14,0,2026-08-30,2026-08-30
U0373,CMP08,Snapchat,44,1,21,0,2026-08-24,2026-08-28
U0375,CMP08,X (Twitter),27,0,5,0,2026-08-17,2026-08-19
U0377,CMP08,Snapchat,31,0,16,0,2026-08-19,2026-08-30
U0384,CMP08,Snapchat,111,2,51,0,2026-08-25,2026-08-31
U0394,CMP08,X (Twitter),23,0,4,0,2026-08-28,2026-08-31
U0404,CMP08,Snapchat,29,0,14,0,2026-08-21,2026-08-27
U0404,CMP08,X (Twitter),63,1,8,0,2026-08-16,2026-08-19
U0406,CMP08,Snapchat,35,1,17,0,2026-08-22,2026-08-24
U0410,CMP08,Snapchat,37,0,18,0,2026-08-27,2026-08-31
U0421,CMP08,X (Twitter),66,1,11,0,2026-08-20,2026-08-22
U0433,CMP08,X (Twitter),31,0,4,0,2026-08-16,2026-08-17
U0442,CMP08,Snapchat,118,1,62,0,2026-08-14,2026-08-25
U0446,CMP08,X (Twitter),38,1,5,0,2026-08-28,2026-08-29
U0447,CMP08,Snapchat,38,0,15,0,2026-08-30,2026-08-31
U0449,CMP08,Snapchat,42,0,15,0,2026-08-25,2026-08-30
U0461,CMP08,Snapchat,38,0,18,0,2026-08-30,2026-08-31
U0461,CMP08,X (Twitter),47,0,7,0,2026-08-25,2026-08-30
U0464,CMP08,Snapchat,57,1,22,0,2026-08-27,2026-08-27
U0470,CMP08,Snapchat,25,0,9,0,2026-08-14,2026-08-17
U0470,CMP08,X (Twitter),72,1,8,0,2026-08-21,2026-08-30
U0473,CMP08,X (Twitter),48,1,5,0,2026-08-14,2026-08-21
U0494,CMP08,Snapchat,28,0,13,0,2026-08-16,2026-08-25
U0495,CMP08,X (Twitter),42,1,5,0,2026-08-25,2026-08-27
U0525,CMP08,Snapchat,57,0,28,0,2026-08-26,2026-08-26
U0544,CMP08,Snapchat,44,0,17,0,2026-08-28,2026-08-29
U0583,CMP08,X (Twitter),31,0,5,0,2026-08-28,2026-08-30
U0590,CMP08,Snapchat,21,0,8,0,2026-08-23,2026-08-30
U0597,CMP08,Snapchat,43,1,16,0,2026-08-22,2026-08-25
U0600,CMP08,X (Twitter),43,1,3,0,2026-08-14,2026-08-30
U0611,CMP08,Snapchat,28,0,14,0,2026-08-21,2026-08-27
U0616,CMP08,X (Twitter),51,1,8,1,2026-08-22,2026-08-28
U0641,CMP08,X (Twitter),19,0,2,0,2026-08-20,2026-08-21
U0647,CMP08,Snapchat,32,0,11,0,2026-08-14,2026-08-15
U0647,CMP08,X (Twitter),128,1,14,1,2026-08-28,2026-08-31
U0653,CMP08,Snapchat,25,0,13,0,2026-08-19,2026-08-19
U0669,CMP08,Snapchat,53,1,25,0,2026-08-17,2026-08-26
U0669,CMP08,X (Twitter),19,1,2,0,2026-08-19,2026-08-31
U0689,CMP08,Snapchat,35,0,12,0,2026-08-30,2026-08-31
U0701,CMP08,Snapchat,40,0,20,0,2026-08-21,2026-08-26
U0704,CMP08,Snapchat,63,0,20,0,2026-08-17,2026-08-27
U0709,CMP08,X (Twitter),63,0,8,0,2026-08-26,2026-08-27
U0725,CMP08,Snapchat,65,1,26,0,2026-08-29,2026-08-29
U0731,CMP08,Snapchat,68,0,23,0,2026-08-28,2026-08-28
U0745,CMP08,X (Twitter),72,1,8,0,2026-08-20,2026-08-31
U0756,CMP08,Snapchat,30,0,14,0,2026-08-20,2026-08-22
U0771,CMP08,Snapchat,34,0,18,0,2026-08-29,2026-08-30
U0774,CMP08,Snapchat,120,1,40,0,2026-08-28,2026-08-29
U0789,CMP08,Snapchat,93,2,39,0,2026-08-30,2026-08-30
U0795,CMP08,X (Twitter),22,1,2,0,2026-08-30,2026-08-30
U0801,CMP08,Snapchat,13,1,4,1,2026-08-30,2026-08-31
U0802,CMP08,X (Twitter),21,0,2,0,2026-08-25,2026-08-29
U0814,CMP08,Snapchat,25,0,10,0,2026-08-22,2026-08-26
U0846,CMP08,Snapchat,68,0,31,0,2026-08-20,2026-08-21
U0850,CMP08,X (Twitter),18,0,3,0,2026-08-28,2026-08-29
U0874,CMP08,Snapchat,51,1,16,0,2026-08-22,2026-08-26
U0913,CMP08,Snapchat,19,0,9,0,2026-08-28,2026-08-30
U0917,CMP08,Snapchat,61,1,33,0,2026-08-14,2026-08-31
U0918,CMP08,Snapchat,62,0,20,0,2026-08-30,2026-08-30
U0921,CMP08,X (Twitter),101,1,12,0,2026-08-21,2026-08-22
U0930,CMP08,Snapchat,85,2,39,0,2026-08-20,2026-08-27
U0930,CMP08,X (Twitter),57,1,11,0,2026-08-17,2026-08-30
U0955,CMP08,X (Twitter),41,0,6,0,2026-08-26,2026-08-29
U0962,CMP08,X (Twitter),37,0,2,0,2026-08-31,2026-08-31
U0984,CMP08,Snapchat,32,0,10,0,2026-08-19,2026-08-21
U0985,CMP08,X (Twitter),26,1,4,1,2026-08-15,2026-08-27
U0986,CMP08,Snapchat,45,1,13,0,2026-08-18,2026-08-26
U0987,CMP08,Snapchat,27,0,12,0,2026-08-22,2026-08-27
U1012,CMP08,Snapchat,37,0,19,0,2026-08-14,2026-08-17
U1023,CMP08,Snapchat,34,1,11,0,2026-08-24,2026-08-27
U1029,CMP08,Snapchat,57,1,21,0,2026-08-21,2026-08-23
U1029,CMP08,X (Twitter),40,0,4,0,2026-08-29,2026-08-31
U1032,CMP08,Snapchat,39,1,17,0,2026-08-24,2026-08-27
U1076,CMP08,X (Twitter),137,2,18,0,2026-08-16,2026-08-25
U1080,CMP08,Snapchat,52,1,23,0,2026-08-19,2026-08-23
U1119,CMP08,Snapchat,22,0,9,0,2026-08-18,2026-08-27
U1147,CMP08,X (Twitter),47,0,3,0,2026-08-14,2026-08-18
U1169,CMP08,Snapchat,52,0,21,0,2026-08-21,2026-08-23
U1169,CMP08,X (Twitter),21,0,3,0,2026-08-21,2026-08-25
U1170,CMP08,Snapchat,48,0,20,0,2026-08-18,2026-08-27
U1170,CMP08,X (Twitter),52,0,9,0,2026-08-25,2026-08-26
U1192,CMP08,Snapchat,60,1,32,0,2026-08-22,2026-08-27
U1225,CMP08,Snapchat,34,1,14,0,2026-08-28,2026-08-30
U1225,CMP08,X (Twitter),57,1,8,1,2026-08-20,2026-08-24
U1231,CMP08,X (Twitter),31,0,5,0,2026-08-28,2026-08-29
U1248,CMP08,X (Twitter),44,0,8,0,2026-08-26,2026-08-26
U1276,CMP08,Snapchat,36,0,17,0,2026-08-20,2026-08-21
U1283,CMP08,Snapchat,27,0,9,0,2026-08-20,2026-08-27
U1306,CMP08,Snapchat,17,0,9,0,2026-08-14,2026-08-20
U1309,CMP08,X (Twitter),33,0,2,0,2026-08-31,2026-08-31
U1346,CMP08,Snapchat,47,1,16,0,2026-08-18,2026-08-23
U1346,CMP08,X (Twitter),58,0,8,0,2026-08-14,2026-08-17
U1349,CMP08,Snapchat,31,0,14,0,2026-08-20,2026-08-25
U1365,CMP08,Snapchat,17,0,5,0,2026-08-14,2026-08-17
U1381,CMP08,Snapchat,33,1,14,0,2026-08-15,2026-08-29
U1395,CMP08,Snapchat,29,0,9,0,2026-08-21,2026-08-26
U1399,CMP08,Snapchat,49,1,19,0,2026-08-16,2026-08-24
U1429,CMP08,Snapchat,29,0,13,0,2026-08-19,2026-08-19
U1449,CMP08,X (Twitter),47,0,5,0,2026-08-19,2026-08-28
U1470,CMP08,Snapchat,48,1,22,0,2026-08-15,2026-08-31
U1507,CMP08,Snapchat,14,1,5,0,2026-08-27,2026-08-29
U1507,CMP08,X (Twitter),35,1,4,0,2026-08-27,2026-08-30
U1508,CMP08,Snapchat,71,0,30,0,2026-08-18,2026-08-27
U1511,CMP08,Snapchat,92,1,45,0,2026-08-16,2026-08-26
U1511,CMP08,X (Twitter),10,0,1,0,2026-08-30,2026-08-31
U1515,CMP08,Snapchat,59,1,28,0,2026-08-28,2026-08-29
U1536,CMP08,X (Twitter),23,0,3,0,2026-08-17,2026-08-24
U1559,CMP08,X (Twitter),58,1,7,0,2026-08-20,2026-08-25
U1571,CMP08,X (Twitter),45,0,8,0,2026-08-24,2026-08-31
U1620,CMP08,Snapchat,39,0,18,0,2026-08-23,2026-08-27
U1620,CMP08,X (Twitter),100,1,14,0,2026-08-28,2026-08-29
U1636,CMP08,Snapchat,39,0,16,0,2026-08-31,2026-08-31
U1640,CMP08,X (Twitter),47,1,5,1,2026-08-29,2026-08-29
U1668,CMP08,X (Twitter),68,1,6,0,2026-08-20,2026-08-23
U1672,CMP08,Snapchat,38,0,17,0,2026-08-25,2026-08-29
U1672,CMP08,X (Twitter),24,0,3,0,2026-08-28,2026-08-30
U1673,CMP08,Snapchat,77,1,30,0,2026-08-15,2026-08-29
U1679,CMP08,Snapchat,50,1,19,0,2026-08-18,2026-08-22
U1699,CMP08,Snapchat,68,1,31,0,2026-08-27,2026-08-31
U1711,CMP08,Snapchat,86,1,29,0,2026-08-27,2026-08-29
U1733,CMP08,Snapchat,33,0,16,0,2026-08-15,2026-08-28
U1750,CMP08,Snapchat,49,1,24,0,2026-08-19,2026-08-19
U1750,CMP08,X (Twitter),50,1,6,0,2026-08-29,2026-08-29
U1757,CMP08,Snapchat,40,0,21,0,2026-08-23,2026-08-24
U1757,CMP08,X (Twitter),21,0,2,0,2026-08-30,2026-08-31
U1761,CMP08,X (Twitter),16,0,1,1,2026-08-26,2026-08-27
U1796,CMP08,Snapchat,25,1,12,0,2026-08-19,2026-08-31
U1808,CMP08,X (Twitter),43,0,5,0,2026-08-25,2026-08-30
U1834,CMP08,Snapchat,35,1,18,0,2026-08-24,2026-08-28
U1841,CMP08,Snapchat,12,0,6,0,2026-08-17,2026-08-22
U1858,CMP08,Snapchat,38,1,18,0,2026-08-23,2026-08-26
U1868,CMP08,X (Twitter),103,1,17,0,2026-08-20,2026-08-23
U1889,CMP08,Snapchat,66,0,35,0,2026-08-31,2026-08-31
U1896,CMP08,X (Twitter),27,0,5,0,2026-08-28,2026-08-29
U1911,CMP08,X (Twitter),48,1,7,0,2026-08-17,2026-08-17
U1914,CMP08,Snapchat,62,0,27,0,2026-08-30,2026-08-31
U1914,CMP08,X (Twitter),18,0,2,0,2026-08-14,2026-08-23
U1927,CMP08,Snapchat,34,1,16,0,2026-08-21,2026-08-28
U1927,CMP08,X (Twitter),44,1,8,0,2026-08-14,2026-08-25
U1934,CMP08,Snapchat,25,0,12,0,2026-08-19,2026-08-25
U1946,CMP08,Snapchat,56,1,18,0,2026-08-21,2026-08-30
U1951,CMP08,Snapchat,31,0,11,0,2026-08-24,2026-08-31
U1955,CMP08,Snapchat,38,0,16,0,2026-08-31,2026-08-31
U0006,CMP09,TikTok,40,0,20,0,2026-07-31,2026-08-17
U0012,CMP09,TikTok,102,1,32,0,2026-08-14,2026-08-20
U0016,CMP09,Instagram,86,1,31,0,2026-08-11,2026-08-15
U0018,CMP09,Instagram,229,2,99,0,2026-08-18,2026-08-18
U0026,CMP09,TikTok,72,1,26,0,2026-08-10,2026-08-20
U0029,CMP09,TikTok,78,0,33,0,2026-07-17,2026-08-02
U0039,CMP09,Instagram,70,0,28,0,2026-08-12,2026-08-15
U0040,CMP09,TikTok,54,0,21,0,2026-08-11,2026-08-11
U0049,CMP09,TikTok,92,1,28,0,2026-08-09,2026-08-12
U0052,CMP09,Instagram,52,0,23,0,2026-07-22,2026-08-18
U0053,CMP09,TikTok,183,1,94,0,2026-07-26,2026-08-18
U0053,CMP09,Instagram,81,0,24,0,2026-08-15,2026-08-15
U0056,CMP09,Instagram,43,0,13,0,2026-08-18,2026-08-20
U0061,CMP09,TikTok,29,1,13,0,2026-08-18,2026-08-20
U0061,CMP09,Instagram,67,0,36,0,2026-08-19,2026-08-20
U0070,CMP09,Instagram,31,0,11,0,2026-07-20,2026-08-05
U0072,CMP09,TikTok,71,1,22,0,2026-08-16,2026-08-20
U0072,CMP09,Instagram,102,0,32,0,2026-07-21,2026-08-13
U0074,CMP09,TikTok,87,0,46,0,2026-07-26,2026-08-06
U0079,CMP09,TikTok,53,0,25,0,2026-07-20,2026-07-25
U0079,CMP09,Instagram,105,1,32,0,2026-07-31,2026-08-17
U0088,CMP09,TikTok,119,1,51,0,2026-07-30,2026-08-06
U0088,CMP09,Instagram,87,0,29,0,2026-08-19,2026-08-20
U0111,CMP09,Instagram,16,0,8,0,2026-08-01,2026-08-17
U0116,CMP09,Instagram,65,0,32,0,2026-08-18,2026-08-19
U0120,CMP09,TikTok,98,0,32,0,2026-07-21,2026-07-31
U0120,CMP09,Instagram,79,1,26,0,2026-08-04,2026-08-08
U0121,CMP09,Instagram,48,1,26,0,2026-07-19,2026-08-05
U0122,CMP09,Instagram,54,0,28,0,2026-07-17,2026-08-11
U0123,CMP09,TikTok,75,0,34,0,2026-07-17,2026-08-07
U0123,CMP09,Instagram,92,1,37,0,2026-08-08,2026-08-13
U0125,CMP09,Instagram,67,1,34,0,2026-08-01,2026-08-08
U0136,CMP09,TikTok,64,0,32,0,2026-07-28,2026-08-20
U0136,CMP09,Instagram,87,1,26,0,2026-08-18,2026-08-18
U0139,CMP09,Instagram,104,1,38,0,2026-07-18,2026-08-05
U0142,CMP09,Instagram,42,0,15,0,2026-08-19,2026-08-20
U0181,CMP09,Instagram,140,1,72,0,2026-07-22,2026-08-01
U0182,CMP09,TikTok,65,0,31,0,2026-08-08,2026-08-20
U0182,CMP09,Instagram,51,1,25,0,2026-08-04,2026-08-06
U0186,CMP09,Instagram,131,1,68,0,2026-08-16,2026-08-17
U0187,CMP09,Instagram,127,1,66,0,2026-08-10,2026-08-11
U0193,CMP09,Instagram,65,1,20,0,2026-07-16,2026-07-21
U0203,CMP09,TikTok,37,0,14,0,2026-08-03,2026-08-18
U0203,CMP09,Instagram,92,1,47,0,2026-07-27,2026-08-13
U0206,CMP09,TikTok,51,1,26,0,2026-08-01,2026-08-13
U0206,CMP09,Instagram,199,2,96,0,2026-07-19,2026-08-12
U0220,CMP09,TikTok,62,1,19,0,2026-08-18,2026-08-20
U0235,CMP09,TikTok,114,1,38,0,2026-07-15,2026-08-03
U0240,CMP09,Instagram,172,1,72,0,2026-07-29,2026-08-20
U0250,CMP09,TikTok,125,1,57,0,2026-08-07,2026-08-11
U0251,CMP09,Instagram,57,0,23,0,2026-08-09,2026-08-18
U0269,CMP09,TikTok,125,1,59,0,2026-08-10,2026-08-20
U0269,CMP09,Instagram,42,0,14,0,2026-08-19,2026-08-19
U0271,CMP09,TikTok,39,1,21,0,2026-07-18,2026-08-09
U0273,CMP09,TikTok,65,0,23,0,2026-07-16,2026-07-19
U0276,CMP09,Instagram,51,1,18,0,2026-08-17,2026-08-17
U0289,CMP09,TikTok,96,0,31,0,2026-08-04,2026-08-09
U0291,CMP09,TikTok,98,1,40,0,2026-07-27,2026-08-13
U0304,CMP09,TikTok,58,0,26,0,2026-07-26,2026-08-11
U0307,CMP09,TikTok,87,1,47,0,2026-07-17,2026-07-22
U0322,CMP09,TikTok,33,0,15,0,2026-07-25,2026-08-13
U0339,CMP09,TikTok,52,1,22,0,2026-07-27,2026-08-02
U0340,CMP09,Instagram,74,1,27,1,2026-07-18,2026-07-25
U0349,CMP09,TikTok,48,0,14,0,2026-08-11,2026-08-11
U0349,CMP09,Instagram,201,1,74,0,2026-08-03,2026-08-06
U0370,CMP09,TikTok,79,1,30,0,2026-08-07,2026-08-14
U0372,CMP09,TikTok,105,1,33,0,2026-07-28,2026-08-04
U0380,CMP09,TikTok,91,1,28,0,2026-08-05,2026-08-20
U0384,CMP09,Instagram,56,0,18,0,2026-07-15,2026-08-13
U0385,CMP09,Instagram,56,1,18,0,2026-08-11,2026-08-11
U0389,CMP09,Instagram,199,2,95,1,2026-07-26,2026-08-02
U0407,CMP09,TikTok,128,1,58,0,2026-08-12,2026-08-12
U0408,CMP09,TikTok,78,0,37,0,2026-07-17,2026-07-18
U0412,CMP09,TikTok,211,2,78,0,2026-07-29,2026-08-09
U0418,CMP09,Instagram,111,0,42,0,2026-08-18,2026-08-20
U0424,CMP09,TikTok,62,0,29,0,2026-08-18,2026-08-20
U0424,CMP09,Instagram,84,1,42,0,2026-08-15,2026-08-15
U0452,CMP09,Instagram,117,0,43,0,2026-08-06,2026-08-08
U0457,CMP09,TikTok,104,0,55,0,2026-07-27,2026-08-04
U0457,CMP09,Instagram,98,1,48,0,2026-07-27,2026-08-09
U0469,CMP09,Instagram,117,1,62,0,2026-07-25,2026-08-11
U0471,CMP09,Instagram,31,1,11,0,2026-07-23,2026-08-09
U0473,CMP09,TikTok,81,1,43,0,2026-07-20,2026-08-20
U0480,CMP09,TikTok,132,1,54,0,2026-08-11,2026-08-16
U0480,CMP09,Instagram,81,1,31,0,2026-08-18,2026-08-18
U0481,CMP09,Instagram,76,0,31,0,2026-07-31,2026-08-08
U0487,CMP09,TikTok,195,2,80,0,2026-08-15,2026-08-17
U0490,CMP09,Instagram,19,0,7,0,2026-07-27,2026-08-02
U0498,CMP09,Instagram,70,0,21,0,2026-08-11,2026-08-18
U0501,CMP09,TikTok,42,0,22,0,2026-08-14,2026-08-14
U0501,CMP09,Instagram,100,1,54,0,2026-08-07,2026-08-20
U0504,CMP09,TikTok,32,0,16,0,2026-08-07,2026-08-17
U0515,CMP09,Instagram,64,0,25,0,2026-08-07,2026-08-19
U0524,CMP09,TikTok,59,1,31,1,2026-08-10,2026-08-20
U0526,CMP09,TikTok,102,1,53,1,2026-07-17,2026-08-20
U0527,CMP09,TikTok,117,1,56,1,2026-08-14,2026-08-18
U0527,CMP09,Instagram,77,1,29,0,2026-08-17,2026-08-17
U0529,CMP09,TikTok,114,1,38,0,2026-07-16,2026-08-11
U0529,CMP09,Instagram,65,1,27,0,2026-08-07,2026-08-20
U0538,CMP09,Instagram,166,2,76,0,2026-08-04,2026-08-08
U0540,CMP09,TikTok,82,1,37,0,2026-08-07,2026-08-10
U0540,CMP09,Instagram,240,3,88,0,2026-07-21,2026-07-30
U0542,CMP09,TikTok,158,1,52,0,2026-08-03,2026-08-11
U0552,CMP09,Instagram,99,1,31,0,2026-07-16,2026-08-10
U0553,CMP09,TikTok,180,1,80,0,2026-08-05,2026-08-09
U0556,CMP09,Instagram,156,1,46,0,2026-07-27,2026-08-13
U0562,CMP09,Instagram,45,0,15,0,2026-08-11,2026-08-16
U0564,CMP09,TikTok,69,1,37,0,2026-08-07,2026-08-12
U0573,CMP09,Instagram,139,2,54,0,2026-07-22,2026-07-28
U0576,CMP09,Instagram,88,1,32,1,2026-08-06,2026-08-10
U0597,CMP09,Instagram,51,0,21,0,2026-07-20,2026-08-11
U0600,CMP09,Instagram,55,0,25,0,2026-08-20,2026-08-20
U0601,CMP09,TikTok,82,0,36,0,2026-08-09,2026-08-10
U0604,CMP09,TikTok,24,0,8,0,2026-08-14,2026-08-20
U0610,CMP09,Instagram,107,1,38,0,2026-08-10,2026-08-13
U0628,CMP09,TikTok,97,0,32,0,2026-07-23,2026-08-11
U0636,CMP09,Instagram,189,1,67,0,2026-08-10,2026-08-14
U0638,CMP09,Instagram,123,1,42,0,2026-07-21,2026-08-15
U0649,CMP09,TikTok,26,1,9,0,2026-07-24,2026-07-24
U0655,CMP09,Instagram,31,0,14,0,2026-07-28,2026-08-05
U0656,CMP09,TikTok,179,2,65,0,2026-08-05,2026-08-05
U0656,CMP09,Instagram,75,1,31,0,2026-08-19,2026-08-20
U0668,CMP09,TikTok,111,0,52,0,2026-08-18,2026-08-18
U0674,CMP09,Instagram,61,0,24,0,2026-07-28,2026-08-10
U0680,CMP09,Instagram,147,2,61,0,2026-07-28,2026-08-09
U0686,CMP09,TikTok,173,2,79,0,2026-07-24,2026-08-10
U0690,CMP09,TikTok,109,1,32,0,2026-08-14,2026-08-16
U0695,CMP09,Instagram,140,1,66,0,2026-08-13,2026-08-18
U0704,CMP09,Instagram,240,3,119,0,2026-08-20,2026-08-20
U0708,CMP09,TikTok,36,1,16,0,2026-07-29,2026-08-14
U0711,CMP09,Instagram,39,0,15,0,2026-08-09,2026-08-17
U0717,CMP09,TikTok,68,1,24,0,2026-07-15,2026-08-15
U0721,CMP09,Instagram,109,1,35,0,2026-08-15,2026-08-17
U0731,CMP09,TikTok,79,0,31,0,2026-08-10,2026-08-18
U0731,CMP09,Instagram,97,0,52,0,2026-07-17,2026-07-29
U0732,CMP09,TikTok,48,0,21,0,2026-08-11,2026-08-16
U0736,CMP09,TikTok,30,0,10,0,2026-07-19,2026-07-22
U0748,CMP09,Instagram,121,1,62,0,2026-07-21,2026-08-04
U0757,CMP09,TikTok,86,0,42,0,2026-07-27,2026-08-02
U0758,CMP09,TikTok,128,1,42,0,2026-08-17,2026-08-18
U0770,CMP09,TikTok,72,1,31,0,2026-08-09,2026-08-16
U0771,CMP09,TikTok,40,0,20,0,2026-08-05,2026-08-17
U0773,CMP09,Instagram,60,1,23,0,2026-07-27,2026-08-10
U0782,CMP09,TikTok,41,0,13,0,2026-08-09,2026-08-10
U0782,CMP09,Instagram,61,0,29,0,2026-08-17,2026-08-19
U0786,CMP09,TikTok,122,1,48,0,2026-07-19,2026-07-24
U0789,CMP09,TikTok,240,2,102,0,2026-07-28,2026-07-30
U0800,CMP09,TikTok,101,0,33,0,2026-07-23,2026-08-14
U0804,CMP09,TikTok,106,1,53,0,2026-07-19,2026-08-10
U0826,CMP09,TikTok,100,0,40,0,2026-07-30,2026-08-01
U0839,CMP09,Instagram,59,0,20,0,2026-07-21,2026-07-28
U0842,CMP09,TikTok,175,2,93,0,2026-07-27,2026-08-07
U0876,CMP09,Instagram,156,2,53,0,2026-08-05,2026-08-20
U0887,CMP09,TikTok,126,1,45,0,2026-07-20,2026-08-12
U0891,CMP09,TikTok,173,2,82,0,2026-08-04,2026-08-09
U0895,CMP09,Instagram,57,0,22,0,2026-08-16,2026-08-20
U0897,CMP09,Instagram,79,0,30,0,2026-08-05,2026-08-10
U0901,CMP09,TikTok,150,1,65,0,2026-07-20,2026-07-26
U0904,CMP09,TikTok,92,1,46,0,2026-07-22,2026-07-24
U0910,CMP09,Instagram,195,1,94,0,2026-08-04,2026-08-20
U0923,CMP09,TikTok,167,1,61,0,2026-08-13,2026-08-13
U0923,CMP09,Instagram,30,0,12,0,2026-08-07,2026-08-13
U0926,CMP09,TikTok,179,1,82,0,2026-07-28,2026-08-11
U0929,CMP09,Instagram,165,1,82,0,2026-08-11,2026-08-12
U0934,CMP09,TikTok,74,1,27,0,2026-08-02,2026-08-09
U0938,CMP09,TikTok,66,1,31,0,2026-08-01,2026-08-09
U0938,CMP09,Instagram,154,1,47,0,2026-08-14,2026-08-18
U0940,CMP09,TikTok,158,1,47,0,2026-08-14,2026-08-16
U0941,CMP09,Instagram,76,1,35,0,2026-07-18,2026-07-29
U0949,CMP09,TikTok,98,1,43,0,2026-08-05,2026-08-16
U0952,CMP09,Instagram,59,1,28,0,2026-08-06,2026-08-14
U0953,CMP09,Instagram,65,1,30,0,2026-07-26,2026-07-28
U0962,CMP09,TikTok,109,1,40,0,2026-07-22,2026-07-25
U0962,CMP09,Instagram,32,0,11,0,2026-07-18,2026-08-01
U0969,CMP09,TikTok,190,2,95,0,2026-07-16,2026-07-21
U0969,CMP09,Instagram,104,0,56,0,2026-07-16,2026-08-17
U0976,CMP09,Instagram,51,1,15,0,2026-07-27,2026-08-17
U0981,CMP09,Instagram,123,1,41,0,2026-07-20,2026-07-28
U0990,CMP09,Instagram,96,1,48,0,2026-07-30,2026-08-08
U0996,CMP09,Instagram,163,2,53,0,2026-08-04,2026-08-16
U0998,CMP09,Instagram,113,1,34,0,2026-08-16,2026-08-20
U1003,CMP09,TikTok,178,1,87,0,2026-07-20,2026-07-28
U1003,CMP09,Instagram,121,1,59,0,2026-08-04,2026-08-13
U1005,CMP09,Instagram,49,1,19,0,2026-08-05,2026-08-05
U1029,CMP09,Instagram,98,1,52,0,2026-07-24,2026-08-11
U1032,CMP09,TikTok,188,1,69,0,2026-08-16,2026-08-18
U1036,CMP09,TikTok,73,1,28,0,2026-08-02,2026-08-15
U1036,CMP09,Instagram,29,0,10,0,2026-07-31,2026-07-31
U1041,CMP09,TikTok,93,0,45,0,2026-08-01,2026-08-06
U1046,CMP09,TikTok,84,0,26,0,2026-08-15,2026-08-20
U1055,CMP09,TikTok,80,1,39,0,2026-08-01,2026-08-16
U1057,CMP09,TikTok,93,0,35,0,2026-07-27,2026-08-16
U1058,CMP09,TikTok,134,1,49,0,2026-08-19,2026-08-20
U1058,CMP09,Instagram,43,1,20,0,2026-08-20,2026-08-20
U1079,CMP09,TikTok,93,1,50,0,2026-07-19,2026-07-20
U1080,CMP09,Instagram,44,0,20,0,2026-08-05,2026-08-13
U1092,CMP09,TikTok,49,1,25,0,2026-08-10,2026-08-12
U1092,CMP09,Instagram,61,0,29,1,2026-08-10,2026-08-18
U1096,CMP09,TikTok,85,1,44,0,2026-07-26,2026-08-09
U1096,CMP09,Instagram,101,1,54,0,2026-08-04,2026-08-15
U1118,CMP09,TikTok,146,1,52,0,2026-07-16,2026-07-19
U1121,CMP09,TikTok,154,1,61,0,2026-07-16,2026-07-20
U1121,CMP09,Instagram,217,1,79,0,2026-08-06,2026-08-07
U1123,CMP09,Instagram,114,1,60,0,2026-08-18,2026-08-18
U1126,CMP09,Instagram,47,0,19,0,2026-08-14,2026-08-15
U1134,CMP09,TikTok,164,1,80,0,2026-07-27,2026-08-02
U1134,CMP09,Instagram,105,1,41,0,2026-07-30,2026-08-09
U1137,CMP09,TikTok,106,0,53,0,2026-08-10,2026-08-18
U1137,CMP09,Instagram,75,0,33,0,2026-08-17,2026-08-17
U1152,CMP09,TikTok,82,1,27,0,2026-08-17,2026-08-18
U1152,CMP09,Instagram,83,1,27,0,2026-07-28,2026-08-14
U1155,CMP09,Instagram,142,1,69,0,2026-07-21,2026-08-16
U1156,CMP09,TikTok,133,1,43,0,2026-07-23,2026-08-11
U1161,CMP09,Instagram,55,1,25,0,2026-08-05,2026-08-12
U1177,CMP09,TikTok,37,0,15,0,2026-08-18,2026-08-20
U1180,CMP09,Instagram,130,0,49,0,2026-07-25,2026-07-27
U1184,CMP09,TikTok,156,1,85,0,2026-08-15,2026-08-18
U1187,CMP09,TikTok,67,0,24,0,2026-07-20,2026-07-27
U1190,CMP09,TikTok,182,1,80,0,2026-08-20,2026-08-20
U1195,CMP09,TikTok,73,0,22,0,2026-07-28,2026-08-20
U1198,CMP09,TikTok,65,1,30,0,2026-07-27,2026-08-18
U1198,CMP09,Instagram,65,0,33,0,2026-07-18,2026-07-20
U1210,CMP09,TikTok,61,1,24,0,2026-08-02,2026-08-12
U1210,CMP09,Instagram,194,2,101,0,2026-07-17,2026-07-24
U1225,CMP09,TikTok,95,1,46,0,2026-08-03,2026-08-09
U1228,CMP09,TikTok,136,0,67,0,2026-08-06,2026-08-09
U1234,CMP09,TikTok,61,0,19,0,2026-08-10,2026-08-17
U1234,CMP09,Instagram,60,1,27,0,2026-07-17,2026-07-24
U1237,CMP09,Instagram,100,0,50,0,2026-07-27,2026-07-28
U1239,CMP09,TikTok,95,1,33,0,2026-08-18,2026-08-19
U1246,CMP09,TikTok,48,0,15,0,2026-07-23,2026-08-07
U1248,CMP09,TikTok,240,2,128,1,2026-07-26,2026-08-02
U1262,CMP09,TikTok,74,0,25,0,2026-07-18,2026-08-02
U1273,CMP09,TikTok,73,1,25,0,2026-08-12,2026-08-19
U1275,CMP09,Instagram,33,0,10,0,2026-08-18,2026-08-20
U1278,CMP09,TikTok,53,0,27,0,2026-07-26,2026-08-12
U1286,CMP09,Instagram,86,1,44,0,2026-08-01,2026-08-11
U1317,CMP09,TikTok,213,2,86,1,2026-08-14,2026-08-14
U1318,CMP09,TikTok,84,0,36,0,2026-08-20,2026-08-20
U1321,CMP09,TikTok,65,0,24,0,2026-08-10,2026-08-14
U1321,CMP09,Instagram,87,0,43,0,2026-08-14,2026-08-17
U1325,CMP09,TikTok,70,1,25,0,2026-08-18,2026-08-18
U1325,CMP09,Instagram,76,1,34,0,2026-08-12,2026-08-20
U1335,CMP09,Instagram,34,0,15,0,2026-07-17,2026-08-06
U1340,CMP09,Instagram,39,1,21,0,2026-08-10,2026-08-15
U1363,CMP09,Instagram,111,1,34,0,2026-08-03,2026-08-05
U1368,CMP09,Instagram,81,1,40,0,2026-07-30,2026-08-08
U1373,CMP09,Instagram,73,1,30,0,2026-07-27,2026-08-16
U1376,CMP09,TikTok,138,1,56,0,2026-07-23,2026-07-31
U1380,CMP09,TikTok,56,0,29,0,2026-07-20,2026-07-26
U1400,CMP09,Instagram,128,1,63,0,2026-07-29,2026-08-06
U1402,CMP09,TikTok,87,1,45,0,2026-08-10,2026-08-20
U1404,CMP09,Instagram,232,1,100,1,2026-08-09,2026-08-17
U1407,CMP09,Instagram,51,1,16,0,2026-07-20,2026-08-06
U1416,CMP09,Instagram,38,0,13,0,2026-08-15,2026-08-16
U1423,CMP09,Instagram,108,1,53,0,2026-07-23,2026-07-31
U1428,CMP09,Instagram,96,1,40,0,2026-08-08,2026-08-09
U1429,CMP09,TikTok,126,1,49,0,2026-08-19,2026-08-19
U1441,CMP09,TikTok,78,1,38,0,2026-07-27,2026-08-17
U1441,CMP09,Instagram,34,0,15,0,2026-07-18,2026-08-15
U1442,CMP09,Instagram,92,0,38,0,2026-08-05,2026-08-09
U1447,CMP09,TikTok,81,0,41,0,2026-08-04,2026-08-16
U1448,CMP09,TikTok,20,0,9,0,2026-07-28,2026-08-02
U1451,CMP09,Instagram,93,1,31,0,2026-08-02,2026-08-14
U1455,CMP09,Instagram,49,1,24,0,2026-08-20,2026-08-20
U1469,CMP09,Instagram,132,1,42,0,2026-07-17,2026-07-29
U1473,CMP09,TikTok,134,1,51,0,2026-08-14,2026-08-19
U1473,CMP09,Instagram,116,0,54,0,2026-08-11,2026-08-20
U1475,CMP09,TikTok,46,1,15,0,2026-07-28,2026-07-28
U1475,CMP09,Instagram,127,1,59,0,2026-08-08,2026-08-14
U1477,CMP09,TikTok,133,1,57,0,2026-07-26,2026-08-18
U1480,CMP09,Instagram,69,1,21,0,2026-08-01,2026-08-12
U1484,CMP09,Instagram,60,0,28,0,2026-07-18,2026-07-19
U1490,CMP09,TikTok,86,1,33,0,2026-07-31,2026-08-20
U1491,CMP09,TikTok,76,0,36,0,2026-08-03,2026-08-10
U1500,CMP09,Instagram,116,1,44,0,2026-07-18,2026-07-26
U1506,CMP09,Instagram,157,2,85,0,2026-07-27,2026-08-10
U1512,CMP09,Instagram,128,1,62,0,2026-08-02,2026-08-20
U1514,CMP09,TikTok,29,0,12,0,2026-08-08,2026-08-19
U1514,CMP09,Instagram,89,0,27,0,2026-08-13,2026-08-20
U1523,CMP09,Instagram,60,1,31,0,2026-08-07,2026-08-09
U1526,CMP09,TikTok,227,2,84,0,2026-07-31,2026-08-07
U1530,CMP09,Instagram,107,1,47,0,2026-07-22,2026-07-28
U1532,CMP09,TikTok,92,1,31,0,2026-08-07,2026-08-09
U1532,CMP09,Instagram,72,0,31,0,2026-07-16,2026-08-15
U1533,CMP09,Instagram,88,1,27,0,2026-08-12,2026-08-16
U1538,CMP09,TikTok,76,1,37,0,2026-07-31,2026-08-13
U1538,CMP09,Instagram,60,0,20,0,2026-07-30,2026-08-17
U1547,CMP09,Instagram,103,1,56,0,2026-07-15,2026-07-16
U1557,CMP09,TikTok,57,0,25,0,2026-08-06,2026-08-18
U1557,CMP09,Instagram,35,1,12,0,2026-08-01,2026-08-16
U1566,CMP09,TikTok,126,1,59,0,2026-07-27,2026-08-06
U1566,CMP09,Instagram,164,1,86,0,2026-08-02,2026-08-04
U1569,CMP09,Instagram,137,1,43,0,2026-08-02,2026-08-03
U1571,CMP09,Instagram,213,2,66,0,2026-08-12,2026-08-17
U1574,CMP09,Instagram,240,2,91,0,2026-07-29,2026-08-05
U1575,CMP09,Instagram,161,1,51,0,2026-07-25,2026-08-12
U1578,CMP09,TikTok,147,2,70,0,2026-08-19,2026-08-19
U1580,CMP09,TikTok,78,1,27,0,2026-08-20,2026-08-20
U1581,CMP09,Instagram,88,0,44,0,2026-07-24,2026-08-09
U1587,CMP09,TikTok,27,0,14,0,2026-07-18,2026-08-01
U1590,CMP09,TikTok,56,1,20,0,2026-07-27,2026-08-11
U1601,CMP09,Instagram,83,1,44,0,2026-08-09,2026-08-20
U1602,CMP09,TikTok,58,0,19,0,2026-08-03,2026-08-12
U1608,CMP09,TikTok,56,0,26,0,2026-08-09,2026-08-17
U1619,CMP09,TikTok,97,1,33,0,2026-07-30,2026-08-08
U1619,CMP09,Instagram,127,1,63,0,2026-07-28,2026-08-05
U1623,CMP09,Instagram,60,0,22,0,2026-08-20,2026-08-20
U1629,CMP09,TikTok,103,1,50,0,2026-08-15,2026-08-19
U1629,CMP09,Instagram,60,0,26,0,2026-08-11,2026-08-20
U1632,CMP09,TikTok,86,1,25,0,2026-08-11,2026-08-14
U1637,CMP09,TikTok,165,1,68,1,2026-07-26,2026-08-01
U1637,CMP09,Instagram,218,1,75,0,2026-08-09,2026-08-10
U1641,CMP09,Instagram,39,1,19,0,2026-08-01,2026-08-16
U1645,CMP09,Instagram,72,1,33,0,2026-08-10,2026-08-12
U1650,CMP09,TikTok,97,1,40,0,2026-08-16,2026-08-19
U1654,CMP09,Instagram,62,0,27,0,2026-08-12,2026-08-20
U1655,CMP09,TikTok,159,1,48,0,2026-08-03,2026-08-17
U1655,CMP09,Instagram,113,1,40,0,2026-07-28,2026-07-31
U1656,CMP09,TikTok,64,0,31,0,2026-08-07,2026-08-17
U1660,CMP09,Instagram,150,1,59,0,2026-07-20,2026-07-31
U1661,CMP09,TikTok,127,1,44,0,2026-07-21,2026-08-19
U1668,CMP09,TikTok,200,1,97,0,2026-07-30,2026-08-12
U1668,CMP09,Instagram,49,0,24,0,2026-07-21,2026-08-02
U1670,CMP09,Instagram,100,1,30,0,2026-08-03,2026-08-16
U1676,CMP09,TikTok,45,1,21,0,2026-08-05,2026-08-05
U1677,CMP09,TikTok,59,1,29,0,2026-08-19,2026-08-20
U1681,CMP09,TikTok,65,1,34,0,2026-08-15,2026-08-18
U1681,CMP09,Instagram,124,1,62,0,2026-07-17,2026-08-12
U1682,CMP09,Instagram,95,1,30,0,2026-07-22,2026-07-22
U1691,CMP09,Instagram,55,0,17,0,2026-08-15,2026-08-16
U1692,CMP09,Instagram,89,1,48,0,2026-08-10,2026-08-13
U1698,CMP09,TikTok,65,1,35,0,2026-07-29,2026-08-14
U1700,CMP09,Instagram,112,1,60,0,2026-08-18,2026-08-20
U1708,CMP09,Instagram,51,0,21,0,2026-08-16,2026-08-17
U1729,CMP09,TikTok,171,1,91,0,2026-08-05,2026-08-12
U1729,CMP09,Instagram,45,1,15,0,2026-07-28,2026-08-01
U1731,CMP09,Instagram,186,1,71,0,2026-08-09,2026-08-19
U1735,CMP09,TikTok,107,1,51,0,2026-08-20,2026-08-20
U1742,CMP09,TikTok,113,1,50,0,2026-08-04,2026-08-15
U1747,CMP09,Instagram,88,1,36,0,2026-08-20,2026-08-20
U1748,CMP09,Instagram,173,1,61,0,2026-08-11,2026-08-12
U1750,CMP09,Instagram,65,0,25,0,2026-07-21,2026-08-02
U1751,CMP09,TikTok,166,1,84,0,2026-07-22,2026-08-06
U1751,CMP09,Instagram,101,1,35,0,2026-08-16,2026-08-20
U1761,CMP09,Instagram,135,1,40,0,2026-07-16,2026-08-05
U1762,CMP09,Instagram,87,1,34,0,2026-07-27,2026-08-07
U1777,CMP09,Instagram,240,2,84,0,2026-08-10,2026-08-14
U1779,CMP09,TikTok,110,0,46,0,2026-08-05,2026-08-18
U1779,CMP09,Instagram,96,1,48,0,2026-08-20,2026-08-20
U1793,CMP09,TikTok,121,1,41,1,2026-07-26,2026-08-11
U1793,CMP09,Instagram,203,1,91,0,2026-08-16,2026-08-17
U1795,CMP09,TikTok,70,1,33,0,2026-07-18,2026-07-18
U1808,CMP09,TikTok,89,1,44,0,2026-08-04,2026-08-14
U1808,CMP09,Instagram,79,0,37,0,2026-07-23,2026-08-19
U1814,CMP09,TikTok,35,0,15,0,2026-08-10,2026-08-19
U1814,CMP09,Instagram,142,1,68,0,2026-08-03,2026-08-05
U1818,CMP09,TikTok,26,0,9,0,2026-08-17,2026-08-20
U1818,CMP09,Instagram,90,0,27,0,2026-08-16,2026-08-17
U1823,CMP09,Instagram,76,0,27,0,2026-07-15,2026-08-17
U1825,CMP09,Instagram,101,1,38,0,2026-08-07,2026-08-20
U1835,CMP09,TikTok,49,0,21,0,2026-07-16,2026-08-06
U1835,CMP09,Instagram,95,1,31,0,2026-07-29,2026-08-04
U1839,CMP09,TikTok,93,1,38,0,2026-08-17,2026-08-18
U1842,CMP09,TikTok,77,1,39,0,2026-08-06,2026-08-13
U1842,CMP09,Instagram,120,1,39,0,2026-07-21,2026-07-25
U1853,CMP09,TikTok,74,1,40,0,2026-07-25,2026-08-20
U1860,CMP09,TikTok,130,1,46,0,2026-07-24,2026-07-31
U1860,CMP09,Instagram,124,1,41,0,2026-08-20,2026-08-20
U1870,CMP09,TikTok,45,0,17,0,2026-08-14,2026-08-17
U1870,CMP09,Instagram,62,1,27,0,2026-07-27,2026-08-16
U1883,CMP09,TikTok,64,1,20,0,2026-08-19,2026-08-19
U1885,CMP09,Instagram,74,1,26,0,2026-08-04,2026-08-06
U1889,CMP09,TikTok,29,1,14,0,2026-07-18,2026-07-21
U1891,CMP09,Instagram,105,1,35,0,2026-07-30,2026-08-05
U1906,CMP09,TikTok,168,2,90,0,2026-08-12,2026-08-19
U1910,CMP09,Instagram,119,1,60,0,2026-08-15,2026-08-17
U1915,CMP09,TikTok,76,1,33,0,2026-08-05,2026-08-13
U1915,CMP09,Instagram,82,1,37,0,2026-08-20,2026-08-20
U1927,CMP09,Instagram,126,1,40,0,2026-08-19,2026-08-20
U1932,CMP09,Instagram,87,0,33,0,2026-08-09,2026-08-11
U1933,CMP09,TikTok,192,1,65,0,2026-08-15,2026-08-18
U1937,CMP09,Instagram,240,3,124,0,2026-08-01,2026-08-17
U1942,CMP09,TikTok,45,0,18,0,2026-07-23,2026-08-03
U1942,CMP09,Instagram,42,1,18,0,2026-07-23,2026-08-12
U1962,CMP09,TikTok,108,1,34,0,2026-08-15,2026-08-15
U1962,CMP09,Instagram,128,1,70,0,2026-08-16,2026-08-20
U1964,CMP09,TikTok,117,1,36,0,2026-08-06,2026-08-07
U1964,CMP09,Instagram,109,1,42,0,2026-08-04,2026-08-11
U1965,CMP09,Instagram,125,1,38,0,2026-07-21,2026-08-05
U1973,CMP09,TikTok,73,0,22,0,2026-08-12,2026-08-19
U1999,CMP09,TikTok,36,0,12,0,2026-07-17,2026-08-15
U0008,CMP10,TikTok,62,1,26,0,2026-08-29,2026-08-30
U0018,CMP10,Instagram,53,0,21,0,2026-08-29,2026-08-29
U0019,CMP10,Instagram,91,1,48,0,2026-08-16,2026-08-28
U0019,CMP10,TikTok,19,1,7,0,2026-08-26,2026-08-28
U0026,CMP10,Instagram,57,1,20,0,2026-08-21,2026-08-26
U0054,CMP10,Instagram,30,0,15,0,2026-08-29,2026-08-30
U0063,CMP10,Instagram,16,0,4,0,2026-08-14,2026-08-25
U0072,CMP10,Instagram,76,1,37,0,2026-08-25,2026-08-25
U0072,CMP10,TikTok,29,0,10,0,2026-08-10,2026-08-26
U0113,CMP10,Instagram,45,0,19,0,2026-08-15,2026-08-22
U0113,CMP10,TikTok,36,0,13,0,2026-08-31,2026-08-31
U0114,CMP10,Instagram,24,0,10,0,2026-08-20,2026-08-20
U0114,CMP10,TikTok,65,0,34,0,2026-08-14,2026-08-23
U0125,CMP10,Instagram,38,0,19,0,2026-08-28,2026-08-31
U0126,CMP10,TikTok,66,1,33,0,2026-08-12,2026-08-13
U0136,CMP10,Instagram,53,0,25,0,2026-08-25,2026-08-27
U0136,CMP10,TikTok,82,0,29,0,2026-08-25,2026-08-31
U0155,CMP10,Instagram,92,0,42,0,2026-08-16,2026-08-19
U0158,CMP10,Instagram,40,0,18,0,2026-08-25,2026-08-31
U0161,CMP10,Instagram,34,0,12,0,2026-08-21,2026-08-28
U0167,CMP10,Instagram,39,1,18,0,2026-08-27,2026-08-29
U0167,CMP10,TikTok,41,0,18,0,2026-08-25,2026-08-28
U0171,CMP10,Instagram,107,1,42,1,2026-08-20,2026-08-29
U0171,CMP10,TikTok,62,0,21,0,2026-08-24,2026-08-24
U0183,CMP10,TikTok,38,0,17,0,2026-08-28,2026-08-29
U0184,CMP10,TikTok,50,0,26,0,2026-08-17,2026-08-27
U0186,CMP10,Instagram,42,1,20,0,2026-08-14,2026-08-14
U0187,CMP10,Instagram,45,1,14,0,2026-08-11,2026-08-25
U0206,CMP10,TikTok,62,1,26,1,2026-08-24,2026-08-25
U0210,CMP10,TikTok,35,0,15,0,2026-08-11,2026-08-22
U0218,CMP10,Instagram,22,0,6,0,2026-08-11,2026-08-27
U0231,CMP10,Instagram,48,0,21,0,2026-08-16,2026-08-28
U0231,CMP10,TikTok,27,0,12,0,2026-08-12,2026-08-20
U0267,CMP10,Instagram,126,1,58,0,2026-08-24,2026-08-26
U0267,CMP10,TikTok,21,0,9,0,2026-08-13,2026-08-30
U0290,CMP10,TikTok,58,1,21,0,2026-08-12,2026-08-16
U0291,CMP10,TikTok,55,0,19,0,2026-08-10,2026-08-12
U0305,CMP10,Instagram,59,0,31,0,2026-08-23,2026-08-26
U0305,CMP10,TikTok,109,0,45,0,2026-08-23,2026-08-28
U0306,CMP10,TikTok,49,0,22,0,2026-08-13,2026-08-16
U0354,CMP10,Instagram,32,0,16,0,2026-08-11,2026-08-25
U0354,CMP10,TikTok,64,0,31,0,2026-08-27,2026-08-28
U0364,CMP10,Instagram,72,0,26,0,2026-08-11,2026-08-16
U0364,CMP10,TikTok,92,0,38,0,2026-08-29,2026-08-31
U0368,CMP10,Instagram,74,1,28,0,2026-08-29,2026-08-30
U0373,CMP10,Instagram,28,0,8,0,2026-08-29,2026-08-31
U0373,CMP10,TikTok,19,0,7,0,2026-08-31,2026-08-31
U0375,CMP10,Instagram,40,1,20,0,2026-08-17,2026-08-31
U0395,CMP10,TikTok,62,0,19,1,2026-08-26,2026-08-27
U0401,CMP10,Instagram,27,0,11,0,2026-08-18,2026-08-18
U0404,CMP10,Instagram,39,0,13,0,2026-08-26,2026-08-31
U0433,CMP10,Instagram,43,0,22,0,2026-08-14,2026-08-30
U0438,CMP10,TikTok,70,1,36,0,2026-08-16,2026-08-19
U0460,CMP10,Instagram,34,0,11,0,2026-08-26,2026-08-26
U0462,CMP10,TikTok,30,0,11,0,2026-08-17,2026-08-17
U0464,CMP10,TikTok,49,0,16,0,2026-08-14,2026-08-20
U0466,CMP10,Instagram,25,0,12,0,2026-08-13,2026-08-24
U0477,CMP10,TikTok,73,0,25,0,2026-08-19,2026-08-23
U0482,CMP10,Instagram,96,0,41,0,2026-08-11,2026-08-30
U0526,CMP10,TikTok,55,0,18,0,2026-08-24,2026-08-29
U0540,CMP10,Instagram,31,0,10,0,2026-08-10,2026-08-17
U0540,CMP10,TikTok,49,1,18,1,2026-08-16,2026-08-28
U0558,CMP10,TikTok,87,0,42,0,2026-08-27,2026-08-30
U0577,CMP10,TikTok,77,1,36,0,2026-08-29,2026-08-31
U0584,CMP10,Instagram,51,1,23,0,2026-08-26,2026-08-28
U0584,CMP10,TikTok,54,0,17,1,2026-08-28,2026-08-28
U0585,CMP10,Instagram,69,1,28,0,2026-08-30,2026-08-30
U0585,CMP10,TikTok,65,0,20,0,2026-08-23,2026-08-24
U0611,CMP10,Instagram,45,0,15,0,2026-08-27,2026-08-30
U0618,CMP10,TikTok,33,0,17,0,2026-08-13,2026-08-19
U0625,CMP10,Instagram,42,1,12,0,2026-08-21,2026-08-22
U0625,CMP10,TikTok,19,0,7,0,2026-08-12,2026-08-16
U0637,CMP10,Instagram,33,0,14,0,2026-08-23,2026-08-23
U0638,CMP10,Instagram,64,1,24,0,2026-08-11,2026-08-25
U0640,CMP10,TikTok,19,1,8,0,2026-08-24,2026-08-30
U0652,CMP10,Instagram,18,0,7,0,2026-08-16,2026-08-27
U0677,CMP10,Instagram,25,0,12,0,2026-08-19,2026-08-30
U0677,CMP10,TikTok,42,1,20,0,2026-08-24,2026-08-27
U0690,CMP10,Instagram,88,1,48,0,2026-08-22,2026-08-31
U0690,CMP10,TikTok,26,0,13,0,2026-08-25,2026-08-26
U0700,CMP10,Instagram,28,1,8,0,2026-08-11,2026-08-30
U0700,CMP10,TikTok,83,0,40,0,2026-08-27,2026-08-29
U0706,CMP10,Instagram,22,0,10,0,2026-08-19,2026-08-20
U0709,CMP10,TikTok,68,1,29,0,2026-08-15,2026-08-28
U0721,CMP10,Instagram,84,1,37,0,2026-08-28,2026-08-29
U0733,CMP10,TikTok,52,1,26,0,2026-08-23,2026-08-30
U0734,CMP10,Instagram,34,0,16,0,2026-08-14,2026-08-21
U0734,CMP10,TikTok,24,1,9,1,2026-08-18,2026-08-23
U0754,CMP10,TikTok,52,0,28,0,2026-08-19,2026-08-29
U0756,CMP10,TikTok,59,1,20,0,2026-08-11,2026-08-16
U0760,CMP10,TikTok,143,2,75,0,2026-08-31,2026-08-31
U0770,CMP10,TikTok,59,1,29,0,2026-08-16,2026-08-28
U0778,CMP10,TikTok,46,1,16,1,2026-08-31,2026-08-31
U0782,CMP10,Instagram,60,0,19,0,2026-08-11,2026-08-14
U0782,CMP10,TikTok,62,0,26,0,2026-08-22,2026-08-24
U0786,CMP10,Instagram,26,0,11,0,2026-08-10,2026-08-19
U0786,CMP10,TikTok,55,0,28,0,2026-08-19,2026-08-28
U0802,CMP10,Instagram,34,0,11,0,2026-08-26,2026-08-28
U0804,CMP10,Instagram,33,0,14,0,2026-08-24,2026-08-30
U0818,CMP10,TikTok,97,1,36,0,2026-08-23,2026-08-24
U0825,CMP10,Instagram,48,0,22,0,2026-08-31,2026-08-31
U0825,CMP10,TikTok,66,1,27,0,2026-08-22,2026-08-23
U0844,CMP10,Instagram,44,1,18,0,2026-08-29,2026-08-30
U0845,CMP10,TikTok,51,0,28,0,2026-08-21,2026-08-31
U0853,CMP10,TikTok,27,0,13,0,2026-08-20,2026-08-23
U0861,CMP10,Instagram,29,1,12,0,2026-08-16,2026-08-18
U0867,CMP10,TikTok,69,0,21,0,2026-08-15,2026-08-22
U0887,CMP10,Instagram,85,1,38,0,2026-08-17,2026-08-29
U0887,CMP10,TikTok,46,0,15,0,2026-08-21,2026-08-26
U0910,CMP10,Instagram,39,0,19,0,2026-08-11,2026-08-13
U0926,CMP10,TikTok,74,1,25,0,2026-08-15,2026-08-25
U0962,CMP10,Instagram,42,0,13,0,2026-08-28,2026-08-30
U0986,CMP10,TikTok,53,1,24,0,2026-08-12,2026-08-23
U0997,CMP10,Instagram,87,1,41,0,2026-08-30,2026-08-31
U0997,CMP10,TikTok,131,1,60,1,2026-08-17,2026-08-20
U1012,CMP10,Instagram,102,1,39,0,2026-08-13,2026-08-16
U1015,CMP10,Instagram,62,0,30,0,2026-08-18,2026-08-25
U1015,CMP10,TikTok,26,0,13,0,2026-08-20,2026-08-25
U1049,CMP10,Instagram,88,1,33,0,2026-08-17,2026-08-27
U1069,CMP10,Instagram,75,1,40,0,2026-08-23,2026-08-28
U1086,CMP10,Instagram,102,1,40,0,2026-08-21,2026-08-24
U1086,CMP10,TikTok,84,1,29,0,2026-08-11,2026-08-25
U1087,CMP10,Instagram,42,0,18,0,2026-08-30,2026-08-30
U1087,CMP10,TikTok,16,0,8,0,2026-08-31,2026-08-31
U1091,CMP10,Instagram,43,0,17,0,2026-08-16,2026-08-30
U1118,CMP10,TikTok,34,1,17,0,2026-08-16,2026-08-18
U1123,CMP10,Instagram,24,1,8,0,2026-08-22,2026-08-25
U1125,CMP10,Instagram,36,0,17,0,2026-08-31,2026-08-31
U1125,CMP10,TikTok,33,0,10,0,2026-08-22,2026-08-27
U1134,CMP10,Instagram,141,1,62,0,2026-08-25,2026-08-28
U1134,CMP10,TikTok,22,1,9,0,2026-08-29,2026-08-30
U1152,CMP10,Instagram,27,0,14,0,2026-08-15,2026-08-15
U1152,CMP10,TikTok,83,0,43,0,2026-08-27,2026-08-29
U1156,CMP10,TikTok,57,0,24,0,2026-08-23,2026-08-23
U1166,CMP10,Instagram,36,1,13,0,2026-08-24,2026-08-27
U1166,CMP10,TikTok,43,0,15,0,2026-08-18,2026-08-27
U1167,CMP10,Instagram,100,1,47,1,2026-08-30,2026-08-30
U1177,CMP10,TikTok,48,1,17,0,2026-08-20,2026-08-31
U1178,CMP10,Instagram,58,0,20,0,2026-08-26,2026-08-30
U1178,CMP10,TikTok,137,1,70,0,2026-08-22,2026-08-23
U1181,CMP10,TikTok,78,1,26,0,2026-08-11,2026-08-14
U1189,CMP10,TikTok,31,1,14,0,2026-08-24,2026-08-24
U1190,CMP10,Instagram,91,1,42,0,2026-08-21,2026-08-30
U1190,CMP10,TikTok,20,1,7,0,2026-08-17,2026-08-27
U1214,CMP10,Instagram,20,0,10,1,2026-08-23,2026-08-31
U1230,CMP10,Instagram,42,0,20,0,2026-08-24,2026-08-30
U1230,CMP10,TikTok,43,0,16,0,2026-08-11,2026-08-17
U1239,CMP10,Instagram,106,1,47,0,2026-08-27,2026-08-30
U1239,CMP10,TikTok,22,0,7,0,2026-08-18,2026-08-18
U1246,CMP10,TikTok,100,1,39,0,2026-08-30,2026-08-31
U1287,CMP10,TikTok,42,0,22,0,2026-08-13,2026-08-26
U1312,CMP10,Instagram,108,1,47,0,2026-08-31,2026-08-31
U1321,CMP10,Instagram,106,1,43,0,2026-08-26,2026-08-27
U1332,CMP10,TikTok,46,0,23,0,2026-08-30,2026-08-31
U1341,CMP10,Instagram,43,1,17,0,2026-08-16,2026-08-21
U1344,CMP10,Instagram,97,1,48,1,2026-08-26,2026-08-29
U1351,CMP10,Instagram,99,1,38,0,2026-08-18,2026-08-26
U1356,CMP10,Instagram,20,1,6,0,2026-08-20,2026-08-26
U1371,CMP10,Instagram,87,0,45,0,2026-08-25,2026-08-30
U1376,CMP10,Instagram,63,0,33,0,2026-08-21,2026-08-26
U1376,CMP10,TikTok,44,1,18,0,2026-08-11,2026-08-27
U1378,CMP10,TikTok,82,0,27,0,2026-08-20,2026-08-20
U1386,CMP10,Instagram,70,1,36,0,2026-08-26,2026-08-26
U1386,CMP10,TikTok,64,1,28,0,2026-08-28,2026-08-28
U1403,CMP10,Instagram,68,1,31,0,2026-08-17,2026-08-31
U1404,CMP10,Instagram,46,0,17,0,2026-08-15,2026-08-29
U1409,CMP10,Instagram,18,0,8,0,2026-08-26,2026-08-29
U1409,CMP10,TikTok,19,0,8,0,2026-08-15,2026-08-28
U1410,CMP10,Instagram,20,0,9,0,2026-08-30,2026-08-30
U1419,CMP10,TikTok,59,0,30,0,2026-08-14,2026-08-21
U1438,CMP10,Instagram,36,0,11,0,2026-08-15,2026-08-30
U1464,CMP10,Instagram,39,1,18,0,2026-08-24,2026-08-26
U1464,CMP10,TikTok,65,0,31,0,2026-08-22,2026-08-25
U1467,CMP10,TikTok,93,0,35,0,2026-08-16,2026-08-27
U1473,CMP10,Instagram,62,0,33,0,2026-08-13,2026-08-14
U1473,CMP10,TikTok,49,0,23,0,2026-08-11,2026-08-13
U1475,CMP10,TikTok,39,1,15,0,2026-08-26,2026-08-26
U1480,CMP10,Instagram,32,0,15,0,2026-08-23,2026-08-30
U1480,CMP10,TikTok,109,1,36,0,2026-08-16,2026-08-28
U1482,CMP10,TikTok,59,0,28,0,2026-08-31,2026-08-31
U1507,CMP10,Instagram,68,0,20,0,2026-08-24,2026-08-29
U1516,CMP10,TikTok,68,0,31,0,2026-08-28,2026-08-31
U1529,CMP10,Instagram,52,0,17,0,2026-08-21,2026-08-25
U1529,CMP10,TikTok,115,0,51,0,2026-08-27,2026-08-31
U1531,CMP10,Instagram,64,0,34,0,2026-08-29,2026-08-31
U1536,CMP10,Instagram,83,1,31,0,2026-08-31,2026-08-31
U1536,CMP10,TikTok,61,1,22,0,2026-08-29,2026-08-31
U1544,CMP10,Instagram,68,1,31,0,2026-08-14,2026-08-31
U1544,CMP10,TikTok,67,1,32,1,2026-08-22,2026-08-24
U1562,CMP10,TikTok,42,0,16,0,2026-08-13,2026-08-28
U1565,CMP10,Instagram,61,0,27,0,2026-08-27,2026-08-27
U1569,CMP10,Instagram,100,1,34,0,2026-08-16,2026-08-29
U1595,CMP10,Instagram,31,0,11,0,2026-08-24,2026-08-26
U1595,CMP10,TikTok,24,0,7,0,2026-08-21,2026-08-23
U1628,CMP10,TikTok,83,1,30,0,2026-08-23,2026-08-29
U1629,CMP10,TikTok,49,1,23,0,2026-08-10,2026-08-30
U1639,CMP10,TikTok,21,0,8,0,2026-08-18,2026-08-31
U1649,CMP10,Instagram,99,0,35,0,2026-08-31,2026-08-31
U1661,CMP10,Instagram,42,1,20,0,2026-08-11,2026-08-29
U1661,CMP10,TikTok,27,0,14,0,2026-08-16,2026-08-31
U1663,CMP10,Instagram,78,0,33,0,2026-08-31,2026-08-31
U1663,CMP10,TikTok,73,0,33,0,2026-08-18,2026-08-22
U1664,CMP10,TikTok,31,0,10,0,2026-08-18,2026-08-22
U1666,CMP10,Instagram,40,0,20,0,2026-08-27,2026-08-30
U1669,CMP10,TikTok,81,1,40,0,2026-08-29,2026-08-31
U1752,CMP10,TikTok,55,0,22,0,2026-08-13,2026-08-22
U1771,CMP10,TikTok,48,0,24,0,2026-08-25,2026-08-26
U1780,CMP10,Instagram,44,1,14,0,2026-08-31,2026-08-31
U1780,CMP10,TikTok,27,0,13,0,2026-08-11,2026-08-13
U1792,CMP10,TikTok,43,0,21,0,2026-08-22,2026-08-22
U1793,CMP10,Instagram,53,0,26,0,2026-08-23,2026-08-23
U1798,CMP10,Instagram,103,1,48,0,2026-08-13,2026-08-30
U1798,CMP10,TikTok,88,0,34,0,2026-08-24,2026-08-30
U1818,CMP10,Instagram,39,0,14,0,2026-08-20,2026-08-26
U1818,CMP10,TikTok,39,0,19,0,2026-08-28,2026-08-28
U1832,CMP10,Instagram,65,1,20,0,2026-08-21,2026-08-28
U1834,CMP10,Instagram,27,0,13,0,2026-08-31,2026-08-31
U1836,CMP10,Instagram,69,1,37,0,2026-08-13,2026-08-25
U1841,CMP10,Instagram,38,0,19,0,2026-08-29,2026-08-31
U1857,CMP10,TikTok,12,0,5,0,2026-08-31,2026-08-31
U1882,CMP10,Instagram,27,0,11,0,2026-08-31,2026-08-31
U1882,CMP10,TikTok,37,0,15,0,2026-08-13,2026-08-13
U1902,CMP10,Instagram,54,1,26,0,2026-08-18,2026-08-18
U1910,CMP10,Instagram,30,0,16,0,2026-08-13,2026-08-27
U1911,CMP10,TikTok,24,0,7,0,2026-08-22,2026-08-28
U1912,CMP10,Instagram,60,1,24,0,2026-08-29,2026-08-29
U1916,CMP10,TikTok,48,0,14,0,2026-08-30,2026-08-31
U1956,CMP10,Instagram,39,0,19,0,2026-08-15,2026-08-26
U1980,CMP10,Instagram,74,1,33,0,2026-08-21,2026-08-21
U1980,CMP10,TikTok,32,0,17,0,2026-08-26,2026-08-30
U1994,CMP10,Instagram,39,1,15,0,2026-08-20,2026-08-22
U1994,CMP10,TikTok,40,1,13,0,2026-08-13,2026-08-28
U0005,CMP11,Snapchat,197,4,86,0,2026-08-31,2026-08-31
U0008,CMP11,TikTok,90,2,34,1,2026-07-29,2026-08-21
U0012,CMP11,Snapchat,240,5,112,0,2026-07-01,2026-08-05
U0016,CMP11,Snapchat,240,4,113,0,2026-07-19,2026-08-31
U0019,CMP11,Snapchat,226,4,93,0,2026-06-09,2026-08-31
U0019,CMP11,TikTok,125,2,56,0,2026-07-21,2026-08-23
U0024,CMP11,TikTok,114,2,36,0,2026-07-21,2026-08-06
U0032,CMP11,TikTok,147,3,79,0,2026-07-21,2026-08-29
U0037,CMP11,TikTok,240,4,92,0,2026-08-09,2026-08-16
U0057,CMP11,TikTok,220,4,86,0,2026-07-08,2026-08-18
U0059,CMP11,Snapchat,181,3,82,0,2026-07-26,2026-08-30
U0061,CMP11,TikTok,85,1,42,0,2026-07-21,2026-07-25
U0079,CMP11,Snapchat,155,3,61,0,2026-08-29,2026-08-29
U0083,CMP11,Snapchat,116,2,39,0,2026-08-22,2026-08-30
U0084,CMP11,TikTok,219,4,72,0,2026-08-19,2026-08-29
U0093,CMP11,TikTok,188,3,89,0,2026-08-01,2026-08-16
U0100,CMP11,Snapchat,240,4,110,0,2026-07-31,2026-08-28
U0111,CMP11,Snapchat,88,2,44,0,2026-08-26,2026-08-28
U0135,CMP11,Snapchat,88,2,48,0,2026-06-19,2026-07-07
U0150,CMP11,Snapchat,232,5,87,0,2026-08-03,2026-08-29
U0165,CMP11,Snapchat,240,6,84,1,2026-08-03,2026-08-16
U0171,CMP11,Snapchat,145,4,70,0,2026-08-02,2026-08-21
U0171,CMP11,TikTok,240,5,77,0,2026-07-26,2026-08-27
U0172,CMP11,TikTok,234,4,85,0,2026-08-27,2026-08-27
U0176,CMP11,Snapchat,240,5,126,0,2026-08-27,2026-08-28
U0177,CMP11,TikTok,100,2,38,1,2026-07-09,2026-08-12
U0189,CMP11,TikTok,134,2,62,0,2026-08-08,2026-08-14
U0200,CMP11,Snapchat,177,3,71,0,2026-06-25,2026-07-14
U0206,CMP11,TikTok,54,1,18,0,2026-07-05,2026-08-21
U0208,CMP11,TikTok,130,2,53,0,2026-08-01,2026-08-15
U0210,CMP11,TikTok,61,1,27,0,2026-08-06,2026-08-09
U0233,CMP11,TikTok,115,2,35,0,2026-06-23,2026-07-01
U0267,CMP11,TikTok,119,3,65,0,2026-07-22,2026-08-20
U0270,CMP11,Snapchat,240,4,83,0,2026-08-12,2026-08-17
U0288,CMP11,TikTok,240,4,94,0,2026-07-12,2026-08-19
U0331,CMP11,Snapchat,180,4,93,0,2026-07-11,2026-07-30
U0354,CMP11,TikTok,144,2,61,0,2026-06-11,2026-07-27
U0360,CMP11,TikTok,137,3,41,1,2026-06-06,2026-06-10
U0378,CMP11,TikTok,240,5,121,0,2026-07-24,2026-08-20
U0380,CMP11,Snapchat,240,5,84,0,2026-08-09,2026-08-31
U0380,CMP11,TikTok,183,4,79,0,2026-06-22,2026-08-05
U0389,CMP11,Snapchat,125,2,40,0,2026-07-17,2026-08-05
U0390,CMP11,Snapchat,118,2,59,0,2026-07-28,2026-08-26
U0394,CMP11,TikTok,240,5,106,0,2026-08-01,2026-08-04
U0401,CMP11,TikTok,240,5,72,0,2026-08-03,2026-08-14
U0412,CMP11,Snapchat,154,3,78,0,2026-08-19,2026-08-27
U0412,CMP11,TikTok,130,3,57,0,2026-07-13,2026-08-24
U0415,CMP11,TikTok,152,3,54,0,2026-08-19,2026-08-30
U0432,CMP11,Snapchat,240,4,107,0,2026-06-17,2026-08-16
U0438,CMP11,TikTok,212,4,85,0,2026-06-01,2026-06-16
U0441,CMP11,TikTok,91,2,35,0,2026-08-03,2026-08-15
U0442,CMP11,Snapchat,240,4,123,0,2026-06-23,2026-07-10
U0450,CMP11,Snapchat,240,5,105,0,2026-08-18,2026-08-24
U0450,CMP11,TikTok,160,3,72,0,2026-08-01,2026-08-21
U0456,CMP11,Snapchat,83,2,43,0,2026-08-16,2026-08-22
U0460,CMP11,Snapchat,120,2,60,0,2026-08-24,2026-08-26
U0467,CMP11,TikTok,148,3,70,0,2026-06-15,2026-08-05
U0468,CMP11,TikTok,178,4,91,0,2026-06-13,2026-06-18
U0479,CMP11,TikTok,240,4,111,0,2026-06-07,2026-08-15
U0498,CMP11,Snapchat,211,4,112,0,2026-07-29,2026-08-11
U0510,CMP11,TikTok,80,2,26,0,2026-08-10,2026-08-13
U0526,CMP11,Snapchat,182,4,61,0,2026-06-20,2026-08-08
U0527,CMP11,TikTok,138,2,70,0,2026-08-14,2026-08-19
U0535,CMP11,TikTok,121,2,47,0,2026-06-06,2026-07-12
U0540,CMP11,TikTok,186,4,77,1,2026-08-27,2026-08-30
U0563,CMP11,Snapchat,118,3,39,0,2026-06-25,2026-07-28
U0565,CMP11,Snapchat,240,5,87,0,2026-06-17,2026-07-12
U0573,CMP11,TikTok,240,5,78,0,2026-08-12,2026-08-14
U0579,CMP11,Snapchat,240,4,73,0,2026-07-19,2026-07-23
U0579,CMP11,TikTok,240,5,89,0,2026-06-15,2026-07-02
U0584,CMP11,TikTok,240,4,103,0,2026-08-25,2026-08-27
U0592,CMP11,TikTok,240,4,117,0,2026-08-28,2026-08-29
U0604,CMP11,TikTok,128,2,53,0,2026-08-30,2026-08-30
U0607,CMP11,TikTok,240,4,90,0,2026-07-01,2026-08-16
U0612,CMP11,TikTok,83,1,38,0,2026-06-16,2026-08-26
U0613,CMP11,TikTok,157,4,86,0,2026-07-31,2026-08-31
U0615,CMP11,TikTok,201,4,69,0,2026-07-07,2026-07-10
U0631,CMP11,Snapchat,132,2,40,0,2026-08-09,2026-08-09
U0631,CMP11,TikTok,237,5,79,0,2026-08-10,2026-08-15
U0656,CMP11,TikTok,100,2,38,0,2026-06-18,2026-08-20
U0691,CMP11,TikTok,221,5,118,0,2026-08-15,2026-08-15
U0696,CMP11,Snapchat,184,3,87,0,2026-08-03,2026-08-21
U0710,CMP11,TikTok,108,3,42,0,2026-06-24,2026-07-08
U0721,CMP11,Snapchat,240,6,97,0,2026-07-06,2026-07-31
U0728,CMP11,TikTok,240,5,101,0,2026-08-12,2026-08-12
U0729,CMP11,TikTok,205,4,105,1,2026-08-11,2026-08-19
U0733,CMP11,TikTok,240,4,129,0,2026-08-11,2026-08-23
U0747,CMP11,Snapchat,111,2,57,0,2026-06-03,2026-07-15
U0747,CMP11,TikTok,77,2,39,0,2026-08-19,2026-08-21
U0748,CMP11,Snapchat,218,3,109,0,2026-06-23,2026-07-27
U0754,CMP11,TikTok,240,4,75,0,2026-06-26,2026-08-31
U0755,CMP11,TikTok,58,1,28,0,2026-08-07,2026-08-23
U0760,CMP11,TikTok,103,2,46,0,2026-07-13,2026-08-15
U0762,CMP11,TikTok,113,2,41,0,2026-08-02,2026-08-04
U0774,CMP11,Snapchat,240,5,93,0,2026-07-16,2026-07-18
U0786,CMP11,TikTok,240,4,102,0,2026-08-23,2026-08-26
U0803,CMP11,TikTok,240,5,74,0,2026-07-27,2026-08-14
U0815,CMP11,TikTok,240,5,75,0,2026-06-09,2026-07-25
U0840,CMP11,Snapchat,240,5,92,0,2026-07-07,2026-07-19
U0841,CMP11,Snapchat,240,4,126,0,2026-08-17,2026-08-19
U0854,CMP11,Snapchat,240,6,104,0,2026-07-25,2026-08-10
U0871,CMP11,Snapchat,240,4,78,0,2026-07-20,2026-08-01
U0876,CMP11,Snapchat,173,3,60,0,2026-07-17,2026-08-16
U0882,CMP11,TikTok,143,2,45,0,2026-08-08,2026-08-20
U0887,CMP11,TikTok,240,5,100,0,2026-08-09,2026-08-17
U0890,CMP11,Snapchat,150,4,75,0,2026-07-17,2026-08-22
U0908,CMP11,TikTok,240,4,90,0,2026-08-26,2026-08-29
U0911,CMP11,TikTok,240,5,108,0,2026-07-31,2026-08-16
U0919,CMP11,TikTok,131,3,46,0,2026-08-26,2026-08-29
U0928,CMP11,Snapchat,240,4,123,0,2026-07-15,2026-08-24
U0928,CMP11,TikTok,102,2,51,0,2026-06-04,2026-07-10
U0930,CMP11,TikTok,200,5,100,0,2026-08-01,2026-08-02
U0935,CMP11,Snapchat,234,4,91,0,2026-07-13,2026-08-27
U0936,CMP11,TikTok,240,5,110,0,2026-08-07,2026-08-28
U0940,CMP11,TikTok,240,5,75,0,2026-07-07,2026-08-17
U0942,CMP11,Snapchat,240,4,85,0,2026-08-22,2026-08-26
U0961,CMP11,TikTok,240,4,119,0,2026-06-03,2026-06-22
U0964,CMP11,Snapchat,136,2,50,0,2026-07-11,2026-08-29
U0973,CMP11,TikTok,189,3,63,0,2026-07-09,2026-07-09
U0979,CMP11,TikTok,130,2,63,1,2026-07-09,2026-07-24
U0990,CMP11,TikTok,231,4,110,0,2026-06-30,2026-08-14
U1020,CMP11,TikTok,204,4,79,0,2026-08-19,2026-08-29
U1030,CMP11,Snapchat,152,2,66,0,2026-08-26,2026-08-29
U1030,CMP11,TikTok,240,4,74,0,2026-06-13,2026-08-03
U1040,CMP11,Snapchat,146,3,49,0,2026-08-19,2026-08-25
U1042,CMP11,Snapchat,143,3,70,0,2026-06-29,2026-08-16
U1069,CMP11,Snapchat,229,5,119,0,2026-08-20,2026-08-30
U1069,CMP11,TikTok,223,4,114,0,2026-06-10,2026-07-15
U1076,CMP11,TikTok,211,4,87,0,2026-06-30,2026-07-21
U1089,CMP11,TikTok,122,2,64,0,2026-08-08,2026-08-30
U1090,CMP11,TikTok,171,3,78,0,2026-08-22,2026-08-27
U1104,CMP11,TikTok,200,3,64,0,2026-06-05,2026-07-02
U1106,CMP11,TikTok,240,5,79,0,2026-07-09,2026-08-28
U1115,CMP11,Snapchat,193,3,62,0,2026-07-30,2026-08-08
U1115,CMP11,TikTok,87,2,40,0,2026-06-06,2026-08-07
U1123,CMP11,Snapchat,223,4,115,0,2026-06-16,2026-06-22
U1126,CMP11,TikTok,196,4,69,0,2026-06-16,2026-08-15
U1128,CMP11,TikTok,96,1,40,0,2026-08-08,2026-08-30
U1138,CMP11,TikTok,240,4,106,0,2026-08-03,2026-08-19
U1144,CMP11,TikTok,176,3,77,0,2026-08-17,2026-08-26
U1163,CMP11,Snapchat,240,5,75,0,2026-07-19,2026-08-14
U1163,CMP11,TikTok,203,5,77,0,2026-08-26,2026-08-29
U1164,CMP11,TikTok,240,5,129,0,2026-06-13,2026-07-02
U1214,CMP11,TikTok,206,4,106,0,2026-07-01,2026-07-21
U1218,CMP11,Snapchat,240,5,112,0,2026-08-29,2026-08-29
U1227,CMP11,TikTok,124,2,64,0,2026-06-02,2026-07-16
U1231,CMP11,Snapchat,194,3,89,0,2026-08-15,2026-08-25
U1247,CMP11,Snapchat,240,4,84,0,2026-08-25,2026-08-28
U1249,CMP11,TikTok,240,4,76,0,2026-08-14,2026-08-15
U1304,CMP11,TikTok,240,5,93,0,2026-08-23,2026-08-29
U1306,CMP11,Snapchat,240,5,89,0,2026-07-04,2026-07-30
U1330,CMP11,TikTok,240,4,109,0,2026-07-28,2026-08-18
U1342,CMP11,TikTok,103,2,52,0,2026-06-09,2026-06-19
U1346,CMP11,Snapchat,134,2,60,0,2026-07-26,2026-08-01
U1348,CMP11,TikTok,218,4,66,0,2026-08-07,2026-08-25
U1351,CMP11,Snapchat,162,3,85,0,2026-06-24,2026-07-20
U1365,CMP11,Snapchat,71,2,31,0,2026-06-05,2026-06-23
U1385,CMP11,TikTok,113,2,40,0,2026-06-22,2026-06-22
U1389,CMP11,TikTok,240,4,84,0,2026-08-13,2026-08-24
U1397,CMP11,TikTok,118,3,56,0,2026-07-17,2026-08-28
U1400,CMP11,TikTok,74,1,30,0,2026-07-17,2026-08-05
U1411,CMP11,Snapchat,240,4,85,0,2026-08-30,2026-08-31
U1444,CMP11,TikTok,127,3,61,0,2026-08-11,2026-08-20
U1477,CMP11,TikTok,163,4,60,0,2026-08-07,2026-08-24
U1485,CMP11,Snapchat,157,3,75,0,2026-07-26,2026-08-25
U1489,CMP11,TikTok,240,4,115,0,2026-08-18,2026-08-25
U1490,CMP11,TikTok,168,3,77,0,2026-07-26,2026-08-28
U1503,CMP11,Snapchat,217,4,87,0,2026-08-13,2026-08-16
U1514,CMP11,Snapchat,190,3,100,0,2026-06-12,2026-06-23
U1514,CMP11,TikTok,240,5,114,0,2026-07-19,2026-08-10
U1520,CMP11,TikTok,141,3,46,0,2026-06-15,2026-07-05
U1569,CMP11,Snapchat,98,2,36,0,2026-06-05,2026-06-12
U1580,CMP11,Snapchat,197,4,80,0,2026-08-23,2026-08-30
U1580,CMP11,TikTok,240,5,99,0,2026-07-11,2026-07-19
U1593,CMP11,Snapchat,124,2,55,0,2026-07-17,2026-07-26
U1638,CMP11,TikTok,212,4,64,0,2026-07-06,2026-07-22
U1647,CMP11,TikTok,132,3,66,0,2026-08-07,2026-08-20
U1675,CMP11,Snapchat,131,3,68,1,2026-06-29,2026-08-21
U1676,CMP11,TikTok,136,3,43,0,2026-07-13,2026-07-24
U1681,CMP11,TikTok,224,4,80,0,2026-06-09,2026-06-13
U1707,CMP11,Snapchat,207,4,79,0,2026-08-17,2026-08-31
U1720,CMP11,Snapchat,240,5,126,0,2026-08-18,2026-08-21
U1735,CMP11,TikTok,240,5,124,0,2026-06-04,2026-07-26
U1754,CMP11,TikTok,128,3,68,0,2026-06-18,2026-07-20
U1777,CMP11,Snapchat,148,3,71,0,2026-08-08,2026-08-09
U1785,CMP11,Snapchat,215,4,98,0,2026-06-08,2026-06-11
U1785,CMP11,TikTok,240,5,91,0,2026-06-17,2026-08-18
U1809,CMP11,TikTok,123,2,57,0,2026-08-14,2026-08-26
U1810,CMP11,Snapchat,153,3,55,0,2026-06-19,2026-08-25
U1819,CMP11,Snapchat,240,5,93,1,2026-06-21,2026-08-04
U1860,CMP11,Snapchat,235,5,118,1,2026-08-11,2026-08-29
U1860,CMP11,TikTok,49,1,22,0,2026-07-16,2026-08-17
U1863,CMP11,Snapchat,100,2,33,0,2026-06-26,2026-06-28
U1863,CMP11,TikTok,138,3,50,0,2026-06-15,2026-06-16
U1881,CMP11,TikTok,157,3,59,1,2026-06-02,2026-08-22
U1892,CMP11,TikTok,240,4,122,0,2026-07-08,2026-08-31
U1902,CMP11,Snapchat,219,5,116,0,2026-07-27,2026-07-30
U1910,CMP11,TikTok,181,3,91,0,2026-06-01,2026-06-03
U1921,CMP11,Snapchat,199,3,83,0,2026-07-04,2026-08-15
U1923,CMP11,Snapchat,170,3,78,0,2026-07-16,2026-08-08
U1928,CMP11,TikTok,240,5,90,0,2026-06-08,2026-07-04
U1933,CMP11,Snapchat,240,4,117,0,2026-06-03,2026-08-14
U1933,CMP11,TikTok,149,3,76,0,2026-07-08,2026-07-25
U1934,CMP11,Snapchat,188,3,76,0,2026-08-20,2026-08-24
U1972,CMP11,Snapchat,240,5,89,0,2026-08-24,2026-08-30
U1978,CMP11,Snapchat,240,5,109,0,2026-08-09,2026-08-26
U1994,CMP11,TikTok,184,4,98,0,2026-08-30,2026-08-31
U0015,CMP12,Instagram,124,1,38,0,2026-08-24,2026-08-24
U0021,CMP12,X (Twitter),202,1,38,0,2026-07-02,2026-07-18
U0048,CMP12,Instagram,123,2,67,0,2026-07-24,2026-08-04
U0079,CMP12,Instagram,79,1,31,0,2026-07-10,2026-08-29
U0209,CMP12,Instagram,225,2,70,0,2026-08-30,2026-08-30
U0280,CMP12,X (Twitter),103,1,12,0,2026-08-04,2026-08-09
U0305,CMP12,Instagram,124,1,59,0,2026-07-07,2026-08-14
U0313,CMP12,Instagram,67,0,32,0,2026-07-27,2026-07-27
U0313,CMP12,X (Twitter),93,1,11,0,2026-07-12,2026-07-31
U0350,CMP12,Instagram,108,1,33,0,2026-07-04,2026-07-25
U0425,CMP12,Instagram,90,0,47,0,2026-08-30,2026-08-30
U0471,CMP12,Instagram,177,2,94,0,2026-07-07,2026-07-17
U0501,CMP12,Instagram,164,1,78,0,2026-08-22,2026-08-29
U0505,CMP12,Instagram,213,1,72,0,2026-08-28,2026-08-29
U0505,CMP12,X (Twitter),240,2,36,1,2026-08-13,2026-08-24
U0594,CMP12,Instagram,167,1,59,0,2026-08-28,2026-08-30
U0767,CMP12,Instagram,240,2,81,0,2026-07-12,2026-07-21
U0906,CMP12,Instagram,159,1,50,0,2026-07-09,2026-07-14
U1001,CMP12,Instagram,151,2,78,0,2026-07-05,2026-08-25
U1008,CMP12,Instagram,240,2,104,0,2026-08-03,2026-08-09
U1081,CMP12,Instagram,111,1,45,0,2026-07-17,2026-08-08
U1206,CMP12,Instagram,232,2,117,0,2026-07-29,2026-08-31
U1272,CMP12,Instagram,176,2,73,0,2026-08-07,2026-08-25
U1464,CMP12,X (Twitter),225,1,31,0,2026-07-23,2026-08-15
U1466,CMP12,Instagram,116,2,35,0,2026-08-04,2026-08-04
U1466,CMP12,X (Twitter),144,2,25,0,2026-07-09,2026-07-27
U1536,CMP12,Instagram,149,1,57,0,2026-07-15,2026-08-24
U1581,CMP12,Instagram,72,0,33,0,2026-07-31,2026-08-19
U1611,CMP12,Instagram,82,1,38,0,2026-08-27,2026-08-28
U1611,CMP12,X (Twitter),218,2,34,0,2026-08-08,2026-08-18
U1612,CMP12,Instagram,177,1,78,0,2026-07-10,2026-08-08
U1802,CMP12,X (Twitter),137,1,13,0,2026-07-08,2026-07-12
U1905,CMP12,Instagram,240,1,95,0,2026-07-04,2026-08-04
U1999,CMP12,Instagram,74,1,23,0,2026-07-03,2026-08-29
